cluster,amplitude,duration,fwhm,rise_time,decay_time,auc,snr,amplitude_std,duration_std,fwhm_std,rise_time_std,decay_time_std,auc_std,snr_std,count
0,0.41093657064974626,8.783291910526739,4.106150382750954,4.141184959512547,4.642106951014191,2.5110180527081347,4.751838556943651,0.2998091365361277,5.187374565004754,4.73473566573579,3.2628879667808888,3.81527395881334,2.2168706011178454,2.761552174592185,12473
1,2.1639539573969118,10.086183310533515,11.671571496585491,4.4589603283173735,5.627222982216142,17.13389991694352,16.63430485424344,1.0327847973843605,7.479158397664343,21.771473144671685,4.921494407224453,5.132324086675473,10.467131342154058,7.6576917237288855,1462
