cluster,amplitude,duration,fwhm,rise_time,decay_time,auc,snr,amplitude_std,duration_std,fwhm_std,rise_time_std,decay_time_std,auc_std,snr_std,count
0,0.8907317720829825,95.66338582677166,34.643900240824046,34.99212598425197,60.67125984251968,43.45607043667382,11.733553558017363,0.626126516885068,60.867681351350186,36.94849042666409,33.65839437409462,56.3291275648432,28.83347399303046,5.968522690609254,508
1,2.0478850154196753,251.34146341463415,75.01923265519979,83.60365853658537,167.7378048780488,157.20398271221356,16.569675398573473,1.412108931207318,152.0853182825649,59.002702726619944,83.96242359228354,145.28710154348354,86.04691988250538,10.680444033158405,164
