cluster,amplitude,duration,fwhm,rise_time,decay_time,auc,snr,amplitude_std,duration_std,fwhm_std,rise_time_std,decay_time_std,auc_std,snr_std,count
0,0.5224026336724503,11.90246516613076,6.598883470968644,5.190782422293676,6.711682743837085,4.670865014475869,6.4022134392973005,0.370785828825374,6.305978485230666,9.735216045293743,3.7631846564841323,5.053486581567153,3.731879759412665,3.407111126525719,5598
1,2.4074946107793957,13.59810554803789,18.53889603622229,5.658998646820027,7.939106901217862,27.576778904578827,19.357128575380518,1.0463064210033484,6.185440259426702,30.46451349187664,3.9806557417270465,4.749306012711522,19.56140155240667,8.556756335440276,739
2,0.5469319703525665,54.38333333333333,15.16428097694822,42.78333333333333,11.6,11.126069163692256,5.375166366581336,0.5697138649363654,21.43909670446697,15.120610359198567,17.682075330842213,11.941208842460082,9.577494057402205,3.8314261941712804,240
3,0.4076121818181829,70.0,9.55291089280479,7.178181818181818,62.82181818181818,13.2729807136046,3.73491042216921,0.23700049833385148,31.514334590334183,18.101933364507346,7.195971371637055,29.901558017344712,10.203815735648305,0.8840353968547826,275
