cluster,amplitude,duration,fwhm,rise_time,decay_time,auc,snr,amplitude_std,duration_std,fwhm_std,rise_time_std,decay_time_std,auc_std,snr_std,count
0,0.5179308508737929,9.203609767606464,4.32394086448281,4.274743423380913,4.928866344225551,3.340786681609059,6.041033498985912,0.34975520482208877,4.935073613836655,5.641582587105094,3.242792904938751,3.6387437611382167,2.6696412243921586,3.0112331232025573,8477
1,2.373005762917933,9.337021276595745,11.920601369539348,4.061276595744681,5.275744680851064,18.603970785410333,17.88493373033592,1.0173422070076188,3.819226396518064,22.948472016505924,2.9275156024016797,2.5990855952333414,10.81119384776665,7.734942273259114,1175
2,0.5396128784648186,51.353233830845774,7.623351646365151,20.915422885572138,30.437810945273633,11.858248813077468,4.3012373149576595,0.49790292532579233,29.456584595806845,8.914003448843498,24.416845722935427,28.538941557475926,12.22599371637911,2.7265426623604276,402
