cluster,amplitude,duration,fwhm,rise_time,decay_time,auc,snr,amplitude_std,duration_std,fwhm_std,rise_time_std,decay_time_std,auc_std,snr_std,count
0,0.4922727093894201,77.37047101449275,31.28793198100927,31.179347826086957,46.1911231884058,20.82624619767089,6.618900066179177,0.35759824810678037,51.31837126010265,34.358018989035315,33.75331136678921,45.92706458192864,15.710658495891444,4.160831368605938,1104
1,2.326195828879319,106.08947368421053,66.30138698151153,43.71578947368421,62.373684210526314,127.11687547930944,19.20802840142219,1.0929535884196626,75.65759259441081,56.19972924046018,44.25519146490789,64.7249969466281,70.83272684583633,10.064576828925581,190
