cluster,amplitude,duration,fwhm,rise_time,decay_time,auc,snr,amplitude_std,duration_std,fwhm_std,rise_time_std,decay_time_std,auc_std,snr_std,count
0,2.6950876478657233,68.23185988323603,35.54838798608839,24.306088407005838,43.92577147623019,113.62535009048435,9.837481722275,0.5633605757551008,37.25815215892416,30.949874458321617,18.71173704213697,34.22739427587224,36.27119777088581,3.996859915613839,1199
1,1.6758401176836757,287.4852941176471,56.52310329553776,164.13235294117646,123.3529411764706,181.46627071492844,4.82657530696686,0.8886306585379783,117.96527349461142,61.61249480143227,76.01137079347686,152.55982577002885,106.90279900994955,2.2410645300115943,68
2,1.4248248912940513,48.498174230568594,18.818312706597727,17.84402712571727,30.65414710485133,46.8412984472353,5.267285332876005,0.4989099996720203,26.47480035951355,19.516512931093878,13.535007654524314,23.413320124534312,22.737412228180695,1.7459349619586981,1917
3,1.4108467649030954,145.87668161434976,33.570377606505275,42.053811659192824,103.82286995515695,94.92778679048956,4.485732693114673,0.5536933374889357,61.3990853331716,32.407304778890484,33.92048562431214,71.59331157522082,52.15472007592606,1.419892937069452,446
4,3.9250145454150847,93.50948509485094,103.66683021959929,35.10840108401084,58.40108401084011,213.83795139799614,16.60318601838554,0.9279267947910304,52.893407393153126,72.74737055461318,30.347339971741064,45.14832558544729,72.66060607179375,8.052659171616195,369
