cluster,amplitude,duration,fwhm,rise_time,decay_time,auc,snr,amplitude_std,duration_std,fwhm_std,rise_time_std,decay_time_std,auc_std,snr_std,count
0,2.3910609402524505,168.98823529411766,64.43084513829379,51.1764705882353,117.81176470588235,182.0674224725153,8.83339794666905,0.6752631896519589,56.86397598397321,41.064288066479136,39.62267763078428,60.50452445058632,64.11250168002903,3.643436490171051,85
1,2.2112407024174745,73.58441558441558,28.827266154755282,27.571428571428573,46.01298701298701,98.43567996290261,9.117708352615765,0.6940693605890782,30.3983791489774,23.484690936951434,15.005818977136942,31.865933828021685,40.513274016557915,4.077958195745751,154
2,2.0756468862639856,217.3,57.12763650059266,51.65,165.65,200.03095655684453,6.164038432367575,0.7750942130302845,67.64699394262604,50.61522407424581,39.05229287695369,83.6592556303938,95.03198382166303,1.418715626692091,20
3,4.052217730596598,105.57894736842105,114.1496523893621,38.421052631578945,67.15789473684211,269.14042863831935,22.580336219403065,0.9173271877346244,48.589000580827026,91.24945458770678,21.93981000733358,45.93698691596232,102.98193238212481,8.174506764335929,57
4,3.9968093890679945,585.0,56.90584217175892,74.75,510.25,593.1287358072311,10.833500842426458,1.6177296863717092,98.36666101886351,18.95350919464743,56.39370532249144,151.25557840952513,113.95714532864676,6.412543228471505,4
