cluster,amplitude,duration,fwhm,rise_time,decay_time,auc,snr,amplitude_std,duration_std,fwhm_std,rise_time_std,decay_time_std,auc_std,snr_std,count
0,2.298655051960401,166.712,74.84782100696624,40.248,126.464,183.18763157676273,8.763474512709248,0.685761663988267,48.276224028517525,49.64575834445094,20.10803723117506,41.69310765350132,72.18946705229592,4.873612250443515,125
1,1.5091215842232948,213.45454545454547,86.29624878842048,50.0,163.45454545454547,166.91684598032947,4.490961751950258,0.6772581287592888,73.73108386069424,42.73700810311838,18.14386948806676,65.64962092253639,115.24123473431594,0.8033985178106787,11
2,1.7091763656883825,83.08490566037736,37.11725487363434,25.9811320754717,57.10377358490566,81.55281963979195,6.43438582942647,0.6582686383127216,22.054528926764483,20.010078489845284,6.906147892001694,18.836605318107424,38.75798239687494,3.773875411485903,106
3,4.691308607477682,200.96296296296296,120.82607584251467,47.666666666666664,153.2962962962963,442.9586069161931,22.7443092949429,1.0459055283912024,78.71588710794589,67.40034163094934,27.072552094752293,62.88378463777741,95.17540996836928,9.488274727564312,27
