cluster,mean,median,std,min,max
0,0.0,0.0,0.0,0,0
1,0.0,0.0,0.0,0,0
2,1.1,1.0,0.3077935056255462,1,2
3,0.0,0.0,0.0,0,0
4,1.75,1.5,1.707825127659933,0,4
