cluster,mean,median,std,min,max
0,0.0,0.0,0.0,0,0
1,1.4067796610169492,1.0,1.0095165975817793,0,8
