cluster,mean,median,std,min,max
0,0.0,0.0,0.0,0,0
1,2.7941176470588234,3.0,1.8001560755668802,0,8
2,0.0,0.0,0.0,0,0
3,1.248878923766816,1.0,0.5754811166708094,0,3
4,0.0,0.0,0.0,0,0
