{
    "topology_metrics": {
        "degree_centrality": {
            "n1": 0.3220338983050847,
            "n2": 0.15254237288135594,
            "n3": 0.4406779661016949,
            "n4": 0.3728813559322034,
            "n5": 0.4915254237288136,
            "n6": 0.4576271186440678,
            "n7": 0.4576271186440678,
            "n8": 0.2711864406779661,
            "n9": 0.3728813559322034,
            "n10": 0.23728813559322035,
            "n12": 0.22033898305084745,
            "n13": 0.6271186440677966,
            "n14": 0.6271186440677966,
            "n15": 0.423728813559322,
            "n16": 0.3220338983050847,
            "n17": 0.0847457627118644,
            "n18": 0.4406779661016949,
            "n20": 0.3389830508474576,
            "n21": 0.4406779661016949,
            "n22": 0.22033898305084745,
            "n23": 0.3898305084745763,
            "n24": 0.3050847457627119,
            "n25": 0.2542372881355932,
            "n26": 0.22033898305084745,
            "n27": 0.1864406779661017,
            "n28": 0.3728813559322034,
            "n29": 0.1016949152542373,
            "n30": 0.288135593220339,
            "n31": 0.3050847457627119,
            "n32": 0.4745762711864407,
            "n33": 0.3898305084745763,
            "n34": 0.3728813559322034,
            "n35": 0.288135593220339,
            "n36": 0.3898305084745763,
            "n37": 0.4406779661016949,
            "n38": 0.4067796610169492,
            "n39": 0.23728813559322035,
            "n40": 0.13559322033898305,
            "n41": 0.4745762711864407,
            "n42": 0.4745762711864407,
            "n43": 0.22033898305084745,
            "n44": 0.4576271186440678,
            "n45": 0.2542372881355932,
            "n46": 0.11864406779661017,
            "n47": 0.288135593220339,
            "n48": 0.4067796610169492,
            "n49": 0.23728813559322035,
            "n50": 0.4915254237288136,
            "n51": 0.11864406779661017,
            "n52": 0.1694915254237288,
            "n53": 0.288135593220339,
            "n54": 0.1694915254237288,
            "n55": 0.3220338983050847,
            "n56": 0.1694915254237288,
            "n57": 0.3898305084745763,
            "n58": 0.5423728813559322,
            "n59": 0.288135593220339,
            "n60": 0.2033898305084746,
            "n61": 0.2711864406779661,
            "n62": 0.288135593220339
        },
        "betweenness_centrality": {
            "n1": 0.02566504054868037,
            "n2": 0.006322790832989626,
            "n3": 0.022770291828706737,
            "n4": 0.008720424820380848,
            "n5": 0.01497133840028806,
            "n6": 0.03253825595061387,
            "n7": 0.010445550646059603,
            "n8": 0.017687065955624498,
            "n9": 0.008931174706477077,
            "n10": 0.0055543757439891935,
            "n12": 0.012968627926045292,
            "n13": 0.03324982365899675,
            "n14": 0.029295919536275316,
            "n15": 0.024229197184588692,
            "n16": 0.01613465598054014,
            "n17": 0.0012640595689393868,
            "n18": 0.014153725969809667,
            "n20": 0.007849147727193412,
            "n21": 0.01413046655169282,
            "n22": 0.01435154125164439,
            "n23": 0.02209301419172788,
            "n24": 0.007929814845545063,
            "n25": 0.0075977809886907145,
            "n26": 0.011195132210719301,
            "n27": 0.006591651848259344,
            "n28": 0.012898043666413811,
            "n29": 0.00037479242622433733,
            "n30": 0.008587145580155582,
            "n31": 0.011470719511299412,
            "n32": 0.0134471948766327,
            "n33": 0.009220185261483969,
            "n34": 0.009852455691057698,
            "n35": 0.006232346250988147,
            "n36": 0.017144420786904046,
            "n37": 0.018849507604748,
            "n38": 0.00693583823095091,
            "n39": 0.012444669429623561,
            "n40": 0.00045703127964963146,
            "n41": 0.026826043569322673,
            "n42": 0.017349809144113434,
            "n43": 0.003830865954075059,
            "n44": 0.012098048607045222,
            "n45": 0.0019224480029201901,
            "n46": 0.003941146083358733,
            "n47": 0.005639934692081022,
            "n48": 0.008539736610177819,
            "n49": 0.002106159875352298,
            "n50": 0.013989594805826176,
            "n51": 0.003219132764736577,
            "n52": 0.010404731650930654,
            "n53": 0.01397654757117193,
            "n54": 0.006832343884718582,
            "n55": 0.021366690727887692,
            "n56": 0.0012432349858045857,
            "n57": 0.014557149012857446,
            "n58": 0.024353176975122917,
            "n59": 0.0206684735291759,
            "n60": 0.003342825631226403,
            "n61": 0.007833072994093217,
            "n62": 0.007815068746696045
        },
        "clustering_coefficient": {
            "n1": 0.3391812865497076,
            "n2": 0.3888888888888889,
            "n3": 0.4707692307692308,
            "n4": 0.5930735930735931,
            "n5": 0.5665024630541872,
            "n6": 0.48717948717948717,
            "n7": 0.6096866096866097,
            "n8": 0.25833333333333336,
            "n9": 0.6060606060606061,
            "n10": 0.6703296703296703,
            "n12": 0.3333333333333333,
            "n13": 0.47297297297297297,
            "n14": 0.4924924924924925,
            "n15": 0.46,
            "n16": 0.47368421052631576,
            "n17": 0.4,
            "n18": 0.5476923076923077,
            "n20": 0.5789473684210527,
            "n21": 0.56,
            "n22": 0.41025641025641024,
            "n23": 0.4901185770750988,
            "n24": 0.5032679738562091,
            "n25": 0.47619047619047616,
            "n26": 0.3076923076923077,
            "n27": 0.41818181818181815,
            "n28": 0.5108225108225108,
            "n29": 0.6666666666666666,
            "n30": 0.5882352941176471,
            "n31": 0.42483660130718953,
            "n32": 0.5396825396825397,
            "n33": 0.5849802371541502,
            "n34": 0.5887445887445888,
            "n35": 0.5661764705882353,
            "n36": 0.5098814229249012,
            "n37": 0.5261538461538462,
            "n38": 0.6521739130434783,
            "n39": 0.45054945054945056,
            "n40": 0.7142857142857143,
            "n41": 0.48148148148148145,
            "n42": 0.5317460317460317,
            "n43": 0.5641025641025641,
            "n44": 0.5897435897435898,
            "n45": 0.7238095238095238,
            "n46": 0.2857142857142857,
            "n47": 0.5882352941176471,
            "n48": 0.5978260869565217,
            "n49": 0.7252747252747253,
            "n50": 0.5788177339901478,
            "n51": 0.3333333333333333,
            "n52": 0.3111111111111111,
            "n53": 0.5,
            "n54": 0.3333333333333333,
            "n55": 0.4678362573099415,
            "n56": 0.6888888888888889,
            "n57": 0.5573122529644269,
            "n58": 0.5141129032258065,
            "n59": 0.3897058823529412,
            "n60": 0.5606060606060606,
            "n61": 0.5166666666666667,
            "n62": 0.5588235294117647
        },
        "average_clustering": 0.5106084368299638,
        "average_shortest_path_length": 1.7118644067796611,
        "modularity": -2.9300836496438276e-05,
        "communities": {
            "n1": 0,
            "n10": 0,
            "n12": 0,
            "n13": 0,
            "n14": 0,
            "n15": 0,
            "n16": 0,
            "n18": 0,
            "n2": 0,
            "n20": 0,
            "n21": 0,
            "n22": 0,
            "n23": 0,
            "n24": 0,
            "n25": 0,
            "n26": 0,
            "n27": 0,
            "n28": 0,
            "n29": 0,
            "n3": 0,
            "n30": 0,
            "n31": 0,
            "n32": 0,
            "n33": 0,
            "n34": 0,
            "n35": 0,
            "n36": 0,