cluster,mean,median,std,min,max
0,0.0,0.0,0.0,0,0
1,0.0,0.0,0.0,0,0
2,1.219895287958115,1.0,0.6137719442148668,1,5
3,0.0,0.0,0.0,0,0
