{
    "topology_metrics": {
        "node_count": 52,
        "edge_count": 639,
        "average_degree": 24.576923076923077,
        "degree_centrality": {
            "n1": 0.5686274509803921,
            "n2": 0.5294117647058824,
            "n3": 0.3137254901960784,
            "n4": 0.7254901960784313,
            "n5": 0.7450980392156863,
            "n6": 0.3333333333333333,
            "n7": 0.6862745098039216,
            "n8": 0.29411764705882354,
            "n9": 0.1568627450980392,
            "n10": 0.3529411764705882,
            "n11": 0.5294117647058824,
            "n12": 0.5294117647058824,
            "n13": 0.6862745098039216,
            "n14": 0.6470588235294118,
            "n15": 0.6274509803921569,
            "n16": 0.5882352941176471,
            "n17": 0.6274509803921569,
            "n18": 0.1568627450980392,
            "n19": 0.5490196078431373,
            "n20": 0.09803921568627451,
            "n21": 0.5490196078431373,
            "n22": 0.5882352941176471,
            "n23": 0.6666666666666666,
            "n24": 0.7450980392156863,
            "n25": 0.7647058823529411,
            "n26": 0.4117647058823529,
            "n27": 0.5686274509803921,
            "n28": 0.29411764705882354,
            "n29": 0.23529411764705882,
            "n30": 0.3137254901960784,
            "n31": 0.43137254901960786,
            "n32": 0.1568627450980392,
            "n33": 0.6862745098039216,
            "n34": 0.6666666666666666,
            "n35": 0.7254901960784313,
            "n36": 0.47058823529411764,
            "n37": 0.5294117647058824,
            "n38": 0.058823529411764705,
            "n39": 0.6274509803921569,
            "n40": 0.5098039215686274,
            "n41": 0.6274509803921569,
            "n42": 0.49019607843137253,
            "n43": 0.7450980392156863,
            "n44": 0.3137254901960784,
            "n45": 0.27450980392156865,
            "n46": 0.3137254901960784,
            "n47": 0.11764705882352941,
            "n48": 0.6274509803921569,
            "n49": 0.13725490196078433,
            "n50": 0.4117647058823529,
            "n51": 0.6078431372549019,
            "n52": 0.6470588235294118
        },
        "betweenness_centrality": {
            "n1": 0.014485168323843814,
            "n2": 0.007628449070577298,
            "n3": 0.013195501180724663,
            "n4": 0.03727555640346181,
            "n5": 0.016409846790260498,
            "n6": 0.0044980073960178505,
            "n7": 0.010130777488791478,
            "n8": 0.0069529747350482824,
            "n9": 0.0013648197637735754,
            "n10": 0.024127212097266072,
            "n11": 0.004498268875455492,
            "n12": 0.04185045932495959,
            "n13": 0.021492688378892687,
            "n14": 0.005474844048439266,
            "n15": 0.01519077938830016,
            "n16": 0.014439047074093953,
            "n17": 0.009500518917470583,
            "n18": 0.004059183689899054,
            "n19": 0.010257786233079517,
            "n20": 0.00029123414071510956,
            "n21": 0.004080449934679474,
            "n22": 0.01468013156856786,
            "n23": 0.007850018391423389,
            "n24": 0.0147034649834545,
            "n25": 0.026814257550241145,
            "n26": 0.005801146755640748,
            "n27": 0.010997831069023498,
            "n28": 0.01237860051035255,
            "n29": 0.0022387916509324663,
            "n30": 0.010373954207641964,
            "n31": 0.003921445094091242,
            "n32": 0.002761316312399904,
            "n33": 0.025186092207611012,
            "n34": 0.007713825116847985,
            "n35": 0.020452711326697563,
            "n36": 0.01247541480731048,
            "n37": 0.002617380974437185,
            "n38": 7.843137254901961e-05,
            "n39": 0.004745774642899271,
            "n40": 0.006482287544438141,
            "n41": 0.01870393179612021,
            "n42": 0.006782768433963272,
            "n43": 0.015873481770663053,
            "n44": 0.0023376077641238816,
            "n45": 0.007524133326023752,
            "n46": 0.0030312273932963586,
            "n47": 0.001735690235690236,
            "n48": 0.007821556214959032,
            "n49": 0.003523552789222991,
            "n50": 0.01312916951508641,
            "n51": 0.004289112438961946,
            "n52": 0.012634064077617921
        },
        "clustering_coefficient": {
            "n1": 0.6699507389162561,
            "n2": 0.8490028490028491,
            "n3": 0.49166666666666664,
            "n4": 0.6516516516516516,
            "n5": 0.6842105263157895,
            "n6": 0.7205882352941176,
            "n7": 0.7428571428571429,
            "n8": 0.6095238095238096,
            "n9": 0.39285714285714285,
            "n10": 0.3660130718954248,
            "n11": 0.8205128205128205,
            "n12": 0.5213675213675214,
            "n13": 0.6605042016806723,
            "n14": 0.7973484848484849,
            "n15": 0.7419354838709677,
            "n16": 0.6528735632183909,
            "n17": 0.7379032258064516,
            "n18": 0.39285714285714285,
            "n19": 0.7301587301587301,
            "n20": 0.6,
            "n21": 0.8148148148148148,
            "n22": 0.7103448275862069,
            "n23": 0.7647058823529411,
            "n24": 0.6955903271692745,
            "n25": 0.659919028340081,
            "n26": 0.7476190476190476,
            "n27": 0.7832512315270936,
            "n28": 0.45714285714285713,
            "n29": 0.6060606060606061,
            "n30": 0.7,
            "n31": 0.8354978354978355,
            "n32": 0.5357142857142857,
            "n33": 0.6991596638655462,
            "n34": 0.7664884135472371,
            "n35": 0.6546546546546547,
            "n36": 0.7028985507246377,
            "n37": 0.8632478632478633,
            "n38": 0.6666666666666666,
            "n39": 0.8104838709677419,
            "n40": 0.7784615384615384,
            "n41": 0.657258064516129,
            "n42": 0.75,
            "n43": 0.6856330014224751,
            "n44": 0.8666666666666667,
            "n45": 0.5714285714285714,
            "n46": 0.75,
            "n47": 0.5333333333333333,
            "n48": 0.7762096774193549,
            "n49": 0.3333333333333333,
            "n50": 0.6952380952380952,
            "n51": 0.821505376344086,
            "n52": 0.7386363636363636
        },
        "average_clustering": 0.6781874511269493,
        "is_connected": true,
        "average_shortest_path_length": 1.5354449472096532,
        "diameter": 3,
        "communities": {
            "n1": 0,
            "n10": 0,
            "n11": 0,
            "n12": 0,
            "n13": 0,
            "n14": 0,
            "n15": 0,
            "n16": 0,
            "n17": 0,
            "n18": 0,
            "n19": 0,
            "n2": 0,
            "n20": 0,
            "n21": 0,
            "n22": 0,
            "n23": 0,
            "n24": 0,
            "n25": 0,
            "n26": 0,
            "n27": 0,
            "n28": 0,
            "n29": 0,
            "n3": 0,
            "n30": 0,
            "n31": 0,
            "n32": 0,
            "n33": 0,
            "n34": 0,
            "n35": 0,
            "n36": 0,
            "n37": 0,
            "n39": 0,
            "n4": 0,
            "n40": 0,
            "n41": 0,
            "n42": 0,
            "n43": 0,
            "n44": 0,
            "n45": 0,
            "n46": 0,
            "n47": 0,
            "n48": 0,
            "n49": 0,
            "n5": 0,
            "n50": 0,
            "n51": 0,
            "n52": 0,
            "n6": 0,
            "n7": 0,
            "n8": 0,
            "n9": 0,
            "n38": 1
        },
        "number_of_communities": 2,
        "modularity": -9.334279249186953e-06,
        "density": 0.4819004524886878,
        "average_neighbor_degree": {
            "n1": 28.24137931034483,
            "n2": 31.296296296296298,
            "n3": 22.9375,