cluster,amplitude,duration,fwhm,rise_time,decay_time,auc,snr,amplitude_std,duration_std,fwhm_std,rise_time_std,decay_time_std,auc_std,snr_std,count
0,2.046223526079231,109.60232350312779,48.023392120722185,31.16532618409294,78.43699731903486,137.09884416473938,7.470272866423926,0.6104231715475518,46.26044371722918,32.17765474361178,12.416389950626995,39.95622949891689,64.52905866350785,2.999582672802796,1119
1,3.637692563911113,139.28692699490662,88.69890465153347,36.926994906621395,102.35993208828523,303.1206788108749,16.979335220461525,0.7814166501447382,44.882812441015886,65.5225791188264,13.802288382493364,40.31554312771258,101.87284247132843,7.628103300208485,589
2,1.8774982644958842,241.6734693877551,59.23827609297923,48.142857142857146,193.53061224489795,228.87740978696752,5.078200456973072,0.5453796206412737,136.85460468369067,58.76009246485503,32.56979684718139,122.04082343639777,143.92300197729728,1.0544625590871772,49
3,3.236778269736018,311.4868421052632,132.63000558455582,60.64473684210526,250.8421052631579,477.81031051362015,12.304300803052797,0.8687347731592668,96.35024582303869,85.40115681926092,36.34200150650381,94.49635369954072,166.24049708112847,6.080422977770529,228
