cluster,amplitude,duration,fwhm,rise_time,decay_time,auc,snr,amplitude_std,duration_std,fwhm_std,rise_time_std,decay_time_std,auc_std,snr_std,count
0,1.6920886612600847,95.45961069395955,40.160032152428734,30.8393514754412,64.62025921851834,101.15315391357922,5.748634400823602,0.5837939617966769,41.790572362762745,30.805556581792374,14.120105269152683,36.183643643489376,53.41191079867075,2.2913189519677752,5974
1,2.902401879867166,546.607460035524,127.30898822387186,110.73585384420198,435.87160619132203,633.9401211789342,9.979430756701785,1.2536610232155148,147.57186832732827,81.5577001531811,86.07285239884132,161.6658905434125,297.94225032258043,5.986944550799804,563
2,3.675188809060844,136.39768604765175,84.86696897519776,37.80615746641828,98.59152858123346,318.7947639019103,13.107940655071342,0.8204039963625595,62.55684560005898,81.70494531122709,19.106563476729264,56.311633853769784,153.62599588757624,6.7986054302592125,2914
3,2.213060779254881,270.1766004415011,82.62861964526603,66.958688111006,203.21791233049512,305.3996449273144,7.221767419323354,0.8277008569333653,60.35082426560248,56.00787571148788,38.125334110537835,68.35442766709801,154.82122529681206,3.752690394248225,2265
