cluster,amplitude,duration,fwhm,rise_time,decay_time,auc,snr,amplitude_std,duration_std,fwhm_std,rise_time_std,decay_time_std,auc_std,snr_std,count
0,3.5546406547720917,272.7239057239057,127.46192730873989,55.831649831649834,216.8922558922559,469.9821616303207,15.154044217658473,1.1137312230843424,89.72671271078065,79.61123996072064,29.431297834130454,89.25208287728807,150.9116703653547,8.963945771062559,297
1,3.2131705091265212,134.17997750281214,83.03682177092728,35.79527559055118,98.38470191226097,252.92966712019862,13.753078381202247,0.8144723812236718,42.23850666743547,59.003523326709825,13.39199119269688,38.87098132448401,72.61919087798381,6.839261081473646,889
2,1.8573097887979702,89.8208722741433,38.438749104475335,26.661993769470406,63.1588785046729,104.67064139058844,6.523649736363896,0.6357413612623004,35.07380927606957,24.795148565813108,9.6374377703737,30.444890206091834,48.295153648299454,2.658089660461489,1284
3,1.516376266938162,195.13953488372093,45.54626921770408,37.116279069767444,158.02325581395348,152.28593872286618,4.369939471505949,0.48300409683566503,114.3440050681128,28.915021658899867,30.106326895826413,96.73638414639403,118.08406832105044,0.9066397522318055,43
