cluster,amplitude,duration,fwhm,rise_time,decay_time,auc,snr,amplitude_std,duration_std,fwhm_std,rise_time_std,decay_time_std,auc_std,snr_std,count
0,3.8164844702800793,101.6655562958028,99.05254180498856,43.55762824783478,58.107928047968024,239.58300642676863,17.985824349530102,0.8460935037577213,44.6473747586611,79.08647009965772,29.54122842352771,37.15734575788237,89.73610596854459,7.318312689426459,1501
1,2.124605114423275,78.81313131313131,32.360466617191236,29.140495867768596,49.672635445362715,102.21195385616521,8.138271161344568,0.6401668377349464,36.80152460554463,29.863581618781605,20.07357315084268,34.94146385377363,43.83742275989875,2.9724439159732805,4356
2,2.120871752316611,257.0801886792453,54.54511794777557,61.965408805031444,195.11477987421384,237.46977562232104,6.3177986997592015,0.7144376445207936,143.0344758307759,51.61992833836209,63.48834897135228,148.17081343651878,145.06711588903997,1.6030211742471057,636
3,2.6550724977443756,233.40751730959445,73.69360164226286,56.92383778437191,176.48367952522256,252.36114258299077,8.76411932110482,0.7398004875299903,86.21953388091367,50.736572203429255,49.70111793779622,96.7368098344303,94.56159317759072,3.4856567802016674,1011
