cluster,amplitude,duration,fwhm,rise_time,decay_time,auc,snr,amplitude_std,duration_std,fwhm_std,rise_time_std,decay_time_std,auc_std,snr_std,count
0,3.864270623721777,281.7117117117117,136.44504678994295,56.22522522522522,225.48648648648648,521.7525884310861,17.01474877920221,1.012458588783397,98.58591928934202,80.55508993792425,31.055834897338755,96.60741705080582,130.1206014949743,9.052942101053489,222
1,3.6782044291993072,115.15071283095723,83.01949094843002,31.065173116089614,84.08553971486762,267.2521805421516,17.942457314845004,0.7599197374723241,34.75115171342099,66.73672114115347,9.34420200677612,32.79722509827454,85.13881042972122,6.603483077131622,491
2,2.4567543571144164,175.7628083491461,81.65569504826082,44.833017077798864,130.92979127134726,236.17449250971302,8.063471756544793,0.6320062514301439,46.10612141182455,50.72065261351086,17.152043493794427,47.12636524183592,72.038382896685,2.916147950097174,527
3,1.516376266938162,195.13953488372093,45.54626921770408,37.116279069767444,158.02325581395348,152.28593872286618,4.369939471505949,0.48300409683566503,114.3440050681128,28.915021658899867,30.106326895826413,96.73638414639403,118.08406832105044,0.9066397522318055,43
4,1.901176119101618,84.47886178861789,38.16695860302153,25.427642276422763,59.051219512195125,103.51416812118788,6.7212469014257845,0.6574278533740893,27.886626079211805,25.768745699192806,7.631838803143696,24.66058897580571,48.21739390003944,2.7457964268031203,1230
