cluster,amplitude,duration,fwhm,rise_time,decay_time,auc,snr,amplitude_std,duration_std,fwhm_std,rise_time_std,decay_time_std,auc_std,snr_std,count
0,2.8825865760273603,132.6733193277311,72.0093023819406,35.456932773109244,97.21638655462185,227.7069926592258,11.479854189497747,0.4306750422704873,58.36333675423511,58.874699951484054,15.246803607157256,52.15208109897932,80.09925112972584,5.515023703515232,952
1,4.168408718545642,232.90432098765433,120.13718799512652,51.23456790123457,181.66975308641975,469.42640307136384,18.385451400621296,0.8235988020622206,117.51906549690172,76.1753181787531,31.0064495857198,106.51219299059801,149.25294142985214,8.461049540679713,324
2,1.8774982644958842,241.6734693877551,59.23827609297923,48.142857142857146,193.53061224489795,228.87740978696752,5.078200456973072,0.5453796206412737,136.85460468369067,58.76009246485503,32.56979684718139,122.04082343639777,143.92300197729728,1.0544625590871772,49
3,1.6295812820292161,112.02727272727273,43.5517683607449,30.44848484848485,81.57878787878788,109.12306913689282,6.484449883747114,0.4385508973863514,59.83459128506052,28.297115910506243,13.600480247079943,52.776864485607454,59.34382622959642,2.658096416444172,660
