cluster,amplitude,duration,fwhm,rise_time,decay_time,auc,snr,amplitude_std,duration_std,fwhm_std,rise_time_std,decay_time_std,auc_std,snr_std,count
0,3.8878521761744107,162.8443579766537,106.15155852161895,41.688715953307394,121.1556420233463,374.5425030998975,21.0394951632082,0.7662606193245031,49.74865632289834,75.5640095115312,15.532362545196035,45.920352850711545,112.1639905555743,7.723551748880899,257
1,3.3377625501554737,374.5432098765432,143.63084713054923,74.61728395061728,299.9259259259259,566.0855579592996,13.518155981191725,0.8126376855664006,119.37815580767965,79.5956155036125,42.52337841507792,121.61340619318052,191.61754631538193,5.981538687569545,162
2,2.3403608562441676,314.46666666666664,74.8664665756552,70.0,244.46666666666667,347.66470408154765,7.0215788739517455,0.6523549951256857,202.30597061660447,64.0710250667253,66.60433868025777,157.00642054372818,224.21277656344486,1.7868408914264104,30
3,2.4762864466940404,136.73025335320418,55.789483167630266,37.804769001490314,98.92548435171386,196.23603141735342,9.800053361536602,0.6159146568108799,55.96745023988162,33.692834970768864,15.40689052762244,49.381794249599984,80.27006357486654,3.542600043554107,671
