cluster,mean,median,std,min,max
0,0.0,0.0,0.0,0,0
1,0.0,0.0,0.0,0,0
2,1.0666666666666667,1.0,0.2537081317024625,1,2
3,0.0,0.0,0.0,0,0
