cluster,mean,median,std,min,max
0,0.0,0.0,0.0,0,0
1,0.0,0.0,0.0,0,0
2,1.0612244897959184,1.0,0.4285714285714287,1,4
3,0.0,0.0,0.0,0,0
