cluster,mean,median,std,min,max
0,0.0,0.0,0.0,0,0
1,0.0,0.0,0.0,0,0
2,0.0,0.0,0.0,0,0
3,1.1395348837209303,1.0,0.5155392622264672,1,4
