cluster,mean,median,std,min,max
0,0.0,0.0,0.0,0,0
1,0.0,0.0,0.0,0,0
2,1.2531446540880504,1.0,0.6377170289113364,1,5
3,0.0,0.0,0.0,0,0
