cluster,mean,median,std,min,max
0,0.0,0.0,0.0,0,0
1,1.3654580152671756,1.0,0.8333025286489836,1,9
2,0.0,0.0,0.0,0,0
3,0.43859649122807015,0.0,1.2312744568150737,0,9
