cluster,amplitude,duration,fwhm,rise_time,decay_time,auc,snr,amplitude_std,duration_std,fwhm_std,rise_time_std,decay_time_std,auc_std,snr_std,count
0,1.5898583937120025,166.9497487437186,42.09135140301132,67.0251256281407,99.92462311557789,122.18970656622606,4.56920405698547,0.6958485610070252,97.15335938522941,44.81440395074083,61.42231993108417,88.57775986191578,89.36241198825827,2.22016571702245,199
1,2.112020167853707,53.797284190106694,33.57706856136539,22.708050436469446,31.089233753637245,80.54748477743075,7.5643256355200545,1.0479205734610428,28.64514449774739,44.04503026934972,17.13263856093362,23.046129142253413,58.80523734140423,4.890029569225577,1031
