cluster,mean,median,std,min,max
0,1.5376884422110553,1.0,1.2132836667395033,0,8
1,0.0,0.0,0.0,0,0
