cluster,amplitude,duration,fwhm,rise_time,decay_time,auc,snr,amplitude_std,duration_std,fwhm_std,rise_time_std,decay_time_std,auc_std,snr_std,count
0,1.8515413588563365,123.50108459869848,54.416809721601894,32.388286334056396,91.11279826464208,125.86874397393935,6.881658973258329,0.5584826851187276,47.20683557397217,35.52101190416673,12.618438608898098,42.543025139525014,58.78056291937576,2.819636705709552,461
1,3.4180078852662676,175.25732899022802,84.17086359729568,39.09120521172638,136.16612377850163,306.63398712220027,13.305338084905713,0.8340975370875842,51.85918184721006,58.21895857087825,16.20814834352538,51.52810413083294,100.59246231929558,6.451499210228024,307
2,2.8411095210684207,350.55725190839695,114.04068528028311,63.045801526717554,287.51145038167937,384.1046388199532,11.4046586125642,0.8960199202948805,92.12985487095777,78.92647589096266,37.47447594859525,98.10452560816597,173.7614528164519,7.394211957553839,131
3,2.0691207686559463,361.79545454545456,69.29294676210795,57.84090909090909,303.95454545454544,282.64940933427584,5.960971479185053,0.6738984062780823,180.10017619988727,39.320279462306374,37.28079696586633,175.37984749990775,156.35231820590081,1.853277529982697,44
