cluster,mean,median,std,min,max
0,0.0021691973969631237,0.0,0.04657464328326224,0,1
1,0.0,0.0,0.0,0,0
2,0.0,0.0,0.0,0,0
3,1.25,1.0,0.686243566496721,1,5
