cluster,mean,median,std,min,max
0,0.0,0.0,0.0,0,0
1,0.0,0.0,0.0,0,0
2,0.0,0.0,0.0,0,0
3,1.2444444444444445,1.0,0.6794234037889493,1,5
