cluster,amplitude,duration,fwhm,rise_time,decay_time,auc,snr,amplitude_std,duration_std,fwhm_std,rise_time_std,decay_time_std,auc_std,snr_std,count
0,3.1385732941856075,123.4367816091954,54.319214042761786,48.764367816091955,74.67241379310344,201.2287042917884,15.314627596752825,0.7969691015982954,76.6800576450562,62.223619114982114,39.98737799992663,71.42012505942625,80.53411501502167,5.651183208472095,174
1,3.7784899093873627,398.5068493150685,86.20057561627681,115.05479452054794,283.45205479452056,521.4138704877159,14.912301873778386,0.7755286953560938,151.87651446777332,66.85019989844326,94.51585557915651,166.98162249979373,161.52830949246626,5.434953983138184,73
