cluster,amplitude,duration,fwhm,rise_time,decay_time,auc,snr,amplitude_std,duration_std,fwhm_std,rise_time_std,decay_time_std,auc_std,snr_std,count
0,2.2693504702300102,64.18439716312056,34.01578204609201,23.36613475177305,40.81826241134752,91.61242024659023,8.500113384205097,1.0201400697695646,36.74432207059681,38.19903982045648,19.018222857651057,32.19034096249318,60.771582970669144,5.160428955018702,1128
1,1.5626929144869877,153.21546961325967,35.65842090306183,59.71823204419889,93.49723756906077,104.05264917026437,4.888599482184925,0.7215167508110016,81.87838531373093,32.705536352230745,61.499621942571245,82.53703709442556,65.06480101717676,2.008586185588239,181
