cluster,mean,median,std,min,max
0,0.0,0.0,0.0,0,0
1,1.3922651933701657,1.0,0.8728916544410761,0,8
