cluster,amplitude,duration,fwhm,rise_time,decay_time,auc,snr,amplitude_std,duration_std,fwhm_std,rise_time_std,decay_time_std,auc_std,snr_std,count
0,0.3816492737098636,105.35246376811594,25.1050977662745,43.11072463768116,62.24173913043478,18.916572926918796,4.709979272457938,0.23631840656870057,51.589849662349934,23.43181837993673,39.06378159174068,49.28007340725778,14.740249422105567,1.9081358502256898,1725
1,0.5073584044645678,42.21481040301767,15.334899116998175,17.526900933095096,24.687909469922573,13.98560896277688,6.343391976447406,0.3031279888498081,18.259980795951236,13.022690570243375,12.01667993371377,16.723220864710438,10.563177862285913,3.1615872245503165,10074
2,1.8020705919237634,261.69444444444446,87.97012339993417,110.02222222222223,151.67222222222222,196.75648916471363,9.190189840773009,1.0968292788791631,115.01491230538453,62.35219078698235,83.2096024801747,122.27132396261868,116.11187723577919,7.120219932218693,360
3,2.0186896501566234,51.31259484066768,35.02217834083898,22.852048558421853,28.460546282245826,75.83199194296665,23.620011259690674,0.8113569031482234,20.742907066402474,35.622194966605726,15.711091059651345,15.554285578361009,47.76487518743493,11.076645894896913,1318
4,0.9251888027181321,85.52736051502146,74.548868215381,41.128755364806864,44.39860515021459,47.9201191742505,8.495215537586677,0.4590335334427161,39.53135695660816,50.1953197185552,27.930796877838066,32.86812927186763,32.267472075578915,4.153073968283812,1864
