cluster,mean,median,std,min,max
0,1.3489855072463768,1.0,0.7623350396425893,1,8
1,0.0,0.0,0.0,0,0
2,0.38333333333333336,0.0,1.155223090996776,0,10
3,0.0030349013657056147,0.0,0.05502715830160199,0,1
4,0.000536480686695279,0.0,0.023162052730603986,0,1
