{
    "topology_metrics": {
        "node_count": 58,
        "edge_count": 744,
        "average_degree": 25.655172413793103,
        "degree_centrality": {
            "n1": 0.38596491228070173,
            "n2": 0.38596491228070173,
            "n3": 0.45614035087719296,
            "n4": 0.49122807017543857,
            "n5": 0.5789473684210527,
            "n6": 0.42105263157894735,
            "n7": 0.6140350877192982,
            "n8": 0.3684210526315789,
            "n9": 0.45614035087719296,
            "n10": 0.42105263157894735,
            "n11": 0.631578947368421,
            "n12": 0.5087719298245614,
            "n13": 0.6666666666666666,
            "n14": 0.3508771929824561,
            "n15": 0.5964912280701754,
            "n16": 0.5964912280701754,
            "n17": 0.3333333333333333,
            "n18": 0.7192982456140351,
            "n19": 0.24561403508771928,
            "n20": 0.5789473684210527,
            "n21": 0.24561403508771928,
            "n22": 0.2807017543859649,
            "n23": 0.6140350877192982,
            "n24": 0.5614035087719298,
            "n25": 0.47368421052631576,
            "n26": 0.15789473684210525,
            "n27": 0.17543859649122806,
            "n28": 0.5087719298245614,
            "n29": 0.21052631578947367,
            "n30": 0.6491228070175439,
            "n31": 0.40350877192982454,
            "n32": 0.5438596491228069,
            "n33": 0.5614035087719298,
            "n34": 0.45614035087719296,
            "n35": 0.5263157894736842,
            "n36": 0.47368421052631576,
            "n37": 0.43859649122807015,
            "n38": 0.40350877192982454,
            "n39": 0.40350877192982454,
            "n40": 0.3157894736842105,
            "n41": 0.5087719298245614,
            "n42": 0.42105263157894735,
            "n43": 0.5087719298245614,
            "n44": 0.24561403508771928,
            "n45": 0.5087719298245614,
            "n46": 0.2631578947368421,
            "n47": 0.5964912280701754,
            "n48": 0.45614035087719296,
            "n49": 0.5263157894736842,
            "n50": 0.5789473684210527,
            "n51": 0.3157894736842105,
            "n52": 0.19298245614035087,
            "n53": 0.47368421052631576,
            "n54": 0.5087719298245614,
            "n55": 0.5964912280701754,
            "n56": 0.5438596491228069,
            "n57": 0.3333333333333333,
            "n58": 0.3157894736842105
        },
        "betweenness_centrality": {
            "n1": 0.006291895955208649,
            "n2": 0.009990985342323245,
            "n3": 0.0027433699185392155,
            "n4": 0.015375916639548822,
            "n5": 0.01085408534698783,
            "n6": 0.010336924831350505,
            "n7": 0.020298249731774316,
            "n8": 0.004606538307057989,
            "n9": 0.005504059128231365,
            "n10": 0.005736508760448041,
            "n11": 0.013824843219148784,
            "n12": 0.011415023225562114,
            "n13": 0.02045086730804445,
            "n14": 0.009541615815839495,
            "n15": 0.013503496478692364,
            "n16": 0.01661834175990558,
            "n17": 0.004229314943159134,
            "n18": 0.037761756719221336,
            "n19": 0.0019675337316867607,
            "n20": 0.006714532168379972,
            "n21": 0.004951020761226422,
            "n22": 0.002853749946472076,
            "n23": 0.012962695002400835,
            "n24": 0.007690394912731277,
            "n25": 0.016059035738768917,
            "n26": 0.003314551293874601,
            "n27": 0.0023111472331949997,
            "n28": 0.0073331631200079074,
            "n29": 0.0026389241203802756,
            "n30": 0.018645301789408732,
            "n31": 0.006533815887705644,
            "n32": 0.013942772595504041,
            "n33": 0.012496830413705402,
            "n34": 0.01563580276473675,
            "n35": 0.008488977738222719,
            "n36": 0.010306744946459556,
            "n37": 0.006776731468350981,
            "n38": 0.01111136380577883,
            "n39": 0.008184444726273157,
            "n40": 0.004480148591549174,
            "n41": 0.013528638537658769,
            "n42": 0.0089435357878765,
            "n43": 0.011831592259004977,
            "n44": 0.005613560140041786,
            "n45": 0.006874193517858181,
            "n46": 0.00558128073746163,
            "n47": 0.025993445692228247,
            "n48": 0.00920888008910891,
            "n49": 0.006937626506522203,
            "n50": 0.013710014065721024,
            "n51": 0.006519018187614987,
            "n52": 0.0012867562679592757,
            "n53": 0.008730897849296381,
            "n54": 0.0066099543019390505,
            "n55": 0.012714981462725771,
            "n56": 0.010640799080784068,
            "n57": 0.009386352474975525,
            "n58": 0.0022070018658917373
        },
        "clustering_coefficient": {
            "n1": 0.6363636363636364,
            "n2": 0.5108225108225108,
            "n3": 0.7876923076923077,
            "n4": 0.4708994708994709,
            "n5": 0.6439393939393939,
            "n6": 0.5108695652173914,
            "n7": 0.5159663865546219,
            "n8": 0.5761904761904761,
            "n9": 0.68,
            "n10": 0.7028985507246377,
            "n11": 0.6111111111111112,
            "n12": 0.6157635467980296,
            "n13": 0.5746799431009957,
            "n14": 0.4631578947368421,
            "n15": 0.5918003565062389,
            "n16": 0.5757575757575758,
            "n17": 0.6023391812865497,
            "n18": 0.4951219512195122,
            "n19": 0.6373626373626373,
            "n20": 0.7026515151515151,
            "n21": 0.46153846153846156,
            "n22": 0.6,
            "n23": 0.6403361344537815,
            "n24": 0.6915322580645161,
            "n25": 0.48717948717948717,
            "n26": 0.4166666666666667,
            "n27": 0.4666666666666667,
            "n28": 0.6699507389162561,
            "n29": 0.5,
            "n30": 0.5645645645645646,
            "n31": 0.5849802371541502,
            "n32": 0.556989247311828,
            "n33": 0.5745967741935484,
            "n34": 0.48307692307692307,
            "n35": 0.6505747126436782,
            "n36": 0.5299145299145299,
            "n37": 0.6333333333333333,
            "n38": 0.4980237154150198,
            "n39": 0.5810276679841897,
            "n40": 0.5424836601307189,
            "n41": 0.5,
            "n42": 0.5108695652173914,
            "n43": 0.6157635467980296,
            "n44": 0.3956043956043956,
            "n45": 0.6970443349753694,
            "n46": 0.44761904761904764,
            "n47": 0.43672014260249553,
            "n48": 0.5446153846153846,
            "n49": 0.6919540229885057,
            "n50": 0.5890151515151515,
            "n51": 0.5163398692810458,
            "n52": 0.6545454545454545,
            "n53": 0.5783475783475783,
            "n54": 0.7512315270935961,
            "n55": 0.6452762923351159,
            "n56": 0.6258064516129033,
            "n57": 0.45614035087719296,
            "n58": 0.6928104575163399
        },
        "average_clustering": 0.5756642648998064,
        "is_connected": true,
        "average_shortest_path_length": 1.5511191772534785,
        "diameter": 3,
        "communities": {
            "n1": 0,
            "n10": 0,
            "n11": 0,
            "n12": 0,
            "n13": 0,
            "n14": 0,
            "n15": 0,
            "n16": 0,
            "n17": 0,
            "n18": 0,
            "n19": 0,
            "n2": 0,
            "n20": 0,
            "n21": 0,
            "n22": 0,
            "n23": 0,
            "n24": 0,
            "n25": 0,
            "n27": 0,
            "n28": 0,
            "n29": 0,
            "n3": 0,
            "n30": 0,
            "n31": 0,
            "n32": 0,
            "n33": 0,
            "n34": 0,
            "n35": 0,
            "n36": 0,
            "n37": 0,
            "n38": 0,
            "n39": 0,