cluster,amplitude,duration,fwhm,rise_time,decay_time,auc,snr,amplitude_std,duration_std,fwhm_std,rise_time_std,decay_time_std,auc_std,snr_std,count
0,2.001643186028247,60.79273827534039,32.80354833808595,19.444780635400907,41.34795763993949,87.91939950186564,7.9814127609219385,1.001075082040887,40.45894181717456,42.61700064755709,17.54640152998081,36.331741111277026,67.61160085778974,5.435478328084359,1322
1,1.243499315451707,179.04347826086956,33.20172892127023,47.82608695652174,131.2173913043478,100.38603748715035,4.459874635936764,0.5855188152257964,73.15665319068091,35.127584994626744,50.95996898145567,82.83381825776009,60.45839211131914,1.4012576637703575,138
