cluster,mean,median,std,min,max
0,0.0,0.0,0.0,0,0
1,1.3695652173913044,1.0,0.7743712962621807,0,5
