0 6
0 7
0 13
0 15
0 28
0 29
0 36
0 64
0 71
0 77
0 78
0 91
0 93
0 100
0 128
0 135
0 138
0 146
0 150
0 155
0 156
0 158
0 163
0 164
0 166
0 182
0 192
0 198
0 199
0 202
0 205
0 206
0 207
0 220
0 221
0 222
0 228
0 230
0 262
0 263
0 267
0 271
0 273
0 285
0 292
0 331
0 334
0 335
0 348
0 350
0 352
0 356
0 358
0 390
0 391
0 397
0 399
0 412
0 413
0 420
0 421
0 422
0 454
0 457
0 461
0 463
0 465
0 526
0 527
0 529
0 544
0 550
0 566
0 576
0 582
0 583
0 589
0 591
0 593
0 605
0 606
0 612
0 646
0 647
0 653
0 654
0 655
0 657
0 669
0 676
0 710
0 713
0 717
0 718
0 719
0 721
0 733
0 777
0 781
0 783
0 785
0 838
0 845
0 846
0 847
0 849
0 861
0 866
0 868
0 902
0 911
0 925
0 966
0 975
0 989
0 1030
0 1037
0 1039
0 1041
0 1060
0 1094
0 1101
0 1167
0 1169
0 1181
0 1230
0 1234
0 1246
1 65
1 129
1 193
2 66
2 130
2 194
3 67
3 131
3 195
3 867
4 68
4 132
4 196
4 626
5 69
5 133
5 197
5 604
5 832
6 0
6 7
6 13
6 28
6 29
6 36
6 38
6 64
6 70
6 71
6 77
6 78
6 91
6 93
6 100
6 128
6 134
6 135
6 138
6 146
6 150
6 155
6 156
6 158
6 163
6 164
6 166
6 182
6 198
6 199
6 202
6 205
6 206
6 220
6 222
6 228
6 230
6 262
6 263
6 267
6 271
6 273
6 285
6 292
6 331
6 334
6 348
6 350
6 352
6 356
6 358
6 390
6 391
6 397
6 399
6 412
6 413
6 420
6 421
6 422
6 454
6 457
6 461
6 463
6 465
6 526
6 527
6 529
6 544
6 550
6 566
6 576
6 583
6 589
6 591
6 593
6 612
6 646
6 647
6 653
6 654
6 655
6 657
6 669
6 676
6 710
6 713
6 717
6 718
6 719
6 721
6 733
6 777
6 781
6 783
6 785
6 838
6 845
6 846
6 847
6 849
6 861
6 866
6 868
6 902
6 925
6 966
6 975
6 989
6 1030
6 1037
6 1041
6 1094
6 1101
6 1167
6 1181
6 1234
6 1246
7 0
7 6
7 13
7 14
7 15
7 17
7 29
7 36
7 64
7 70
7 71
7 77
7 78
7 79
7 81
7 91
7 93
7 100
7 128
7 134
7 135
7 138
7 142
7 143
7 145
7 150
7 155
7 156
7 157
7 158
7 164
7 166
7 182
7 199
7 202
7 205
7 206
7 207
7 209
7 220
7 221
7 228
7 230
7 262
7 263
7 271
7 273
7 285
7 292
7 326
7 327
7 333
7 334
7 335
7 337
7 349
7 350
7 356
7 358
7 390
7 391
7 397
7 398
7 399
7 401
7 413
7 420
7 421
7 457
7 461
7 465
7 518
7 519
7 525
7 526
7 527
7 529
7 541
7 544
7 548
7 550
7 582
7 583
7 589
7 590
7 591
7 593
7 605
7 606
7 612
7 646
7 647
7 653
7 654
7 655
7 657
7 669
7 676
7 710
7 713
7 717
7 718
7 719
7 733
7 775
7 777
7 781
7 782
7 783
7 785
7 797
7 838
7 839
7 845
7 846
7 849
7 861
7 868
7 909
7 910
7 911
7 913
7 925
7 932
7 973
7 974
7 977
7 1031
7 1039
7 1053
7 1060
7 1103
7 1105
7 1159
7 1166
7 1167
7 1169
7 1181
7 1227
7 1230
7 1233
7 1234
8 72
8 136
8 200
8 347
9 69
9 73
9 137
9 201
9 265
9 325
9 393
9 455
9 517
9 581
9 649
9 711
9 774
9 837
9 905
9 969
9 1033
9 1097
9 1161
9 1217
9 1221
10 74
10 138
10 196
10 202
11 75
11 139
11 203
12 76
12 140
12 204
12 354
12 863
12 1143
13 0
13 6
13 7
13 14
13 15
13 17
13 28
13 29
13 36
13 64
13 70
13 71
13 77
13 78
13 79
13 81
13 91
13 93
13 100
13 128
13 134
13 135
13 138
13 141
13 142
13 143
13 145
13 150
13 155
13 156
13 157
13 158
13 164
13 166
13 182
13 198
13 199
13 202
13 205
13 206
13 207
13 209
13 220
13 221
13 228
13 230
13 262
13 263
13 271
13 273
13 285
13 292
13 326
13 327
13 333
13 334
13 335
13 348
13 349
13 350
13 352
13 356
13 358
13 390
13 391
13 397
13 398
13 399
13 401
13 413
13 420
13 421
13 457
13 461
13 463
13 465
13 518
13 519
13 526
13 527
13 529
13 541
13 544
13 548
13 550
13 566
13 582
13 583
13 589
13 590
13 591
13 593
13 605
13 606
13 612
13 646
13 647
13 653
13 654
13 655
13 657
13 669
13 676
13 710
13 713
13 717
13 718
13 719
13 733
13 775
13 777
13 781
13 782
13 783
13 785
13 797
13 838
13 839
13 845
13 846
13 849
13 861
13 868
13 902
13 909
13 910
13 911
13 925
13 932
13 966
13 1030
13 1039
13 1041
13 1053
13 1060
13 1103
13 1105
13 1166
13 1167
13 1169
13 1181
13 1227
13 1230
13 1234
14 7
14 13
14 15
14 17
14 29
14 36
14 70
14 71
14 77
14 78
14 79
14 81
14 93
14 100
14 134
14 135
14 141
14 142
14 143
14 145
14 150
14 155
14 157
14 164
14 166
14 199
14 205
14 206
14 207
14 209
14 220
14 221
14 228
14 262
14 263
14 271
14 273
14 285
14 292
14 326
14 327
14 333
14 334
14 335
14 337
14 349
14 356
14 358
14 390
14 397
14 398
14 399
14 401
14 413
14 420
14 518
14 519
14 525
14 526
14 527
14 529
14 541
14 548
14 582
14 583
14 589
14 590
14 591
14 593
14 605
14 606
14 612
14 647
14 654
14 655
14 657
14 676
14 710
14 717
14 718
14 733
14 775
14 782
14 783
14 785
14 797
14 838
14 839
14 845
14 846
14 849
14 861
14 868
14 903
14 967
14 977
14 996
14 1095
14 1102
14 1222
14 1223
14 1229
14 1231
14 1245
14 1252
15 0
15 7
15 13
15 14
15 17
15 29
15 36
15 70
15 71
15 77
15 78
15 79
15 81
15 93
15 100
15 134
15 135
15 141
15 142
15 143
15 145
15 150
15 155
15 156
15 157
15 158
15 164
15 166
15 199
15 202
15 205
15 206
15 207
15 209
15 220
15 221
15 228
15 230
15 262
15 263
15 271
15 273
15 285
15 292
15 326
15 327
15 333
15 334
15 335
15 337
15 349
15 350
15 356
15 358
15 390
15 397
15 398
15 399
15 401
15 413
15 420
15 465
15 518
15 519
15 525
15 526
15 527
15 529
15 541
15 548
15 550
15 582
15 583
15 589
15 590
15 591
15 593
15 605
15 606
15 612
15 647
15 653
15 654
15 655
15 657
15 669
15 676
15 710
15 717
15 718
15 733
15 775
15 782
15 783
15 785
15 797
15 838
15 839
15 845
15 846
15 849
15 861
15 868
15 903
15 909
15 910
15 913
15 967
15 973
15 974
15 977
15 996
15 1031
15 1095
15 1102
15 1103
15 1159
15 1166
15 1222
15 1223
15 1229
15 1231
15 1233
15 1245
15 1252
16 80
16 144
16 208
16 363
16 949
17 7
17 13
17 14
17 15
17 29
17 36
17 70
17 71
17 77
17 79
17 81
17 93
17 100
17 134
17 135
17 141
17 142
17 143
17 145
17 150
17 155
17 157
17 164
17 166
17 199
17 205
17 206
17 207
17 209
17 220
17 221
17 228
17 262
17 263
17 271
17 273
17 285
17 292
17 326
17 327
17 333
17 334
17 335
17 337
17 349
17 356
17 358
17 390
17 397
17 398
17 399
17 401
17 413
17 420
17 518
17 519
17 525
17 526
17 527
17 529
17 541
17 548
17 582
17 583
17 589
17 590
17 591
17 593
17 605
17 606
17 612
17 647
17 654
17 655
17 657
17 676
17 710
17 717
17 718
17 733
17 775
17 782
17 783
17 785
17 797
17 838
17 839
17 845
17 846
17 849
17 861
17 868
17 903
17 967
17 977
17 996
17 1095
17 1102
17 1222
17 1223
17 1229
17 1231
17 1245
17 1252
18 82
18 146
18 210
18 693
19 83
19 147
19 211
20 84
20 148
20 212
20 878
21 85
21 149
21 213
21 1236
22 65
22 86
22 150
22 214
22 740
23 87
23 97
23 151
23 215
23 995
24 57
24 88
24 152
24 216
24 552
24 1219
25 89
25 153
25 217
25 1149
25 1187
26 90
26 154
26 218
26 1104
27 91
27 155
27 219
28 0
28 6
28 13
28 38
28 64
28 75
28 78
28 91
28 92
28 128
28 135
28 138
28 139
28 146
28 150
28 156
28 158
28 163
28 182
28 198
28 202
28 220
28 222
28 230
28 263
28 267
28 292
28 320
28 330
28 331
28 348
28 350
28 352
28 358
28 390
28 391
28 412
28 421
28 422
28 454
28 457
28 461
28 463
28 465
28 544
28 549
28 550
28 566
28 576
28 646
28 647
28 653
28 669
28 676
28 713
28 719
28 721
28 733
28 777
28 781
28 847
28 866
28 934
28 989
28 1037
28 1117
28 1124
28 1158
28 1188
28 1216
29 0
29 6
29 7
29 13
29 14
29 15
29 17
29 36
29 70
29 71
29 77
29 78
29 79
29 81
29 93
29 100
29 134
29 135
29 138
29 141
29 142
29 143
29 145
29 150
29 155
29 156
29 157
29 158
29 164
29 166
29 199
29 202
29 205
29 206
29 207
29 209
29 220
29 221
29 228
29 230
29 262
29 263
29 271
29 273
29 285
29 292
29 326
29 327
29 333
29 334
29 335
29 337
29 349
29 350
29 356
29 358
29 390
29 397
29 398
29 399
29 401
29 413
29 420
29 421
29 461
29 465
29 518
29 519
29 525
29 526
29 527
29 529
29 541
29 548
29 550
29 582
29 583
29 589
29 590
29 591
29 593
29 605
29 606
29 612
29 647
29 653
29 654
29 655
29 657
29 669
29 676
29 710
29 717
29 718
29 733
29 775
29 782
29 783
29 785
29 797
29 838
29 839
29 845
29 846
29 849
29 861
29 868
29 903
29 909
29 910
29 913
29 973
29 974
29 977
29 996
29 1031
29 1053
29 1095
29 1102
29 1103
29 1159
29 1166
29 1222
29 1223
29 1227
29 1229
29 1231
29 1233
30 94
30 158
30 222
30 842
31 95
31 159
31 223
31 617
31 1052
32 96
32 160
32 224
32 384
33 97
33 161
33 225
33 851
33 1218
34 98
34 162
34 226
35 99
35 163
35 227
35 904
36 0
36 6
36 7
36 13
36 14
36 15
36 17
36 29
36 64
36 70
36 71
36 77
36 78
36 79
36 81
36 91
36 93
36 100
36 134
36 135
36 138
36 141
36 142
36 143
36 145
36 150
36 155
36 156
36 157
36 158
36 164
36 166
36 182
36 199
36 202
36 205
36 206
36 207
36 209
36 220
36 221
36 228
36 230
36 262
36 263
36 271
36 273
36 285
36 292
36 326
36 327
36 333
36 334
36 335
36 337
36 349
36 350
36 356
36 358
36 390
36 391
36 397
36 398
36 399
36 401
36 413
36 420
36 421
36 457
36 461
36 465
36 518
36 519
36 525
36 526
36 527
36 529
36 541
36 544
36 548
36 550
36 582
36 583
36 589
36 590
36 591
36 593
36 605
36 606
36 612
36 647
36 653
36 654
36 655
36 657
36 669
36 676
36 710
36 713
36 717
36 718
36 719
36 733
36 775
36 777
36 782
36 783
36 785
36 797
36 838
36 839
36 845
36 846
36 849
36 861
36 868
36 909
36 910
36 911
36 913
36 925
36 932
36 973
36 974
36 977
36 1031
36 1039
36 1053
36 1060
36 1103
36 1105
36 1159
36 1166
36 1169
36 1181
36 1227
36 1230
36 1233
37 101
37 165
37 229
37 818
37 926
38 6
38 28
38 64
38 75
38 78
38 91
38 102
38 128
38 132
38 138
38 139
38 146
38 163
38 166
38 182
38 198
38 222
38 230
38 267
38 320
38 330
38 331
38 348
38 352
38 391
38 406
38 412
38 415
38 421
38 422
38 454
38 457
38 461
38 463
38 516
38 544
38 549
38 566
38 576
38 646
38 713
38 719
38 721
38 777
38 781
38 847
38 866
38 934
38 960
38 1001
38 1117
38 1158
38 1165
38 1188
38 1216
38 1250
39 103
39 167
39 231
39 284
39 1163
39 1275
40 104
40 168
40 232
40 597
40 704
41 105
41 169
41 233
42 106
42 170
42 234
42 634
43 107
43 171
43 235
43 505
43 666
44 108
44 172
44 236
44 680
44 815
44 1020
45 109
45 173
45 237
45 586
45 695
45 852
46 110
46 174
46 238
46 423
46 452
46 961
47 111
47 175
47 239
47 824
48 112
48 176
48 240
48 450
48 1112
49 113
49 177
49 241
49 637
49 940
49 1274
50 114
50 178
50 242
51 115
51 179
51 243
51 296
52 116
52 180
52 244
52 760
52 1172
52 1271
53 117
53 181
53 188
53 245
54 118
54 174
54 182
54 246
54 353
54 857
55 119
55 183
55 247
55 1146
56 120
56 184
56 248
56 729
56 1075
56 1278
57 24
57 121
57 185
57 249
57 552
57 1219
58 122
58 186
58 250
58 684
58 754
58 765
59 123
59 187
59 251
60 124
60 188
60 252
60 474
60 702
60 1207
60 1209
61 125
61 189
61 253
62 126
62 190
62 254
62 826
63 127
63 191
63 255
63 499
64 0
64 6
64 7
64 13
64 28
64 36
64 38
64 75
64 78
64 91
64 128
64 135
64 138
64 146
64 150
64 155
64 156
64 158
64 163
64 182
64 192
64 198
64 202
64 222
64 230
64 256
64 262
64 263
64 267
64 292
64 330
64 331
64 334
64 348
64 350
64 352
64 358
64 390
64 391
64 412
64 421
64 422
64 454
64 457
64 461
64 463
64 465
64 544
64 549
64 550
64 566
64 576
64 591
64 646
64 647
64 653
64 655
64 657
64 669
64 676
64 713
64 718
64 719
64 721
64 733
64 777
64 781
64 785
64 845
64 847
64 866
64 902
64 909
64 911
64 925
64 932
64 934
64 975
64 989
64 1037
64 1094
64 1101
64 1124
64 1188
64 1216
64 1246
65 1
65 22
65 129
65 193
65 257
65 740
66 2
66 89
66 130
66 194
66 258
66 1266
67 3
67 131
67 195
67 259
67 690
68 4
68 132
68 196
68 260
68 1270
69 5
69 9
69 133
69 137
69 197
69 201
69 261
69 265
69 325
69 393
69 455
69 517
69 581
69 649
69 711
69 774
69 837
69 905
69 969
69 1033
69 1097
69 1161
69 1217
69 1221
70 6
70 7
70 13
70 14
70 15
70 17
70 29
70 36
70 71
70 77
70 79
70 81
70 93
70 100
70 134
70 135
70 141
70 142
70 143
70 145
70 150
70 155
70 156
70 157
70 164
70 166
70 198
70 199
70 202
70 205
70 206
70 207
70 209
70 220
70 221
70 228
70 262
70 263
70 271
70 273
70 285
70 292
70 326
70 327
70 333
70 334
70 335
70 337
70 349
70 350
70 356
70 358
70 390
70 397
70 398
70 399
70 401
70 413
70 420
70 465
70 518
70 519
70 525
70 526
70 527
70 529
70 541
70 548
70 550
70 582
70 583
70 589
70 590
70 591
70 593
70 605
70 606
70 612
70 647
70 653
70 654
70 655
70 657
70 669
70 676
70 710
70 717
70 718
70 733
70 775
70 782
70 783
70 785
70 797
70 838
70 839
70 845
70 846
70 849
70 861
70 868
70 902
70 903
70 909
70 910
70 911
70 913
70 925
70 932
70 967
70 973
70 974
70 977
70 996
70 1031
70 1095
70 1102
70 1159
70 1222
70 1223
70 1229
70 1231
70 1233
70 1245
70 1252
71 0
71 6
71 7
71 13
71 14
71 15
71 17
71 29
71 36
71 70
71 77
71 78
71 79
71 81
71 93
71 100
71 134
71 135
71 138
71 141
71 142
71 143
71 145
71 150
71 155
71 156
71 157
71 158
71 164
71 166
71 199
71 202
71 205
71 206
71 207
71 209
71 220
71 221
71 228
71 230
71 262
71 263
71 271
71 273
71 285
71 292
71 326
71 327
71 333
71 334
71 335
71 337
71 349
71 350
71 356
71 358
71 390
71 391
71 397
71 398
71 399
71 401
71 413
71 420
71 421
71 461
71 465
71 518
71 519
71 525
71 526
71 527
71 529
71 541
71 544
71 548
71 550
71 582
71 583
71 589
71 590
71 591
71 593
71 605
71 606
71 612
71 647
71 653
71 654
71 655
71 657
71 669
71 676
71 710
71 717
71 718
71 719
71 733
71 775
71 777
71 782
71 783
71 785
71 797
71 838
71 839
71 845
71 846
71 849
71 861
71 868
71 902
71 903
71 909
71 910
71 911
71 913
71 925
71 932
71 973
71 974
71 977
71 1031
71 1039
71 1053
71 1102
71 1103
71 1105
71 1159
71 1166
71 1227
71 1229
71 1231
71 1233
72 8
72 136
72 200
72 264
73 9
73 137
73 201
73 265
74 10
74 138
74 202
74 266
74 514
75 11
75 28
75 38
75 64
75 91
75 128
75 132
75 138
75 139
75 146
75 163
75 182
75 198
75 203
75 222
75 267
75 320
75 330
75 331
75 348
75 352
75 391
75 406
75 412
75 415
75 421
75 422
75 454
75 457
75 463
75 516
75 543
75 544
75 549
75 566
75 576
75 646
75 713
75 719
75 721
75 777
75 781
75 847
75 866
75 934
75 960
75 1001
75 1117
75 1158
75 1165
75 1250
76 12
76 140
76 204
76 268
77 0
77 6
77 7
77 13
77 14
77 15
77 17
77 29
77 36
77 70
77 71
77 78
77 79
77 81
77 93
77 100
77 134
77 135
77 141
77 142
77 143
77 145
77 150
77 155
77 156
77 157
77 158
77 164
77 166
77 199
77 202
77 205
77 206
77 207
77 209
77 220
77 221
77 228
77 230
77 262
77 263
77 269
77 271
77 273
77 285
77 292
77 326
77 327
77 333
77 334
77 335
77 337
77 349
77 350
77 356
77 358
77 390
77 397
77 398
77 399
77 401
77 413
77 420
77 461
77 465
77 518
77 519
77 525
77 526
77 527
77 529
77 541
77 548
77 550
77 582
77 583
77 589
77 590
77 591
77 593
77 605
77 606
77 612
77 647
77 653
77 654
77 655
77 657
77 669
77 676
77 710
77 717
77 718
77 733
77 775
77 782
77 783
77 785
77 797
77 838
77 839
77 845
77 846
77 849
77 861
77 868
77 902
77 903
77 909
77 910
77 911
77 913
77 925
77 932
77 973
77 974
77 977
77 996
77 1031
77 1053
77 1095
77 1102
77 1103
77 1159
77 1166
77 1222
77 1223
77 1227
77 1229
77 1231
77 1233
78 0
78 6
78 7
78 13
78 14
78 15
78 28
78 29
78 36
78 38
78 64
78 71
78 77
78 91
78 93
78 100
78 128
78 135
78 138
78 142
78 146
78 150
78 155
78 156
78 158
78 163
78 164
78 166
78 182
78 198
78 199
78 202
78 205
78 206
78 207
78 220
78 221
78 222
78 228
78 230
78 262
78 263
78 267
78 270
78 271
78 273
78 285
78 292
78 331
78 334
78 348
78 350
78 352
78 356
78 358
78 390
78 391
78 397
78 399
78 412
78 413
78 420
78 421
78 422
78 454
78 457
78 461
78 463
78 465
78 526
78 527
78 529
78 544
78 550
78 566
78 576
78 582
78 583
78 589
78 591
78 593
78 605
78 606
78 612
78 646
78 647
78 653
78 654
78 655
78 657
78 669
78 676
78 710
78 713
78 717
78 718
78 719
78 721
78 733
78 777
78 781
78 783
78 785
78 838
78 845
78 846
78 847
78 849
78 861
78 866
78 868
78 902
78 909
78 910
78 911
78 913
78 925
78 932
78 934
78 966
78 975
78 989
78 1030
78 1037
78 1041
78 1060
78 1094
78 1101
78 1167
78 1169
78 1181
78 1230
78 1234
78 1246
79 7
79 13
79 14
79 15
79 17
79 29
79 36
79 70
79 71
79 77
79 81
79 93
79 100
79 134
79 135
79 141
79 142
79 143
79 145
79 150
79 155
79 156
79 157
79 164
79 166
79 199
79 205
79 206
79 207
79 209
79 220
79 221
79 228
79 262
79 263
79 271
79 273
79 285
79 292
79 326
79 327
79 333
79 334
79 335
79 337
79 349
79 356
79 358
79 390
79 397
79 398
79 399
79 401
79 413
79 420
79 518
79 519
79 525
79 526
79 527
79 529
79 541
79 548
79 582
79 583
79 589
79 590
79 591
79 593
79 605
79 606
79 612
79 647
79 654
79 655
79 657
79 676
79 710
79 717
79 718
79 733
79 775
79 782
79 783
79 785
79 797
79 838
79 839
79 845
79 846
79 849
79 861
79 868
79 903
79 909
79 910
79 911
79 913
79 925
79 932
79 967
79 977
79 996
79 1095
79 1102
79 1222
79 1223
79 1229
79 1231
79 1245
79 1252
80 16
80 144
80 200
80 208
80 272
80 466
80 793
81 7
81 13
81 14
81 15
81 17
81 29
81 36
81 70
81 71
81 77
81 79
81 93
81 100
81 134
81 135
81 141
81 142
81 143
81 145
81 150
81 155
81 157
81 164
81 166
81 199
81 205
81 206
81 207
81 209
81 220
81 221
81 228
81 262
81 263
81 271
81 273
81 285
81 292
81 326
81 327
81 333
81 334
81 335
81 337
81 349
81 356
81 358
81 397
81 398
81 399
81 401
81 413
81 420
81 518
81 519
81 525
81 526
81 527
81 529
81 541
81 548
81 582
81 583
81 589
81 590
81 591
81 593
81 605
81 606
81 612
81 647
81 654
81 655
81 657
81 710
81 717
81 718
81 733
81 775
81 782
81 783
81 785
81 797
81 838
81 839
81 845
81 846
81 849
81 861
81 868
81 903
81 909
81 910
81 911
81 913
81 925
81 932
81 967
81 996
81 1095
81 1102
81 1222
81 1223
81 1229
81 1231
81 1245
81 1252
82 18
82 146
82 210
82 274
83 19
83 147
83 211
83 275
83 359
84 20
84 148
84 212
84 276
85 21
85 149
85 213
85 277
85 645
85 1152
86 22
86 150
86 214
86 278
87 23
87 151
87 215
87 279
88 24
88 152
88 216
88 280
88 300
88 1130
89 25
89 66
89 153
89 217
89 281
89 1266
90 26
90 154
90 218
90 282
90 417
90 794
90 999
91 0
91 6
91 7
91 13
91 27
91 28
91 36
91 38
91 64
91 75
91 78
91 128
91 135
91 138
91 146
91 150
91 155
91 156
91 158
91 163
91 182
91 198
91 202
91 219
91 222
91 230
91 262
91 263
91 267
91 271
91 283
91 292
91 330
91 331
91 334
91 348
91 350
91 352
91 358
91 390
91 391
91 412
91 421
91 422
91 454
91 457
91 461
91 463
91 465
91 544
91 550
91 566
91 576
91 583
91 591
91 593
91 646
91 647
91 653
91 654
91 655
91 657
91 669
91 676
91 710
91 713
91 718
91 719
91 721
91 733
91 777
91 781
91 785
91 845
91 847
91 866
91 902
91 909
91 910
91 911
91 925
91 932
91 934
91 975
91 989
91 1037
91 1041
91 1094
91 1101
91 1124
91 1188
91 1216
91 1246
92 28
92 156
92 160
92 220
92 284
92 388
92 462
92 512
92 836
92 1038
93 0
93 6
93 7
93 13
93 14
93 15
93 17
93 29
93 36
93 70
93 71
93 77
93 78
93 79
93 81
93 100
93 134
93 135
93 141
93 142
93 143
93 145
93 150
93 155
93 156
93 157
93 158
93 164
93 166
93 199
93 202
93 205
93 206
93 207
93 209
93 220
93 221
93 228
93 230
93 262
93 263
93 271
93 273
93 285
93 292
93 326
93 327
93 333
93 334
93 335
93 337
93 349
93 350
93 356
93 358
93 390
93 397
93 398
93 399
93 401
93 413
93 420
93 461
93 465
93 518
93 519
93 525
93 526
93 527
93 529
93 541
93 548
93 550
93 582
93 583
93 589
93 590
93 591
93 593
93 605
93 606
93 612
93 647
93 653
93 654
93 655
93 657
93 669
93 676
93 710
93 717
93 718
93 733
93 775
93 782
93 783
93 785
93 797
93 838
93 839
93 845
93 846
93 849
93 861
93 868
93 902
93 903
93 909
93 910
93 911
93 913
93 925
93 932
93 973
93 974
93 977
93 996
93 1031
93 1095
93 1102
93 1103
93 1159
93 1166
93 1222
93 1223
93 1227
93 1229
93 1231
93 1233
93 1245
93 1252
94 30
94 158
94 222
94 286
95 31
95 159
95 223
95 287
96 32
96 160
96 224
96 288
97 23
97 33
97 161
97 225
97 289
97 995
98 34
98 162
98 226
98 290
98 387
98 565
99 35
99 163
99 227
99 291
99 324
100 0
100 6
100 7
100 13
100 14
100 15
100 17
100 29
100 36
100 70
100 71
100 77
100 78
100 79
100 81
100 93
100 134
100 135
100 138
100 141
100 142
100 143
100 145
100 150
100 155
100 156
100 157
100 158
100 164
100 166
100 199
100 202
100 205
100 206
100 207
100 209
100 220
100 221
100 228
100 230
100 262
100 263
100 271
100 273
100 285
100 292
100 326
100 327
100 333
100 334
100 335
100 337
100 349
100 350
100 356
100 358
100 390
100 391
100 397
100 398
100 399
100 401
100 413
100 420
100 421
100 461
100 465
100 518
100 519
100 525
100 526
100 527
100 529
100 541
100 544
100 548
100 550
100 582
100 583
100 589
100 590
100 591
100 593
100 605
100 606
100 612
100 647
100 653
100 654
100 655
100 657
100 669
100 676
100 710
100 717
100 718
100 719
100 733
100 775
100 777
100 782
100 783
100 785
100 797
100 838
100 839
100 845
100 846
100 849
100 861
100 868
100 902
100 903
100 909
100 910
100 911
100 913
100 925
100 932
100 973
100 974
100 977
100 1031
100 1039
100 1053
100 1102
100 1103
100 1105
100 1159
100 1166
100 1227
100 1229
100 1231
100 1233
101 37
101 165
101 229
101 293
102 38
102 166
102 230
102 294
103 39
103 167
103 231
103 295
104 40
104 168
104 232
104 296
104 405
105 41
105 169
105 233
105 297
105 790
105 1088
105 1119
106 42
106 170
106 234
106 298
106 712
107 43
107 112
107 171
107 235
107 299
107 764
107 1048
107 1178
108 44
108 114
108 172
108 236
108 300
109 45
109 173
109 237
109 301
109 302
109 1253
110 46
110 151
110 174
110 238
110 302
110 627
111 47
111 175
111 239
111 303
111 728
111 825
111 1176
112 48
112 107
112 176
112 240
112 304
112 764
112 1048
112 1178
113 49
113 177
113 241
113 305
114 50
114 108
114 178
114 242
114 306
115 51
115 179
115 243
115 298
115 307
115 409
115 756
116 52
116 180
116 244
116 308
117 53
117 181
117 245
117 309
118 54
118 182
118 246
118 310
118 469
118 800
119 55
119 183
119 247
119 311
119 478
120 56
120 184
120 248
120 312
121 57
121 185
121 249
121 313
122 58
122 186
122 250
122 314
122 380
122 559
123 59
123 187
123 250
123 251
123 315
123 491
123 752
124 60
124 188
124 252
124 316
124 891
124 1123
125 61
125 189
125 253
125 317
125 498
125 601
125 1264
126 62
126 190
126 224
126 254
126 318
126 426
126 502
127 63
127 191
127 255
127 319
128 0
128 6
128 7
128 13
128 28
128 38
128 64
128 75
128 78
128 91
128 135
128 138
128 139
128 146
128 150
128 155
128 156
128 158
128 163
128 182
128 192
128 198
128 202
128 222
128 230
128 256
128 262
128 263
128 267
128 292
128 320
128 330
128 331
128 348
128 350
128 352
128 358
128 390
128 391
128 412
128 421
128 422
128 454
128 457
128 461
128 463
128 465
128 544
128 549
128 550
128 566
128 576
128 646
128 647
128 653
128 655
128 669
128 676
128 713
128 719
128 721
128 733
128 777
128 781
128 845
128 847
128 866
128 902
128 911
128 925
128 932
128 934
128 960
128 966
128 975
128 989
128 1001
128 1037
128 1101
128 1117
128 1124
128 1158
128 1188
128 1216
128 1246
129 1
129 65
129 193
129 257
129 321
130 2
130 66
130 194
130 258
130 322
130 979
131 3
131 67
131 195
131 259
131 323
132 4
132 38
132 68
132 75
132 139
132 146
132 163
132 196
132 222
132 260
132 267
132 320
132 324
132 330
132 331
132 388
132 406
132 412
132 414
132 415
132 422
132 454
132 516
132 543
132 549
132 576
132 721
132 847
132 866
132 934
132 960
132 1001
132 1250
133 5
133 69
133 197
133 261
133 325
133 708
134 6
134 7
134 13
134 14
134 15
134 17
134 29
134 36
134 70
134 71
134 77
134 79
134 81
134 93
134 100
134 135
134 141
134 142
134 143
134 145
134 150
134 155
134 157
134 164
134 166
134 198
134 199
134 205
134 206
134 207
134 209
134 220
134 221
134 228
134 262
134 263
134 271
134 273
134 285
134 292
134 326
134 327
134 333
134 334
134 335
134 337
134 349
134 356
134 358
134 397
134 398
134 399
134 401
134 413
134 420
134 518
134 519
134 525
134 526
134 527
134 529
134 541
134 548
134 582
134 583
134 589
134 590
134 591
134 593
134 605
134 606
134 612
134 647
134 654
134 655
134 657
134 710
134 717
134 718
134 733
134 775
134 782
134 783
134 785
134 797
134 838
134 839
134 845
134 846
134 849
134 861
134 868
134 903
134 909
134 910
134 911
134 913
134 925
134 932
134 967
134 973
134 974
134 977
134 996
134 1095
134 1102
134 1222
134 1223
134 1229
134 1231
134 1245
134 1252
135 0
135 6
135 7
135 13
135 14
135 15
135 17
135 28
135 29
135 36
135 64
135 70
135 71
135 77
135 78
135 79
135 81
135 91
135 93
135 100
135 128
135 134
135 138
135 145
135 150
135 155
135 156
135 157
135 158
135 164
135 166
135 182
135 198
135 199
135 202
135 205
135 206
135 207
135 209
135 220
135 221
135 222
135 228
135 230
135 262
135 263
135 271
135 273
135 285
135 292
135 326
135 327
135 333
135 334
135 335
135 348
135 349
135 350
135 352
135 356
135 358
135 390
135 391
135 397
135 398
135 399
135 401
135 413
135 420
135 421
135 454
135 457
135 461
135 463
135 465
135 518
135 519
135 526
135 527
135 529
135 544
135 548
135 550
135 566
135 582
135 583
135 589
135 590
135 591
135 593
135 605
135 606
135 612
135 646
135 647
135 653
135 654
135 655
135 657
135 669
135 676
135 710
135 713
135 717
135 718
135 719
135 733
135 775
135 777
135 781
135 782
135 783
135 785
135 797
135 838
135 839
135 845
135 846
135 849
135 861
135 866
135 868
135 902
135 903
135 909
135 910
135 911
135 913
135 925
135 932
135 966
135 973
135 974
135 975
135 977
135 989
135 996
135 1030
135 1039
135 1041
135 1053
135 1060
135 1094
135 1103
135 1105
135 1166
135 1167
135 1169
135 1181
135 1227
135 1230
135 1234
136 8
136 72
136 162
136 200
136 264
136 328
137 9
137 69
137 73
137 201
137 265
137 325
137 329
137 393
137 455
137 517
137 581
137 649
137 711
137 774
137 837
137 905
137 969
137 1033
137 1097
137 1161
137 1217
137 1221
138 0
138 6
138 7
138 10
138 13
138 28
138 29
138 36
138 38
138 64
138 71
138 74
138 75
138 78
138 91
138 100
138 128
138 135
138 146
138 150
138 155
138 156
138 158
138 163
138 166
138 182
138 198
138 202
138 205
138 206
138 220
138 222
138 228
138 230
138 262
138 263
138 266
138 267
138 271
138 292
138 330
138 331
138 334
138 348
138 350
138 352
138 356
138 358
138 390
138 391
138 397
138 412
138 413
138 420
138 421
138 422
138 454
138 457
138 461
138 463
138 465
138 526
138 527
138 544
138 550
138 566
138 576
138 583
138 589
138 591
138 593
138 612
138 646
138 647
138 653
138 654
138 655
138 657
138 669
138 676
138 710
138 713
138 718
138 719
138 721
138 733
138 777
138 781
138 783
138 785
138 838
138 845
138 847
138 861
138 866
138 902
138 909
138 910
138 911
138 913
138 925
138 932
138 934
138 966
138 973
138 974
138 975
138 989
138 1001
138 1030
138 1037
138 1041
138 1094
138 1101
138 1124
138 1167
138 1234
138 1246
139 11
139 28
139 38
139 75
139 128
139 132
139 146
139 163
139 198
139 203
139 222
139 267
139 320
139 330
139 331
139 348
139 352
139 406
139 412
139 414
139 415
139 422
139 454
139 463
139 516
139 543
139 549
139 566
139 576
139 646
139 721
139 781
139 847
139 866
139 934
139 960
139 1001
139 1250
140 12
140 76
140 204
140 268
140 332
140 885
141 13
141 14
141 15
141 17
141 29
141 36
141 70
141 71
141 77
141 79
141 81
141 93
141 100
141 134
141 142
141 143
141 145
141 157
141 164
141 166
141 199
141 205
141 206
141 207
141 209
141 220
141 221
141 228
141 269
141 271
141 273
141 285
141 326
141 327
141 333
141 335
141 337
141 349
141 356
141 397
141 398
141 399
141 401
141 413
141 420
141 518
141 519
141 525
141 526
141 527
141 529
141 541
141 548
141 582
141 583
141 589
141 590
141 591
141 593
141 605
141 606
141 612
141 654
141 710
141 717
141 718
141 775
141 782
141 783
141 797
141 838
141 839
141 846
141 849
141 861
141 868
141 903
141 909
141 910
141 913
141 967
141 973
141 974
141 977
141 996
141 1245
141 1252
142 7
142 13
142 14
142 15
142 17
142 29
142 36
142 70
142 71
142 77
142 78
142 79
142 81
142 93
142 100
142 134
142 141
142 143
142 145
142 155
142 157
142 164
142 166
142 199
142 205
142 206
142 207
142 209
142 220
142 221
142 228
142 262
142 263
142 270
142 271
142 273
142 285
142 292
142 326
142 327
142 333
142 334
142 335
142 337
142 349
142 356
142 397
142 398
142 399
142 401
142 413
142 420
142 518
142 519
142 525
142 526
142 527
142 529
142 541
142 548
142 582
142 583
142 589
142 590
142 591
142 593
142 605
142 606
142 612
142 647
142 654
142 655
142 657
142 710
142 717
142 718
142 733
142 775
142 782
142 783
142 785
142 797
142 838
142 839
142 845
142 846
142 849
142 861
142 868
142 903
142 909
142 910
142 911
142 913
142 932
142 967
142 973
142 974
142 977
142 996
142 1095
142 1102
142 1222
142 1223
142 1229
142 1231
142 1245
142 1252
143 7
143 13
143 14
143 15
143 17
143 29
143 36
143 70
143 71
143 77
143 79
143 81
143 93
143 100
143 134
143 141
143 142
143 145
143 155
143 157
143 164
143 166
143 199
143 205
143 206
143 207
143 209
143 220
143 221
143 228
143 262
143 271
143 273
143 285
143 292
143 326
143 327
143 333
143 334
143 335
143 337
143 349
143 356
143 397
143 398
143 399
143 401
143 413
143 420
143 518
143 519
143 525
143 526
143 527
143 529
143 541
143 548
143 582
143 583
143 589
143 590
143 591
143 593
143 605
143 606
143 612
143 647
143 654
143 655
143 657
143 710
143 717
143 718
143 733
143 775
143 782
143 783
143 785
143 797
143 838
143 839
143 845
143 846
143 849
143 861
143 868
143 903
143 909
143 910
143 913
143 932
143 967
143 973
143 974
143 977
143 996
143 1095
143 1102
143 1222
143 1223
143 1229
143 1231
143 1245
143 1252
144 16
144 80
144 208
144 272
144 336
144 876
145 7
145 13
145 14
145 15
145 17
145 29
145 36
145 70
145 71
145 77
145 79
145 81
145 93
145 100
145 134
145 135
145 141
145 142
145 143
145 150
145 155
145 156
145 157
145 164
145 166
145 199
145 202
145 205
145 206
145 207
145 209
145 220
145 221
145 228
145 262
145 263
145 271
145 273
145 285
145 292
145 326
145 327
145 333
145 334
145 335
145 337
145 349
145 350
145 356
145 358
145 390
145 397
145 398
145 399
145 401
145 413
145 420
145 465
145 518
145 519
145 525
145 526
145 527
145 529
145 541
145 548
145 550
145 582
145 583
145 589
145 590
145 591
145 593
145 605
145 606
145 612
145 647
145 653
145 654
145 655
145 657
145 669
145 676
145 710
145 717
145 718
145 733
145 775
145 782
145 783
145 785
145 797
145 838
145 839
145 845
145 846
145 849
145 861
145 868
145 902
145 903
145 909
145 910
145 911
145 913
145 925
145 932
145 966
145 967
145 973
145 974
145 977
145 996
145 1031
145 1095
145 1102
145 1159
145 1222
145 1223
145 1229
145 1231
145 1233
145 1245
145 1252
146 0
146 6
146 18
146 28
146 38
146 64
146 75
146 78
146 82
146 91
146 128
146 132
146 138
146 139
146 158
146 163
146 182
146 198
146 202
146 210
146 222
146 230
146 267
146 274
146 320
146 330
146 331
146 338
146 348
146 350
146 352
146 391
146 412
146 421
146 422
146 454
146 457
146 461
146 463
146 465
146 544
146 549
146 550
146 566
146 576
146 646
146 653
146 669
146 713
146 719
146 721
146 777
146 781
146 847
146 866
146 902
146 934
146 960
146 966
146 975
146 989
146 1001
146 1117
146 1124
146 1158
146 1165
146 1188
146 1216
147 19
147 83
147 211
147 275
147 339
148 20
148 84
148 167
148 212
148 276
148 340
148 524
148 1164
149 21
149 85
149 213
149 246
149 277
149 341
149 982
150 0
150 6
150 7
150 13
150 14
150 15
150 17
150 22
150 28
150 29
150 36
150 64
150 70
150 71
150 77
150 78
150 79
150 81
150 86
150 91
150 93
150 100
150 128
150 134
150 135
150 138
150 145
150 155
150 156
150 157
150 158
150 164
150 166
150 182
150 198
150 199
150 202
150 205
150 206
150 207
150 209
150 214
150 220
150 221
150 222
150 228
150 230
150 262
150 263
150 271
150 273
150 278
150 285
150 292
150 326
150 327
150 333
150 334
150 335
150 342
150 348
150 349
150 350
150 352
150 356
150 358
150 390
150 391
150 397
150 398
150 399
150 401
150 413
150 420
150 421
150 454
150 457
150 461
150 463
150 465
150 518
150 519
150 526
150 527
150 529
150 544
150 548
150 550
150 566
150 582
150 583
150 589
150 590
150 591
150 593
150 605
150 606
150 612
150 646
150 647
150 653
150 654
150 655
150 657
150 669
150 676
150 710
150 713
150 717
150 718
150 719
150 733
150 775
150 777
150 781
150 782
150 783
150 785
150 797
150 838
150 839
150 845
150 846
150 849
150 861
150 868
150 902
150 903
150 909
150 910
150 911
150 913
150 925
150 932
150 966
150 967
150 973
150 974
150 975
150 977
150 989
150 996
150 1030
150 1039
150 1041
150 1053
150 1060
150 1094
150 1103
150 1105
150 1166
150 1167
150 1169
150 1181
150 1227
150 1230
150 1234
151 23
151 87
151 110
151 215
151 279
151 343
151 627
152 24
152 88
152 216
152 280
152 344
152 602
153 25
153 89
153 217
153 281
153 345
153 753
154 26
154 90
154 218
154 282
154 346
155 0
155 6
155 7
155 13
155 14
155 15
155 17
155 27
155 29
155 36
155 64
155 70
155 71
155 77
155 78
155 79
155 81
155 91
155 93
155 100
155 128
155 134
155 135
155 138
155 142
155 143
155 145
155 150
155 156
155 157
155 158
155 164
155 166
155 182
155 199
155 202
155 205
155 206
155 207
155 209
155 219
155 220
155 221
155 228
155 230
155 262
155 263
155 271
155 273
155 283
155 285
155 292
155 326
155 327
155 333
155 334
155 335
155 337
155 347
155 349
155 350
155 356
155 358
155 390
155 391
155 397
155 398
155 399
155 401
155 413
155 420
155 421
155 457
155 461
155 465
155 518
155 519
155 525
155 526
155 527
155 529
155 541
155 544
155 548
155 550
155 582
155 583
155 589
155 590
155 591
155 593
155 605
155 606
155 612
155 647
155 653
155 654
155 655
155 657
155 669
155 676
155 710
155 713
155 717
155 718
155 719
155 733
155 775
155 777
155 781
155 782
155 783
155 785
155 797
155 838
155 839
155 845
155 846
155 849
155 861
155 868
155 902
155 903
155 909
155 910
155 911
155 913
155 925
155 932
155 966
155 967
155 973
155 974
155 975
155 977
155 989
155 996
155 1031
155 1039
155 1053
155 1060
155 1103
155 1105
155 1159
155 1166
155 1167
155 1169
155 1181
155 1227
155 1230
155 1233
155 1234
156 0
156 6
156 7
156 13
156 15
156 28
156 29
156 36
156 64
156 70
156 71
156 77
156 78
156 79
156 91
156 92
156 93
156 100
156 128
156 135
156 138
156 145
156 150
156 155
156 158
156 164
156 166
156 182
156 198
156 199
156 202
156 205
156 206
156 207
156 209
156 220
156 221
156 222
156 228
156 230
156 262
156 263
156 271
156 273
156 284
156 285
156 292
156 326
156 327
156 333
156 334
156 335
156 348
156 349
156 350
156 352
156 356
156 358
156 390
156 391
156 397
156 399
156 401
156 412
156 413
156 420
156 421
156 422
156 454
156 457
156 461
156 463
156 465
156 519
156 526
156 527
156 529
156 544
156 548
156 550
156 566
156 576
156 582
156 583
156 589
156 590
156 591
156 593
156 605
156 606
156 612
156 646
156 647
156 653
156 654
156 655
156 657
156 669
156 676
156 710
156 713
156 717
156 718
156 719
156 733
156 777
156 781
156 782
156 783
156 785
156 797
156 838
156 839
156 845
156 846
156 849
156 861
156 866
156 868
156 902
156 903
156 909
156 910
156 911
156 913
156 925
156 932
156 966
156 973
156 974
156 975
156 977
156 989
156 996
156 1030
156 1039
156 1041
156 1053
156 1060
156 1094
156 1101
156 1103
156 1105
156 1166
156 1167
156 1169
156 1181
156 1227
156 1230
156 1234
157 7
157 13
157 14
157 15
157 17
157 29
157 36
157 70
157 71
157 77
157 79
157 81
157 93
157 100
157 134
157 135
157 141
157 142
157 143
157 145
157 150
157 155
157 164
157 166
157 199
157 205
157 206
157 207
157 209
157 220
157 221
157 228
157 262
157 263
157 271
157 273
157 285
157 292
157 326
157 327
157 333
157 334
157 335
157 337
157 349
157 356
157 358
157 397
157 398
157 399
157 401
157 413
157 420
157 518
157 519
157 525
157 526
157 527
157 529
157 541
157 548
157 582
157 583
157 589
157 590
157 591
157 593
157 605
157 606
157 612
157 647
157 654
157 655
157 657
157 710
157 717
157 718
157 733
157 775
157 782
157 783
157 785
157 797
157 838
157 839
157 845
157 846
157 849
157 861
157 868
157 903
157 909
157 910
157 911
157 913
157 925
157 932
157 967
157 973
157 974
157 977
157 996
157 1095
157 1102
157 1222
157 1223
157 1229
157 1231
157 1245
157 1252
158 0
158 6
158 7
158 13
158 15
158 28
158 29
158 30
158 36
158 64
158 71
158 77
158 78
158 91
158 93
158 94
158 100
158 128
158 135
158 138
158 146
158 150
158 155
158 156
158 163
158 164
158 166
158 182
158 198
158 199
158 202
158 205
158 206
158 207
158 220
158 221
158 222
158 228
158 230
158 262
158 263
158 267
158 271
158 273
158 285
158 286
158 292
158 331
158 334
158 335
158 348
158 350
158 352
158 356
158 358
158 390
158 391
158 397
158 399
158 412
158 413
158 420
158 421
158 422
158 454
158 457
158 461
158 463
158 465
158 526
158 527
158 529
158 544
158 550
158 566
158 576
158 582
158 583
158 589
158 591
158 593
158 605
158 606
158 612
158 646
158 647
158 653
158 654
158 655
158 657
158 669
158 676
158 710
158 713
158 717
158 718
158 719
158 721
158 733
158 777
158 781
158 783
158 785
158 838
158 845
158 846
158 847
158 849
158 861
158 866
158 868
158 902
158 909
158 910
158 911
158 913
158 925
158 932
158 934
158 966
158 973
158 974
158 975
158 977
158 989
158 1001
158 1030
158 1037
158 1039
158 1041
158 1060
158 1094
158 1101
158 1167
158 1169
158 1181
158 1230
158 1234
158 1246
159 31
159 95
159 171
159 197
159 223
159 287
159 351
159 633
160 32
160 92
160 96
160 224
160 288
160 352
160 388
160 414
160 462
160 512
160 836
160 1038
161 33
161 97
161 225
161 289
161 353
162 34
162 98
162 136
162 226
162 290
162 354
163 0
163 6
163 28
163 35
163 38
163 64
163 75
163 78
163 91
163 99
163 128
163 132
163 138
163 139
163 146
163 158
163 182
163 198
163 222
163 227
163 230
163 267
163 291
163 320
163 330
163 331
163 348
163 352
163 355
163 391
163 406
163 412
163 415
163 421
163 422
163 454
163 457
163 461
163 463
163 516
163 544
163 549
163 566
163 576
163 646
163 713
163 719
163 721
163 777
163 781
163 847
163 866
163 934
163 960
163 975
163 989
163 1001
163 1117
163 1158
163 1165
163 1188
163 1216
163 1250
164 0
164 6
164 7
164 13
164 14
164 15
164 17
164 29
164 36
164 70
164 71
164 77
164 78
164 79
164 81
164 93
164 100
164 134
164 135
164 141
164 142
164 143
164 145
164 150
164 155
164 156
164 157
164 158
164 166
164 199
164 202
164 205
164 206
164 207
164 209
164 220
164 221
164 228
164 230
164 262
164 263
164 271
164 273
164 285
164 292
164 326
164 327
164 333
164 334
164 335
164 337
164 349
164 350
164 356
164 358
164 390
164 397
164 398
164 399
164 401
164 413
164 420
164 461
164 465
164 518
164 519
164 525
164 526
164 527
164 529
164 541
164 548
164 550
164 582
164 583
164 589
164 590
164 591
164 593
164 605
164 606
164 612
164 647
164 653
164 654
164 655
164 657
164 669
164 676
164 710
164 717
164 718
164 733
164 775
164 782
164 783
164 785
164 797
164 838
164 839
164 845
164 846
164 849
164 861
164 868
164 902
164 903
164 909
164 910
164 911
164 913
164 925
164 932
164 966
164 967
164 973
164 974
164 975
164 977
164 996
164 1031
164 1095
164 1102
164 1103
164 1159
164 1166
164 1222
164 1223
164 1227
164 1229
164 1231
164 1233
164 1245
164 1252
165 37
165 101
165 229
165 293
165 357
165 850
166 0
166 6
166 7
166 13
166 14
166 15
166 17
166 29
166 36
166 38
166 70
166 71
166 77
166 78
166 79
166 81
166 93
166 100
166 102
166 134
166 135
166 138
166 141
166 142
166 143
166 145
166 150
166 155
166 156
166 157
166 158
166 164
166 199
166 202
166 205
166 206
166 207
166 209
166 220
166 221
166 228
166 230
166 262
166 263
166 271
166 273
166 285
166 292
166 294
166 326
166 327
166 333
166 334
166 335
166 337
166 349
166 350
166 356
166 358
166 390
166 391
166 397
166 398
166 399
166 401
166 413
166 420
166 421
166 461
166 465
166 518
166 519
166 525
166 526
166 527
166 529
166 541
166 544
166 548
166 550
166 582
166 583
166 589
166 590
166 591
166 593
166 605
166 606
166 612
166 647
166 653
166 654
166 655
166 657
166 669
166 676
166 710
166 717
166 718
166 719
166 733
166 775
166 777
166 782
166 783
166 785
166 797
166 838
166 839
166 845
166 846
166 849
166 861
166 868
166 902
166 903
166 909
166 910
166 911
166 913
166 925
166 932
166 966
166 967
166 973
166 974
166 975
166 977
166 989
166 996
166 1031
166 1053
166 1102
166 1103
166 1105
166 1159
166 1166
166 1227
166 1229
166 1231
166 1233
167 39
167 103
167 148
167 231
167 295
167 359
167 524
167 1164
168 40
168 104
168 232
168 296
168 360
168 495
168 889
168 1023
169 41
169 105
169 195
169 233
169 297
169 361
169 650
170 42
170 106
170 234
170 298
170 362
171 43
171 107
171 159
171 197
171 235
171 299
171 363
171 633
172 44
172 108
172 236
172 282
172 300
172 305
172 307
172 364
172 558
173 45
173 109
173 237
173 301
173 345
173 365
174 46
174 54
174 110
174 238
174 302
174 353
174 366
174 857
175 47
175 111
175 239
175 303
175 367
175 1240
176 48
176 112
176 240
176 279
176 304
176 368
176 946
177 49
177 113
177 241
177 305
177 369
177 663
177 914
178 50
178 114
178 184
178 232
178 242
178 306
178 370
178 1012
178 1154
179 51
179 115
179 243
179 307
179 371
179 730
179 1137
180 52
180 116
180 244
180 308
180 372
180 430
180 801
180 962
181 53
181 117
181 245
181 309
181 373
182 0
182 6
182 7
182 13
182 28
182 36
182 38
182 54
182 64
182 75
182 78
182 91
182 118
182 128
182 135
182 138
182 146
182 150
182 155
182 156
182 158
182 163
182 198
182 202
182 222
182 230
182 246
182 262
182 263
182 267
182 271
182 292
182 310
182 330
182 331
182 334
182 348
182 350
182 352
182 358
182 374
182 390
182 391
182 412
182 421
182 422
182 454
182 457
182 461
182 463
182 465
182 544
182 549
182 550
182 566
182 576
182 583
182 591
182 593
182 646
182 647
182 653
182 654
182 655
182 657
182 669
182 676
182 713
182 718
182 719
182 721
182 733
182 777
182 781
182 785
182 845
182 847
182 866
182 902
182 909
182 911
182 925
182 932
182 934
182 960
182 966
182 975
182 989
182 1001
182 1037
182 1041
182 1094
182 1101
182 1124
182 1188
182 1216
182 1246
183 55
183 119
183 247
183 311
183 375
183 985
183 1171
184 56
184 120
184 178
184 232
184 248
184 312
184 376
184 1012
184 1154
185 57
185 121
185 249
185 313
185 377
186 58
186 122
186 250
186 314
186 378
186 887
187 59
187 123
187 251
187 315
187 379
187 428
187 700
187 892
187 1078
187 1198
187 1239
188 53
188 60
188 124
188 252
188 316
188 380
189 61
189 125
189 253
189 317
189 381
189 674
189 915
190 62
190 126
190 254
190 318
190 382
191 63
191 127
191 255
191 319
191 383
191 499
192 0
192 64
192 128
192 256
192 320
192 384
192 585
192 1099
193 1
193 65
193 129
193 257
193 321
193 385
194 2
194 66
194 130
194 258
194 322
194 386
194 1175
194 1263
195 3
195 67
195 131
195 169
195 259
195 323
195 387
195 650
196 4
196 10
196 68
196 132
196 260
196 324
196 388
197 5
197 69
197 133
197 159
197 171
197 261
197 325
197 389
197 633
198 0
198 6
198 13
198 28
198 38
198 64
198 70
198 75
198 78
198 91
198 128
198 134
198 135
198 138
198 139
198 146
198 150
198 156
198 158
198 163
198 182
198 202
198 222
198 230
198 262
198 263
198 267
198 292
198 320
198 326
198 330
198 331
198 348
198 350
198 352
198 358
198 390
198 391
198 412
198 421
198 422
198 454
198 457
198 461
198 463
198 465
198 544
198 549
198 550
198 566
198 576
198 646
198 647
198 653
198 669
198 676
198 713
198 719
198 721
198 733
198 777
198 781
198 847
198 866
198 902
198 911
198 925
198 932
198 934
198 960
198 966
198 975
198 989
198 1001
198 1030
198 1037
198 1039
198 1041
198 1060
198 1117
198 1124
198 1158
198 1188
198 1216
199 0
199 6
199 7
199 13
199 14
199 15
199 17
199 29
199 36
199 70
199 71
199 77
199 78
199 79
199 81
199 93
199 100
199 134
199 135
199 141
199 142
199 143
199 145
199 150
199 155
199 156
199 157
199 158
199 164
199 166
199 202
199 205
199 206
199 207
199 209
199 220
199 221
199 228
199 230
199 262
199 263
199 271
199 273
199 285
199 292
199 326
199 327
199 333
199 334
199 335
199 337
199 349
199 350
199 356
199 358
199 390
199 391
199 397
199 398
199 399
199 401
199 413
199 420
199 461
199 465
199 518
199 519
199 525
199 526
199 527
199 529
199 541
199 548
199 550
199 582
199 583
199 589
199 590
199 591
199 593
199 605
199 606
199 612
199 647
199 653
199 654
199 655
199 657
199 669
199 676
199 710
199 717
199 718
199 733
199 775
199 782
199 783
199 785
199 797
199 838
199 839
199 845
199 846
199 849
199 861
199 868
199 902
199 903
199 909
199 910
199 911
199 913
199 925
199 932
199 966
199 967
199 973
199 974
199 975
199 977
199 996
199 1030
199 1031
199 1039
199 1041
199 1053
199 1060
199 1095
199 1102
199 1103
199 1159
199 1166
199 1222
199 1223
199 1227
199 1229
199 1231
199 1233
199 1245
199 1252
200 8
200 72
200 80
200 136
200 264
200 328
200 392
200 466
200 793
201 9
201 69
201 73
201 137
201 265
201 325
201 329
201 393
201 455
201 517
201 581
201 649
201 711
201 774
201 837
201 905
201 969
201 1033
201 1097
201 1161
201 1217
201 1221
202 0
202 6
202 7
202 10
202 13
202 15
202 28
202 29
202 36
202 64
202 70
202 71
202 74
202 77
202 78
202 91
202 93
202 100
202 128
202 135
202 138
202 145
202 146
202 150
202 155
202 156
202 158
202 164
202 166
202 182
202 198
202 199
202 205
202 206
202 207
202 220
202 221
202 222
202 228
202 230
202 262
202 263
202 266
202 267
202 271
202 273
202 285
202 292
202 326
202 330
202 331
202 334
202 335
202 348
202 350
202 352
202 356
202 358
202 390
202 391
202 394
202 397
202 399
202 412
202 413
202 420
202 421
202 422
202 454
202 457
202 461
202 463
202 465
202 526
202 527
202 529
202 544
202 550
202 566
202 576
202 582
202 583
202 589
202 590
202 591
202 593
202 605
202 606
202 612
202 646
202 647
202 653
202 654
202 655
202 657
202 669
202 676
202 710
202 713
202 717
202 718
202 719
202 721
202 733
202 777
202 781
202 783
202 785
202 838
202 845
202 846
202 847
202 849
202 861
202 866
202 868
202 902
202 909
202 910
202 911
202 913
202 925
202 932
202 934
202 966
202 973
202 974
202 975
202 977
202 989
202 1030
202 1031
202 1037
202 1039
202 1041
202 1053
202 1060
202 1094
202 1101
202 1105
202 1167
202 1169
202 1181
202 1230
202 1234
202 1246
203 11
203 75
203 139
203 267
203 331
203 395
203 990
204 12
204 76
204 140
204 268
204 332
204 396
205 0
205 6
205 7
205 13
205 14
205 15
205 17
205 29
205 36
205 70
205 71
205 77
205 78
205 79
205 81
205 93
205 100
205 134
205 135
205 138
205 141
205 142
205 143
205 145
205 150
205 155
205 156
205 157
205 158
205 164
205 166
205 199
205 202
205 206
205 207
205 209
205 220
205 221
205 228
205 230
205 262
205 263
205 269
205 271
205 273
205 285
205 292
205 326
205 327
205 333
205 334
205 335
205 337
205 349
205 350
205 356
205 358
205 390
205 391
205 397
205 398
205 399
205 401
205 413
205 420
205 421
205 461
205 465
205 518
205 519
205 525
205 526
205 527
205 529
205 541
205 544
205 548
205 550
205 582
205 583
205 589
205 590
205 591
205 593
205 605
205 606
205 612
205 647
205 653
205 654
205 655
205 657
205 669
205 676
205 710
205 717
205 718
205 719
205 733
205 775
205 777
205 782
205 783
205 785
205 797
205 838
205 839
205 845
205 846
205 849
205 861
205 868
205 902
205 903
205 909
205 910
205 911
205 913
205 925
205 932
205 966
205 967
205 973
205 974
205 975
205 977
205 989
205 996
205 1030
205 1031
205 1037
205 1039
205 1041
205 1053
205 1060
205 1102
205 1103
205 1105
205 1159
205 1166
205 1169
205 1227
205 1229
205 1230
205 1231
205 1233
206 0
206 6
206 7
206 13
206 14
206 15
206 17
206 29
206 36
206 70
206 71
206 77
206 78
206 79
206 81
206 93
206 100
206 134
206 135
206 138
206 141
206 142
206 143
206 145
206 150
206 155
206 156
206 157
206 158
206 164
206 166
206 199
206 202
206 205
206 207
206 209
206 220
206 221
206 228
206 230
206 262
206 263
206 270
206 271
206 273
206 285
206 292
206 326
206 327
206 333
206 334
206 335
206 337
206 349
206 350
206 356
206 358
206 390
206 391
206 397
206 398
206 399
206 401
206 413
206 420
206 421
206 461
206 465
206 518
206 519
206 525
206 526
206 527
206 529
206 541
206 544
206 548
206 550
206 582
206 583
206 589
206 590
206 591
206 593
206 605
206 606
206 612
206 647
206 653
206 654
206 655
206 657
206 669
206 676
206 710
206 717
206 718
206 719
206 733
206 775
206 777
206 782
206 783
206 785
206 797
206 838
206 839
206 845
206 846
206 849
206 861
206 868
206 902
206 903
206 909
206 910
206 911
206 913
206 925
206 932
206 966
206 967
206 973
206 974
206 975
206 977
206 989
206 996
206 1030
206 1031
206 1039
206 1041
206 1053
206 1060
206 1102
206 1103
206 1105
206 1159
206 1166
206 1227
206 1229
206 1231
206 1233
207 0
207 7
207 13
207 14
207 15
207 17
207 29
207 36
207 70
207 71
207 77
207 78
207 79
207 81
207 93
207 100
207 134
207 135
207 141
207 142
207 143
207 145
207 150
207 155
207 156
207 157
207 158
207 164
207 166
207 199
207 202
207 205
207 206
207 209
207 220
207 221
207 228
207 262
207 263
207 271
207 273
207 285
207 292
207 326
207 327
207 333
207 334
207 335
207 337
207 349
207 350
207 356
207 358
207 390
207 397
207 398
207 399
207 401
207 413
207 420
207 465
207 518
207 519
207 525
207 526
207 527
207 529
207 541
207 548
207 550
207 582
207 583
207 589
207 590
207 591
207 593
207 605
207 606
207 612
207 647
207 653
207 654
207 655
207 657
207 669
207 676
207 710
207 717
207 718
207 733
207 775
207 782
207 783
207 785
207 797
207 838
207 839
207 845
207 846
207 849
207 861
207 868
207 902
207 903
207 909
207 910
207 911
207 913
207 925
207 932
207 966
207 967
207 973
207 974
207 977
207 996
207 1030
207 1031
207 1039
207 1041
207 1053
207 1060
207 1095
207 1102
207 1159
207 1222
207 1223
207 1229
207 1231
207 1233
207 1245
207 1252
208 16
208 80
208 144
208 226
208 272
208 336
208 400
208 855
209 7
209 13
209 14
209 15
209 17
209 29
209 36
209 70
209 71
209 77
209 79
209 81
209 93
209 100
209 134
209 135
209 141
209 142
209 143
209 145
209 150
209 155
209 156
209 157
209 164
209 166
209 199
209 205
209 206
209 207
209 220
209 221
209 228
209 262
209 263
209 271
209 273
209 285
209 292
209 326
209 327
209 333
209 334
209 335
209 337
209 349
209 350
209 356
209 358
209 390
209 397
209 398
209 399
209 401
209 413
209 420
209 465
209 518
209 519
209 525
209 526
209 527
209 529
209 541
209 548
209 550
209 582
209 583
209 589
209 590
209 591
209 593
209 605
209 606
209 612
209 647
209 653
209 654
209 655
209 657
209 669
209 676
209 710
209 717
209 718
209 733
209 775
209 782
209 783
209 785
209 797
209 838
209 839
209 845
209 846
209 849
209 861
209 868
209 903
209 909
209 910
209 911
209 913
209 925
209 932
209 966
209 967
209 973
209 974
209 977
209 996
209 1031
209 1039
209 1053
209 1060
209 1095
209 1102
209 1159
209 1222
209 1223
209 1229
209 1231
209 1233
209 1245
209 1252
210 18
210 82
210 146
210 274
210 338
210 402
211 19
211 83
211 147
211 275
211 339
211 403
212 20
212 84
212 148
212 249
212 276
212 340
212 404
212 439
212 1191
213 21
213 85
213 149
213 277
213 341
213 405
213 1122
214 22
214 86
214 150
214 270
214 278
214 342
214 406
214 545
214 776
215 23
215 87
215 151
215 279
215 343
215 381
215 407
215 429
215 750
216 24
216 88
216 152
216 280
216 344
216 408
216 446
217 25
217 89
217 153
217 281
217 345
217 409
217 540
217 671
218 26
218 90
218 154
218 282
218 346
218 410
218 607
218 796
218 1051
219 27
219 91
219 155
219 283
219 347
219 411
220 0
220 6
220 7
220 13
220 14
220 15
220 17
220 28
220 29
220 36
220 70
220 71
220 77
220 78
220 79
220 81
220 92
220 93
220 100
220 134
220 135
220 138
220 141
220 142
220 143
220 145
220 150
220 155
220 156
220 157
220 158
220 164
220 166
220 199
220 202
220 205
220 206
220 207
220 209
220 221
220 228
220 230
220 262
220 263
220 271
220 273
220 284
220 285
220 292
220 326
220 327
220 333
220 334
220 335
220 337
220 348
220 349
220 350
220 356
220 358
220 390
220 397
220 398
220 399
220 401
220 412
220 413
220 420
220 421
220 461
220 465
220 518
220 519
220 525
220 526
220 527
220 529
220 541
220 548
220 550
220 582
220 583
220 589
220 590
220 591
220 593
220 605
220 606
220 612
220 647
220 653
220 654
220 655
220 657
220 669
220 676
220 710
220 717
220 718
220 719
220 733
220 775
220 782
220 783
220 785
220 797
220 838
220 839
220 845
220 846
220 849
220 861
220 868
220 902
220 903
220 909
220 910
220 911
220 913
220 925
220 932
220 966
220 967
220 973
220 974
220 975
220 977
220 989
220 996
220 1030
220 1031
220 1039
220 1041
220 1053
220 1060
220 1095
220 1102
220 1103
220 1105
220 1159
220 1166
220 1222
220 1227
220 1229
220 1231
220 1233
221 0
221 7
221 13
221 14
221 15
221 17
221 29
221 36
221 70
221 71
221 77
221 78
221 79
221 81
221 93
221 100
221 134
221 135
221 141
221 142
221 143
221 145
221 150
221 155
221 156
221 157
221 158
221 164
221 166
221 199
221 202
221 205
221 206
221 207
221 209
221 220
221 228
221 230
221 262
221 263
221 271
221 273
221 285
221 292
221 326
221 327
221 333
221 334
221 335
221 337
221 349
221 350
221 356
221 358
221 390
221 397
221 398
221 399
221 401
221 413
221 420
221 465
221 518
221 519
221 525
221 526
221 527
221 529
221 541
221 548
221 550
221 582
221 583
221 589
221 590
221 591
221 593
221 605
221 606
221 612
221 647
221 653
221 654
221 655
221 657
221 669
221 676
221 710
221 717
221 718
221 733
221 775
221 782
221 783
221 785
221 797
221 838
221 839
221 845
221 846
221 849
221 861
221 868
221 902
221 903
221 909
221 910
221 911
221 913
221 925
221 932
221 966
221 967
221 973
221 974
221 977
221 996
221 1030
221 1031
221 1039
221 1041
221 1053
221 1060
221 1095
221 1102
221 1103
221 1159
221 1166
221 1222
221 1223
221 1229
221 1231
221 1233
221 1245
221 1252
222 0
222 6
222 28
222 30
222 38
222 64
222 75
222 78
222 91
222 94
222 128
222 132
222 135
222 138
222 139
222 146
222 150
222 156
222 158
222 163
222 182
222 198
222 202
222 230
222 263
222 267
222 286
222 320
222 330
222 331
222 348
222 350
222 352
222 358
222 390
222 391
222 412
222 414
222 421
222 422
222 454
222 457
222 461
222 463
222 465
222 544
222 549
222 550
222 566
222 576
222 646
222 653
222 669
222 676
222 713
222 719
222 721
222 777
222 781
222 847
222 866
222 902
222 911
222 925
222 934
222 960
222 966
222 975
222 989
222 1001
222 1030
222 1037
222 1041
222 1060
222 1117
222 1124
222 1158
222 1165
222 1188
222 1216
223 31
223 95
223 159
223 287
223 351
223 415
223 726
223 770
224 32
224 96
224 126
224 160
224 288
224 352
224 416
224 426
224 502
225 33
225 97
225 161
225 289
225 353
225 417
226 34
226 98
226 162
226 208
226 290
226 354
226 418
226 855
227 35
227 99
227 163
227 291
227 355
227 419
227 432
228 0
228 6
228 7
228 13
228 14
228 15
228 17
228 29
228 36
228 70
228 71
228 77
228 78
228 79
228 81
228 93
228 100
228 134
228 135
228 138
228 141
228 142
228 143
228 145
228 150
228 155
228 156
228 157
228 158
228 164
228 166
228 199
228 202
228 205
228 206
228 207
228 209
228 220
228 221
228 230
228 262
228 263
228 271
228 273
228 285
228 292
228 326
228 327
228 333
228 334
228 335
228 337
228 349
228 350
228 356
228 358
228 390
228 391
228 397
228 398
228 399
228 401
228 413
228 420
228 421
228 457
228 461
228 465
228 518
228 519
228 525
228 526
228 527
228 529
228 541
228 544
228 548
228 550
228 582
228 583
228 589
228 590
228 591
228 593
228 605
228 606
228 612
228 647
228 653
228 654
228 655
228 657
228 669
228 676
228 710
228 717
228 718
228 719
228 733
228 775
228 777
228 782
228 783
228 785
228 797
228 838
228 839
228 845
228 846
228 849
228 861
228 868
228 902
228 903
228 909
228 910
228 911
228 913
228 925
228 932
228 966
228 967
228 973
228 974
228 975
228 977
228 989
228 996
228 1030
228 1031
228 1037
228 1039
228 1041
228 1053
228 1060
228 1103
228 1105
228 1159
228 1166
228 1169
228 1227
228 1230
228 1231
228 1233
229 37
229 101
229 165
229 293
229 357
229 421
229 1184
230 0
230 6
230 7
230 13
230 15
230 28
230 29
230 36
230 38
230 64
230 71
230 77
230 78
230 91
230 93
230 100
230 102
230 128
230 135
230 138
230 146
230 150
230 155
230 156
230 158
230 163
230 164
230 166
230 182
230 198
230 199
230 202
230 205
230 206
230 220
230 221
230 222
230 228
230 262
230 263
230 267
230 271
230 273
230 285
230 292
230 294
230 331
230 334
230 348
230 350
230 352
230 356
230 358
230 390
230 391
230 397
230 399
230 412
230 413
230 420
230 421
230 422
230 454
230 457
230 461
230 463
230 465
230 526
230 527
230 529
230 544
230 550
230 566
230 576
230 583
230 589
230 591
230 593
230 612
230 646
230 647
230 653
230 654
230 655
230 657
230 669
230 676
230 710
230 713
230 717
230 718
230 719
230 721
230 733
230 777
230 781
230 783
230 785
230 838
230 845
230 846
230 847
230 849
230 861
230 866
230 868
230 902
230 909
230 910
230 911
230 913
230 925
230 932
230 934
230 966
230 973
230 974
230 975
230 977
230 989
230 1001
230 1030
230 1031
230 1037
230 1039
230 1041
230 1053
230 1060
230 1094
230 1101
230 1167
230 1181
230 1234
230 1246
231 39
231 103
231 167
231 295
231 359
231 423
232 40
232 104
232 168
232 178
232 184
232 296
232 360
232 424
232 1012
232 1154
233 41
233 105
233 169
233 297
233 323
233 361
233 425
233 786
233 1237
234 42
234 106
234 170
234 298
234 362
234 426
235 43
235 107
235 171
235 299
235 363
235 427
235 1109
236 44
236 108
236 172
236 300
236 364
236 428
236 470
236 1121
237 45
237 109
237 173
237 241
237 277
237 301
237 365
237 429
237 537
237 1185
238 46
238 110
238 174
238 302
238 366
238 430
238 1141
239 47
239 111
239 175
239 303
239 367
239 431
239 758
240 48
240 112
240 176
240 304
240 368
240 432
240 506
241 49
241 113
241 177
241 237
241 277
241 305
241 369
241 433
241 537
241 1185
242 50
242 114
242 178
242 306
242 370
242 434
242 875
243 51
243 115
243 179
243 307
243 371
243 435
243 445
243 980
244 52
244 116
244 180
244 308
244 372
244 436
244 659
244 696
244 935
244 948
244 976
245 53
245 117
245 181
245 309
245 373
245 437
245 608
245 1242
246 54
246 118
246 149
246 182
246 310
246 374
246 438
246 982
247 55
247 119
247 183
247 311
247 375
247 439
247 551
248 56
248 120
248 184
248 312
248 376
248 440
248 937
248 1006
249 57
249 121
249 185
249 212
249 313
249 377
249 439
249 441
249 1191
250 58
250 122
250 123
250 186
250 314
250 378
250 442
250 491
250 752
251 59
251 123
251 187
251 315
251 379
251 443
251 683
251 880
252 60
252 124
252 188
252 316
252 380
252 444
252 458
252 814
253 61
253 125
253 189
253 317
253 381
253 445
253 1076
253 1083
254 62
254 126
254 190
254 318
254 382
254 446
254 689
255 63
255 127
255 191
255 319
255 383
255 407
255 447
255 701
256 64
256 128
256 192
256 320
256 384
256 448
256 715
257 65
257 129
257 193
257 321
257 385
257 449
258 66
258 130
258 194
258 322
258 386
258 450
258 533
259 67
259 131
259 195
259 323
259 387
259 451
259 528
260 68
260 132
260 196
260 261
260 309
260 324
260 388
260 452
261 69
261 133
261 197
261 260
261 309
261 325
261 389
261 453
262 0
262 6
262 7
262 13
262 14
262 15
262 17
262 29
262 36
262 64
262 70
262 71
262 77
262 78
262 79
262 81
262 91
262 93
262 100
262 128
262 134
262 135
262 138
262 142
262 143
262 145
262 150
262 155
262 156
262 157
262 158
262 164
262 166
262 182
262 198
262 199
262 202
262 205
262 206
262 207
262 209
262 220
262 221
262 228
262 230
262 263
262 271
262 273
262 285
262 292
262 326
262 327
262 333
262 334
262 335
262 337
262 349
262 350
262 356
262 358
262 390
262 391
262 397
262 398
262 399
262 401
262 413
262 420
262 421
262 454
262 457
262 461
262 465
262 518
262 519
262 525
262 526
262 527
262 529
262 541
262 544
262 548
262 550
262 582
262 583
262 589
262 590
262 591
262 593
262 605
262 606
262 612
262 647
262 653
262 654
262 655
262 657
262 669
262 676
262 710
262 713
262 717
262 718
262 719
262 733
262 775
262 777
262 781
262 782
262 783
262 785
262 797
262 838
262 839
262 845
262 846
262 849
262 861
262 868
262 902
262 903
262 909
262 910
262 911
262 913
262 925
262 932
262 966
262 967
262 973
262 974
262 975
262 977
262 989
262 996
262 1030
262 1031
262 1037
262 1039
262 1041
262 1053
262 1060
262 1094
262 1095
262 1101
262 1102
262 1103
262 1105
262 1124
262 1159
262 1166
262 1167
262 1169
262 1181
262 1227
262 1230
262 1233
262 1234
263 0
263 6
263 7
263 13
263 14
263 15
263 17
263 28
263 29
263 36
263 64
263 70
263 71
263 77
263 78
263 79
263 81
263 91
263 93
263 100
263 128
263 134
263 135
263 138
263 142
263 145
263 150
263 155
263 156
263 157
263 158
263 164
263 166
263 182
263 198
263 199
263 202
263 205
263 206
263 207
263 209
263 220
263 221
263 222
263 228
263 230
263 262
263 271
263 273
263 285
263 292
263 326
263 327
263 333
263 334
263 335
263 348
263 349
263 350
263 352
263 356
263 358
263 390
263 391
263 397
263 398
263 399
263 401
263 413
263 420
263 421
263 455
263 457
263 461
263 463
263 465
263 518
263 519
263 526
263 527
263 529
263 541
263 544
263 548
263 550
263 566
263 582
263 583
263 589
263 590
263 591
263 593
263 605
263 606
263 612
263 646
263 647
263 653
263 654
263 655
263 657
263 669
263 676
263 710
263 713
263 717
263 718
263 719
263 733
263 775
263 777
263 781
263 782
263 783
263 785
263 797
263 838
263 839
263 845
263 846
263 849
263 861
263 868
263 902
263 903
263 909
263 910
263 911
263 913
263 925
263 932
263 966
263 967
263 973
263 974
263 975
263 977
263 989
263 996
263 1030
263 1031
263 1037
263 1039
263 1041
263 1053
263 1060
263 1094
263 1095
263 1101
263 1102
263 1103
263 1105
263 1124
263 1166
263 1167
263 1169
263 1181
263 1227
263 1230
263 1234
264 72
264 136
264 200
264 328
264 392
264 456
264 564
264 1013
265 9
265 69
265 73
265 137
265 201
265 325
265 329
265 393
265 455
265 457
265 517
265 581
265 649
265 711
265 774
265 837
265 905
265 969
265 1033
265 1097
265 1161
265 1217
265 1221
266 74
266 138
266 202
266 330
266 394
266 419
266 449
266 458
266 929
267 0
267 6
267 28
267 38
267 64
267 75
267 78
267 91
267 128
267 132
267 138
267 139
267 146
267 158
267 163
267 182
267 198
267 202
267 203
267 222
267 230
267 320
267 330
267 331
267 348
267 350
267 352
267 391
267 395
267 406
267 412
267 415
267 421
267 422
267 454
267 457
267 459
267 461
267 463
267 465
267 516
267 544
267 549
267 550
267 566
267 576
267 646
267 653
267 669
267 713
267 719
267 721
267 777
267 781
267 847
267 866
267 902
267 934
267 960
267 966
267 975
267 989
267 1001
267 1030
267 1037
267 1041
267 1094
267 1101
267 1117
267 1124
267 1158
267 1165
267 1188
267 1216
268 76
268 140
268 204
268 332
268 386
268 396
268 460
269 77
269 141
269 205
269 333
269 397
269 461
270 78
270 142
270 206
270 214
270 334
270 398
270 462
270 545
270 776
271 0
271 6
271 7
271 13
271 14
271 15
271 17
271 29
271 36
271 70
271 71
271 77
271 78
271 79
271 81
271 91
271 93
271 100
271 134
271 135
271 138
271 141
271 142
271 143
271 145
271 150
271 155
271 156
271 157
271 158
271 164
271 166
271 182
271 199
271 202
271 205
271 206
271 207
271 209
271 220
271 221
271 228
271 230
271 262
271 263
271 273
271 285
271 292
271 326
271 327
271 333
271 334
271 335
271 337
271 349
271 350
271 356
271 358
271 390
271 391
271 397
271 398
271 399
271 401
271 413
271 420
271 421
271 457
271 461
271 463
271 465
271 518
271 519
271 525
271 526
271 527
271 529
271 541
271 544
271 548
271 550
271 582
271 583
271 589
271 590
271 591
271 593
271 605
271 606
271 612
271 647
271 653
271 654
271 655
271 657
271 669
271 676
271 710
271 713
271 717
271 718
271 719
271 733
271 775
271 777
271 782
271 783
271 785
271 797
271 838
271 839
271 845
271 846
271 849
271 861
271 868
271 902
271 903
271 909
271 910
271 911
271 913
271 925
271 932
271 966
271 967
271 973
271 974
271 975
271 977
271 989
271 996
271 1030
271 1031
271 1037
271 1039
271 1041
271 1053
271 1060
271 1094
271 1095
271 1101
271 1102
271 1103
271 1105
271 1159
271 1166
271 1169
271 1181
271 1227
271 1230
271 1231
271 1233
272 80
272 144
272 208
272 306
272 336
272 400
272 464
272 1056
273 0
273 6
273 7
273 13
273 14
273 15
273 17
273 29
273 36
273 70
273 71
273 77
273 78
273 79
273 81
273 93
273 100
273 134
273 135
273 141
273 142
273 143
273 145
273 150
273 155
273 156
273 157
273 158
273 164
273 166
273 199
273 202
273 205
273 206
273 207
273 209
273 220
273 221
273 228
273 230
273 262
273 263
273 271
273 285
273 292
273 326
273 327
273 333
273 334
273 335
273 337
273 349
273 350
273 356
273 358
273 390
273 397
273 398
273 399
273 401
273 413
273 420
273 461
273 465
273 518
273 519
273 525
273 526
273 527
273 529
273 541
273 548
273 550
273 582
273 583
273 589
273 590
273 591
273 593
273 605
273 606
273 612
273 647
273 653
273 654
273 655
273 657
273 669
273 676
273 710
273 717
273 718
273 733
273 775
273 782
273 783
273 785
273 797
273 838
273 839
273 845
273 846
273 849
273 861
273 868
273 902
273 903
273 909
273 910
273 911
273 913
273 925
273 932
273 966
273 967
273 973
273 974
273 977
273 996
273 1030
273 1031
273 1039
273 1041
273 1053
273 1060
273 1094
273 1095
273 1102
273 1103
273 1105
273 1159
273 1166
273 1222
273 1223
273 1227
273 1229
273 1231
273 1233
273 1245
273 1252
274 82
274 146
274 210
274 338
274 402
274 466
274 546
274 1045
275 83
275 147
275 211
275 339
275 403
275 467
275 778
276 84
276 148
276 212
276 340
276 404
276 468
276 792
276 943
277 85
277 149
277 213
277 237
277 241
277 341
277 405
277 469
277 537
277 1185
278 86
278 150
278 214
278 342
278 403
278 406
278 470
279 87
279 151
279 176
279 215
279 343
279 407
279 471
279 946
280 88
280 152
280 216
280 317
280 344
280 408
280 472
280 813
280 882
280 1021
281 89
281 153
281 217
281 345
281 409
281 473
281 662
281 879
281 1084
282 90
282 154
282 172
282 218
282 305
282 307
282 346
282 410
282 474
282 558
283 91
283 155
283 219
283 347
283 411
283 475
283 630
284 39
284 92
284 156
284 220
284 348
284 412
284 476
284 1163
284 1275
285 0
285 6
285 7
285 13
285 14
285 15
285 17
285 29
285 36
285 70
285 71
285 77
285 78
285 79
285 81
285 93
285 100
285 134
285 135
285 141
285 142
285 143
285 145
285 150
285 155
285 156
285 157
285 158
285 164
285 166
285 199
285 202
285 205
285 206
285 207
285 209
285 220
285 221
285 228
285 230
285 262
285 263
285 271
285 273
285 292
285 326
285 327
285 333
285 334
285 335
285 337
285 349
285 350
285 356
285 358
285 390
285 397
285 398
285 399
285 401
285 413
285 420
285 461
285 465
285 477
285 518
285 519
285 525
285 526
285 527
285 529
285 541
285 548
285 550
285 582
285 583
285 589
285 590
285 591
285 593
285 605
285 606
285 612
285 647
285 653
285 654
285 655
285 657
285 669
285 676
285 710
285 717
285 718
285 733
285 775
285 782
285 783
285 785
285 797
285 838
285 839
285 845
285 846
285 849
285 861
285 868
285 902
285 903
285 909
285 910
285 911
285 913
285 925
285 932
285 966
285 967
285 973
285 974
285 975
285 977
285 996
285 1030
285 1031
285 1039
285 1041
285 1053
285 1060
285 1094
285 1095
285 1101
285 1102
285 1103
285 1105
285 1159
285 1166
285 1222
285 1223
285 1227
285 1229
285 1231
285 1233
286 94
286 158
286 222
286 350
286 414
286 478
286 661
286 673
287 95
287 159
287 223
287 351
287 415
287 479
287 1186
288 96
288 160
288 224
288 352
288 416
288 480
289 97
289 161
289 225
289 353
289 417
289 481
289 574
290 98
290 162
290 226
290 354
290 418
290 482
290 503
290 508
291 99
291 163
291 227
291 355
291 419
291 483
291 798
292 0
292 6
292 7
292 13
292 14
292 15
292 17
292 28
292 29
292 36
292 64
292 70
292 71
292 77
292 78
292 79
292 81
292 91
292 93
292 100
292 128
292 134
292 135
292 138
292 142
292 143
292 145
292 150
292 155
292 156
292 157
292 158
292 164
292 166
292 182
292 198
292 199
292 202
292 205
292 206
292 207
292 209
292 220
292 221
292 228
292 230
292 262
292 263
292 271
292 273
292 285
292 326
292 327
292 333
292 334
292 335
292 348
292 349
292 350
292 352
292 356
292 358
292 390
292 391
292 397
292 398
292 399
292 401
292 413
292 420
292 421
292 457
292 461
292 463
292 465
292 484
292 518
292 519
292 526
292 527
292 529
292 541
292 544
292 548
292 550
292 566
292 582
292 583
292 589
292 590
292 591
292 593
292 605
292 606
292 612
292 646
292 647
292 653
292 654
292 655
292 657
292 669
292 676
292 710
292 713
292 717
292 718
292 719
292 733
292 775
292 777
292 781
292 782
292 783
292 785
292 797
292 838
292 839
292 845
292 846
292 849
292 861
292 868
292 902
292 903
292 909
292 910
292 911
292 913
292 925
292 932
292 966
292 967
292 973
292 974
292 975
292 977
292 989
292 996
292 1030
292 1031
292 1037
292 1039
292 1041
292 1053
292 1060
292 1094
292 1095
292 1101
292 1102
292 1103
292 1105
292 1124
292 1166
292 1167
292 1169
292 1181
292 1227
292 1230
292 1234
293 101
293 165
293 229
293 357
293 421
293 485
294 102
294 166
294 230
294 358
294 422
294 486
295 103
295 167
295 231
295 359
295 423
295 487
295 751
296 51
296 104
296 168
296 232
296 360
296 424
296 488
297 105
297 169
297 233
297 361
297 425
297 489
297 731
297 1111
298 106
298 115
298 170
298 234
298 362
298 409
298 426
298 490
298 756
299 107
299 171
299 235
299 363
299 427
299 491
299 954
299 1272
300 88
300 108
300 172
300 236
300 364
300 428
300 492
300 1130
301 109
301 173
301 237
301 365
301 429
301 493
301 692
302 109
302 110
302 174
302 238
302 366
302 430
302 494
302 1253
303 111
303 175
303 239
303 367
303 431
303 495
304 112
304 176
304 240
304 368
304 432
304 496
304 698
305 113
305 172
305 177
305 241
305 282
305 307
305 369
305 433
305 497
305 558
306 114
306 178
306 242
306 272
306 370
306 434
306 498
306 1056
307 115
307 172
307 179
307 243
307 282
307 305
307 371
307 435
307 499
307 558
308 116
308 180
308 244
308 372
308 436
308 500
308 732
308 1106
309 117
309 181
309 245
309 260
309 261
309 373
309 437
309 501
310 118
310 182
310 246
310 374
310 438
310 502
310 714
310 1249
311 119
311 183
311 247
311 375
311 439
311 503
311 579
311 978
312 120
312 184
312 248
312 376
312 440
312 504
312 936
312 944
313 121
313 185
313 249
313 362
313 377
313 441
313 505
314 122
314 186
314 250
314 378
314 442
314 506
314 1072
314 1077
314 1086
315 123
315 187
315 251
315 316
315 379
315 443
315 507
316 124
316 188
316 252
316 315
316 380
316 444
316 508
317 125
317 189
317 253
317 280
317 381
317 445
317 509
317 813
317 882
317 1021
318 126
318 190
318 254
318 382
318 446
318 510
318 636
319 127
319 191
319 255
319 383
319 447
319 511
319 1040
320 28
320 38
320 75
320 128
320 132
320 139
320 146
320 163
320 192
320 198
320 222
320 256
320 267
320 330
320 331
320 348
320 352
320 384
320 406
320 412
320 414
320 415
320 422
320 448
320 454
320 463
320 512
320 516
320 543
320 549
320 566
320 576
320 646
320 721
320 847
320 866
320 934
320 960
320 1001
320 1117
320 1158
320 1165
320 1188
320 1250
321 129
321 193
321 257
321 385
321 449
321 513
322 130
322 194
322 258
322 386
322 436
322 450
322 514
322 1228
323 131
323 195
323 233
323 259
323 387
323 451
323 515
323 786
323 1237
324 99
324 132
324 196
324 260
324 388
324 452
324 516
325 9
325 69
325 133
325 137
325 197
325 201
325 261
325 265
325 389
325 393
325 453
325 455
325 517
325 581
325 649
325 711
325 774
325 837
325 905
325 969
325 1033
325 1097
325 1161
325 1217
325 1221
326 7
326 13
326 14
326 15
326 17
326 29
326 36
326 70
326 71
326 77
326 79
326 81
326 93
326 100
326 134
326 135
326 141
326 142
326 143
326 145
326 150
326 155
326 156
326 157
326 164
326 166
326 198
326 199
326 202
326 205
326 206
326 207
326 209
326 220
326 221
326 228
326 262
326 263
326 271
326 273
326 285
326 292
326 327
326 333
326 334
326 335
326 337
326 349
326 350
326 356
326 358
326 390
326 397
326 398
326 399
326 401
326 413
326 420
326 454
326 465
326 518
326 519
326 525
326 526
326 527
326 529
326 541
326 548
326 550
326 582
326 583
326 589
326 590
326 591
326 593
326 605
326 606
326 612
326 647
326 653
326 654
326 655
326 657
326 669
326 676
326 710
326 717
326 718
326 733
326 775
326 782
326 783
326 785
326 797
326 838
326 839
326 845
326 846
326 849
326 861
326 868
326 902
326 903
326 909
326 910
326 911
326 913
326 925
326 932
326 966
326 967
326 973
326 974
326 977
326 996
326 1030
326 1031
326 1039
326 1053
326 1060
326 1095
326 1102
326 1103
326 1105
326 1159
326 1166
326 1167
326 1169
326 1181
326 1222
326 1223
326 1229
326 1231
326 1233
326 1245
326 1252
327 7
327 13
327 14
327 15
327 17
327 29
327 36
327 70
327 71
327 77
327 79
327 81
327 93
327 100
327 134
327 135
327 141
327 142
327 143
327 145
327 150
327 155
327 156
327 157
327 164
327 166
327 199
327 205
327 206
327 207
327 209
327 220
327 221
327 228
327 262
327 263
327 271
327 273
327 285
327 292
327 326
327 333
327 334
327 335
327 337
327 349
327 356
327 358
327 390
327 391
327 397
327 398
327 399
327 401
327 413
327 420
327 455
327 465
327 518
327 519
327 525
327 526
327 527
327 529
327 541
327 548
327 550
327 582
327 583
327 589
327 590
327 591
327 593
327 605
327 606
327 612
327 647
327 654
327 655
327 657
327 669
327 676
327 710
327 717
327 718
327 733
327 775
327 782
327 783
327 785
327 797
327 838
327 839
327 845
327 846
327 849
327 861
327 868
327 903
327 909
327 910
327 911
327 913
327 925
327 932
327 967
327 973
327 974
327 977
327 996
327 1031
327 1039
327 1053
327 1060
327 1095
327 1102
327 1103
327 1105
327 1159
327 1166
327 1167
327 1169
327 1181
327 1222
327 1223
327 1229
327 1231
327 1233
327 1245
327 1252
328 136
328 200
328 264
328 392
328 456
328 520
328 1128
329 137
329 201
329 265
329 393
329 457
329 521
330 28
330 38
330 64
330 75
330 91
330 128
330 132
330 138
330 139
330 146
330 163
330 182
330 198
330 202
330 222
330 266
330 267
330 320
330 331
330 348
330 352
330 391
330 394
330 406
330 412
330 415
330 421
330 422
330 454
330 457
330 458
330 463
330 516
330 522
330 543
330 544
330 549
330 566
330 576
330 646
330 713
330 719
330 721
330 777
330 781
330 847
330 866
330 934
330 960
330 989
330 1001
330 1037
330 1117
330 1124
330 1158
330 1165
330 1188
330 1250
331 0
331 6
331 28
331 38
331 64
331 75
331 78
331 91
331 128
331 132
331 138
331 139
331 146
331 158
331 163
331 182
331 198
331 202
331 203
331 222
331 230
331 267
331 320
331 330
331 348
331 350
331 352
331 391
331 395
331 412
331 421
331 422
331 454
331 457
331 459
331 461
331 463
331 465
331 523
331 544
331 549
331 550
331 566
331 576
331 646
331 653
331 669
331 713
331 719
331 721
331 777
331 781
331 847
331 866
331 902
331 934
331 960
331 966
331 975
331 989
331 1001
331 1030
331 1037
331 1041
331 1094
331 1101
331 1117
331 1124
331 1158
331 1165
331 1167
331 1188
331 1216
332 140
332 204
332 268
332 396
332 460
332 524
332 643
333 7
333 13
333 14
333 15
333 17
333 29
333 36
333 70
333 71
333 77
333 79
333 81
333 93
333 100
333 134
333 135
333 141
333 142
333 143
333 145
333 150
333 155
333 156
333 157
333 164
333 166
333 199
333 205
333 206
333 207
333 209
333 220
333 221
333 228
333 262
333 263
333 269
333 271
333 273
333 285
333 292
333 326
333 327
333 334
333 335
333 337
333 349
333 356
333 358
333 390
333 397
333 398
333 399
333 401
333 413
333 420
333 461
333 465
333 518
333 519
333 525
333 526
333 527
333 529
333 541
333 548
333 550
333 582
333 583
333 589
333 590
333 591
333 593
333 605
333 606
333 612
333 647
333 653
333 654
333 655
333 657
333 669
333 676
333 710
333 717
333 718
333 733
333 775
333 782
333 783
333 785
333 797
333 838
333 839
333 845
333 846
333 849
333 861
333 868
333 903
333 909
333 910
333 911
333 913
333 925
333 932
333 967
333 973
333 974
333 977
333 996
333 1031
333 1039
333 1053
333 1060
333 1095
333 1102
333 1103
333 1105
333 1159
333 1166
333 1167
333 1169
333 1181
333 1222
333 1223
333 1229
333 1231
333 1233
333 1245
333 1252
334 0
334 6
334 7
334 13
334 14
334 15
334 17
334 29
334 36
334 64
334 70
334 71
334 77
334 78
334 79
334 81
334 91
334 93
334 100
334 134
334 135
334 138
334 142
334 143
334 145
334 150
334 155
334 156
334 157
334 158
334 164
334 166
334 182
334 199
334 202
334 205
334 206
334 207
334 209
334 220
334 221
334 228
334 230
334 262
334 263
334 270
334 271
334 273
334 285
334 292
334 326
334 327
334 333
334 335
334 337
334 349
334 350
334 356
334 358
334 390
334 391
334 397
334 398
334 399
334 401
334 413
334 420
334 421
334 457
334 461
334 462
334 465
334 518
334 519
334 525
334 526
334 527
334 529
334 541
334 544
334 548
334 550
334 582
334 583
334 589
334 590
334 591
334 593
334 605
334 606
334 612
334 647
334 653
334 654
334 655
334 657
334 669
334 676
334 710
334 713
334 717
334 718
334 719
334 733
334 775
334 777
334 782
334 783
334 785
334 797
334 838
334 839
334 845
334 846
334 849
334 861
334 868
334 902
334 903
334 909
334 910
334 911
334 913
334 925
334 932
334 966
334 967
334 973
334 974
334 975
334 977
334 989
334 996
334 1030
334 1031
334 1037
334 1039
334 1041
334 1053
334 1060
334 1094
334 1095
334 1101
334 1102
334 1103
334 1105
334 1159
334 1166
334 1167
334 1169
334 1181
334 1227
334 1230
334 1233
335 0
335 7
335 13
335 14
335 15
335 17
335 29
335 36
335 70
335 71
335 77
335 79
335 81
335 93
335 100
335 134
335 135
335 141
335 142
335 143
335 145
335 150
335 155
335 156
335 157
335 158
335 164
335 166
335 199
335 202
335 205
335 206
335 207
335 209
335 220
335 221
335 228
335 262
335 263
335 271
335 273
335 285
335 292
335 326
335 327
335 333
335 334
335 337
335 349
335 350
335 356
335 358
335 390
335 397
335 398
335 399
335 401
335 413
335 420
335 463
335 465
335 518
335 519
335 525
335 526
335 527
335 529
335 541
335 548
335 550
335 582
335 583
335 589
335 590
335 591
335 593
335 605
335 606
335 612
335 647
335 653
335 654
335 655
335 657
335 669
335 676
335 710
335 717
335 718
335 733
335 775
335 782
335 783
335 785
335 797
335 838
335 839
335 845
335 846
335 849
335 861
335 868
335 902
335 903
335 909
335 910
335 911
335 913
335 925
335 932
335 966
335 967
335 973
335 974
335 977
335 996
335 1030
335 1031
335 1039
335 1041
335 1053
335 1060
335 1095
335 1102
335 1103
335 1105
335 1159
335 1166
335 1167
335 1169
335 1181
335 1222
335 1223
335 1229
335 1231
335 1233
335 1245
335 1252
336 144
336 208
336 272
336 343
336 400
336 464
336 528
336 1189
337 7
337 14
337 15
337 17
337 29
337 36
337 70
337 71
337 77
337 79
337 81
337 93
337 100
337 134
337 141
337 142
337 143
337 145
337 155
337 157
337 164
337 166
337 199
337 205
337 206
337 207
337 209
337 220
337 221
337 228
337 262
337 271
337 273
337 285
337 326
337 327
337 333
337 334
337 335
337 349
337 356
337 397
337 398
337 399
337 401
337 413
337 420
337 465
337 518
337 519
337 525
337 526
337 527
337 529
337 541
337 548
337 582
337 583
337 589
337 590
337 591
337 593
337 605
337 606
337 612
337 654
337 655
337 657
337 710
337 717
337 718
337 733
337 775
337 782
337 783
337 785
337 797
337 838
337 839
337 845
337 846
337 849
337 861
337 868
337 903
337 909
337 910
337 913
337 932
337 967
337 973
337 974
337 977
337 996
337 1031
337 1039
337 1053
337 1095
337 1102
337 1103
337 1105
337 1159
337 1166
337 1222
337 1223
337 1229
337 1245
337 1252
338 146
338 210
338 274
338 402
338 466
338 530
339 147
339 211
339 275
339 403
339 438
339 467
339 531
339 987
340 148
340 212
340 276
340 404
340 468
340 532
341 149
341 213
341 277
341 405
341 469
341 533
342 150
342 214
342 278
342 406
342 470
342 534
342 923
343 151
343 215
343 279
343 336
343 407
343 471
343 535
343 1189
344 152
344 216
344 280
344 408
344 472
344 536
344 921
344 1118
344 1134
345 153
345 173
345 217
345 281
345 409
345 473
345 537
346 154
346 218
346 282
346 410
346 474
346 538
346 632
346 1043
346 1248
346 1257
347 8
347 155
347 219
347 283
347 411
347 475
347 539
348 0
348 6
348 13
348 28
348 38
348 64
348 75
348 78
348 91
348 128
348 135
348 138
348 139
348 146
348 150
348 156
348 158
348 163
348 182
348 198
348 202
348 220
348 222
348 230
348 263
348 267
348 284
348 292
348 320
348 330
348 331
348 350
348 352
348 358
348 390
348 391
348 412
348 421
348 422
348 454
348 457
348 461
348 463
348 465
348 476
348 540
348 544
348 549
348 550
348 566
348 576
348 646
348 647
348 653
348 655
348 669
348 676
348 713
348 719
348 721
348 733
348 777
348 781
348 845
348 847
348 866
348 902
348 911
348 925
348 932
348 934
348 960
348 966
348 975
348 989
348 1001
348 1030
348 1037
348 1039
348 1041
348 1060
348 1094
348 1101
348 1105
348 1117
348 1124
348 1158
348 1165
348 1167
348 1169
348 1181
348 1188
348 1216
348 1246
349 7
349 13
349 14
349 15
349 17
349 29
349 36
349 70
349 71
349 77
349 79
349 81
349 93
349 100
349 134
349 135
349 141
349 142
349 143
349 145
349 150
349 155
349 156
349 157
349 164
349 166
349 199
349 205
349 206
349 207
349 209
349 220
349 221
349 228
349 262
349 263
349 271
349 273
349 285
349 292
349 326
349 327
349 333
349 334
349 335
349 337
349 356
349 358
349 390
349 397
349 398
349 399
349 401
349 413
349 420
349 477
349 518
349 519
349 525
349 526
349 527
349 529
349 541
349 548
349 582
349 583
349 589
349 590
349 591
349 593
349 605
349 606
349 612
349 647
349 654
349 655
349 657
349 676
349 710
349 717
349 718
349 733
349 775
349 782
349 783
349 785
349 797
349 838
349 839
349 845
349 846
349 849
349 861
349 868
349 903
349 909
349 910
349 911
349 913
349 925
349 932
349 967
349 973
349 974
349 977
349 996
349 1031
349 1039
349 1053
349 1060
349 1095
349 1102
349 1103
349 1105
349 1159
349 1166
349 1167
349 1169
349 1181
349 1222
349 1223
349 1229
349 1231
349 1245
349 1252
350 0
350 6
350 7
350 13
350 15
350 28
350 29
350 36
350 64
350 70
350 71
350 77
350 78
350 91
350 93
350 100
350 128
350 135
350 138
350 145
350 146
350 150
350 155
350 156
350 158
350 164
350 166
350 182
350 198
350 199
350 202
350 205
350 206
350 207
350 209
350 220
350 221
350 222
350 228
350 230
350 262
350 263
350 267
350 271
350 273
350 285
350 286
350 292
350 326
350 331
350 334
350 335
350 348
350 352
350 356
350 358
350 390
350 391
350 397
350 399
350 412
350 413
350 414
350 420
350 421
350 422
350 454
350 457
350 461
350 463
350 465
350 478
350 526
350 527
350 529
350 542
350 544
350 550
350 566
350 576
350 582
350 583
350 589
350 590
350 591
350 593
350 605
350 606
350 612
350 646
350 647
350 653
350 654
350 655
350 657
350 669
350 676
350 710
350 713
350 717
350 718
350 719
350 721
350 733
350 777
350 781
350 783
350 785
350 838
350 845
350 846
350 847
350 849
350 861
350 866
350 868
350 902
350 903
350 909
350 910
350 911
350 913
350 925
350 932
350 934
350 966
350 973
350 974
350 975
350 977
350 989
350 1030
350 1031
350 1037
350 1039
350 1041
350 1053
350 1060
350 1094
350 1101
350 1103
350 1105
350 1117
350 1124
350 1158
350 1159
350 1166
350 1167
350 1169
350 1181
350 1188
350 1230
350 1234
350 1246
351 159
351 223
351 287
351 415
351 479
351 543
351 871
352 0
352 6
352 13
352 28
352 38
352 64
352 75
352 78
352 91
352 128
352 135
352 138
352 139
352 146
352 150
352 156
352 158
352 160
352 163
352 182
352 198
352 202
352 222
352 224
352 230
352 263
352 267
352 288
352 292
352 320
352 330
352 331
352 348
352 350
352 358
352 390
352 391
352 412
352 416
352 421
352 422
352 454
352 457
352 461
352 463
352 465
352 480
352 544
352 549
352 550
352 566
352 576
352 646
352 647
352 653
352 669
352 676
352 713
352 719
352 721
352 733
352 777
352 781
352 847
352 866
352 902
352 911
352 925
352 932
352 934
352 960
352 966
352 975
352 989
352 1001
352 1030
352 1037
352 1039
352 1041
352 1060
352 1094
352 1101
352 1105
352 1117
352 1124
352 1158
352 1165
352 1167
352 1169
352 1181
352 1188
352 1216
353 54
353 161
353 174
353 225
353 289
353 417
353 481
353 545
353 857
354 12
354 162
354 226
354 290
354 418
354 482
354 546
354 863
354 1143
355 163
355 227
355 291
355 419
355 483
355 547
356 0
356 6
356 7
356 13
356 14
356 15
356 17
356 29
356 36
356 70
356 71
356 77
356 78
356 79
356 81
356 93
356 100
356 134
356 135
356 138
356 141
356 142
356 143
356 145
356 150
356 155
356 156
356 157
356 158
356 164
356 166
356 199
356 202
356 205
356 206
356 207
356 209
356 220
356 221
356 228
356 230
356 262
356 263
356 271
356 273
356 285
356 292
356 326
356 327
356 333
356 334
356 335
356 337
356 349
356 350
356 358
356 390
356 397
356 398
356 399
356 401
356 413
356 420
356 421
356 461
356 465
356 484
356 518
356 519
356 525
356 526
356 527
356 529
356 541
356 548
356 550
356 582
356 583
356 589
356 590
356 591
356 593
356 605
356 606
356 612
356 647
356 653
356 654
356 655
356 657
356 669
356 676
356 710
356 717
356 718
356 733
356 775
356 782
356 783
356 785
356 797
356 838
356 839
356 845
356 846
356 849
356 861
356 868
356 902
356 903
356 909
356 910
356 911
356 913
356 925
356 932
356 966
356 967
356 973
356 974
356 975
356 977
356 996
356 1030
356 1031
356 1039
356 1041
356 1053
356 1060
356 1094
356 1095
356 1101
356 1102
356 1103
356 1105
356 1159
356 1166
356 1167
356 1169
356 1181
356 1222
356 1223
356 1227
356 1229
356 1231
356 1233
357 165
357 229
357 293
357 421
357 485
357 549
358 0
358 6
358 7
358 13
358 14
358 15
358 17
358 28
358 29
358 36
358 64
358 70
358 71
358 77
358 78
358 79
358 81
358 91
358 93
358 100
358 128
358 134
358 135
358 138
358 145
358 150
358 155
358 156
358 157
358 158
358 164
358 166
358 182
358 198
358 199
358 202
358 205
358 206
358 207
358 209
358 220
358 221
358 222
358 228
358 230
358 262
358 263
358 271
358 273
358 285
358 292
358 294
358 326
358 327
358 333
358 334
358 335
358 348
358 349
358 350
358 352
358 356
358 390
358 391
358 397
358 398
358 399
358 401
358 413
358 420
358 421
358 422
358 454
358 457
358 461
358 463
358 465
358 486
358 518
358 519
358 526
358 527
358 529
358 544
358 548
358 550
358 566
358 582
358 583
358 589
358 590
358 591
358 593
358 605
358 606
358 612
358 646
358 647
358 653
358 654
358 655
358 657
358 669
358 676
358 710
358 713
358 717
358 718
358 719
358 733
358 775
358 777
358 781
358 782
358 783
358 785
358 797
358 838
358 839
358 845
358 846
358 849
358 861
358 866
358 868
358 902
358 903
358 909
358 910
358 911
358 913
358 925
358 932
358 966
358 973
358 974
358 975
358 977
358 989
358 996
358 1030
358 1031
358 1037
358 1039
358 1041
358 1053
358 1060
358 1094
358 1095
358 1101
358 1102
358 1103
358 1105
358 1124
358 1159
358 1166
358 1167
358 1169
358 1181
358 1188
358 1227
358 1230
358 1234
359 83
359 167
359 231
359 295
359 423
359 487
359 551
360 168
360 232
360 296
360 424
360 488
360 552
361 169
361 233
361 297
361 425
361 489
361 553
362 170
362 234
362 298
362 313
362 426
362 490
362 554
363 16
363 171
363 235
363 299
363 427
363 491
363 555
363 949
364 172
364 236
364 300
364 428
364 492
364 556
364 575
365 173
365 237
365 301
365 376
365 429
365 493
365 557
366 174
366 238
366 302
366 430
366 494
366 558
366 780
367 175
367 239
367 303
367 402
367 431
367 495
367 559
367 1092
368 176
368 240
368 304
368 432
368 496
368 560
368 1135
369 177
369 241
369 305
369 433
369 497
369 555
369 561
369 628
369 743
370 178
370 242
370 306
370 434
370 498
370 562
371 179
371 243
371 307
371 435
371 499
371 563
371 939
371 1017
372 180
372 244
372 308
372 436
372 500
372 564
373 181
373 245
373 309
373 394
373 437
373 501
373 565
373 993
373 1238
373 1244
374 182
374 246
374 310
374 438
374 502
374 566
374 759
375 183
375 247
375 311
375 439
375 503
375 567
375 1168
376 184
376 248
376 312
376 365
376 440
376 504
376 568
377 185
377 249
377 313
377 441
377 505
377 569
377 596
377 1279
378 186
378 250
378 314
378 442
378 497
378 506
378 570
379 187
379 251
379 315
379 443
379 507
379 571
379 660
380 122
380 188
380 252
380 316
380 444
380 508
380 559
380 572
381 189
381 215
381 253
381 317
381 429
381 445
381 509
381 573
381 750
382 190
382 254
382 318
382 446
382 510
382 574
382 821
382 1136
382 1150
383 191
383 255
383 319
383 447
383 511
383 575
383 638
383 1180
383 1208
384 32
384 192
384 256
384 320
384 448
384 512
384 576
385 193
385 257
385 321
385 449
385 513
385 577
385 893
386 194
386 258
386 268
386 322
386 450
386 514
386 578
387 98
387 195
387 259
387 323
387 451
387 515
387 565
387 579
388 92
388 132
388 160
388 196
388 260
388 324
388 406
388 414
388 415
388 452
388 462
388 512
388 516
388 543
388 580
388 836
388 1038
388 1115
389 197
389 261
389 325
389 453
389 517
389 581
390 0
390 6
390 7
390 13
390 14
390 15
390 17
390 28
390 29
390 36
390 64
390 70
390 71
390 77
390 78
390 79
390 91
390 93
390 100
390 128
390 135
390 138
390 145
390 150
390 155
390 156
390 158
390 164
390 166
390 182
390 198
390 199
390 202
390 205
390 206
390 207
390 209
390 220
390 221
390 222
390 228
390 230
390 262
390 263
390 271
390 273
390 285
390 292
390 326
390 327
390 333
390 334
390 335
390 348
390 349
390 350
390 352
390 356
390 358
390 391
390 397
390 399
390 401
390 412
390 413
390 420
390 421
390 422
390 454
390 457
390 461
390 463
390 465
390 518
390 519
390 526
390 527
390 529
390 544
390 548
390 550
390 566
390 576
390 582
390 583
390 589
390 590
390 591
390 593
390 605
390 606
390 612
390 646
390 647
390 653
390 654
390 655
390 657
390 669
390 676
390 710
390 713
390 717
390 718
390 719
390 733
390 777
390 781
390 782
390 783
390 785
390 797
390 838
390 839
390 845
390 846
390 849
390 861
390 866
390 868
390 902
390 903
390 909
390 910
390 911
390 913
390 925
390 932
390 966
390 973
390 974
390 975
390 977
390 989
390 996
390 1030
390 1031
390 1037
390 1039
390 1041
390 1053
390 1060
390 1094
390 1095
390 1101
390 1102
390 1103
390 1105
390 1124
390 1159
390 1166
390 1167
390 1169
390 1181
390 1188
390 1216
390 1222
390 1223
390 1227
390 1229
390 1230
390 1231
390 1233
390 1234
390 1246
391 0
391 6
391 7
391 13
391 28
391 36
391 38
391 64
391 71
391 75
391 78
391 91
391 100
391 128
391 135
391 138
391 146
391 150
391 155
391 156
391 158
391 163
391 166
391 182
391 198
391 199
391 202
391 205
391 206
391 222
391 228
391 230
391 262
391 263
391 267
391 271
391 292
391 327
391 330
391 331
391 334
391 348
391 350
391 352
391 358
391 390
391 397
391 412
391 420
391 421
391 422
391 454
391 455
391 457
391 461
391 463
391 465
391 519
391 526
391 527
391 544
391 550
391 566
391 576
391 583
391 589
391 591
391 593
391 612
391 646
391 647
391 653
391 654
391 655
391 657
391 669
391 676
391 710
391 713
391 718
391 719
391 721
391 733
391 777
391 781
391 783
391 785
391 838
391 845
391 847
391 866
391 902
391 909
391 910
391 911
391 913
391 925
391 932
391 934
391 966
391 973
391 974
391 975
391 989
391 1001
391 1030
391 1037
391 1039
391 1041
391 1053
391 1060
391 1094
391 1101
391 1103
391 1105
391 1117
391 1124
391 1158
391 1165
391 1166
391 1167
391 1169
391 1181
391 1188
391 1216
391 1227
391 1230
391 1234
391 1246
392 200
392 264
392 328
392 456
392 520
392 584
392 658
393 9
393 69
393 137
393 201
393 265
393 325
393 329
393 455
393 457
393 517
393 521
393 581
393 585
393 649
393 711
393 774
393 837
393 905
393 969
393 1033
393 1097
393 1161
393 1217
393 1221
394 202
394 266
394 330
394 373
394 458
394 522
394 586
394 993
394 1238
394 1244
395 203
395 267
395 331
395 459
395 523
395 587
396 204
396 268
396 332
396 460
396 524
396 588
396 896
397 0
397 6
397 7
397 13
397 14
397 15
397 17
397 29
397 36
397 70
397 71
397 77
397 78
397 79
397 81
397 93
397 100
397 134
397 135
397 138
397 141
397 142
397 143
397 145
397 150
397 155
397 156
397 157
397 158
397 164
397 166
397 199
397 202
397 205
397 206
397 207
397 209
397 220
397 221
397 228
397 230
397 262
397 263
397 269
397 271
397 273
397 285
397 292
397 326
397 327
397 333
397 334
397 335
397 337
397 349
397 350
397 356
397 358
397 390
397 391
397 398
397 399
397 401
397 413
397 420
397 421
397 461
397 465
397 518
397 519
397 525
397 526
397 527
397 529
397 541
397 544
397 548
397 550
397 582
397 583
397 589
397 590
397 591
397 593
397 605
397 606
397 612
397 647
397 653
397 654
397 655
397 657
397 669
397 676
397 710
397 717
397 718
397 719
397 733
397 775
397 777
397 782
397 783
397 785
397 797
397 838
397 839
397 845
397 846
397 849
397 861
397 868
397 902
397 903
397 909
397 910
397 911
397 913
397 925
397 932
397 966
397 967
397 973
397 974
397 975
397 977
397 989
397 996
397 1030
397 1031
397 1039
397 1041
397 1053
397 1060
397 1094
397 1095
397 1101
397 1102
397 1103
397 1105
397 1159
397 1166
397 1167
397 1169
397 1181
397 1222
397 1223
397 1227
397 1229
397 1230
397 1231
397 1233
397 1234
397 1245
397 1246
397 1252
398 7
398 13
398 14
398 15
398 17
398 29
398 36
398 70
398 71
398 77
398 79
398 81
398 93
398 100
398 134
398 135
398 141
398 142
398 143
398 145
398 150
398 155
398 157
398 164
398 166
398 199
398 205
398 206
398 207
398 209
398 220
398 221
398 228
398 262
398 263
398 270
398 271
398 273
398 285
398 292
398 326
398 327
398 333
398 334
398 335
398 337
398 349
398 356
398 358
398 397
398 399
398 401
398 413
398 420
398 462
398 518
398 519
398 525
398 526
398 527
398 529
398 541
398 548
398 582
398 583
398 589
398 590
398 591
398 593
398 605
398 606
398 612
398 647
398 654
398 655
398 657
398 710
398 717
398 718
398 733
398 775
398 782
398 783
398 785
398 797
398 838
398 839
398 845
398 846
398 849
398 861
398 868
398 903
398 909
398 910
398 911
398 913
398 925
398 932
398 967
398 973
398 974
398 977
398 996
398 1031
398 1039
398 1053
398 1060
398 1095
398 1102
398 1103
398 1105
398 1159
398 1166
398 1169
398 1181
398 1222
398 1223
398 1227
398 1229
398 1230
398 1231
398 1233
398 1245
398 1252
399 0
399 6
399 7
399 13
399 14
399 15
399 17
399 29
399 36
399 70
399 71
399 77
399 78
399 79
399 81
399 93
399 100
399 134
399 135
399 141
399 142
399 143
399 145
399 150
399 155
399 156
399 157
399 158
399 164
399 166
399 199
399 202
399 205
399 206
399 207
399 209
399 220
399 221
399 228
399 230
399 262
399 263
399 271
399 273
399 285
399 292
399 326
399 327
399 333
399 334
399 335
399 337
399 349
399 350
399 356
399 358
399 390
399 397
399 398
399 401
399 413
399 420
399 461
399 463
399 465
399 518
399 519
399 525
399 526
399 527
399 529
399 541
399 548
399 550
399 582
399 583
399 589
399 590
399 591
399 593
399 605
399 606
399 612
399 647
399 653
399 654
399 655
399 657
399 669
399 676
399 710
399 717
399 718
399 733
399 775
399 782
399 783
399 785
399 797
399 838
399 839
399 845
399 846
399 849
399 861
399 868
399 902
399 903
399 909
399 910
399 911
399 913
399 925
399 932
399 966
399 967
399 973
399 974
399 975
399 977
399 996
399 1030
399 1031
399 1039
399 1041
399 1053
399 1060
399 1094
399 1095
399 1101
399 1102
399 1103
399 1105
399 1159
399 1166
399 1167
399 1169
399 1181
399 1222
399 1223
399 1227
399 1229
399 1230
399 1231
399 1233
399 1234
399 1245
399 1246
399 1252
400 208
400 272
400 336
400 464
400 528
400 592
400 894
401 7
401 13
401 14
401 15
401 17
401 29
401 36
401 70
401 71
401 77
401 79
401 81
401 93
401 100
401 134
401 135
401 141
401 142
401 143
401 145
401 150
401 155
401 156
401 157
401 164
401 166
401 199
401 205
401 206
401 207
401 209
401 220
401 221
401 228
401 262
401 263
401 271
401 273
401 285
401 292
401 326
401 327
401 333
401 334
401 335
401 337
401 349
401 356
401 358
401 390
401 397
401 398
401 399
401 413
401 420
401 465
401 518
401 519
401 525
401 526
401 527
401 529
401 541
401 548
401 582
401 583
401 589
401 590
401 591
401 593
401 605
401 606
401 612
401 647
401 654
401 655
401 657
401 676
401 710
401 717
401 718
401 733
401 775
401 782
401 783
401 785
401 797
401 838
401 839
401 845
401 846
401 849
401 861
401 868
401 903
401 909
401 910
401 911
401 913
401 925
401 932
401 967
401 973
401 974
401 977
401 996
401 1031
401 1039
401 1053
401 1060
401 1095
401 1102
401 1103
401 1105
401 1159
401 1166
401 1169
401 1181
401 1222
401 1223
401 1227
401 1229
401 1230
401 1231
401 1233
401 1245
401 1252
402 210
402 274
402 338
402 367
402 466
402 530
402 594
402 1092
403 211
403 275
403 278
403 339
403 467
403 531
403 595
404 212
404 276
404 340
404 468
404 532
404 596
404 817
404 1155
405 104
405 213
405 277
405 341
405 469
405 533
405 597
406 38
406 75
406 132
406 139
406 163
406 214
406 267
406 278
406 320
406 330
406 342
406 388
406 414
406 415
406 470
406 516
406 534
406 543
406 549
406 598
406 836
406 847
406 960
406 1001
406 1115
406 1117
406 1165
406 1250
407 215
407 255
407 279
407 343
407 471
407 535
407 599
407 701
408 216
408 280
408 344
408 472
408 536
408 600
408 1015
409 115
409 217
409 281
409 298
409 345
409 473
409 537
409 601
409 756
410 218
410 282
410 346
410 474
410 538
410 602
410 872
411 219
411 283
411 347
411 475
411 539
411 603
412 0
412 6
412 28
412 38
412 64
412 75
412 78
412 91
412 128
412 132
412 138
412 139
412 146
412 156
412 158
412 163
412 182
412 198
412 202
412 220
412 222
412 230
412 267
412 284
412 320
412 330
412 331
412 348
412 350
412 352
412 390
412 391
412 421
412 422
412 454
412 457
412 461
412 463
412 465
412 476
412 540
412 544
412 549
412 550
412 566
412 576
412 604
412 646
412 653
412 669
412 713
412 719
412 721
412 777
412 781
412 847
412 866
412 902
412 934
412 960
412 966
412 975
412 989
412 1001
412 1030
412 1037
412 1041
412 1094
412 1101
412 1117
412 1124
412 1158
412 1165
412 1167
412 1188
412 1216
412 1234
412 1246
412 1250
413 0
413 6
413 7
413 13
413 14
413 15
413 17
413 29
413 36
413 70
413 71
413 77
413 78
413 79
413 81
413 93
413 100
413 134
413 135
413 138
413 141
413 142
413 143
413 145
413 150
413 155
413 156
413 157
413 158
413 164
413 166
413 199
413 202
413 205
413 206
413 207
413 209
413 220
413 221
413 228
413 230
413 262
413 263
413 271
413 273
413 285
413 292
413 326
413 327
413 333
413 334
413 335
413 337
413 349
413 350
413 356
413 358
413 390
413 397
413 398
413 399
413 401
413 420
413 421
413 461
413 465
413 477
413 518
413 519
413 525
413 526
413 527
413 529
413 541
413 548
413 550
413 582
413 583
413 589
413 590
413 591
413 593
413 605
413 606
413 612
413 647
413 653
413 654
413 655
413 657
413 669
413 676
413 710
413 717
413 718
413 719
413 733
413 775
413 782
413 783
413 785
413 797
413 838
413 839
413 845
413 846
413 849
413 861
413 868
413 902
413 903
413 909
413 910
413 911
413 913
413 925
413 932
413 966
413 967
413 973
413 974
413 975
413 977
413 989
413 996
413 1030
413 1031
413 1039
413 1041
413 1053
413 1060
413 1094
413 1095
413 1101
413 1102
413 1103
413 1105
413 1159
413 1166
413 1167
413 1169
413 1181
413 1222
413 1223
413 1227
413 1229
413 1230
413 1231
413 1233
413 1234
413 1245
413 1246
413 1252
414 132
414 139
414 160
414 222
414 286
414 320
414 350
414 388
414 406
414 415
414 462
414 478
414 512
414 516
414 542
414 543
414 549
414 606
414 836
414 960
414 1115
414 1250
415 38
415 75
415 132
415 139
415 163
415 223
415 267
415 287
415 320
415 330
415 351
415 388
415 406
415 414
415 479
415 516
415 543
415 549
415 607
415 836
415 847
415 960
415 1001
415 1115
415 1117
415 1165
415 1250
416 224
416 288
416 352
416 480
416 544
416 608
417 90
417 225
417 289
417 353
417 481
417 545
417 609
417 794
417 999
418 226
418 290
418 354
418 482
418 546
418 610
419 227
419 266
419 291
419 355
419 449
419 483
419 547
419 611
419 929
420 0
420 6
420 7
420 13
420 14
420 15
420 17
420 29
420 36
420 70
420 71
420 77
420 78
420 79
420 81
420 93
420 100
420 134
420 135
420 138
420 141
420 142
420 143
420 145
420 150
420 155
420 156
420 157
420 158
420 164
420 166
420 199
420 202
420 205
420 206
420 207
420 209
420 220
420 221
420 228
420 230
420 262
420 263
420 271
420 273
420 285
420 292
420 326
420 327
420 333
420 334
420 335
420 337
420 349
420 350
420 356
420 358
420 390
420 391
420 397
420 398
420 399
420 401
420 413
420 421
420 461
420 465
420 484
420 518
420 519
420 525
420 526
420 527
420 529
420 541
420 544
420 548
420 550
420 582
420 583
420 589
420 590
420 591
420 593
420 605
420 606
420 612
420 647
420 653
420 654
420 655
420 657
420 669
420 676
420 710
420 717
420 718
420 719
420 733
420 775
420 777
420 782
420 783
420 785
420 797
420 838
420 839
420 845
420 846
420 849
420 861
420 868
420 902
420 903
420 909
420 910
420 911
420 913
420 925
420 932
420 966
420 967
420 973
420 974
420 975
420 977
420 989
420 996
420 1030
420 1031
420 1039
420 1041
420 1053
420 1060
420 1094
420 1095
420 1101
420 1102
420 1103
420 1105
420 1159
420 1166
420 1167
420 1169
420 1181
420 1222
420 1223
420 1227
420 1229
420 1230
420 1231
420 1233
420 1234
420 1245
420 1246
420 1252
421 0
421 6
421 7
421 13
421 28
421 29
421 36
421 38
421 64
421 71
421 75
421 78
421 91
421 100
421 128
421 135
421 138
421 146
421 150
421 155
421 156
421 158
421 163
421 166
421 182
421 198
421 202
421 205
421 206
421 220
421 222
421 228
421 229
421 230
421 262
421 263
421 267
421 271
421 292
421 293
421 330
421 331
421 334
421 348
421 350
421 352
421 356
421 357
421 358
421 390
421 391
421 397
421 412
421 413
421 420
421 422
421 454
421 457
421 461
421 463
421 465
421 485
421 526
421 527
421 544
421 549
421 550
421 566
421 576
421 583
421 589
421 591
421 593
421 612
421 613
421 646
421 647
421 653
421 654
421 655
421 657
421 669
421 676
421 710
421 713
421 718
421 719
421 721
421 733
421 777
421 781
421 783
421 785
421 838
421 845
421 847
421 861
421 866
421 902
421 909
421 910
421 911
421 913
421 925
421 932
421 934
421 966
421 973
421 974
421 975
421 989
421 1001
421 1030
421 1037
421 1039
421 1041
421 1053
421 1060
421 1094
421 1101
421 1103
421 1105
421 1117
421 1124
421 1158
421 1159
421 1165
421 1166
421 1167
421 1169
421 1181
421 1188
421 1216
421 1227
421 1230
421 1233
421 1234
421 1246
422 0
422 6
422 28
422 38
422 64
422 75
422 78
422 91
422 128
422 132
422 138
422 139
422 146
422 156
422 158
422 163
422 182
422 198
422 202
422 222
422 230
422 267
422 294
422 320
422 330
422 331
422 348
422 350
422 352
422 358
422 390
422 391
422 412
422 421
422 454
422 457
422 461
422 463
422 465
422 486
422 544
422 549
422 550
422 566
422 576
422 614
422 646
422 653
422 669
422 676
422 713
422 719
422 721
422 777
422 781
422 847
422 866
422 902
422 925
422 934
422 960
422 966
422 975
422 989
422 1001
422 1030
422 1037
422 1041
422 1094
422 1101
422 1117
422 1124
422 1158
422 1165
422 1167
422 1188
422 1216
422 1234
422 1246
422 1250
423 46
423 231
423 295
423 359
423 452
423 487
423 551
423 615
423 961
424 232
424 296
424 360
424 488
424 552
424 616
424 652
424 667
424 819
424 873
424 968
425 233
425 297
425 361
425 489
425 553
425 617
426 126
426 224
426 234
426 298
426 362
426 490
426 502
426 554
426 618
427 235
427 299
427 363
427 491
427 555
427 619
427 928
427 1203
428 187
428 236
428 300
428 364
428 492
428 556
428 620
428 700
428 892
428 1078
428 1198
428 1239
429 215
429 237
429 301
429 365
429 381
429 493
429 557
429 621
429 750
430 180
430 238
430 302
430 366
430 494
430 558
430 622
430 801
430 962
431 239
431 303
431 367
431 495
431 559
431 623
431 694
431 725
431 820
431 920
431 986
432 227
432 240
432 304
432 368
432 496
432 560
432 624
433 241
433 305
433 369
433 497
433 561
433 625
433 1194
434 242
434 306
434 370
434 498
434 562
434 626
435 243
435 307
435 371
435 499
435 563
435 627
436 244
436 308
436 322
436 372
436 500
436 564
436 628
436 1228
437 245
437 309
437 373
437 501
437 565
437 629
437 858
437 898
437 1042
438 246
438 310
438 339
438 374
438 502
438 566
438 630
438 987
439 212
439 247
439 249
439 311
439 375
439 503
439 567
439 631
439 1191
440 248
440 312
440 376
440 504
440 536
440 568
440 632
440 747
440 787
440 922
441 249
441 313
441 377
441 485
441 505
441 569
441 633
441 1276
442 250
442 314
442 378
442 506
442 570
442 634
443 251
443 315
443 379
443 507
443 571
443 635
444 252
444 316
444 380
444 508
444 572
444 636
444 816
445 243
445 253
445 317
445 381
445 509
445 573
445 637
445 980
446 216
446 254
446 318
446 382
446 510
446 574
446 638
447 255
447 319
447 383
447 511
447 575
447 639
447 1005
447 1022
448 256
448 320
448 384
448 512
448 576
448 640
448 706
449 257
449 266
449 321
449 385
449 419
449 513
449 577
449 641
449 929
450 48
450 258
450 322
450 386
450 514
450 578
450 642
450 1112
451 259
451 323
451 387
451 515
451 579
451 643
452 46
452 260
452 324
452 388
452 423
452 516
452 580
452 644
452 961
453 261
453 325
453 389
453 517
453 581
453 645
453 808
454 0
454 6
454 28
454 38
454 64
454 75
454 78
454 91
454 128
454 132
454 135
454 138
454 139
454 146
454 150
454 156
454 158
454 163
454 182
454 198
454 202
454 222
454 230
454 262
454 267
454 320
454 326
454 330
454 331
454 348
454 350
454 352
454 358
454 390
454 391
454 412
454 421
454 422
454 457
454 461
454 463
454 465
454 518
454 544
454 549
454 550
454 566
454 576
454 582
454 646
454 653
454 669
454 676
454 713
454 719
454 721
454 777
454 781
454 847
454 866
454 902
454 911
454 925
454 934
454 960
454 966
454 975
454 989
454 1001
454 1030
454 1037
454 1041
454 1094
454 1101
454 1117
454 1124
454 1158
454 1165
454 1167
454 1181
454 1188
454 1216
454 1234
454 1246
454 1250
455 9
455 69
455 137
455 201
455 263
455 265
455 325
455 327
455 391
455 393
455 517
455 519
455 581
455 583
455 647
455 649
455 711
455 774
455 837
455 905
455 969
455 1033
455 1097
455 1161
455 1217
455 1221
456 264
456 328
456 392
456 520
456 584
456 648
456 853
456 862
456 1110
456 1147
456 1160
457 0
457 6
457 7
457 13
457 28
457 36
457 38
457 64
457 75
457 78
457 91
457 128
457 135
457 138
457 146
457 150
457 155
457 156
457 158
457 163
457 182
457 198
457 202
457 222
457 228
457 230
457 262
457 263
457 265
457 267
457 271
457 292
457 329
457 330
457 331
457 334
457 348
457 350
457 352
457 358
457 390
457 391
457 393
457 412
457 421
457 422
457 454
457 461
457 463
457 465
457 521
457 526
457 544
457 550
457 566
457 576
457 583
457 585
457 591
457 593
457 612
457 646
457 647
457 649
457 653
457 654
457 655
457 657
457 669
457 676
457 710
457 713
457 718
457 719
457 721
457 733
457 777
457 781
457 785
457 838
457 845
457 847
457 866
457 902
457 909
457 910
457 911
457 925
457 932
457 934
457 966
457 975
457 989
457 1001
457 1030
457 1037
457 1039
457 1041
457 1053
457 1060
457 1094
457 1101
457 1103
457 1105
457 1117
457 1124
457 1158
457 1165
457 1166
457 1167
457 1169
457 1181
457 1188
457 1216
457 1227
457 1230
457 1234
457 1246
458 252
458 266
458 330
458 394
458 522
458 586
458 650
458 814
459 267
459 331
459 395
459 523
459 587
459 629
459 651
460 268
460 332
460 396
460 524
460 588
460 652
460 788
460 1142
461 0
461 6
461 7
461 13
461 28
461 29
461 36
461 38
461 64
461 71
461 77
461 78
461 91
461 93
461 100
461 128
461 135
461 138
461 146
461 150
461 155
461 156
461 158
461 163
461 164
461 166
461 182
461 198
461 199
461 202
461 205
461 206
461 220
461 222
461 228
461 230
461 262
461 263
461 267
461 269
461 271
461 273
461 285
461 292
461 331
461 333
461 334
461 348
461 350
461 352
461 356
461 358
461 390
461 391
461 397
461 399
461 412
461 413
461 420
461 421
461 422
461 454
461 457
461 463
461 465
461 525
461 526
461 527
461 529
461 544
461 550
461 566
461 576
461 583
461 589
461 591
461 593
461 612
461 646
461 647
461 653
461 654
461 655
461 657
461 669
461 676
461 710
461 713
461 717
461 718
461 719
461 721
461 733
461 777
461 781
461 783
461 785
461 838
461 845
461 846
461 847
461 849
461 861
461 866
461 868
461 902
461 909
461 910
461 911
461 913
461 925
461 932
461 934
461 966
461 973
461 974
461 975
461 977
461 989
461 1001
461 1030
461 1031
461 1037
461 1039
461 1041
461 1053
461 1060
461 1094
461 1101
461 1103
461 1105
461 1117
461 1124
461 1158
461 1159
461 1165
461 1166
461 1167
461 1169
461 1181
461 1188
461 1216
461 1227
461 1230
461 1233
461 1234
461 1246
462 92
462 160
462 270
462 334
462 388
462 398
462 414
462 512
462 526
462 590
462 654
462 836
462 1038
462 1115
463 0
463 6
463 13
463 28
463 38
463 64
463 75
463 78
463 91
463 128
463 135
463 138
463 139
463 146
463 150
463 156
463 158
463 163
463 182
463 198
463 202
463 222
463 230
463 263
463 267
463 271
463 292
463 320
463 330
463 331
463 335
463 348
463 350
463 352
463 358
463 390
463 391
463 399
463 412
463 421
463 422
463 454
463 457
463 461
463 465
463 527
463 544
463 549
463 550
463 566
463 576
463 591
463 646
463 647
463 653
463 655
463 669
463 676
463 713
463 719
463 721
463 733
463 777
463 781
463 847
463 866
463 902
463 911
463 925
463 932
463 934
463 960
463 966
463 975
463 989
463 1001
463 1030
463 1037
463 1039
463 1041
463 1060
463 1094
463 1101
463 1105
463 1117
463 1124
463 1158
463 1165
463 1167
463 1169
463 1181
463 1188
463 1216
463 1230
463 1234
463 1246
463 1250
464 272
464 336
464 400
464 528
464 592
464 656
464 748
464 883
464 941
465 0
465 6
465 7
465 13
465 15
465 28
465 29
465 36
465 64
465 70
465 71
465 77
465 78
465 91
465 93
465 100
465 128
465 135
465 138
465 145
465 146
465 150
465 155
465 156
465 158
465 164
465 166
465 182
465 198
465 199
465 202
465 205
465 206
465 207
465 209
465 220
465 221
465 222
465 228
465 230
465 262
465 263
465 267
465 271
465 273
465 285
465 292
465 326
465 327
465 331
465 333
465 334
465 335
465 337
465 348
465 350
465 352
465 356
465 358
465 390
465 391
465 397
465 399
465 401
465 412
465 413
465 420
465 421
465 422
465 454
465 457
465 461
465 463
465 526
465 527
465 529
465 544
465 550
465 566
465 576
465 582
465 583
465 589
465 590
465 591
465 593
465 605
465 606
465 612
465 646
465 647
465 653
465 654
465 655
465 657
465 669
465 676
465 710
465 713
465 717
465 718
465 719
465 721
465 733
465 777
465 781
465 783
465 785
465 797
465 838
465 845
465 846
465 847
465 849
465 861
465 866
465 868
465 902
465 903
465 909
465 910
465 911
465 913
465 925
465 932
465 934
465 966
465 973
465 974
465 975
465 977
465 989
465 1030
465 1031
465 1037
465 1039
465 1041
465 1053
465 1060
465 1094
465 1101
465 1102
465 1103
465 1105
465 1117
465 1124
465 1158
465 1159
465 1166
465 1167
465 1169
465 1181
465 1188
465 1216
465 1227
465 1229
465 1230
465 1231
465 1233
465 1234
465 1246
466 80
466 200
466 274
466 338
466 402
466 530
466 594
466 658
466 793
467 275
467 339
467 403
467 531
467 595
467 659
468 276
468 340
468 404
468 532
468 596
468 660
468 1148
469 118
469 277
469 341
469 405
469 533
469 597
469 661
469 800
470 236
470 278
470 342
470 406
470 534
470 598
470 662
470 1121
471 279
471 343
471 407
471 535
471 599
471 663
471 1081
472 280
472 344
472 408
472 536
472 600
472 664
473 281
473 345
473 409
473 537
473 601
473 665
474 60
474 282
474 346
474 410
474 538
474 602
474 666
474 702
474 1207
474 1209
475 283
475 347
475 411
475 539
475 603
475 667
475 827
475 1036
476 284
476 348
476 412
476 540
476 604
476 668
477 285
477 349
477 413
477 541
477 605
477 669
477 870
478 119
478 286
478 350
478 414
478 542
478 606
478 670
479 287
479 351
479 415
479 543
479 561
479 607
479 671
479 1138
480 288
480 352
480 416
480 509
480 544
480 608
480 672
480 1071
481 289
481 353
481 417
481 545
481 609
481 673
481 1197
482 290
482 354
482 418
482 546
482 610
482 674
483 291
483 355
483 419
483 547
483 611
483 675
483 897
483 1050
484 292
484 356
484 420
484 548
484 612
484 676
485 293
485 357
485 421
485 441
485 549
485 613
485 677
485 1276
486 294
486 358
486 422
486 550
486 614
486 678
486 1019
487 295
487 359
487 423
487 551
487 615
487 679
488 296
488 360
488 424
488 552
488 616
488 680
488 763
489 297
489 361
489 425
489 553
489 617
489 681
489 736
490 298
490 362
490 426
490 554
490 618
490 682
491 123
491 250
491 299
491 363
491 427
491 555
491 619
491 683
491 752
492 300
492 364
492 428
492 556
492 620
492 684
492 685
493 301
493 365
493 429
493 557
493 621
493 685
494 302
494 366
494 430
494 558
494 622
494 686
494 746
494 1080
494 1211
495 168
495 303
495 367
495 431
495 559
495 623
495 687
495 889
495 1023
496 304
496 368
496 432
496 560
496 624
496 688
496 890
497 305
497 369
497 378
497 433
497 561
497 625
497 689
498 125
498 306
498 370
498 434
498 562
498 601
498 626
498 690
498 1264
499 63
499 191
499 307
499 371
499 435
499 563
499 627
499 691
500 308
500 372
500 436
500 564
500 628
500 692
501 309
501 373
501 437
501 565
501 629
501 635
501 693
502 126
502 224
502 310
502 374
502 426
502 438
502 566
502 630
502 694
503 290
503 311
503 375
503 439
503 508
503 567
503 631
503 695
504 312
504 376
504 440
504 568
504 632
504 696
505 43
505 313
505 377
505 441
505 569
505 633
505 666
505 697
506 240
506 314
506 378
506 442
506 570
506 634
506 698
507 315
507 379
507 443
507 571
507 635
507 699
507 1200
508 290
508 316
508 380
508 444
508 503
508 572
508 636
508 700
509 317
509 381
509 445
509 480
509 573
509 637
509 701
509 1071
510 318
510 382
510 446
510 574
510 638
510 702
511 319
511 383
511 447
511 575
511 639
511 703
512 92
512 160
512 320
512 384
512 388
512 414
512 448
512 462
512 576
512 640
512 704
512 836
512 1038
512 1115
513 321
513 385
513 449
513 577
513 641
513 705
514 74
514 322
514 386
514 450
514 578
514 642
514 706
515 323
515 387
515 451
515 579
515 643
515 707
515 1156
516 38
516 75
516 132
516 139
516 163
516 267
516 320
516 324
516 330
516 388
516 406
516 414
516 415
516 452
516 543
516 549
516 580
516 644
516 708
516 836
516 847
516 960
516 1001
516 1115
516 1117
516 1165
516 1250
517 9
517 69
517 137
517 201
517 265
517 325
517 389
517 393
517 453
517 455
517 581
517 645
517 649
517 709
517 711
517 774
517 837
517 905
517 969
517 1033
517 1097
517 1161
517 1217
517 1221
518 7
518 13
518 14
518 15
518 17
518 29
518 36
518 70
518 71
518 77
518 79
518 81
518 93
518 100
518 134
518 135
518 141
518 142
518 143
518 145
518 150
518 155
518 157
518 164
518 166
518 199
518 205
518 206
518 207
518 209
518 220
518 221
518 228
518 262
518 263
518 271
518 273
518 285
518 292
518 326
518 327
518 333
518 334
518 335
518 337
518 349
518 356
518 358
518 390
518 397
518 398
518 399
518 401
518 413
518 420
518 454
518 519
518 525
518 526
518 527
518 529
518 541
518 548
518 582
518 583
518 589
518 590
518 591
518 593
518 605
518 606
518 612
518 646
518 647
518 654
518 655
518 657
518 710
518 717
518 718
518 733
518 775
518 782
518 783
518 785
518 797
518 838
518 839
518 845
518 846
518 849
518 861
518 868
518 903
518 909
518 910
518 911
518 913
518 925
518 932
518 967
518 973
518 974
518 977
518 996
518 1031
518 1039
518 1053
518 1060
518 1095
518 1102
518 1103
518 1105
518 1159
518 1166
518 1169
518 1181
518 1222
518 1223
518 1227
518 1229
518 1230
518 1231
518 1233
518 1245
518 1252
519 7
519 13
519 14
519 15
519 17
519 29
519 36
519 70
519 71
519 77
519 79
519 81
519 93
519 100
519 134
519 135
519 141
519 142
519 143
519 145
519 150
519 155
519 156
519 157
519 164
519 166
519 199
519 205
519 206
519 207
519 209
519 220
519 221
519 228
519 262
519 263
519 271
519 273
519 285
519 292
519 326
519 327
519 333
519 334
519 335
519 337
519 349
519 356
519 358
519 390
519 391
519 397
519 398
519 399
519 401
519 413
519 420
519 455
519 518
519 525
519 526
519 527
519 529
519 541
519 548
519 550
519 582
519 583
519 589
519 590
519 591
519 593
519 605
519 606
519 612
519 647
519 654
519 655
519 657
519 676
519 710
519 711
519 717
519 718
519 733
519 775
519 782
519 783
519 785
519 797
519 838
519 839
519 845
519 846
519 849
519 861
519 868
519 903
519 909
519 910
519 911
519 913
519 925
519 932
519 967
519 973
519 974
519 977
519 996
519 1031
519 1039
519 1053
519 1060
519 1095
519 1102
519 1103
519 1105
519 1159
519 1166
519 1167
519 1169
519 1181
519 1222
519 1223
519 1227
519 1229
519 1230
519 1231
519 1233
519 1234
519 1245
519 1252
520 328
520 392
520 456
520 569
520 584
520 648
520 712
521 329
521 393
521 457
521 585
521 649
521 713
522 330
522 394
522 458
522 586
522 650
522 714
523 331
523 395
523 459
523 587
523 651
523 715
524 148
524 167
524 332
524 396
524 460
524 588
524 652
524 716
524 1164
525 7
525 14
525 15
525 17
525 29
525 36
525 70
525 71
525 77
525 79
525 81
525 93
525 100
525 134
525 141
525 142
525 143
525 145
525 155
525 157
525 164
525 166
525 199
525 205
525 206
525 207
525 209
525 220
525 221
525 228
525 262
525 271
525 273
525 285
525 326
525 327
525 333
525 334
525 335
525 337
525 349
525 356
525 397
525 398
525 399
525 401
525 413
525 420
525 461
525 518
525 519
525 526
525 527
525 529
525 541
525 548
525 582
525 583
525 589
525 590
525 591
525 593
525 605
525 606
525 612
525 647
525 653
525 654
525 655
525 657
525 710
525 717
525 718
525 733
525 775
525 782
525 783
525 785
525 797
525 838
525 839
525 845
525 846
525 849
525 861
525 868
525 903
525 909
525 910
525 913
525 932
525 967
525 973
525 974
525 977
525 996
525 1031
525 1039
525 1053
525 1095
525 1102
525 1103
525 1105
525 1159
525 1166
525 1222
525 1223
525 1227
525 1229
525 1231
525 1233
525 1245
525 1252
526 0
526 6
526 7
526 13
526 14
526 15
526 17
526 29
526 36
526 70
526 71
526 77
526 78
526 79
526 81
526 93
526 100
526 134
526 135
526 138
526 141
526 142
526 143
526 145
526 150
526 155
526 156
526 157
526 158
526 164
526 166
526 199
526 202
526 205
526 206
526 207
526 209
526 220
526 221
526 228
526 230
526 262
526 263
526 271
526 273
526 285
526 292
526 326
526 327
526 333
526 334
526 335
526 337
526 349
526 350
526 356
526 358
526 390
526 391
526 397
526 398
526 399
526 401
526 413
526 420
526 421
526 457
526 461
526 462
526 465
526 518
526 519
526 525
526 527
526 529
526 541
526 544
526 548
526 550
526 582
526 583
526 589
526 590
526 591
526 593
526 605
526 606
526 612
526 647
526 653
526 654
526 655
526 657
526 669
526 676
526 710
526 717
526 718
526 719
526 733
526 775
526 777
526 782
526 783
526 785
526 797
526 838
526 839
526 845
526 846
526 849
526 861
526 868
526 902
526 903
526 909
526 910
526 911
526 913
526 925
526 932
526 966
526 967
526 973
526 974
526 975
526 977
526 989
526 996
526 1030
526 1031
526 1037
526 1039
526 1041
526 1053
526 1060
526 1094
526 1095
526 1101
526 1102
526 1103
526 1105
526 1159
526 1166
526 1167
526 1169
526 1181
526 1222
526 1223
526 1227
526 1229
526 1230
526 1231
526 1233
526 1234
526 1245
526 1246
526 1252
527 0
527 6
527 7
527 13
527 14
527 15
527 17
527 29
527 36
527 70
527 71
527 77
527 78
527 79
527 81
527 93
527 100
527 134
527 135
527 138
527 141
527 142
527 143
527 145
527 150
527 155
527 156
527 157
527 158
527 164
527 166
527 199
527 202
527 205
527 206
527 207
527 209
527 220
527 221
527 228
527 230
527 262
527 263
527 271
527 273
527 285
527 292
527 326
527 327
527 333
527 334
527 335
527 337
527 349
527 350
527 356
527 358
527 390
527 391
527 397
527 398
527 399
527 401
527 413
527 420
527 421
527 461
527 463
527 465
527 518
527 519
527 525
527 526
527 529
527 541
527 544
527 548
527 550
527 582
527 583
527 589
527 590
527 591
527 593
527 605
527 606
527 612
527 647
527 653
527 654
527 655
527 657
527 669
527 676
527 710
527 717
527 718
527 719
527 733
527 775
527 777
527 782
527 783
527 785
527 797
527 838
527 839
527 845
527 846
527 849
527 861
527 868
527 902
527 903
527 909
527 910
527 911
527 913
527 925
527 932
527 966
527 967
527 973
527 974
527 975
527 977
527 989
527 996
527 1030
527 1031
527 1039
527 1041
527 1053
527 1060
527 1094
527 1095
527 1101
527 1102
527 1103
527 1105
527 1159
527 1166
527 1167
527 1169
527 1181
527 1222
527 1223
527 1227
527 1229
527 1230
527 1231
527 1233
527 1234
527 1245
527 1246
527 1252
528 259
528 336
528 400
528 464
528 592
528 656
528 720
529 0
529 6
529 7
529 13
529 14
529 15
529 17
529 29
529 36
529 70
529 71
529 77
529 78
529 79
529 81
529 93
529 100
529 134
529 135
529 141
529 142
529 143
529 145
529 150
529 155
529 156
529 157
529 158
529 164
529 166
529 199
529 202
529 205
529 206
529 207
529 209
529 220
529 221
529 228
529 230
529 262
529 263
529 271
529 273
529 285
529 292
529 326
529 327
529 333
529 334
529 335
529 337
529 349
529 350
529 356
529 358
529 390
529 397
529 398
529 399
529 401
529 413
529 420
529 461
529 465
529 518
529 519
529 525
529 526
529 527
529 541
529 548
529 550
529 582
529 583
529 589
529 590
529 591
529 593
529 605
529 606
529 612
529 647
529 653
529 654
529 655
529 657
529 669
529 676
529 710
529 717
529 718
529 721
529 733
529 775
529 782
529 783
529 785
529 797
529 838
529 839
529 845
529 846
529 849
529 861
529 868
529 902
529 903
529 909
529 910
529 911
529 913
529 925
529 932
529 966
529 967
529 973
529 974
529 975
529 977
529 996
529 1030
529 1031
529 1039
529 1041
529 1053
529 1060
529 1094
529 1095
529 1101
529 1102
529 1103
529 1105
529 1159
529 1166
529 1167
529 1169
529 1181
529 1222
529 1223
529 1227
529 1229
529 1230
529 1231
529 1233
529 1234
529 1245
529 1252
530 338
530 402
530 466
530 594
530 658
530 722
531 339
531 403
531 467
531 547
531 595
531 659
531 723
532 340
532 404
532 468
532 596
532 660
532 724
533 258
533 341
533 405
533 469
533 597
533 661
533 725
534 342
534 406
534 470
534 598
534 662
534 726
535 343
535 407
535 471
535 599
535 663
535 727
536 344
536 408
536 440
536 472
536 600
536 664
536 728
536 747
536 787
536 922
537 237
537 241
537 277
537 345
537 409
537 473
537 601
537 665
537 729
537 1185
538 346
538 410
538 474
538 602
538 666
538 730
538 1145
539 347
539 411
539 475
539 603
539 667
539 731
539 1174
540 217
540 348
540 412
540 476
540 604
540 668
540 671
540 732
541 7
541 13
541 14
541 15
541 17
541 29
541 36
541 70
541 71
541 77
541 79
541 81
541 93
541 100
541 134
541 141
541 142
541 143
541 145
541 155
541 157
541 164
541 166
541 199
541 205
541 206
541 207
541 209
541 220
541 221
541 228
541 262
541 263
541 271
541 273
541 285
541 292
541 326
541 327
541 333
541 334
541 335
541 337
541 349
541 356
541 397
541 398
541 399
541 401
541 413
541 420
541 477
541 518
541 519
541 525
541 526
541 527
541 529
541 548
541 582
541 583
541 589
541 590
541 591
541 593
541 605
541 606
541 612
541 647
541 654
541 655
541 657
541 669
541 710
541 717
541 718
541 733
541 775
541 782
541 783
541 785
541 797
541 838
541 839
541 845
541 846
541 849
541 861
541 868
541 903
541 909
541 910
541 911
541 913
541 932
541 967
541 973
541 974
541 977
541 996
541 1031
541 1039
541 1053
541 1060
541 1095
541 1102
541 1103
541 1105
541 1159
541 1166
541 1169
541 1222
541 1223
541 1227
541 1229
541 1230
541 1231
541 1233
541 1245
541 1252
542 350
542 414
542 478
542 606
542 670
542 734
543 75
543 132
543 139
543 320
543 330
543 351
543 388
543 406
543 414
543 415
543 479
543 516
543 549
543 607
543 671
543 735
543 836
543 960
543 1115
543 1250
544 0
544 6
544 7
544 13
544 28
544 36
544 38
544 64
544 71
544 75
544 78
544 91
544 100
544 128
544 135
544 138
544 146
544 150
544 155
544 156
544 158
544 163
544 166
544 182
544 198
544 202
544 205
544 206
544 222
544 228
544 230
544 262
544 263
544 267
544 271
544 292
544 330
544 331
544 334
544 348
544 350
544 352
544 358
544 390
544 391
544 397
544 412
544 416
544 420
544 421
544 422
544 454
544 457
544 461
544 463
544 465
544 480
544 526
544 527
544 550
544 566
544 576
544 583
544 589
544 591
544 593
544 608
544 612
544 646
544 647
544 653
544 654
544 655
544 657
544 669
544 672
544 676
544 710
544 713
544 718
544 719
544 721
544 733
544 736
544 777
544 781
544 783
544 785
544 838
544 845
544 847
544 866
544 902
544 909
544 910
544 911
544 913
544 925
544 932
544 934
544 966
544 973
544 974
544 975
544 989
544 1001
544 1030
544 1037
544 1039
544 1041
544 1053
544 1060
544 1094
544 1101
544 1103
544 1105
544 1117
544 1124
544 1158
544 1165
544 1166
544 1167
544 1169
544 1181
544 1188
544 1216
544 1227
544 1230
544 1234
544 1246
545 214
545 270
545 353
545 417
545 481
545 609
545 673
545 737
545 776
546 274
546 354
546 418
546 482
546 610
546 674
546 738
546 1045
547 355
547 419
547 483
547 531
547 611
547 675
547 739
548 7
548 13
548 14
548 15
548 17
548 29
548 36
548 70
548 71
548 77
548 79
548 81
548 93
548 100
548 134
548 135
548 141
548 142
548 143
548 145
548 150
548 155
548 156
548 157
548 164
548 166
548 199
548 205
548 206
548 207
548 209
548 220
548 221
548 228
548 262
548 263
548 271
548 273
548 285
548 292
548 326
548 327
548 333
548 334
548 335
548 337
548 349
548 356
548 358
548 390
548 397
548 398
548 399
548 401
548 413
548 420
548 484
548 518
548 519
548 525
548 526
548 527
548 529
548 541
548 582
548 583
548 589
548 590
548 591
548 593
548 605
548 606
548 612
548 647
548 654
548 655
548 657
548 676
548 710
548 717
548 718
548 733
548 740
548 775
548 782
548 783
548 785
548 797
548 838
548 839
548 845
548 846
548 849
548 861
548 868
548 903
548 909
548 910
548 911
548 913
548 925
548 932
548 967
548 973
548 974
548 977
548 996
548 1031
548 1039
548 1053
548 1060
548 1095
548 1102
548 1103
548 1105
548 1159
548 1166
548 1169
548 1181
548 1222
548 1223
548 1227
548 1229
548 1230
548 1231
548 1233
548 1245
548 1252
549 28
549 38
549 64
549 75
549 128
549 132
549 139
549 146
549 163
549 182
549 198
549 222
549 267
549 320
549 330
549 331
549 348
549 352
549 357
549 406
549 412
549 414
549 415
549 421
549 422
549 454
549 463
549 485
549 516
549 543
549 566
549 576
549 613
549 646
549 677
549 721
549 741
549 781
549 847
549 866
549 934
549 960
549 1001
549 1117
549 1124
549 1158
549 1165
549 1188
549 1216
549 1250
550 0
550 6
550 7
550 13
550 15
550 28
550 29
550 36
550 64
550 70
550 71
550 77
550 78
550 91
550 93
550 100
550 128
550 135
550 138
550 145
550 146
550 150
550 155
550 156
550 158
550 164
550 166
550 182
550 198
550 199
550 202
550 205
550 206
550 207
550 209
550 220
550 221
550 222
550 228
550 230
550 262
550 263
550 267
550 271
550 273
550 285
550 292
550 326
550 327
550 331
550 333
550 334
550 335
550 348
550 350
550 352
550 356
550 358
550 390
550 391
550 397
550 399
550 412
550 413
550 420
550 421
550 422
550 454
550 457
550 461
550 463
550 465
550 486
550 519
550 526
550 527
550 529
550 544
550 566
550 576
550 582
550 583
550 589
550 590
550 591
550 593
550 605
550 606
550 612
550 614
550 646
550 647
550 653
550 654
550 655
550 657
550 669
550 676
550 678
550 710
550 713
550 717
550 718
550 719
550 721
550 733
550 742
550 777
550 781
550 783
550 785
550 797
550 838
550 845
550 846
550 849
550 861
550 866
550 868
550 902
550 903
550 909
550 910
550 911
550 913
550 925
550 932
550 934
550 966
550 973
550 974
550 975
550 977
550 989
550 996
550 1030
550 1031
550 1037
550 1039
550 1041
550 1053
550 1060
550 1094
550 1095
550 1101
550 1102
550 1103
550 1105
550 1124
550 1158
550 1159
550 1166
550 1167
550 1169
550 1181
550 1188
550 1216
550 1222
550 1227
550 1229
550 1230
550 1231
550 1233
550 1234
550 1246
551 247
551 359
551 423
551 487
551 615
551 679
551 743
552 24
552 57
552 360
552 424
552 488
552 616
552 680
552 744
552 1219
553 361
553 425
553 489
553 617
553 681
553 745
554 362
554 426
554 490
554 618
554 682
554 746
554 1114
555 363
555 369
555 427
555 491
555 619
555 628
555 683
555 743
555 747
556 364
556 428
556 492
556 620
556 684
556 748
556 1044
557 365
557 429
557 493
557 621
557 685
557 749
558 172
558 282
558 305
558 307
558 366
558 430
558 494
558 622
558 686
558 750
559 122
559 367
559 380
559 431
559 495
559 623
559 687
559 751
560 368
560 432
560 496
560 624
560 688
560 752
561 369
561 433
561 479
561 497
561 625
561 689
561 753
561 1138
562 370
562 434
562 498
562 626
562 690
562 754
562 1096
562 1261
563 371
563 435
563 499
563 627
563 691
563 755
564 264
564 372
564 436
564 500
564 628
564 692
564 756
564 1013
565 98
565 373
565 387
565 437
565 501
565 629
565 693
565 757
566 0
566 6
566 13
566 28
566 38
566 64
566 75
566 78
566 91
566 128
566 135
566 138
566 139
566 146
566 150
566 156
566 158
566 163
566 182
566 198
566 202
566 222
566 230
566 263
566 267
566 292
566 320
566 330
566 331
566 348
566 350
566 352
566 358
566 374
566 390
566 391
566 412
566 421
566 422
566 438
566 454
566 457
566 461
566 463
566 465
566 502
566 544
566 549
566 550
566 576
566 630
566 646
566 647
566 653
566 669
566 676
566 694
566 713
566 719
566 721
566 733
566 758
566 777
566 781
566 847
566 866
566 902
566 911
566 925
566 932
566 934
566 960
566 966
566 975
566 989
566 1001
566 1030
566 1037
566 1039
566 1041
566 1060
566 1094
566 1101
566 1105
566 1117
566 1124
566 1158
566 1165
566 1167
566 1169
566 1181
566 1188
566 1216
566 1230
566 1234
566 1246
566 1250
567 375
567 439
567 503
567 631
567 695
567 759
568 376
568 440
568 504
568 632
568 696
568 760
568 1151
569 377
569 441
569 505
569 520
569 633
569 697
569 761
570 378
570 442
570 506
570 634
570 698
570 749
570 762
571 379
571 443
571 507
571 635
571 699
571 763
571 1026
572 380
572 444
572 508
572 636
572 700
572 705
572 764
573 381
573 445
573 509
573 611
573 637
573 701
573 765
573 916
574 289
574 382
574 446
574 510
574 638
574 702
574 766
575 364
575 383
575 447
575 511
575 639
575 703
575 767
576 0
576 6
576 28
576 38
576 64
576 75
576 78
576 91
576 128
576 132
576 138
576 139
576 146
576 156
576 158
576 163
576 182
576 198
576 202
576 222
576 230
576 267
576 320
576 330
576 331
576 348
576 350
576 352
576 384
576 390
576 391
576 412
576 421
576 422
576 448
576 454
576 457
576 461
576 463
576 465
576 512
576 544
576 549
576 550
576 566
576 640
576 646
576 653
576 669
576 704
576 713
576 719
576 721
576 768
576 777
576 781
576 847
576 866
576 902
576 934
576 960
576 966
576 975
576 989
576 1001
576 1030
576 1037
576 1041
576 1094
576 1101
576 1117
576 1124
576 1158
576 1165
576 1167
576 1188
576 1216
576 1234
576 1246
576 1250
577 385
577 449
577 513
577 641
577 705
577 769
578 386
578 450
578 514
578 642
578 706
578 770
578 779
579 311
579 387
579 451
579 515
579 643
579 707
579 771
579 978
580 388
580 452
580 516
580 644
580 708
580 772
581 9
581 69
581 137
581 201
581 265
581 325
581 389
581 393
581 453
581 455
581 517
581 645
581 649
581 709
581 711
581 773
581 774
581 837
581 905
581 969
581 1033
581 1097
581 1161
581 1217
581 1221
582 0
582 7
582 13
582 14
582 15
582 17
582 29
582 36
582 70
582 71
582 77
582 78
582 79
582 81
582 93
582 100
582 134
582 135
582 141
582 142
582 143
582 145
582 150
582 155
582 156
582 157
582 158
582 164
582 166
582 199
582 202
582 205
582 206
582 207
582 209
582 220
582 221
582 228
582 262
582 263
582 271
582 273
582 285
582 292
582 326
582 327
582 333
582 334
582 335
582 337
582 349
582 350
582 356
582 358
582 390
582 397
582 398
582 399
582 401
582 413
582 420
582 454
582 465
582 518
582 519
582 525
582 526
582 527
582 529
582 541
582 548
582 550
582 583
582 589
582 590
582 591
582 593
582 605
582 606
582 612
582 646
582 647
582 653
582 654
582 655
582 657
582 669
582 676
582 710
582 717
582 718
582 733
582 774
582 775
582 782
582 783
582 785
582 797
582 838
582 839
582 845
582 846
582 849
582 861
582 868
582 902
582 903
582 909
582 910
582 911
582 913
582 925
582 932
582 966
582 967
582 973
582 974
582 977
582 996
582 1030
582 1031
582 1039
582 1041
582 1053
582 1060
582 1095
582 1102
582 1103
582 1105
582 1159
582 1166
582 1167
582 1169
582 1181
582 1222
582 1223
582 1227
582 1229
582 1230
582 1231
582 1233
582 1234
582 1245
582 1252
583 0
583 6
583 7
583 13
583 14
583 15
583 17
583 29
583 36
583 70
583 71
583 77
583 78
583 79
583 81
583 91
583 93
583 100
583 134
583 135
583 138
583 141
583 142
583 143
583 145
583 150
583 155
583 156
583 157
583 158
583 164
583 166
583 182
583 199
583 202
583 205
583 206
583 207
583 209
583 220
583 221
583 228
583 230
583 262
583 263
583 271
583 273
583 285
583 292
583 326
583 327
583 333
583 334
583 335
583 337
583 349
583 350
583 356
583 358
583 390
583 391
583 397
583 398
583 399
583 401
583 413
583 420
583 421
583 455
583 457
583 461
583 465
583 518
583 519
583 525
583 526
583 527
583 529
583 541
583 544
583 548
583 550
583 582
583 589
583 590
583 591
583 593
583 605
583 606
583 612
583 647
583 653
583 654
583 655
583 657
583 669
583 676
583 710
583 711
583 713
583 717
583 718
583 719
583 733
583 775
583 777
583 782
583 783
583 785
583 797
583 838
583 839
583 845
583 846
583 849
583 861
583 868
583 902
583 903
583 909
583 910
583 911
583 913
583 925
583 932
583 966
583 967
583 973
583 974
583 975
583 977
583 989
583 996
583 1030
583 1031
583 1037
583 1039
583 1041
583 1053
583 1060
583 1094
583 1095
583 1101
583 1102
583 1103
583 1105
583 1159
583 1166
583 1167
583 1169
583 1181
583 1222
583 1223
583 1227
583 1229
583 1230
583 1231
583 1233
583 1234
583 1245
583 1246
583 1252
584 392
584 456
584 520
584 648
584 712
584 776
585 192
585 393
585 457
585 521
585 649
585 713
585 777
585 1099
586 45
586 394
586 458
586 522
586 650
586 695
586 714
586 778
586 852
587 395
587 459
587 523
587 651
587 715
587 779
587 994
588 396
588 460
588 524
588 652
588 716
588 780
589 0
589 6
589 7
589 13
589 14
589 15
589 17
589 29
589 36
589 70
589 71
589 77
589 78
589 79
589 81
589 93
589 100
589 134
589 135
589 138
589 141
589 142
589 143
589 145
589 150
589 155
589 156
589 157
589 158
589 164
589 166
589 199
589 202
589 205
589 206
589 207
589 209
589 220
589 221
589 228
589 230
589 262
589 263
589 271
589 273
589 285
589 292
589 326
589 327
589 333
589 334
589 335
589 337
589 349
589 350
589 356
589 358
589 390
589 391
589 397
589 398
589 399
589 401
589 413
589 420
589 421
589 461
589 465
589 518
589 519
589 525
589 526
589 527
589 529
589 541
589 544
589 548
589 550
589 582
589 583
589 590
589 591
589 593
589 605
589 606
589 612
589 647
589 653
589 654
589 655
589 657
589 669
589 676
589 710
589 717
589 718
589 719
589 733
589 775
589 777
589 781
589 782
589 783
589 785
589 797
589 838
589 839
589 845
589 846
589 849
589 861
589 868
589 902
589 903
589 909
589 910
589 911
589 913
589 925
589 932
589 966
589 967
589 973
589 974
589 975
589 977
589 989
589 996
589 1030
589 1031
589 1037
589 1039
589 1041
589 1053
589 1060
589 1094
589 1095
589 1101
589 1102
589 1103
589 1105
589 1159
589 1166
589 1167
589 1169
589 1181
589 1222
589 1223
589 1227
589 1229
589 1230
589 1231
589 1233
589 1234
589 1245
589 1246
589 1252
590 7
590 13
590 14
590 15
590 17
590 29
590 36
590 70
590 71
590 77
590 79
590 81
590 93
590 100
590 134
590 135
590 141
590 142
590 143
590 145
590 150
590 155
590 156
590 157
590 164
590 166
590 199
590 202
590 205
590 206
590 207
590 209
590 220
590 221
590 228
590 262
590 263
590 271
590 273
590 285
590 292
590 326
590 327
590 333
590 334
590 335
590 337
590 349
590 350
590 356
590 358
590 390
590 397
590 398
590 399
590 401
590 413
590 420
590 462
590 465
590 518
590 519
590 525
590 526
590 527
590 529
590 541
590 548
590 550
590 582
590 583
590 589
590 591
590 593
590 605
590 606
590 612
590 647
590 653
590 654
590 655
590 657
590 669
590 676
590 710
590 717
590 718
590 733
590 775
590 782
590 783
590 785
590 797
590 838
590 839
590 845
590 846
590 849
590 861
590 868
590 902
590 903
590 909
590 910
590 911
590 913
590 925
590 932
590 966
590 967
590 973
590 974
590 977
590 996
590 1030
590 1031
590 1039
590 1053
590 1060
590 1095
590 1102
590 1103
590 1105
590 1159
590 1166
590 1167
590 1169
590 1181
590 1222
590 1223
590 1227
590 1229
590 1230
590 1231
590 1233
590 1234
590 1245
590 1252
591 0
591 6
591 7
591 13
591 14
591 15
591 17
591 29
591 36
591 64
591 70
591 71
591 77
591 78
591 79
591 81
591 91
591 93
591 100
591 134
591 135
591 138
591 141
591 142
591 143
591 145
591 150
591 155
591 156
591 157
591 158
591 164
591 166
591 182
591 199
591 202
591 205
591 206
591 207
591 209
591 220
591 221
591 228
591 230
591 262
591 263
591 271
591 273
591 285
591 292
591 326
591 327
591 333
591 334
591 335
591 337
591 349
591 350
591 356
591 358
591 390
591 391
591 397
591 398
591 399
591 401
591 413
591 420
591 421
591 457
591 461
591 463
591 465
591 518
591 519
591 525
591 526
591 527
591 529
591 541
591 544
591 548
591 550
591 582
591 583
591 589
591 590
591 593
591 605
591 606
591 612
591 647
591 653
591 654
591 655
591 657
591 669
591 676
591 710
591 713
591 717
591 718
591 719
591 733
591 775
591 777
591 782
591 783
591 785
591 797
591 838
591 839
591 845
591 846
591 849
591 861
591 868
591 902
591 903
591 909
591 910
591 911
591 913
591 925
591 932
591 966
591 967
591 973
591 974
591 975
591 977
591 989
591 996
591 1030
591 1031
591 1037
591 1039
591 1041
591 1053
591 1060
591 1094
591 1095
591 1101
591 1102
591 1103
591 1105
591 1159
591 1166
591 1167
591 1169
591 1181
591 1222
591 1223
591 1227
591 1229
591 1230
591 1231
591 1233
591 1234
591 1245
591 1246
591 1252
592 400
592 464
592 528
592 656
592 720
592 784
593 0
593 6
593 7
593 13
593 14
593 15
593 17
593 29
593 36
593 70
593 71
593 77
593 78
593 79
593 81
593 91
593 93
593 100
593 134
593 135
593 138
593 141
593 142
593 143
593 145
593 150
593 155
593 156
593 157
593 158
593 164
593 166
593 182
593 199
593 202
593 205
593 206
593 207
593 209
593 220
593 221
593 228
593 230
593 262
593 263
593 271
593 273
593 285
593 292
593 326
593 327
593 333
593 334
593 335
593 337
593 349
593 350
593 356
593 358
593 390
593 391
593 397
593 398
593 399
593 401
593 413
593 420
593 421
593 457
593 461
593 465
593 518
593 519
593 525
593 526
593 527
593 529
593 541
593 544
593 548
593 550
593 582
593 583
593 589
593 590
593 591
593 605
593 606
593 612
593 647
593 653
593 654
593 655
593 657
593 669
593 676
593 710
593 713
593 717
593 718
593 719
593 721
593 733
593 775
593 777
593 782
593 783
593 785
593 797
593 838
593 839
593 845
593 846
593 849
593 861
593 868
593 902
593 903
593 909
593 910
593 911
593 913
593 925
593 932
593 966
593 967
593 973
593 974
593 975
593 977
593 989
593 996
593 1030
593 1031
593 1037
593 1039
593 1041
593 1053
593 1060
593 1094
593 1095
593 1101
593 1102
593 1103
593 1105
593 1159
593 1166
593 1167
593 1169
593 1181
593 1222
593 1223
593 1227
593 1229
593 1230
593 1231
593 1233
593 1234
593 1245
593 1246
593 1252
594 402
594 466
594 530
594 658
594 722
594 786
595 403
595 467
595 531
595 659
595 723
595 738
595 787
595 1235
596 377
596 404
596 468
596 532
596 660
596 724
596 788
596 1279
597 40
597 405
597 469
597 533
597 661
597 704
597 725
597 789
598 406
598 470
598 534
598 662
598 726
598 768
598 790
599 407
599 471
599 535
599 663
599 727
599 791
600 408
600 472
600 536
600 664
600 728
600 792
600 1063
601 125
601 409
601 473
601 498
601 537
601 665
601 729
601 793
601 1264
602 152
602 410
602 474
602 538
602 666
602 730
602 794
603 411
603 475
603 539
603 667
603 731
603 795
603 844
603 997
604 5
604 412
604 476
604 540
604 668
604 732
604 796
604 832
605 0
605 7
605 13
605 14
605 15
605 17
605 29
605 36
605 70
605 71
605 77
605 78
605 79
605 81
605 93
605 100
605 134
605 135
605 141
605 142
605 143
605 145
605 150
605 155
605 156
605 157
605 158
605 164
605 166
605 199
605 202
605 205
605 206
605 207
605 209
605 220
605 221
605 228
605 262
605 263
605 271
605 273
605 285
605 292
605 326
605 327
605 333
605 334
605 335
605 337
605 349
605 350
605 356
605 358
605 390
605 397
605 398
605 399
605 401
605 413
605 420
605 465
605 477
605 518
605 519
605 525
605 526
605 527
605 529
605 541
605 548
605 550
605 582
605 583
605 589
605 590
605 591
605 593
605 606
605 612
605 647
605 653
605 654
605 655
605 657
605 669
605 676
605 710
605 717
605 718
605 733
605 775
605 782
605 783
605 785
605 797
605 838
605 839
605 845
605 846
605 849
605 861
605 868
605 902
605 903
605 909
605 910
605 911
605 913
605 925
605 932
605 966
605 967
605 973
605 974
605 977
605 996
605 1030
605 1031
605 1039
605 1041
605 1053
605 1060
605 1095
605 1102
605 1103
605 1105
605 1159
605 1166
605 1167
605 1169
605 1181
605 1222
605 1223
605 1227
605 1229
605 1230
605 1231
605 1233
605 1234
605 1245
605 1252
606 0
606 7
606 13
606 14
606 15
606 17
606 29
606 36
606 70
606 71
606 77
606 78
606 79
606 81
606 93
606 100
606 134
606 135
606 141
606 142
606 143
606 145
606 150
606 155
606 156
606 157
606 158
606 164
606 166
606 199
606 202
606 205
606 206
606 207
606 209
606 220
606 221
606 228
606 262
606 263
606 271
606 273
606 285
606 292
606 326
606 327
606 333
606 334
606 335
606 337
606 349
606 350
606 356
606 358
606 390
606 397
606 398
606 399
606 401
606 413
606 414
606 420
606 465
606 478
606 518
606 519
606 525
606 526
606 527
606 529
606 541
606 542
606 548
606 550
606 582
606 583
606 589
606 590
606 591
606 593
606 605
606 612
606 647
606 653
606 654
606 655
606 657
606 669
606 670
606 676
606 710
606 717
606 718
606 733
606 734
606 775
606 782
606 783
606 785
606 797
606 798
606 838
606 839
606 845
606 846
606 849
606 861
606 868
606 902
606 903
606 909
606 910
606 911
606 913
606 925
606 932
606 966
606 967
606 973
606 974
606 977
606 996
606 1030
606 1031
606 1039
606 1041
606 1053
606 1060
606 1095
606 1102
606 1103
606 1105
606 1159
606 1166
606 1167
606 1169
606 1181
606 1222
606 1223
606 1227
606 1229
606 1230
606 1231
606 1233
606 1234
606 1245
606 1252
607 218
607 415
607 479
607 543
607 671
607 735
607 796
607 799
607 1051
608 245
608 416
608 480
608 544
608 672
608 736
608 800
608 1242
609 417
609 481
609 545
609 673
609 737
609 801
610 418
610 482
610 546
610 674
610 737
610 738
610 802
610 965
610 1190
611 419
611 483
611 547
611 573
611 675
611 739
611 803
611 916
612 0
612 6
612 7
612 13
612 14
612 15
612 17
612 29
612 36
612 70
612 71
612 77
612 78
612 79
612 81
612 93
612 100
612 134
612 135
612 138
612 141
612 142
612 143
612 145
612 150
612 155
612 156
612 157
612 158
612 164
612 166
612 199
612 202
612 205
612 206
612 207
612 209
612 220
612 221
612 228
612 230
612 262
612 263
612 271
612 273
612 285
612 292
612 326
612 327
612 333
612 334
612 335
612 337
612 349
612 350
612 356
612 358
612 390
612 391
612 397
612 398
612 399
612 401
612 413
612 420
612 421
612 457
612 461
612 465
612 484
612 518
612 519
612 525
612 526
612 527
612 529
612 541
612 544
612 548
612 550
612 582
612 583
612 589
612 590
612 591
612 593
612 605
612 606
612 647
612 653
612 654
612 655
612 657
612 669
612 676
612 710
612 717
612 718
612 719
612 733
612 740
612 775
612 777
612 782
612 783
612 785
612 797
612 804
612 838
612 839
612 845
612 846
612 849
612 861
612 868
612 902
612 903
612 909
612 910
612 911
612 913
612 925
612 932
612 966
612 967
612 973
612 974
612 975
612 977
612 989
612 996
612 1030
612 1031
612 1037
612 1039
612 1041
612 1053
612 1060
612 1094
612 1095
612 1101
612 1102
612 1103
612 1105
612 1159
612 1166
612 1167
612 1169
612 1181
612 1222
612 1223
612 1227
612 1229
612 1230
612 1231
612 1233
612 1234
612 1245
612 1246
612 1252
613 421
613 485
613 549
613 677
613 741
613 772
613 799
613 805
613 1232
613 1247
614 422
614 486
614 550
614 678
614 742
614 806
615 423
615 487
615 551
615 679
615 743
615 807
615 1129
616 424
616 488
616 552
616 680
616 744
616 808
617 31
617 425
617 489
617 553
617 681
617 745
617 809
617 1052
618 426
618 490
618 554
618 682
618 746
618 810
619 427
619 491
619 555
619 683
619 747
619 811
619 1079
620 428
620 492
620 556
620 684
620 748
620 755
620 812
621 429
621 493
621 557
621 685
621 749
621 813
621 1133
622 430
622 494
622 558
622 686
622 750
622 814
623 431
623 495
623 559
623 687
623 751
623 766
623 815
623 1091
624 432
624 496
624 560
624 688
624 752
624 816
625 433
625 497
625 561
625 665
625 689
625 753
625 817
625 1256
626 4
626 434
626 498
626 562
626 690
626 754
626 818
627 110
627 151
627 435
627 499
627 563
627 691
627 755
627 819
628 369
628 436
628 500
628 555
628 564
628 692
628 743
628 756
628 820
629 437
629 459
629 501
629 565
629 693
629 757
629 821
630 283
630 438
630 502
630 566
630 694
630 758
630 822
631 439
631 503
631 567
631 695
631 759
631 823
632 346
632 440
632 504
632 568
632 696
632 760
632 824
632 1043
632 1248
632 1257
633 159
633 171
633 197
633 441
633 505
633 569
633 697
633 761
633 825
634 42
634 442
634 506
634 570
634 698
634 762
634 826
635 443
635 501
635 507
635 571
635 699
635 763
635 827
636 318
636 444
636 508
636 572
636 700
636 764
636 828
637 49
637 445
637 509
637 573
637 701
637 765
637 829
637 940
637 1274
638 383
638 446
638 510
638 574
638 702
638 766
638 830
638 1180
638 1208
639 447
639 511
639 575
639 703
639 767
639 831
639 957
639 1277
640 448
640 512
640 576
640 704
640 768
640 832
641 449
641 513
641 577
641 705
641 769
641 833
641 983
642 450
642 514
642 578
642 706
642 723
642 770
642 834
643 332
643 451
643 515
643 579
643 707
643 771
643 835
644 452
644 516
644 580
644 708
644 772
644 836
645 85
645 453
645 517
645 581
645 709
645 773
645 837
645 1152
646 0
646 6
646 7
646 13
646 28
646 38
646 64
646 75
646 78
646 91
646 128
646 135
646 138
646 139
646 146
646 150
646 156
646 158
646 163
646 182
646 198
646 202
646 222
646 230
646 263
646 267
646 292
646 320
646 330
646 331
646 348
646 350
646 352
646 358
646 390
646 391
646 412
646 421
646 422
646 454
646 457
646 461
646 463
646 465
646 518
646 544
646 549
646 550
646 566
646 576
646 582
646 647
646 653
646 655
646 669
646 676
646 710
646 713
646 719
646 721
646 733
646 774
646 777
646 781
646 838
646 845
646 847
646 866
646 902
646 911
646 925
646 932
646 934
646 960
646 966
646 975
646 989
646 1001
646 1030
646 1037
646 1039
646 1041
646 1053
646 1060
646 1094
646 1101
646 1105
646 1117
646 1124
646 1158
646 1165
646 1167
646 1169
646 1181
646 1188
646 1216
646 1230
646 1234
646 1246
646 1250
647 0
647 6
647 7
647 13
647 14
647 15
647 17
647 28
647 29
647 36
647 64
647 70
647 71
647 77
647 78
647 79
647 81
647 91
647 93
647 100
647 128
647 134
647 135
647 138
647 142
647 143
647 145
647 150
647 155
647 156
647 157
647 158
647 164
647 166
647 182
647 198
647 199
647 202
647 205
647 206
647 207
647 209
647 220
647 221
647 228
647 230
647 262
647 263
647 271
647 273
647 285
647 292
647 326
647 327
647 333
647 334
647 335
647 348
647 349
647 350
647 352
647 356
647 358
647 390
647 391
647 397
647 398
647 399
647 401
647 413
647 420
647 421
647 455
647 457
647 461
647 463
647 465
647 518
647 519
647 525
647 526
647 527
647 529
647 541
647 544
647 548
647 550
647 566
647 582
647 583
647 589
647 590
647 591
647 593
647 605
647 606
647 612
647 646
647 653
647 654
647 655
647 657
647 669
647 676
647 710
647 711
647 713
647 717
647 718
647 719
647 733
647 775
647 777
647 781
647 782
647 783
647 785
647 797
647 838
647 839
647 845
647 846
647 849
647 861
647 868
647 902
647 903
647 909
647 910
647 911
647 913
647 925
647 932
647 966
647 967
647 973
647 974
647 975
647 977
647 989
647 996
647 1030
647 1031
647 1037
647 1039
647 1041
647 1053
647 1060
647 1094
647 1095
647 1101
647 1102
647 1103
647 1105
647 1124
647 1159
647 1166
647 1167
647 1169
647 1181
647 1222
647 1223
647 1227
647 1229
647 1230
647 1231
647 1233
647 1234
647 1245
647 1246
647 1252
648 456
648 520
648 584
648 712
648 716
648 776
648 840
648 1000
648 1140
648 1202
649 9
649 69
649 137
649 201
649 265
649 325
649 393
649 455
649 457
649 517
649 521
649 581
649 585
649 711
649 713
649 774
649 777
649 837
649 841
649 905
649 969
649 1033
649 1097
649 1161
649 1217
649 1221
650 169
650 195
650 458
650 522
650 586
650 714
650 778
650 842
651 459
651 523
651 587
651 715
651 779
651 843
651 1057
652 424
652 460
652 524
652 588
652 667
652 716
652 780
652 819
652 844
652 873
652 968
653 0
653 6
653 7
653 13
653 15
653 28
653 29
653 36
653 64
653 70
653 71
653 77
653 78
653 91
653 93
653 100
653 128
653 135
653 138
653 145
653 146
653 150
653 155
653 156
653 158
653 164
653 166
653 182
653 198
653 199
653 202
653 205
653 206
653 207
653 209
653 220
653 221
653 222
653 228
653 230
653 262
653 263
653 267
653 271
653 273
653 285
653 292
653 326
653 331
653 333
653 334
653 335
653 348
653 350
653 352
653 356
653 358
653 390
653 391
653 397
653 399
653 412
653 413
653 420
653 421
653 422
653 454
653 457
653 461
653 463
653 465
653 525
653 526
653 527
653 529
653 544
653 550
653 566
653 576
653 582
653 583
653 589
653 590
653 591
653 593
653 605
653 606
653 612
653 646
653 647
653 654
653 655
653 657
653 669
653 676
653 710
653 713
653 717
653 718
653 719
653 721
653 733
653 777
653 781
653 783
653 785
653 797
653 838
653 845
653 846
653 847
653 849
653 861
653 866
653 868
653 902
653 903
653 909
653 910
653 911
653 913
653 925
653 932
653 934
653 966
653 973
653 974
653 975
653 977
653 989
653 1030
653 1031
653 1037
653 1039
653 1041
653 1053
653 1060
653 1094
653 1101
653 1102
653 1103
653 1105
653 1117
653 1124
653 1158
653 1159
653 1166
653 1167
653 1169
653 1181
653 1188
653 1216
653 1227
653 1229
653 1230
653 1231
653 1233
653 1234
653 1246
654 0
654 6
654 7
654 13
654 14
654 15
654 17
654 29
654 36
654 70
654 71
654 77
654 78
654 79
654 81
654 91
654 93
654 100
654 134
654 135
654 138
654 141
654 142
654 143
654 145
654 150
654 155
654 156
654 157
654 158
654 164
654 166
654 182
654 199
654 202
654 205
654 206
654 207
654 209
654 220
654 221
654 228
654 230
654 262
654 263
654 271
654 273
654 285
654 292
654 326
654 327
654 333
654 334
654 335
654 337
654 349
654 350
654 356
654 358
654 390
654 391
654 397
654 398
654 399
654 401
654 413
654 420
654 421
654 457
654 461
654 462
654 465
654 518
654 519
654 525
654 526
654 527
654 529
654 541
654 544
654 548
654 550
654 582
654 583
654 589
654 590
654 591
654 593
654 605
654 606
654 612
654 647
654 653
654 655
654 657
654 669
654 676
654 710
654 713
654 717
654 718
654 719
654 733
654 775
654 777
654 782
654 783
654 785
654 797
654 838
654 839
654 845
654 846
654 849
654 861
654 868
654 902
654 903
654 909
654 910
654 911
654 913
654 925
654 932
654 966
654 967
654 973
654 974
654 975
654 977
654 989
654 996
654 1030
654 1031
654 1037
654 1039
654 1041
654 1053
654 1060
654 1094
654 1095
654 1101
654 1102
654 1103
654 1105
654 1159
654 1166
654 1167
654 1169
654 1181
654 1222
654 1223
654 1227
654 1229
654 1230
654 1231
654 1233
654 1234
654 1245
654 1246
654 1252
655 0
655 6
655 7
655 13
655 14
655 15
655 17
655 29
655 36
655 64
655 70
655 71
655 77
655 78
655 79
655 81
655 91
655 93
655 100
655 128
655 134
655 135
655 138
655 142
655 143
655 145
655 150
655 155
655 156
655 157
655 158
655 164
655 166
655 182
655 199
655 202
655 205
655 206
655 207
655 209
655 220
655 221
655 228
655 230
655 262
655 263
655 271
655 273
655 285
655 292
655 326
655 327
655 333
655 334
655 335
655 337
655 348
655 349
655 350
655 356
655 358
655 390
655 391
655 397
655 398
655 399
655 401
655 413
655 420
655 421
655 457
655 461
655 463
655 465
655 518
655 519
655 525
655 526
655 527
655 529
655 541
655 544
655 548
655 550
655 582
655 583
655 589
655 590
655 591
655 593
655 605
655 606
655 612
655 646
655 647
655 653
655 654
655 657
655 669
655 676
655 710
655 713
655 717
655 718
655 719
655 733
655 775
655 777
655 781
655 782
655 783
655 785
655 797
655 838
655 839
655 845
655 846
655 847
655 849
655 861
655 868
655 902
655 903
655 909
655 910
655 911
655 913
655 925
655 932
655 966
655 967
655 973
655 974
655 975
655 977
655 989
655 996
655 1030
655 1031
655 1037
655 1039
655 1041
655 1053
655 1060
655 1094
655 1095
655 1101
655 1102
655 1103
655 1105
655 1124
655 1159
655 1166
655 1167
655 1169
655 1181
655 1222
655 1223
655 1227
655 1229
655 1230
655 1231
655 1233
655 1234
655 1245
655 1246
655 1252
656 464
656 528
656 592
656 720
656 784
656 848
656 1016
656 1090
657 0
657 6
657 7
657 13
657 14
657 15
657 17
657 29
657 36
657 64
657 70
657 71
657 77
657 78
657 79
657 81
657 91
657 93
657 100
657 134
657 135
657 138
657 142
657 143
657 145
657 150
657 155
657 156
657 157
657 158
657 164
657 166
657 182
657 199
657 202
657 205
657 206
657 207
657 209
657 220
657 221
657 228
657 230
657 262
657 263
657 271
657 273
657 285
657 292
657 326
657 327
657 333
657 334
657 335
657 337
657 349
657 350
657 356
657 358
657 390
657 391
657 397
657 398
657 399
657 401
657 413
657 420
657 421
657 457
657 461
657 465
657 518
657 519
657 525
657 526
657 527
657 529
657 541
657 544
657 548
657 550
657 582
657 583
657 589
657 590
657 591
657 593
657 605
657 606
657 612
657 647
657 653
657 654
657 655
657 669
657 676
657 710
657 713
657 717
657 718
657 719
657 721
657 733
657 775
657 777
657 782
657 783
657 785
657 797
657 838
657 839
657 845
657 846
657 849
657 861
657 868
657 902
657 903
657 909
657 910
657 911
657 913
657 925
657 932
657 966
657 967
657 973
657 974
657 975
657 977
657 989
657 996
657 1030
657 1031
657 1037
657 1039
657 1041
657 1053
657 1060
657 1094
657 1095
657 1101
657 1102
657 1103
657 1105
657 1159
657 1166
657 1167
657 1169
657 1181
657 1222
657 1223
657 1227
657 1229
657 1230
657 1231
657 1233
657 1234
657 1245
657 1246
657 1252
658 392
658 466
658 530
658 594
658 722
658 786
658 850
659 244
659 467
659 531
659 595
659 696
659 723
659 787
659 851
659 935
659 948
659 976
660 379
660 468
660 532
660 596
660 724
660 788
660 852
661 286
661 469
661 533
661 597
661 673
661 725
661 789
661 853
662 281
662 470
662 534
662 598
662 726
662 790
662 854
662 879
662 1084
663 177
663 471
663 535
663 599
663 727
663 791
663 855
663 914
664 472
664 536
664 600
664 697
664 728
664 792
664 856
665 473
665 537
665 601
665 625
665 729
665 793
665 857
665 1256
666 43
666 474
666 505
666 538
666 602
666 730
666 794
666 858
667 424
667 475
667 539
667 603
667 652
667 731
667 795
667 819
667 859
667 873
667 968
668 476
668 540
668 604
668 732
668 796
668 860
669 0
669 6
669 7
669 13
669 15
669 28
669 29
669 36
669 64
669 70
669 71
669 77
669 78
669 91
669 93
669 100
669 128
669 135
669 138
669 145
669 146
669 150
669 155
669 156
669 158
669 164
669 166
669 182
669 198
669 199
669 202
669 205
669 206
669 207
669 209
669 220
669 221
669 222
669 228
669 230
669 262
669 263
669 267
669 271
669 273
669 285
669 292
669 326
669 327
669 331
669 333
669 334
669 335
669 348
669 350
669 352
669 356
669 358
669 390
669 391
669 397
669 399
669 412
669 413
669 420
669 421
669 422
669 454
669 457
669 461
669 463
669 465
669 477
669 526
669 527
669 529
669 541
669 544
669 550
669 566
669 576
669 582
669 583
669 589
669 590
669 591
669 593
669 605
669 606
669 612
669 646
669 647
669 653
669 654
669 655
669 657
669 676
669 710
669 713
669 717
669 718
669 719
669 721
669 733
669 777
669 781
669 783
669 785
669 797
669 838
669 845
669 846
669 847
669 849
669 861
669 866
669 868
669 902
669 903
669 909
669 910
669 911
669 913
669 925
669 932
669 934
669 966
669 973
669 974
669 975
669 977
669 989
669 996
669 1030
669 1031
669 1037
669 1039
669 1041
669 1053
669 1060
669 1094
669 1101
669 1102
669 1103
669 1105
669 1117
669 1124
669 1158
669 1159
669 1166
669 1167
669 1169
669 1181
669 1188
669 1216
669 1227
669 1229
669 1230
669 1231
669 1233
669 1234
669 1246
670 478
670 542
670 606
670 734
670 798
670 862
670 1028
670 1054
671 217
671 479
671 540
671 543
671 607
671 735
671 799
671 863
672 480
672 544
672 608
672 736
672 800
672 864
673 286
673 481
673 545
673 609
673 661
673 737
673 801
673 865
674 189
674 482
674 546
674 610
674 738
674 802
674 866
674 915
675 483
675 547
675 611
675 739
675 803
675 867
676 0
676 6
676 7
676 13
676 14
676 15
676 17
676 28
676 29
676 36
676 64
676 70
676 71
676 77
676 78
676 79
676 91
676 93
676 100
676 128
676 135
676 138
676 145
676 150
676 155
676 156
676 158
676 164
676 166
676 182
676 198
676 199
676 202
676 205
676 206
676 207
676 209
676 220
676 221
676 222
676 228
676 230
676 262
676 263
676 271
676 273
676 285
676 292
676 326
676 327
676 333
676 334
676 335
676 348
676 349
676 350
676 352
676 356
676 358
676 390
676 391
676 397
676 399
676 401
676 413
676 420
676 421
676 422
676 454
676 457
676 461
676 463
676 465
676 484
676 519
676 526
676 527
676 529
676 544
676 548
676 550
676 566
676 582
676 583
676 589
676 590
676 591
676 593
676 605
676 606
676 612
676 646
676 647
676 653
676 654
676 655
676 657
676 669
676 710
676 713
676 717
676 718
676 719
676 733
676 740
676 777
676 781
676 782
676 783
676 785
676 797
676 804
676 838
676 839
676 845
676 846
676 849
676 861
676 866
676 868
676 902
676 903
676 909
676 910
676 911
676 913
676 925
676 932
676 966
676 973
676 974
676 975
676 977
676 989
676 996
676 1030
676 1031
676 1037
676 1039
676 1041
676 1053
676 1060
676 1094
676 1095
676 1101
676 1102
676 1103
676 1105
676 1124
676 1159
676 1166
676 1167
676 1169
676 1181
676 1188
676 1216
676 1222
676 1223
676 1227
676 1229
676 1230
676 1231
676 1233
676 1234
676 1245
676 1246
677 485
677 549
677 613
677 741
677 805
677 869
677 1009
678 486
678 550
678 614
678 742
678 806
678 870
678 1179
679 487
679 551
679 615
679 743
679 807
679 871
680 44
680 488
680 552
680 616
680 744
680 808
680 815
680 872
680 1020
681 489
681 553
681 617
681 745
681 809
681 873
681 886
682 490
682 554
682 618
682 746
682 810
682 874
683 251
683 491
683 555
683 619
683 747
683 811
683 875
683 880
684 58
684 492
684 556
684 620
684 748
684 754
684 765
684 812
684 876
685 492
685 493
685 557
685 621
685 749
685 813
685 877
686 494
686 558
686 622
686 750
686 814
686 878
687 495
687 559
687 623
687 751
687 815
687 879
687 953
687 1170
688 496
688 560
688 624
688 752
688 816
688 880
689 254
689 497
689 561
689 625
689 753
689 817
689 881
690 67
690 498
690 562
690 626
690 754
690 818
690 882
691 499
691 563
691 627
691 755
691 819
691 883
692 301
692 500
692 564
692 628
692 756
692 820
692 884
693 18
693 501
693 565
693 629
693 757
693 821
693 885
694 431
694 502
694 566
694 630
694 725
694 758
694 820
694 822
694 886
694 920
694 986
695 45
695 503
695 567
695 586
695 631
695 759
695 823
695 852
695 887
696 244
696 504
696 568
696 632
696 659
696 760
696 824
696 888
696 935
696 948
696 976
697 505
697 569
697 633
697 664
697 761
697 825
697 889
698 304
698 506
698 570
698 634
698 762
698 826
698 890
699 507
699 571
699 635
699 763
699 827
699 891
699 1199
700 187
700 428
700 508
700 572
700 636
700 764
700 828
700 892
700 1078
700 1198
700 1239
701 255
701 407
701 509
701 573
701 637
701 765
701 829
701 893
702 60
702 474
702 510
702 574
702 638
702 766
702 830
702 894
702 1207
702 1209
703 511
703 575
703 639
703 767
703 831
703 895
703 1132
704 40
704 512
704 576
704 597
704 640
704 768
704 832
704 896
705 513
705 572
705 577
705 641
705 769
705 833
705 897
706 448
706 514
706 578
706 642
706 770
706 834
706 898
707 515
707 579
707 643
707 771
707 835
707 859
707 899
708 133
708 516
708 580
708 644
708 772
708 836
708 900
709 517
709 581
709 645
709 773
709 837
709 901
710 0
710 6
710 7
710 13
710 14
710 15
710 17
710 29
710 36
710 70
710 71
710 77
710 78
710 79
710 81
710 91
710 93
710 100
710 134
710 135
710 138
710 141
710 142
710 143
710 145
710 150
710 155
710 156
710 157
710 158
710 164
710 166
710 199
710 202
710 205
710 206
710 207
710 209
710 220
710 221
710 228
710 230
710 262
710 263
710 271
710 273
710 285
710 292
710 326
710 327
710 333
710 334
710 335
710 337
710 349
710 350
710 356
710 358
710 390
710 391
710 397
710 398
710 399
710 401
710 413
710 420
710 421
710 457
710 461
710 465
710 518
710 519
710 525
710 526
710 527
710 529
710 541
710 544
710 548
710 550
710 582
710 583
710 589
710 590
710 591
710 593
710 605
710 606
710 612
710 646
710 647
710 653
710 654
710 655
710 657
710 669
710 676
710 713
710 717
710 718
710 719
710 733
710 774
710 775
710 777
710 782
710 783
710 785
710 797
710 838
710 839
710 845
710 846
710 849
710 861
710 868
710 902
710 903
710 909
710 910
710 911
710 913
710 925
710 932
710 966
710 967
710 973
710 974
710 975
710 977
710 989
710 996
710 1030
710 1031
710 1037
710 1039
710 1041
710 1053
710 1060
710 1094
710 1095
710 1101
710 1102
710 1103
710 1105
710 1159
710 1166
710 1167
710 1169
710 1181
710 1222
710 1223
710 1227
710 1229
710 1230
710 1231
710 1233
710 1234
710 1245
710 1246
710 1252
711 9
711 69
711 137
711 201
711 265
711 325
711 393
711 455
711 517
711 519
711 581
711 583
711 647
711 649
711 774
711 775
711 837
711 839
711 903
711 905
711 969
711 1033
711 1097
711 1161
711 1217
711 1221
712 106
712 520
712 584
712 648
712 776
712 840
712 904
713 0
713 6
713 7
713 13
713 28
713 36
713 38
713 64
713 75
713 78
713 91
713 128
713 135
713 138
713 146
713 150
713 155
713 156
713 158
713 163
713 182
713 198
713 202
713 222
713 230
713 262
713 263
713 267
713 271
713 292
713 330
713 331
713 334
713 348
713 350
713 352
713 358
713 390
713 391
713 412
713 421
713 422
713 454
713 457
713 461
713 463
713 465
713 521
713 544
713 550
713 566
713 576
713 583
713 585
713 591
713 593
713 646
713 647
713 649
713 653
713 654
713 655
713 657
713 669
713 676
713 710
713 718
713 719
713 721
713 733
713 777
713 781
713 785
713 841
713 845
713 847
713 866
713 902
713 905
713 909
713 910
713 911
713 925
713 932
713 934
713 960
713 966
713 975
713 989
713 1001
713 1030
713 1037
713 1039
713 1041
713 1053
713 1060
713 1094
713 1101
713 1103
713 1105
713 1117
713 1124
713 1158
713 1165
713 1166
713 1167
713 1169
713 1181
713 1188
713 1216
713 1227
713 1230
713 1234
713 1246
713 1250
714 310
714 522
714 586
714 650
714 778
714 842
714 906
714 1249
715 256
715 523
715 587
715 651
715 779
715 843
715 907
716 524
716 588
716 648
716 652
716 780
716 844
716 908
716 1000
716 1140
716 1202
717 0
717 6
717 7
717 13
717 14
717 15
717 17
717 29
717 36
717 70
717 71
717 77
717 78
717 79
717 81
717 93
717 100
717 134
717 135
717 141
717 142
717 143
717 145
717 150
717 155
717 156
717 157
717 158
717 164
717 166
717 199
717 202
717 205
717 206
717 207
717 209
717 220
717 221
717 228
717 230
717 262
717 263
717 271
717 273
717 285
717 292
717 326
717 327
717 333
717 334
717 335
717 337
717 349
717 350
717 356
717 358
717 390
717 397
717 398
717 399
717 401
717 413
717 420
717 461
717 465
717 518
717 519
717 525
717 526
717 527
717 529
717 541
717 548
717 550
717 582
717 583
717 589
717 590
717 591
717 593
717 605
717 606
717 612
717 647
717 653
717 654
717 655
717 657
717 669
717 676
717 710
717 718
717 733
717 775
717 781
717 782
717 783
717 785
717 797
717 838
717 839
717 845
717 846
717 849
717 861
717 868
717 902
717 903
717 909
717 910
717 911
717 913
717 925
717 932
717 966
717 967
717 973
717 974
717 975
717 977
717 996
717 1030
717 1031
717 1039
717 1041
717 1053
717 1060
717 1094
717 1095
717 1101
717 1102
717 1103
717 1105
717 1159
717 1166
717 1167
717 1169
717 1181
717 1222
717 1223
717 1227
717 1229
717 1230
717 1231
717 1233
717 1234
717 1245
717 1252
718 0
718 6
718 7
718 13
718 14
718 15
718 17
718 29
718 36
718 64
718 70
718 71
718 77
718 78
718 79
718 81
718 91
718 93
718 100
718 134
718 135
718 138
718 141
718 142
718 143
718 145
718 150
718 155
718 156
718 157
718 158
718 164
718 166
718 182
718 199
718 202
718 205
718 206
718 207
718 209
718 220
718 221
718 228
718 230
718 262
718 263
718 271
718 273
718 285
718 292
718 326
718 327
718 333
718 334
718 335
718 337
718 349
718 350
718 356
718 358
718 390
718 391
718 397
718 398
718 399
718 401
718 413
718 420
718 421
718 457
718 461
718 465
718 518
718 519
718 525
718 526
718 527
718 529
718 541
718 544
718 548
718 550
718 582
718 583
718 589
718 590
718 591
718 593
718 605
718 606
718 612
718 647
718 653
718 654
718 655
718 657
718 669
718 676
718 710
718 713
718 717
718 719
718 733
718 775
718 777
718 782
718 783
718 785
718 797
718 838
718 839
718 845
718 846
718 849
718 861
718 868
718 902
718 903
718 909
718 910
718 911
718 913
718 925
718 932
718 966
718 967
718 973
718 974
718 975
718 977
718 989
718 996
718 1030
718 1031
718 1037
718 1039
718 1041
718 1053
718 1060
718 1094
718 1095
718 1101
718 1102
718 1103
718 1105
718 1159
718 1166
718 1167
718 1169
718 1181
718 1222
718 1223
718 1227
718 1229
718 1230
718 1231
718 1233
718 1234
718 1245
718 1246
718 1252
719 0
719 6
719 7
719 13
719 28
719 36
719 38
719 64
719 71
719 75
719 78
719 91
719 100
719 128
719 135
719 138
719 146
719 150
719 155
719 156
719 158
719 163
719 166
719 182
719 198
719 202
719 205
719 206
719 220
719 222
719 228
719 230
719 262
719 263
719 267
719 271
719 292
719 330
719 331
719 334
719 348
719 350
719 352
719 358
719 390
719 391
719 397
719 412
719 413
719 420
719 421
719 422
719 454
719 457
719 461
719 463
719 465
719 526
719 527
719 544
719 550
719 566
719 576
719 583
719 589
719 591
719 593
719 612
719 646
719 647
719 653
719 654
719 655
719 657
719 669
719 676
719 710
719 713
719 718
719 721
719 733
719 777
719 781
719 783
719 785
719 838
719 845
719 847
719 866
719 902
719 909
719 910
719 911
719 913
719 925
719 932
719 934
719 966
719 973
719 974
719 975
719 989
719 1001
719 1030
719 1037
719 1039
719 1041
719 1053
719 1060
719 1094
719 1101
719 1103
719 1105
719 1117
719 1124
719 1158
719 1159
719 1165
719 1166
719 1167
719 1169
719 1181
719 1188
719 1216
719 1227
719 1230
719 1234
719 1246
720 528
720 592
720 656
720 784
720 848
720 912
721 0
721 6
721 28
721 38
721 64
721 75
721 78
721 91
721 128
721 132
721 138
721 139
721 146
721 158
721 163
721 182
721 198
721 202
721 222
721 230
721 267
721 320
721 330
721 331
721 348
721 350
721 352
721 391
721 412
721 421
721 422
721 454
721 457
721 461
721 463
721 465
721 529
721 544
721 549
721 550
721 566
721 576
721 593
721 646
721 653
721 657
721 669
721 713
721 719
721 777
721 781
721 785
721 847
721 849
721 866
721 902
721 913
721 934
721 960
721 966
721 975
721 989
721 1001
721 1030
721 1037
721 1041
721 1094
721 1101
721 1117
721 1124
721 1158
721 1165
721 1188
721 1216
721 1234
721 1246
721 1250
722 530
722 594
722 658
722 786
722 850
722 914
722 1032
723 531
723 595
723 642
723 659
723 787
723 851
723 915
724 532
724 596
724 660
724 788
724 852
724 916
725 431
725 533
725 597
725 661
725 694
725 789
725 820
725 853
725 917
725 920
725 986
726 223
726 534
726 598
726 662
726 770
726 790
726 854
726 918
727 535
727 599
727 663
727 791
727 855
727 919
727 927
727 1153
728 111
728 536
728 600
728 664
728 792
728 825
728 856
728 920
728 1176
729 56
729 537
729 601
729 665
729 793
729 857
729 921
729 1075
729 1278
730 179
730 538
730 602
730 666
730 794
730 858
730 922
730 1137
731 297
731 539
731 603
731 667
731 795
731 859
731 923
731 1111
732 308
732 540
732 604
732 668
732 796
732 860
732 924
732 1106
733 0
733 6
733 7
733 13
733 14
733 15
733 17
733 28
733 29
733 36
733 64
733 70
733 71
733 77
733 78
733 79
733 81
733 91
733 93
733 100
733 128
733 134
733 135
733 138
733 142
733 143
733 145
733 150
733 155
733 156
733 157
733 158
733 164
733 166
733 182
733 198
733 199
733 202
733 205
733 206
733 207
733 209
733 220
733 221
733 228
733 230
733 262
733 263
733 271
733 273
733 285
733 292
733 326
733 327
733 333
733 334
733 335
733 337
733 348
733 349
733 350
733 352
733 356
733 358
733 390
733 391
733 397
733 398
733 399
733 401
733 413
733 420
733 421
733 457
733 461
733 463
733 465
733 518
733 519
733 525
733 526
733 527
733 529
733 541
733 544
733 548
733 550
733 566
733 582
733 583
733 589
733 590
733 591
733 593
733 605
733 606
733 612
733 646
733 647
733 653
733 654
733 655
733 657
733 669
733 676
733 710
733 713
733 717
733 718
733 719
733 775
733 777
733 781
733 782
733 783
733 785
733 797
733 838
733 839
733 845
733 846
733 849
733 861
733 868
733 902
733 903
733 909
733 910
733 911
733 913
733 925
733 932
733 966
733 967
733 973
733 974
733 975
733 977
733 989
733 996
733 1030
733 1031
733 1037
733 1039
733 1041
733 1053
733 1060
733 1094
733 1095
733 1101
733 1102
733 1103
733 1105
733 1124
733 1159
733 1166
733 1167
733 1169
733 1181
733 1222
733 1223
733 1227
733 1229
733 1230
733 1231
733 1233
733 1234
733 1245
733 1246
733 1252
734 542
734 606
734 670
734 798
734 862
734 926
735 543
735 607
735 671
735 799
735 863
735 927
736 489
736 544
736 608
736 672
736 800
736 864
736 928
737 545
737 609
737 610
737 673
737 801
737 865
737 929
737 965
737 1190
738 546
738 595
738 610
738 674
738 802
738 866
738 930
738 1235
739 547
739 611
739 675
739 803
739 867
739 931
739 1089
740 22
740 65
740 548
740 612
740 676
740 804
740 868
740 932
741 549
741 613
741 677
741 805
741 869
741 933
742 550
742 614
742 678
742 806
742 870
742 934
743 369
743 551
743 555
743 615
743 628
743 679
743 807
743 871
743 935
744 552
744 616
744 680
744 808
744 872
744 936
745 553
745 617
745 681
745 809
745 873
745 937
745 1254
746 494
746 554
746 618
746 682
746 810
746 874
746 938
746 1080
746 1211
747 440
747 536
747 555
747 619
747 683
747 787
747 811
747 875
747 922
747 939
748 464
748 556
748 620
748 684
748 812
748 876
748 883
748 940
748 941
749 557
749 570
749 621
749 685
749 813
749 877
749 941
750 215
750 381
750 429
750 558
750 622
750 686
750 814
750 878
750 942
751 295
751 559
751 623
751 687
751 815
751 879
751 943
752 123
752 250
752 491
752 560
752 624
752 688
752 816
752 880
752 944
753 153
753 561
753 625
753 689
753 817
753 881
753 945
754 58
754 562
754 626
754 684
754 690
754 765
754 818
754 882
754 946
755 563
755 620
755 627
755 691
755 819
755 883
755 947
756 115
756 298
756 409
756 564
756 628
756 692
756 820
756 884
756 948
757 565
757 629
757 693
757 821
757 885
757 919
757 949
757 984
757 1196
758 239
758 566
758 630
758 694
758 822
758 886
758 950
759 374
759 567
759 631
759 695
759 823
759 887
759 951
760 52
760 568
760 632
760 696
760 824
760 888
760 952
760 1172
760 1271
761 569
761 633
761 697
761 825
761 889
761 953
761 1215
762 570
762 634
762 698
762 826
762 890
762 954
763 488
763 571
763 635
763 699
763 827
763 891
763 955
764 107
764 112
764 572
764 636
764 700
764 828
764 892
764 956
764 1048
764 1178
765 58
765 573
765 637
765 684
765 701
765 754
765 829
765 893
765 957
766 574
766 623
766 638
766 702
766 830
766 894
766 958
766 1091
767 575
767 639
767 703
767 831
767 895
767 959
768 576
768 598
768 640
768 704
768 832
768 896
768 960
769 577
769 641
769 705
769 833
769 897
769 961
770 223
770 578
770 642
770 706
770 726
770 834
770 898
770 962
771 579
771 643
771 707
771 835
771 899
771 963
772 580
772 613
772 644
772 708
772 799
772 836
772 900
772 964
772 1232
772 1247
773 581
773 645
773 709
773 837
773 901
773 965
774 9
774 69
774 137
774 201
774 265
774 325
774 393
774 455
774 517
774 581
774 582
774 646
774 649
774 710
774 711
774 837
774 838
774 902
774 905
774 966
774 969
774 1033
774 1097
774 1161
774 1217
774 1221
775 7
775 13
775 14
775 15
775 17
775 29
775 36
775 70
775 71
775 77
775 79
775 81
775 93
775 100
775 134
775 135
775 141
775 142
775 143
775 145
775 150
775 155
775 157
775 164
775 166
775 199
775 205
775 206
775 207
775 209
775 220
775 221
775 228
775 262
775 263
775 271
775 273
775 285
775 292
775 326
775 327
775 333
775 334
775 335
775 337
775 349
775 356
775 358
775 397
775 398
775 399
775 401
775 413
775 420
775 518
775 519
775 525
775 526
775 527
775 529
775 541
775 548
775 582
775 583
775 589
775 590
775 591
775 593
775 605
775 606
775 612
775 647
775 654
775 655
775 657
775 710
775 711
775 717
775 718
775 733
775 782
775 783
775 785
775 797
775 838
775 839
775 845
775 846
775 849
775 861
775 868
775 903
775 909
775 910
775 911
775 913
775 925
775 932
775 967
775 973
775 974
775 977
775 996
775 1031
775 1039
775 1053
775 1060
775 1095
775 1102
775 1103
775 1105
775 1159
775 1166
775 1169
775 1181
775 1222
775 1223
775 1227
775 1229
775 1230
775 1231
775 1233
775 1245
775 1252
776 214
776 270
776 545
776 584
776 648
776 712
776 840
776 904
776 968
777 0
777 6
777 7
777 13
777 28
777 36
777 38
777 64
777 71
777 75
777 78
777 91
777 100
777 128
777 135
777 138
777 146
777 150
777 155
777 156
777 158
777 163
777 166
777 182
777 198
777 202
777 205
777 206
777 222
777 228
777 230
777 262
777 263
777 267
777 271
777 292
777 330
777 331
777 334
777 348
777 350
777 352
777 358
777 390
777 391
777 397
777 412
777 420
777 421
777 422
777 454
777 457
777 461
777 463
777 465
777 526
777 527
777 544
777 550
777 566
777 576
777 583
777 585
777 589
777 591
777 593
777 612
777 646
777 647
777 649
777 653
777 654
777 655
777 657
777 669
777 676
777 710
777 713
777 718
777 719
777 721
777 733
777 781
777 783
777 785
777 838
777 841
777 845
777 847
777 866
777 902
777 905
777 909
777 910
777 911
777 913
777 925
777 932
777 934
777 966
777 969
777 973
777 974
777 975
777 989
777 1001
777 1030
777 1037
777 1039
777 1041
777 1053
777 1060
777 1094
777 1101
777 1103
777 1105
777 1117
777 1124
777 1158
777 1165
777 1166
777 1167
777 1169
777 1181
777 1188
777 1216
777 1227
777 1230
777 1234
777 1246
778 275
778 586
778 650
778 714
778 842
778 906
778 970
779 578
779 587
779 651
779 715
779 843
779 907
779 971
780 366
780 588
780 652
780 716
780 844
780 908
780 972
781 0
781 6
781 7
781 13
781 28
781 38
781 64
781 75
781 78
781 91
781 128
781 135
781 138
781 139
781 146
781 150
781 155
781 156
781 158
781 163
781 182
781 198
781 202
781 222
781 230
781 262
781 263
781 267
781 292
781 330
781 331
781 348
781 350
781 352
781 358
781 390
781 391
781 412
781 421
781 422
781 454
781 457
781 461
781 463
781 465
781 544
781 549
781 550
781 566
781 576
781 589
781 646
781 647
781 653
781 655
781 669
781 676
781 713
781 717
781 719
781 721
781 733
781 777
781 845
781 847
781 866
781 902
781 909
781 911
781 925
781 932
781 934
781 960
781 966
781 973
781 975
781 989
781 1001
781 1030
781 1037
781 1039
781 1041
781 1053
781 1060
781 1094
781 1101
781 1105
781 1117
781 1124
781 1158
781 1165
781 1167
781 1169
781 1181
781 1188
781 1216
781 1230
781 1234
781 1246
781 1250
782 7
782 13
782 14
782 15
782 17
782 29
782 36
782 70
782 71
782 77
782 79
782 81
782 93
782 100
782 134
782 135
782 141
782 142
782 143
782 145
782 150
782 155
782 156
782 157
782 164
782 166
782 199
782 205
782 206
782 207
782 209
782 220
782 221
782 228
782 262
782 263
782 271
782 273
782 285
782 292
782 326
782 327
782 333
782 334
782 335
782 337
782 349
782 356
782 358
782 390
782 397
782 398
782 399
782 401
782 413
782 420
782 518
782 519
782 525
782 526
782 527
782 529
782 541
782 548
782 582
782 583
782 589
782 590
782 591
782 593
782 605
782 606
782 612
782 647
782 654
782 655
782 657
782 676
782 710
782 717
782 718
782 733
782 775
782 783
782 785
782 797
782 838
782 839
782 845
782 846
782 849
782 861
782 868
782 903
782 909
782 910
782 911
782 913
782 925
782 932
782 967
782 973
782 974
782 977
782 996
782 1031
782 1039
782 1053
782 1060
782 1095
782 1102
782 1103
782 1105
782 1159
782 1166
782 1169
782 1181
782 1222
782 1223
782 1227
782 1229
782 1230
782 1231
782 1233
782 1245
782 1252
783 0
783 6
783 7
783 13
783 14
783 15
783 17
783 29
783 36
783 70
783 71
783 77
783 78
783 79
783 81
783 93
783 100
783 134
783 135
783 138
783 141
783 142
783 143
783 145
783 150
783 155
783 156
783 157
783 158
783 164
783 166
783 199
783 202
783 205
783 206
783 207
783 209
783 220
783 221
783 228
783 230
783 262
783 263
783 271
783 273
783 285
783 292
783 326
783 327
783 333
783 334
783 335
783 337
783 349
783 350
783 356
783 358
783 390
783 391
783 397
783 398
783 399
783 401
783 413
783 420
783 421
783 461
783 465
783 518
783 519
783 525
783 526
783 527
783 529
783 541
783 544
783 548
783 550
783 582
783 583
783 589
783 590
783 591
783 593
783 605
783 606
783 612
783 647
783 653
783 654
783 655
783 657
783 669
783 676
783 710
783 717
783 718
783 719
783 733
783 775
783 777
783 782
783 785
783 797
783 838
783 839
783 845
783 846
783 847
783 849
783 861
783 868
783 902
783 903
783 909
783 910
783 911
783 913
783 925
783 932
783 966
783 967
783 973
783 974
783 975
783 977
783 989
783 996
783 1030
783 1031
783 1037
783 1039
783 1041
783 1053
783 1060
783 1094
783 1095
783 1101
783 1102
783 1103
783 1105
783 1159
783 1166
783 1167
783 1169
783 1181
783 1222
783 1223
783 1227
783 1229
783 1230
783 1231
783 1233
783 1234
783 1245
783 1246
783 1252
784 592
784 656
784 720
784 848
784 912
784 976
785 0
785 6
785 7
785 13
785 14
785 15
785 17
785 29
785 36
785 64
785 70
785 71
785 77
785 78
785 79
785 81
785 91
785 93
785 100
785 134
785 135
785 138
785 142
785 143
785 145
785 150
785 155
785 156
785 157
785 158
785 164
785 166
785 182
785 199
785 202
785 205
785 206
785 207
785 209
785 220
785 221
785 228
785 230
785 262
785 263
785 271
785 273
785 285
785 292
785 326
785 327
785 333
785 334
785 335
785 337
785 349
785 350
785 356
785 358
785 390
785 391
785 397
785 398
785 399
785 401
785 413
785 420
785 421
785 457
785 461
785 465
785 518
785 519
785 525
785 526
785 527
785 529
785 541
785 544
785 548
785 550
785 582
785 583
785 589
785 590
785 591
785 593
785 605
785 606
785 612
785 647
785 653
785 654
785 655
785 657
785 669
785 676
785 710
785 713
785 717
785 718
785 719
785 721
785 733
785 775
785 777
785 782
785 783
785 797
785 838
785 839
785 845
785 846
785 849
785 861
785 868
785 902
785 903
785 909
785 910
785 911
785 913
785 925
785 932
785 966
785 967
785 973
785 974
785 975
785 977
785 989
785 996
785 1030
785 1031
785 1037
785 1039
785 1041
785 1053
785 1060
785 1094
785 1095
785 1101
785 1102
785 1103
785 1105
785 1159
785 1166
785 1167
785 1169
785 1181
785 1222
785 1223
785 1227
785 1229
785 1230
785 1231
785 1233
785 1234
785 1245
785 1246
785 1252
786 233
786 323
786 594
786 658
786 722
786 850
786 914
786 978
786 1237
787 440
787 536
787 595
787 659
787 723
787 747
787 851
787 915
787 922
787 979
788 460
788 596
788 660
788 724
788 852
788 916
788 980
788 1142
789 597
789 661
789 725
789 853
789 917
789 981
789 1204
789 1259
790 105
790 598
790 662
790 726
790 854
790 918
790 982
790 1088
790 1119
791 599
791 663
791 727
791 855
791 881
791 919
791 983
792 276
792 600
792 664
792 728
792 856
792 920
792 943
792 984
793 80
793 200
793 466
793 601
793 665
793 729
793 857
793 921
793 985
794 90
794 417
794 602
794 666
794 730
794 858
794 922
794 986
794 999
795 603
795 667
795 731
795 859
795 923
795 987
796 218
796 604
796 607
796 668
796 732
796 860
796 924
796 988
796 1051
797 7
797 13
797 14
797 15
797 17
797 29
797 36
797 70
797 71
797 77
797 79
797 81
797 93
797 100
797 134
797 135
797 141
797 142
797 143
797 145
797 150
797 155
797 156
797 157
797 164
797 166
797 199
797 205
797 206
797 207
797 209
797 220
797 221
797 228
797 262
797 263
797 271
797 273
797 285
797 292
797 326
797 327
797 333
797 334
797 335
797 337
797 349
797 356
797 358
797 390
797 397
797 398
797 399
797 401
797 413
797 420
797 465
797 518
797 519
797 525
797 526
797 527
797 529
797 541
797 548
797 550
797 582
797 583
797 589
797 590
797 591
797 593
797 605
797 606
797 612
797 647
797 653
797 654
797 655
797 657
797 669
797 676
797 710
797 717
797 718
797 733
797 775
797 782
797 783
797 785
797 838
797 839
797 845
797 846
797 849
797 861
797 868
797 903
797 909
797 910
797 911
797 913
797 925
797 932
797 967
797 973
797 974
797 977
797 989
797 996
797 1031
797 1039
797 1053
797 1060
797 1095
797 1102
797 1103
797 1105
797 1159
797 1166
797 1167
797 1169
797 1181
797 1222
797 1223
797 1227
797 1229
797 1230
797 1231
797 1233
797 1234
797 1245
797 1252
798 291
798 606
798 670
798 734
798 862
798 926
798 990
799 607
799 613
799 671
799 735
799 772
799 863
799 927
799 991
799 1232
799 1247
800 118
800 469
800 608
800 672
800 736
800 864
800 928
800 992
801 180
801 430
801 609
801 673
801 737
801 865
801 929
801 962
801 993
802 610
802 674
802 738
802 835
802 866
802 930
802 994
803 611
803 675
803 739
803 867
803 931
803 995
804 612
804 676
804 740
804 868
804 932
804 996
805 613
805 677
805 741
805 869
805 933
805 997
806 614
806 678
806 742
806 870
806 934
806 998
807 615
807 679
807 743
807 871
807 935
807 999
808 453
808 616
808 680
808 744
808 872
808 936
808 1000
809 617
809 681
809 745
809 873
809 937
809 1001
810 618
810 682
810 746
810 874
810 938
810 1002
811 619
811 683
811 747
811 875
811 939
811 1003
812 620
812 684
812 748
812 876
812 940
812 1004
813 280
813 317
813 621
813 685
813 749
813 877
813 882
813 941
813 1005
813 1021
814 252
814 458
814 622
814 686
814 750
814 878
814 942
814 1006
815 44
815 623
815 680
815 687
815 751
815 879
815 943
815 1007
815 1020
816 444
816 624
816 688
816 752
816 880
816 944
816 1008
817 404
817 625
817 689
817 753
817 881
817 945
817 1009
817 1155
818 37
818 626
818 690
818 754
818 882
818 926
818 946
818 1010
819 424
819 627
819 652
819 667
819 691
819 755
819 873
819 883
819 947
819 968
819 1011
820 431
820 628
820 692
820 694
820 725
820 756
820 884
820 920
820 948
820 986
820 1012
821 382
821 629
821 693
821 757
821 885
821 949
821 1013
821 1136
821 1150
822 630
822 694
822 758
822 886
822 950
822 1014
823 631
823 695
823 759
823 887
823 951
823 1015
824 47
824 632
824 696
824 760
824 888
824 952
824 1016
825 111
825 633
825 697
825 728
825 761
825 889
825 953
825 1017
825 1176
826 62
826 634
826 698
826 762
826 890
826 954
826 1018
827 475
827 635
827 699
827 763
827 891
827 955
827 1019
827 1036
828 636
828 700
828 764
828 892
828 956
828 1020
829 637
829 701
829 765
829 893
829 957
829 1021
830 638
830 702
830 766
830 894
830 958
830 1022
831 639
831 703
831 767
831 895
831 959
831 1023
831 1082
832 5
832 604
832 640
832 704
832 768
832 896
832 960
832 1024
833 641
833 705
833 769
833 897
833 961
833 1025
834 642
834 706
834 770
834 898
834 908
834 962
834 998
834 1026
834 1027
835 643
835 707
835 771
835 802
835 899
835 963
835 1027
836 92
836 160
836 388
836 406
836 414
836 415
836 462
836 512
836 516
836 543
836 644
836 708
836 772
836 900
836 964
836 1028
836 1038
836 1115
837 9
837 69
837 137
837 201
837 265
837 325
837 393
837 455
837 517
837 581
837 645
837 649
837 709
837 711
837 773
837 774
837 901
837 905
837 965
837 969
837 1029
837 1033
837 1097
837 1161
837 1217
837 1221
838 0
838 6
838 7
838 13
838 14
838 15
838 17
838 29
838 36
838 70
838 71
838 77
838 78
838 79
838 81
838 93
838 100
838 134
838 135
838 138
838 141
838 142
838 143
838 145
838 150
838 155
838 156
838 157
838 158
838 164
838 166
838 199
838 202
838 205
838 206
838 207
838 209
838 220
838 221
838 228
838 230
838 262
838 263
838 271
838 273
838 285
838 292
838 326
838 327
838 333
838 334
838 335
838 337
838 349
838 350
838 356
838 358
838 390
838 391
838 397
838 398
838 399
838 401
838 413
838 420
838 421
838 457
838 461
838 465
838 518
838 519
838 525
838 526
838 527
838 529
838 541
838 544
838 548
838 550
838 582
838 583
838 589
838 590
838 591
838 593
838 605
838 606
838 612
838 646
838 647
838 653
838 654
838 655
838 657
838 669
838 676
838 710
838 717
838 718
838 719
838 733
838 774
838 775
838 777
838 782
838 783
838 785
838 797
838 839
838 845
838 846
838 849
838 861
838 868
838 902
838 903
838 909
838 910
838 911
838 913
838 925
838 932
838 966
838 967
838 973
838 974
838 975
838 977
838 989
838 996
838 1030
838 1031
838 1037
838 1039
838 1041
838 1053
838 1060
838 1094
838 1095
838 1101
838 1102
838 1103
838 1105
838 1159
838 1166
838 1167
838 1169
838 1181
838 1222
838 1223
838 1227
838 1229
838 1230
838 1231
838 1233
838 1234
838 1245
838 1246
838 1252
839 7
839 13
839 14
839 15
839 17
839 29
839 36
839 70
839 71
839 77
839 79
839 81
839 93
839 100
839 134
839 135
839 141
839 142
839 143
839 145
839 150
839 155
839 156
839 157
839 164
839 166
839 199
839 205
839 206
839 207
839 209
839 220
839 221
839 228
839 262
839 263
839 271
839 273
839 285
839 292
839 326
839 327
839 333
839 334
839 335
839 337
839 349
839 356
839 358
839 390
839 397
839 398
839 399
839 401
839 413
839 420
839 518
839 519
839 525
839 526
839 527
839 529
839 541
839 548
839 582
839 583
839 589
839 590
839 591
839 593
839 605
839 606
839 612
839 647
839 654
839 655
839 657
839 676
839 710
839 711
839 717
839 718
839 733
839 775
839 782
839 783
839 785
839 797
839 838
839 845
839 846
839 849
839 861
839 868
839 903
839 909
839 910
839 911
839 913
839 925
839 932
839 967
839 973
839 974
839 977
839 996
839 1031
839 1039
839 1053
839 1060
839 1095
839 1102
839 1103
839 1105
839 1159
839 1166
839 1167
839 1169
839 1181
839 1222
839 1223
839 1227
839 1229
839 1230
839 1231
839 1233
839 1245
839 1252
840 648
840 712
840 776
840 904
840 968
840 1032
841 649
841 713
841 777
841 905
841 969
841 1033
842 30
842 650
842 714
842 778
842 906
842 970
842 1034
843 651
843 715
843 779
843 869
843 907
843 971
843 1035
844 603
844 652
844 716
844 780
844 908
844 972
844 997
844 1036
845 0
845 6
845 7
845 13
845 14
845 15
845 17
845 29
845 36
845 64
845 70
845 71
845 77
845 78
845 79
845 81
845 91
845 93
845 100
845 128
845 134
845 135
845 138
845 142
845 143
845 145
845 150
845 155
845 156
845 157
845 158
845 164
845 166
845 182
845 199
845 202
845 205
845 206
845 207
845 209
845 220
845 221
845 228
845 230
845 262
845 263
845 271
845 273
845 285
845 292
845 326
845 327
845 333
845 334
845 335
845 337
845 348
845 349
845 350
845 356
845 358
845 390
845 391
845 397
845 398
845 399
845 401
845 413
845 420
845 421
845 457
845 461
845 465
845 518
845 519
845 525
845 526
845 527
845 529
845 541
845 544
845 548
845 550
845 582
845 583
845 589
845 590
845 591
845 593
845 605
845 606
845 612
845 646
845 647
845 653
845 654
845 655
845 657
845 669
845 676
845 710
845 713
845 717
845 718
845 719
845 733
845 775
845 777
845 781
845 782
845 783
845 785
845 797
845 838
845 839
845 846
845 849
845 861
845 868
845 902
845 903
845 909
845 910
845 911
845 913
845 925
845 932
845 966
845 967
845 973
845 974
845 975
845 977
845 989
845 996
845 1030
845 1031
845 1037
845 1039
845 1041
845 1053
845 1060
845 1094
845 1095
845 1101
845 1102
845 1103
845 1105
845 1124
845 1159
845 1166
845 1167
845 1169
845 1181
845 1222
845 1223
845 1227
845 1229
845 1230
845 1231
845 1233
845 1234
845 1245
845 1246
845 1252
846 0
846 6
846 7
846 13
846 14
846 15
846 17
846 29
846 36
846 70
846 71
846 77
846 78
846 79
846 81
846 93
846 100
846 134
846 135
846 141
846 142
846 143
846 145
846 150
846 155
846 156
846 157
846 158
846 164
846 166
846 199
846 202
846 205
846 206
846 207
846 209
846 220
846 221
846 228
846 230
846 262
846 263
846 271
846 273
846 285
846 292
846 326
846 327
846 333
846 334
846 335
846 337
846 349
846 350
846 356
846 358
846 390
846 397
846 398
846 399
846 401
846 413
846 420
846 461
846 465
846 518
846 519
846 525
846 526
846 527
846 529
846 541
846 548
846 550
846 582
846 583
846 589
846 590
846 591
846 593
846 605
846 606
846 612
846 647
846 653
846 654
846 655
846 657
846 669
846 676
846 710
846 717
846 718
846 733
846 775
846 782
846 783
846 785
846 797
846 838
846 839
846 845
846 849
846 861
846 868
846 902
846 903
846 909
846 910
846 911
846 913
846 925
846 932
846 966
846 967
846 973
846 974
846 975
846 977
846 996
846 1030
846 1031
846 1038
846 1039
846 1041
846 1053
846 1060
846 1094
846 1095
846 1101
846 1102
846 1103
846 1105
846 1159
846 1166
846 1167
846 1169
846 1181
846 1222
846 1223
846 1227
846 1229
846 1230
846 1231
846 1233
846 1234
846 1245
846 1246
846 1252
847 0
847 6
847 28
847 38
847 64
847 75
847 78
847 91
847 128
847 132
847 138
847 139
847 146
847 158
847 163
847 182
847 198
847 202
847 222
847 230
847 267
847 320
847 330
847 331
847 348
847 350
847 352
847 391
847 406
847 412
847 415
847 421
847 422
847 454
847 457
847 461
847 463
847 465
847 516
847 544
847 549
847 566
847 576
847 646
847 653
847 655
847 669
847 713
847 719
847 721
847 777
847 781
847 783
847 866
847 902
847 911
847 934
847 960
847 966
847 975
847 989
847 1001
847 1030
847 1037
847 1039
847 1041
847 1094
847 1101
847 1117
847 1124
847 1158
847 1165
847 1188
847 1216
847 1246
847 1250
848 656
848 720
848 784
848 912
848 976
848 1016
848 1040
848 1090
849 0
849 6
849 7
849 13
849 14
849 15
849 17
849 29
849 36
849 70
849 71
849 77
849 78
849 79
849 81
849 93
849 100
849 134
849 135
849 141
849 142
849 143
849 145
849 150
849 155
849 156
849 157
849 158
849 164
849 166
849 199
849 202
849 205
849 206
849 207
849 209
849 220
849 221
849 228
849 230
849 262
849 263
849 271
849 273
849 285
849 292
849 326
849 327
849 333
849 334
849 335
849 337
849 349
849 350
849 356
849 358
849 390
849 397
849 398
849 399
849 401
849 413
849 420
849 461
849 465
849 518
849 519
849 525
849 526
849 527
849 529
849 541
849 548
849 550
849 582
849 583
849 589
849 590
849 591
849 593
849 605
849 606
849 612
849 647
849 653
849 654
849 655
849 657
849 669
849 676
849 710
849 717
849 718
849 721
849 733
849 775
849 782
849 783
849 785
849 797
849 838
849 839
849 845
849 846
849 861
849 868
849 902
849 903
849 909
849 910
849 911
849 913
849 925
849 932
849 966
849 967
849 973
849 974
849 975
849 977
849 996
849 1030
849 1031
849 1039
849 1041
849 1053
849 1060
849 1094
849 1095
849 1102
849 1103
849 1105
849 1159
849 1166
849 1167
849 1169
849 1181
849 1222
849 1223
849 1227
849 1229
849 1230
849 1231
849 1233
849 1234
849 1245
849 1252
850 165
850 658
850 722
850 786
850 914
850 978
850 1042
851 33
851 659
851 723
851 787
851 915
851 979
851 1043
851 1218
852 45
852 586
852 660
852 695
852 724
852 788
852 916
852 980
852 1044
853 456
853 661
853 725
853 789
853 862
853 917
853 981
853 1045
853 1110
853 1147
853 1160
854 662
854 726
854 790
854 918
854 982
854 1046
855 208
855 226
855 663
855 727
855 791
855 919
855 983
855 1047
856 664
856 728
856 792
856 920
856 984
856 1048
857 54
857 174
857 353
857 665
857 729
857 793
857 921
857 985
857 1049
858 437
858 666
858 730
858 794
858 898
858 922
858 986
858 1042
858 1050
859 667
859 707
859 731
859 795
859 923
859 987
859 1051
860 668
860 732
860 796
860 924
860 988
860 1052
861 0
861 6
861 7
861 13
861 14
861 15
861 17
861 29
861 36
861 70
861 71
861 77
861 78
861 79
861 81
861 93
861 100
861 134
861 135
861 138
861 141
861 142
861 143
861 145
861 150
861 155
861 156
861 157
861 158
861 164
861 166
861 199
861 202
861 205
861 206
861 207
861 209
861 220
861 221
861 228
861 230
861 262
861 263
861 271
861 273
861 285
861 292
861 326
861 327
861 333
861 334
861 335
861 337
861 349
861 350
861 356
861 358
861 390
861 397
861 398
861 399
861 401
861 413
861 420
861 421
861 461
861 465
861 518
861 519
861 525
861 526
861 527
861 529
861 541
861 548
861 550
861 582
861 583
861 589
861 590
861 591
861 593
861 605
861 606
861 612
861 647
861 653
861 654
861 655
861 657
861 669
861 676
861 710
861 717
861 718
861 733
861 775
861 782
861 783
861 785
861 797
861 838
861 839
861 845
861 846
861 849
861 868
861 902
861 903
861 909
861 910
861 911
861 913
861 925
861 932
861 966
861 967
861 973
861 974
861 975
861 977
861 989
861 996
861 1030
861 1031
861 1039
861 1041
861 1053
861 1060
861 1094
861 1095
861 1101
861 1102
861 1103
861 1105
861 1159
861 1166
861 1167
861 1169
861 1181
861 1222
861 1223
861 1227
861 1229
861 1230
861 1231
861 1233
861 1234
861 1245
861 1246
861 1252
862 456
862 670
862 734
862 798
862 853
862 926
862 990
862 1054
862 1110
862 1147
862 1160
863 12
863 354
863 671
863 735
863 799
863 927
863 991
863 1055
863 1143
864 672
864 736
864 800
864 928
864 992
864 1056
865 673
865 737
865 801
865 929
865 993
865 1057
866 0
866 6
866 28
866 38
866 64
866 75
866 78
866 91
866 128
866 132
866 135
866 138
866 139
866 146
866 156
866 158
866 163
866 182
866 198
866 202
866 222
866 230
866 267
866 320
866 330
866 331
866 348
866 350
866 352
866 358
866 390
866 391
866 412
866 421
866 422
866 454
866 457
866 461
866 463
866 465
866 544
866 549
866 550
866 566
866 576
866 646
866 653
866 669
866 674
866 676
866 713
866 719
866 721
866 738
866 777
866 781
866 802
866 847
866 902
866 925
866 930
866 934
866 960
866 966
866 975
866 989
866 994
866 1001
866 1030
866 1037
866 1041
866 1058
866 1094
866 1101
866 1117
866 1124
866 1158
866 1165
866 1167
866 1181
866 1188
866 1216
866 1234
866 1246
866 1250
867 3
867 675
867 739
867 803
867 931
867 995
867 1059
868 0
868 6
868 7
868 13
868 14
868 15
868 17
868 29
868 36
868 70
868 71
868 77
868 78
868 79
868 81
868 93
868 100
868 134
868 135
868 141
868 142
868 143
868 145
868 150
868 155
868 156
868 157
868 158
868 164
868 166
868 199
868 202
868 205
868 206
868 207
868 209
868 220
868 221
868 228
868 230
868 262
868 263
868 271
868 273
868 285
868 292
868 326
868 327
868 333
868 334
868 335
868 337
868 349
868 350
868 356
868 358
868 390
868 397
868 398
868 399
868 401
868 413
868 420
868 461
868 465
868 518
868 519
868 525
868 526
868 527
868 529
868 541
868 548
868 550
868 582
868 583
868 589
868 590
868 591
868 593
868 605
868 606
868 612
868 647
868 653
868 654
868 655
868 657
868 669
868 676
868 710
868 717
868 718
868 733
868 740
868 775
868 782
868 783
868 785
868 797
868 804
868 838
868 839
868 845
868 846
868 849
868 861
868 902
868 903
868 909
868 910
868 911
868 913
868 925
868 932
868 966
868 967
868 973
868 974
868 975
868 977
868 996
868 1030
868 1031
868 1039
868 1041
868 1053
868 1060
868 1094
868 1095
868 1101
868 1102
868 1103
868 1105
868 1159
868 1166
868 1167
868 1169
868 1181
868 1222
868 1223
868 1227
868 1229
868 1230
868 1231
868 1233
868 1234
868 1245
868 1246
868 1252
869 677
869 741
869 805
869 843
869 933
869 997
869 1061
870 477
870 678
870 742
870 806
870 934
870 998
870 1062
871 351
871 679
871 743
871 807
871 935
871 999
871 1063
872 410
872 680
872 744
872 808
872 936
872 1000
872 1064
873 424
873 652
873 667
873 681
873 745
873 809
873 819
873 937
873 968
873 1001
873 1065
874 682
874 746
874 810
874 938
874 1002
874 1066
875 242
875 683
875 747
875 811
875 939
875 1003
875 1067
876 144
876 684
876 748
876 812
876 940
876 1004
876 1068
877 685
877 749
877 813
877 941
877 1003
877 1005
877 1069
877 1073
878 20
878 686
878 750
878 814
878 942
878 1006
878 1070
879 281
879 662
879 687
879 751
879 815
879 943
879 1007
879 1071
879 1084
880 251
880 683
880 688
880 752
880 816
880 944
880 1008
880 1072
881 689
881 753
881 791
881 817
881 945
881 1009
881 1073
882 280
882 317
882 690
882 754
882 813
882 818
882 946
882 1010
882 1021
882 1074
883 464
883 691
883 748
883 755
883 819
883 941
883 947
883 1011
883 1075
884 692
884 756
884 820
884 948
884 1010
884 1012
884 1065
884 1076
885 140
885 693
885 757
885 821
885 949
885 1013
885 1077
886 681
886 694
886 758
886 822
886 950
886 1014
886 1078
887 186
887 695
887 759
887 823
887 951
887 1015
887 1079
888 696
888 760
888 824
888 952
888 1016
888 1080
889 168
889 495
889 697
889 761
889 825
889 953
889 1017
889 1023
889 1081
890 496
890 698
890 762
890 826
890 954
890 1018
890 1082
891 124
891 699
891 763
891 827
891 955
891 1019
891 1083
891 1123
892 187
892 428
892 700
892 764
892 828
892 956
892 1020
892 1078
892 1084
892 1198
892 1239
893 385
893 701
893 765
893 829
893 957
893 1021
893 1085
894 400
894 702
894 766
894 830
894 958
894 1022
894 1086
895 703
895 767
895 831
895 959
895 1023
895 1087
896 396
896 704
896 768
896 832
896 960
896 1024
896 1088
897 483
897 705
897 769
897 833
897 961
897 1025
897 1050
897 1089
898 437
898 706
898 770
898 834
898 858
898 962
898 1026
898 1042
898 1090
899 707
899 771
899 835
899 955
899 963
899 1027
899 1091
900 708
900 772
900 836
900 964
900 1028
900 1092
901 709
901 773
901 837
901 965
901 1029
901 1093
902 0
902 6
902 13
902 64
902 70
902 71
902 77
902 78
902 91
902 93
902 100
902 128
902 135
902 138
902 145
902 146
902 150
902 155
902 156
902 158
902 164
902 166
902 182
902 198
902 199
902 202
902 205
902 206
902 207
902 220
902 221
902 222
902 228
902 230
902 262
902 263
902 267
902 271
902 273
902 285
902 292
902 326
902 331
902 334
902 335
902 348
902 350
902 352
902 356
902 358
902 390
902 391
902 397
902 399
902 412
902 413
902 420
902 421
902 422
902 454
902 457
902 461
902 463
902 465
902 526
902 527
902 529
902 544
902 550
902 566
902 576
902 582
902 583
902 589
902 590
902 591
902 593
902 605
902 606
902 612
902 646
902 647
902 653
902 654
902 655
902 657
902 669
902 676
902 710
902 713
902 717
902 718
902 719
902 721
902 733
902 774
902 777
902 781
902 783
902 785
902 838
902 845
902 846
902 847
902 849
902 861
902 866
902 868
902 909
902 910
902 911
902 913
902 925
902 932
902 934
902 966
902 973
902 974
902 975
902 977
902 989
902 1030
902 1031
902 1037
902 1039
902 1041
902 1053
902 1060
902 1094
902 1101
902 1103
902 1105
902 1117
902 1124
902 1158
902 1159
902 1166
902 1167
902 1169
902 1181
902 1188
902 1216
902 1227
902 1230
902 1231
902 1233
902 1234
902 1246
903 14
903 15
903 17
903 29
903 70
903 71
903 77
903 79
903 81
903 93
903 100
903 134
903 135
903 141
903 142
903 143
903 145
903 150
903 155
903 156
903 157
903 164
903 166
903 199
903 205
903 206
903 207
903 209
903 220
903 221
903 228
903 262
903 263
903 271
903 273
903 285
903 292
903 326
903 327
903 333
903 334
903 335
903 337
903 349
903 350
903 356
903 358
903 390
903 397
903 398
903 399
903 401
903 413
903 420
903 465
903 518
903 519
903 525
903 526
903 527
903 529
903 541
903 548
903 550
903 582
903 583
903 589
903 590
903 591
903 593
903 605
903 606
903 612
903 647
903 653
903 654
903 655
903 657
903 669
903 676
903 710
903 711
903 717
903 718
903 733
903 775
903 782
903 783
903 785
903 797
903 838
903 839
903 845
903 846
903 849
903 861
903 868
903 909
903 910
903 911
903 913
903 925
903 932
903 966
903 967
903 973
903 974
903 977
903 996
903 1031
903 1039
903 1053
903 1060
903 1095
903 1102
903 1103
903 1105
903 1159
903 1166
903 1167
903 1169
903 1181
903 1222
903 1223
903 1227
903 1229
903 1230
903 1231
903 1233
903 1234
903 1245
903 1252
904 35
904 712
904 776
904 840
904 968
904 1032
904 1096
905 9
905 69
905 137
905 201
905 265
905 325
905 393
905 455
905 517
905 581
905 649
905 711
905 713
905 774
905 777
905 837
905 841
905 969
905 1033
905 1097
905 1161
905 1217
905 1221
906 714
906 778
906 842
906 970
906 1034
906 1098
907 715
907 779
907 843
907 971
907 1035
907 1049
907 1099
908 716
908 780
908 834
908 844
908 972
908 998
908 1027
908 1036
908 1100
909 7
909 13
909 15
909 29
909 36
909 64
909 70
909 71
909 77
909 78
909 79
909 81
909 91
909 93
909 100
909 134
909 135
909 138
909 141
909 142
909 143
909 145
909 150
909 155
909 156
909 157
909 158
909 164
909 166
909 182
909 199
909 202
909 205
909 206
909 207
909 209
909 220
909 221
909 228
909 230
909 262
909 263
909 271
909 273
909 285
909 292
909 326
909 327
909 333
909 334
909 335
909 337
909 349
909 350
909 356
909 358
909 390
909 391
909 397
909 398
909 399
909 401
909 413
909 420
909 421
909 457
909 461
909 465
909 518
909 519
909 525
909 526
909 527
909 529
909 541
909 544
909 548
909 550
909 582
909 583
909 589
909 590
909 591
909 593
909 605
909 606
909 612
909 647
909 653
909 654
909 655
909 657
909 669
909 676
909 710
909 713
909 717
909 718
909 719
909 733
909 775
909 777
909 781
909 782
909 783
909 785
909 797
909 838
909 839
909 845
909 846
909 849
909 861
909 868
909 902
909 903
909 910
909 911
909 913
909 925
909 932
909 966
909 967
909 973
909 974
909 975
909 977
909 989
909 996
909 1030
909 1031
909 1037
909 1039
909 1041
909 1053
909 1060
909 1094
909 1095
909 1101
909 1102
909 1103
909 1105
909 1159
909 1166
909 1167
909 1169
909 1181
909 1222
909 1223
909 1227
909 1229
909 1230
909 1231
909 1233
909 1234
909 1245
909 1246
909 1252
910 7
910 13
910 15
910 29
910 36
910 70
910 71
910 77
910 78
910 79
910 81
910 91
910 93
910 100
910 134
910 135
910 138
910 141
910 142
910 143
910 145
910 150
910 155
910 156
910 157
910 158
910 164
910 166
910 199
910 202
910 205
910 206
910 207
910 209
910 220
910 221
910 228
910 230
910 262
910 263
910 271
910 273
910 285
910 292
910 326
910 327
910 333
910 334
910 335
910 337
910 349
910 350
910 356
910 358
910 390
910 391
910 397
910 398
910 399
910 401
910 413
910 420
910 421
910 457
910 461
910 465
910 518
910 519
910 525
910 526
910 527
910 529
910 541
910 544
910 548
910 550
910 582
910 583
910 589
910 590
910 591
910 593
910 605
910 606
910 612
910 647
910 653
910 654
910 655
910 657
910 669
910 676
910 710
910 713
910 717
910 718
910 719
910 733
910 775
910 777
910 782
910 783
910 785
910 797
910 838
910 839
910 845
910 846
910 849
910 861
910 868
910 902
910 903
910 909
910 911
910 913
910 925
910 932
910 966
910 967
910 973
910 974
910 975
910 977
910 989
910 996
910 1030
910 1031
910 1037
910 1038
910 1039
910 1041
910 1053
910 1060
910 1094
910 1095
910 1101
910 1102
910 1103
910 1105
910 1159
910 1166
910 1167
910 1169
910 1181
910 1222
910 1223
910 1227
910 1229
910 1230
910 1231
910 1233
910 1234
910 1245
910 1246
910 1252
911 0
911 7
911 13
911 36
911 64
911 70
911 71
911 77
911 78
911 79
911 81
911 91
911 93
911 100
911 128
911 134
911 135
911 138
911 142
911 145
911 150
911 155
911 156
911 157
911 158
911 164
911 166
911 182
911 198
911 199
911 202
911 205
911 206
911 207
911 209
911 220
911 221
911 222
911 228
911 230
911 262
911 263
911 271
911 273
911 285
911 292
911 326
911 327
911 333
911 334
911 335
911 348
911 349
911 350
911 352
911 356
911 358
911 390
911 391
911 397
911 398
911 399
911 401
911 413
911 420
911 421
911 454
911 457
911 461
911 463
911 465
911 518
911 519
911 526
911 527
911 529
911 541
911 544
911 548
911 550
911 566
911 582
911 583
911 589
911 590
911 591
911 593
911 605
911 606
911 612
911 646
911 647
911 653
911 654
911 655
911 657
911 669
911 676
911 710
911 713
911 717
911 718
911 719
911 733
911 775
911 777
911 781
911 782
911 783
911 785
911 797
911 838
911 839
911 845
911 846
911 847
911 849
911 861
911 868
911 902
911 903
911 909
911 910
911 913
911 925
911 932
911 966
911 967
911 973
911 974
911 975
911 977
911 989
911 996
911 1030
911 1031
911 1037
911 1039
911 1041
911 1053
911 1060
911 1094
911 1095
911 1101
911 1102
911 1103
911 1105
911 1124
911 1159
911 1166
911 1167
911 1169
911 1181
911 1188
911 1216
911 1222
911 1223
911 1227
911 1229
911 1230
911 1231
911 1233
911 1234
911 1245
911 1246
911 1252
912 720
912 784
912 848
912 918
912 976
912 1040
912 1104
913 7
913 15
913 29
913 36
913 70
913 71
913 77
913 78
913 79
913 81
913 93
913 100
913 134
913 135
913 138
913 141
913 142
913 143
913 145
913 150
913 155
913 156
913 157
913 158
913 164
913 166
913 199
913 202
913 205
913 206
913 207
913 209
913 220
913 221
913 228
913 230
913 262
913 263
913 271
913 273
913 285
913 292
913 326
913 327
913 333
913 334
913 335
913 337
913 349
913 350
913 356
913 358
913 390
913 391
913 397
913 398
913 399
913 401
913 413
913 420
913 421
913 461
913 465
913 518
913 519
913 525
913 526
913 527
913 529
913 541
913 544
913 548
913 550
913 582
913 583
913 589
913 590
913 591
913 593
913 605
913 606
913 612
913 647
913 653
913 654
913 655
913 657
913 669
913 676
913 710
913 717
913 718
913 719
913 721
913 733
913 775
913 777
913 782
913 783
913 785
913 797
913 838
913 839
913 845
913 846
913 849
913 861
913 868
913 902
913 903
913 909
913 910
913 911
913 925
913 932
913 966
913 967
913 973
913 974
913 975
913 977
913 989
913 996
913 1030
913 1031
913 1037
913 1039
913 1041
913 1053
913 1060
913 1094
913 1095
913 1101
913 1102
913 1103
913 1105
913 1159
913 1166
913 1167
913 1169
913 1181
913 1222
913 1223
913 1227
913 1229
913 1230
913 1231
913 1233
913 1234
913 1245
913 1246
913 1252
914 177
914 663
914 722
914 786
914 850
914 978
914 1042
914 1106
915 189
915 674
915 723
915 787
915 851
915 979
915 1043
915 1107
916 573
916 611
916 724
916 788
916 852
916 980
916 1044
916 1108
917 725
917 789
917 853
917 981
917 1045
917 1109
918 726
918 790
918 854
918 912
918 982
918 1046
918 1110
919 727
919 757
919 791
919 855
919 983
919 984
919 1047
919 1111
919 1196
920 431
920 694
920 725
920 728
920 792
920 820
920 856
920 984
920 986
920 1048
920 1112
921 344
921 729
921 793
921 857
921 985
921 1049
921 1113
921 1118
921 1134
922 440
922 536
922 730
922 747
922 787
922 794
922 858
922 986
922 1050
922 1114
923 342
923 731
923 795
923 859
923 987
923 1051
923 1115
924 732
924 796
924 860
924 988
924 1052
924 1116
925 0
925 6
925 7
925 13
925 36
925 64
925 70
925 71
925 77
925 78
925 79
925 81
925 91
925 93
925 100
925 128
925 134
925 135
925 138
925 145
925 150
925 155
925 156
925 157
925 158
925 164
925 166
925 182
925 198
925 199
925 202
925 205
925 206
925 207
925 209
925 220
925 221
925 222
925 228
925 230
925 262
925 263
925 271
925 273
925 285
925 292
925 326
925 327
925 333
925 334
925 335
925 348
925 349
925 350
925 352
925 356
925 358
925 390
925 391
925 397
925 398
925 399
925 401
925 413
925 420
925 421
925 422
925 454
925 457
925 461
925 463
925 465
925 518
925 519
925 526
925 527
925 529
925 544
925 548
925 550
925 566
925 582
925 583
925 589
925 590
925 591
925 593
925 605
925 606
925 612
925 646
925 647
925 653
925 654
925 655
925 657
925 669
925 676
925 710
925 713
925 717
925 718
925 719
925 733
925 775
925 777
925 781
925 782
925 783
925 785
925 797
925 838
925 839
925 845
925 846
925 849
925 861
925 866
925 868
925 902
925 903
925 909
925 910
925 911
925 913
925 932
925 966
925 973
925 974
925 975
925 977
925 989
925 996
925 1030
925 1031
925 1037
925 1039
925 1041
925 1053
925 1060
925 1094
925 1095
925 1101
925 1102
925 1103
925 1105
925 1117
925 1124
925 1159
925 1166
925 1167
925 1169
925 1181
925 1188
925 1216
925 1222
925 1223
925 1227
925 1229
925 1230
925 1231
925 1233
925 1234
925 1245
925 1246
925 1252
926 37
926 734
926 798
926 818
926 862
926 990
926 1054
926 1118
927 727
927 735
927 799
927 863
927 991
927 1055
927 1119
927 1153
928 427
928 736
928 800
928 864
928 992
928 1056
928 1120
928 1203
929 266
929 419
929 449
929 737
929 801
929 865
929 993
929 1057
929 1121
930 738
930 802
930 866
930 994
930 1058
930 1122
931 739
931 803
931 867
931 995
931 1059
931 1123
932 7
932 13
932 36
932 64
932 70
932 71
932 77
932 78
932 79
932 81
932 91
932 93
932 100
932 128
932 134
932 135
932 138
932 142
932 143
932 145
932 150
932 155
932 156
932 157
932 158
932 164
932 166
932 182
932 198
932 199
932 202
932 205
932 206
932 207
932 209
932 220
932 221
932 228
932 230
932 262
932 263
932 271
932 273
932 285
932 292
932 326
932 327
932 333
932 334
932 335
932 337
932 348
932 349
932 350
932 352
932 356
932 358
932 390
932 391
932 397
932 398
932 399
932 401
932 413
932 420
932 421
932 457
932 461
932 463
932 465
932 518
932 519
932 525
932 526
932 527
932 529
932 541
932 544
932 548
932 550
932 566
932 582
932 583
932 589
932 590
932 591
932 593
932 605
932 606
932 612
932 646
932 647
932 653
932 654
932 655
932 657
932 669
932 676
932 710
932 713
932 717
932 718
932 719
932 733
932 740
932 775
932 777
932 781
932 782
932 783
932 785
932 797
932 804
932 838
932 839
932 845
932 846
932 849
932 861
932 868
932 902
932 903
932 909
932 910
932 911
932 913
932 925
932 966
932 967
932 973
932 974
932 975
932 977
932 989
932 996
932 1030
932 1031
932 1037
932 1039
932 1041
932 1053
932 1060
932 1094
932 1095
932 1101
932 1102
932 1103
932 1105
932 1124
932 1159
932 1166
932 1167
932 1169
932 1181
932 1222
932 1223
932 1227
932 1229
932 1230
932 1231
932 1233
932 1234
932 1245
932 1246
932 1252
933 741
933 805
933 869
933 997
933 1061
933 1100
933 1125
934 28
934 38
934 64
934 75
934 78
934 91
934 128
934 132
934 138
934 139
934 146
934 158
934 163
934 182
934 198
934 202
934 222
934 230
934 267
934 320
934 330
934 331
934 348
934 350
934 352
934 391
934 412
934 421
934 422
934 454
934 457
934 461
934 463
934 465
934 544
934 549
934 550
934 566
934 576
934 646
934 653
934 669
934 713
934 719
934 721
934 742
934 777
934 781
934 806
934 847
934 866
934 870
934 902
934 960
934 966
934 975
934 989
934 998
934 1001
934 1030
934 1037
934 1041
934 1062
934 1094
934 1101
934 1117
934 1124
934 1126
934 1158
934 1165
934 1167
934 1188
934 1216
934 1234
934 1246
934 1250
935 244
935 659
935 696
935 743
935 807
935 871
935 948
935 976
935 999
935 1063
935 1127
936 312
936 744
936 808
936 872
936 944
936 1000
936 1064
936 1128
937 248
937 745
937 809
937 873
937 1001
937 1006
937 1065
937 1129
938 746
938 810
938 874
938 1002
938 1018
938 1066
938 1130
939 371
939 747
939 811
939 875
939 1003
939 1017
939 1067
939 1131
940 49
940 637
940 748
940 812
940 876
940 1004
940 1068
940 1132
940 1274
941 464
941 748
941 749
941 813
941 877
941 883
941 1005
941 1069
941 1133
942 750
942 814
942 878
942 1006
942 1070
942 1134
943 276
943 751
943 792
943 815
943 879
943 1007
943 1071
943 1135
944 312
944 752
944 816
944 880
944 936
944 1008
944 1072
944 1136
945 753
945 817
945 881
945 1009
945 1073
945 1137
946 176
946 279
946 754
946 818
946 882
946 1010
946 1074
946 1138
947 755
947 819
947 883
947 1011
947 1075
947 1139
947 1201
948 244
948 659
948 696
948 756
948 820
948 884
948 935
948 976
948 1012
948 1076
948 1140
949 16
949 363
949 757
949 821
949 885
949 1013
949 1077
949 1141
950 758
950 822
950 886
950 1014
950 1078
950 1142
951 759
951 823
951 887
951 1015
951 1079
951 1143
951 1183
952 760
952 824
952 888
952 1016
952 1080
952 1144
953 687
953 761
953 825
953 889
953 1017
953 1081
953 1145
953 1170
954 299
954 762
954 826
954 890
954 1018
954 1082
954 1146
954 1272
955 763
955 827
955 891
955 899
955 1019
955 1083
955 1147
956 764
956 828
956 892
956 1020
956 1084
956 1148
957 639
957 765
957 829
957 893
957 1021
957 1085
957 1149
957 1277
958 766
958 830
958 894
958 1022
958 1086
958 1150
959 767
959 831
959 895
959 1023
959 1087
959 1151
960 38
960 75
960 128
960 132
960 139
960 146
960 163
960 182
960 198
960 222
960 267
960 320
960 330
960 331
960 348
960 352
960 406
960 412
960 414
960 415
960 422
960 454
960 463
960 516
960 543
960 549
960 566
960 576
960 646
960 713
960 721
960 768
960 781
960 832
960 847
960 866
960 896
960 934
960 1001
960 1024
960 1088
960 1117
960 1124
960 1152
960 1158
960 1165
960 1188
960 1216
960 1250
961 46
961 423
961 452
961 769
961 833
961 897
961 1025
961 1089
961 1153
962 180
962 430
962 770
962 801
962 834
962 898
962 1026
962 1090
962 1154
963 771
963 835
963 899
963 1027
963 1091
963 1155
963 1192
964 772
964 836
964 900
964 1028
964 1092
964 1156
965 610
965 737
965 773
965 837
965 901
965 1029
965 1093
965 1157
965 1190
966 0
966 6
966 13
966 78
966 128
966 135
966 138
966 145
966 146
966 150
966 155
966 156
966 158
966 164
966 166
966 182
966 198
966 199
966 202
966 205
966 206
966 207
966 209
966 220
966 221
966 222
966 228
966 230
966 262
966 263
966 267
966 271
966 273
966 285
966 292
966 326
966 331
966 334
966 335
966 348
966 350
966 352
966 356
966 358
966 390
966 391
966 397
966 399
966 412
966 413
966 420
966 421
966 422
966 454
966 457
966 461
966 463
966 465
966 526
966 527
966 529
966 544
966 550
966 566
966 576
966 582
966 583
966 589
966 590
966 591
966 593
966 605
966 606
966 612
966 646
966 647
966 653
966 654
966 655
966 657
966 669
966 676
966 710
966 713
966 717
966 718
966 719
966 721
966 733
966 774
966 777
966 781
966 783
966 785
966 838
966 845
966 846
966 847
966 849
966 861
966 866
966 868
966 902
966 903
966 909
966 910
966 911
966 913
966 925
966 932
966 934
966 973
966 974
966 975
966 977
966 989
966 1030
966 1031
966 1037
966 1039
966 1041
966 1053
966 1060
966 1094
966 1101
966 1103
966 1105
966 1117
966 1124
966 1158
966 1159
966 1166
966 1167
966 1169
966 1181
966 1188
966 1216
966 1227
966 1229
966 1230
966 1231
966 1233
966 1234
966 1246
967 14
967 15
967 17
967 70
967 79
967 81
967 134
967 141
967 142
967 143
967 145
967 150
967 155
967 157
967 164
967 166
967 199
967 205
967 206
967 207
967 209
967 220
967 221
967 228
967 262
967 263
967 271
967 273
967 285
967 292
967 326
967 327
967 333
967 334
967 335
967 337
967 349
967 356
967 397
967 398
967 399
967 401
967 413
967 420
967 518
967 519
967 525
967 526
967 527
967 529
967 541
967 548
967 582
967 583
967 589
967 590
967 591
967 593
967 605
967 606
967 612
967 647
967 654
967 655
967 657
967 710
967 717
967 718
967 733
967 775
967 782
967 783
967 785
967 797
967 838
967 839
967 845
967 846
967 849
967 861
967 868
967 903
967 909
967 910
967 911
967 913
967 932
967 973
967 974
967 977
967 996
967 1031
967 1039
967 1053
967 1060
967 1095
967 1102
967 1103
967 1105
967 1159
967 1166
967 1169
967 1222
967 1223
967 1227
967 1229
967 1230
967 1231
967 1233
967 1245
967 1252
968 424
968 652
968 667
968 776
968 819
968 840
968 873
968 904
968 1032
968 1096
968 1160
969 9
969 69
969 137
969 201
969 265
969 325
969 393
969 455
969 517
969 581
969 649
969 711
969 774
969 777
969 837
969 841
969 905
969 1033
969 1097
969 1161
969 1217
969 1221
970 778
970 842
970 906
970 1034
970 1098
970 1162
971 779
971 843
971 907
971 1035
971 1099
971 1163
972 780
972 844
972 908
972 1036
972 1100
972 1164
973 7
973 15
973 29
973 36
973 70
973 71
973 77
973 93
973 100
973 134
973 135
973 138
973 141
973 142
973 143
973 145
973 150
973 155
973 156
973 157
973 158
973 164
973 166
973 199
973 202
973 205
973 206
973 207
973 209
973 220
973 221
973 228
973 230
973 262
973 263
973 271
973 273
973 285
973 292
973 326
973 327
973 333
973 334
973 335
973 337
973 349
973 350
973 356
973 358
973 390
973 391
973 397
973 398
973 399
973 401
973 413
973 420
973 421
973 461
973 465
973 518
973 519
973 525
973 526
973 527
973 529
973 541
973 544
973 548
973 550
973 582
973 583
973 589
973 590
973 591
973 593
973 605
973 606
973 612
973 647
973 653
973 654
973 655
973 657
973 669
973 676
973 710
973 717
973 718
973 719
973 733
973 775
973 777
973 781
973 782
973 783
973 785
973 797
973 838
973 839
973 845
973 846
973 849
973 861
973 868
973 902
973 903
973 909
973 910
973 911
973 913
973 925
973 932
973 966
973 967
973 974
973 975
973 977
973 989
973 996
973 1030
973 1031
973 1037
973 1039
973 1041
973 1053
973 1060
973 1094
973 1095
973 1101
973 1102
973 1103
973 1105
973 1159
973 1165
973 1166
973 1167
973 1169
973 1181
973 1222
973 1223
973 1227
973 1229
973 1230
973 1231
973 1233
973 1234
973 1245
973 1246
973 1252
974 7
974 15
974 29
974 36
974 70
974 71
974 77
974 93
974 100
974 134
974 135
974 138
974 141
974 142
974 143
974 145
974 150
974 155
974 156
974 157
974 158
974 164
974 166
974 199
974 202
974 205
974 206
974 207
974 209
974 220
974 221
974 228
974 230
974 262
974 263
974 271
974 273
974 285
974 292
974 326
974 327
974 333
974 334
974 335
974 337
974 349
974 350
974 356
974 358
974 390
974 391
974 397
974 398
974 399
974 401
974 413
974 420
974 421
974 461
974 465
974 518
974 519
974 525
974 526
974 527
974 529
974 541
974 544
974 548
974 550
974 582
974 583
974 589
974 590
974 591
974 593
974 605
974 606
974 612
974 647
974 653
974 654
974 655
974 657
974 669
974 676
974 710
974 717
974 718
974 719
974 733
974 775
974 777
974 782
974 783
974 785
974 797
974 838
974 839
974 845
974 846
974 849
974 861
974 868
974 902
974 903
974 909
974 910
974 911
974 913
974 925
974 932
974 966
974 967
974 973
974 975
974 977
974 989
974 996
974 1030
974 1031
974 1038
974 1039
974 1041
974 1053
974 1060
974 1094
974 1095
974 1101
974 1102
974 1103
974 1105
974 1159
974 1166
974 1167
974 1169
974 1181
974 1222
974 1223
974 1227
974 1229
974 1230
974 1231
974 1233
974 1234
974 1245
974 1246
974 1252
975 0
975 6
975 64
975 78
975 91
975 128
975 135
975 138
975 146
975 150
975 155
975 156
975 158
975 163
975 164
975 166
975 182
975 198
975 199
975 202
975 205
975 206
975 220
975 222
975 228
975 230
975 262
975 263
975 267
975 271
975 285
975 292
975 331
975 334
975 348
975 350
975 352
975 356
975 358
975 390
975 391
975 397
975 399
975 412
975 413
975 420
975 421
975 422
975 454
975 457
975 461
975 463
975 465
975 526
975 527
975 529
975 544
975 550
975 566
975 576
975 583
975 589
975 591
975 593
975 612
975 646
975 647
975 653
975 654
975 655
975 657
975 669
975 676
975 710
975 713
975 717
975 718
975 719
975 721
975 733
975 777
975 781
975 783
975 785
975 838
975 845
975 846
975 847
975 849
975 861
975 866
975 868
975 902
975 909
975 910
975 911
975 913
975 925
975 932
975 934
975 966
975 973
975 974
975 977
975 989
975 1001
975 1030
975 1031
975 1037
975 1039
975 1041
975 1053
975 1060
975 1094
975 1101
975 1103
975 1105
975 1117
975 1124
975 1158
975 1159
975 1165
975 1166
975 1167
975 1169
975 1181
975 1188
975 1216
975 1227
975 1230
975 1233
975 1234
975 1246
976 244
976 659
976 696
976 784
976 848
976 912
976 935
976 948
976 1040
976 1104
976 1168
977 7
977 14
977 15
977 17
977 29
977 36
977 70
977 71
977 77
977 79
977 93
977 100
977 134
977 135
977 141
977 142
977 143
977 145
977 150
977 155
977 156
977 157
977 158
977 164
977 166
977 199
977 202
977 205
977 206
977 207
977 209
977 220
977 221
977 228
977 230
977 262
977 263
977 271
977 273
977 285
977 292
977 326
977 327
977 333
977 334
977 335
977 337
977 349
977 350
977 356
977 358
977 390
977 397
977 398
977 399
977 401
977 413
977 420
977 461
977 465
977 518
977 519
977 525
977 526
977 527
977 529
977 541
977 548
977 550
977 582
977 583
977 589
977 590
977 591
977 593
977 605
977 606
977 612
977 647
977 653
977 654
977 655
977 657
977 669
977 676
977 710
977 717
977 718
977 733
977 775
977 782
977 783
977 785
977 797
977 838
977 839
977 845
977 846
977 849
977 861
977 868
977 902
977 903
977 909
977 910
977 911
977 913
977 925
977 932
977 966
977 967
977 973
977 974
977 975
977 996
977 1030
977 1031
977 1039
977 1041
977 1053
977 1060
977 1094
977 1095
977 1101
977 1102
977 1103
977 1105
977 1159
977 1166
977 1167
977 1169
977 1181
977 1222
977 1223
977 1227
977 1229
977 1230
977 1231
977 1233
977 1234
977 1245
977 1252
978 311
978 579
978 786
978 850
978 914
978 1042
978 1106
978 1170
979 130
979 787
979 851
979 915
979 1043
979 1107
979 1171
980 243
980 445
980 788
980 852
980 916
980 1044
980 1108
980 1172
981 789
981 853
981 917
981 1004
981 1045
981 1109
981 1173
982 149
982 246
982 790
982 854
982 918
982 1046
982 1110
982 1174
983 641
983 791
983 855
983 919
983 1047
983 1111
983 1175
984 757
984 792
984 856
984 919
984 920
984 1048
984 1112
984 1176
984 1196
985 183
985 793
985 857
985 921
985 1049
985 1113
985 1171
985 1177
986 431
986 694
986 725
986 794
986 820
986 858
986 920
986 922
986 1050
986 1114
986 1178
987 339
987 438
987 795
987 859
987 923
987 1051
987 1115
987 1179
988 796
988 860
988 924
988 1052
988 1116
988 1180
989 0
989 6
989 28
989 64
989 78
989 91
989 128
989 135
989 138
989 146
989 150
989 155
989 156
989 158
989 163
989 166
989 182
989 198
989 202
989 205
989 206
989 220
989 222
989 228
989 230
989 262
989 263
989 267
989 271
989 292
989 330
989 331
989 334
989 348
989 350
989 352
989 358
989 390
989 391
989 397
989 412
989 413
989 420
989 421
989 422
989 454
989 457
989 461
989 463
989 465
989 526
989 527
989 544
989 550
989 566
989 576
989 583
989 589
989 591
989 593
989 612
989 646
989 647
989 653
989 654
989 655
989 657
989 669
989 676
989 710
989 713
989 718
989 719
989 721
989 733
989 777
989 781
989 783
989 785
989 797
989 838
989 845
989 847
989 861
989 866
989 902
989 909
989 910
989 911
989 913
989 925
989 932
989 934
989 966
989 973
989 974
989 975
989 1001
989 1030
989 1037
989 1039
989 1041
989 1053
989 1060
989 1094
989 1101
989 1103
989 1105
989 1117
989 1124
989 1158
989 1159
989 1165
989 1166
989 1167
989 1169
989 1181
989 1188
989 1216
989 1227
989 1230
989 1233
989 1234
989 1246
990 203
990 798
990 862
990 926
990 1054
990 1118
990 1182
991 799
991 863
991 927
991 1055
991 1119
991 1183
992 800
992 864
992 928
992 1056
992 1120
992 1184
993 373
993 394
993 801
993 865
993 929
993 1057
993 1121
993 1185
993 1238
993 1244
994 587
994 802
994 866
994 930
994 1058
994 1122
994 1186
995 23
995 97
995 803
995 867
995 931
995 1059
995 1123
995 1187
996 14
996 15
996 17
996 29
996 70
996 77
996 79
996 81
996 93
996 134
996 135
996 141
996 142
996 143
996 145
996 150
996 155
996 156
996 157
996 164
996 166
996 199
996 205
996 206
996 207
996 209
996 220
996 221
996 228
996 262
996 263
996 271
996 273
996 285
996 292
996 326
996 327
996 333
996 334
996 335
996 337
996 349
996 356
996 358
996 390
996 397
996 398
996 399
996 401
996 413
996 420
996 518
996 519
996 525
996 526
996 527
996 529
996 541
996 548
996 550
996 582
996 583
996 589
996 590
996 591
996 593
996 605
996 606
996 612
996 647
996 654
996 655
996 657
996 669
996 676
996 710
996 717
996 718
996 733
996 775
996 782
996 783
996 785
996 797
996 804
996 838
996 839
996 845
996 846
996 849
996 861
996 868
996 903
996 909
996 910
996 911
996 913
996 925
996 932
996 967
996 973
996 974
996 977
996 1031
996 1039
996 1053
996 1060
996 1095
996 1102
996 1103
996 1105
996 1124
996 1159
996 1166
996 1167
996 1169
996 1181
996 1188
996 1222
996 1223
996 1227
996 1229
996 1230
996 1231
996 1233
996 1234
996 1245
996 1252
997 603
997 805
997 844
997 869
997 933
997 1061
997 1125
997 1189
998 806
998 834
998 870
998 908
998 934
998 1027
998 1062
998 1126
998 1190
999 90
999 417
999 794
999 807
999 871
999 935
999 1063
999 1127
999 1191
1000 648
1000 716
1000 808
1000 872
1000 936
1000 1064
1000 1128
1000 1140
1000 1192
1000 1202
1001 38
1001 75
1001 128
1001 132
1001 138
1001 139
1001 146
1001 158
1001 163
1001 182
1001 198
1001 222
1001 230
1001 267
1001 320
1001 330
1001 331
1001 348
1001 352
1001 391
1001 406
1001 412
1001 415
1001 421
1001 422
1001 454
1001 457
1001 461
1001 463
1001 516
1001 544
1001 549
1001 566
1001 576
1001 646
1001 713
1001 719
1001 721
1001 777
1001 781
1001 809
1001 847
1001 866
1001 873
1001 934
1001 937
1001 960
1001 975
1001 989
1001 1037
1001 1041
1001 1065
1001 1094
1001 1101
1001 1117
1001 1124
1001 1129
1001 1158
1001 1165
1001 1188
1001 1193
1001 1216
1001 1246
1001 1250
1002 810
1002 874
1002 938
1002 1066
1002 1130
1002 1194
1003 811
1003 875
1003 877
1003 939
1003 1067
1003 1073
1003 1131
1003 1195
1004 812
1004 876
1004 940
1004 981
1004 1068
1004 1132
1004 1196
1005 447
1005 813
1005 877
1005 941
1005 1022
1005 1069
1005 1133
1005 1197
1006 248
1006 814
1006 878
1006 937
1006 942
1006 1070
1006 1134
1006 1198
1007 815
1007 879
1007 943
1007 1071
1007 1135
1007 1199
1008 816
1008 880
1008 944
1008 1072
1008 1136
1008 1200
1009 677
1009 817
1009 881
1009 945
1009 1073
1009 1137
1009 1201
1010 818
1010 882
1010 884
1010 946
1010 1065
1010 1074
1010 1138
1010 1202
1011 819
1011 883
1011 947
1011 1075
1011 1139
1011 1203
1012 178
1012 184
1012 232
1012 820
1012 884
1012 948
1012 1076
1012 1140
1012 1154
1012 1204
1013 264
1013 564
1013 821
1013 885
1013 949
1013 1077
1013 1141
1013 1205
1014 822
1014 886
1014 950
1014 1078
1014 1142
1014 1206
1015 408
1015 823
1015 887
1015 951
1015 1079
1015 1143
1015 1207
1016 656
1016 824
1016 848
1016 888
1016 952
1016 1080
1016 1090
1016 1144
1016 1208
1017 371
1017 825
1017 889
1017 939
1017 953
1017 1081
1017 1145
1017 1209
1018 826
1018 890
1018 938
1018 954
1018 1082
1018 1146
1018 1210
1019 486
1019 827
1019 891
1019 955
1019 1083
1019 1147
1019 1211
1020 44
1020 680
1020 815
1020 828
1020 892
1020 956
1020 1084
1020 1148
1020 1212
1021 280
1021 317
1021 813
1021 829
1021 882
1021 893
1021 957
1021 1085
1021 1149
1021 1213
1022 447
1022 830
1022 894
1022 958
1022 1005
1022 1086
1022 1150
1022 1214
1023 168
1023 495
1023 831
1023 889
1023 895
1023 959
1023 1087
1023 1151
1023 1215
1024 832
1024 896
1024 960
1024 1088
1024 1152
1024 1216
1025 833
1025 897
1025 961
1025 1089
1025 1153
1025 1217
1026 571
1026 834
1026 898
1026 962
1026 1090
1026 1154
1026 1218
1027 834
1027 835
1027 899
1027 908
1027 963
1027 998
1027 1091
1027 1155
1027 1219
1028 670
1028 836
1028 900
1028 964
1028 1054
1028 1092
1028 1156
1028 1220
1029 837
1029 901
1029 965
1029 1093
1029 1157
1029 1221
1030 0
1030 6
1030 13
1030 78
1030 135
1030 138
1030 150
1030 156
1030 158
1030 198
1030 199
1030 202
1030 205
1030 206
1030 207
1030 220
1030 221
1030 222
1030 228
1030 230
1030 262
1030 263
1030 267
1030 271
1030 273
1030 285
1030 292
1030 326
1030 331
1030 334
1030 335
1030 348
1030 350
1030 352
1030 356
1030 358
1030 390
1030 391
1030 397
1030 399
1030 412
1030 413
1030 420
1030 421
1030 422
1030 454
1030 457
1030 461
1030 463
1030 465
1030 526
1030 527
1030 529
1030 544
1030 550
1030 566
1030 576
1030 582
1030 583
1030 589
1030 590
1030 591
1030 593
1030 605
1030 606
1030 612
1030 646
1030 647
1030 653
1030 654
1030 655
1030 657
1030 669
1030 676
1030 710
1030 713
1030 717
1030 718
1030 719
1030 721
1030 733
1030 777
1030 781
1030 783
1030 785
1030 838
1030 845
1030 846
1030 847
1030 849
1030 861
1030 866
1030 868
1030 902
1030 909
1030 910
1030 911
1030 913
1030 925
1030 932
1030 934
1030 966
1030 973
1030 974
1030 975
1030 977
1030 989
1030 1031
1030 1037
1030 1039
1030 1041
1030 1053
1030 1060
1030 1094
1030 1101
1030 1103
1030 1105
1030 1117
1030 1124
1030 1158
1030 1159
1030 1166
1030 1167
1030 1169
1030 1181
1030 1188
1030 1216
1030 1222
1030 1227
1030 1230
1030 1231
1030 1233
1030 1234
1030 1246
1031 7
1031 15
1031 29
1031 36
1031 70
1031 71
1031 77
1031 93
1031 100
1031 145
1031 155
1031 164
1031 166
1031 199
1031 202
1031 205
1031 206
1031 207
1031 209
1031 220
1031 221
1031 228
1031 230
1031 262
1031 263
1031 271
1031 273
1031 285
1031 292
1031 326
1031 327
1031 333
1031 334
1031 335
1031 337
1031 349
1031 350
1031 356
1031 358
1031 390
1031 397
1031 398
1031 399
1031 401
1031 413
1031 420
1031 461
1031 465
1031 518
1031 519
1031 525
1031 526
1031 527
1031 529
1031 541
1031 548
1031 550
1031 582
1031 583
1031 589
1031 590
1031 591
1031 593
1031 605
1031 606
1031 612
1031 647
1031 653
1031 654
1031 655
1031 657
1031 669
1031 676
1031 710
1031 717
1031 718
1031 733
1031 775
1031 782
1031 783
1031 785
1031 797
1031 838
1031 839
1031 845
1031 846
1031 849
1031 861
1031 868
1031 902
1031 903
1031 909
1031 910
1031 911
1031 913
1031 925
1031 932
1031 966
1031 967
1031 973
1031 974
1031 975
1031 977
1031 996
1031 1030
1031 1039
1031 1041
1031 1053
1031 1060
1031 1094
1031 1095
1031 1101
1031 1102
1031 1103
1031 1105
1031 1159
1031 1166
1031 1167
1031 1169
1031 1181
1031 1222
1031 1223
1031 1227
1031 1229
1031 1230
1031 1231
1031 1233
1031 1234
1031 1245
1031 1246
1031 1252
1032 722
1032 840
1032 904
1032 968
1032 1096
1032 1160
1032 1224
1033 9
1033 69
1033 137
1033 201
1033 265
1033 325
1033 393
1033 455
1033 517
1033 581
1033 649
1033 711
1033 774
1033 837
1033 841
1033 905
1033 969
1033 1097
1033 1161
1033 1217
1033 1221
1033 1225
1034 842
1034 906
1034 970
1034 1098
1034 1162
1034 1226
1035 843
1035 907
1035 971
1035 1099
1035 1163
1035 1227
1036 475
1036 827
1036 844
1036 908
1036 972
1036 1100
1036 1164
1036 1228
1037 0
1037 6
1037 28
1037 64
1037 78
1037 91
1037 128
1037 138
1037 158
1037 182
1037 198
1037 202
1037 205
1037 222
1037 228
1037 230
1037 262
1037 263
1037 267
1037 271
1037 292
1037 330
1037 331
1037 334
1037 348
1037 350
1037 352
1037 358
1037 390
1037 391
1037 412
1037 421
1037 422
1037 454
1037 457
1037 461
1037 463
1037 465
1037 526
1037 544
1037 550
1037 566
1037 576
1037 583
1037 589
1037 591
1037 593
1037 612
1037 646
1037 647
1037 653
1037 654
1037 655
1037 657
1037 669
1037 676
1037 710
1037 713
1037 718
1037 719
1037 721
1037 733
1037 777
1037 781
1037 783
1037 785
1037 838
1037 845
1037 847
1037 866
1037 902
1037 909
1037 910
1037 911
1037 913
1037 925
1037 932
1037 934
1037 966
1037 973
1037 975
1037 989
1037 1001
1037 1030
1037 1039
1037 1041
1037 1053
1037 1060
1037 1094
1037 1101
1037 1103
1037 1105
1037 1117
1037 1124
1037 1158
1037 1165
1037 1166
1037 1167
1037 1169
1037 1181
1037 1188
1037 1216
1037 1227
1037 1229
1037 1230
1037 1234
1037 1246
1038 92
1038 160
1038 388
1038 462
1038 512
1038 836
1038 846
1038 910
1038 974
1038 1102
1038 1115
1038 1166
1038 1230
1039 0
1039 7
1039 13
1039 36
1039 71
1039 100
1039 135
1039 150
1039 155
1039 156
1039 158
1039 198
1039 199
1039 202
1039 205
1039 206
1039 207
1039 209
1039 220
1039 221
1039 228
1039 230
1039 262
1039 263
1039 271
1039 273
1039 285
1039 292
1039 326
1039 327
1039 333
1039 334
1039 335
1039 337
1039 348
1039 349
1039 350
1039 352
1039 356
1039 358
1039 390
1039 391
1039 397
1039 398
1039 399
1039 401
1039 413
1039 420
1039 421
1039 457
1039 461
1039 463
1039 465
1039 518
1039 519
1039 525
1039 526
1039 527
1039 529
1039 541
1039 544
1039 548
1039 550
1039 566
1039 582
1039 583
1039 589
1039 590
1039 591
1039 593
1039 605
1039 606
1039 612
1039 646
1039 647
1039 653
1039 654
1039 655
1039 657
1039 669
1039 676
1039 710
1039 713
1039 717
1039 718
1039 719
1039 733
1039 775
1039 777
1039 781
1039 782
1039 783
1039 785
1039 797
1039 838
1039 839
1039 845
1039 846
1039 847
1039 849
1039 861
1039 868
1039 902
1039 903
1039 909
1039 910
1039 911
1039 913
1039 925
1039 932
1039 966
1039 967
1039 973
1039 974
1039 975
1039 977
1039 989
1039 996
1039 1030
1039 1031
1039 1037
1039 1041
1039 1053
1039 1060
1039 1094
1039 1095
1039 1101
1039 1102
1039 1103
1039 1105
1039 1124
1039 1159
1039 1166
1039 1167
1039 1169
1039 1181
1039 1222
1039 1223
1039 1227
1039 1229
1039 1230
1039 1231
1039 1233
1039 1234
1039 1245
1039 1246
1039 1252
1040 319
1040 848
1040 912
1040 976
1040 1104
1040 1168
1040 1232
1041 0
1041 6
1041 13
1041 78
1041 91
1041 135
1041 138
1041 150
1041 156
1041 158
1041 182
1041 198
1041 199
1041 202
1041 205
1041 206
1041 207
1041 220
1041 221
1041 222
1041 228
1041 230
1041 262
1041 263
1041 267
1041 271
1041 273
1041 285
1041 292
1041 331
1041 334
1041 335
1041 348
1041 350
1041 352
1041 356
1041 358
1041 390
1041 391
1041 397
1041 399
1041 412
1041 413
1041 420
1041 421
1041 422
1041 454
1041 457
1041 461
1041 463
1041 465
1041 526
1041 527
1041 529
1041 544
1041 550
1041 566
1041 576
1041 582
1041 583
1041 589
1041 591
1041 593
1041 605
1041 606
1041 612
1041 646
1041 647
1041 653
1041 654
1041 655
1041 657
1041 669
1041 676
1041 710
1041 713
1041 717
1041 718
1041 719
1041 721
1041 733
1041 777
1041 781
1041 783
1041 785
1041 838
1041 845
1041 846
1041 847
1041 849
1041 861
1041 866
1041 868
1041 902
1041 909
1041 910
1041 911
1041 913
1041 925
1041 932
1041 934
1041 966
1041 973
1041 974
1041 975
1041 977
1041 989
1041 1001
1041 1030
1041 1031
1041 1037
1041 1039
1041 1053
1041 1060
1041 1094
1041 1101
1041 1103
1041 1105
1041 1117
1041 1124
1041 1158
1041 1159
1041 1165
1041 1166
1041 1167
1041 1169
1041 1181
1041 1188
1041 1216
1041 1227
1041 1230
1041 1231
1041 1233
1041 1234
1041 1246
1042 437
1042 850
1042 858
1042 898
1042 914
1042 978
1042 1106
1042 1170
1042 1234
1043 346
1043 632
1043 851
1043 915
1043 979
1043 1107
1043 1171
1043 1235
1043 1248
1043 1257
1044 556
1044 852
1044 916
1044 980
1044 1108
1044 1172
1044 1236
1045 274
1045 546
1045 853
1045 917
1045 981
1045 1109
1045 1173
1045 1237
1046 854
1046 918
1046 982
1046 1110
1046 1174
1046 1238
1046 1269
1047 855
1047 919
1047 983
1047 1111
1047 1175
1047 1239
1047 1273
1048 107
1048 112
1048 764
1048 856
1048 920
1048 984
1048 1112
1048 1176
1048 1178
1048 1240
1049 857
1049 907
1049 921
1049 985
1049 1113
1049 1177
1049 1241
1050 483
1050 858
1050 897
1050 922
1050 986
1050 1114
1050 1178
1050 1242
1051 218
1051 607
1051 796
1051 859
1051 923
1051 987
1051 1115
1051 1179
1051 1243
1052 31
1052 617
1052 860
1052 924
1052 988
1052 1116
1052 1180
1052 1244
1053 7
1053 13
1053 29
1053 36
1053 71
1053 77
1053 100
1053 135
1053 150
1053 155
1053 156
1053 166
1053 199
1053 202
1053 205
1053 206
1053 207
1053 209
1053 220
1053 221
1053 228
1053 230
1053 262
1053 263
1053 271
1053 273
1053 285
1053 292
1053 326
1053 327
1053 333
1053 334
1053 335
1053 337
1053 349
1053 350
1053 356
1053 358
1053 390
1053 391
1053 397
1053 398
1053 399
1053 401
1053 413
1053 420
1053 421
1053 457
1053 461
1053 465
1053 518
1053 519
1053 525
1053 526
1053 527
1053 529
1053 541
1053 544
1053 548
1053 550
1053 582
1053 583
1053 589
1053 590
1053 591
1053 593
1053 605
1053 606
1053 612
1053 646
1053 647
1053 653
1053 654
1053 655
1053 657
1053 669
1053 676
1053 710
1053 713
1053 717
1053 718
1053 719
1053 733
1053 775
1053 777
1053 781
1053 782
1053 783
1053 785
1053 797
1053 838
1053 839
1053 845
1053 846
1053 849
1053 861
1053 868
1053 902
1053 903
1053 909
1053 910
1053 911
1053 913
1053 925
1053 932
1053 966
1053 967
1053 973
1053 974
1053 975
1053 977
1053 989
1053 996
1053 1030
1053 1031
1053 1037
1053 1039
1053 1041
1053 1060
1053 1094
1053 1095
1053 1101
1053 1102
1053 1103
1053 1105
1053 1117
1053 1124
1053 1159
1053 1166
1053 1167
1053 1169
1053 1181
1053 1222
1053 1223
1053 1227
1053 1229
1053 1230
1053 1231
1053 1233
1053 1234
1053 1245
1053 1246
1053 1252
1054 670
1054 862
1054 926
1054 990
1054 1028
1054 1118
1054 1182
1054 1246
1055 863
1055 927
1055 991
1055 1119
1055 1183
1055 1247
1056 272
1056 306
1056 864
1056 928
1056 992
1056 1120
1056 1184
1056 1248
1057 651
1057 865
1057 929
1057 993
1057 1121
1057 1185
1057 1249
1058 866
1058 930
1058 994
1058 1122
1058 1186
1058 1250
1059 867
1059 931
1059 995
1059 1123
1059 1187
1059 1251
1060 0
1060 7
1060 13
1060 36
1060 78
1060 135
1060 150
1060 155
1060 156
1060 158
1060 198
1060 199
1060 202
1060 205
1060 206
1060 207
1060 209
1060 220
1060 221
1060 222
1060 228
1060 230
1060 262
1060 263
1060 271
1060 273
1060 285
1060 292
1060 326
1060 327
1060 333
1060 334
1060 335
1060 348
1060 349
1060 350
1060 352
1060 356
1060 358
1060 390
1060 391
1060 397
1060 398
1060 399
1060 401
1060 413
1060 420
1060 421
1060 457
1060 461
1060 463
1060 465
1060 518
1060 519
1060 526
1060 527
1060 529
1060 541
1060 544
1060 548
1060 550
1060 566
1060 582
1060 583
1060 589
1060 590
1060 591
1060 593
1060 605
1060 606
1060 612
1060 646
1060 647
1060 653
1060 654
1060 655
1060 657
1060 669
1060 676
1060 710
1060 713
1060 717
1060 718
1060 719
1060 733
1060 775
1060 777
1060 781
1060 782
1060 783
1060 785
1060 797
1060 838
1060 839
1060 845
1060 846
1060 849
1060 861
1060 868
1060 902
1060 903
1060 909
1060 910
1060 911
1060 913
1060 925
1060 932
1060 966
1060 967
1060 973
1060 974
1060 975
1060 977
1060 989
1060 996
1060 1030
1060 1031
1060 1037
1060 1039
1060 1041
1060 1053
1060 1094
1060 1095
1060 1101
1060 1102
1060 1103
1060 1105
1060 1124
1060 1159
1060 1166
1060 1167
1060 1169
1060 1181
1060 1188
1060 1216
1060 1222
1060 1223
1060 1227
1060 1229
1060 1230
1060 1231
1060 1233
1060 1234
1060 1245
1060 1246
1060 1252
1061 869
1061 933
1061 997
1061 1125
1061 1189
1061 1253
1062 870
1062 934
1062 998
1062 1126
1062 1190
1062 1254
1063 600
1063 871
1063 935
1063 999
1063 1127
1063 1191
1063 1255
1064 872
1064 936
1064 1000
1064 1128
1064 1192
1064 1256
1065 873
1065 884
1065 937
1065 1001
1065 1010
1065 1129
1065 1193
1065 1257
1066 874
1066 938
1066 1002
1066 1130
1066 1194
1066 1258
1067 875
1067 939
1067 1003
1067 1131
1067 1195
1067 1259
1068 876
1068 940
1068 1004
1068 1132
1068 1196
1068 1260
1069 877
1069 941
1069 1005
1069 1133
1069 1197
1069 1261
1070 878
1070 942
1070 1006
1070 1134
1070 1198
1070 1262
1071 480
1071 509
1071 879
1071 943
1071 1007
1071 1135
1071 1199
1071 1263
1072 314
1072 880
1072 944
1072 1008
1072 1077
1072 1086
1072 1136
1072 1200
1072 1264
1073 877
1073 881
1073 945
1073 1003
1073 1009
1073 1137
1073 1201
1073 1265
1074 882
1074 946
1074 1010
1074 1138
1074 1202
1074 1266
1075 56
1075 729
1075 883
1075 947
1075 1011
1075 1139
1075 1203
1075 1267
1075 1278
1076 253
1076 884
1076 948
1076 1012
1076 1083
1076 1140
1076 1204
1076 1268
1077 314
1077 885
1077 949
1077 1013
1077 1072
1077 1086
1077 1141
1077 1205
1077 1269
1078 187
1078 428
1078 700
1078 886
1078 892
1078 950
1078 1014
1078 1142
1078 1198
1078 1206
1078 1239
1078 1270
1079 619
1079 887
1079 951
1079 1015
1079 1143
1079 1207
1079 1271
1080 494
1080 746
1080 888
1080 952
1080 1016
1080 1144
1080 1208
1080 1211
1080 1272
1081 471
1081 889
1081 953
1081 1017
1081 1145
1081 1209
1081 1273
1082 831
1082 890
1082 954
1082 1018
1082 1146
1082 1210
1082 1274
1083 253
1083 891
1083 955
1083 1019
1083 1076
1083 1147
1083 1211
1083 1275
1084 281
1084 662
1084 879
1084 892
1084 956
1084 1020
1084 1148
1084 1212
1084 1276
1085 893
1085 957
1085 1021
1085 1149
1085 1213
1085 1277
1086 314
1086 894
1086 958
1086 1022
1086 1072
1086 1077
1086 1150
1086 1214
1086 1278
1087 895
1087 959
1087 1023
1087 1151
1087 1215
1087 1279
1088 105
1088 790
1088 896
1088 960
1088 1024
1088 1119
1088 1152
1088 1216
1089 739
1089 897
1089 961
1089 1025
1089 1153
1089 1217
1090 656
1090 848
1090 898
1090 962
1090 1016
1090 1026
1090 1154
1090 1218
1091 623
1091 766
1091 899
1091 963
1091 1027
1091 1155
1091 1219
1092 367
1092 402
1092 900
1092 964
1092 1028
1092 1156
1092 1220
1093 901
1093 965
1093 1029
1093 1098
1093 1157
1093 1221
1094 0
1094 6
1094 64
1094 78
1094 91
1094 135
1094 138
1094 150
1094 156
1094 158
1094 182
1094 202
1094 230
1094 262
1094 263
1094 267
1094 271
1094 273
1094 285
1094 292
1094 331
1094 334
1094 348
1094 350
1094 352
1094 356
1094 358
1094 390
1094 391
1094 397
1094 399
1094 412
1094 413
1094 420
1094 421
1094 422
1094 454
1094 457
1094 461
1094 463
1094 465
1094 526
1094 527
1094 529
1094 544
1094 550
1094 566
1094 576
1094 583
1094 589
1094 591
1094 593
1094 612
1094 646
1094 647
1094 653
1094 654
1094 655
1094 657
1094 669
1094 676
1094 710
1094 713
1094 717
1094 718
1094 719
1094 721
1094 733
1094 777
1094 781
1094 783
1094 785
1094 838
1094 845
1094 846
1094 847
1094 849
1094 861
1094 866
1094 868
1094 902
1094 909
1094 910
1094 911
1094 913
1094 925
1094 932
1094 934
1094 966
1094 973
1094 974
1094 975
1094 977
1094 989
1094 1001
1094 1030
1094 1031
1094 1037
1094 1039
1094 1041
1094 1053
1094 1060
1094 1101
1094 1103
1094 1105
1094 1117
1094 1124
1094 1158
1094 1159
1094 1165
1094 1166
1094 1167
1094 1169
1094 1181
1094 1188
1094 1216
1094 1222
1094 1227
1094 1230
1094 1233
1094 1234
1094 1246
1095 14
1095 15
1095 17
1095 29
1095 70
1095 77
1095 79
1095 81
1095 93
1095 134
1095 142
1095 143
1095 145
1095 157
1095 164
1095 199
1095 207
1095 209
1095 220
1095 221
1095 262
1095 263
1095 271
1095 273
1095 285
1095 292
1095 326
1095 327
1095 333
1095 334
1095 335
1095 337
1095 349
1095 356
1095 358
1095 390
1095 397
1095 398
1095 399
1095 401
1095 413
1095 420
1095 518
1095 519
1095 525
1095 526
1095 527
1095 529
1095 541
1095 548
1095 550
1095 582
1095 583
1095 589
1095 590
1095 591
1095 593
1095 605
1095 606
1095 612
1095 647
1095 654
1095 655
1095 657
1095 676
1095 710
1095 717
1095 718
1095 733
1095 775
1095 782
1095 783
1095 785
1095 797
1095 838
1095 839
1095 845
1095 846
1095 849
1095 861
1095 868
1095 903
1095 909
1095 910
1095 911
1095 913
1095 925
1095 932
1095 967
1095 973
1095 974
1095 977
1095 996
1095 1031
1095 1039
1095 1053
1095 1060
1095 1102
1095 1103
1095 1105
1095 1159
1095 1166
1095 1167
1095 1169
1095 1181
1095 1222
1095 1223
1095 1227
1095 1229
1095 1230
1095 1231
1095 1233
1095 1234
1095 1245
1095 1252
1096 562
1096 904
1096 968
1096 1032
1096 1160
1096 1224
1096 1261
1097 9
1097 69
1097 137
1097 201
1097 265
1097 325
1097 393
1097 455
1097 517
1097 581
1097 649
1097 711
1097 774
1097 837
1097 905
1097 969
1097 1033
1097 1161
1097 1217
1097 1221
1097 1225
1098 906
1098 970
1098 1034
1098 1093
1098 1162
1098 1226
1099 192
1099 585
1099 907
1099 971
1099 1035
1099 1163
1099 1227
1100 908
1100 933
1100 972
1100 1036
1100 1164
1100 1228
1101 0
1101 6
1101 64
1101 78
1101 91
1101 128
1101 138
1101 156
1101 158
1101 182
1101 202
1101 230
1101 262
1101 263
1101 267
1101 271
1101 285
1101 292
1101 331
1101 334
1101 348
1101 350
1101 352
1101 356
1101 358
1101 390
1101 391
1101 397
1101 399
1101 412
1101 413
1101 420
1101 421
1101 422
1101 454
1101 457
1101 461
1101 463
1101 465
1101 526
1101 527
1101 529
1101 544
1101 550
1101 566
1101 576
1101 583
1101 589
1101 591
1101 593
1101 612
1101 646
1101 647
1101 653
1101 654
1101 655
1101 657
1101 669
1101 676
1101 710
1101 713
1101 717
1101 718
1101 719
1101 721
1101 733
1101 777
1101 781
1101 783
1101 785
1101 838
1101 845
1101 846
1101 847
1101 861
1101 866
1101 868
1101 902
1101 909
1101 910
1101 911
1101 913
1101 925
1101 932
1101 934
1101 966
1101 973
1101 974
1101 975
1101 977
1101 989
1101 1001
1101 1030
1101 1031
1101 1037
1101 1039
1101 1041
1101 1053
1101 1060
1101 1094
1101 1103
1101 1105
1101 1117
1101 1124
1101 1158
1101 1159
1101 1165
1101 1166
1101 1167
1101 1169
1101 1181
1101 1188
1101 1216
1101 1227
1101 1229
1101 1230
1101 1233
1101 1234
1101 1246
1102 14
1102 15
1102 17
1102 29
1102 70
1102 71
1102 77
1102 79
1102 81
1102 93
1102 100
1102 134
1102 142
1102 143
1102 145
1102 157
1102 164
1102 166
1102 199
1102 205
1102 206
1102 207
1102 209
1102 220
1102 221
1102 262
1102 263
1102 271
1102 273
1102 285
1102 292
1102 326
1102 327
1102 333
1102 334
1102 335
1102 337
1102 349
1102 356
1102 358
1102 390
1102 397
1102 398
1102 399
1102 401
1102 413
1102 420
1102 465
1102 518
1102 519
1102 525
1102 526
1102 527
1102 529
1102 541
1102 548
1102 550
1102 582
1102 583
1102 589
1102 590
1102 591
1102 593
1102 605
1102 606
1102 612
1102 647
1102 653
1102 654
1102 655
1102 657
1102 669
1102 676
1102 710
1102 717
1102 718
1102 733
1102 775
1102 782
1102 783
1102 785
1102 797
1102 838
1102 839
1102 845
1102 846
1102 849
1102 861
1102 868
1102 903
1102 909
1102 910
1102 911
1102 913
1102 925
1102 932
1102 967
1102 973
1102 974
1102 977
1102 996
1102 1031
1102 1038
1102 1039
1102 1053
1102 1060
1102 1095
1102 1103
1102 1105
1102 1159
1102 1166
1102 1167
1102 1169
1102 1181
1102 1222
1102 1223
1102 1227
1102 1229
1102 1230
1102 1231
1102 1233
1102 1234
1102 1245
1102 1252
1103 7
1103 13
1103 15
1103 29
1103 36
1103 71
1103 77
1103 93
1103 100
1103 135
1103 150
1103 155
1103 156
1103 164
1103 166
1103 199
1103 205
1103 206
1103 220
1103 221
1103 228
1103 262
1103 263
1103 271
1103 273
1103 285
1103 292
1103 326
1103 327
1103 333
1103 334
1103 335
1103 337
1103 349
1103 350
1103 356
1103 358
1103 390
1103 391
1103 397
1103 398
1103 399
1103 401
1103 413
1103 420
1103 421
1103 457
1103 461
1103 465
1103 518
1103 519
1103 525
1103 526
1103 527
1103 529
1103 541
1103 544
1103 548
1103 550
1103 582
1103 583
1103 589
1103 590
1103 591
1103 593
1103 605
1103 606
1103 612
1103 647
1103 653
1103 654
1103 655
1103 657
1103 669
1103 676
1103 710
1103 713
1103 717
1103 718
1103 719
1103 733
1103 775
1103 777
1103 782
1103 783
1103 785
1103 797
1103 838
1103 839
1103 845
1103 846
1103 849
1103 861
1103 868
1103 902
1103 903
1103 909
1103 910
1103 911
1103 913
1103 925
1103 932
1103 966
1103 967
1103 973
1103 974
1103 975
1103 977
1103 989
1103 996
1103 1030
1103 1031
1103 1037
1103 1039
1103 1041
1103 1053
1103 1060
1103 1094
1103 1095
1103 1101
1103 1102
1103 1105
1103 1159
1103 1166
1103 1167
1103 1169
1103 1181
1103 1222
1103 1223
1103 1227
1103 1229
1103 1230
1103 1231
1103 1233
1103 1234
1103 1245
1103 1246
1103 1252
1104 26
1104 912
1104 976
1104 1040
1104 1168
1104 1232
1105 7
1105 13
1105 36
1105 71
1105 100
1105 135
1105 150
1105 155
1105 156
1105 166
1105 202
1105 205
1105 206
1105 220
1105 228
1105 262
1105 263
1105 271
1105 273
1105 285
1105 292
1105 326
1105 327
1105 333
1105 334
1105 335
1105 337
1105 348
1105 349
1105 350
1105 352
1105 356
1105 358
1105 390
1105 391
1105 397
1105 398
1105 399
1105 401
1105 413
1105 420
1105 421
1105 457
1105 461
1105 463
1105 465
1105 518
1105 519
1105 525
1105 526
1105 527
1105 529
1105 541
1105 544
1105 548
1105 550
1105 566
1105 582
1105 583
1105 589
1105 590
1105 591
1105 593
1105 605
1105 606
1105 612
1105 646
1105 647
1105 653
1105 654
1105 655
1105 657
1105 669
1105 676
1105 710
1105 713
1105 717
1105 718
1105 719
1105 733
1105 775
1105 777
1105 781
1105 782
1105 783
1105 785
1105 797
1105 838
1105 839
1105 845
1105 846
1105 849
1105 861
1105 868
1105 902
1105 903
1105 909
1105 910
1105 911
1105 913
1105 925
1105 932
1105 966
1105 967
1105 973
1105 974
1105 975
1105 977
1105 989
1105 996
1105 1030
1105 1031
1105 1037
1105 1039
1105 1041
1105 1053
1105 1060
1105 1094
1105 1095
1105 1101
1105 1102
1105 1103
1105 1124
1105 1159
1105 1166
1105 1167
1105 1169
1105 1181
1105 1222
1105 1223
1105 1227
1105 1229
1105 1230
1105 1231
1105 1233
1105 1234
1105 1245
1105 1246
1105 1252
1106 308
1106 732
1106 914
1106 978
1106 1042
1106 1170
1106 1234
1107 915
1107 979
1107 1043
1107 1171
1107 1235
1108 916
1108 980
1108 1044
1108 1172
1108 1236
1109 235
1109 917
1109 981
1109 1045
1109 1173
1109 1237
1110 456
1110 853
1110 862
1110 918
1110 982
1110 1046
1110 1147
1110 1160
1110 1174
1110 1238
1111 297
1111 731
1111 919
1111 983
1111 1047
1111 1175
1111 1239
1112 48
1112 450
1112 920
1112 984
1112 1048
1112 1176
1112 1240
1113 921
1113 985
1113 1049
1113 1177
1113 1241
1114 554
1114 922
1114 986
1114 1050
1114 1178
1114 1242
1115 388
1115 406
1115 414
1115 415
1115 462
1115 512
1115 516
1115 543
1115 836
1115 923
1115 987
1115 1038
1115 1051
1115 1179
1115 1243
1116 924
1116 988
1116 1052
1116 1180
1116 1244
1117 28
1117 38
1117 75
1117 128
1117 146
1117 163
1117 198
1117 222
1117 267
1117 320
1117 330
1117 331
1117 348
1117 350
1117 352
1117 391
1117 406
1117 412
1117 415
1117 421
1117 422
1117 454
1117 457
1117 461
1117 463
1117 465
1117 516
1117 544
1117 549
1117 566
1117 576
1117 646
1117 653
1117 669
1117 713
1117 719
1117 721
1117 777
1117 781
1117 847
1117 866
1117 902
1117 925
1117 934
1117 960
1117 966
1117 975
1117 989
1117 1001
1117 1030
1117 1037
1117 1041
1117 1053
1117 1094
1117 1101
1117 1124
1117 1158
1117 1165
1117 1181
1117 1188
1117 1216
1117 1245
1117 1246
1117 1250
1118 344
1118 921
1118 926
1118 990
1118 1054
1118 1134
1118 1182
1118 1246
1119 105
1119 790
1119 927
1119 991
1119 1055
1119 1088
1119 1183
1119 1247
1120 928
1120 992
1120 1056
1120 1184
1120 1248
1121 236
1121 470
1121 929
1121 993
1121 1057
1121 1185
1121 1249
1122 213
1122 930
1122 994
1122 1058
1122 1186
1122 1250
1123 124
1123 891
1123 931
1123 995
1123 1059
1123 1187
1123 1251
1124 28
1124 64
1124 91
1124 128
1124 138
1124 146
1124 182
1124 198
1124 222
1124 262
1124 263
1124 267
1124 292
1124 330
1124 331
1124 348
1124 350
1124 352
1124 358
1124 390
1124 391
1124 412
1124 421
1124 422
1124 454
1124 457
1124 461
1124 463
1124 465
1124 544
1124 549
1124 550
1124 566
1124 576
1124 646
1124 647
1124 653
1124 655
1124 669
1124 676
1124 713
1124 719
1124 721
1124 733
1124 777
1124 781
1124 845
1124 847
1124 866
1124 902
1124 911
1124 925
1124 932
1124 934
1124 960
1124 966
1124 975
1124 989
1124 996
1124 1001
1124 1030
1124 1037
1124 1039
1124 1041
1124 1053
1124 1060
1124 1094
1124 1101
1124 1105
1124 1117
1124 1158
1124 1165
1124 1167
1124 1169
1124 1181
1124 1188
1124 1216
1124 1230
1124 1234
1124 1246
1124 1250
1124 1252
1125 933
1125 997
1125 1061
1125 1173
1125 1189
1125 1253
1126 934
1126 998
1126 1062
1126 1190
1126 1254
1127 935
1127 999
1127 1063
1127 1191
1127 1255
1128 328
1128 936
1128 1000
1128 1064
1128 1192
1128 1256
1129 615
1129 937
1129 1001
1129 1065
1129 1193
1129 1257
1130 88
1130 300
1130 938
1130 1002
1130 1066
1130 1194
1130 1258
1131 939
1131 1003
1131 1067
1131 1195
1131 1259
1132 703
1132 940
1132 1004
1132 1068
1132 1196
1132 1260
1133 621
1133 941
1133 1005
1133 1069
1133 1197
1133 1261
1134 344
1134 921
1134 942
1134 1006
1134 1070
1134 1118
1134 1198
1134 1262
1135 368
1135 943
1135 1007
1135 1071
1135 1199
1135 1263
1136 382
1136 821
1136 944
1136 1008
1136 1072
1136 1150
1136 1200
1136 1264
1137 179
1137 730
1137 945
1137 1009
1137 1073
1137 1201
1137 1265
1138 479
1138 561
1138 946
1138 1010
1138 1074
1138 1202
1138 1266
1139 947
1139 1011
1139 1075
1139 1203
1139 1267
1140 648
1140 716
1140 948
1140 1000
1140 1012
1140 1076
1140 1202
1140 1204
1140 1268
1141 238
1141 949
1141 1013
1141 1077
1141 1205
1141 1269
1142 460
1142 788
1142 950
1142 1014
1142 1078
1142 1206
1142 1270
1143 12
1143 354
1143 863
1143 951
1143 1015
1143 1079
1143 1207
1143 1271
1144 952
1144 1016
1144 1080
1144 1208
1144 1272
1145 538
1145 953
1145 1017
1145 1081
1145 1209
1145 1273
1146 55
1146 954
1146 1018
1146 1082
1146 1210
1146 1274
1147 456
1147 853
1147 862
1147 955
1147 1019
1147 1083
1147 1110
1147 1160
1147 1211
1147 1275
1148 468
1148 956
1148 1020
1148 1084
1148 1212
1148 1276
1149 25
1149 957
1149 1021
1149 1085
1149 1187
1149 1213
1149 1277
1150 382
1150 821
1150 958
1150 1022
1150 1086
1150 1136
1150 1214
1150 1278
1151 568
1151 959
1151 1023
1151 1087
1151 1215
1151 1279
1152 85
1152 645
1152 960
1152 1024
1152 1088
1152 1216
1153 727
1153 927
1153 961
1153 1025
1153 1089
1153 1217
1154 178
1154 184
1154 232
1154 962
1154 1012
1154 1026
1154 1090
1154 1218
1155 404
1155 817
1155 963
1155 1027
1155 1091
1155 1219
1156 515
1156 964
1156 1028
1156 1092
1156 1220
1157 965
1157 1029
1157 1093
1157 1221
1158 28
1158 38
1158 75
1158 128
1158 146
1158 163
1158 198
1158 222
1158 267
1158 320
1158 330
1158 331
1158 348
1158 350
1158 352
1158 391
1158 412
1158 421
1158 422
1158 454
1158 457
1158 461
1158 463
1158 465
1158 544
1158 549
1158 550
1158 566
1158 576
1158 646
1158 653
1158 669
1158 713
1158 719
1158 721
1158 777
1158 781
1158 847
1158 866
1158 902
1158 934
1158 960
1158 966
1158 975
1158 989
1158 1001
1158 1030
1158 1037
1158 1041
1158 1094
1158 1101
1158 1117
1158 1124
1158 1165
1158 1167
1158 1188
1158 1216
1158 1222
1158 1234
1158 1246
1158 1250
1159 7
1159 15
1159 29
1159 36
1159 70
1159 71
1159 77
1159 93
1159 100
1159 145
1159 155
1159 164
1159 166
1159 199
1159 205
1159 206
1159 207
1159 209
1159 220
1159 221
1159 228
1159 262
1159 271
1159 273
1159 285
1159 326
1159 327
1159 333
1159 334
1159 335
1159 337
1159 349
1159 350
1159 356
1159 358
1159 390
1159 397
1159 398
1159 399
1159 401
1159 413
1159 420
1159 421
1159 461
1159 465
1159 518
1159 519
1159 525
1159 526
1159 527
1159 529
1159 541
1159 548
1159 550
1159 582
1159 583
1159 589
1159 590
1159 591
1159 593
1159 605
1159 606
1159 612
1159 647
1159 653
1159 654
1159 655
1159 657
1159 669
1159 676
1159 710
1159 717
1159 718
1159 719
1159 733
1159 775
1159 782
1159 783
1159 785
1159 797
1159 838
1159 839
1159 845
1159 846
1159 849
1159 861
1159 868
1159 902
1159 903
1159 909
1159 910
1159 911
1159 913
1159 925
1159 932
1159 966
1159 967
1159 973
1159 974
1159 975
1159 977
1159 989
1159 996
1159 1030
1159 1031
1159 1039
1159 1041
1159 1053
1159 1060
1159 1094
1159 1095
1159 1101
1159 1102
1159 1103
1159 1105
1159 1166
1159 1167
1159 1169
1159 1181
1159 1222
1159 1223
1159 1227
1159 1229
1159 1230
1159 1231
1159 1233
1159 1234
1159 1245
1159 1246
1159 1252
1160 456
1160 853
1160 862
1160 968
1160 1032
1160 1096
1160 1110
1160 1147
1160 1224
1161 9
1161 69
1161 137
1161 201
1161 265
1161 325
1161 393
1161 455
1161 517
1161 581
1161 649
1161 711
1161 774
1161 837
1161 905
1161 969
1161 1033
1161 1097
1161 1217
1161 1221
1161 1225
1162 970
1162 1034
1162 1098
1162 1226
1163 39
1163 284
1163 971
1163 1035
1163 1099
1163 1227
1163 1275
1164 148
1164 167
1164 524
1164 972
1164 1036
1164 1100
1164 1228
1165 38
1165 75
1165 146
1165 163
1165 222
1165 267
1165 320
1165 330
1165 331
1165 348
1165 352
1165 391
1165 406
1165 412
1165 415
1165 421
1165 422
1165 454
1165 457
1165 461
1165 463
1165 516
1165 544
1165 549
1165 566
1165 576
1165 646
1165 713
1165 719
1165 721
1165 777
1165 781
1165 847
1165 866
1165 934
1165 960
1165 973
1165 975
1165 989
1165 1001
1165 1037
1165 1041
1165 1094
1165 1101
1165 1117
1165 1124
1165 1158
1165 1188
1165 1216
1165 1229
1165 1246
1165 1250
1166 7
1166 13
1166 15
1166 29
1166 36
1166 71
1166 77
1166 93
1166 100
1166 135
1166 150
1166 155
1166 156
1166 164
1166 166
1166 199
1166 205
1166 206
1166 220
1166 221
1166 228
1166 262
1166 263
1166 271
1166 273
1166 285
1166 292
1166 326
1166 327
1166 333
1166 334
1166 335
1166 337
1166 349
1166 350
1166 356
1166 358
1166 390
1166 391
1166 397
1166 398
1166 399
1166 401
1166 413
1166 420
1166 421
1166 457
1166 461
1166 465
1166 518
1166 519
1166 525
1166 526
1166 527
1166 529
1166 541
1166 544
1166 548
1166 550
1166 582
1166 583
1166 589
1166 590
1166 591
1166 593
1166 605
1166 606
1166 612
1166 647
1166 653
1166 654
1166 655
1166 657
1166 669
1166 676
1166 710
1166 713
1166 717
1166 718
1166 719
1166 733
1166 775
1166 777
1166 782
1166 783
1166 785
1166 797
1166 838
1166 839
1166 845
1166 846
1166 849
1166 861
1166 868
1166 902
1166 903
1166 909
1166 910
1166 911
1166 913
1166 925
1166 932
1166 966
1166 967
1166 973
1166 974
1166 975
1166 977
1166 989
1166 996
1166 1030
1166 1031
1166 1037
1166 1038
1166 1039
1166 1041
1166 1053
1166 1060
1166 1094
1166 1095
1166 1101
1166 1102
1166 1103
1166 1105
1166 1159
1166 1167
1166 1169
1166 1181
1166 1222
1166 1223
1166 1227
1166 1229
1166 1230
1166 1231
1166 1233
1166 1234
1166 1245
1166 1246
1166 1252
1167 0
1167 6
1167 7
1167 13
1167 78
1167 135
1167 138
1167 150
1167 155
1167 156
1167 158
1167 202
1167 230
1167 262
1167 263
1167 292
1167 326
1167 327
1167 331
1167 333
1167 334
1167 335
1167 348
1167 349
1167 350
1167 352
1167 356
1167 358
1167 390
1167 391
1167 397
1167 399
1167 412
1167 413
1167 420
1167 421
1167 422
1167 454
1167 457
1167 461
1167 463
1167 465
1167 519
1167 526
1167 527
1167 529
1167 544
1167 550
1167 566
1167 576
1167 582
1167 583
1167 589
1167 590
1167 591
1167 593
1167 605
1167 606
1167 612
1167 646
1167 647
1167 653
1167 654
1167 655
1167 657
1167 669
1167 676
1167 710
1167 713
1167 717
1167 718
1167 719
1167 733
1167 777
1167 781
1167 783
1167 785
1167 797
1167 838
1167 839
1167 845
1167 846
1167 849
1167 861
1167 866
1167 868
1167 902
1167 903
1167 909
1167 910
1167 911
1167 913
1167 925
1167 932
1167 934
1167 966
1167 973
1167 974
1167 975
1167 977
1167 989
1167 996
1167 1030
1167 1031
1167 1037
1167 1039
1167 1041
1167 1053
1167 1060
1167 1094
1167 1095
1167 1101
1167 1102
1167 1103
1167 1105
1167 1124
1167 1158
1167 1159
1167 1166
1167 1169
1167 1181
1167 1188
1167 1216
1167 1222
1167 1223
1167 1227
1167 1229
1167 1230
1167 1231
1167 1233
1167 1234
1167 1246
1168 375
1168 976
1168 1040
1168 1104
1168 1232
1169 0
1169 7
1169 13
1169 36
1169 78
1169 135
1169 150
1169 155
1169 156
1169 158
1169 202
1169 205
1169 228
1169 262
1169 263
1169 271
1169 292
1169 326
1169 327
1169 333
1169 334
1169 335
1169 348
1169 349
1169 350
1169 352
1169 356
1169 358
1169 390
1169 391
1169 397
1169 398
1169 399
1169 401
1169 413
1169 420
1169 421
1169 457
1169 461
1169 463
1169 465
1169 518
1169 519
1169 526
1169 527
1169 529
1169 541
1169 544
1169 548
1169 550
1169 566
1169 582
1169 583
1169 589
1169 590
1169 591
1169 593
1169 605
1169 606
1169 612
1169 646
1169 647
1169 653
1169 654
1169 655
1169 657
1169 669
1169 676
1169 710
1169 713
1169 717
1169 718
1169 719
1169 733
1169 775
1169 777
1169 781
1169 782
1169 783
1169 785
1169 797
1169 838
1169 839
1169 845
1169 846
1169 849
1169 861
1169 868
1169 902
1169 903
1169 909
1169 910
1169 911
1169 913
1169 925
1169 932
1169 966
1169 967
1169 973
1169 974
1169 975
1169 977
1169 989
1169 996
1169 1030
1169 1031
1169 1037
1169 1039
1169 1041
1169 1053
1169 1060
1169 1094
1169 1095
1169 1101
1169 1102
1169 1103
1169 1105
1169 1124
1169 1159
1169 1166
1169 1167
1169 1181
1169 1222
1169 1223
1169 1227
1169 1229
1169 1230
1169 1231
1169 1233
1169 1234
1169 1245
1169 1246
1169 1252
1170 687
1170 953
1170 978
1170 1042
1170 1106
1170 1234
1171 183
1171 979
1171 985
1171 1043
1171 1107
1171 1235
1172 52
1172 760
1172 980
1172 1044
1172 1108
1172 1236
1172 1271
1173 981
1173 1045
1173 1109
1173 1125
1173 1237
1174 539
1174 982
1174 1046
1174 1110
1174 1238
1175 194
1175 983
1175 1047
1175 1111
1175 1239
1175 1263
1176 111
1176 728
1176 825
1176 984
1176 1048
1176 1112
1176 1240
1177 985
1177 1049
1177 1113
1177 1241
1178 107
1178 112
1178 764
1178 986
1178 1048
1178 1050
1178 1114
1178 1242
1179 678
1179 987
1179 1051
1179 1115
1179 1243
1180 383
1180 638
1180 988
1180 1052
1180 1116
1180 1208
1180 1244
1181 0
1181 6
1181 7
1181 13
1181 36
1181 78
1181 135
1181 150
1181 155
1181 156
1181 158
1181 202
1181 230
1181 262
1181 263
1181 271
1181 292
1181 326
1181 327
1181 333
1181 334
1181 335
1181 348
1181 349
1181 350
1181 352
1181 356
1181 358
1181 390
1181 391
1181 397
1181 398
1181 399
1181 401
1181 413
1181 420
1181 421
1181 454
1181 457
1181 461
1181 463
1181 465
1181 518
1181 519
1181 526
1181 527
1181 529
1181 544
1181 548
1181 550
1181 566
1181 582
1181 583
1181 589
1181 590
1181 591
1181 593
1181 605
1181 606
1181 612
1181 646
1181 647
1181 653
1181 654
1181 655
1181 657
1181 669
1181 676
1181 710
1181 713
1181 717
1181 718
1181 719
1181 733
1181 775
1181 777
1181 781
1181 782
1181 783
1181 785
1181 797
1181 838
1181 839
1181 845
1181 846
1181 849
1181 861
1181 866
1181 868
1181 902
1181 903
1181 909
1181 910
1181 911
1181 913
1181 925
1181 932
1181 966
1181 973
1181 974
1181 975
1181 977
1181 989
1181 996
1181 1030
1181 1031
1181 1037
1181 1039
1181 1041
1181 1053
1181 1060
1181 1094
1181 1095
1181 1101
1181 1102
1181 1103
1181 1105
1181 1117
1181 1124
1181 1159
1181 1166
1181 1167
1181 1169
1181 1188
1181 1216
1181 1222
1181 1223
1181 1227
1181 1229
1181 1230
1181 1231
1181 1233
1181 1234
1181 1245
1181 1246
1181 1252
1182 990
1182 1054
1182 1118
1182 1246
1183 951
1183 991
1183 1055
1183 1119
1183 1247
1184 229
1184 992
1184 1056
1184 1120
1184 1248
1185 237
1185 241
1185 277
1185 537
1185 993
1185 1057
1185 1121
1185 1249
1186 287
1186 994
1186 1058
1186 1122
1186 1250
1187 25
1187 995
1187 1059
1187 1123
1187 1149
1187 1251
1188 28
1188 38
1188 64
1188 91
1188 128
1188 146
1188 163
1188 182
1188 198
1188 222
1188 267
1188 320
1188 330
1188 331
1188 348
1188 350
1188 352
1188 358
1188 390
1188 391
1188 412
1188 421
1188 422
1188 454
1188 457
1188 461
1188 463
1188 465
1188 544
1188 549
1188 550
1188 566
1188 576
1188 646
1188 653
1188 669
1188 676
1188 713
1188 719
1188 721
1188 777
1188 781
1188 847
1188 866
1188 902
1188 911
1188 925
1188 934
1188 960
1188 966
1188 975
1188 989
1188 996
1188 1001
1188 1030
1188 1037
1188 1041
1188 1060
1188 1094
1188 1101
1188 1117
1188 1124
1188 1158
1188 1165
1188 1167
1188 1181
1188 1216
1188 1234
1188 1246
1188 1250
1188 1252
1189 336
1189 343
1189 997
1189 1061
1189 1125
1189 1253
1190 610
1190 737
1190 965
1190 998
1190 1062
1190 1126
1190 1254
1191 212
1191 249
1191 439
1191 999
1191 1063
1191 1127
1191 1255
1192 963
1192 1000
1192 1064
1192 1128
1192 1256
1193 1001
1193 1065
1193 1129
1193 1257
1194 433
1194 1002
1194 1066
1194 1130
1194 1258
1195 1003
1195 1067
1195 1131
1195 1259
1196 757
1196 919
1196 984
1196 1004
1196 1068
1196 1132
1196 1260
1197 481
1197 1005
1197 1069
1197 1133
1197 1261
1198 187
1198 428
1198 700
1198 892
1198 1006
1198 1070
1198 1078
1198 1134
1198 1239
1198 1262
1199 699
1199 1007
1199 1071
1199 1135
1199 1263
1200 507
1200 1008
1200 1072
1200 1136
1200 1264
1201 947
1201 1009
1201 1073
1201 1137
1201 1265
1202 648
1202 716
1202 1000
1202 1010
1202 1074
1202 1138
1202 1140
1202 1266
1203 427
1203 928
1203 1011
1203 1075
1203 1139
1203 1267
1204 789
1204 1012
1204 1076
1204 1140
1204 1259
1204 1268
1205 1013
1205 1077
1205 1141
1205 1269
1206 1014
1206 1078
1206 1142
1206 1270
1207 60
1207 474
1207 702
1207 1015
1207 1079
1207 1143
1207 1209
1207 1271
1208 383
1208 638
1208 1016
1208 1080
1208 1144
1208 1180
1208 1272
1209 60
1209 474
1209 702
1209 1017
1209 1081
1209 1145
1209 1207
1209 1273
1210 1018
1210 1082
1210 1146
1210 1274
1211 494
1211 746
1211 1019
1211 1080
1211 1083
1211 1147
1211 1275
1212 1020
1212 1084
1212 1148
1212 1276
1213 1021
1213 1085
1213 1149
1213 1277
1214 1022
1214 1086
1214 1150
1214 1278
1215 761
1215 1023
1215 1087
1215 1151
1215 1279
1216 28
1216 38
1216 64
1216 91
1216 128
1216 146
1216 163
1216 182
1216 198
1216 222
1216 267
1216 331
1216 348
1216 352
1216 390
1216 391
1216 412
1216 421
1216 422
1216 454
1216 457
1216 461
1216 463
1216 465
1216 544
1216 549
1216 550
1216 566
1216 576
1216 646
1216 653
1216 669
1216 676
1216 713
1216 719
1216 721
1216 777
1216 781
1216 847
1216 866
1216 902
1216 911
1216 925
1216 934
1216 960
1216 966
1216 975
1216 989
1216 1001
1216 1024
1216 1030
1216 1037
1216 1041
1216 1060
1216 1088
1216 1094
1216 1101
1216 1117
1216 1124
1216 1152
1216 1158
1216 1165
1216 1167
1216 1181
1216 1188
1216 1234
1216 1246
1216 1250
1217 9
1217 69
1217 137
1217 201
1217 265
1217 325
1217 393
1217 455
1217 517
1217 581
1217 649
1217 711
1217 774
1217 837
1217 905
1217 969
1217 1025
1217 1033
1217 1089
1217 1097
1217 1153
1217 1161
1217 1221
1218 33
1218 851
1218 1026
1218 1090
1218 1154
1219 24
1219 57
1219 552
1219 1027
1219 1091
1219 1155
1220 1028
1220 1092
1220 1156
1221 9
1221 69
1221 137
1221 201
1221 265
1221 325
1221 393
1221 455
1221 517
1221 581
1221 649
1221 711
1221 774
1221 837
1221 905
1221 969
1221 1029
1221 1033
1221 1093
1221 1097
1221 1157
1221 1161
1221 1217
1222 14
1222 15
1222 17
1222 29
1222 70
1222 77
1222 79
1222 81
1222 93
1222 134
1222 142
1222 143
1222 145
1222 157
1222 164
1222 199
1222 207
1222 209
1222 220
1222 221
1222 273
1222 285
1222 326
1222 327
1222 333
1222 335
1222 337
1222 349
1222 356
1222 390
1222 397
1222 398
1222 399
1222 401
1222 413
1222 420
1222 518
1222 519
1222 525
1222 526
1222 527
1222 529
1222 541
1222 548
1222 550
1222 582
1222 583
1222 589
1222 590
1222 591
1222 593
1222 605
1222 606
1222 612
1222 647
1222 654
1222 655
1222 657
1222 676
1222 710
1222 717
1222 718
1222 733
1222 775
1222 782
1222 783
1222 785
1222 797
1222 838
1222 839
1222 845
1222 846
1222 849
1222 861
1222 868
1222 903
1222 909
1222 910
1222 911
1222 913
1222 925
1222 932
1222 967
1222 973
1222 974
1222 977
1222 996
1222 1030
1222 1031
1222 1039
1222 1053
1222 1060
1222 1094
1222 1095
1222 1102
1222 1103
1222 1105
1222 1158
1222 1159
1222 1166
1222 1167
1222 1169
1222 1181
1222 1223
1222 1227
1222 1229
1222 1230
1222 1231
1222 1233
1222 1234
1222 1245
1222 1252
1223 14
1223 15
1223 17
1223 29
1223 70
1223 77
1223 79
1223 81
1223 93
1223 134
1223 142
1223 143
1223 145
1223 157
1223 164
1223 199
1223 207
1223 209
1223 221
1223 273
1223 285
1223 326
1223 327
1223 333
1223 335
1223 337
1223 349
1223 356
1223 390
1223 397
1223 398
1223 399
1223 401
1223 413
1223 420
1223 518
1223 519
1223 525
1223 526
1223 527
1223 529
1223 541
1223 548
1223 582
1223 583
1223 589
1223 590
1223 591
1223 593
1223 605
1223 606
1223 612
1223 647
1223 654
1223 655
1223 657
1223 676
1223 710
1223 717
1223 718
1223 733
1223 775
1223 782
1223 783
1223 785
1223 797
1223 838
1223 839
1223 845
1223 846
1223 849
1223 861
1223 868
1223 903
1223 909
1223 910
1223 911
1223 913
1223 925
1223 932
1223 967
1223 973
1223 974
1223 977
1223 996
1223 1031
1223 1039
1223 1053
1223 1060
1223 1095
1223 1102
1223 1103
1223 1105
1223 1159
1223 1166
1223 1167
1223 1169
1223 1181
1223 1222
1223 1227
1223 1229
1223 1230
1223 1231
1223 1233
1223 1245
1223 1252
1224 1032
1224 1096
1224 1160
1224 1225
1225 1033
1225 1097
1225 1161
1225 1224
1226 1034
1226 1098
1226 1162
1227 7
1227 13
1227 29
1227 36
1227 71
1227 77
1227 93
1227 100
1227 135
1227 150
1227 155
1227 156
1227 164
1227 166
1227 199
1227 205
1227 206
1227 220
1227 228
1227 262
1227 263
1227 271
1227 273
1227 285
1227 292
1227 334
1227 356
1227 358
1227 390
1227 391
1227 397
1227 398
1227 399
1227 401
1227 413
1227 420
1227 421
1227 457
1227 461
1227 465
1227 518
1227 519
1227 525
1227 526
1227 527
1227 529
1227 541
1227 544
1227 548
1227 550
1227 582
1227 583
1227 589
1227 590
1227 591
1227 593
1227 605
1227 606
1227 612
1227 647
1227 653
1227 654
1227 655
1227 657
1227 669
1227 676
1227 710
1227 713
1227 717
1227 718
1227 719
1227 733
1227 775
1227 777
1227 782
1227 783
1227 785
1227 797
1227 838
1227 839
1227 845
1227 846
1227 849
1227 861
1227 868
1227 902
1227 903
1227 909
1227 910
1227 911
1227 913
1227 925
1227 932
1227 966
1227 967
1227 973
1227 974
1227 975
1227 977
1227 989
1227 996
1227 1030
1227 1031
1227 1035
1227 1037
1227 1039
1227 1041
1227 1053
1227 1060
1227 1094
1227 1095
1227 1099
1227 1101
1227 1102
1227 1103
1227 1105
1227 1159
1227 1163
1227 1166
1227 1167
1227 1169
1227 1181
1227 1222
1227 1223
1227 1229
1227 1230
1227 1231
1227 1233
1227 1234
1227 1245
1227 1246
1227 1252
1228 322
1228 436
1228 1036
1228 1100
1228 1164
1229 14
1229 15
1229 17
1229 29
1229 70
1229 71
1229 77
1229 79
1229 81
1229 93
1229 100
1229 134
1229 142
1229 143
1229 145
1229 157
1229 164
1229 166
1229 199
1229 205
1229 206
1229 207
1229 209
1229 220
1229 221
1229 273
1229 285
1229 326
1229 327
1229 333
1229 335
1229 337
1229 349
1229 356
1229 390
1229 397
1229 398
1229 399
1229 401
1229 413
1229 420
1229 465
1229 518
1229 519
1229 525
1229 526
1229 527
1229 529
1229 541
1229 548
1229 550
1229 582
1229 583
1229 589
1229 590
1229 591
1229 593
1229 605
1229 606
1229 612
1229 647
1229 653
1229 654
1229 655
1229 657
1229 669
1229 676
1229 710
1229 717
1229 718
1229 733
1229 775
1229 782
1229 783
1229 785
1229 797
1229 838
1229 839
1229 845
1229 846
1229 849
1229 861
1229 868
1229 903
1229 909
1229 910
1229 911
1229 913
1229 925
1229 932
1229 966
1229 967
1229 973
1229 974
1229 977
1229 996
1229 1031
1229 1037
1229 1039
1229 1053
1229 1060
1229 1095
1229 1101
1229 1102
1229 1103
1229 1105
1229 1159
1229 1165
1229 1166
1229 1167
1229 1169
1229 1181
1229 1222
1229 1223
1229 1227
1229 1230
1229 1231
1229 1233
1229 1234
1229 1245
1229 1252
1230 0
1230 7
1230 13
1230 36
1230 78
1230 135
1230 150
1230 155
1230 156
1230 158
1230 202
1230 205
1230 228
1230 262
1230 263
1230 271
1230 292
1230 334
1230 350
1230 358
1230 390
1230 391
1230 397
1230 398
1230 399
1230 401
1230 413
1230 420
1230 421
1230 457
1230 461
1230 463
1230 465
1230 518
1230 519
1230 526
1230 527
1230 529
1230 541
1230 544
1230 548
1230 550
1230 566
1230 582
1230 583
1230 589
1230 590
1230 591
1230 593
1230 605
1230 606
1230 612
1230 646
1230 647
1230 653
1230 654
1230 655
1230 657
1230 669
1230 676
1230 710
1230 713
1230 717
1230 718
1230 719
1230 733
1230 775
1230 777
1230 781
1230 782
1230 783
1230 785
1230 797
1230 838
1230 839
1230 845
1230 846
1230 849
1230 861
1230 868
1230 902
1230 903
1230 909
1230 910
1230 911
1230 913
1230 925
1230 932
1230 966
1230 967
1230 973
1230 974
1230 975
1230 977
1230 989
1230 996
1230 1030
1230 1031
1230 1037
1230 1038
1230 1039
1230 1041
1230 1053
1230 1060
1230 1094
1230 1095
1230 1101
1230 1102
1230 1103
1230 1105
1230 1124
1230 1159
1230 1166
1230 1167
1230 1169
1230 1181
1230 1222
1230 1223
1230 1227
1230 1229
1230 1231
1230 1233
1230 1234
1230 1245
1230 1246
1230 1252
1231 14
1231 15
1231 17
1231 29
1231 70
1231 71
1231 77
1231 79
1231 81
1231 93
1231 100
1231 134
1231 142
1231 143
1231 145
1231 157
1231 164
1231 166
1231 199
1231 205
1231 206
1231 207
1231 209
1231 220
1231 221
1231 228
1231 271
1231 273
1231 285
1231 326
1231 327
1231 333
1231 335
1231 349
1231 356
1231 390
1231 397
1231 398
1231 399
1231 401
1231 413
1231 420
1231 465
1231 518
1231 519
1231 525
1231 526
1231 527
1231 529
1231 541
1231 548
1231 550
1231 582
1231 583
1231 589
1231 590
1231 591
1231 593
1231 605
1231 606
1231 612
1231 647
1231 653
1231 654
1231 655
1231 657
1231 669
1231 676
1231 710
1231 717
1231 718
1231 733
1231 775
1231 782
1231 783
1231 785
1231 797
1231 838
1231 839
1231 845
1231 846
1231 849
1231 861
1231 868
1231 902
1231 903
1231 909
1231 910
1231 911
1231 913
1231 925
1231 932
1231 966
1231 967
1231 973
1231 974
1231 977
1231 996
1231 1030
1231 1031
1231 1039
1231 1041
1231 1053
1231 1060
1231 1095
1231 1102
1231 1103
1231 1105
1231 1159
1231 1166
1231 1167
1231 1169
1231 1181
1231 1222
1231 1223
1231 1227
1231 1229
1231 1230
1231 1233
1231 1234
1231 1245
1231 1252
1232 613
1232 772
1232 799
1232 1040
1232 1104
1232 1168
1232 1247
1233 7
1233 15
1233 29
1233 36
1233 70
1233 71
1233 77
1233 93
1233 100
1233 145
1233 155
1233 164
1233 166
1233 199
1233 205
1233 206
1233 207
1233 209
1233 220
1233 221
1233 228
1233 262
1233 271
1233 273
1233 285
1233 326
1233 327
1233 333
1233 334
1233 335
1233 356
1233 390
1233 397
1233 398
1233 399
1233 401
1233 413
1233 420
1233 421
1233 461
1233 465
1233 518
1233 519
1233 525
1233 526
1233 527
1233 529
1233 541
1233 548
1233 550
1233 582
1233 583
1233 589
1233 590
1233 591
1233 593
1233 605
1233 606
1233 612
1233 647
1233 653
1233 654
1233 655
1233 657
1233 669
1233 676
1233 710
1233 717
1233 718
1233 733
1233 775
1233 782
1233 783
1233 785
1233 797
1233 838
1233 839
1233 845
1233 846
1233 849
1233 861
1233 868
1233 902
1233 903
1233 909
1233 910
1233 911
1233 913
1233 925
1233 932
1233 966
1233 967
1233 973
1233 974
1233 975
1233 977
1233 989
1233 996
1233 1030
1233 1031
1233 1039
1233 1041
1233 1053
1233 1060
1233 1094
1233 1095
1233 1101
1233 1102
1233 1103
1233 1105
1233 1159
1233 1166
1233 1167
1233 1169
1233 1181
1233 1222
1233 1223
1233 1227
1233 1229
1233 1230
1233 1231
1233 1234
1233 1245
1233 1246
1233 1252
1234 0
1234 6
1234 7
1234 13
1234 78
1234 135
1234 138
1234 150
1234 155
1234 156
1234 158
1234 202
1234 230
1234 262
1234 263
1234 292
1234 350
1234 358
1234 390
1234 391
1234 397
1234 399
1234 412
1234 413
1234 420
1234 421
1234 422
1234 454
1234 457
1234 461
1234 463
1234 465
1234 519
1234 526
1234 527
1234 529
1234 544
1234 550
1234 566
1234 576
1234 582
1234 583
1234 589
1234 590
1234 591
1234 593
1234 605
1234 606
1234 612
1234 646
1234 647
1234 653
1234 654
1234 655
1234 657
1234 669
1234 676
1234 710
1234 713
1234 717
1234 718
1234 719
1234 721
1234 733
1234 777
1234 781
1234 783
1234 785
1234 797
1234 838
1234 845
1234 846
1234 849
1234 861
1234 866
1234 868
1234 902
1234 903
1234 909
1234 910
1234 911
1234 913
1234 925
1234 932
1234 934
1234 966
1234 973
1234 974
1234 975
1234 977
1234 989
1234 996
1234 1030
1234 1031
1234 1037
1234 1039
1234 1041
1234 1042
1234 1053
1234 1060
1234 1094
1234 1095
1234 1101
1234 1102
1234 1103
1234 1105
1234 1106
1234 1124
1234 1158
1234 1159
1234 1166
1234 1167
1234 1169
1234 1170
1234 1181
1234 1188
1234 1216
1234 1222
1234 1227
1234 1229
1234 1230
1234 1231
1234 1233
1234 1246
1235 595
1235 738
1235 1043
1235 1107
1235 1171
1236 21
1236 1044
1236 1108
1236 1172
1237 233
1237 323
1237 786
1237 1045
1237 1109
1237 1173
1238 373
1238 394
1238 993
1238 1046
1238 1110
1238 1174
1238 1244
1239 187
1239 428
1239 700
1239 892
1239 1047
1239 1078
1239 1111
1239 1175
1239 1198
1240 175
1240 1048
1240 1112
1240 1176
1241 1049
1241 1113
1241 1177
1242 245
1242 608
1242 1050
1242 1114
1242 1178
1243 1051
1243 1115
1243 1179
1244 373
1244 394
1244 993
1244 1052
1244 1116
1244 1180
1244 1238
1245 14
1245 15
1245 17
1245 70
1245 79
1245 81
1245 93
1245 134
1245 141
1245 142
1245 143
1245 145
1245 157
1245 164
1245 199
1245 207
1245 209
1245 221
1245 273
1245 326
1245 327
1245 333
1245 335
1245 337
1245 349
1245 397
1245 398
1245 399
1245 401
1245 413
1245 420
1245 518
1245 519
1245 525
1245 526
1245 527
1245 529
1245 541
1245 548
1245 582
1245 583
1245 589
1245 590
1245 591
1245 593
1245 605
1245 606
1245 612
1245 647
1245 654
1245 655
1245 657
1245 676
1245 710
1245 717
1245 718
1245 733
1245 775
1245 782
1245 783
1245 785
1245 797
1245 838
1245 839
1245 845
1245 846
1245 849
1245 861
1245 868
1245 903
1245 909
1245 910
1245 911
1245 913
1245 925
1245 932
1245 967
1245 973
1245 974
1245 977
1245 996
1245 1031
1245 1039
1245 1053
1245 1060
1245 1095
1245 1102
1245 1103
1245 1105
1245 1117
1245 1159
1245 1166
1245 1169
1245 1181
1245 1222
1245 1223
1245 1227
1245 1229
1245 1230
1245 1231
1245 1233
1245 1252
1246 0
1246 6
1246 64
1246 78
1246 91
1246 128
1246 138
1246 158
1246 182
1246 202
1246 230
1246 348
1246 350
1246 390
1246 391
1246 397
1246 399
1246 412
1246 413
1246 420
1246 421
1246 422
1246 454
1246 457
1246 461
1246 463
1246 465
1246 526
1246 527
1246 544
1246 550
1246 566
1246 576
1246 583
1246 589
1246 591
1246 593
1246 612
1246 646
1246 647
1246 653
1246 654
1246 655
1246 657
1246 669
1246 676
1246 710
1246 713
1246 718
1246 719
1246 721
1246 733
1246 777
1246 781
1246 783
1246 785
1246 838
1246 845
1246 846
1246 847
1246 861
1246 866
1246 868
1246 902
1246 909
1246 910
1246 911
1246 913
1246 925
1246 932
1246 934
1246 966
1246 973
1246 974
1246 975
1246 989
1246 1001
1246 1030
1246 1031
1246 1037
1246 1039
1246 1041
1246 1053
1246 1054
1246 1060
1246 1094
1246 1101
1246 1103
1246 1105
1246 1117
1246 1118
1246 1124
1246 1158
1246 1159
1246 1165
1246 1166
1246 1167
1246 1169
1246 1181
1246 1182
1246 1188
1246 1216
1246 1227
1246 1230
1246 1233
1246 1234
1247 613
1247 772
1247 799
1247 1055
1247 1119
1247 1183
1247 1232
1248 346
1248 632
1248 1043
1248 1056
1248 1120
1248 1184
1248 1257
1249 310
1249 714
1249 1057
1249 1121
1249 1185
1250 38
1250 75
1250 132
1250 139
1250 163
1250 320
1250 330
1250 406
1250 412
1250 414
1250 415
1250 422
1250 454
1250 463
1250 516
1250 543
1250 549
1250 566
1250 576
1250 646
1250 713
1250 721
1250 781
1250 847
1250 866
1250 934
1250 960
1250 1001
1250 1058
1250 1117
1250 1122
1250 1124
1250 1158
1250 1165
1250 1186
1250 1188
1250 1216
1251 1059
1251 1123
1251 1187
1252 14
1252 15
1252 17
1252 70
1252 79
1252 81
1252 93
1252 134
1252 141
1252 142
1252 143
1252 145
1252 157
1252 164
1252 199
1252 207
1252 209
1252 221
1252 273
1252 326
1252 327
1252 333
1252 335
1252 337
1252 349
1252 397
1252 398
1252 399
1252 401
1252 413
1252 420
1252 518
1252 519
1252 525
1252 526
1252 527
1252 529
1252 541
1252 548
1252 582
1252 583
1252 589
1252 590
1252 591
1252 593
1252 605
1252 606
1252 612
1252 647
1252 654
1252 655
1252 657
1252 710
1252 717
1252 718
1252 733
1252 775
1252 782
1252 783
1252 785
1252 797
1252 838
1252 839
1252 845
1252 846
1252 849
1252 861
1252 868
1252 903
1252 909
1252 910
1252 911
1252 913
1252 925
1252 932
1252 967
1252 973
1252 974
1252 977
1252 996
1252 1031
1252 1039
1252 1053
1252 1060
1252 1095
1252 1102
1252 1103
1252 1105
1252 1124
1252 1159
1252 1166
1252 1169
1252 1181
1252 1188
1252 1222
1252 1223
1252 1227
1252 1229
1252 1230
1252 1231
1252 1233
1252 1245
1253 109
1253 302
1253 1061
1253 1125
1253 1189
1254 745
1254 1062
1254 1126
1254 1190
1255 1063
1255 1127
1255 1191
1256 625
1256 665
1256 1064
1256 1128
1256 1192
1257 346
1257 632
1257 1043
1257 1065
1257 1129
1257 1193
1257 1248
1258 1066
1258 1130
1258 1194
1259 789
1259 1067
1259 1131
1259 1195
1259 1204
1260 1068
1260 1132
1260 1196
1261 562
1261 1069
1261 1096
1261 1133
1261 1197
1262 1070
1262 1134
1262 1198
1263 194
1263 1071
1263 1135
1263 1175
1263 1199
1264 125
1264 498
1264 601
1264 1072
1264 1136
1264 1200
1265 1073
1265 1137
1265 1201
1266 66
1266 89
1266 1074
1266 1138
1266 1202
1267 1075
1267 1139
1267 1203
1268 1076
1268 1140
1268 1204
1269 1046
1269 1077
1269 1141
1269 1205
1270 68
1270 1078
1270 1142
1270 1206
1271 52
1271 760
1271 1079
1271 1143
1271 1172
1271 1207
1272 299
1272 954
1272 1080
1272 1144
1272 1208
1273 1047
1273 1081
1273 1145
1273 1209
1274 49
1274 637
1274 940
1274 1082
1274 1146
1274 1210
1275 39
1275 284
1275 1083
1275 1147
1275 1163
1275 1211
1276 441
1276 485
1276 1084
1276 1148
1276 1212
1277 639
1277 957
1277 1085
1277 1149
1277 1213
1278 56
1278 729
1278 1075
1278 1086
1278 1150
1278 1214
1279 377
1279 596
1279 1087
1279 1151
1279 1215
