0 64
0 128
0 192
0 588
0 948
1 65
1 129
1 193
1 521
1 1089
2 66
2 130
2 194
2 313
2 409
2 1070
3 5
3 6
3 17
3 54
3 67
3 69
3 70
3 81
3 131
3 134
3 142
3 143
3 182
3 193
3 195
3 207
3 214
3 246
3 257
3 262
3 270
3 271
3 278
3 286
3 294
3 296
3 310
3 323
3 325
3 326
3 337
3 374
3 387
3 389
3 390
3 438
3 453
3 454
3 462
3 463
3 477
3 478
3 502
3 515
3 517
3 518
3 526
3 529
3 566
3 577
3 579
3 590
3 591
3 598
3 603
3 605
3 645
3 653
3 657
3 707
3 709
3 710
3 758
3 769
3 771
3 773
3 774
3 782
3 783
3 788
3 797
3 798
3 806
3 837
3 838
3 846
3 847
3 849
3 886
3 911
3 965
3 966
3 989
3 1038
3 1039
3 1046
3 1093
3 1094
3 1102
3 1155
3 1158
3 1169
3 1206
3 1221
3 1222
4 68
4 132
4 196
4 979
5 3
5 6
5 11
5 17
5 54
5 67
5 69
5 70
5 75
5 77
5 81
5 131
5 133
5 134
5 142
5 143
5 145
5 182
5 193
5 195
5 197
5 198
5 206
5 207
5 209
5 246
5 257
5 259
5 261
5 262
5 270
5 271
5 273
5 278
5 286
5 294
5 310
5 325
5 326
5 331
5 333
5 337
5 387
5 389
5 390
5 397
5 401
5 438
5 453
5 454
5 463
5 465
5 502
5 515
5 517
5 518
5 523
5 525
5 529
5 566
5 579
5 581
5 582
5 590
5 591
5 593
5 598
5 630
5 651
5 653
5 657
5 707
5 709
5 710
5 715
5 717
5 721
5 769
5 771
5 773
5 774
5 782
5 783
5 785
5 788
5 797
5 806
5 822
5 837
5 838
5 843
5 845
5 846
5 847
5 849
5 886
5 899
5 901
5 902
5 910
5 911
5 925
5 950
5 966
5 977
5 1027
5 1029
5 1030
5 1054
5 1078
5 1099
5 1105
5 1142
5 1157
5 1169
5 1233
6 3
6 5
6 17
6 54
6 67
6 69
6 70
6 77
6 81
6 131
6 133
6 134
6 142
6 143
6 145
6 182
6 193
6 195
6 197
6 198
6 206
6 207
6 246
6 257
6 261
6 262
6 270
6 271
6 278
6 286
6 294
6 310
6 325
6 326
6 331
6 333
6 337
6 387
6 389
6 390
6 401
6 438
6 453
6 454
6 463
6 465
6 478
6 502
6 515
6 517
6 518
6 525
6 526
6 529
6 566
6 577
6 579
6 581
6 582
6 590
6 591
6 598
6 603
6 605
6 630
6 645
6 651
6 653
6 657
6 707
6 709
6 710
6 717
6 721
6 769
6 771
6 773
6 774
6 782
6 783
6 788
6 797
6 798
6 806
6 837
6 838
6 845
6 846
6 847
6 849
6 886
6 899
6 902
6 910
6 911
6 925
6 950
6 965
6 966
6 1027
6 1030
6 1046
6 1099
6 1102
6 1105
6 1142
6 1157
6 1169
6 1222
6 1233
7 71
7 135
7 199
7 201
7 265
7 327
7 391
7 457
7 519
7 583
7 647
7 713
7 775
7 839
7 903
7 967
7 1031
7 1095
7 1159
7 1223
8 72
8 136
8 200
9 73
9 137
9 201
10 74
10 138
10 202
11 5
11 13
11 17
11 75
11 77
11 81
11 131
11 133
11 139
11 141
11 145
11 195
11 197
11 198
11 203
11 205
11 206
11 207
11 209
11 246
11 257
11 259
11 261
11 262
11 267
11 269
11 270
11 273
11 310
11 331
11 333
11 337
11 389
11 390
11 395
11 397
11 401
11 453
11 454
11 459
11 461
11 465
11 517
11 523
11 525
11 529
11 579
11 581
11 582
11 587
11 589
11 593
11 630
11 651
11 653
11 709
11 715
11 717
11 721
11 771
11 773
11 774
11 779
11 781
11 782
11 785
11 797
11 822
11 843
11 845
11 849
11 907
11 909
11 913
11 971
11 973
11 1035
11 1037
11 1041
11 1101
11 1165
11 1227
12 76
12 140
12 204
12 1171
13 11
13 17
13 75
13 77
13 81
13 131
13 133
13 139
13 141
13 145
13 195
13 197
13 198
13 203
13 205
13 206
13 209
13 259
13 261
13 262
13 267
13 269
13 270
13 273
13 310
13 331
13 333
13 337
13 389
13 395
13 397
13 401
13 453
13 459
13 461
13 465
13 517
13 523
13 525
13 529
13 579
13 581
13 582
13 587
13 589
13 593
13 630
13 651
13 653
13 709
13 715
13 717
13 721
13 771
13 773
13 779
13 781
13 785
13 797
13 822
13 843
13 845
13 849
13 907
13 909
13 913
13 971
13 973
13 1035
13 1037
13 1041
13 1101
13 1165
14 78
14 142
14 206
15 79
15 143
15 207
15 669
15 978
16 80
16 144
16 208
16 1242
17 3
17 5
17 6
17 11
17 13
17 54
17 69
17 70
17 75
17 77
17 81
17 131
17 133
17 134
17 139
17 141
17 142
17 143
17 145
17 182
17 193
17 195
17 197
17 198
17 206
17 207
17 209
17 246
17 257
17 259
17 261
17 262
17 270
17 271
17 273
17 294
17 310
17 325
17 326
17 331
17 333
17 337
17 387
17 389
17 390
17 395
17 397
17 401
17 438
17 453
17 454
17 459
17 461
17 465
17 515
17 517
17 518
17 523
17 525
17 529
17 566
17 579
17 581
17 582
17 589
17 591
17 593
17 598
17 630
17 651
17 653
17 707
17 709
17 710
17 715
17 717
17 721
17 769
17 771
17 773
17 774
17 782
17 783
17 785
17 788
17 797
17 806
17 822
17 837
17 843
17 845
17 846
17 849
17 886
17 901
17 902
17 910
17 950
17 977
17 1027
17 1029
17 1030
17 1054
17 1078
17 1099
17 1105
17 1157
17 1163
17 1229
17 1233
18 82
18 146
18 210
18 658
18 936
18 1090
19 83
19 147
19 211
19 547
19 708
19 1187
20 84
20 148
20 212
20 280
20 535
20 695
21 85
21 149
21 213
21 338
21 407
21 1071
22 86
22 150
22 214
23 87
23 151
23 215
23 693
23 756
24 80
24 88
24 152
24 216
24 366
24 1003
25 89
25 153
25 217
25 681
25 1116
26 90
26 154
26 218
26 1199
27 91
27 155
27 219
27 594
28 92
28 156
28 220
29 93
29 157
29 221
29 392
30 94
30 158
30 222
30 905
30 1091
31 95
31 159
31 223
31 1112
31 1175
32 96
32 160
32 224
32 1164
33 97
33 161
33 225
33 239
33 545
34 98
34 162
34 226
34 471
35 99
35 163
35 227
36 100
36 164
36 179
36 228
37 101
37 165
37 229
37 240
37 882
38 102
38 166
38 230
39 103
39 105
39 167
39 231
39 249
40 104
40 168
40 232
40 723
41 105
41 169
41 233
41 1253
42 106
42 170
42 173
42 234
42 495
43 107
43 171
43 235
44 103
44 108
44 172
44 236
44 408
44 564
44 893
44 1261
45 109
45 121
45 173
45 237
45 1009
45 1114
45 1144
46 110
46 174
46 238
46 376
46 434
47 84
47 111
47 175
47 239
47 674
47 720
47 761
48 112
48 176
48 240
48 307
48 322
48 538
49 113
49 177
49 241
50 85
50 114
50 178
50 242
50 884
51 115
51 125
51 179
51 243
52 112
52 116
52 180
52 244
52 319
53 117
53 181
53 245
53 624
53 706
54 3
54 5
54 6
54 17
54 67
54 69
54 70
54 118
54 134
54 142
54 143
54 150
54 182
54 193
54 207
54 214
54 246
54 257
54 271
54 278
54 286
54 294
54 296
54 323
54 325
54 326
54 337
54 374
54 387
54 389
54 390
54 438
54 451
54 454
54 462
54 463
54 477
54 478
54 502
54 515
54 517
54 518
54 526
54 566
54 577
54 579
54 590
54 591
54 598
54 603
54 605
54 645
54 657
54 707
54 709
54 710
54 758
54 769
54 774
54 782
54 783
54 788
54 797
54 798
54 806
54 837
54 838
54 846
54 847
54 886
54 897
54 965
54 989
54 1014
54 1038
54 1039
54 1046
54 1093
54 1094
54 1102
54 1155
54 1158
54 1206
54 1221
54 1222
55 108
55 119
55 183
55 247
55 660
55 1240
56 120
56 184
56 248
57 121
57 185
57 217
57 249
58 122
58 186
58 250
58 252
58 351
58 352
58 912
59 123
59 187
59 251
59 636
59 666
59 1215
60 62
60 124
60 188
60 252
60 569
61 125
61 189
61 253
62 60
62 126
62 190
62 254
62 569
63 127
63 191
63 255
63 765
64 0
64 104
64 128
64 192
64 256
64 898
64 921
65 1
65 79
65 129
65 193
65 257
65 1034
66 2
66 130
66 144
66 188
66 194
66 258
66 962
66 1241
67 3
67 5
67 6
67 54
67 69
67 70
67 131
67 134
67 142
67 143
67 150
67 182
67 193
67 195
67 207
67 214
67 246
67 257
67 259
67 271
67 278
67 286
67 294
67 296
67 323
67 325
67 326
67 374
67 387
67 390
67 438
67 451
67 454
67 462
67 463
67 477
67 478
67 502
67 515
67 518
67 526
67 566
67 577
67 590
67 591
67 598
67 603
67 605
67 645
67 657
67 707
67 710
67 758
67 769
67 774
67 782
67 783
67 788
67 798
67 806
67 837
67 838
67 846
67 847
67 886
67 897
67 899
67 910
67 911
67 925
67 950
67 989
67 1014
67 1038
67 1039
67 1093
67 1094
67 1155
67 1158
67 1206
67 1219
67 1221
68 4
68 132
68 196
68 260
68 1060
69 3
69 5
69 6
69 17
69 54
69 67
69 70
69 77
69 81
69 131
69 133
69 134
69 142
69 143
69 145
69 182
69 193
69 195
69 197
69 198
69 206
69 207
69 214
69 246
69 257
69 261
69 262
69 270
69 271
69 278
69 286
69 294
69 310
69 325
69 326
69 331
69 333
69 337
69 387
69 389
69 390
69 401
69 438
69 453
69 454
69 463
69 465
69 478
69 502
69 515
69 517
69 518
69 526
69 529
69 566
69 577
69 579
69 581
69 582
69 590
69 591
69 598
69 603
69 605
69 630
69 645
69 651
69 653
69 657
69 707
69 709
69 710
69 721
69 769
69 771
69 773
69 774
69 782
69 783
69 788
69 797
69 798
69 806
69 837
69 838
69 846
69 847
69 849
69 886
69 897
69 899
69 901
69 902
69 910
69 911
69 913
69 925
69 950
69 965
69 966
69 1027
69 1046
69 1099
69 1102
69 1105
69 1142
69 1157
69 1169
69 1222
69 1233
70 3
70 5
70 6
70 17
70 54
70 67
70 69
70 81
70 134
70 142
70 143
70 182
70 193
70 198
70 207
70 214
70 246
70 257
70 262
70 270
70 271
70 278
70 286
70 294
70 296
70 310
70 323
70 325
70 326
70 337
70 374
70 387
70 389
70 390
70 438
70 451
70 453
70 454
70 462
70 463
70 477
70 478
70 502
70 515
70 517
70 518
70 526
70 566
70 577
70 579
70 590
70 591
70 598
70 603
70 605
70 645
70 657
70 707
70 709
70 710
70 758
70 769
70 771
70 773
70 774
70 782
70 783
70 788
70 797
70 798
70 806
70 837
70 838
70 846
70 847
70 849
70 886
70 897
70 899
70 901
70 902
70 910
70 911
70 925
70 950
70 965
70 966
70 989
70 1038
70 1039
70 1046
70 1093
70 1094
70 1102
70 1155
70 1158
70 1206
70 1221
70 1222
71 7
71 135
71 199
71 201
71 263
71 265
71 327
71 391
71 457
71 519
71 583
71 647
71 713
71 775
71 839
71 903
71 967
71 1031
71 1095
71 1159
71 1223
72 8
72 136
72 200
72 264
72 311
72 479
73 9
73 137
73 156
73 201
73 265
74 10
74 138
74 202
74 266
74 552
74 987
75 5
75 11
75 13
75 17
75 77
75 81
75 131
75 133
75 134
75 139
75 141
75 145
75 182
75 195
75 197
75 198
75 203
75 205
75 206
75 207
75 209
75 246
75 257
75 259
75 261
75 262
75 267
75 269
75 270
75 273
75 310
75 325
75 331
75 333
75 337
75 389
75 390
75 395
75 397
75 401
75 438
75 453
75 454
75 459
75 461
75 465
75 517
75 523
75 525
75 529
75 566
75 579
75 581
75 582
75 587
75 589
75 591
75 593
75 598
75 630
75 651
75 653
75 709
75 715
75 717
75 721
75 771
75 773
75 774
75 779
75 781
75 782
75 783
75 785
75 797
75 822
75 843
75 845
75 849
75 886
75 901
75 902
75 907
75 909
75 910
75 913
75 925
75 950
75 971
75 973
75 1035
75 1037
75 1041
75 1101
75 1165
75 1227
75 1229
76 12
76 140
76 204
76 268
77 5
77 6
77 11
77 13
77 17
77 69
77 75
77 81
77 131
77 133
77 134
77 139
77 141
77 145
77 182
77 193
77 195
77 197
77 198
77 203
77 205
77 206
77 207
77 209
77 246
77 257
77 259
77 261
77 262
77 267
77 269
77 270
77 273
77 294
77 310
77 325
77 331
77 333
77 337
77 389
77 390
77 395
77 397
77 401
77 438
77 453
77 454
77 459
77 461
77 465
77 515
77 517
77 523
77 525
77 529
77 566
77 579
77 581
77 582
77 587
77 589
77 591
77 593
77 598
77 630
77 651
77 653
77 709
77 710
77 715
77 717
77 721
77 771
77 773
77 774
77 779
77 781
77 782
77 783
77 785
77 788
77 797
77 822
77 837
77 843
77 845
77 849
77 886
77 899
77 901
77 902
77 907
77 909
77 910
77 911
77 913
77 925
77 950
77 971
77 973
77 977
77 1029
77 1035
77 1037
77 1041
77 1078
77 1101
77 1163
77 1165
77 1227
77 1229
78 14
78 142
78 150
78 206
78 270
78 398
78 451
78 462
78 486
78 643
78 646
78 809
78 835
78 854
78 914
78 918
78 926
78 963
78 1246
79 15
79 65
79 143
79 207
79 271
79 1034
80 16
80 24
80 144
80 208
80 272
80 366
80 1003
81 3
81 5
81 6
81 11
81 13
81 17
81 69
81 70
81 75
81 77
81 131
81 133
81 134
81 139
81 141
81 142
81 143
81 145
81 182
81 193
81 195
81 197
81 198
81 206
81 207
81 209
81 246
81 257
81 259
81 261
81 262
81 270
81 271
81 273
81 294
81 310
81 325
81 326
81 331
81 333
81 337
81 387
81 389
81 390
81 395
81 397
81 401
81 438
81 453
81 454
81 459
81 461
81 465
81 515
81 517
81 518
81 523
81 525
81 529
81 566
81 579
81 581
81 582
81 589
81 591
81 593
81 598
81 630
81 651
81 653
81 707
81 709
81 710
81 715
81 717
81 721
81 769
81 771
81 773
81 774
81 779
81 782
81 783
81 785
81 788
81 797
81 822
81 837
81 843
81 845
81 849
81 886
81 899
81 901
81 902
81 907
81 909
81 910
81 911
81 913
81 925
81 950
81 971
81 977
81 1029
81 1030
81 1054
81 1078
81 1099
81 1105
81 1157
81 1163
81 1227
81 1229
82 18
82 146
82 210
82 274
82 489
82 612
83 19
83 147
83 211
83 275
83 855
84 20
84 47
84 148
84 212
84 276
84 674
84 720
84 761
85 21
85 50
85 149
85 213
85 277
85 884
86 22
86 150
86 214
86 278
87 23
87 151
87 215
87 279
87 629
87 792
87 954
88 24
88 152
88 216
88 280
88 372
89 25
89 153
89 217
89 281
89 377
90 26
90 154
90 218
90 282
91 27
91 155
91 219
91 283
92 28
92 156
92 220
92 284
92 503
92 512
93 29
93 157
93 221
93 285
94 30
94 158
94 222
94 286
94 609
94 850
94 1179
95 31
95 159
95 223
95 287
95 1010
95 1244
96 32
96 160
96 224
96 288
96 548
97 33
97 161
97 225
97 289
98 34
98 162
98 226
98 290
98 386
98 482
98 1064
99 35
99 163
99 227
99 291
99 1210
100 36
100 164
100 228
100 292
100 497
100 818
101 37
101 165
101 229
101 293
101 346
101 410
101 827
102 38
102 166
102 230
102 294
102 1100
103 39
103 44
103 167
103 231
103 295
103 408
103 564
103 893
103 1261
104 40
104 64
104 168
104 232
104 296
104 898
104 921
105 39
105 41
105 169
105 233
105 249
105 297
106 42
106 170
106 234
106 298
107 43
107 171
107 235
107 299
108 44
108 55
108 172
108 236
108 300
108 660
108 1240
109 45
109 173
109 237
109 301
110 46
110 174
110 238
110 302
110 1211
111 47
111 175
111 239
111 303
111 592
111 644
111 1109
112 48
112 52
112 176
112 240
112 304
112 319
113 49
113 177
113 241
113 305
113 877
114 50
114 178
114 242
114 306
114 825
114 1021
115 51
115 179
115 243
115 307
116 52
116 180
116 244
116 291
116 308
116 312
116 430
116 831
117 53
117 181
117 245
117 309
117 676
117 885
118 54
118 137
118 182
118 246
118 310
119 55
119 183
119 247
119 311
120 56
120 184
120 248
120 312
121 45
121 57
121 185
121 249
121 313
121 1009
121 1114
121 1144
122 58
122 186
122 250
122 314
123 59
123 187
123 251
123 315
124 60
124 188
124 252
124 316
124 412
124 450
125 51
125 61
125 189
125 253
125 317
126 62
126 190
126 191
126 254
126 318
126 570
126 639
126 691
127 63
127 191
127 255
127 319
127 895
128 0
128 64
128 192
128 256
128 279
128 320
129 1
129 65
129 193
129 257
129 321
130 2
130 66
130 194
130 258
130 322
131 3
131 5
131 6
131 11
131 13
131 17
131 67
131 69
131 75
131 77
131 81
131 133
131 134
131 139
131 141
131 142
131 143
131 145
131 182
131 193
131 195
131 197
131 198
131 206
131 207
131 209
131 246
131 257
131 259
131 261
131 262
131 270
131 271
131 273
131 294
131 310
131 323
131 325
131 331
131 333
131 337
131 387
131 389
131 390
131 395
131 397
131 401
131 438
131 453
131 454
131 459
131 461
131 465
131 515
131 517
131 518
131 523
131 525
131 529
131 566
131 579
131 581
131 582
131 589
131 591
131 593
131 598
131 630
131 651
131 653
131 707
131 709
131 710
131 715
131 717
131 721
131 769
131 771
131 773
131 774
131 779
131 782
131 783
131 785
131 788
131 797
131 822
131 837
131 843
131 845
131 849
131 886
131 899
131 901
131 902
131 907
131 909
131 910
131 911
131 913
131 925
131 950
131 965
131 966
131 971
131 973
131 977
131 1029
131 1030
131 1054
131 1078
131 1105
131 1157
131 1163
131 1227
131 1229
132 4
132 68
132 196
132 260
132 302
132 324
133 5
133 6
133 11
133 13
133 17
133 69
133 75
133 77
133 81
133 131
133 134
133 139
133 141
133 145
133 182
133 193
133 195
133 197
133 198
133 203
133 205
133 206
133 207
133 209
133 246
133 257
133 259
133 261
133 262
133 267
133 269
133 270
133 273
133 294
133 310
133 325
133 331
133 333
133 337
133 387
133 389
133 390
133 395
133 397
133 401
133 438
133 453
133 454
133 459
133 461
133 465
133 515
133 517
133 518
133 523
133 525
133 529
133 566
133 579
133 581
133 582
133 587
133 589
133 591
133 593
133 598
133 630
133 651
133 653
133 709
133 710
133 715
133 717
133 721
133 771
133 773
133 774
133 779
133 781
133 782
133 783
133 785
133 788
133 797
133 822
133 837
133 843
133 845
133 849
133 886
133 899
133 901
133 902
133 907
133 909
133 910
133 911
133 913
133 925
133 950
133 965
133 966
133 971
133 973
133 977
133 1029
133 1035
133 1037
133 1041
133 1054
133 1078
133 1101
133 1163
133 1165
133 1227
133 1229
134 3
134 5
134 6
134 17
134 54
134 67
134 69
134 70
134 75
134 77
134 81
134 131
134 133
134 142
134 143
134 145
134 182
134 193
134 195
134 197
134 198
134 206
134 207
134 246
134 257
134 261
134 262
134 270
134 271
134 278
134 286
134 294
134 310
134 325
134 326
134 331
134 333
134 337
134 387
134 389
134 390
134 401
134 438
134 453
134 454
134 463
134 465
134 478
134 502
134 515
134 517
134 518
134 525
134 526
134 529
134 566
134 577
134 579
134 581
134 582
134 590
134 591
134 598
134 605
134 630
134 645
134 651
134 653
134 657
134 707
134 709
134 710
134 717
134 721
134 769
134 771
134 773
134 774
134 782
134 783
134 788
134 797
134 798
134 806
134 837
134 838
134 845
134 846
134 847
134 849
134 886
134 897
134 899
134 901
134 902
134 910
134 911
134 913
134 925
134 950
134 965
134 966
134 971
134 977
134 989
134 1014
134 1027
134 1030
134 1046
134 1054
134 1099
134 1102
134 1105
134 1142
134 1157
134 1169
134 1233
135 7
135 71
135 199
135 201
135 263
135 265
135 327
135 391
135 457
135 519
135 583
135 647
135 713
135 775
135 839
135 903
135 967
135 1031
135 1095
135 1159
135 1223
136 8
136 72
136 200
136 264
136 328
137 9
137 73
137 118
137 201
137 265
137 329
138 10
138 74
138 202
138 266
138 330
138 342
139 11
139 13
139 17
139 75
139 77
139 81
139 131
139 133
139 141
139 145
139 195
139 197
139 198
139 203
139 205
139 206
139 209
139 259
139 261
139 262
139 267
139 269
139 270
139 273
139 310
139 331
139 333
139 389
139 395
139 397
139 401
139 453
139 459
139 461
139 465
139 523
139 525
139 529
139 581
139 582
139 587
139 589
139 593
139 630
139 651
139 653
139 715
139 717
139 721
139 771
139 773
139 779
139 781
139 785
139 822
139 843
139 845
139 849
139 901
139 907
139 909
139 913
139 971
139 973
139 977
139 1037
140 12
140 76
140 204
140 268
140 332
140 996
140 1124
141 11
141 13
141 17
141 75
141 77
141 81
141 131
141 133
141 139
141 145
141 195
141 197
141 198
141 203
141 205
141 206
141 209
141 259
141 261
141 262
141 267
141 269
141 270
141 273
141 310
141 331
141 333
141 337
141 389
141 395
141 397
141 401
141 453
141 459
141 461
141 465
141 523
141 525
141 529
141 581
141 582
141 587
141 589
141 593
141 630
141 651
141 653
141 709
141 715
141 717
141 721
141 771
141 773
141 779
141 781
141 785
141 797
141 822
141 843
141 845
141 849
141 901
141 902
141 907
141 909
141 913
141 971
141 973
141 977
141 1035
141 1037
141 1041
141 1101
141 1165
142 3
142 5
142 6
142 14
142 17
142 54
142 67
142 69
142 70
142 78
142 81
142 131
142 134
142 143
142 182
142 193
142 206
142 207
142 214
142 246
142 257
142 262
142 270
142 271
142 278
142 286
142 294
142 296
142 310
142 325
142 326
142 334
142 337
142 374
142 387
142 389
142 390
142 438
142 453
142 454
142 463
142 477
142 478
142 502
142 515
142 517
142 518
142 526
142 529
142 566
142 577
142 579
142 582
142 590
142 591
142 598
142 603
142 605
142 630
142 645
142 653
142 657
142 707
142 709
142 710
142 758
142 769
142 771
142 773
142 774
142 782
142 783
142 788
142 797
142 798
142 806
142 837
142 838
142 846
142 847
142 849
142 886
142 897
142 899
142 901
142 902
142 910
142 911
142 925
142 950
142 965
142 966
142 977
142 989
142 1014
142 1038
142 1039
142 1046
142 1093
142 1094
142 1102
142 1142
142 1155
142 1158
142 1169
142 1206
142 1221
142 1222
143 3
143 5
143 6
143 15
143 17
143 54
143 67
143 69
143 70
143 79
143 81
143 131
143 134
143 142
143 182
143 193
143 195
143 198
143 207
143 214
143 246
143 257
143 262
143 270
143 271
143 278
143 286
143 294
143 296
143 310
143 325
143 326
143 333
143 335
143 337
143 374
143 387
143 389
143 390
143 438
143 453
143 454
143 463
143 478
143 502
143 515
143 517
143 518
143 526
143 529
143 566
143 577
143 579
143 582
143 590
143 591
143 598
143 603
143 605
143 630
143 645
143 653
143 657
143 707
143 709
143 710
143 758
143 769
143 771
143 773
143 774
143 782
143 783
143 788
143 797
143 798
143 806
143 837
143 838
143 846
143 847
143 849
143 886
143 897
143 899
143 901
143 902
143 910
143 911
143 925
143 950
143 965
143 966
143 977
143 989
143 1014
143 1038
143 1039
143 1046
143 1093
143 1094
143 1102
143 1142
143 1158
143 1169
143 1206
143 1221
143 1222
144 16
144 66
144 80
144 188
144 208
144 272
144 336
144 962
144 1241
145 5
145 6
145 11
145 13
145 17
145 69
145 75
145 77
145 81
145 131
145 133
145 134
145 139
145 141
145 182
145 195
145 197
145 198
145 203
145 205
145 206
145 207
145 209
145 246
145 257
145 259
145 261
145 262
145 267
145 269
145 270
145 273
145 310
145 325
145 331
145 333
145 337
145 389
145 390
145 395
145 397
145 401
145 438
145 453
145 454
145 459
145 461
145 465
145 515
145 517
145 523
145 525
145 529
145 566
145 579
145 581
145 582
145 587
145 589
145 591
145 593
145 598
145 630
145 651
145 653
145 709
145 710
145 715
145 717
145 721
145 771
145 773
145 774
145 779
145 781
145 782
145 783
145 785
145 788
145 797
145 822
145 837
145 843
145 845
145 849
145 886
145 899
145 901
145 902
145 907
145 909
145 910
145 913
145 925
145 950
145 971
145 973
145 977
145 1035
145 1037
145 1041
145 1101
145 1163
145 1165
145 1227
145 1229
146 18
146 82
146 210
146 274
146 338
146 641
147 19
147 83
147 211
147 275
147 339
147 1160
148 20
148 84
148 212
148 276
148 340
148 1205
149 21
149 85
149 213
149 277
149 341
149 532
150 22
150 54
150 67
150 78
150 86
150 214
150 278
150 286
150 296
150 323
150 342
150 374
150 451
150 462
150 463
150 477
150 478
150 486
150 502
150 526
150 577
150 590
150 603
150 605
150 643
150 645
150 646
150 657
150 758
150 798
150 806
150 835
150 838
150 846
150 847
150 854
150 897
150 975
150 989
150 1014
150 1174
150 1231
151 23
151 87
151 215
151 279
151 343
151 649
151 672
152 24
152 88
152 216
152 280
152 344
153 25
153 89
153 217
153 281
153 300
153 345
153 1079
154 26
154 90
154 185
154 218
154 282
154 346
155 27
155 91
155 219
155 283
155 347
155 777
156 28
156 73
156 92
156 220
156 284
156 348
157 29
157 93
157 221
157 285
157 349
158 30
158 94
158 222
158 286
158 350
158 1068
159 31
159 95
159 223
159 287
159 351
159 804
160 32
160 96
160 224
160 288
160 352
161 33
161 97
161 225
161 289
161 353
161 994
162 34
162 98
162 226
162 228
162 290
162 354
162 596
163 35
163 99
163 227
163 291
163 355
163 474
164 36
164 100
164 228
164 292
164 356
165 37
165 101
165 229
165 293
165 357
166 38
166 102
166 230
166 294
166 358
166 1062
167 39
167 103
167 231
167 295
167 341
167 348
167 359
168 40
168 104
168 232
168 296
168 360
168 456
169 41
169 105
169 233
169 297
169 306
169 361
169 739
169 1234
170 42
170 106
170 234
170 298
170 362
171 43
171 107
171 235
171 299
171 363
171 819
172 44
172 108
172 236
172 300
172 364
173 42
173 45
173 109
173 237
173 301
173 365
173 495
174 46
174 110
174 238
174 302
174 366
174 419
174 439
175 47
175 111
175 239
175 303
175 367
175 935
176 48
176 112
176 240
176 304
176 368
176 423
176 642
176 1208
177 49
177 113
177 241
177 293
177 305
177 369
177 770
178 50
178 114
178 242
178 306
178 370
179 36
179 51
179 115
179 243
179 307
179 371
180 52
180 116
180 244
180 308
180 372
180 558
180 815
180 983
181 53
181 117
181 245
181 309
181 373
181 1040
182 3
182 5
182 6
182 17
182 54
182 67
182 69
182 70
182 75
182 77
182 81
182 118
182 131
182 133
182 134
182 142
182 143
182 145
182 193
182 195
182 197
182 198
182 206
182 207
182 246
182 257
182 259
182 261
182 262
182 270
182 271
182 278
182 286
182 294
182 310
182 325
182 326
182 331
182 333
182 337
182 374
182 387
182 389
182 390
182 401
182 438
182 453
182 454
182 463
182 465
182 478
182 502
182 515
182 517
182 518
182 525
182 529
182 566
182 577
182 579
182 581
182 582
182 590
182 591
182 598
182 605
182 630
182 645
182 651
182 653
182 657
182 707
182 709
182 710
182 717
182 721
182 769
182 771
182 773
182 774
182 782
182 783
182 788
182 797
182 798
182 806
182 837
182 838
182 845
182 846
182 847
182 849
182 886
182 897
182 899
182 901
182 902
182 910
182 911
182 913
182 925
182 950
182 965
182 966
182 971
182 977
182 989
182 1014
182 1027
182 1030
182 1046
182 1054
182 1099
182 1102
182 1105
182 1142
182 1157
182 1169
182 1233
183 55
183 119
183 247
183 311
183 375
183 820
184 56
184 120
184 248
184 312
184 376
184 743
184 878
184 958
184 1132
184 1198
185 57
185 121
185 154
185 249
185 313
185 377
186 58
186 122
186 250
186 314
186 378
186 1267
187 59
187 123
187 251
187 315
187 359
187 379
187 750
187 826
187 1017
187 1168
187 1277
188 60
188 66
188 124
188 144
188 252
188 316
188 380
188 962
188 1241
189 61
189 125
189 253
189 317
189 381
189 1218
190 62
190 126
190 254
190 318
190 382
190 472
190 536
190 661
191 63
191 126
191 127
191 255
191 319
191 383
191 570
191 639
191 691
192 0
192 64
192 128
192 256
192 320
192 384
193 1
193 3
193 5
193 6
193 17
193 54
193 65
193 67
193 69
193 70
193 77
193 81
193 129
193 131
193 133
193 134
193 142
193 143
193 182
193 195
193 197
193 198
193 206
193 207
193 214
193 246
193 257
193 262
193 270
193 271
193 278
193 286
193 294
193 296
193 310
193 321
193 325
193 326
193 333
193 337
193 374
193 385
193 387
193 389
193 390
193 401
193 438
193 453
193 454
193 463
193 478
193 502
193 515
193 517
193 518
193 526
193 529
193 566
193 577
193 579
193 582
193 590
193 591
193 598
193 603
193 605
193 630
193 645
193 653
193 657
193 707
193 709
193 710
193 721
193 758
193 769
193 771
193 773
193 774
193 782
193 783
193 788
193 797
193 798
193 806
193 837
193 838
193 846
193 847
193 849
193 886
193 897
193 899
193 901
193 902
193 910
193 911
193 925
193 950
193 965
193 966
193 977
193 989
193 1014
193 1027
193 1029
193 1030
193 1038
193 1039
193 1046
193 1054
193 1078
193 1093
193 1099
193 1102
193 1142
193 1158
193 1169
193 1206
193 1222
193 1233
194 2
194 66
194 130
194 258
194 290
194 322
194 386
195 3
195 5
195 6
195 11
195 13
195 17
195 67
195 69
195 75
195 77
195 81
195 131
195 133
195 134
195 139
195 141
195 143
195 145
195 182
195 193
195 197
195 198
195 203
195 205
195 206
195 207
195 209
195 246
195 257
195 259
195 261
195 262
195 267
195 269
195 270
195 273
195 294
195 310
195 323
195 325
195 331
195 333
195 337
195 387
195 389
195 390
195 395
195 397
195 401
195 438
195 453
195 454
195 459
195 461
195 465
195 515
195 517
195 518
195 523
195 525
195 529
195 566
195 579
195 581
195 582
195 587
195 589
195 591
195 593
195 598
195 630
195 651
195 653
195 709
195 710
195 715
195 717
195 721
195 769
195 771
195 773
195 774
195 779
195 781
195 782
195 783
195 785
195 788
195 797
195 822
195 837
195 843
195 845
195 849
195 886
195 899
195 901
195 902
195 907
195 909
195 910
195 911
195 913
195 925
195 950
195 965
195 966
195 971
195 973
195 977
195 1027
195 1029
195 1030
195 1035
195 1037
195 1041
195 1046
195 1054
195 1078
195 1101
195 1105
195 1163
195 1165
195 1227
195 1229
196 4
196 68
196 132
196 260
196 324
196 350
196 388
197 5
197 6
197 11
197 13
197 17
197 69
197 75
197 77
197 81
197 131
197 133
197 134
197 139
197 141
197 145
197 182
197 193
197 195
197 198
197 203
197 205
197 206
197 207
197 209
197 246
197 257
197 259
197 261
197 262
197 267
197 269
197 270
197 273
197 294
197 310
197 325
197 331
197 333
197 337
197 387
197 389
197 390
197 395
197 397
197 401
197 438
197 453
197 454
197 459
197 461
197 465
197 515
197 517
197 518
197 523
197 525
197 529
197 566
197 579
197 581
197 582
197 587
197 589
197 591
197 593
197 598
197 630
197 651
197 653
197 709
197 710
197 715
197 717
197 721
197 771
197 773
197 774
197 779
197 781
197 782
197 783
197 785
197 788
197 797
197 822
197 837
197 843
197 845
197 849
197 886
197 899
197 901
197 902
197 907
197 909
197 910
197 911
197 913
197 925
197 950
197 965
197 966
197 971
197 973
197 977
197 1027
197 1029
197 1030
197 1035
197 1037
197 1041
197 1046
197 1054
197 1078
197 1101
197 1163
197 1165
197 1227
197 1229
198 5
198 6
198 11
198 13
198 17
198 69
198 70
198 75
198 77
198 81
198 131
198 133
198 134
198 139
198 141
198 143
198 145
198 182
198 193
198 195
198 197
198 203
198 205
198 206
198 207
198 209
198 246
198 257
198 259
198 261
198 262
198 267
198 269
198 270
198 273
198 294
198 310
198 325
198 326
198 331
198 333
198 337
198 387
198 389
198 390
198 395
198 397
198 401
198 438
198 453
198 454
198 459
198 461
198 465
198 515
198 517
198 518
198 523
198 525
198 529
198 566
198 579
198 581
198 582
198 587
198 589
198 591
198 593
198 598
198 630
198 651
198 653
198 709
198 710
198 715
198 717
198 721
198 769
198 771
198 773
198 774
198 779
198 781
198 782
198 783
198 785
198 788
198 797
198 822
198 837
198 843
198 845
198 849
198 886
198 899
198 901
198 902
198 907
198 909
198 910
198 911
198 913
198 925
198 950
198 965
198 966
198 971
198 973
198 977
198 1027
198 1029
198 1030
198 1035
198 1037
198 1041
198 1046
198 1054
198 1078
198 1101
198 1105
198 1163
198 1165
198 1227
198 1229
199 7
199 71
199 135
199 263
199 327
199 391
200 8
200 72
200 136
200 264
200 328
200 392
201 7
201 9
201 71
201 73
201 135
201 137
201 265
201 327
201 329
201 391
201 393
201 457
201 519
201 583
201 647
201 713
201 775
201 839
201 903
201 967
201 1031
201 1095
201 1159
201 1223
202 10
202 74
202 138
202 266
202 330
202 394
202 527
203 11
203 13
203 75
203 77
203 133
203 139
203 141
203 145
203 195
203 197
203 198
203 205
203 206
203 209
203 259
203 261
203 267
203 269
203 273
203 331
203 333
203 395
203 397
203 401
203 459
203 461
203 465
203 523
203 525
203 581
203 582
203 587
203 589
203 593
203 630
203 651
203 715
203 717
203 721
203 779
203 781
203 785
203 822
203 843
203 845
203 907
203 909
203 913
203 971
203 973
203 1035
203 1037
203 1041
204 12
204 76
204 140
204 268
204 332
204 396
204 544
204 736
205 11
205 13
205 75
205 77
205 133
205 139
205 141
205 145
205 195
205 197
205 198
205 203
205 206
205 209
205 259
205 261
205 267
205 269
205 273
205 331
205 333
205 395
205 397
205 401
205 459
205 461
205 465
205 523
205 525
205 581
205 582
205 587
205 589
205 593
205 630
205 651
205 715
205 717
205 721
205 779
205 781
205 785
205 822
205 843
205 845
205 907
205 909
205 913
205 971
205 973
205 1035
205 1037
205 1041
206 5
206 6
206 11
206 13
206 14
206 17
206 69
206 75
206 77
206 78
206 81
206 131
206 133
206 134
206 139
206 141
206 142
206 145
206 182
206 193
206 195
206 197
206 198
206 203
206 205
206 207
206 209
206 246
206 257
206 259
206 261
206 262
206 267
206 269
206 270
206 273
206 294
206 310
206 325
206 331
206 333
206 334
206 337
206 387
206 389
206 390
206 395
206 397
206 398
206 401
206 438
206 453
206 454
206 459
206 461
206 465
206 515
206 517
206 518
206 523
206 525
206 529
206 566
206 579
206 581
206 582
206 587
206 589
206 591
206 593
206 598
206 630
206 651
206 653
206 709
206 710
206 715
206 717
206 721
206 771
206 773
206 774
206 779
206 781
206 782
206 783
206 785
206 788
206 797
206 822
206 837
206 843
206 845
206 849
206 886
206 899
206 901
206 902
206 907
206 909
206 910
206 911
206 913
206 925
206 950
206 965
206 966
206 971
206 973
206 977
206 1027
206 1029
206 1030
206 1035
206 1037
206 1041
206 1046
206 1054
206 1078
206 1101
206 1163
206 1165
206 1227
206 1229
207 3
207 5
207 6
207 11
207 15
207 17
207 54
207 67
207 69
207 70
207 75
207 77
207 79
207 81
207 131
207 133
207 134
207 142
207 143
207 145
207 182
207 193
207 195
207 197
207 198
207 206
207 209
207 246
207 257
207 259
207 261
207 262
207 270
207 271
207 278
207 286
207 294
207 310
207 325
207 326
207 331
207 333
207 335
207 337
207 387
207 389
207 390
207 397
207 399
207 401
207 438
207 453
207 454
207 463
207 465
207 502
207 515
207 517
207 518
207 525
207 529
207 566
207 579
207 581
207 582
207 590
207 591
207 593
207 598
207 630
207 651
207 653
207 657
207 707
207 709
207 710
207 715
207 717
207 721
207 769
207 771
207 773
207 774
207 782
207 783
207 785
207 788
207 797
207 806
207 822
207 837
207 838
207 843
207 845
207 846
207 847
207 849
207 886
207 899
207 901
207 902
207 909
207 910
207 911
207 913
207 925
207 950
207 965
207 966
207 971
207 973
207 977
207 989
207 1027
207 1029
207 1030
207 1035
207 1037
207 1038
207 1039
207 1041
207 1046
207 1054
207 1078
207 1099
207 1102
207 1105
207 1142
207 1157
207 1169
207 1233
208 16
208 80
208 144
208 272
208 336
208 400
209 5
209 11
209 13
209 17
209 75
209 77
209 81
209 131
209 133
209 139
209 141
209 145
209 195
209 197
209 198
209 203
209 205
209 206
209 207
209 246
209 257
209 259
209 261
209 262
209 267
209 269
209 270
209 273
209 310
209 331
209 333
209 337
209 389
209 390
209 395
209 397
209 401
209 453
209 454
209 459
209 461
209 465
209 517
209 523
209 525
209 529
209 579
209 581
209 582
209 587
209 589
209 593
209 630
209 651
209 653
209 709
209 715
209 717
209 721
209 771
209 773
209 774
209 779
209 781
209 782
209 785
209 797
209 822
209 843
209 845
209 849
209 901
209 902
209 907
209 909
209 910
209 913
209 950
209 971
209 973
209 977
209 1027
209 1029
209 1030
209 1035
209 1037
209 1041
209 1054
209 1078
209 1101
209 1165
209 1227
210 18
210 82
210 146
210 274
210 338
210 402
211 19
211 83
211 147
211 275
211 339
211 403
212 20
212 84
212 148
212 276
212 340
212 404
213 21
213 85
213 149
213 277
213 341
213 405
214 3
214 22
214 54
214 67
214 69
214 70
214 86
214 142
214 143
214 150
214 193
214 271
214 278
214 286
214 294
214 296
214 323
214 326
214 342
214 374
214 387
214 406
214 451
214 462
214 463
214 477
214 478
214 502
214 515
214 518
214 526
214 577
214 590
214 603
214 605
214 645
214 657
214 707
214 710
214 758
214 769
214 788
214 798
214 806
214 837
214 838
214 846
214 847
214 897
214 899
214 911
214 965
214 966
214 975
214 989
214 1014
214 1038
214 1039
214 1046
214 1094
214 1155
214 1174
214 1219
214 1221
215 23
215 87
215 151
215 279
215 343
215 407
216 24
216 88
216 152
216 280
216 316
216 340
216 344
216 408
216 953
216 1049
216 1271
217 25
217 57
217 89
217 153
217 281
217 345
217 409
218 26
218 90
218 154
218 282
218 324
218 346
218 410
218 516
219 27
219 91
219 155
219 283
219 347
219 411
219 992
220 28
220 92
220 156
220 284
220 348
220 412
221 29
221 93
221 157
221 285
221 288
221 349
221 413
222 30
222 94
222 158
222 286
222 350
222 414
222 1230
223 31
223 95
223 159
223 287
223 351
223 415
224 32
224 96
224 160
224 288
224 352
224 416
224 684
225 33
225 97
225 161
225 289
225 353
225 417
226 34
226 98
226 162
226 290
226 354
226 418
226 1207
227 35
227 99
227 163
227 291
227 355
227 357
227 419
228 36
228 100
228 162
228 164
228 292
228 356
228 420
228 596
229 37
229 101
229 165
229 293
229 357
229 421
229 872
230 38
230 102
230 166
230 294
230 358
230 422
230 928
231 39
231 103
231 167
231 295
231 320
231 359
231 423
231 578
231 640
232 40
232 104
232 168
232 296
232 360
232 424
232 1194
233 41
233 105
233 169
233 297
233 361
233 425
233 1237
234 42
234 106
234 170
234 298
234 362
234 426
235 43
235 107
235 171
235 299
235 363
235 427
235 1259
236 44
236 108
236 172
236 300
236 364
236 428
236 490
236 557
237 45
237 109
237 173
237 301
237 365
237 429
237 896
237 1129
237 1170
238 46
238 110
238 174
238 302
238 366
238 430
238 537
238 540
239 33
239 47
239 111
239 175
239 303
239 367
239 431
239 545
240 37
240 48
240 112
240 176
240 304
240 368
240 432
240 882
241 49
241 113
241 177
241 305
241 369
241 433
241 1152
242 50
242 114
242 178
242 305
242 306
242 370
242 434
243 51
243 115
243 179
243 307
243 371
243 435
244 52
244 116
244 180
244 308
244 372
244 436
244 610
245 53
245 117
245 181
245 309
245 373
245 437
245 601
246 3
246 5
246 6
246 11
246 17
246 54
246 67
246 69
246 70
246 75
246 77
246 81
246 118
246 131
246 133
246 134
246 142
246 143
246 145
246 182
246 193
246 195
246 197
246 198
246 206
246 207
246 209
246 257
246 259
246 261
246 262
246 270
246 271
246 273
246 278
246 286
246 294
246 310
246 325
246 326
246 331
246 333
246 337
246 374
246 387
246 389
246 390
246 397
246 401
246 438
246 453
246 454
246 463
246 465
246 502
246 515
246 517
246 518
246 523
246 525
246 529
246 566
246 579
246 581
246 582
246 590
246 591
246 593
246 598
246 630
246 651
246 653
246 657
246 707
246 709
246 710
246 715
246 717
246 721
246 769
246 771
246 773
246 774
246 782
246 783
246 785
246 788
246 797
246 806
246 822
246 837
246 838
246 843
246 845
246 846
246 847
246 849
246 886
246 899
246 901
246 902
246 909
246 910
246 911
246 913
246 925
246 950
246 965
246 966
246 971
246 973
246 977
246 989
246 1027
246 1029
246 1030
246 1035
246 1037
246 1038
246 1039
246 1041
246 1046
246 1054
246 1078
246 1099
246 1105
246 1142
246 1157
246 1169
246 1233
247 55
247 119
247 183
247 282
247 311
247 375
247 439
247 1220
248 56
248 120
248 184
248 312
248 376
248 440
249 39
249 57
249 105
249 121
249 185
249 313
249 377
249 441
250 58
250 122
250 186
250 314
250 317
250 378
250 442
251 59
251 123
251 187
251 315
251 379
251 443
251 981
252 58
252 60
252 124
252 188
252 316
252 351
252 352
252 380
252 444
252 912
253 61
253 125
253 189
253 317
253 381
253 445
253 665
253 986
253 1047
253 1173
253 1178
254 62
254 126
254 190
254 318
254 382
254 446
255 63
255 127
255 191
255 319
255 383
255 447
255 1191
256 64
256 128
256 192
256 320
256 384
256 448
257 3
257 5
257 6
257 11
257 17
257 54
257 65
257 67
257 69
257 70
257 75
257 77
257 81
257 129
257 131
257 133
257 134
257 142
257 143
257 145
257 182
257 193
257 195
257 197
257 198
257 206
257 207
257 209
257 246
257 259
257 261
257 262
257 270
257 271
257 278
257 286
257 294
257 310
257 321
257 325
257 326
257 331
257 333
257 337
257 385
257 387
257 389
257 390
257 397
257 401
257 438
257 449
257 453
257 454
257 463
257 465
257 502
257 515
257 517
257 518
257 525
257 529
257 566
257 579
257 581
257 582
257 590
257 591
257 593
257 598
257 630
257 651
257 653
257 657
257 707
257 709
257 710
257 715
257 717
257 721
257 769
257 771
257 773
257 774
257 782
257 783
257 785
257 788
257 797
257 806
257 822
257 837
257 838
257 843
257 845
257 846
257 847
257 849
257 886
257 897
257 899
257 901
257 902
257 909
257 910
257 911
257 913
257 925
257 950
257 965
257 966
257 971
257 973
257 977
257 989
257 1027
257 1029
257 1030
257 1035
257 1037
257 1038
257 1039
257 1041
257 1046
257 1054
257 1078
257 1093
257 1094
257 1099
257 1101
257 1102
257 1105
257 1142
257 1157
257 1169
257 1233
258 66
258 130
258 194
258 322
258 386
258 450
258 484
258 615
258 1201
259 5
259 11
259 13
259 17
259 67
259 75
259 77
259 81
259 131
259 133
259 139
259 141
259 145
259 182
259 195
259 197
259 198
259 203
259 205
259 206
259 207
259 209
259 246
259 257
259 261
259 262
259 267
259 269
259 270
259 273
259 310
259 323
259 325
259 331
259 333
259 337
259 387
259 389
259 390
259 395
259 397
259 401
259 451
259 453
259 454
259 459
259 461
259 465
259 517
259 523
259 525
259 529
259 566
259 579
259 581
259 582
259 587
259 589
259 591
259 593
259 630
259 651
259 653
259 709
259 715
259 717
259 721
259 771
259 773
259 774
259 779
259 781
259 782
259 783
259 785
259 797
259 822
259 843
259 845
259 849
259 886
259 901
259 902
259 907
259 909
259 910
259 913
259 925
259 950
259 971
259 973
259 977
259 1027
259 1029
259 1030
259 1035
259 1037
259 1041
259 1054
259 1078
259 1099
259 1101
259 1105
259 1165
259 1227
259 1229
260 68
260 132
260 196
260 324
260 388
260 452
260 904
261 5
261 6
261 11
261 13
261 17
261 69
261 75
261 77
261 81
261 131
261 133
261 134
261 139
261 141
261 145
261 182
261 195
261 197
261 198
261 203
261 205
261 206
261 207
261 209
261 246
261 257
261 259
261 262
261 267
261 269
261 270
261 273
261 310
261 325
261 331
261 333
261 337
261 389
261 390
261 395
261 397
261 401
261 438
261 453
261 454
261 459
261 461
261 465
261 517
261 523
261 525
261 529
261 566
261 579
261 581
261 582
261 587
261 589
261 591
261 593
261 598
261 630
261 651
261 653
261 709
261 715
261 717
261 721
261 771
261 773
261 774
261 779
261 781
261 782
261 783
261 785
261 797
261 822
261 843
261 845
261 849
261 886
261 899
261 901
261 902
261 907
261 909
261 910
261 913
261 925
261 950
261 971
261 973
261 977
261 1027
261 1029
261 1030
261 1035
261 1037
261 1041
261 1054
261 1078
261 1099
261 1101
261 1105
261 1163
261 1165
261 1227
261 1229
262 3
262 5
262 6
262 11
262 13
262 17
262 69
262 70
262 75
262 77
262 81
262 131
262 133
262 134
262 139
262 141
262 142
262 143
262 145
262 182
262 193
262 195
262 197
262 198
262 206
262 207
262 209
262 246
262 257
262 259
262 261
262 270
262 271
262 273
262 294
262 310
262 325
262 326
262 331
262 333
262 337
262 387
262 389
262 390
262 395
262 397
262 401
262 438
262 453
262 454
262 459
262 461
262 465
262 515
262 517
262 518
262 523
262 525
262 529
262 566
262 579
262 581
262 582
262 589
262 591
262 593
262 598
262 630
262 651
262 653
262 707
262 709
262 710
262 715
262 717
262 721
262 769
262 771
262 773
262 774
262 782
262 783
262 785
262 788
262 797
262 822
262 837
262 843
262 845
262 849
262 886
262 899
262 901
262 902
262 907
262 909
262 910
262 911
262 913
262 925
262 950
262 965
262 966
262 971
262 973
262 977
262 989
262 1027
262 1029
262 1030
262 1035
262 1037
262 1038
262 1039
262 1041
262 1046
262 1054
262 1078
262 1093
262 1099
262 1101
262 1102
262 1105
262 1142
262 1157
262 1163
262 1227
262 1229
262 1233
263 71
263 135
263 199
263 327
263 391
263 455
264 72
264 136
264 200
264 328
264 392
264 456
265 7
265 71
265 73
265 135
265 137
265 201
265 327
265 329
265 391
265 393
265 457
265 519
265 583
265 647
265 713
265 775
265 839
265 903
265 967
265 1031
265 1095
265 1159
265 1223
266 74
266 138
266 202
266 330
266 394
266 458
266 1056
267 11
267 13
267 75
267 77
267 133
267 139
267 141
267 145
267 195
267 197
267 198
267 203
267 205
267 206
267 209
267 259
267 261
267 269
267 273
267 331
267 333
267 395
267 397
267 401
267 459
267 461
267 465
267 523
267 525
267 581
267 587
267 589
267 593
267 630
267 651
267 715
267 717
267 721
267 779
267 781
267 785
267 822
267 843
267 845
267 907
267 909
267 913
267 971
267 973
267 1035
267 1037
267 1041
267 1101
268 76
268 140
268 204
268 332
268 396
268 460
268 862
269 11
269 13
269 75
269 77
269 133
269 139
269 141
269 145
269 195
269 197
269 198
269 203
269 205
269 206
269 209
269 259
269 261
269 267
269 273
269 331
269 333
269 395
269 397
269 401
269 459
269 461
269 465
269 523
269 525
269 581
269 582
269 587
269 589
269 593
269 630
269 651
269 715
269 717
269 721
269 779
269 781
269 785
269 822
269 843
269 845
269 907
269 909
269 913
269 971
269 973
269 1035
269 1037
269 1041
269 1101
270 3
270 5
270 6
270 11
270 13
270 17
270 69
270 70
270 75
270 77
270 78
270 81
270 131
270 133
270 134
270 139
270 141
270 142
270 143
270 145
270 182
270 193
270 195
270 197
270 198
270 206
270 207
270 209
270 246
270 257
270 259
270 261
270 262
270 271
270 273
270 294
270 310
270 325
270 326
270 331
270 333
270 334
270 337
270 387
270 389
270 390
270 395
270 397
270 398
270 401
270 438
270 453
270 454
270 459
270 461
270 462
270 465
270 515
270 517
270 518
270 523
270 525
270 529
270 566
270 579
270 581
270 582
270 589
270 591
270 593
270 598
270 630
270 651
270 653
270 707
270 709
270 710
270 715
270 717
270 721
270 769
270 771
270 773
270 774
270 779
270 782
270 783
270 785
270 788
270 797
270 822
270 837
270 843
270 845
270 849
270 886
270 899
270 901
270 902
270 907
270 909
270 910
270 911
270 913
270 925
270 950
270 965
270 966
270 971
270 973
270 977
270 989
270 1027
270 1029
270 1030
270 1035
270 1037
270 1041
270 1046
270 1054
270 1078
270 1093
270 1099
270 1101
270 1102
270 1105
270 1142
270 1157
270 1163
270 1227
270 1229
271 3
271 5
271 6
271 17
271 54
271 67
271 69
271 70
271 79
271 81
271 131
271 134
271 142
271 143
271 182
271 193
271 207
271 214
271 246
271 257
271 262
271 270
271 278
271 286
271 294
271 296
271 310
271 323
271 325
271 326
271 335
271 337
271 374
271 387
271 389
271 390
271 399
271 438
271 453
271 454
271 462
271 463
271 477
271 478
271 502
271 515
271 517
271 518
271 526
271 529
271 566
271 577
271 579
271 590
271 591
271 598
271 603
271 605
271 645
271 653
271 657
271 707
271 709
271 710
271 758
271 769
271 771
271 773
271 774
271 782
271 783
271 788
271 797
271 798
271 806
271 837
271 838
271 846
271 847
271 849
271 886
271 897
271 899
271 901
271 902
271 910
271 911
271 925
271 950
271 965
271 966
271 977
271 989
271 1014
271 1027
271 1029
271 1030
271 1038
271 1039
271 1046
271 1054
271 1078
271 1093
271 1094
271 1099
271 1102
271 1105
271 1142
271 1155
271 1158
271 1169
271 1206
271 1221
271 1222
272 80
272 144
272 208
272 336
272 400
272 464
272 485
272 619
272 1250
273 5
273 11
273 13
273 17
273 75
273 77
273 81
273 131
273 133
273 139
273 141
273 145
273 195
273 197
273 198
273 203
273 205
273 206
273 209
273 246
273 259
273 261
273 262
273 267
273 269
273 270
273 310
273 331
273 333
273 337
273 389
273 395
273 397
273 401
273 453
273 459
273 461
273 465
273 517
273 523
273 525
273 529
273 579
273 581
273 582
273 587
273 589
273 593
273 630
273 651
273 653
273 709
273 715
273 717
273 721
273 771
273 773
273 779
273 781
273 785
273 797
273 822
273 843
273 845
273 849
273 901
273 902
273 907
273 909
273 913
273 971
273 973
273 977
273 1029
273 1030
273 1035
273 1037
273 1041
273 1054
273 1078
273 1101
273 1105
273 1165
274 82
274 146
274 210
274 338
274 402
274 466
275 83
275 147
275 211
275 339
275 403
275 467
275 667
276 84
276 148
276 212
276 340
276 404
276 468
277 85
277 149
277 213
277 341
277 405
277 469
278 3
278 5
278 6
278 54
278 67
278 69
278 70
278 86
278 134
278 142
278 143
278 150
278 182
278 193
278 207
278 214
278 246
278 257
278 271
278 286
278 294
278 296
278 323
278 325
278 326
278 337
278 342
278 374
278 387
278 389
278 390
278 406
278 438
278 451
278 454
278 462
278 463
278 470
278 477
278 478
278 502
278 515
278 517
278 518
278 526
278 566
278 577
278 579
278 590
278 591
278 598
278 603
278 605
278 645
278 657
278 707
278 709
278 710
278 758
278 769
278 774
278 782
278 783
278 788
278 797
278 798
278 806
278 837
278 838
278 846
278 847
278 886
278 897
278 899
278 902
278 910
278 911
278 925
278 950
278 965
278 966
278 989
278 1014
278 1027
278 1030
278 1038
278 1039
278 1046
278 1054
278 1093
278 1094
278 1099
278 1102
278 1105
278 1142
278 1155
278 1158
278 1206
278 1221
278 1222
279 87
279 128
279 151
279 215
279 343
279 407
279 471
280 20
280 88
280 152
280 216
280 344
280 408
280 472
280 535
280 695
281 89
281 153
281 217
281 345
281 409
281 473
281 1098
282 90
282 154
282 218
282 247
282 346
282 410
282 474
282 1220
283 91
283 155
283 219
283 347
283 411
283 475
283 1053
284 92
284 156
284 220
284 348
284 412
284 476
285 93
285 157
285 221
285 349
285 413
285 477
286 3
286 5
286 6
286 54
286 67
286 69
286 70
286 94
286 134
286 142
286 143
286 150
286 158
286 182
286 193
286 207
286 214
286 222
286 246
286 257
286 271
286 278
286 294
286 296
286 323
286 325
286 326
286 337
286 350
286 374
286 387
286 390
286 414
286 438
286 451
286 454
286 462
286 463
286 477
286 478
286 502
286 515
286 517
286 518
286 526
286 566
286 577
286 579
286 590
286 591
286 598
286 603
286 605
286 645
286 657
286 707
286 709
286 710
286 758
286 769
286 774
286 782
286 783
286 788
286 797
286 798
286 806
286 837
286 838
286 846
286 847
286 886
286 897
286 899
286 902
286 910
286 911
286 925
286 950
286 965
286 966
286 989
286 1014
286 1027
286 1038
286 1039
286 1046
286 1093
286 1094
286 1099
286 1102
286 1105
286 1142
286 1155
286 1158
286 1206
286 1219
286 1221
286 1222
287 95
287 159
287 223
287 351
287 415
287 479
288 96
288 160
288 221
288 224
288 352
288 416
288 480
289 97
289 161
289 225
289 353
289 417
289 481
290 98
290 162
290 194
290 226
290 354
290 418
290 482
291 99
291 116
291 163
291 227
291 312
291 355
291 419
291 430
291 483
291 831
292 100
292 164
292 228
292 356
292 420
292 484
292 881
293 101
293 165
293 177
293 229
293 357
293 421
293 485
293 770
294 3
294 5
294 6
294 17
294 54
294 67
294 69
294 70
294 77
294 81
294 102
294 131
294 133
294 134
294 142
294 143
294 166
294 182
294 193
294 195
294 197
294 198
294 206
294 207
294 214
294 230
294 246
294 257
294 262
294 270
294 271
294 278
294 286
294 296
294 310
294 325
294 326
294 333
294 337
294 358
294 374
294 387
294 389
294 390
294 401
294 422
294 438
294 453
294 454
294 463
294 478
294 486
294 502
294 515
294 517
294 518
294 526
294 529
294 566
294 577
294 579
294 582
294 590
294 591
294 598
294 603
294 605
294 630
294 645
294 651
294 653
294 657
294 707
294 709
294 710
294 721
294 758
294 769
294 771
294 773
294 774
294 782
294 783
294 788
294 797
294 798
294 806
294 837
294 838
294 846
294 847
294 849
294 886
294 897
294 899
294 901
294 902
294 910
294 911
294 925
294 950
294 965
294 966
294 977
294 989
294 1014
294 1027
294 1029
294 1030
294 1038
294 1039
294 1046
294 1054
294 1078
294 1093
294 1094
294 1099
294 1102
294 1105
294 1142
294 1157
294 1158
294 1169
294 1206
294 1222
294 1233
295 103
295 167
295 231
295 359
295 423
295 487
296 3
296 54
296 67
296 70
296 104
296 142
296 143
296 150
296 168
296 193
296 214
296 232
296 271
296 278
296 286
296 294
296 323
296 326
296 360
296 374
296 387
296 424
296 451
296 462
296 463
296 477
296 478
296 488
296 502
296 518
296 526
296 577
296 590
296 603
296 605
296 645
296 646
296 657
296 707
296 758
296 769
296 798
296 806
296 838
296 846
296 847
296 897
296 911
296 965
296 966
296 975
296 989
296 1014
296 1038
296 1039
296 1046
296 1093
296 1094
296 1102
296 1103
296 1174
296 1219
296 1231
297 105
297 169
297 233
297 361
297 425
297 489
297 670
298 106
298 170
298 234
298 362
298 426
298 490
299 107
299 171
299 235
299 363
299 427
299 491
299 858
299 1050
300 108
300 153
300 172
300 236
300 364
300 428
300 492
300 1079
301 109
301 173
301 237
301 365
301 429
301 493
302 110
302 132
302 174
302 238
302 366
302 430
302 494
303 111
303 175
303 239
303 367
303 431
303 495
303 932
304 112
304 176
304 240
304 368
304 432
304 496
305 113
305 177
305 241
305 242
305 369
305 433
305 497
306 114
306 169
306 178
306 242
306 370
306 434
306 498
306 739
306 1234
307 48
307 115
307 179
307 243
307 322
307 371
307 435
307 499
307 538
308 116
308 180
308 244
308 372
308 404
308 436
308 500
309 117
309 181
309 245
309 373
309 437
309 501
310 3
310 5
310 6
310 11
310 13
310 17
310 69
310 70
310 75
310 77
310 81
310 118
310 131
310 133
310 134
310 139
310 141
310 142
310 143
310 145
310 182
310 193
310 195
310 197
310 198
310 206
310 207
310 209
310 246
310 257
310 259
310 261
310 262
310 270
310 271
310 273
310 294
310 325
310 326
310 331
310 333
310 337
310 374
310 387
310 389
310 390
310 395
310 397
310 401
310 438
310 453
310 454
310 459
310 461
310 465
310 502
310 515
310 517
310 518
310 523
310 525
310 529
310 566
310 579
310 581
310 582
310 589
310 591
310 593
310 598
310 630
310 651
310 653
310 707
310 709
310 710
310 715
310 717
310 721
310 769
310 771
310 773
310 774
310 782
310 783
310 785
310 788
310 797
310 822
310 837
310 843
310 845
310 849
310 886
310 899
310 901
310 902
310 907
310 909
310 910
310 911
310 913
310 925
310 950
310 965
310 966
310 971
310 973
310 977
310 989
310 1027
310 1029
310 1030
310 1035
310 1037
310 1038
310 1039
310 1041
310 1046
310 1054
310 1078
310 1093
310 1099
310 1101
310 1102
310 1105
310 1142
310 1157
310 1163
310 1227
310 1229
311 72
311 119
311 183
311 247
311 375
311 439
311 479
311 503
312 116
312 120
312 184
312 248
312 291
312 376
312 430
312 440
312 504
312 831
313 2
313 121
313 185
313 249
313 377
313 409
313 441
313 505
313 1070
314 122
314 186
314 250
314 378
314 442
314 506
315 123
315 187
315 251
315 379
315 443
315 507
315 599
316 124
316 188
316 216
316 252
316 340
316 380
316 444
316 508
316 953
316 1049
316 1271
317 125
317 189
317 250
317 253
317 381
317 445
317 509
318 126
318 190
318 254
318 382
318 446
318 510
318 811
319 52
319 112
319 127
319 191
319 255
319 383
319 447
319 511
320 128
320 192
320 231
320 256
320 384
320 448
320 512
320 578
320 640
321 129
321 193
321 257
321 385
321 449
321 488
321 513
321 924
322 48
322 130
322 194
322 258
322 307
322 386
322 450
322 514
322 538
323 3
323 54
323 67
323 70
323 131
323 150
323 195
323 214
323 259
323 271
323 278
323 286
323 296
323 326
323 374
323 387
323 451
323 462
323 463
323 477
323 478
323 502
323 515
323 526
323 577
323 590
323 603
323 605
323 643
323 645
323 646
323 657
323 707
323 758
323 798
323 806
323 838
323 846
323 847
323 897
323 975
323 989
323 1014
323 1038
323 1039
323 1093
323 1094
323 1103
323 1155
323 1158
323 1174
323 1206
323 1231
324 132
324 196
324 218
324 260
324 388
324 452
324 516
325 3
325 5
325 6
325 17
325 54
325 67
325 69
325 70
325 75
325 77
325 81
325 131
325 133
325 134
325 142
325 143
325 145
325 182
325 193
325 195
325 197
325 198
325 206
325 207
325 246
325 257
325 259
325 261
325 262
325 270
325 271
325 278
325 286
325 294
325 310
325 326
325 331
325 333
325 337
325 387
325 389
325 390
325 401
325 438
325 453
325 454
325 463
325 465
325 502
325 515
325 517
325 518
325 525
325 529
325 566
325 579
325 581
325 582
325 590
325 591
325 593
325 598
325 630
325 651
325 653
325 657
325 707
325 709
325 710
325 717
325 721
325 769
325 771
325 773
325 774
325 782
325 783
325 785
325 788
325 797
325 806
325 822
325 837
325 838
325 843
325 845
325 846
325 847
325 849
325 886
325 897
325 899
325 901
325 902
325 910
325 911
325 913
325 925
325 950
325 965
325 966
325 971
325 977
325 989
325 1014
325 1027
325 1029
325 1030
325 1035
325 1037
325 1038
325 1039
325 1041
325 1046
325 1054
325 1078
325 1093
325 1094
325 1099
325 1101
325 1102
325 1105
325 1142
325 1155
325 1157
325 1158
325 1163
325 1165
325 1169
325 1206
325 1233
326 3
326 5
326 6
326 17
326 54
326 67
326 69
326 70
326 81
326 134
326 142
326 143
326 182
326 193
326 198
326 207
326 214
326 246
326 257
326 262
326 270
326 271
326 278
326 286
326 294
326 296
326 310
326 323
326 325
326 337
326 374
326 387
326 389
326 390
326 438
326 451
326 453
326 454
326 462
326 463
326 477
326 478
326 502
326 515
326 517
326 518
326 526
326 566
326 577
326 579
326 590
326 591
326 598
326 603
326 605
326 645
326 657
326 707
326 709
326 710
326 758
326 769
326 771
326 773
326 774
326 782
326 783
326 788
326 797
326 798
326 806
326 837
326 838
326 846
326 847
326 849
326 886
326 897
326 899
326 901
326 902
326 910
326 911
326 925
326 950
326 965
326 966
326 989
326 1014
326 1027
326 1029
326 1030
326 1038
326 1039
326 1046
326 1054
326 1078
326 1093
326 1094
326 1099
326 1102
326 1105
326 1142
326 1155
326 1157
326 1158
326 1169
326 1174
326 1206
326 1221
326 1222
327 7
327 71
327 135
327 199
327 201
327 263
327 265
327 391
327 455
327 457
327 519
327 583
327 647
327 713
327 775
327 839
327 903
327 967
327 1031
327 1095
327 1159
327 1223
328 136
328 200
328 264
328 392
328 456
328 520
329 137
329 201
329 265
329 393
329 457
329 521
329 1217
330 138
330 202
330 266
330 394
330 458
330 522
331 5
331 6
331 11
331 13
331 17
331 69
331 75
331 77
331 81
331 131
331 133
331 134
331 139
331 141
331 145
331 182
331 195
331 197
331 198
331 203
331 205
331 206
331 207
331 209
331 246
331 257
331 259
331 261
331 262
331 267
331 269
331 270
331 273
331 310
331 325
331 333
331 337
331 389
331 390
331 395
331 397
331 401
331 438
331 453
331 454
331 459
331 461
331 465
331 515
331 517
331 523
331 525
331 529
331 566
331 579
331 581
331 582
331 587
331 589
331 591
331 593
331 598
331 630
331 651
331 653
331 709
331 715
331 717
331 721
331 771
331 773
331 774
331 779
331 781
331 782
331 783
331 785
331 797
331 822
331 837
331 843
331 845
331 849
331 886
331 899
331 901
331 902
331 907
331 909
331 910
331 913
331 925
331 950
331 971
331 973
331 977
331 1027
331 1029
331 1030
331 1035
331 1037
331 1041
331 1054
331 1078
331 1099
331 1101
331 1105
331 1142
331 1157
331 1163
331 1165
331 1227
331 1229
332 140
332 204
332 268
332 365
332 396
332 460
332 524
332 864
332 997
333 5
333 6
333 11
333 13
333 17
333 69
333 75
333 77
333 81
333 131
333 133
333 134
333 139
333 141
333 143
333 145
333 182
333 193
333 195
333 197
333 198
333 203
333 205
333 206
333 207
333 209
333 246
333 257
333 259
333 261
333 262
333 267
333 269
333 270
333 273
333 294
333 310
333 325
333 331
333 337
333 387
333 389
333 390
333 395
333 397
333 401
333 438
333 453
333 454
333 459
333 461
333 465
333 515
333 517
333 518
333 523
333 525
333 529
333 566
333 579
333 581
333 582
333 587
333 589
333 591
333 593
333 598
333 630
333 651
333 653
333 709
333 710
333 715
333 717
333 721
333 769
333 771
333 773
333 774
333 779
333 781
333 782
333 783
333 785
333 788
333 797
333 822
333 837
333 843
333 845
333 849
333 886
333 899
333 901
333 902
333 907
333 909
333 910
333 911
333 913
333 925
333 950
333 965
333 966
333 971
333 973
333 977
333 1027
333 1029
333 1030
333 1035
333 1037
333 1041
333 1046
333 1054
333 1078
333 1099
333 1101
333 1102
333 1105
333 1142
333 1157
333 1163
333 1165
333 1169
333 1227
333 1229
334 142
334 206
334 270
334 398
334 462
334 526
335 143
335 207
335 271
335 398
335 399
335 463
335 527
335 809
335 914
335 918
335 926
335 963
335 1166
336 144
336 208
336 272
336 400
336 464
336 528
336 856
337 3
337 5
337 6
337 11
337 13
337 17
337 54
337 69
337 70
337 75
337 77
337 81
337 131
337 133
337 134
337 141
337 142
337 143
337 145
337 182
337 193
337 195
337 197
337 198
337 206
337 207
337 209
337 246
337 257
337 259
337 261
337 262
337 270
337 271
337 273
337 278
337 286
337 294
337 310
337 325
337 326
337 331
337 333
337 387
337 389
337 390
337 395
337 397
337 401
337 438
337 453
337 454
337 461
337 463
337 465
337 515
337 517
337 518
337 523
337 525
337 529
337 566
337 579
337 581
337 582
337 590
337 591
337 593
337 598
337 630
337 651
337 653
337 657
337 707
337 709
337 710
337 715
337 717
337 721
337 769
337 771
337 773
337 774
337 782
337 783
337 785
337 788
337 797
337 806
337 822
337 837
337 843
337 845
337 846
337 849
337 886
337 899
337 901
337 902
337 909
337 910
337 911
337 913
337 925
337 950
337 965
337 966
337 971
337 973
337 977
337 989
337 1027
337 1029
337 1030
337 1035
337 1037
337 1038
337 1039
337 1041
337 1046
337 1054
337 1078
337 1093
337 1094
337 1099
337 1101
337 1102
337 1105
337 1142
337 1157
337 1158
337 1163
337 1165
337 1169
337 1206
337 1233
338 21
338 146
338 210
338 274
338 402
338 407
338 466
338 530
338 1071
339 147
339 211
339 275
339 403
339 467
339 531
339 1061
340 148
340 212
340 216
340 276
340 316
340 404
340 468
340 532
340 953
340 1049
340 1271
341 149
341 167
341 213
341 277
341 348
341 405
341 469
341 533
342 138
342 150
342 214
342 278
342 406
342 470
342 534
343 151
343 215
343 279
343 407
343 471
343 535
343 984
343 1104
343 1202
344 152
344 216
344 280
344 408
344 472
344 536
344 760
345 153
345 217
345 281
345 369
345 409
345 473
345 537
345 602
346 101
346 154
346 218
346 282
346 410
346 474
346 538
346 827
347 155
347 219
347 283
347 411
347 475
347 539
347 738
348 156
348 167
348 220
348 284
348 341
348 412
348 476
348 540
349 157
349 221
349 285
349 413
349 448
349 477
349 524
349 541
350 158
350 196
350 222
350 286
350 414
350 478
350 542
351 58
351 159
351 223
351 252
351 287
351 352
351 415
351 479
351 543
351 912
352 58
352 160
352 224
352 252
352 288
352 351
352 416
352 480
352 544
352 912
353 161
353 225
353 289
353 417
353 481
353 545
354 162
354 226
354 290
354 418
354 482
354 546
354 823
354 1072
355 163
355 227
355 291
355 367
355 419
355 464
355 483
355 547
356 164
356 228
356 292
356 375
356 420
356 484
356 548
356 621
357 165
357 227
357 229
357 293
357 421
357 485
357 549
358 166
358 230
358 294
358 403
358 422
358 486
358 550
358 607
359 167
359 187
359 231
359 295
359 423
359 487
359 551
359 750
359 826
359 1017
359 1168
359 1277
360 168
360 232
360 296
360 424
360 488
360 552
360 840
361 169
361 233
361 297
361 425
361 489
361 553
362 170
362 234
362 298
362 426
362 490
362 554
362 622
363 171
363 235
363 299
363 427
363 491
364 172
364 236
364 300
364 428
364 492
364 556
364 668
365 173
365 237
365 301
365 332
365 429
365 493
365 557
365 864
365 997
366 24
366 80
366 174
366 238
366 302
366 430
366 494
366 558
366 1003
367 175
367 239
367 303
367 355
367 431
367 464
367 495
367 559
368 176
368 240
368 304
368 432
368 496
368 560
368 635
368 1213
369 177
369 241
369 305
369 345
369 433
369 497
369 561
369 602
370 178
370 242
370 306
370 434
370 498
370 562
370 759
371 179
371 243
371 307
371 435
371 499
371 508
371 563
372 88
372 180
372 244
372 308
372 436
372 500
372 564
373 181
373 245
373 309
373 437
373 501
373 565
373 677
374 3
374 54
374 67
374 70
374 142
374 143
374 150
374 182
374 193
374 214
374 246
374 271
374 278
374 286
374 294
374 296
374 310
374 323
374 326
374 387
374 438
374 451
374 462
374 463
374 477
374 478
374 502
374 518
374 526
374 566
374 577
374 590
374 603
374 605
374 645
374 646
374 657
374 707
374 758
374 769
374 798
374 806
374 838
374 846
374 847
374 897
374 911
374 965
374 975
374 989
374 1014
374 1038
374 1039
374 1046
374 1093
374 1094
374 1102
374 1103
374 1155
374 1158
374 1174
374 1206
374 1219
374 1231
375 183
375 247
375 311
375 356
375 439
375 503
375 567
375 621
376 46
376 184
376 248
376 312
376 434
376 440
376 504
376 568
377 89
377 185
377 249
377 313
377 441
377 505
377 569
378 186
378 250
378 314
378 442
378 506
378 570
379 187
379 251
379 315
379 443
379 507
379 571
380 188
380 252
380 316
380 444
380 508
380 572
380 828
381 189
381 253
381 317
381 445
381 494
381 509
381 573
381 1075
382 190
382 254
382 318
382 446
382 510
382 574
383 191
383 255
383 319
383 447
383 511
383 575
384 192
384 256
384 320
384 448
384 512
384 576
385 193
385 257
385 321
385 449
385 513
385 577
386 98
386 194
386 258
386 322
386 450
386 482
386 514
386 578
386 1064
387 3
387 5
387 6
387 17
387 54
387 67
387 69
387 70
387 81
387 131
387 133
387 134
387 142
387 143
387 182
387 193
387 195
387 197
387 198
387 206
387 207
387 214
387 246
387 257
387 259
387 262
387 270
387 271
387 278
387 286
387 294
387 296
387 310
387 323
387 325
387 326
387 333
387 337
387 374
387 389
387 390
387 401
387 438
387 451
387 453
387 454
387 463
387 478
387 502
387 515
387 517
387 518
387 526
387 529
387 566
387 577
387 579
387 582
387 590
387 591
387 598
387 603
387 605
387 630
387 645
387 653
387 657
387 707
387 709
387 710
387 721
387 758
387 769
387 771
387 773
387 774
387 782
387 783
387 788
387 797
387 798
387 806
387 837
387 838
387 846
387 847
387 849
387 886
387 897
387 899
387 901
387 902
387 910
387 911
387 925
387 950
387 965
387 966
387 977
387 989
387 1014
387 1027
387 1029
387 1030
387 1038
387 1039
387 1046
387 1054
387 1078
387 1093
387 1094
387 1099
387 1102
387 1105
387 1142
387 1155
387 1157
387 1158
387 1163
387 1169
387 1206
387 1219
387 1221
387 1222
387 1229
387 1233
388 196
388 260
388 324
388 452
388 516
388 580
388 799
389 3
389 5
389 6
389 11
389 13
389 17
389 54
389 69
389 70
389 75
389 77
389 81
389 131
389 133
389 134
389 139
389 141
389 142
389 143
389 145
389 182
389 193
389 195
389 197
389 198
389 206
389 207
389 209
389 246
389 257
389 259
389 261
389 262
389 270
389 271
389 273
389 278
389 294
389 310
389 325
389 326
389 331
389 333
389 337
389 387
389 390
389 395
389 397
389 401
389 438
389 453
389 454
389 459
389 461
389 465
389 515
389 517
389 518
389 523
389 525
389 529
389 566
389 579
389 581
389 582
389 589
389 591
389 593
389 598
389 630
389 651
389 653
389 707
389 709
389 710
389 715
389 717
389 721
389 769
389 771
389 773
389 774
389 782
389 783
389 785
389 788
389 797
389 806
389 822
389 837
389 843
389 845
389 846
389 849
389 886
389 899
389 901
389 902
389 907
389 909
389 910
389 911
389 913
389 925
389 950
389 965
389 966
389 971
389 973
389 977
389 989
389 1027
389 1029
389 1030
389 1035
389 1037
389 1038
389 1039
389 1041
389 1046
389 1054
389 1078
389 1093
389 1099
389 1101
389 1102
389 1105
389 1142
389 1157
389 1158
389 1163
389 1165
389 1169
389 1206
389 1222
389 1227
389 1229
389 1233
390 3
390 5
390 6
390 11
390 17
390 54
390 67
390 69
390 70
390 75
390 77
390 81
390 131
390 133
390 134
390 142
390 143
390 145
390 182
390 193
390 195
390 197
390 198
390 206
390 207
390 209
390 246
390 257
390 259
390 261
390 262
390 270
390 271
390 278
390 286
390 294
390 310
390 325
390 326
390 331
390 333
390 337
390 387
390 389
390 397
390 401
390 438
390 453
390 454
390 463
390 465
390 502
390 515
390 517
390 518
390 525
390 529
390 566
390 579
390 581
390 582
390 590
390 591
390 593
390 598
390 630
390 651
390 653
390 657
390 707
390 709
390 710
390 715
390 717
390 721
390 769
390 771
390 773
390 774
390 782
390 783
390 785
390 788
390 797
390 806
390 822
390 837
390 838
390 843
390 845
390 846
390 847
390 849
390 886
390 897
390 899
390 901
390 902
390 909
390 910
390 911
390 913
390 925
390 950
390 965
390 966
390 971
390 973
390 977
390 989
390 1027
390 1029
390 1030
390 1035
390 1037
390 1038
390 1039
390 1041
390 1046
390 1054
390 1078
390 1093
390 1094
390 1099
390 1101
390 1102
390 1105
390 1142
390 1155
390 1157
390 1158
390 1163
390 1165
390 1169
390 1206
390 1221
390 1222
390 1227
390 1229
390 1233
391 7
391 71
391 135
391 199
391 201
391 263
391 265
391 327
391 455
391 457
391 519
391 583
391 647
391 713
391 775
391 839
391 903
391 967
391 1031
391 1095
391 1159
391 1223
392 29
392 200
392 264
392 328
392 456
392 520
392 584
393 201
393 265
393 329
393 457
393 521
393 585
394 202
394 266
394 330
394 415
394 458
394 522
394 586
395 11
395 13
395 17
395 75
395 77
395 81
395 131
395 133
395 139
395 141
395 145
395 195
395 197
395 198
395 203
395 205
395 206
395 209
395 259
395 261
395 262
395 267
395 269
395 270
395 273
395 310
395 331
395 333
395 337
395 389
395 397
395 401
395 453
395 459
395 461
395 465
395 517
395 523
395 525
395 529
395 579
395 581
395 582
395 587
395 589
395 593
395 630
395 651
395 653
395 709
395 715
395 717
395 721
395 771
395 773
395 779
395 781
395 785
395 797
395 822
395 843
395 845
395 849
395 901
395 902
395 907
395 909
395 913
395 971
395 973
395 977
395 1029
395 1030
395 1035
395 1037
395 1041
395 1054
395 1078
395 1101
395 1105
395 1163
395 1165
395 1227
395 1229
396 204
396 268
396 332
396 460
396 524
396 588
396 625
396 1243
397 5
397 11
397 13
397 17
397 75
397 77
397 81
397 131
397 133
397 139
397 141
397 145
397 195
397 197
397 198
397 203
397 205
397 206
397 207
397 209
397 246
397 257
397 259
397 261
397 262
397 267
397 269
397 270
397 273
397 310
397 331
397 333
397 337
397 389
397 390
397 395
397 401
397 453
397 454
397 459
397 461
397 465
397 517
397 523
397 525
397 529
397 579
397 581
397 582
397 587
397 589
397 593
397 630
397 651
397 653
397 709
397 715
397 717
397 721
397 771
397 773
397 774
397 779
397 781
397 782
397 785
397 797
397 822
397 843
397 845
397 849
397 901
397 902
397 907
397 909
397 910
397 913
397 950
397 971
397 973
397 977
397 1027
397 1029
397 1030
397 1035
397 1037
397 1041
397 1054
397 1078
397 1099
397 1101
397 1105
397 1157
397 1163
397 1165
397 1227
397 1229
397 1233
398 78
398 206
398 270
398 334
398 335
398 462
398 486
398 526
398 590
398 643
398 646
398 809
398 835
398 854
398 914
398 918
398 926
398 963
398 1103
398 1166
398 1246
398 1270
399 207
399 271
399 335
399 463
399 527
399 591
400 208
400 272
400 336
400 464
400 528
400 592
401 5
401 6
401 11
401 13
401 17
401 69
401 75
401 77
401 81
401 131
401 133
401 134
401 139
401 141
401 145
401 182
401 193
401 195
401 197
401 198
401 203
401 205
401 206
401 207
401 209
401 246
401 257
401 259
401 261
401 262
401 267
401 269
401 270
401 273
401 294
401 310
401 325
401 331
401 333
401 337
401 387
401 389
401 390
401 395
401 397
401 438
401 453
401 454
401 459
401 461
401 465
401 515
401 517
401 518
401 523
401 525
401 529
401 566
401 579
401 581
401 582
401 587
401 589
401 591
401 593
401 598
401 630
401 651
401 653
401 709
401 710
401 715
401 717
401 721
401 771
401 773
401 774
401 779
401 781
401 782
401 783
401 785
401 788
401 797
401 822
401 837
401 843
401 845
401 849
401 886
401 899
401 901
401 902
401 907
401 909
401 910
401 911
401 913
401 925
401 950
401 965
401 966
401 971
401 973
401 977
401 1027
401 1029
401 1030
401 1035
401 1037
401 1041
401 1046
401 1054
401 1078
401 1099
401 1101
401 1102
401 1105
401 1142
401 1157
401 1163
401 1165
401 1169
401 1227
401 1229
401 1233
402 210
402 274
402 338
402 466
402 530
402 594
402 801
403 211
403 275
403 339
403 358
403 467
403 531
403 595
403 607
404 212
404 276
404 308
404 340
404 468
404 532
404 596
405 213
405 277
405 341
405 469
405 533
405 597
405 751
406 214
406 278
406 342
406 470
406 534
406 598
407 21
407 215
407 279
407 338
407 343
407 471
407 535
407 599
407 1071
408 44
408 103
408 216
408 280
408 344
408 472
408 536
408 564
408 600
408 893
408 1261
409 2
409 217
409 281
409 313
409 345
409 473
409 537
409 601
409 1070
410 101
410 218
410 282
410 346
410 474
410 538
410 602
410 827
411 219
411 283
411 347
411 418
411 475
411 539
411 603
412 124
412 220
412 284
412 348
412 450
412 476
412 540
412 604
413 221
413 285
413 349
413 477
413 541
413 605
413 859
414 222
414 286
414 350
414 478
414 542
414 606
415 223
415 287
415 351
415 394
415 479
415 543
415 607
416 224
416 288
416 352
416 480
416 544
416 608
417 225
417 289
417 353
417 481
417 533
417 545
417 609
417 927
417 951
417 995
417 1092
417 1197
418 226
418 290
418 354
418 411
418 482
418 546
418 610
419 174
419 227
419 291
419 355
419 439
419 483
419 547
419 611
420 228
420 292
420 356
420 484
420 548
420 612
421 229
421 293
421 357
421 485
421 549
421 613
422 230
422 294
422 358
422 486
422 550
422 614
423 176
423 231
423 295
423 359
423 487
423 551
423 615
423 642
423 1208
424 232
424 296
424 360
424 488
424 552
424 616
425 233
425 297
425 361
425 489
425 553
425 617
425 735
426 234
426 298
426 362
426 490
426 554
426 618
426 1252
427 235
427 299
427 363
427 491
427 555
427 619
428 236
428 300
428 364
428 492
428 556
428 620
428 1154
429 237
429 301
429 365
429 493
429 557
429 621
429 832
429 933
430 116
430 238
430 291
430 302
430 312
430 366
430 494
430 558
430 622
430 831
431 239
431 303
431 367
431 495
431 559
431 623
432 240
432 304
432 368
432 496
432 560
432 624
433 241
433 305
433 369
433 497
433 561
433 625
434 46
434 242
434 306
434 370
434 376
434 498
434 562
434 626
435 243
435 307
435 371
435 473
435 499
435 563
435 627
435 741
435 944
436 244
436 308
436 372
436 437
436 500
436 564
436 628
436 892
437 245
437 309
437 373
437 436
437 501
437 565
437 629
437 892
438 3
438 5
438 6
438 17
438 54
438 67
438 69
438 70
438 75
438 77
438 81
438 131
438 133
438 134
438 142
438 143
438 145
438 182
438 193
438 195
438 197
438 198
438 206
438 207
438 246
438 257
438 261
438 262
438 270
438 271
438 278
438 286
438 294
438 310
438 325
438 326
438 331
438 333
438 337
438 374
438 387
438 389
438 390
438 401
438 453
438 454
438 463
438 465
438 478
438 502
438 515
438 517
438 518
438 525
438 526
438 529
438 566
438 577
438 579
438 581
438 582
438 590
438 591
438 598
438 603
438 605
438 630
438 645
438 651
438 653
438 657
438 707
438 709
438 710
438 717
438 721
438 769
438 771
438 773
438 774
438 782
438 783
438 788
438 797
438 798
438 806
438 837
438 838
438 845
438 846
438 847
438 849
438 886
438 897
438 899
438 901
438 902
438 910
438 911
438 913
438 925
438 950
438 965
438 966
438 971
438 977
438 989
438 1014
438 1027
438 1029
438 1030
438 1035
438 1038
438 1039
438 1041
438 1046
438 1054
438 1078
438 1093
438 1094
438 1099
438 1101
438 1102
438 1105
438 1142
438 1155
438 1157
438 1158
438 1163
438 1165
438 1169
438 1206
438 1219
438 1221
438 1222
438 1227
438 1229
438 1233
439 174
439 247
439 311
439 375
439 419
439 503
439 567
439 631
440 248
440 312
440 376
440 504
440 568
440 632
440 1147
441 249
441 313
441 377
441 505
441 569
441 633
442 250
442 314
442 378
442 506
442 570
442 634
443 251
443 315
443 379
443 507
443 571
443 635
444 252
444 316
444 380
444 508
444 572
444 636
444 1276
445 253
445 317
445 381
445 509
445 573
445 634
445 637
445 679
446 254
446 318
446 382
446 510
446 571
446 574
446 638
446 848
446 1080
447 255
447 319
447 383
447 506
447 511
447 575
447 639
448 256
448 320
448 349
448 384
448 512
448 524
448 576
448 640
449 257
449 321
449 385
449 513
449 577
449 641
450 124
450 258
450 322
450 386
450 412
450 514
450 578
450 642
451 54
451 67
451 70
451 78
451 150
451 214
451 259
451 278
451 286
451 296
451 323
451 326
451 374
451 387
451 462
451 463
451 477
451 478
451 502
451 515
451 526
451 577
451 579
451 590
451 603
451 605
451 643
451 645
451 646
451 657
451 758
451 798
451 806
451 835
451 838
451 846
451 847
451 897
451 975
451 989
451 1014
451 1038
451 1039
451 1093
451 1094
451 1103
451 1155
451 1158
451 1174
451 1206
451 1219
451 1221
451 1231
451 1246
451 1270
452 260
452 324
452 388
452 516
452 580
452 644
453 3
453 5
453 6
453 11
453 13
453 17
453 69
453 70
453 75
453 77
453 81
453 131
453 133
453 134
453 139
453 141
453 142
453 143
453 145
453 182
453 193
453 195
453 197
453 198
453 206
453 207
453 209
453 246
453 257
453 259
453 261
453 262
453 270
453 271
453 273
453 294
453 310
453 325
453 326
453 331
453 333
453 337
453 387
453 389
453 390
453 395
453 397
453 401
453 438
453 454
453 459
453 461
453 465
453 515
453 517
453 518
453 523
453 525
453 529
453 566
453 579
453 581
453 582
453 589
453 591
453 593
453 598
453 630
453 645
453 651
453 653
453 707
453 709
453 710
453 715
453 717
453 721
453 769
453 771
453 773
453 774
453 779
453 782
453 783
453 785
453 788
453 797
453 822
453 837
453 843
453 845
453 849
453 886
453 899
453 901
453 902
453 907
453 909
453 910
453 911
453 913
453 925
453 950
453 965
453 966
453 971
453 973
453 977
453 989
453 1027
453 1029
453 1030
453 1035
453 1037
453 1041
453 1046
453 1054
453 1078
453 1093
453 1099
453 1101
453 1102
453 1105
453 1142
453 1157
453 1158
453 1163
453 1165
453 1169
453 1206
453 1222
453 1227
453 1229
453 1233
454 3
454 5
454 6
454 11
454 17
454 54
454 67
454 69
454 70
454 75
454 77
454 81
454 131
454 133
454 134
454 142
454 143
454 145
454 182
454 193
454 195
454 197
454 198
454 206
454 207
454 209
454 246
454 257
454 259
454 261
454 262
454 270
454 271
454 278
454 286
454 294
454 310
454 325
454 326
454 331
454 333
454 337
454 387
454 389
454 390
454 397
454 401
454 438
454 453
454 463
454 465
454 502
454 515
454 517
454 518
454 525
454 529
454 566
454 579
454 581
454 582
454 590
454 591
454 593
454 598
454 630
454 646
454 651
454 653
454 657
454 707
454 709
454 710
454 715
454 717
454 721
454 769
454 771
454 773
454 774
454 782
454 783
454 785
454 788
454 797
454 806
454 822
454 837
454 838
454 843
454 845
454 846
454 847
454 849
454 886
454 899
454 901
454 902
454 909
454 910
454 911
454 913
454 925
454 950
454 965
454 966
454 971
454 973
454 977
454 989
454 1027
454 1029
454 1030
454 1035
454 1037
454 1038
454 1039
454 1041
454 1046
454 1054
454 1078
454 1093
454 1094
454 1099
454 1101
454 1102
454 1105
454 1142
454 1155
454 1157
454 1158
454 1163
454 1165
454 1169
454 1206
454 1221
454 1222
454 1227
454 1229
454 1233
455 263
455 327
455 391
455 519
455 583
455 647
456 168
456 264
456 328
456 392
456 520
456 584
456 648
457 7
457 71
457 135
457 201
457 265
457 327
457 329
457 391
457 393
457 519
457 521
457 583
457 585
457 647
457 649
457 713
457 775
457 839
457 903
457 967
457 1031
457 1095
457 1159
457 1223
458 266
458 330
458 394
458 522
458 586
458 650
458 968
459 11
459 13
459 17
459 75
459 77
459 81
459 131
459 133
459 139
459 141
459 145
459 195
459 197
459 198
459 203
459 205
459 206
459 209
459 259
459 261
459 262
459 267
459 269
459 270
459 273
459 310
459 331
459 333
459 389
459 395
459 397
459 401
459 453
459 461
459 465
459 523
459 525
459 529
459 581
459 582
459 587
459 589
459 593
459 630
459 651
459 653
459 715
459 717
459 721
459 771
459 773
459 779
459 781
459 785
459 822
459 843
459 845
459 849
459 901
459 907
459 909
459 913
459 971
459 973
459 977
459 1029
459 1035
459 1037
459 1041
459 1054
459 1078
459 1101
459 1163
459 1165
459 1227
459 1229
460 268
460 332
460 396
460 524
460 588
460 652
461 11
461 13
461 17
461 75
461 77
461 81
461 131
461 133
461 139
461 141
461 145
461 195
461 197
461 198
461 203
461 205
461 206
461 209
461 259
461 261
461 262
461 267
461 269
461 270
461 273
461 310
461 331
461 333
461 337
461 389
461 395
461 397
461 401
461 453
461 459
461 465
461 517
461 523
461 525
461 529
461 579
461 581
461 582
461 587
461 589
461 593
461 630
461 651
461 653
461 709
461 715
461 717
461 721
461 771
461 773
461 779
461 781
461 785
461 797
461 822
461 843
461 845
461 849
461 901
461 902
461 907
461 909
461 913
461 971
461 973
461 977
461 1029
461 1030
461 1035
461 1037
461 1041
461 1054
461 1078
461 1101
461 1105
461 1163
461 1165
461 1227
461 1229
462 3
462 54
462 67
462 70
462 78
462 150
462 214
462 270
462 271
462 278
462 286
462 296
462 323
462 326
462 334
462 374
462 398
462 451
462 463
462 477
462 478
462 502
462 526
462 577
462 590
462 603
462 605
462 643
462 645
462 646
462 654
462 657
462 758
462 798
462 806
462 838
462 846
462 847
462 897
462 975
462 989
462 1014
462 1038
462 1039
462 1093
462 1094
462 1103
462 1155
462 1158
462 1174
462 1206
462 1219
462 1221
462 1231
462 1246
462 1270
463 3
463 5
463 6
463 54
463 67
463 69
463 70
463 134
463 142
463 143
463 150
463 182
463 193
463 207
463 214
463 246
463 257
463 271
463 278
463 286
463 294
463 296
463 323
463 325
463 326
463 335
463 337
463 374
463 387
463 390
463 399
463 438
463 451
463 454
463 462
463 477
463 478
463 502
463 515
463 517
463 518
463 526
463 527
463 566
463 577
463 579
463 590
463 591
463 598
463 603
463 605
463 645
463 655
463 657
463 707
463 710
463 758
463 769
463 774
463 782
463 783
463 788
463 798
463 806
463 837
463 838
463 846
463 847
463 886
463 897
463 899
463 910
463 911
463 925
463 950
463 965
463 966
463 989
463 1014
463 1027
463 1038
463 1039
463 1046
463 1093
463 1094
463 1099
463 1102
463 1105
463 1142
463 1155
463 1157
463 1158
463 1169
463 1174
463 1206
463 1219
463 1221
463 1222
463 1231
463 1233
464 272
464 336
464 355
464 367
464 400
464 528
464 592
464 656
465 5
465 6
465 11
465 13
465 17
465 69
465 75
465 77
465 81
465 131
465 133
465 134
465 139
465 141
465 145
465 182
465 195
465 197
465 198
465 203
465 205
465 206
465 207
465 209
465 246
465 257
465 259
465 261
465 262
465 267
465 269
465 270
465 273
465 310
465 325
465 331
465 333
465 337
465 389
465 390
465 395
465 397
465 401
465 438
465 453
465 454
465 459
465 461
465 515
465 517
465 523
465 525
465 529
465 566
465 579
465 581
465 582
465 587
465 589
465 591
465 593
465 598
465 630
465 651
465 653
465 657
465 709
465 710
465 715
465 717
465 721
465 771
465 773
465 774
465 779
465 781
465 782
465 783
465 785
465 788
465 797
465 822
465 837
465 843
465 845
465 849
465 886
465 899
465 901
465 902
465 907
465 909
465 910
465 913
465 925
465 950
465 966
465 971
465 973
465 977
465 1027
465 1029
465 1030
465 1035
465 1037
465 1041
465 1054
465 1078
465 1099
465 1101
465 1105
465 1142
465 1157
465 1163
465 1165
465 1169
465 1227
465 1229
465 1233
466 274
466 338
466 402
466 530
466 594
466 658
466 718
467 275
467 339
467 403
467 531
467 595
467 597
467 659
467 740
468 276
468 340
468 404
468 532
468 596
468 660
469 277
469 341
469 405
469 533
469 597
469 661
469 682
469 794
470 278
470 342
470 406
470 534
470 598
470 662
470 705
471 34
471 279
471 343
471 407
471 535
471 599
471 663
472 190
472 280
472 344
472 408
472 536
472 600
472 661
472 664
473 281
473 345
473 409
473 435
473 537
473 601
473 665
473 741
473 944
474 163
474 282
474 346
474 410
474 538
474 602
474 666
475 283
475 347
475 411
475 539
475 603
475 667
476 284
476 348
476 412
476 540
476 604
476 668
477 3
477 54
477 67
477 70
477 142
477 150
477 214
477 271
477 278
477 285
477 286
477 296
477 323
477 326
477 349
477 374
477 413
477 451
477 462
477 463
477 478
477 502
477 526
477 541
477 577
477 590
477 603
477 605
477 643
477 645
477 646
477 657
477 669
477 707
477 758
477 769
477 798
477 806
477 838
477 846
477 847
477 897
477 975
477 989
477 1014
477 1038
477 1039
477 1093
477 1094
477 1103
477 1155
477 1158
477 1174
477 1206
477 1219
477 1221
477 1222
477 1231
477 1270
478 3
478 6
478 54
478 67
478 69
478 70
478 134
478 142
478 143
478 150
478 182
478 193
478 214
478 271
478 278
478 286
478 294
478 296
478 323
478 326
478 350
478 374
478 387
478 414
478 438
478 451
478 462
478 463
478 477
478 502
478 515
478 518
478 526
478 542
478 577
478 590
478 591
478 598
478 603
478 605
478 606
478 645
478 657
478 670
478 707
478 710
478 758
478 769
478 783
478 788
478 798
478 806
478 837
478 838
478 846
478 847
478 886
478 897
478 899
478 911
478 925
478 965
478 966
478 975
478 989
478 1014
478 1038
478 1039
478 1046
478 1093
478 1094
478 1102
478 1142
478 1155
478 1158
478 1169
478 1174
478 1206
478 1219
478 1221
478 1222
478 1231
479 72
479 287
479 311
479 351
479 415
479 543
479 607
479 671
480 288
480 352
480 416
480 544
480 608
480 672
481 289
481 353
481 417
481 509
481 545
481 609
481 673
482 98
482 290
482 354
482 386
482 418
482 546
482 610
482 674
482 1064
483 291
483 355
483 419
483 547
483 611
483 675
483 1013
483 1059
484 258
484 292
484 356
484 420
484 548
484 612
484 615
484 676
484 1201
485 272
485 293
485 357
485 421
485 549
485 613
485 619
485 677
485 1250
486 78
486 150
486 294
486 358
486 398
486 422
486 550
486 614
486 643
486 646
486 678
486 809
486 835
486 854
486 914
486 918
486 926
486 963
486 975
486 1103
486 1166
486 1246
486 1270
487 295
487 359
487 423
487 551
487 615
487 679
487 1200
488 296
488 321
488 360
488 424
488 552
488 616
488 680
488 924
489 82
489 297
489 361
489 425
489 553
489 612
489 617
489 681
490 236
490 298
490 362
490 426
490 554
490 557
490 618
490 682
491 299
491 363
491 427
491 555
491 619
491 683
492 300
492 364
492 428
492 556
492 620
492 684
493 301
493 365
493 429
493 557
493 621
493 623
493 685
493 1235
494 302
494 366
494 381
494 430
494 558
494 622
494 686
494 1075
495 42
495 173
495 303
495 367
495 431
495 559
495 623
495 687
496 304
496 368
496 432
496 560
496 624
496 688
496 952
497 100
497 305
497 369
497 433
497 561
497 625
497 689
497 818
498 306
498 370
498 434
498 562
498 626
498 690
498 754
499 307
499 371
499 435
499 563
499 627
499 671
499 691
500 308
500 372
500 436
500 564
500 628
500 692
500 1131
501 309
501 373
501 437
501 559
501 565
501 629
501 693
501 863
502 3
502 5
502 6
502 54
502 67
502 69
502 70
502 134
502 142
502 143
502 150
502 182
502 193
502 207
502 214
502 246
502 257
502 271
502 278
502 286
502 294
502 296
502 310
502 323
502 325
502 326
502 374
502 387
502 390
502 438
502 451
502 454
502 462
502 463
502 477
502 478
502 515
502 518
502 526
502 566
502 577
502 590
502 591
502 598
502 603
502 605
502 630
502 645
502 657
502 694
502 707
502 710
502 758
502 769
502 774
502 782
502 783
502 788
502 798
502 806
502 837
502 838
502 846
502 847
502 886
502 897
502 899
502 910
502 911
502 925
502 950
502 965
502 966
502 989
502 1014
502 1027
502 1038
502 1039
502 1046
502 1093
502 1094
502 1099
502 1102
502 1142
502 1155
502 1157
502 1158
502 1169
502 1174
502 1206
502 1219
502 1221
502 1222
502 1231
502 1233
503 92
503 311
503 375
503 439
503 512
503 567
503 631
503 695
504 312
504 376
504 440
504 568
504 632
504 692
504 696
505 313
505 377
505 441
505 569
505 633
505 697
506 314
506 378
506 442
506 447
506 570
506 634
506 698
507 315
507 379
507 443
507 571
507 635
507 699
508 316
508 371
508 380
508 444
508 572
508 636
508 700
509 317
509 381
509 445
509 481
509 573
509 637
509 701
510 318
510 382
510 446
510 574
510 638
510 702
511 319
511 383
511 447
511 575
511 639
511 703
512 92
512 320
512 384
512 448
512 503
512 576
512 640
512 704
513 321
513 385
513 449
513 577
513 641
513 705
514 322
514 386
514 450
514 578
514 633
514 642
514 706
514 1263
515 3
515 5
515 6
515 17
515 54
515 67
515 69
515 70
515 77
515 81
515 131
515 133
515 134
515 142
515 143
515 145
515 182
515 193
515 195
515 197
515 198
515 206
515 207
515 214
515 246
515 257
515 262
515 270
515 271
515 278
515 286
515 294
515 310
515 323
515 325
515 326
515 331
515 333
515 337
515 387
515 389
515 390
515 401
515 438
515 451
515 453
515 454
515 463
515 465
515 478
515 502
515 517
515 518
515 526
515 529
515 566
515 577
515 579
515 581
515 582
515 590
515 591
515 598
515 603
515 605
515 630
515 643
515 645
515 651
515 653
515 657
515 707
515 709
515 710
515 721
515 769
515 771
515 773
515 774
515 782
515 783
515 788
515 797
515 798
515 806
515 837
515 838
515 846
515 847
515 849
515 886
515 897
515 899
515 901
515 902
515 910
515 911
515 913
515 925
515 950
515 965
515 966
515 971
515 977
515 989
515 1014
515 1027
515 1029
515 1030
515 1035
515 1038
515 1039
515 1041
515 1046
515 1054
515 1078
515 1093
515 1094
515 1099
515 1101
515 1102
515 1105
515 1142
515 1155
515 1157
515 1158
515 1163
515 1165
515 1169
515 1206
515 1219
515 1221
515 1222
515 1227
515 1229
515 1233
516 218
516 324
516 388
516 452
516 580
516 644
516 708
517 3
517 5
517 6
517 11
517 13
517 17
517 54
517 69
517 70
517 75
517 77
517 81
517 131
517 133
517 134
517 142
517 143
517 145
517 182
517 193
517 195
517 197
517 198
517 206
517 207
517 209
517 246
517 257
517 259
517 261
517 262
517 270
517 271
517 273
517 278
517 286
517 294
517 310
517 325
517 326
517 331
517 333
517 337
517 387
517 389
517 390
517 395
517 397
517 401
517 438
517 453
517 454
517 461
517 463
517 465
517 515
517 518
517 523
517 525
517 529
517 566
517 579
517 581
517 582
517 590
517 591
517 593
517 598
517 630
517 645
517 651
517 653
517 657
517 707
517 709
517 710
517 715
517 717
517 721
517 769
517 771
517 773
517 774
517 782
517 783
517 785
517 788
517 797
517 806
517 822
517 837
517 838
517 843
517 845
517 846
517 849
517 886
517 899
517 901
517 902
517 909
517 910
517 911
517 913
517 925
517 950
517 965
517 966
517 971
517 973
517 977
517 989
517 1027
517 1029
517 1030
517 1035
517 1037
517 1038
517 1039
517 1041
517 1046
517 1054
517 1078
517 1093
517 1094
517 1099
517 1101
517 1102
517 1105
517 1142
517 1155
517 1157
517 1158
517 1163
517 1165
517 1169
517 1206
517 1221
517 1222
517 1227
517 1229
517 1233
518 3
518 5
518 6
518 17
518 54
518 67
518 69
518 70
518 81
518 131
518 133
518 134
518 142
518 143
518 182
518 193
518 195
518 197
518 198
518 206
518 207
518 214
518 246
518 257
518 262
518 270
518 271
518 278
518 286
518 294
518 296
518 310
518 325
518 326
518 333
518 337
518 374
518 387
518 389
518 390
518 401
518 438
518 453
518 454
518 463
518 478
518 502
518 515
518 517
518 526
518 529
518 566
518 577
518 579
518 582
518 590
518 591
518 598
518 603
518 605
518 630
518 645
518 646
518 653
518 657
518 707
518 709
518 710
518 758
518 769
518 771
518 773
518 774
518 782
518 783
518 788
518 797
518 798
518 806
518 837
518 838
518 846
518 847
518 849
518 886
518 897
518 899
518 901
518 902
518 910
518 911
518 925
518 950
518 965
518 966
518 977
518 989
518 1014
518 1027
518 1029
518 1030
518 1038
518 1039
518 1046
518 1054
518 1078
518 1093
518 1094
518 1099
518 1102
518 1105
518 1142
518 1155
518 1157
518 1158
518 1163
518 1169
518 1206
518 1219
518 1221
518 1222
518 1229
518 1233
519 7
519 71
519 135
519 201
519 265
519 327
519 391
519 455
519 457
519 583
519 647
519 711
519 713
519 775
519 839
519 903
519 967
519 1031
519 1095
519 1159
519 1223
520 328
520 392
520 456
520 584
520 648
520 712
521 1
521 329
521 393
521 457
521 585
521 649
521 713
521 1089
522 330
522 394
522 458
522 586
522 650
522 714
523 5
523 11
523 13
523 17
523 75
523 77
523 81
523 131
523 133
523 139
523 141
523 145
523 195
523 197
523 198
523 203
523 205
523 206
523 209
523 246
523 259
523 261
523 262
523 267
523 269
523 270
523 273
523 310
523 331
523 333
523 337
523 389
523 395
523 397
523 401
523 453
523 459
523 461
523 465
523 517
523 525
523 529
523 579
523 581
523 582
523 587
523 589
523 593
523 630
523 651
523 653
523 709
523 715
523 717
523 721
523 771
523 773
523 779
523 781
523 785
523 797
523 822
523 843
523 845
523 849
523 901
523 902
523 907
523 909
523 913
523 971
523 973
523 977
523 1029
523 1030
523 1035
523 1037
523 1041
523 1054
523 1078
523 1101
523 1105
523 1157
523 1163
523 1165
523 1227
523 1229
524 332
524 349
524 396
524 448
524 460
524 588
524 652
524 716
525 5
525 6
525 11
525 13
525 17
525 75
525 77
525 81
525 131
525 133
525 134
525 139
525 141
525 145
525 182
525 195
525 197
525 198
525 203
525 205
525 206
525 207
525 209
525 246
525 257
525 259
525 261
525 262
525 267
525 269
525 270
525 273
525 310
525 325
525 331
525 333
525 337
525 389
525 390
525 395
525 397
525 401
525 438
525 453
525 454
525 459
525 461
525 465
525 517
525 523
525 529
525 566
525 579
525 581
525 582
525 587
525 589
525 591
525 593
525 598
525 630
525 651
525 653
525 709
525 715
525 717
525 721
525 771
525 773
525 774
525 779
525 781
525 782
525 783
525 785
525 797
525 822
525 843
525 845
525 849
525 886
525 899
525 901
525 902
525 907
525 909
525 910
525 913
525 925
525 950
525 971
525 973
525 977
525 1027
525 1029
525 1030
525 1035
525 1037
525 1041
525 1054
525 1078
525 1099
525 1101
525 1105
525 1157
525 1163
525 1165
525 1227
525 1229
525 1233
526 3
526 6
526 54
526 67
526 69
526 70
526 134
526 142
526 143
526 150
526 193
526 214
526 271
526 278
526 286
526 294
526 296
526 323
526 326
526 334
526 374
526 387
526 398
526 438
526 451
526 462
526 463
526 477
526 478
526 502
526 515
526 518
526 577
526 590
526 598
526 603
526 605
526 645
526 654
526 657
526 707
526 710
526 718
526 758
526 769
526 788
526 798
526 806
526 837
526 838
526 846
526 847
526 897
526 899
526 911
526 965
526 966
526 975
526 989
526 1014
526 1038
526 1039
526 1046
526 1093
526 1094
526 1102
526 1142
526 1155
526 1158
526 1169
526 1174
526 1206
526 1219
526 1221
526 1222
526 1231
526 1270
527 202
527 335
527 399
527 463
527 591
527 655
527 719
528 336
528 400
528 464
528 592
528 656
528 720
529 3
529 5
529 6
529 11
529 13
529 17
529 69
529 75
529 77
529 81
529 131
529 133
529 134
529 139
529 141
529 142
529 143
529 145
529 182
529 193
529 195
529 197
529 198
529 206
529 207
529 209
529 246
529 257
529 259
529 261
529 262
529 270
529 271
529 273
529 294
529 310
529 325
529 331
529 333
529 337
529 387
529 389
529 390
529 395
529 397
529 401
529 438
529 453
529 454
529 459
529 461
529 465
529 515
529 517
529 518
529 523
529 525
529 566
529 579
529 581
529 582
529 589
529 591
529 593
529 598
529 630
529 651
529 653
529 657
529 707
529 709
529 710
529 715
529 717
529 721
529 769
529 771
529 773
529 774
529 779
529 782
529 783
529 785
529 788
529 797
529 822
529 837
529 843
529 845
529 849
529 886
529 899
529 901
529 902
529 907
529 909
529 910
529 911
529 913
529 925
529 950
529 965
529 966
529 971
529 973
529 977
529 1027
529 1029
529 1030
529 1035
529 1037
529 1041
529 1046
529 1054
529 1078
529 1099
529 1101
529 1102
529 1105
529 1142
529 1157
529 1163
529 1165
529 1169
529 1222
529 1227
529 1229
529 1233
530 338
530 402
530 466
530 594
530 658
530 722
531 339
531 403
531 467
531 595
531 659
531 723
532 149
532 340
532 404
532 468
532 596
532 660
532 724
533 341
533 405
533 417
533 469
533 597
533 661
533 725
533 927
533 951
533 995
533 1092
533 1197
534 342
534 406
534 470
534 598
534 655
534 662
534 726
535 20
535 280
535 343
535 407
535 471
535 599
535 663
535 695
535 727
536 190
536 344
536 408
536 472
536 600
536 661
536 664
536 728
537 238
537 345
537 409
537 473
537 540
537 601
537 665
537 729
538 48
538 307
538 322
538 346
538 410
538 474
538 602
538 666
538 730
539 347
539 411
539 475
539 603
539 667
539 731
539 768
539 1193
540 238
540 348
540 412
540 476
540 537
540 604
540 668
540 732
541 349
541 413
541 477
541 605
541 669
541 733
542 350
542 414
542 478
542 606
542 670
542 734
543 351
543 415
543 479
543 607
543 671
543 735
544 204
544 352
544 416
544 480
544 608
544 672
544 736
545 33
545 239
545 353
545 417
545 481
545 609
545 673
545 737
546 354
546 418
546 482
546 610
546 652
546 674
546 738
546 993
547 19
547 355
547 419
547 483
547 611
547 675
547 708
547 739
547 1187
548 96
548 356
548 420
548 484
548 612
548 676
548 740
549 357
549 421
549 485
549 613
549 677
549 741
549 960
550 358
550 422
550 486
550 614
550 678
550 742
551 359
551 423
551 487
551 615
551 679
551 743
551 763
551 1048
552 74
552 360
552 424
552 488
552 616
552 680
552 744
552 987
553 361
553 425
553 489
553 617
553 681
553 745
554 362
554 426
554 490
554 618
554 682
554 746
554 1125
555 427
555 491
555 619
555 683
555 747
556 364
556 428
556 492
556 620
556 684
556 748
556 919
556 1185
556 1186
557 236
557 365
557 429
557 490
557 493
557 621
557 685
557 749
558 180
558 366
558 430
558 494
558 622
558 686
558 750
558 815
558 983
559 367
559 431
559 495
559 501
559 623
559 687
559 751
559 863
560 368
560 432
560 496
560 624
560 688
560 752
560 947
561 369
561 433
561 497
561 625
561 689
561 753
561 1127
562 370
562 434
562 498
562 626
562 690
562 754
563 371
563 435
563 499
563 627
563 691
563 755
563 1256
564 44
564 103
564 372
564 408
564 436
564 500
564 628
564 692
564 756
564 893
564 1261
565 373
565 437
565 501
565 629
565 693
565 757
566 3
566 5
566 6
566 17
566 54
566 67
566 69
566 70
566 75
566 77
566 81
566 131
566 133
566 134
566 142
566 143
566 145
566 182
566 193
566 195
566 197
566 198
566 206
566 207
566 246
566 257
566 259
566 261
566 262
566 270
566 271
566 278
566 286
566 294
566 310
566 325
566 326
566 331
566 333
566 337
566 374
566 387
566 389
566 390
566 401
566 438
566 453
566 454
566 463
566 465
566 502
566 515
566 517
566 518
566 525
566 529
566 577
566 579
566 581
566 582
566 590
566 591
566 593
566 598
566 605
566 630
566 645
566 651
566 653
566 657
566 694
566 707
566 709
566 710
566 717
566 721
566 758
566 769
566 771
566 773
566 774
566 782
566 783
566 785
566 788
566 797
566 798
566 806
566 837
566 838
566 845
566 846
566 847
566 849
566 886
566 897
566 899
566 901
566 902
566 910
566 911
566 913
566 925
566 950
566 965
566 966
566 971
566 977
566 989
566 1014
566 1027
566 1029
566 1030
566 1035
566 1038
566 1039
566 1041
566 1046
566 1054
566 1078
566 1093
566 1094
566 1099
566 1101
566 1102
566 1105
566 1142
566 1155
566 1157
566 1158
566 1163
566 1165
566 1169
566 1206
566 1221
566 1222
566 1227
566 1229
566 1233
567 375
567 439
567 503
567 631
567 695
567 759
568 376
568 440
568 504
568 632
568 696
568 760
569 60
569 62
569 377
569 441
569 505
569 633
569 697
569 761
570 126
570 191
570 378
570 442
570 506
570 634
570 639
570 691
570 698
570 762
571 379
571 443
571 446
571 507
571 635
571 699
571 763
571 848
571 1080
572 380
572 444
572 508
572 636
572 700
572 764
573 381
573 445
573 509
573 637
573 701
573 765
574 382
574 446
574 510
574 638
574 702
574 766
575 383
575 447
575 511
575 639
575 664
575 703
575 767
576 384
576 448
576 512
576 640
576 704
576 768
577 3
577 6
577 54
577 67
577 69
577 70
577 134
577 142
577 143
577 150
577 182
577 193
577 214
577 271
577 278
577 286
577 294
577 296
577 323
577 326
577 374
577 385
577 387
577 438
577 449
577 451
577 462
577 463
577 477
577 478
577 502
577 513
577 515
577 518
577 526
577 566
577 590
577 591
577 598
577 603
577 605
577 641
577 645
577 657
577 705
577 707
577 710
577 758
577 769
577 783
577 788
577 798
577 806
577 837
577 838
577 846
577 847
577 886
577 897
577 899
577 911
577 925
577 965
577 966
577 975
577 989
577 1014
577 1038
577 1039
577 1046
577 1093
577 1094
577 1102
577 1142
577 1155
577 1158
577 1169
577 1174
577 1206
577 1219
577 1221
577 1222
577 1231
578 231
578 320
578 386
578 450
578 514
578 640
578 642
578 706
578 770
579 3
579 5
579 6
579 11
579 13
579 17
579 54
579 69
579 70
579 75
579 77
579 81
579 131
579 133
579 134
579 142
579 143
579 145
579 182
579 193
579 195
579 197
579 198
579 206
579 207
579 209
579 246
579 257
579 259
579 261
579 262
579 270
579 271
579 273
579 278
579 286
579 294
579 310
579 325
579 326
579 331
579 333
579 337
579 387
579 389
579 390
579 395
579 397
579 401
579 438
579 451
579 453
579 454
579 461
579 463
579 465
579 515
579 517
579 518
579 523
579 525
579 529
579 566
579 581
579 582
579 590
579 591
579 593
579 598
579 630
579 643
579 651
579 653
579 657
579 707
579 709
579 710
579 715
579 717
579 721
579 769
579 771
579 773
579 774
579 782
579 783
579 785
579 788
579 797
579 806
579 822
579 837
579 838
579 843
579 845
579 846
579 849
579 886
579 899
579 901
579 902
579 909
579 910
579 911
579 913
579 925
579 950
579 965
579 966
579 971
579 973
579 977
579 989
579 1027
579 1029
579 1030
579 1035
579 1037
579 1038
579 1039
579 1041
579 1046
579 1054
579 1078
579 1093
579 1094
579 1099
579 1101
579 1102
579 1105
579 1142
579 1155
579 1157
579 1158
579 1163
579 1165
579 1169
579 1206
579 1221
579 1222
579 1227
579 1229
579 1233
580 388
580 452
580 516
580 611
580 644
580 708
580 744
580 772
580 1055
581 5
581 6
581 11
581 13
581 17
581 69
581 75
581 77
581 81
581 131
581 133
581 134
581 139
581 141
581 145
581 182
581 195
581 197
581 198
581 203
581 205
581 206
581 207
581 209
581 246
581 257
581 259
581 261
581 262
581 267
581 269
581 270
581 273
581 310
581 325
581 331
581 333
581 337
581 389
581 390
581 395
581 397
581 401
581 438
581 453
581 454
581 459
581 461
581 465
581 515
581 517
581 523
581 525
581 529
581 566
581 579
581 582
581 587
581 589
581 591
581 593
581 598
581 630
581 645
581 651
581 653
581 709
581 710
581 715
581 717
581 721
581 771
581 773
581 774
581 779
581 781
581 782
581 783
581 785
581 788
581 797
581 822
581 837
581 843
581 845
581 849
581 886
581 899
581 901
581 902
581 907
581 909
581 910
581 911
581 913
581 925
581 950
581 966
581 971
581 973
581 977
581 1027
581 1029
581 1030
581 1035
581 1037
581 1041
581 1054
581 1078
581 1099
581 1101
581 1105
581 1142
581 1157
581 1163
581 1165
581 1169
581 1227
581 1229
581 1233
582 5
582 6
582 11
582 13
582 17
582 69
582 75
582 77
582 81
582 131
582 133
582 134
582 139
582 141
582 142
582 143
582 145
582 182
582 193
582 195
582 197
582 198
582 203
582 205
582 206
582 207
582 209
582 246
582 257
582 259
582 261
582 262
582 269
582 270
582 273
582 294
582 310
582 325
582 331
582 333
582 337
582 387
582 389
582 390
582 395
582 397
582 401
582 438
582 453
582 454
582 459
582 461
582 465
582 515
582 517
582 518
582 523
582 525
582 529
582 566
582 579
582 581
582 587
582 589
582 591
582 593
582 598
582 630
582 646
582 651
582 653
582 707
582 709
582 710
582 715
582 717
582 721
582 769
582 771
582 773
582 774
582 779
582 782
582 783
582 785
582 788
582 797
582 822
582 837
582 843
582 845
582 849
582 886
582 899
582 901
582 902
582 907
582 909
582 910
582 911
582 913
582 925
582 950
582 965
582 966
582 971
582 973
582 977
582 1027
582 1029
582 1030
582 1035
582 1037
582 1041
582 1046
582 1054
582 1078
582 1099
582 1101
582 1102
582 1105
582 1142
582 1157
582 1163
582 1165
582 1169
582 1222
582 1227
582 1229
582 1233
583 7
583 71
583 135
583 201
583 265
583 327
583 391
583 455
583 457
583 519
583 647
583 711
583 713
583 775
583 839
583 903
583 967
583 1031
583 1095
583 1159
583 1223
584 392
584 456
584 520
584 648
584 712
584 776
585 393
585 457
585 521
585 649
585 713
585 777
586 394
586 458
586 522
586 650
586 714
586 778
587 11
587 13
587 75
587 77
587 133
587 139
587 141
587 145
587 195
587 197
587 198
587 203
587 205
587 206
587 209
587 259
587 261
587 267
587 269
587 273
587 331
587 333
587 395
587 397
587 401
587 459
587 461
587 465
587 523
587 525
587 581
587 582
587 589
587 593
587 630
587 651
587 715
587 717
587 721
587 779
587 781
587 785
587 822
587 843
587 845
587 907
587 909
587 913
587 971
587 973
587 1035
587 1037
587 1041
587 1101
587 1163
587 1165
587 1227
587 1229
588 0
588 396
588 460
588 524
588 652
588 716
588 780
588 948
589 11
589 13
589 17
589 75
589 77
589 81
589 131
589 133
589 139
589 141
589 145
589 195
589 197
589 198
589 203
589 205
589 206
589 209
589 259
589 261
589 262
589 267
589 269
589 270
589 273
589 310
589 331
589 333
589 389
589 395
589 397
589 401
589 453
589 459
589 461
589 465
589 523
589 525
589 529
589 581
589 582
589 587
589 593
589 630
589 651
589 653
589 709
589 715
589 717
589 721
589 771
589 773
589 779
589 781
589 785
589 822
589 843
589 845
589 849
589 901
589 902
589 907
589 909
589 913
589 971
589 973
589 977
589 1029
589 1030
589 1035
589 1037
589 1041
589 1054
589 1078
589 1101
589 1163
589 1165
589 1227
589 1229
590 3
590 5
590 6
590 54
590 67
590 69
590 70
590 134
590 142
590 143
590 150
590 182
590 193
590 207
590 214
590 246
590 257
590 271
590 278
590 286
590 294
590 296
590 323
590 325
590 326
590 337
590 374
590 387
590 390
590 398
590 438
590 451
590 454
590 462
590 463
590 477
590 478
590 502
590 515
590 517
590 518
590 526
590 566
590 577
590 579
590 591
590 598
590 603
590 605
590 645
590 654
590 657
590 707
590 709
590 710
590 718
590 758
590 769
590 774
590 782
590 783
590 788
590 797
590 798
590 806
590 837
590 838
590 846
590 847
590 886
590 897
590 899
590 902
590 910
590 911
590 925
590 950
590 965
590 966
590 989
590 1014
590 1027
590 1030
590 1038
590 1039
590 1046
590 1054
590 1093
590 1094
590 1099
590 1102
590 1105
590 1142
590 1155
590 1157
590 1158
590 1169
590 1174
590 1206
590 1219
590 1221
590 1222
590 1231
590 1233
591 3
591 5
591 6
591 17
591 54
591 67
591 69
591 70
591 75
591 77
591 81
591 131
591 133
591 134
591 142
591 143
591 145
591 182
591 193
591 195
591 197
591 198
591 206
591 207
591 246
591 257
591 259
591 261
591 262
591 270
591 271
591 278
591 286
591 294
591 310
591 325
591 326
591 331
591 333
591 337
591 387
591 389
591 390
591 399
591 401
591 438
591 453
591 454
591 463
591 465
591 478
591 502
591 515
591 517
591 518
591 525
591 527
591 529
591 566
591 577
591 579
591 581
591 582
591 590
591 593
591 598
591 605
591 630
591 645
591 651
591 653
591 655
591 657
591 707
591 709
591 710
591 717
591 719
591 721
591 769
591 771
591 773
591 774
591 782
591 783
591 785
591 788
591 797
591 798
591 806
591 837
591 838
591 845
591 846
591 847
591 849
591 886
591 897
591 899
591 901
591 902
591 910
591 911
591 913
591 925
591 950
591 965
591 966
591 971
591 977
591 989
591 1014
591 1027
591 1029
591 1030
591 1035
591 1038
591 1039
591 1041
591 1046
591 1054
591 1078
591 1093
591 1094
591 1099
591 1101
591 1102
591 1105
591 1142
591 1155
591 1157
591 1158
591 1163
591 1165
591 1169
591 1206
591 1221
591 1222
591 1227
591 1229
591 1233
592 111
592 400
592 464
592 528
592 644
592 656
592 720
592 784
592 1109
593 5
593 11
593 13
593 17
593 75
593 77
593 81
593 131
593 133
593 139
593 141
593 145
593 195
593 197
593 198
593 203
593 205
593 206
593 207
593 209
593 246
593 257
593 259
593 261
593 262
593 267
593 269
593 270
593 273
593 310
593 325
593 331
593 333
593 337
593 389
593 390
593 395
593 397
593 401
593 453
593 454
593 459
593 461
593 465
593 517
593 523
593 525
593 529
593 566
593 579
593 581
593 582
593 587
593 589
593 591
593 630
593 651
593 653
593 657
593 709
593 715
593 717
593 721
593 771
593 773
593 774
593 779
593 781
593 782
593 783
593 785
593 797
593 822
593 843
593 845
593 849
593 886
593 901
593 902
593 907
593 909
593 910
593 913
593 925
593 950
593 971
593 973
593 977
593 1027
593 1029
593 1030
593 1035
593 1037
593 1041
593 1054
593 1078
593 1099
593 1101
593 1105
593 1157
593 1163
593 1165
593 1227
593 1229
593 1233
594 27
594 402
594 466
594 530
594 658
594 722
594 786
595 403
595 467
595 531
595 659
595 723
595 787
596 162
596 228
596 404
596 468
596 532
596 660
596 724
596 788
597 405
597 467
597 469
597 533
597 661
597 725
597 740
597 789
598 3
598 5
598 6
598 17
598 54
598 67
598 69
598 70
598 75
598 77
598 81
598 131
598 133
598 134
598 142
598 143
598 145
598 182
598 193
598 195
598 197
598 198
598 206
598 207
598 246
598 257
598 261
598 262
598 270
598 271
598 278
598 286
598 294
598 310
598 325
598 326
598 331
598 333
598 337
598 387
598 389
598 390
598 401
598 406
598 438
598 453
598 454
598 463
598 465
598 470
598 478
598 502
598 515
598 517
598 518
598 525
598 526
598 529
598 534
598 566
598 577
598 579
598 581
598 582
598 590
598 591
598 603
598 605
598 630
598 645
598 651
598 653
598 657
598 662
598 707
598 709
598 710
598 717
598 721
598 726
598 769
598 771
598 773
598 774
598 782
598 783
598 788
598 790
598 797
598 798
598 806
598 837
598 838
598 845
598 846
598 847
598 849
598 886
598 897
598 899
598 901
598 902
598 910
598 911
598 913
598 925
598 950
598 965
598 966
598 971
598 977
598 989
598 1014
598 1027
598 1029
598 1030
598 1035
598 1038
598 1039
598 1041
598 1046
598 1054
598 1078
598 1093
598 1094
598 1099
598 1101
598 1102
598 1105
598 1142
598 1155
598 1157
598 1158
598 1163
598 1165
598 1169
598 1206
598 1219
598 1221
598 1222
598 1227
598 1229
598 1233
599 315
599 407
599 471
599 535
599 663
599 727
599 791
600 408
600 472
600 536
600 664
600 728
600 792
601 245
601 409
601 473
601 537
601 665
601 729
601 793
602 345
602 369
602 410
602 474
602 538
602 666
602 730
602 794
603 3
603 6
603 54
603 67
603 69
603 70
603 142
603 143
603 150
603 193
603 214
603 271
603 278
603 286
603 294
603 296
603 323
603 326
603 374
603 387
603 411
603 438
603 451
603 462
603 463
603 475
603 477
603 478
603 502
603 515
603 518
603 526
603 539
603 577
603 590
603 598
603 605
603 645
603 657
603 667
603 707
603 710
603 731
603 758
603 769
603 788
603 795
603 798
603 806
603 837
603 838
603 846
603 847
603 897
603 899
603 911
603 965
603 966
603 975
603 989
603 1014
603 1038
603 1039
603 1046
603 1093
603 1094
603 1102
603 1142
603 1155
603 1158
603 1169
603 1174
603 1206
603 1219
603 1221
603 1222
603 1231
603 1270
604 412
604 476
604 540
604 668
604 732
604 796
605 3
605 6
605 54
605 67
605 69
605 70
605 134
605 142
605 143
605 150
605 182
605 193
605 214
605 271
605 278
605 286
605 294
605 296
605 323
605 326
605 374
605 387
605 413
605 438
605 451
605 462
605 463
605 477
605 478
605 502
605 515
605 518
605 526
605 541
605 566
605 577
605 590
605 591
605 598
605 603
605 645
605 657
605 669
605 707
605 710
605 733
605 758
605 769
605 783
605 788
605 797
605 798
605 806
605 837
605 838
605 846
605 847
605 886
605 897
605 899
605 911
605 925
605 965
605 966
605 975
605 989
605 1014
605 1038
605 1039
605 1046
605 1093
605 1094
605 1102
605 1142
605 1155
605 1158
605 1169
605 1174
605 1206
605 1219
605 1221
605 1222
605 1231
606 414
606 478
606 542
606 670
606 734
606 798
607 358
607 403
607 415
607 479
607 543
607 671
607 735
607 799
608 416
608 480
608 544
608 672
608 736
608 800
609 94
609 417
609 481
609 545
609 673
609 737
609 801
609 850
609 1179
610 244
610 418
610 482
610 546
610 674
610 738
610 802
611 419
611 483
611 547
611 580
611 675
611 739
611 744
611 803
611 1055
612 82
612 420
612 484
612 489
612 548
612 676
612 740
612 804
613 421
613 485
613 549
613 677
613 741
613 805
613 1002
614 422
614 486
614 550
614 678
614 742
614 806
615 258
615 423
615 484
615 487
615 551
615 679
615 743
615 807
615 1201
616 424
616 488
616 552
616 680
616 744
616 808
617 425
617 489
617 553
617 681
617 745
617 809
617 1257
618 426
618 490
618 554
618 682
618 746
618 810
619 272
619 427
619 485
619 491
619 555
619 683
619 747
619 811
619 1250
620 428
620 492
620 556
620 684
620 748
620 812
620 1097
621 356
621 375
621 429
621 493
621 557
621 685
621 749
621 813
622 362
622 430
622 494
622 558
622 686
622 750
622 814
623 431
623 493
623 495
623 559
623 687
623 751
623 815
623 1235
624 53
624 432
624 496
624 560
624 688
624 706
624 752
624 816
625 396
625 433
625 497
625 561
625 689
625 753
625 817
625 1243
626 434
626 498
626 562
626 690
626 754
626 818
626 949
626 1136
627 435
627 499
627 563
627 691
627 755
627 819
628 436
628 500
628 564
628 675
628 692
628 756
628 791
628 820
629 87
629 437
629 501
629 565
629 693
629 757
629 792
629 821
629 954
630 5
630 6
630 11
630 13
630 17
630 69
630 75
630 77
630 81
630 131
630 133
630 134
630 139
630 141
630 142
630 143
630 145
630 182
630 193
630 195
630 197
630 198
630 203
630 205
630 206
630 207
630 209
630 246
630 257
630 259
630 261
630 262
630 267
630 269
630 270
630 273
630 294
630 310
630 325
630 331
630 333
630 337
630 387
630 389
630 390
630 395
630 397
630 401
630 438
630 453
630 454
630 459
630 461
630 465
630 502
630 515
630 517
630 518
630 523
630 525
630 529
630 566
630 579
630 581
630 582
630 587
630 589
630 591
630 593
630 598
630 651
630 653
630 694
630 709
630 710
630 715
630 717
630 721
630 758
630 769
630 771
630 773
630 774
630 779
630 782
630 783
630 785
630 788
630 797
630 822
630 837
630 843
630 845
630 849
630 886
630 899
630 901
630 902
630 907
630 909
630 910
630 911
630 913
630 925
630 950
630 965
630 966
630 971
630 973
630 977
630 1027
630 1029
630 1030
630 1035
630 1037
630 1041
630 1046
630 1054
630 1078
630 1099
630 1101
630 1102
630 1105
630 1142
630 1157
630 1163
630 1165
630 1169
630 1227
630 1229
630 1233
631 439
631 503
631 567
631 695
631 759
631 823
631 861
631 1236
632 440
632 504
632 568
632 696
632 760
632 824
633 441
633 505
633 514
633 569
633 697
633 761
633 825
633 1263
634 442
634 445
634 506
634 570
634 679
634 698
634 762
634 826
635 368
635 443
635 507
635 571
635 699
635 763
635 827
635 1213
636 59
636 444
636 508
636 572
636 666
636 700
636 764
636 828
636 1215
637 445
637 509
637 573
637 701
637 765
637 829
637 1266
638 446
638 510
638 574
638 702
638 766
638 830
639 126
639 191
639 447
639 511
639 570
639 575
639 691
639 703
639 767
639 831
640 231
640 320
640 448
640 512
640 576
640 578
640 704
640 768
640 832
641 146
641 449
641 513
641 577
641 705
641 769
641 833
642 176
642 423
642 450
642 514
642 578
642 706
642 770
642 834
642 1208
643 78
643 150
643 323
643 398
643 451
643 462
643 477
643 486
643 515
643 579
643 646
643 707
643 771
643 809
643 835
643 854
643 918
643 926
643 963
643 975
643 1103
643 1166
643 1174
643 1231
643 1246
643 1270
644 111
644 452
644 516
644 580
644 592
644 708
644 772
644 836
644 1109
645 3
645 6
645 54
645 67
645 69
645 70
645 134
645 142
645 143
645 150
645 182
645 193
645 214
645 271
645 278
645 286
645 294
645 296
645 323
645 326
645 374
645 387
645 438
645 451
645 453
645 462
645 463
645 477
645 478
645 502
645 515
645 517
645 518
645 526
645 566
645 577
645 581
645 590
645 591
645 598
645 603
645 605
645 657
645 707
645 709
645 710
645 758
645 769
645 773
645 783
645 788
645 798
645 806
645 837
645 838
645 846
645 847
645 886
645 897
645 899
645 911
645 925
645 965
645 966
645 975
645 989
645 1014
645 1038
645 1039
645 1046
645 1093
645 1094
645 1102
645 1142
645 1155
645 1158
645 1169
645 1174
645 1206
645 1219
645 1221
645 1222
645 1231
646 78
646 150
646 296
646 323
646 374
646 398
646 451
646 454
646 462
646 477
646 486
646 518
646 582
646 643
646 710
646 758
646 774
646 809
646 835
646 838
646 854
646 918
646 926
646 963
646 975
646 1103
646 1174
646 1231
646 1246
646 1270
647 7
647 71
647 135
647 201
647 265
647 327
647 391
647 455
647 457
647 519
647 583
647 711
647 713
647 775
647 839
647 903
647 967
647 1031
647 1095
647 1159
647 1223
648 456
648 520
648 584
648 712
648 776
648 840
648 1000
649 151
649 457
649 521
649 585
649 672
649 713
649 777
649 841
650 458
650 522
650 586
650 714
650 778
650 842
650 955
651 5
651 6
651 11
651 13
651 17
651 69
651 75
651 77
651 81
651 131
651 133
651 134
651 139
651 141
651 145
651 182
651 195
651 197
651 198
651 203
651 205
651 206
651 207
651 209
651 246
651 257
651 259
651 261
651 262
651 267
651 269
651 270
651 273
651 294
651 310
651 325
651 331
651 333
651 337
651 389
651 390
651 395
651 397
651 401
651 438
651 453
651 454
651 459
651 461
651 465
651 515
651 517
651 523
651 525
651 529
651 566
651 579
651 581
651 582
651 587
651 589
651 591
651 593
651 598
651 630
651 653
651 709
651 710
651 715
651 717
651 721
651 771
651 773
651 774
651 779
651 781
651 782
651 783
651 785
651 788
651 797
651 822
651 837
651 843
651 845
651 849
651 886
651 899
651 901
651 902
651 907
651 909
651 910
651 911
651 913
651 925
651 950
651 966
651 971
651 973
651 977
651 1027
651 1029
651 1030
651 1035
651 1037
651 1041
651 1054
651 1078
651 1099
651 1101
651 1105
651 1142
651 1157
651 1163
651 1165
651 1169
651 1227
651 1229
651 1233
652 460
652 524
652 546
652 588
652 716
652 780
652 844
652 993
653 3
653 5
653 6
653 11
653 13
653 17
653 69
653 75
653 77
653 81
653 131
653 133
653 134
653 139
653 141
653 142
653 143
653 145
653 182
653 193
653 195
653 197
653 198
653 206
653 207
653 209
653 246
653 257
653 259
653 261
653 262
653 270
653 271
653 273
653 294
653 310
653 325
653 331
653 333
653 337
653 387
653 389
653 390
653 395
653 397
653 401
653 438
653 453
653 454
653 459
653 461
653 465
653 515
653 517
653 518
653 523
653 525
653 529
653 566
653 579
653 581
653 582
653 589
653 591
653 593
653 598
653 630
653 651
653 707
653 709
653 710
653 715
653 717
653 721
653 769
653 771
653 773
653 774
653 779
653 781
653 782
653 783
653 785
653 788
653 797
653 822
653 837
653 843
653 845
653 849
653 886
653 899
653 901
653 902
653 907
653 909
653 910
653 911
653 913
653 925
653 950
653 965
653 966
653 971
653 973
653 977
653 1027
653 1029
653 1030
653 1035
653 1037
653 1041
653 1046
653 1054
653 1078
653 1099
653 1101
653 1102
653 1105
653 1142
653 1157
653 1163
653 1165
653 1169
653 1222
653 1227
653 1229
653 1233
654 462
654 526
654 590
654 718
654 782
654 846
654 1032
654 1161
655 463
655 527
655 534
655 591
655 719
655 783
655 847
656 464
656 528
656 592
656 720
656 766
656 784
656 848
656 1203
657 3
657 5
657 6
657 54
657 67
657 69
657 70
657 134
657 142
657 143
657 150
657 182
657 193
657 207
657 214
657 246
657 257
657 271
657 278
657 286
657 294
657 296
657 323
657 325
657 326
657 337
657 374
657 387
657 390
657 438
657 451
657 454
657 462
657 463
657 465
657 477
657 478
657 502
657 515
657 517
657 518
657 526
657 529
657 566
657 577
657 579
657 590
657 591
657 593
657 598
657 603
657 605
657 645
657 707
657 710
657 721
657 758
657 769
657 774
657 782
657 783
657 785
657 788
657 797
657 798
657 806
657 837
657 838
657 846
657 847
657 849
657 886
657 897
657 899
657 910
657 911
657 925
657 950
657 965
657 966
657 989
657 1014
657 1027
657 1038
657 1039
657 1046
657 1093
657 1094
657 1099
657 1102
657 1105
657 1142
657 1155
657 1157
657 1158
657 1169
657 1174
657 1206
657 1219
657 1221
657 1222
657 1231
657 1233
658 18
658 466
658 530
658 594
658 722
658 786
658 850
658 936
658 1090
659 467
659 531
659 595
659 723
659 787
659 851
660 55
660 108
660 468
660 532
660 596
660 724
660 788
660 852
660 1240
661 190
661 469
661 472
661 533
661 536
661 597
661 725
661 789
661 853
662 470
662 534
662 598
662 726
662 790
662 854
662 1065
663 471
663 535
663 599
663 727
663 791
663 855
664 472
664 536
664 575
664 600
664 728
664 792
664 856
665 253
665 473
665 537
665 601
665 729
665 793
665 857
665 986
665 1047
665 1173
665 1178
666 59
666 474
666 538
666 602
666 636
666 730
666 794
666 858
666 1215
667 275
667 475
667 539
667 603
667 731
667 795
667 859
668 364
668 476
668 540
668 604
668 732
668 796
668 860
669 15
669 477
669 541
669 605
669 733
669 797
669 861
669 978
670 297
670 478
670 542
670 606
670 734
670 798
670 862
671 479
671 499
671 543
671 607
671 735
671 799
671 863
672 151
672 480
672 544
672 608
672 649
672 736
672 800
672 864
673 481
673 545
673 609
673 737
673 801
673 816
673 865
674 47
674 84
674 482
674 546
674 610
674 720
674 738
674 761
674 802
674 866
675 483
675 547
675 611
675 628
675 739
675 791
675 803
675 867
676 117
676 484
676 548
676 612
676 740
676 804
676 868
676 885
677 373
677 485
677 549
677 613
677 741
677 805
677 869
678 486
678 550
678 614
678 742
678 745
678 806
678 870
678 1196
679 445
679 487
679 551
679 615
679 634
679 743
679 807
679 871
680 488
680 552
680 616
680 744
680 808
680 872
680 988
680 1119
681 25
681 489
681 553
681 617
681 745
681 809
681 873
681 1116
682 469
682 490
682 554
682 618
682 746
682 794
682 810
682 874
683 491
683 555
683 619
683 747
683 811
683 875
684 224
684 492
684 556
684 620
684 748
684 812
684 876
685 493
685 557
685 621
685 729
685 749
685 813
685 877
685 1007
686 494
686 558
686 622
686 700
686 750
686 814
686 878
686 1232
687 495
687 559
687 623
687 751
687 815
687 879
687 1063
688 496
688 560
688 624
688 690
688 752
688 816
688 880
688 1255
689 497
689 561
689 625
689 753
689 755
689 817
689 881
690 498
690 562
690 626
690 688
690 754
690 818
690 882
690 1255
691 126
691 191
691 499
691 563
691 570
691 627
691 639
691 755
691 819
691 883
692 500
692 504
692 564
692 628
692 756
692 820
692 884
693 23
693 501
693 565
693 629
693 756
693 757
693 821
693 885
694 502
694 566
694 630
694 758
694 822
694 886
695 20
695 280
695 503
695 535
695 567
695 631
695 759
695 823
695 887
696 504
696 568
696 632
696 760
696 824
696 888
697 505
697 569
697 633
697 761
697 825
697 889
698 506
698 570
698 634
698 762
698 826
698 890
698 1150
699 507
699 571
699 635
699 763
699 827
699 891
700 508
700 572
700 636
700 686
700 764
700 828
700 892
700 1232
701 509
701 573
701 637
701 765
701 829
701 893
701 1081
702 510
702 574
702 638
702 766
702 830
702 894
702 1019
702 1067
703 511
703 575
703 639
703 767
703 831
703 895
704 512
704 576
704 640
704 768
704 832
704 896
705 470
705 513
705 577
705 641
705 769
705 833
705 897
706 53
706 514
706 578
706 624
706 642
706 770
706 834
706 898
707 3
707 5
707 6
707 17
707 54
707 67
707 69
707 70
707 81
707 131
707 134
707 142
707 143
707 182
707 193
707 207
707 214
707 246
707 257
707 262
707 270
707 271
707 278
707 286
707 294
707 296
707 310
707 323
707 325
707 326
707 337
707 374
707 387
707 389
707 390
707 438
707 453
707 454
707 463
707 477
707 478
707 502
707 515
707 517
707 518
707 526
707 529
707 566
707 577
707 579
707 582
707 590
707 591
707 598
707 603
707 605
707 643
707 645
707 653
707 657
707 709
707 710
707 758
707 769
707 771
707 773
707 774
707 782
707 783
707 788
707 797
707 798
707 806
707 835
707 837
707 838
707 846
707 847
707 849
707 886
707 897
707 899
707 901
707 902
707 910
707 911
707 925
707 950
707 965
707 966
707 977
707 989
707 1014
707 1027
707 1029
707 1030
707 1038
707 1039
707 1046
707 1054
707 1078
707 1093
707 1094
707 1099
707 1102
707 1105
707 1142
707 1155
707 1157
707 1158
707 1169
707 1174
707 1206
707 1219
707 1221
707 1222
707 1233
708 19
708 516
708 547
708 580
708 644
708 772
708 836
708 900
708 1187
709 3
709 5
709 6
709 11
709 13
709 17
709 54
709 69
709 70
709 75
709 77
709 81
709 131
709 133
709 134
709 141
709 142
709 143
709 145
709 182
709 193
709 195
709 197
709 198
709 206
709 207
709 209
709 246
709 257
709 259
709 261
709 262
709 270
709 271
709 273
709 278
709 286
709 294
709 310
709 325
709 326
709 331
709 333
709 337
709 387
709 389
709 390
709 395
709 397
709 401
709 438
709 453
709 454
709 461
709 465
709 515
709 517
709 518
709 523
709 525
709 529
709 566
709 579
709 581
709 582
709 589
709 590
709 591
709 593
709 598
709 630
709 645
709 651
709 653
709 707
709 710
709 715
709 717
709 721
709 769
709 771
709 773
709 774
709 782
709 783
709 785
709 788
709 797
709 806
709 822
709 837
709 843
709 845
709 846
709 849
709 886
709 899
709 901
709 902
709 907
709 909
709 910
709 911
709 913
709 925
709 950
709 965
709 966
709 971
709 973
709 977
709 989
709 1027
709 1029
709 1030
709 1035
709 1037
709 1038
709 1039
709 1041
709 1046
709 1054
709 1078
709 1093
709 1094
709 1099
709 1101
709 1102
709 1105
709 1142
709 1157
709 1158
709 1163
709 1165
709 1169
709 1206
709 1221
709 1222
709 1227
709 1229
709 1233
710 3
710 5
710 6
710 17
710 54
710 67
710 69
710 70
710 77
710 81
710 131
710 133
710 134
710 142
710 143
710 145
710 182
710 193
710 195
710 197
710 198
710 206
710 207
710 214
710 246
710 257
710 262
710 270
710 271
710 278
710 286
710 294
710 310
710 325
710 326
710 333
710 337
710 387
710 389
710 390
710 401
710 438
710 453
710 454
710 463
710 465
710 478
710 502
710 515
710 517
710 518
710 526
710 529
710 566
710 577
710 579
710 581
710 582
710 590
710 591
710 598
710 603
710 605
710 630
710 645
710 646
710 651
710 653
710 657
710 707
710 709
710 721
710 769
710 771
710 773
710 774
710 782
710 783
710 788
710 797
710 798
710 806
710 837
710 838
710 846
710 847
710 849
710 886
710 897
710 899
710 901
710 902
710 910
710 911
710 925
710 950
710 965
710 966
710 971
710 977
710 989
710 1014
710 1027
710 1029
710 1030
710 1038
710 1039
710 1041
710 1046
710 1054
710 1078
710 1093
710 1094
710 1099
710 1101
710 1102
710 1105
710 1142
710 1155
710 1157
710 1158
710 1163
710 1169
710 1206
710 1219
710 1221
710 1222
710 1227
710 1229
710 1233
711 519
711 583
711 647
711 775
711 839
711 903
712 520
712 584
712 648
712 776
712 840
712 904
713 7
713 71
713 135
713 201
713 265
713 327
713 391
713 457
713 519
713 521
713 583
713 585
713 647
713 649
713 775
713 777
713 839
713 841
713 903
713 905
713 967
713 1031
713 1095
713 1159
713 1223
714 522
714 586
714 650
714 778
714 803
714 842
714 906
715 5
715 11
715 13
715 17
715 75
715 77
715 81
715 131
715 133
715 139
715 141
715 145
715 195
715 197
715 198
715 203
715 205
715 206
715 207
715 209
715 246
715 257
715 259
715 261
715 262
715 267
715 269
715 270
715 273
715 310
715 331
715 333
715 337
715 389
715 390
715 395
715 397
715 401
715 453
715 454
715 459
715 461
715 465
715 517
715 523
715 525
715 529
715 579
715 581
715 582
715 587
715 589
715 593
715 630
715 651
715 653
715 709
715 717
715 721
715 771
715 773
715 774
715 779
715 781
715 782
715 785
715 797
715 822
715 843
715 845
715 849
715 901
715 902
715 907
715 909
715 910
715 913
715 950
715 971
715 973
715 977
715 1029
715 1030
715 1035
715 1037
715 1041
715 1054
715 1078
715 1099
715 1101
715 1105
715 1157
715 1163
715 1165
715 1227
715 1229
716 524
716 588
716 652
716 780
716 844
716 866
716 908
717 5
717 6
717 11
717 13
717 17
717 75
717 77
717 81
717 131
717 133
717 134
717 139
717 141
717 145
717 182
717 195
717 197
717 198
717 203
717 205
717 206
717 207
717 209
717 246
717 257
717 259
717 261
717 262
717 267
717 269
717 270
717 273
717 310
717 325
717 331
717 333
717 337
717 389
717 390
717 395
717 397
717 401
717 438
717 453
717 454
717 459
717 461
717 465
717 517
717 523
717 525
717 529
717 566
717 579
717 581
717 582
717 587
717 589
717 591
717 593
717 598
717 630
717 651
717 653
717 709
717 715
717 721
717 771
717 773
717 774
717 779
717 781
717 782
717 783
717 785
717 797
717 822
717 843
717 845
717 849
717 886
717 901
717 902
717 907
717 909
717 910
717 913
717 925
717 950
717 971
717 973
717 977
717 1027
717 1029
717 1030
717 1035
717 1037
717 1041
717 1054
717 1078
717 1099
717 1101
717 1105
717 1157
717 1163
717 1165
717 1227
717 1229
717 1233
718 466
718 526
718 590
718 654
718 782
718 846
718 910
719 527
719 591
719 655
719 783
719 847
719 911
720 47
720 84
720 528
720 592
720 656
720 674
720 761
720 784
720 848
720 912
721 5
721 6
721 11
721 13
721 17
721 69
721 75
721 77
721 81
721 131
721 133
721 134
721 139
721 141
721 145
721 182
721 193
721 195
721 197
721 198
721 203
721 205
721 206
721 207
721 209
721 246
721 257
721 259
721 261
721 262
721 267
721 269
721 270
721 273
721 294
721 310
721 325
721 331
721 333
721 337
721 387
721 389
721 390
721 395
721 397
721 401
721 438
721 453
721 454
721 459
721 461
721 465
721 515
721 517
721 523
721 525
721 529
721 566
721 579
721 581
721 582
721 587
721 589
721 591
721 593
721 598
721 630
721 651
721 653
721 657
721 709
721 710
721 715
721 717
721 771
721 773
721 774
721 779
721 781
721 782
721 783
721 785
721 788
721 797
721 822
721 837
721 843
721 845
721 849
721 886
721 899
721 901
721 902
721 907
721 909
721 910
721 911
721 913
721 925
721 950
721 965
721 966
721 971
721 973
721 977
721 1027
721 1029
721 1030
721 1035
721 1037
721 1041
721 1046
721 1054
721 1078
721 1099
721 1101
721 1102
721 1105
721 1142
721 1157
721 1163
721 1165
721 1169
721 1227
721 1229
721 1233
722 530
722 594
722 658
722 786
722 850
722 914
723 40
723 531
723 595
723 659
723 787
723 851
723 915
724 532
724 596
724 660
724 788
724 852
724 916
725 533
725 597
725 661
725 789
725 853
725 917
725 1138
726 534
726 598
726 662
726 790
726 817
726 854
726 918
727 535
727 599
727 663
727 791
727 855
727 919
728 536
728 600
728 664
728 792
728 856
728 920
729 537
729 601
729 665
729 685
729 793
729 857
729 921
729 1007
730 538
730 602
730 666
730 794
730 858
730 891
730 922
731 539
731 603
731 667
731 795
731 859
731 867
731 923
732 540
732 604
732 668
732 796
732 860
732 924
733 541
733 605
733 669
733 797
733 861
733 925
734 542
734 606
734 670
734 798
734 862
734 926
735 425
735 543
735 607
735 671
735 799
735 863
735 927
736 204
736 544
736 608
736 672
736 800
736 864
736 928
737 545
737 609
737 673
737 801
737 865
737 929
738 347
738 546
738 610
738 674
738 802
738 866
738 930
739 169
739 306
739 547
739 611
739 675
739 803
739 867
739 931
739 1234
740 467
740 548
740 597
740 612
740 676
740 804
740 868
740 932
741 435
741 473
741 549
741 613
741 677
741 805
741 869
741 933
741 944
742 550
742 614
742 678
742 806
742 870
742 934
743 184
743 551
743 615
743 679
743 807
743 871
743 878
743 935
743 958
743 1132
743 1198
744 552
744 580
744 611
744 616
744 680
744 808
744 872
744 936
744 1055
745 553
745 617
745 678
745 681
745 809
745 873
745 937
745 1196
746 554
746 618
746 682
746 810
746 874
746 938
747 555
747 619
747 683
747 811
747 875
747 939
748 556
748 620
748 684
748 812
748 876
748 940
748 1120
749 557
749 621
749 685
749 813
749 877
749 941
750 187
750 359
750 558
750 622
750 686
750 814
750 826
750 878
750 942
750 1017
750 1168
750 1277
751 405
751 559
751 623
751 687
751 815
751 879
751 943
752 560
752 624
752 688
752 816
752 880
752 944
752 999
753 561
753 625
753 689
753 817
753 881
753 945
754 498
754 562
754 626
754 690
754 818
754 882
754 946
755 563
755 627
755 689
755 691
755 819
755 883
755 947
756 23
756 564
756 628
756 692
756 693
756 820
756 884
756 948
757 565
757 629
757 693
757 784
757 821
757 885
757 949
758 3
758 54
758 67
758 70
758 142
758 143
758 150
758 193
758 214
758 271
758 278
758 286
758 294
758 296
758 323
758 326
758 374
758 387
758 451
758 462
758 463
758 477
758 478
758 502
758 518
758 526
758 566
758 577
758 590
758 603
758 605
758 630
758 645
758 646
758 657
758 694
758 707
758 769
758 798
758 806
758 822
758 838
758 846
758 847
758 886
758 897
758 950
758 965
758 975
758 989
758 1014
758 1038
758 1039
758 1046
758 1093
758 1094
758 1102
758 1103
758 1155
758 1158
758 1174
758 1206
758 1219
758 1221
758 1222
758 1231
758 1270
759 370
759 567
759 631
759 695
759 823
759 887
759 951
760 344
760 568
760 632
760 696
760 824
760 888
760 952
761 47
761 84
761 569
761 633
761 674
761 697
761 720
761 825
761 889
761 953
762 570
762 634
762 698
762 826
762 890
762 954
762 1150
763 551
763 571
763 635
763 699
763 827
763 891
763 955
763 1048
764 572
764 636
764 700
764 828
764 892
764 939
764 956
765 63
765 573
765 637
765 701
765 829
765 893
765 957
766 574
766 638
766 656
766 702
766 830
766 894
766 958
766 1203
767 575
767 639
767 703
767 831
767 894
767 895
767 959
768 539
768 576
768 640
768 704
768 832
768 896
768 960
768 1193
769 3
769 5
769 6
769 17
769 54
769 67
769 69
769 70
769 81
769 131
769 134
769 142
769 143
769 182
769 193
769 195
769 198
769 207
769 214
769 246
769 257
769 262
769 270
769 271
769 278
769 286
769 294
769 296
769 310
769 325
769 326
769 333
769 337
769 374
769 387
769 389
769 390
769 438
769 453
769 454
769 463
769 477
769 478
769 502
769 515
769 517
769 518
769 526
769 529
769 566
769 577
769 579
769 582
769 590
769 591
769 598
769 603
769 605
769 630
769 641
769 645
769 653
769 657
769 705
769 707
769 709
769 710
769 758
769 771
769 773
769 774
769 782
769 783
769 788
769 797
769 798
769 806
769 833
769 837
769 838
769 846
769 847
769 849
769 886
769 897
769 899
769 901
769 902
769 910
769 911
769 925
769 950
769 961
769 965
769 966
769 977
769 989
769 1014
769 1027
769 1029
769 1030
769 1038
769 1039
769 1046
769 1054
769 1078
769 1093
769 1094
769 1099
769 1102
769 1105
769 1142
769 1155
769 1157
769 1158
769 1163
769 1169
769 1174
769 1206
769 1219
769 1221
769 1222
769 1233
770 177
770 293
770 578
770 642
770 706
770 834
770 898
770 962
771 3
771 5
771 6
771 11
771 13
771 17
771 69
771 70
771 75
771 77
771 81
771 131
771 133
771 134
771 139
771 141
771 142
771 143
771 145
771 182
771 193
771 195
771 197
771 198
771 206
771 207
771 209
771 246
771 257
771 259
771 261
771 262
771 270
771 271
771 273
771 294
771 310
771 325
771 326
771 331
771 333
771 337
771 387
771 389
771 390
771 395
771 397
771 401
771 438
771 453
771 454
771 459
771 461
771 465
771 515
771 517
771 518
771 523
771 525
771 529
771 566
771 579
771 581
771 582
771 589
771 591
771 593
771 598
771 630
771 643
771 651
771 653
771 707
771 709
771 710
771 715
771 717
771 721
771 769
771 773
771 774
771 779
771 782
771 783
771 785
771 788
771 797
771 822
771 835
771 837
771 843
771 845
771 849
771 886
771 899
771 901
771 902
771 907
771 909
771 910
771 911
771 913
771 925
771 950
771 963
771 965
771 966
771 971
771 973
771 977
771 989
771 1027
771 1029
771 1030
771 1035
771 1037
771 1041
771 1046
771 1054
771 1078
771 1093
771 1099
771 1101
771 1102
771 1105
771 1142
771 1157
771 1158
771 1163
771 1165
771 1169
771 1222
771 1227
771 1229
771 1233
772 580
772 644
772 708
772 836
772 900
772 964
773 3
773 5
773 6
773 11
773 13
773 17
773 69
773 70
773 75
773 77
773 81
773 131
773 133
773 134
773 139
773 141
773 142
773 143
773 145
773 182
773 193
773 195
773 197
773 198
773 206
773 207
773 209
773 246
773 257
773 259
773 261
773 262
773 270
773 271
773 273
773 294
773 310
773 325
773 326
773 331
773 333
773 337
773 387
773 389
773 390
773 395
773 397
773 401
773 438
773 453
773 454
773 459
773 461
773 465
773 515
773 517
773 518
773 523
773 525
773 529
773 566
773 579
773 581
773 582
773 589
773 591
773 593
773 598
773 630
773 645
773 651
773 653
773 707
773 709
773 710
773 715
773 717
773 721
773 769
773 771
773 774
773 779
773 782
773 783
773 785
773 788
773 797
773 822
773 837
773 843
773 845
773 849
773 886
773 899
773 901
773 902
773 907
773 909
773 910
773 911
773 913
773 925
773 950
773 965
773 966
773 971
773 973
773 977
773 989
773 1027
773 1029
773 1030
773 1035
773 1037
773 1041
773 1046
773 1054
773 1078
773 1093
773 1099
773 1101
773 1102
773 1105
773 1142
773 1157
773 1158
773 1163
773 1165
773 1169
773 1206
773 1222
773 1227
773 1229
773 1233
774 3
774 5
774 6
774 11
774 17
774 54
774 67
774 69
774 70
774 75
774 77
774 81
774 131
774 133
774 134
774 142
774 143
774 145
774 182
774 193
774 195
774 197
774 198
774 206
774 207
774 209
774 246
774 257
774 259
774 261
774 262
774 270
774 271
774 278
774 286
774 294
774 310
774 325
774 326
774 331
774 333
774 337
774 387
774 389
774 390
774 397
774 401
774 438
774 453
774 454
774 463
774 465
774 502
774 515
774 517
774 518
774 525
774 529
774 566
774 579
774 581
774 582
774 590
774 591
774 593
774 598
774 630
774 646
774 651
774 653
774 657
774 707
774 709
774 710
774 715
774 717
774 721
774 769
774 771
774 773
774 782
774 783
774 785
774 788
774 797
774 806
774 822
774 837
774 838
774 843
774 845
774 846
774 847
774 849
774 886
774 899
774 901
774 902
774 909
774 910
774 911
774 913
774 925
774 950
774 965
774 966
774 971
774 973
774 977
774 989
774 1027
774 1029
774 1030
774 1035
774 1037
774 1038
774 1039
774 1041
774 1046
774 1054
774 1078
774 1093
774 1094
774 1099
774 1101
774 1102
774 1105
774 1142
774 1155
774 1157
774 1158
774 1163
774 1165
774 1169
774 1206
774 1221
774 1222
774 1227
774 1229
774 1233
775 7
775 71
775 135
775 201
775 265
775 327
775 391
775 457
775 519
775 583
775 647
775 711
775 713
775 839
775 903
775 967
775 1031
775 1095
775 1159
775 1223
776 584
776 648
776 712
776 840
776 904
776 968
777 155
777 585
777 649
777 713
777 841
777 905
777 969
778 586
778 650
778 714
778 842
778 906
778 969
778 970
778 1118
779 11
779 13
779 75
779 77
779 81
779 131
779 133
779 139
779 141
779 145
779 195
779 197
779 198
779 203
779 205
779 206
779 209
779 259
779 261
779 267
779 269
779 270
779 273
779 331
779 333
779 395
779 397
779 401
779 453
779 459
779 461
779 465
779 523
779 525
779 529
779 581
779 582
779 587
779 589
779 593
779 630
779 651
779 653
779 715
779 717
779 721
779 771
779 773
779 781
779 785
779 822
779 843
779 845
779 849
779 901
779 907
779 909
779 913
779 971
779 973
779 977
779 1029
779 1035
779 1037
779 1041
779 1101
779 1163
779 1165
779 1227
779 1229
780 588
780 652
780 716
780 844
780 908
780 972
781 11
781 13
781 75
781 77
781 133
781 139
781 141
781 145
781 195
781 197
781 198
781 203
781 205
781 206
781 209
781 259
781 261
781 267
781 269
781 273
781 331
781 333
781 395
781 397
781 401
781 459
781 461
781 465
781 523
781 525
781 581
781 587
781 589
781 593
781 651
781 653
781 715
781 717
781 721
781 779
781 785
781 822
781 843
781 845
781 907
781 909
781 913
781 971
781 973
781 1035
781 1037
781 1041
781 1101
781 1165
781 1227
781 1229
782 3
782 5
782 6
782 11
782 17
782 54
782 67
782 69
782 70
782 75
782 77
782 81
782 131
782 133
782 134
782 142
782 143
782 145
782 182
782 193
782 195
782 197
782 198
782 206
782 207
782 209
782 246
782 257
782 259
782 261
782 262
782 270
782 271
782 278
782 286
782 294
782 310
782 325
782 326
782 331
782 333
782 337
782 387
782 389
782 390
782 397
782 401
782 438
782 453
782 454
782 463
782 465
782 502
782 515
782 517
782 518
782 525
782 529
782 566
782 579
782 581
782 582
782 590
782 591
782 593
782 598
782 630
782 651
782 653
782 654
782 657
782 707
782 709
782 710
782 715
782 717
782 718
782 721
782 769
782 771
782 773
782 774
782 783
782 785
782 788
782 797
782 806
782 822
782 837
782 838
782 843
782 845
782 846
782 847
782 849
782 886
782 897
782 899
782 901
782 902
782 909
782 910
782 911
782 913
782 925
782 950
782 965
782 966
782 971
782 973
782 974
782 977
782 989
782 1027
782 1029
782 1030
782 1035
782 1037
782 1038
782 1039
782 1041
782 1046
782 1054
782 1078
782 1093
782 1094
782 1099
782 1101
782 1102
782 1105
782 1142
782 1155
782 1157
782 1158
782 1163
782 1165
782 1169
782 1206
782 1221
782 1222
782 1227
782 1229
782 1233
783 3
783 5
783 6
783 17
783 54
783 67
783 69
783 70
783 75
783 77
783 81
783 131
783 133
783 134
783 142
783 143
783 145
783 182
783 193
783 195
783 197
783 198
783 206
783 207
783 246
783 257
783 259
783 261
783 262
783 270
783 271
783 278
783 286
783 294
783 310
783 325
783 326
783 331
783 333
783 337
783 387
783 389
783 390
783 401
783 438
783 453
783 454
783 463
783 465
783 478
783 502
783 515
783 517
783 518
783 525
783 529
783 566
783 577
783 579
783 581
783 582
783 590
783 591
783 593
783 598
783 605
783 630
783 645
783 651
783 653
783 655
783 657
783 707
783 709
783 710
783 717
783 719
783 721
783 769
783 771
783 773
783 774
783 782
783 785
783 788
783 797
783 798
783 806
783 837
783 838
783 845
783 846
783 847
783 849
783 886
783 897
783 899
783 901
783 902
783 910
783 911
783 913
783 925
783 950
783 965
783 966
783 971
783 975
783 977
783 989
783 1014
783 1027
783 1029
783 1030
783 1035
783 1038
783 1039
783 1041
783 1046
783 1054
783 1078
783 1093
783 1094
783 1099
783 1101
783 1102
783 1105
783 1142
783 1155
783 1157
783 1158
783 1163
783 1165
783 1169
783 1206
783 1221
783 1222
783 1227
783 1229
783 1233
784 592
784 656
784 720
784 757
784 848
784 912
784 976
785 5
785 11
785 13
785 17
785 75
785 77
785 81
785 131
785 133
785 139
785 141
785 145
785 195
785 197
785 198
785 203
785 205
785 206
785 207
785 209
785 246
785 257
785 259
785 261
785 262
785 267
785 269
785 270
785 273
785 310
785 325
785 331
785 333
785 337
785 389
785 390
785 395
785 397
785 401
785 453
785 454
785 459
785 461
785 465
785 517
785 523
785 525
785 529
785 566
785 579
785 581
785 582
785 587
785 589
785 591
785 593
785 630
785 651
785 653
785 657
785 709
785 715
785 717
785 721
785 771
785 773
785 774
785 779
785 781
785 782
785 783
785 797
785 822
785 843
785 845
785 849
785 886
785 901
785 902
785 907
785 909
785 910
785 913
785 925
785 950
785 971
785 973
785 977
785 1027
785 1029
785 1030
785 1035
785 1037
785 1041
785 1054
785 1078
785 1099
785 1101
785 1105
785 1157
785 1163
785 1165
785 1227
785 1229
785 1233
786 594
786 658
786 722
786 850
786 914
786 978
786 1051
787 595
787 659
787 723
787 851
787 915
787 979
788 3
788 5
788 6
788 17
788 54
788 67
788 69
788 70
788 77
788 81
788 131
788 133
788 134
788 142
788 143
788 145
788 182
788 193
788 195
788 197
788 198
788 206
788 207
788 214
788 246
788 257
788 262
788 270
788 271
788 278
788 286
788 294
788 310
788 325
788 326
788 333
788 337
788 387
788 389
788 390
788 401
788 438
788 453
788 454
788 463
788 465
788 478
788 502
788 515
788 517
788 518
788 526
788 529
788 566
788 577
788 579
788 581
788 582
788 590
788 591
788 596
788 598
788 603
788 605
788 630
788 645
788 651
788 653
788 657
788 660
788 707
788 709
788 710
788 721
788 724
788 769
788 771
788 773
788 774
788 782
788 783
788 797
788 798
788 806
788 837
788 838
788 846
788 847
788 849
788 852
788 886
788 897
788 899
788 901
788 902
788 910
788 911
788 916
788 925
788 950
788 965
788 966
788 971
788 977
788 980
788 989
788 1014
788 1027
788 1029
788 1030
788 1038
788 1039
788 1041
788 1046
788 1054
788 1078
788 1093
788 1094
788 1099
788 1101
788 1102
788 1105
788 1142
788 1155
788 1157
788 1158
788 1163
788 1169
788 1206
788 1219
788 1221
788 1222
788 1227
788 1229
788 1233
789 597
789 661
789 725
789 853
789 917
789 981
790 598
790 662
790 726
790 854
790 918
790 982
791 599
791 628
791 663
791 675
791 727
791 855
791 919
791 983
792 87
792 600
792 629
792 664
792 728
792 856
792 920
792 954
792 984
793 601
793 665
793 729
793 857
793 921
793 985
794 469
794 602
794 666
794 682
794 730
794 858
794 922
794 986
795 603
795 667
795 731
795 859
795 923
795 987
796 604
796 668
796 732
796 860
796 924
796 988
797 3
797 5
797 6
797 11
797 13
797 17
797 54
797 69
797 70
797 75
797 77
797 81
797 131
797 133
797 134
797 141
797 142
797 143
797 145
797 182
797 193
797 195
797 197
797 198
797 206
797 207
797 209
797 246
797 257
797 259
797 261
797 262
797 270
797 271
797 273
797 278
797 286
797 294
797 310
797 325
797 326
797 331
797 333
797 337
797 387
797 389
797 390
797 395
797 397
797 401
797 438
797 453
797 454
797 461
797 465
797 515
797 517
797 518
797 523
797 525
797 529
797 566
797 579
797 581
797 582
797 590
797 591
797 593
797 598
797 605
797 630
797 651
797 653
797 657
797 669
797 707
797 709
797 710
797 715
797 717
797 721
797 733
797 769
797 771
797 773
797 774
797 782
797 783
797 785
797 788
797 806
797 822
797 837
797 843
797 845
797 846
797 849
797 861
797 886
797 899
797 901
797 902
797 909
797 910
797 911
797 913
797 925
797 950
797 965
797 966
797 971
797 973
797 977
797 989
797 1027
797 1029
797 1030
797 1035
797 1037
797 1038
797 1039
797 1041
797 1046
797 1054
797 1078
797 1093
797 1094
797 1099
797 1101
797 1102
797 1105
797 1142
797 1157
797 1158
797 1163
797 1165
797 1169
797 1206
797 1221
797 1222
797 1227
797 1229
797 1233
798 3
798 6
798 54
798 67
798 69
798 70
798 134
798 142
798 143
798 150
798 182
798 193
798 214
798 271
798 278
798 286
798 294
798 296
798 323
798 326
798 374
798 387
798 438
798 451
798 462
798 463
798 477
798 478
798 502
798 515
798 518
798 526
798 566
798 577
798 590
798 591
798 598
798 603
798 605
798 606
798 645
798 657
798 670
798 707
798 710
798 734
798 758
798 769
798 783
798 788
798 806
798 837
798 838
798 846
798 847
798 862
798 886
798 897
798 899
798 911
798 925
798 926
798 965
798 966
798 975
798 989
798 990
798 1014
798 1038
798 1039
798 1046
798 1093
798 1094
798 1102
798 1142
798 1155
798 1158
798 1169
798 1174
798 1206
798 1219
798 1221
798 1222
798 1231
799 388
799 607
799 671
799 735
799 863
799 927
799 991
800 608
800 672
800 736
800 864
800 928
800 992
801 402
801 609
801 673
801 737
801 865
801 929
801 993
802 610
802 674
802 738
802 866
802 930
802 994
802 1130
803 611
803 675
803 714
803 739
803 867
803 931
803 995
804 159
804 612
804 676
804 740
804 868
804 932
804 996
805 613
805 677
805 741
805 869
805 933
805 997
806 3
806 5
806 6
806 17
806 54
806 67
806 69
806 70
806 134
806 142
806 143
806 150
806 182
806 193
806 207
806 214
806 246
806 257
806 271
806 278
806 286
806 294
806 296
806 323
806 325
806 326
806 337
806 374
806 387
806 389
806 390
806 438
806 451
806 454
806 462
806 463
806 477
806 478
806 502
806 515
806 517
806 518
806 526
806 566
806 577
806 579
806 590
806 591
806 598
806 603
806 605
806 614
806 645
806 657
806 678
806 707
806 709
806 710
806 742
806 758
806 769
806 774
806 782
806 783
806 788
806 797
806 798
806 837
806 838
806 846
806 847
806 870
806 886
806 897
806 899
806 902
806 910
806 911
806 925
806 934
806 950
806 965
806 966
806 989
806 998
806 1014
806 1027
806 1030
806 1038
806 1039
806 1046
806 1054
806 1078
806 1093
806 1094
806 1099
806 1102
806 1105
806 1142
806 1155
806 1157
806 1158
806 1169
806 1174
806 1206
806 1219
806 1221
806 1222
806 1231
806 1233
807 615
807 679
807 743
807 871
807 935
807 999
807 1088
808 616
808 680
808 744
808 872
808 936
808 1000
809 78
809 335
809 398
809 486
809 617
809 643
809 646
809 681
809 745
809 835
809 854
809 873
809 914
809 918
809 926
809 937
809 963
809 975
809 1001
809 1103
809 1166
809 1246
809 1270
810 618
810 682
810 746
810 874
810 938
810 1002
811 318
811 619
811 683
811 747
811 875
811 939
811 1003
812 620
812 684
812 748
812 876
812 940
812 974
812 1004
813 621
813 685
813 749
813 877
813 941
813 1005
814 622
814 686
814 750
814 878
814 942
814 1006
815 180
815 558
815 623
815 687
815 751
815 879
815 943
815 983
815 1007
816 624
816 673
816 688
816 752
816 880
816 944
816 1008
817 625
817 689
817 726
817 753
817 881
817 945
817 1009
818 100
818 497
818 626
818 690
818 754
818 882
818 946
818 1010
819 171
819 627
819 691
819 755
819 883
819 947
819 1011
820 183
820 628
820 692
820 756
820 884
820 948
820 1012
821 629
821 693
821 757
821 885
821 949
821 1013
822 5
822 11
822 13
822 17
822 75
822 77
822 81
822 131
822 133
822 139
822 141
822 145
822 195
822 197
822 198
822 203
822 205
822 206
822 207
822 209
822 246
822 257
822 259
822 261
822 262
822 267
822 269
822 270
822 273
822 310
822 325
822 331
822 333
822 337
822 389
822 390
822 395
822 397
822 401
822 453
822 454
822 459
822 461
822 465
822 517
822 523
822 525
822 529
822 579
822 581
822 582
822 587
822 589
822 593
822 630
822 651
822 653
822 694
822 709
822 715
822 717
822 721
822 758
822 771
822 773
822 774
822 779
822 781
822 782
822 785
822 797
822 843
822 845
822 849
822 886
822 901
822 902
822 907
822 909
822 910
822 913
822 950
822 971
822 973
822 977
822 1014
822 1027
822 1029
822 1030
822 1035
822 1037
822 1041
822 1054
822 1078
822 1099
822 1101
822 1105
822 1157
822 1163
822 1165
822 1227
822 1229
822 1233
823 354
823 631
823 695
823 759
823 887
823 951
823 1015
823 1072
824 632
824 696
824 760
824 888
824 952
824 1016
824 1145
825 114
825 633
825 697
825 761
825 889
825 953
825 1017
825 1021
826 187
826 359
826 634
826 698
826 750
826 762
826 890
826 954
826 1017
826 1018
826 1168
826 1277
827 101
827 346
827 410
827 635
827 699
827 763
827 891
827 955
827 1019
828 380
828 636
828 700
828 764
828 892
828 956
828 1020
829 637
829 701
829 765
829 893
829 957
829 1021
830 638
830 702
830 766
830 894
830 958
830 1022
831 116
831 291
831 312
831 430
831 639
831 703
831 767
831 895
831 959
831 1023
832 429
832 640
832 704
832 768
832 896
832 933
832 960
832 1024
833 641
833 705
833 769
833 897
833 961
833 1025
834 642
834 706
834 770
834 898
834 962
834 1026
834 1073
835 78
835 150
835 398
835 451
835 486
835 643
835 646
835 707
835 771
835 809
835 854
835 899
835 914
835 918
835 926
835 963
835 975
835 1027
835 1103
835 1166
835 1231
835 1246
835 1270
836 644
836 708
836 772
836 900
836 964
836 1028
837 3
837 5
837 6
837 17
837 54
837 67
837 69
837 70
837 77
837 81
837 131
837 133
837 134
837 142
837 143
837 145
837 182
837 193
837 195
837 197
837 198
837 206
837 207
837 214
837 246
837 257
837 262
837 270
837 271
837 278
837 286
837 294
837 310
837 325
837 326
837 331
837 333
837 337
837 387
837 389
837 390
837 401
837 438
837 453
837 454
837 463
837 465
837 478
837 502
837 515
837 517
837 518
837 526
837 529
837 566
837 577
837 579
837 581
837 582
837 590
837 591
837 598
837 603
837 605
837 630
837 645
837 651
837 653
837 657
837 707
837 709
837 710
837 721
837 769
837 771
837 773
837 774
837 782
837 783
837 788
837 797
837 798
837 806
837 838
837 846
837 847
837 849
837 886
837 897
837 899
837 901
837 902
837 910
837 911
837 925
837 950
837 965
837 966
837 971
837 977
837 989
837 1014
837 1027
837 1029
837 1030
837 1038
837 1039
837 1041
837 1046
837 1054
837 1078
837 1093
837 1094
837 1099
837 1101
837 1102
837 1105
837 1142
837 1155
837 1157
837 1158
837 1163
837 1169
837 1206
837 1219
837 1221
837 1222
837 1227
837 1229
837 1233
838 3
838 5
838 6
838 54
838 67
838 69
838 70
838 134
838 142
838 143
838 150
838 182
838 193
838 207
838 214
838 246
838 257
838 271
838 278
838 286
838 294
838 296
838 323
838 325
838 326
838 374
838 387
838 390
838 438
838 451
838 454
838 462
838 463
838 477
838 478
838 502
838 515
838 517
838 518
838 526
838 566
838 577
838 579
838 590
838 591
838 598
838 603
838 605
838 645
838 646
838 657
838 707
838 710
838 758
838 769
838 774
838 782
838 783
838 788
838 798
838 806
838 837
838 846
838 847
838 886
838 897
838 899
838 902
838 910
838 911
838 925
838 950
838 965
838 966
838 989
838 1014
838 1027
838 1030
838 1038
838 1039
838 1046
838 1093
838 1094
838 1099
838 1102
838 1105
838 1142
838 1155
838 1157
838 1158
838 1169
838 1174
838 1206
838 1219
838 1221
838 1222
838 1231
838 1233
839 7
839 71
839 135
839 201
839 265
839 327
839 391
839 457
839 519
839 583
839 647
839 711
839 713
839 775
839 903
839 967
839 1031
839 1095
839 1159
839 1223
840 360
840 648
840 712
840 776
840 904
840 968
840 1032
841 649
841 713
841 777
841 905
841 969
841 1033
842 650
842 714
842 778
842 906
842 957
842 970
842 1034
842 1189
843 5
843 11
843 13
843 17
843 75
843 77
843 81
843 131
843 133
843 139
843 141
843 145
843 195
843 197
843 198
843 203
843 205
843 206
843 207
843 209
843 246
843 257
843 259
843 261
843 262
843 267
843 269
843 270
843 273
843 310
843 325
843 331
843 333
843 337
843 389
843 390
843 395
843 397
843 401
843 453
843 454
843 459
843 461
843 465
843 517
843 523
843 525
843 529
843 579
843 581
843 582
843 587
843 589
843 593
843 630
843 651
843 653
843 709
843 715
843 717
843 721
843 771
843 773
843 774
843 779
843 781
843 782
843 785
843 797
843 822
843 845
843 849
843 901
843 902
843 907
843 909
843 910
843 913
843 950
843 971
843 973
843 977
843 1027
843 1029
843 1030
843 1035
843 1037
843 1041
843 1054
843 1078
843 1099
843 1101
843 1105
843 1157
843 1163
843 1165
843 1227
843 1229
843 1233
844 652
844 716
844 780
844 908
844 929
844 972
844 1036
845 5
845 6
845 11
845 13
845 17
845 75
845 77
845 81
845 131
845 133
845 134
845 139
845 141
845 145
845 182
845 195
845 197
845 198
845 203
845 205
845 206
845 207
845 209
845 246
845 257
845 259
845 261
845 262
845 267
845 269
845 270
845 273
845 310
845 325
845 331
845 333
845 337
845 389
845 390
845 395
845 397
845 401
845 438
845 453
845 454
845 459
845 461
845 465
845 517
845 523
845 525
845 529
845 566
845 579
845 581
845 582
845 587
845 589
845 591
845 593
845 598
845 630
845 651
845 653
845 709
845 715
845 717
845 721
845 771
845 773
845 774
845 779
845 781
845 782
845 783
845 785
845 797
845 822
845 843
845 849
845 886
845 899
845 901
845 902
845 907
845 909
845 910
845 913
845 925
845 950
845 971
845 973
845 977
845 1027
845 1029
845 1030
845 1035
845 1037
845 1041
845 1054
845 1078
845 1099
845 1101
845 1105
845 1157
845 1163
845 1165
845 1227
845 1229
845 1233
846 3
846 5
846 6
846 17
846 54
846 67
846 69
846 70
846 134
846 142
846 143
846 150
846 182
846 193
846 207
846 214
846 246
846 257
846 271
846 278
846 286
846 294
846 296
846 323
846 325
846 326
846 337
846 374
846 387
846 389
846 390
846 438
846 451
846 454
846 462
846 463
846 477
846 478
846 502
846 515
846 517
846 518
846 526
846 566
846 577
846 579
846 590
846 591
846 598
846 603
846 605
846 645
846 654
846 657
846 707
846 709
846 710
846 718
846 758
846 769
846 774
846 782
846 783
846 788
846 797
846 798
846 806
846 837
846 838
846 847
846 886
846 897
846 899
846 902
846 910
846 911
846 925
846 950
846 965
846 966
846 974
846 989
846 1014
846 1027
846 1030
846 1038
846 1039
846 1046
846 1054
846 1078
846 1093
846 1094
846 1099
846 1102
846 1105
846 1142
846 1155
846 1157
846 1158
846 1169
846 1174
846 1206
846 1219
846 1221
846 1222
846 1231
846 1233
847 3
847 5
847 6
847 54
847 67
847 69
847 70
847 134
847 142
847 143
847 150
847 182
847 193
847 207
847 214
847 246
847 257
847 271
847 278
847 286
847 294
847 296
847 323
847 325
847 326
847 374
847 387
847 390
847 438
847 451
847 454
847 462
847 463
847 477
847 478
847 502
847 515
847 518
847 526
847 566
847 577
847 590
847 591
847 598
847 603
847 605
847 645
847 655
847 657
847 707
847 710
847 719
847 758
847 769
847 774
847 782
847 783
847 788
847 798
847 806
847 837
847 838
847 846
847 886
847 897
847 899
847 910
847 911
847 925
847 950
847 965
847 966
847 975
847 989
847 1014
847 1027
847 1038
847 1039
847 1046
847 1093
847 1094
847 1099
847 1102
847 1142
847 1155
847 1157
847 1158
847 1169
847 1174
847 1206
847 1219
847 1221
847 1222
847 1231
847 1233
848 446
848 571
848 656
848 720
848 784
848 912
848 976
848 1040
848 1080
849 3
849 5
849 6
849 11
849 13
849 17
849 69
849 70
849 75
849 77
849 81
849 131
849 133
849 134
849 139
849 141
849 142
849 143
849 145
849 182
849 193
849 195
849 197
849 198
849 206
849 207
849 209
849 246
849 257
849 259
849 261
849 262
849 270
849 271
849 273
849 294
849 310
849 325
849 326
849 331
849 333
849 337
849 387
849 389
849 390
849 395
849 397
849 401
849 438
849 453
849 454
849 459
849 461
849 465
849 515
849 517
849 518
849 523
849 525
849 529
849 566
849 579
849 581
849 582
849 589
849 591
849 593
849 598
849 630
849 651
849 653
849 657
849 707
849 709
849 710
849 715
849 717
849 721
849 769
849 771
849 773
849 774
849 779
849 782
849 783
849 785
849 788
849 797
849 822
849 837
849 843
849 845
849 886
849 899
849 901
849 902
849 907
849 909
849 910
849 911
849 913
849 925
849 950
849 965
849 966
849 971
849 973
849 977
849 1027
849 1029
849 1030
849 1035
849 1037
849 1041
849 1046
849 1054
849 1078
849 1093
849 1099
849 1101
849 1102
849 1105
849 1142
849 1157
849 1158
849 1163
849 1165
849 1169
849 1222
849 1227
849 1229
849 1233
850 94
850 609
850 658
850 722
850 786
850 914
850 978
850 1042
850 1179
851 659
851 723
851 787
851 915
851 979
851 1043
852 660
852 724
852 788
852 915
852 916
852 980
852 1044
853 661
853 725
853 789
853 917
853 942
853 981
853 1045
853 1183
853 1268
854 78
854 150
854 398
854 486
854 643
854 646
854 662
854 726
854 790
854 809
854 835
854 914
854 918
854 926
854 963
854 975
854 982
854 1046
854 1103
854 1166
854 1246
854 1270
855 83
855 663
855 727
855 791
855 919
855 983
855 1047
856 336
856 664
856 728
856 792
856 920
856 984
856 1048
857 665
857 729
857 793
857 921
857 985
857 1049
858 299
858 666
858 730
858 794
858 922
858 986
858 1050
859 413
859 667
859 731
859 795
859 923
859 987
859 1051
860 668
860 732
860 796
860 924
860 943
860 988
860 1052
861 631
861 669
861 733
861 797
861 925
861 989
861 1053
861 1236
862 268
862 670
862 734
862 798
862 926
862 990
862 1054
863 501
863 559
863 671
863 735
863 799
863 927
863 991
863 1055
864 332
864 365
864 672
864 736
864 800
864 928
864 992
864 997
864 1056
865 673
865 737
865 801
865 929
865 993
865 1057
866 674
866 716
866 738
866 802
866 930
866 994
866 1058
867 675
867 731
867 739
867 803
867 931
867 995
867 1059
868 676
868 740
868 804
868 932
868 996
868 1060
869 677
869 741
869 805
869 933
869 997
869 1061
869 1076
870 678
870 742
870 806
870 934
870 998
870 1062
871 679
871 743
871 807
871 935
871 999
871 1063
872 229
872 680
872 744
872 808
872 936
872 1000
872 1064
873 681
873 745
873 809
873 937
873 1001
873 1065
874 682
874 746
874 810
874 938
874 1002
874 1066
875 683
875 747
875 811
875 939
875 1003
875 1067
876 684
876 748
876 812
876 940
876 1004
876 1068
877 113
877 685
877 749
877 813
877 941
877 1005
877 1069
878 184
878 686
878 743
878 750
878 814
878 942
878 958
878 1006
878 1070
878 1132
878 1198
879 687
879 751
879 815
879 943
879 1007
879 1071
880 688
880 752
880 816
880 944
880 1008
880 1072
881 292
881 689
881 753
881 817
881 945
881 1009
881 1073
882 37
882 240
882 690
882 754
882 818
882 946
882 1010
882 1074
883 691
883 755
883 819
883 947
883 1011
883 1075
883 1137
884 50
884 85
884 692
884 756
884 820
884 948
884 1012
884 1076
885 117
885 676
885 693
885 757
885 821
885 949
885 1013
885 1077
886 3
886 5
886 6
886 17
886 54
886 67
886 69
886 70
886 75
886 77
886 81
886 131
886 133
886 134
886 142
886 143
886 145
886 182
886 193
886 195
886 197
886 198
886 206
886 207
886 246
886 257
886 259
886 261
886 262
886 270
886 271
886 278
886 286
886 294
886 310
886 325
886 326
886 331
886 333
886 337
886 387
886 389
886 390
886 401
886 438
886 453
886 454
886 463
886 465
886 478
886 502
886 515
886 517
886 518
886 525
886 529
886 566
886 577
886 579
886 581
886 582
886 590
886 591
886 593
886 598
886 605
886 630
886 645
886 651
886 653
886 657
886 694
886 707
886 709
886 710
886 717
886 721
886 758
886 769
886 771
886 773
886 774
886 782
886 783
886 785
886 788
886 797
886 798
886 806
886 822
886 837
886 838
886 845
886 846
886 847
886 849
886 897
886 899
886 901
886 902
886 910
886 911
886 913
886 925
886 950
886 965
886 966
886 971
886 977
886 989
886 1014
886 1027
886 1029
886 1030
886 1035
886 1038
886 1039
886 1041
886 1046
886 1054
886 1078
886 1093
886 1094
886 1099
886 1101
886 1102
886 1105
886 1142
886 1155
886 1157
886 1158
886 1163
886 1165
886 1169
886 1206
886 1221
886 1222
886 1227
886 1229
886 1233
887 695
887 759
887 823
887 951
887 1015
887 1079
888 696
888 760
888 824
888 952
888 1016
888 1080
889 697
889 761
889 825
889 953
889 1017
889 1081
889 1212
890 698
890 762
890 826
890 954
890 1018
890 1082
891 699
891 730
891 763
891 827
891 955
891 1019
891 1083
892 436
892 437
892 700
892 764
892 828
892 956
892 1020
892 1084
893 44
893 103
893 408
893 564
893 701
893 765
893 829
893 957
893 1021
893 1085
893 1261
894 702
894 766
894 767
894 830
894 958
894 1022
894 1086
895 127
895 703
895 767
895 831
895 959
895 1023
895 1087
896 237
896 704
896 768
896 832
896 960
896 1024
896 1088
896 1129
896 1170
897 54
897 67
897 69
897 70
897 134
897 142
897 143
897 150
897 182
897 193
897 214
897 257
897 271
897 278
897 286
897 294
897 296
897 323
897 325
897 326
897 374
897 387
897 390
897 438
897 451
897 462
897 463
897 477
897 478
897 502
897 515
897 518
897 526
897 566
897 577
897 590
897 591
897 598
897 603
897 605
897 645
897 657
897 705
897 707
897 710
897 758
897 769
897 782
897 783
897 788
897 798
897 806
897 833
897 837
897 838
897 846
897 847
897 886
897 899
897 911
897 925
897 961
897 965
897 966
897 975
897 989
897 1014
897 1025
897 1027
897 1038
897 1039
897 1046
897 1089
897 1093
897 1094
897 1102
897 1142
897 1155
897 1158
897 1169
897 1174
897 1206
897 1219
897 1221
897 1222
897 1231
897 1233
898 64
898 104
898 706
898 770
898 834
898 921
898 962
898 1026
898 1090
899 5
899 6
899 67
899 69
899 70
899 77
899 81
899 131
899 133
899 134
899 142
899 143
899 145
899 182
899 193
899 195
899 197
899 198
899 206
899 207
899 214
899 246
899 257
899 261
899 262
899 270
899 271
899 278
899 286
899 294
899 310
899 325
899 326
899 331
899 333
899 337
899 387
899 389
899 390
899 401
899 438
899 453
899 454
899 463
899 465
899 478
899 502
899 515
899 517
899 518
899 525
899 526
899 529
899 566
899 577
899 579
899 581
899 582
899 590
899 591
899 598
899 603
899 605
899 630
899 645
899 651
899 653
899 657
899 707
899 709
899 710
899 721
899 769
899 771
899 773
899 774
899 782
899 783
899 788
899 797
899 798
899 806
899 835
899 837
899 838
899 845
899 846
899 847
899 849
899 886
899 897
899 901
899 902
899 910
899 911
899 913
899 925
899 950
899 963
899 965
899 966
899 971
899 977
899 989
899 1014
899 1027
899 1029
899 1030
899 1035
899 1038
899 1039
899 1041
899 1046
899 1054
899 1078
899 1091
899 1093
899 1094
899 1099
899 1101
899 1102
899 1105
899 1142
899 1155
899 1157
899 1158
899 1163
899 1165
899 1169
899 1206
899 1219
899 1221
899 1222
899 1227
899 1229
899 1233
900 708
900 772
900 836
900 964
900 1028
900 1092
901 5
901 17
901 69
901 70
901 75
901 77
901 81
901 131
901 133
901 134
901 139
901 141
901 142
901 143
901 145
901 182
901 193
901 195
901 197
901 198
901 206
901 207
901 209
901 246
901 257
901 259
901 261
901 262
901 270
901 271
901 273
901 294
901 310
901 325
901 326
901 331
901 333
901 337
901 387
901 389
901 390
901 395
901 397
901 401
901 438
901 453
901 454
901 459
901 461
901 465
901 515
901 517
901 518
901 523
901 525
901 529
901 566
901 579
901 581
901 582
901 589
901 591
901 593
901 598
901 630
901 651
901 653
901 707
901 709
901 710
901 715
901 717
901 721
901 769
901 771
901 773
901 774
901 779
901 782
901 783
901 785
901 788
901 797
901 822
901 837
901 843
901 845
901 849
901 886
901 899
901 902
901 907
901 909
901 910
901 911
901 913
901 925
901 950
901 965
901 966
901 971
901 973
901 977
901 1027
901 1029
901 1030
901 1035
901 1037
901 1041
901 1046
901 1054
901 1078
901 1093
901 1099
901 1101
901 1102
901 1105
901 1142
901 1157
901 1158
901 1163
901 1165
901 1169
901 1222
901 1227
901 1229
901 1233
902 5
902 6
902 17
902 69
902 70
902 75
902 77
902 81
902 131
902 133
902 134
902 141
902 142
902 143
902 145
902 182
902 193
902 195
902 197
902 198
902 206
902 207
902 209
902 246
902 257
902 259
902 261
902 262
902 270
902 271
902 273
902 278
902 286
902 294
902 310
902 325
902 326
902 331
902 333
902 337
902 387
902 389
902 390
902 395
902 397
902 401
902 438
902 453
902 454
902 461
902 465
902 515
902 517
902 518
902 523
902 525
902 529
902 566
902 579
902 581
902 582
902 589
902 590
902 591
902 593
902 598
902 630
902 651
902 653
902 707
902 709
902 710
902 715
902 717
902 721
902 769
902 771
902 773
902 774
902 782
902 783
902 785
902 788
902 797
902 806
902 822
902 837
902 838
902 843
902 845
902 846
902 849
902 886
902 899
902 901
902 907
902 909
902 910
902 911
902 913
902 925
902 950
902 965
902 966
902 971
902 973
902 977
902 989
902 1027
902 1029
902 1030
902 1035
902 1037
902 1038
902 1039
902 1041
902 1046
902 1054
902 1078
902 1093
902 1094
902 1099
902 1101
902 1102
902 1105
902 1142
902 1157
902 1158
902 1163
902 1165
902 1169
902 1206
902 1221
902 1222
902 1227
902 1229
902 1233
903 7
903 71
903 135
903 201
903 265
903 327
903 391
903 457
903 519
903 583
903 647
903 711
903 713
903 775
903 839
903 967
903 1031
903 1095
903 1159
903 1223
904 260
904 712
904 776
904 840
904 968
904 1032
904 1096
905 30
905 713
905 777
905 841
905 969
905 1033
905 1091
905 1097
906 714
906 778
906 842
906 970
906 1034
906 1098
906 1224
907 11
907 13
907 75
907 77
907 81
907 131
907 133
907 139
907 141
907 145
907 195
907 197
907 198
907 203
907 205
907 206
907 209
907 259
907 261
907 262
907 267
907 269
907 270
907 273
907 310
907 331
907 333
907 389
907 395
907 397
907 401
907 453
907 459
907 461
907 465
907 523
907 525
907 529
907 581
907 582
907 587
907 589
907 593
907 630
907 651
907 653
907 709
907 715
907 717
907 721
907 771
907 773
907 779
907 781
907 785
907 822
907 843
907 845
907 849
907 901
907 902
907 909
907 913
907 971
907 973
907 977
907 1029
907 1030
907 1035
907 1037
907 1041
907 1054
907 1078
907 1099
907 1101
907 1163
907 1165
907 1227
907 1229
908 716
908 780
908 844
908 941
908 972
908 1036
908 1100
909 11
909 13
909 75
909 77
909 81
909 131
909 133
909 139
909 141
909 145
909 195
909 197
909 198
909 203
909 205
909 206
909 207
909 209
909 246
909 257
909 259
909 261
909 262
909 267
909 269
909 270
909 273
909 310
909 331
909 333
909 337
909 389
909 390
909 395
909 397
909 401
909 453
909 454
909 459
909 461
909 465
909 517
909 523
909 525
909 529
909 579
909 581
909 582
909 587
909 589
909 593
909 630
909 651
909 653
909 709
909 715
909 717
909 721
909 771
909 773
909 774
909 779
909 781
909 782
909 785
909 797
909 822
909 843
909 845
909 849
909 901
909 902
909 907
909 910
909 913
909 950
909 971
909 973
909 977
909 1027
909 1029
909 1030
909 1035
909 1037
909 1041
909 1054
909 1078
909 1099
909 1101
909 1105
909 1157
909 1163
909 1165
909 1227
909 1229
910 5
910 6
910 17
910 67
910 69
910 70
910 75
910 77
910 81
910 131
910 133
910 134
910 142
910 143
910 145
910 182
910 193
910 195
910 197
910 198
910 206
910 207
910 209
910 246
910 257
910 259
910 261
910 262
910 270
910 271
910 278
910 286
910 294
910 310
910 325
910 326
910 331
910 333
910 337
910 387
910 389
910 390
910 397
910 401
910 438
910 453
910 454
910 463
910 465
910 502
910 515
910 517
910 518
910 525
910 529
910 566
910 579
910 581
910 582
910 590
910 591
910 593
910 598
910 630
910 651
910 653
910 657
910 707
910 709
910 710
910 715
910 717
910 718
910 721
910 769
910 771
910 773
910 774
910 782
910 783
910 785
910 788
910 797
910 806
910 822
910 837
910 838
910 843
910 845
910 846
910 847
910 849
910 886
910 899
910 901
910 902
910 909
910 911
910 913
910 925
910 950
910 965
910 966
910 971
910 973
910 974
910 977
910 989
910 1027
910 1029
910 1030
910 1035
910 1037
910 1038
910 1039
910 1041
910 1046
910 1054
910 1078
910 1093
910 1094
910 1099
910 1101
910 1102
910 1105
910 1142
910 1155
910 1157
910 1158
910 1163
910 1165
910 1169
910 1206
910 1221
910 1222
910 1227
910 1229
910 1233
911 3
911 5
911 6
911 67
911 69
911 70
911 77
911 81
911 131
911 133
911 134
911 142
911 143
911 182
911 193
911 195
911 197
911 198
911 206
911 207
911 214
911 246
911 257
911 262
911 270
911 271
911 278
911 286
911 294
911 296
911 310
911 325
911 326
911 333
911 337
911 374
911 387
911 389
911 390
911 401
911 438
911 453
911 454
911 463
911 478
911 502
911 515
911 517
911 518
911 526
911 529
911 566
911 577
911 579
911 581
911 582
911 590
911 591
911 598
911 603
911 605
911 630
911 645
911 651
911 653
911 657
911 707
911 709
911 710
911 719
911 721
911 769
911 771
911 773
911 774
911 782
911 783
911 788
911 797
911 798
911 806
911 837
911 838
911 846
911 847
911 849
911 886
911 897
911 899
911 901
911 902
911 910
911 925
911 950
911 965
911 966
911 975
911 977
911 989
911 1014
911 1027
911 1029
911 1030
911 1038
911 1039
911 1046
911 1054
911 1078
911 1093
911 1094
911 1099
911 1102
911 1103
911 1105
911 1142
911 1155
911 1157
911 1158
911 1163
911 1169
911 1206
911 1219
911 1221
911 1222
911 1227
911 1229
911 1233
912 58
912 252
912 351
912 352
912 720
912 784
912 848
912 976
912 1040
912 1104
913 11
913 13
913 69
913 75
913 77
913 81
913 131
913 133
913 134
913 139
913 141
913 145
913 182
913 195
913 197
913 198
913 203
913 205
913 206
913 207
913 209
913 246
913 257
913 259
913 261
913 262
913 267
913 269
913 270
913 273
913 310
913 325
913 331
913 333
913 337
913 389
913 390
913 395
913 397
913 401
913 438
913 453
913 454
913 459
913 461
913 465
913 515
913 517
913 523
913 525
913 529
913 566
913 579
913 581
913 582
913 587
913 589
913 591
913 593
913 598
913 630
913 651
913 653
913 709
913 715
913 717
913 721
913 771
913 773
913 774
913 779
913 781
913 782
913 783
913 785
913 797
913 822
913 843
913 845
913 849
913 886
913 899
913 901
913 902
913 907
913 909
913 910
913 925
913 950
913 971
913 973
913 977
913 1027
913 1029
913 1030
913 1035
913 1037
913 1041
913 1054
913 1078
913 1099
913 1101
913 1105
913 1142
913 1157
913 1163
913 1165
913 1227
913 1229
913 1233
914 78
914 335
914 398
914 486
914 722
914 786
914 809
914 835
914 850
914 854
914 918
914 926
914 963
914 978
914 1042
914 1106
914 1166
914 1246
915 723
915 787
915 851
915 852
915 979
915 1043
915 1107
916 724
916 788
916 852
916 980
916 1044
916 1108
917 725
917 789
917 853
917 981
917 1045
917 1109
918 78
918 335
918 398
918 486
918 643
918 646
918 726
918 790
918 809
918 835
918 854
918 914
918 926
918 963
918 975
918 982
918 1046
918 1103
918 1110
918 1166
918 1246
918 1270
919 556
919 727
919 791
919 855
919 983
919 1047
919 1111
919 1185
919 1186
920 728
920 792
920 856
920 984
920 1048
920 1112
920 1156
921 64
921 104
921 729
921 793
921 857
921 898
921 985
921 1049
921 1113
922 730
922 794
922 858
922 986
922 1050
922 1114
922 1180
922 1249
923 731
923 795
923 859
923 987
923 1051
923 1115
924 321
924 488
924 732
924 796
924 860
924 988
924 1052
924 1116
925 5
925 6
925 67
925 69
925 70
925 75
925 77
925 81
925 131
925 133
925 134
925 142
925 143
925 145
925 182
925 193
925 195
925 197
925 198
925 206
925 207
925 246
925 257
925 259
925 261
925 262
925 270
925 271
925 278
925 286
925 294
925 310
925 325
925 326
925 331
925 333
925 337
925 387
925 389
925 390
925 401
925 438
925 453
925 454
925 463
925 465
925 478
925 502
925 515
925 517
925 518
925 525
925 529
925 566
925 577
925 579
925 581
925 582
925 590
925 591
925 593
925 598
925 605
925 630
925 645
925 651
925 653
925 657
925 707
925 709
925 710
925 717
925 721
925 733
925 769
925 771
925 773
925 774
925 782
925 783
925 785
925 788
925 797
925 798
925 806
925 837
925 838
925 845
925 846
925 847
925 849
925 861
925 886
925 897
925 899
925 901
925 902
925 910
925 911
925 913
925 950
925 965
925 966
925 971
925 977
925 989
925 1014
925 1027
925 1029
925 1030
925 1035
925 1038
925 1039
925 1041
925 1046
925 1053
925 1054
925 1078
925 1093
925 1094
925 1099
925 1101
925 1102
925 1105
925 1117
925 1142
925 1155
925 1157
925 1158
925 1163
925 1165
925 1169
925 1206
925 1221
925 1222
925 1227
925 1229
925 1233
926 78
926 335
926 398
926 486
926 643
926 646
926 734
926 798
926 809
926 835
926 854
926 862
926 914
926 918
926 963
926 975
926 990
926 1054
926 1103
926 1118
926 1166
926 1246
926 1270
927 417
927 533
927 735
927 799
927 863
927 951
927 991
927 995
927 1055
927 1092
927 1119
927 1197
928 230
928 736
928 800
928 864
928 992
928 1056
928 1120
929 737
929 801
929 844
929 865
929 993
929 1057
929 1121
930 738
930 802
930 866
930 994
930 1058
930 1122
931 739
931 803
931 867
931 995
931 1059
931 1123
931 1238
932 303
932 740
932 804
932 868
932 996
932 1060
932 1124
933 429
933 741
933 805
933 832
933 869
933 997
933 1061
933 1125
934 742
934 806
934 870
934 998
934 1062
934 1126
935 175
935 743
935 807
935 871
935 999
935 1063
935 1127
936 18
936 658
936 744
936 808
936 872
936 1000
936 1064
936 1090
936 1128
937 745
937 809
937 873
937 1001
937 1065
937 1129
938 746
938 810
938 874
938 1002
938 1066
938 1130
939 747
939 764
939 811
939 875
939 956
939 1003
939 1067
939 1131
940 748
940 812
940 876
940 1004
940 1068
940 1132
941 749
941 813
941 877
941 908
941 1005
941 1069
941 1133
942 750
942 814
942 853
942 878
942 1006
942 1070
942 1134
942 1183
942 1268
943 751
943 815
943 860
943 879
943 1007
943 1071
943 1135
944 435
944 473
944 741
944 752
944 816
944 880
944 1008
944 1072
944 1136
945 753
945 817
945 881
945 1009
945 1073
945 1137
946 754
946 818
946 882
946 1010
946 1074
946 1138
947 560
947 755
947 819
947 883
947 1011
947 1075
947 1139
948 0
948 588
948 756
948 820
948 884
948 1012
948 1076
948 1140
949 626
949 757
949 821
949 885
949 1013
949 1077
949 1136
949 1141
950 5
950 6
950 17
950 67
950 69
950 70
950 75
950 77
950 81
950 131
950 133
950 134
950 142
950 143
950 145
950 182
950 193
950 195
950 197
950 198
950 206
950 207
950 209
950 246
950 257
950 259
950 261
950 262
950 270
950 271
950 278
950 286
950 294
950 310
950 325
950 326
950 331
950 333
950 337
950 387
950 389
950 390
950 397
950 401
950 438
950 453
950 454
950 463
950 465
950 502
950 515
950 517
950 518
950 525
950 529
950 566
950 579
950 581
950 582
950 590
950 591
950 593
950 598
950 630
950 651
950 653
950 657
950 707
950 709
950 710
950 715
950 717
950 721
950 758
950 769
950 771
950 773
950 774
950 782
950 783
950 785
950 788
950 797
950 806
950 822
950 837
950 838
950 843
950 845
950 846
950 847
950 849
950 886
950 899
950 901
950 902
950 909
950 910
950 911
950 913
950 925
950 965
950 966
950 971
950 973
950 977
950 989
950 1014
950 1027
950 1029
950 1030
950 1035
950 1037
950 1038
950 1039
950 1041
950 1046
950 1054
950 1078
950 1093
950 1094
950 1099
950 1101
950 1102
950 1105
950 1142
950 1155
950 1157
950 1158
950 1163
950 1165
950 1169
950 1206
950 1221
950 1222
950 1227
950 1229
950 1233
951 417
951 533
951 759
951 823
951 887
951 927
951 995
951 1015
951 1079
951 1092
951 1143
951 1197
952 496
952 760
952 824
952 888
952 1016
952 1080
952 1144
953 216
953 316
953 340
953 761
953 825
953 889
953 1017
953 1049
953 1081
953 1145
953 1271
954 87
954 629
954 762
954 792
954 826
954 890
954 1018
954 1082
954 1146
955 650
955 763
955 827
955 891
955 1019
955 1083
955 1147
956 764
956 828
956 892
956 939
956 1020
956 1084
956 1148
957 765
957 829
957 842
957 893
957 1021
957 1085
957 1149
957 1189
958 184
958 743
958 766
958 830
958 878
958 894
958 1022
958 1086
958 1132
958 1150
958 1198
959 767
959 831
959 895
959 1023
959 1087
959 1149
959 1151
959 1262
960 549
960 768
960 832
960 896
960 1024
960 1088
960 1152
961 769
961 833
961 897
961 1025
961 1089
961 1153
962 66
962 144
962 188
962 770
962 834
962 898
962 1026
962 1090
962 1154
962 1241
963 78
963 335
963 398
963 486
963 643
963 646
963 771
963 809
963 835
963 854
963 899
963 914
963 918
963 926
963 975
963 1027
963 1091
963 1103
963 1155
963 1166
963 1246
963 1270
964 772
964 836
964 900
964 1028
964 1092
964 1156
965 3
965 6
965 54
965 69
965 70
965 131
965 133
965 134
965 142
965 143
965 182
965 193
965 195
965 197
965 198
965 206
965 207
965 214
965 246
965 257
965 262
965 270
965 271
965 278
965 286
965 294
965 296
965 310
965 325
965 326
965 333
965 337
965 374
965 387
965 389
965 390
965 401
965 438
965 453
965 454
965 463
965 478
965 502
965 515
965 517
965 518
965 526
965 529
965 566
965 577
965 579
965 582
965 590
965 591
965 598
965 603
965 605
965 630
965 645
965 653
965 657
965 707
965 709
965 710
965 721
965 758
965 769
965 771
965 773
965 774
965 782
965 783
965 788
965 797
965 798
965 806
965 837
965 838
965 846
965 847
965 849
965 886
965 897
965 899
965 901
965 902
965 910
965 911
965 925
965 950
965 966
965 977
965 989
965 1014
965 1027
965 1029
965 1030
965 1038
965 1039
965 1046
965 1054
965 1078
965 1093
965 1094
965 1099
965 1102
965 1105
965 1142
965 1155
965 1157
965 1158
965 1163
965 1169
965 1206
965 1219
965 1221
965 1222
965 1229
965 1233
966 3
966 5
966 6
966 69
966 70
966 131
966 133
966 134
966 142
966 143
966 182
966 193
966 195
966 197
966 198
966 206
966 207
966 214
966 246
966 257
966 262
966 270
966 271
966 278
966 286
966 294
966 296
966 310
966 325
966 326
966 333
966 337
966 387
966 389
966 390
966 401
966 438
966 453
966 454
966 463
966 465
966 478
966 502
966 515
966 517
966 518
966 526
966 529
966 566
966 577
966 579
966 581
966 582
966 590
966 591
966 598
966 603
966 605
966 630
966 645
966 651
966 653
966 657
966 707
966 709
966 710
966 721
966 769
966 771
966 773
966 774
966 782
966 783
966 788
966 797
966 798
966 806
966 837
966 838
966 846
966 847
966 849
966 886
966 897
966 899
966 901
966 902
966 910
966 911
966 925
966 950
966 965
966 971
966 977
966 989
966 1014
966 1027
966 1029
966 1030
966 1038
966 1039
966 1046
966 1054
966 1078
966 1093
966 1094
966 1099
966 1102
966 1105
966 1142
966 1155
966 1157
966 1158
966 1163
966 1169
966 1206
966 1219
966 1221
966 1222
966 1227
966 1229
966 1233
967 7
967 71
967 135
967 201
967 265
967 327
967 391
967 457
967 519
967 583
967 647
967 713
967 775
967 839
967 903
967 1031
967 1095
967 1159
967 1223
968 458
968 776
968 840
968 904
968 1032
968 1096
968 1160
969 777
969 778
969 841
969 905
969 1033
969 1097
969 1118
969 1161
970 778
970 842
970 906
970 1034
970 1098
970 1162
971 11
971 13
971 75
971 77
971 81
971 131
971 133
971 134
971 139
971 141
971 145
971 182
971 195
971 197
971 198
971 203
971 205
971 206
971 207
971 209
971 246
971 257
971 259
971 261
971 262
971 267
971 269
971 270
971 273
971 310
971 325
971 331
971 333
971 337
971 389
971 390
971 395
971 397
971 401
971 438
971 453
971 454
971 459
971 461
971 465
971 515
971 517
971 523
971 525
971 529
971 566
971 579
971 581
971 582
971 587
971 589
971 591
971 593
971 598
971 630
971 651
971 653
971 709
971 710
971 715
971 717
971 721
971 771
971 773
971 774
971 779
971 781
971 782
971 783
971 785
971 788
971 797
971 822
971 837
971 843
971 845
971 849
971 886
971 899
971 901
971 902
971 907
971 909
971 910
971 913
971 925
971 950
971 966
971 973
971 977
971 1027
971 1029
971 1030
971 1035
971 1037
971 1041
971 1054
971 1078
971 1099
971 1101
971 1105
971 1142
971 1157
971 1163
971 1165
971 1169
971 1227
971 1229
971 1233
972 780
972 844
972 908
972 1036
972 1100
972 1164
973 11
973 13
973 75
973 77
973 131
973 133
973 139
973 141
973 145
973 195
973 197
973 198
973 203
973 205
973 206
973 207
973 209
973 246
973 257
973 259
973 261
973 262
973 267
973 269
973 270
973 273
973 310
973 331
973 333
973 337
973 389
973 390
973 395
973 397
973 401
973 453
973 454
973 459
973 461
973 465
973 517
973 523
973 525
973 529
973 579
973 581
973 582
973 587
973 589
973 593
973 630
973 651
973 653
973 709
973 715
973 717
973 721
973 771
973 773
973 774
973 779
973 781
973 782
973 785
973 797
973 822
973 843
973 845
973 849
973 901
973 902
973 907
973 909
973 910
973 913
973 950
973 971
973 977
973 1029
973 1030
973 1035
973 1037
973 1041
973 1054
973 1078
973 1099
973 1101
973 1105
973 1157
973 1163
973 1165
973 1227
973 1229
974 782
974 812
974 846
974 910
974 1038
974 1102
974 1166
975 150
975 214
975 296
975 323
975 374
975 451
975 462
975 477
975 478
975 486
975 526
975 577
975 603
975 605
975 643
975 645
975 646
975 758
975 783
975 798
975 809
975 835
975 847
975 854
975 897
975 911
975 918
975 926
975 963
975 1014
975 1039
975 1103
975 1167
975 1174
975 1219
975 1231
975 1246
975 1270
976 784
976 848
976 912
976 1040
976 1104
976 1168
976 1177
977 5
977 17
977 77
977 81
977 131
977 133
977 134
977 139
977 141
977 142
977 143
977 145
977 182
977 193
977 195
977 197
977 198
977 206
977 207
977 209
977 246
977 257
977 259
977 261
977 262
977 270
977 271
977 273
977 294
977 310
977 325
977 331
977 333
977 337
977 387
977 389
977 390
977 395
977 397
977 401
977 438
977 453
977 454
977 459
977 461
977 465
977 515
977 517
977 518
977 523
977 525
977 529
977 566
977 579
977 581
977 582
977 589
977 591
977 593
977 598
977 630
977 651
977 653
977 707
977 709
977 710
977 715
977 717
977 721
977 769
977 771
977 773
977 774
977 779
977 782
977 783
977 785
977 788
977 797
977 822
977 837
977 843
977 845
977 849
977 886
977 899
977 901
977 902
977 907
977 909
977 910
977 911
977 913
977 925
977 950
977 965
977 966
977 971
977 973
977 1027
977 1029
977 1030
977 1035
977 1037
977 1041
977 1046
977 1054
977 1078
977 1099
977 1101
977 1102
977 1105
977 1142
977 1157
977 1163
977 1165
977 1169
977 1222
977 1227
977 1229
977 1233
978 15
978 669
978 786
978 850
978 914
978 1042
978 1106
978 1170
979 4
979 787
979 851
979 915
979 1043
979 1107
979 1171
980 788
980 852
980 916
980 1044
980 1108
980 1172
981 251
981 789
981 853
981 917
981 1045
981 1109
981 1173
982 790
982 854
982 918
982 1046
982 1110
982 1174
983 180
983 558
983 791
983 815
983 855
983 919
983 1047
983 1111
983 1175
984 343
984 792
984 856
984 920
984 1048
984 1104
984 1112
984 1176
984 1202
985 793
985 857
985 921
985 1049
985 1058
985 1113
985 1177
986 253
986 665
986 794
986 858
986 922
986 1047
986 1050
986 1114
986 1173
986 1178
987 74
987 552
987 795
987 859
987 923
987 1051
987 1115
987 1179
988 680
988 796
988 860
988 924
988 1052
988 1116
988 1119
988 1180
989 3
989 54
989 67
989 70
989 134
989 142
989 143
989 150
989 182
989 193
989 207
989 214
989 246
989 257
989 262
989 270
989 271
989 278
989 286
989 294
989 296
989 310
989 323
989 325
989 326
989 337
989 374
989 387
989 389
989 390
989 438
989 451
989 453
989 454
989 462
989 463
989 477
989 478
989 502
989 515
989 517
989 518
989 526
989 566
989 577
989 579
989 590
989 591
989 598
989 603
989 605
989 645
989 657
989 707
989 709
989 710
989 758
989 769
989 771
989 773
989 774
989 782
989 783
989 788
989 797
989 798
989 806
989 837
989 838
989 846
989 847
989 861
989 886
989 897
989 899
989 902
989 910
989 911
989 925
989 950
989 965
989 966
989 1014
989 1027
989 1030
989 1038
989 1039
989 1046
989 1053
989 1054
989 1078
989 1093
989 1094
989 1099
989 1102
989 1105
989 1117
989 1142
989 1155
989 1157
989 1158
989 1169
989 1174
989 1181
989 1206
989 1219
989 1221
989 1222
989 1231
989 1233
990 798
990 862
990 926
990 1054
990 1118
990 1182
991 799
991 863
991 927
991 1055
991 1119
991 1128
991 1183
992 219
992 800
992 864
992 928
992 1056
992 1120
992 1184
993 546
993 652
993 801
993 865
993 929
993 1057
993 1121
993 1185
994 161
994 802
994 866
994 930
994 1058
994 1122
994 1186
995 417
995 533
995 803
995 867
995 927
995 931
995 951
995 1059
995 1092
995 1123
995 1187
995 1197
996 140
996 804
996 868
996 932
996 1060
996 1124
996 1188
997 332
997 365
997 805
997 864
997 869
997 933
997 1061
997 1125
997 1189
998 806
998 870
998 934
998 1062
998 1126
998 1190
999 752
999 807
999 871
999 935
999 1063
999 1127
999 1191
1000 648
1000 808
1000 872
1000 936
1000 1064
1000 1128
1000 1192
1001 809
1001 873
1001 937
1001 1065
1001 1129
1001 1193
1002 613
1002 810
1002 874
1002 938
1002 1066
1002 1130
1002 1194
1003 24
1003 80
1003 366
1003 811
1003 875
1003 939
1003 1067
1003 1131
1003 1195
1004 812
1004 876
1004 940
1004 1068
1004 1132
1004 1196
1005 813
1005 877
1005 941
1005 1069
1005 1133
1005 1197
1005 1273
1006 814
1006 878
1006 942
1006 1070
1006 1134
1006 1198
1007 685
1007 729
1007 815
1007 879
1007 943
1007 1071
1007 1135
1007 1199
1008 816
1008 880
1008 944
1008 1072
1008 1136
1008 1200
1008 1204
1009 45
1009 121
1009 817
1009 881
1009 945
1009 1073
1009 1114
1009 1137
1009 1144
1009 1201
1010 95
1010 818
1010 882
1010 946
1010 1074
1010 1138
1010 1202
1010 1244
1011 819
1011 883
1011 947
1011 1075
1011 1139
1011 1203
1012 820
1012 884
1012 948
1012 1076
1012 1140
1012 1204
1013 483
1013 821
1013 885
1013 949
1013 1059
1013 1077
1013 1141
1013 1205
1014 54
1014 67
1014 134
1014 142
1014 143
1014 150
1014 182
1014 193
1014 214
1014 271
1014 278
1014 286
1014 294
1014 296
1014 323
1014 325
1014 326
1014 374
1014 387
1014 438
1014 451
1014 462
1014 463
1014 477
1014 478
1014 502
1014 515
1014 518
1014 526
1014 566
1014 577
1014 590
1014 591
1014 598
1014 603
1014 605
1014 645
1014 657
1014 707
1014 710
1014 758
1014 769
1014 783
1014 788
1014 798
1014 806
1014 822
1014 837
1014 838
1014 846
1014 847
1014 886
1014 897
1014 899
1014 911
1014 925
1014 950
1014 965
1014 966
1014 975
1014 989
1014 1027
1014 1038
1014 1039
1014 1046
1014 1078
1014 1093
1014 1094
1014 1102
1014 1142
1014 1155
1014 1158
1014 1169
1014 1174
1014 1206
1014 1219
1014 1221
1014 1222
1014 1231
1014 1233
1015 823
1015 887
1015 951
1015 1079
1015 1143
1015 1207
1015 1239
1016 824
1016 888
1016 952
1016 1080
1016 1087
1016 1123
1016 1144
1016 1208
1017 187
1017 359
1017 750
1017 825
1017 826
1017 889
1017 953
1017 1081
1017 1145
1017 1168
1017 1209
1017 1277
1018 826
1018 890
1018 954
1018 1082
1018 1146
1018 1176
1018 1210
1019 702
1019 827
1019 891
1019 955
1019 1067
1019 1083
1019 1147
1019 1211
1020 828
1020 892
1020 956
1020 1084
1020 1139
1020 1148
1020 1212
1020 1272
1021 114
1021 825
1021 829
1021 893
1021 957
1021 1085
1021 1149
1021 1213
1022 830
1022 894
1022 958
1022 1086
1022 1148
1022 1150
1022 1214
1023 831
1023 895
1023 959
1023 1087
1023 1151
1023 1215
1024 832
1024 896
1024 960
1024 1088
1024 1152
1024 1216
1025 833
1025 897
1025 961
1025 1089
1025 1153
1025 1217
1026 834
1026 898
1026 962
1026 1090
1026 1141
1026 1154
1026 1218
1027 5
1027 6
1027 17
1027 69
1027 134
1027 182
1027 193
1027 195
1027 197
1027 198
1027 206
1027 207
1027 209
1027 246
1027 257
1027 259
1027 261
1027 262
1027 270
1027 271
1027 278
1027 286
1027 294
1027 310
1027 325
1027 326
1027 331
1027 333
1027 337
1027 387
1027 389
1027 390
1027 397
1027 401
1027 438
1027 453
1027 454
1027 463
1027 465
1027 502
1027 515
1027 517
1027 518
1027 525
1027 529
1027 566
1027 579
1027 581
1027 582
1027 590
1027 591
1027 593
1027 598
1027 630
1027 651
1027 653
1027 657
1027 707
1027 709
1027 710
1027 717
1027 721
1027 769
1027 771
1027 773
1027 774
1027 782
1027 783
1027 785
1027 788
1027 797
1027 806
1027 822
1027 835
1027 837
1027 838
1027 843
1027 845
1027 846
1027 847
1027 849
1027 886
1027 897
1027 899
1027 901
1027 902
1027 909
1027 910
1027 911
1027 913
1027 925
1027 950
1027 963
1027 965
1027 966
1027 971
1027 977
1027 989
1027 1014
1027 1029
1027 1030
1027 1035
1027 1037
1027 1038
1027 1039
1027 1041
1027 1046
1027 1054
1027 1078
1027 1091
1027 1093
1027 1094
1027 1099
1027 1101
1027 1102
1027 1105
1027 1142
1027 1155
1027 1157
1027 1158
1027 1163
1027 1165
1027 1169
1027 1206
1027 1219
1027 1221
1027 1222
1027 1227
1027 1229
1027 1233
1028 836
1028 900
1028 964
1028 1092
1028 1156
1028 1220
1029 5
1029 17
1029 77
1029 81
1029 131
1029 133
1029 193
1029 195
1029 197
1029 198
1029 206
1029 207
1029 209
1029 246
1029 257
1029 259
1029 261
1029 262
1029 270
1029 271
1029 273
1029 294
1029 310
1029 325
1029 326
1029 331
1029 333
1029 337
1029 387
1029 389
1029 390
1029 395
1029 397
1029 401
1029 438
1029 453
1029 454
1029 459
1029 461
1029 465
1029 515
1029 517
1029 518
1029 523
1029 525
1029 529
1029 566
1029 579
1029 581
1029 582
1029 589
1029 591
1029 593
1029 598
1029 630
1029 651
1029 653
1029 707
1029 709
1029 710
1029 715
1029 717
1029 721
1029 769
1029 771
1029 773
1029 774
1029 779
1029 782
1029 783
1029 785
1029 788
1029 797
1029 822
1029 837
1029 843
1029 845
1029 849
1029 886
1029 899
1029 901
1029 902
1029 907
1029 909
1029 910
1029 911
1029 913
1029 925
1029 950
1029 965
1029 966
1029 971
1029 973
1029 977
1029 1027
1029 1030
1029 1035
1029 1037
1029 1041
1029 1046
1029 1054
1029 1078
1029 1093
1029 1099
1029 1101
1029 1102
1029 1105
1029 1142
1029 1157
1029 1158
1029 1163
1029 1165
1029 1169
1029 1221
1029 1222
1029 1227
1029 1229
1029 1233
1030 5
1030 6
1030 17
1030 81
1030 131
1030 134
1030 182
1030 193
1030 195
1030 197
1030 198
1030 206
1030 207
1030 209
1030 246
1030 257
1030 259
1030 261
1030 262
1030 270
1030 271
1030 273
1030 278
1030 294
1030 310
1030 325
1030 326
1030 331
1030 333
1030 337
1030 387
1030 389
1030 390
1030 395
1030 397
1030 401
1030 438
1030 453
1030 454
1030 461
1030 465
1030 515
1030 517
1030 518
1030 523
1030 525
1030 529
1030 566
1030 579
1030 581
1030 582
1030 589
1030 590
1030 591
1030 593
1030 598
1030 630
1030 651
1030 653
1030 707
1030 709
1030 710
1030 715
1030 717
1030 721
1030 769
1030 771
1030 773
1030 774
1030 782
1030 783
1030 785
1030 788
1030 797
1030 806
1030 822
1030 837
1030 838
1030 843
1030 845
1030 846
1030 849
1030 886
1030 899
1030 901
1030 902
1030 907
1030 909
1030 910
1030 911
1030 913
1030 925
1030 950
1030 965
1030 966
1030 971
1030 973
1030 977
1030 989
1030 1027
1030 1029
1030 1035
1030 1037
1030 1038
1030 1039
1030 1041
1030 1046
1030 1054
1030 1078
1030 1093
1030 1094
1030 1099
1030 1101
1030 1102
1030 1105
1030 1142
1030 1157
1030 1158
1030 1163
1030 1165
1030 1169
1030 1206
1030 1221
1030 1222
1030 1227
1030 1229
1030 1233
1031 7
1031 71
1031 135
1031 201
1031 265
1031 327
1031 391
1031 457
1031 519
1031 583
1031 647
1031 713
1031 775
1031 839
1031 903
1031 967
1031 1095
1031 1159
1031 1223
1032 654
1032 840
1032 904
1032 968
1032 1096
1032 1160
1032 1161
1032 1224
1033 841
1033 905
1033 969
1033 1097
1033 1161
1033 1225
1034 65
1034 79
1034 842
1034 906
1034 970
1034 1098
1034 1162
1034 1226
1035 11
1035 13
1035 75
1035 77
1035 133
1035 141
1035 145
1035 195
1035 197
1035 198
1035 203
1035 205
1035 206
1035 207
1035 209
1035 246
1035 257
1035 259
1035 261
1035 262
1035 267
1035 269
1035 270
1035 273
1035 310
1035 325
1035 331
1035 333
1035 337
1035 389
1035 390
1035 395
1035 397
1035 401
1035 438
1035 453
1035 454
1035 459
1035 461
1035 465
1035 515
1035 517
1035 523
1035 525
1035 529
1035 566
1035 579
1035 581
1035 582
1035 587
1035 589
1035 591
1035 593
1035 598
1035 630
1035 651
1035 653
1035 709
1035 715
1035 717
1035 721
1035 771
1035 773
1035 774
1035 779
1035 781
1035 782
1035 783
1035 785
1035 797
1035 822
1035 843
1035 845
1035 849
1035 886
1035 899
1035 901
1035 902
1035 907
1035 909
1035 910
1035 913
1035 925
1035 950
1035 971
1035 973
1035 977
1035 1027
1035 1029
1035 1030
1035 1037
1035 1041
1035 1054
1035 1078
1035 1099
1035 1101
1035 1105
1035 1142
1035 1157
1035 1163
1035 1165
1035 1227
1035 1229
1035 1233
1036 844
1036 908
1036 972
1036 1100
1036 1164
1036 1190
1036 1228
1037 11
1037 13
1037 75
1037 77
1037 133
1037 139
1037 141
1037 145
1037 195
1037 197
1037 198
1037 203
1037 205
1037 206
1037 207
1037 209
1037 246
1037 257
1037 259
1037 261
1037 262
1037 267
1037 269
1037 270
1037 273
1037 310
1037 325
1037 331
1037 333
1037 337
1037 389
1037 390
1037 395
1037 397
1037 401
1037 453
1037 454
1037 459
1037 461
1037 465
1037 517
1037 523
1037 525
1037 529
1037 579
1037 581
1037 582
1037 587
1037 589
1037 593
1037 630
1037 651
1037 653
1037 709
1037 715
1037 717
1037 721
1037 771
1037 773
1037 774
1037 779
1037 781
1037 782
1037 785
1037 797
1037 822
1037 843
1037 845
1037 849
1037 901
1037 902
1037 907
1037 909
1037 910
1037 913
1037 950
1037 971
1037 973
1037 977
1037 1027
1037 1029
1037 1030
1037 1035
1037 1041
1037 1054
1037 1078
1037 1099
1037 1101
1037 1105
1037 1157
1037 1163
1037 1165
1037 1227
1037 1229
1037 1233
1038 3
1038 54
1038 67
1038 70
1038 142
1038 143
1038 193
1038 207
1038 214
1038 246
1038 257
1038 262
1038 271
1038 278
1038 286
1038 294
1038 296
1038 310
1038 323
1038 325
1038 326
1038 337
1038 374
1038 387
1038 389
1038 390
1038 438
1038 451
1038 454
1038 462
1038 463
1038 477
1038 478
1038 502
1038 515
1038 517
1038 518
1038 526
1038 566
1038 577
1038 579
1038 590
1038 591
1038 598
1038 603
1038 605
1038 645
1038 657
1038 707
1038 709
1038 710
1038 758
1038 769
1038 774
1038 782
1038 783
1038 788
1038 797
1038 798
1038 806
1038 837
1038 838
1038 846
1038 847
1038 886
1038 897
1038 899
1038 902
1038 910
1038 911
1038 925
1038 950
1038 965
1038 966
1038 974
1038 989
1038 1014
1038 1027
1038 1030
1038 1039
1038 1046
1038 1054
1038 1078
1038 1093
1038 1094
1038 1099
1038 1102
1038 1105
1038 1142
1038 1155
1038 1157
1038 1158
1038 1166
1038 1169
1038 1174
1038 1206
1038 1219
1038 1221
1038 1222
1038 1230
1038 1231
1038 1233
1039 3
1039 54
1039 67
1039 70
1039 142
1039 143
1039 193
1039 207
1039 214
1039 246
1039 257
1039 262
1039 271
1039 278
1039 286
1039 294
1039 296
1039 310
1039 323
1039 325
1039 326
1039 337
1039 374
1039 387
1039 389
1039 390
1039 438
1039 451
1039 454
1039 462
1039 463
1039 477
1039 478
1039 502
1039 515
1039 517
1039 518
1039 526
1039 566
1039 577
1039 579
1039 590
1039 591
1039 598
1039 603
1039 605
1039 645
1039 657
1039 707
1039 709
1039 710
1039 758
1039 769
1039 774
1039 782
1039 783
1039 788
1039 797
1039 798
1039 806
1039 837
1039 838
1039 846
1039 847
1039 886
1039 897
1039 899
1039 902
1039 910
1039 911
1039 925
1039 950
1039 965
1039 966
1039 975
1039 989
1039 1014
1039 1027
1039 1030
1039 1038
1039 1046
1039 1054
1039 1078
1039 1093
1039 1094
1039 1099
1039 1102
1039 1103
1039 1105
1039 1142
1039 1155
1039 1157
1039 1158
1039 1167
1039 1169
1039 1174
1039 1206
1039 1219
1039 1221
1039 1222
1039 1231
1039 1233
1040 181
1040 848
1040 912
1040 976
1040 1104
1040 1168
1040 1232
1041 11
1041 13
1041 75
1041 77
1041 133
1041 141
1041 145
1041 195
1041 197
1041 198
1041 203
1041 205
1041 206
1041 207
1041 209
1041 246
1041 257
1041 259
1041 261
1041 262
1041 267
1041 269
1041 270
1041 273
1041 310
1041 325
1041 331
1041 333
1041 337
1041 389
1041 390
1041 395
1041 397
1041 401
1041 438
1041 453
1041 454
1041 459
1041 461
1041 465
1041 515
1041 517
1041 523
1041 525
1041 529
1041 566
1041 579
1041 581
1041 582
1041 587
1041 589
1041 591
1041 593
1041 598
1041 630
1041 651
1041 653
1041 709
1041 710
1041 715
1041 717
1041 721
1041 771
1041 773
1041 774
1041 779
1041 781
1041 782
1041 783
1041 785
1041 788
1041 797
1041 822
1041 837
1041 843
1041 845
1041 849
1041 886
1041 899
1041 901
1041 902
1041 907
1041 909
1041 910
1041 913
1041 925
1041 950
1041 971
1041 973
1041 977
1041 1027
1041 1029
1041 1030
1041 1035
1041 1037
1041 1054
1041 1078
1041 1099
1041 1101
1041 1105
1041 1142
1041 1157
1041 1163
1041 1165
1041 1169
1041 1227
1041 1229
1041 1233
1042 850
1042 914
1042 978
1042 1106
1042 1170
1042 1234
1043 851
1043 915
1043 979
1043 1107
1043 1171
1043 1235
1044 852
1044 916
1044 980
1044 1108
1044 1110
1044 1172
1044 1236
1045 853
1045 917
1045 981
1045 1109
1045 1173
1045 1237
1046 3
1046 6
1046 54
1046 69
1046 70
1046 134
1046 142
1046 143
1046 182
1046 193
1046 195
1046 197
1046 198
1046 206
1046 207
1046 214
1046 246
1046 257
1046 262
1046 270
1046 271
1046 278
1046 286
1046 294
1046 296
1046 310
1046 325
1046 326
1046 333
1046 337
1046 374
1046 387
1046 389
1046 390
1046 401
1046 438
1046 453
1046 454
1046 463
1046 478
1046 502
1046 515
1046 517
1046 518
1046 526
1046 529
1046 566
1046 577
1046 579
1046 582
1046 590
1046 591
1046 598
1046 603
1046 605
1046 630
1046 645
1046 653
1046 657
1046 707
1046 709
1046 710
1046 721
1046 758
1046 769
1046 771
1046 773
1046 774
1046 782
1046 783
1046 788
1046 797
1046 798
1046 806
1046 837
1046 838
1046 846
1046 847
1046 849
1046 854
1046 886
1046 897
1046 899
1046 901
1046 902
1046 910
1046 911
1046 918
1046 925
1046 950
1046 965
1046 966
1046 977
1046 982
1046 989
1046 1014
1046 1027
1046 1029
1046 1030
1046 1038
1046 1039
1046 1054
1046 1078
1046 1093
1046 1094
1046 1099
1046 1102
1046 1105
1046 1110
1046 1142
1046 1155
1046 1157
1046 1158
1046 1163
1046 1169
1046 1174
1046 1206
1046 1219
1046 1221
1046 1222
1046 1229
1046 1233
1046 1238
1047 253
1047 665
1047 855
1047 919
1047 983
1047 986
1047 1111
1047 1173
1047 1175
1047 1178
1047 1239
1048 551
1048 763
1048 856
1048 920
1048 984
1048 1112
1048 1176
1048 1240
1049 216
1049 316
1049 340
1049 857
1049 921
1049 953
1049 985
1049 1113
1049 1177
1049 1241
1049 1271
1050 299
1050 858
1050 922
1050 986
1050 1114
1050 1178
1050 1242
1051 786
1051 859
1051 923
1051 987
1051 1115
1051 1179
1051 1243
1052 860
1052 924
1052 988
1052 1116
1052 1180
1052 1244
1053 283
1053 861
1053 925
1053 989
1053 1117
1053 1181
1053 1245
1054 5
1054 17
1054 81
1054 131
1054 133
1054 134
1054 182
1054 193
1054 195
1054 197
1054 198
1054 206
1054 207
1054 209
1054 246
1054 257
1054 259
1054 261
1054 262
1054 270
1054 271
1054 273
1054 278
1054 294
1054 310
1054 325
1054 326
1054 331
1054 333
1054 337
1054 387
1054 389
1054 390
1054 395
1054 397
1054 401
1054 438
1054 453
1054 454
1054 459
1054 461
1054 465
1054 515
1054 517
1054 518
1054 523
1054 525
1054 529
1054 566
1054 579
1054 581
1054 582
1054 589
1054 590
1054 591
1054 593
1054 598
1054 630
1054 651
1054 653
1054 707
1054 709
1054 710
1054 715
1054 717
1054 721
1054 769
1054 771
1054 773
1054 774
1054 782
1054 783
1054 785
1054 788
1054 797
1054 806
1054 822
1054 837
1054 843
1054 845
1054 846
1054 849
1054 862
1054 886
1054 899
1054 901
1054 902
1054 907
1054 909
1054 910
1054 911
1054 913
1054 925
1054 926
1054 950
1054 965
1054 966
1054 971
1054 973
1054 977
1054 989
1054 990
1054 1027
1054 1029
1054 1030
1054 1035
1054 1037
1054 1038
1054 1039
1054 1041
1054 1046
1054 1078
1054 1093
1054 1099
1054 1101
1054 1102
1054 1105
1054 1118
1054 1142
1054 1157
1054 1158
1054 1163
1054 1165
1054 1169
1054 1182
1054 1206
1054 1222
1054 1227
1054 1229
1054 1233
1054 1246
1055 580
1055 611
1055 744
1055 863
1055 927
1055 991
1055 1119
1055 1183
1055 1247
1056 266
1056 864
1056 928
1056 992
1056 1120
1056 1184
1056 1248
1057 865
1057 929
1057 993
1057 1121
1057 1185
1057 1249
1058 866
1058 930
1058 985
1058 994
1058 1122
1058 1186
1058 1250
1059 483
1059 867
1059 931
1059 995
1059 1013
1059 1123
1059 1187
1059 1251
1060 68
1060 868
1060 932
1060 996
1060 1124
1060 1188
1060 1252
1061 339
1061 869
1061 933
1061 997
1061 1125
1061 1189
1061 1253
1062 166
1062 870
1062 934
1062 998
1062 1126
1062 1190
1062 1254
1063 687
1063 871
1063 935
1063 999
1063 1127
1063 1191
1063 1255
1064 98
1064 386
1064 482
1064 872
1064 936
1064 1000
1064 1128
1064 1192
1064 1256
1065 662
1065 873
1065 937
1065 1001
1065 1129
1065 1193
1065 1257
1066 874
1066 938
1066 1002
1066 1130
1066 1194
1066 1258
1067 702
1067 875
1067 939
1067 1003
1067 1019
1067 1131
1067 1195
1067 1259
1068 158
1068 876
1068 940
1068 1004
1068 1132
1068 1196
1068 1260
1069 877
1069 941
1069 1005
1069 1133
1069 1197
1069 1261
1070 2
1070 313
1070 409
1070 878
1070 942
1070 1006
1070 1134
1070 1198
1070 1262
1071 21
1071 338
1071 407
1071 879
1071 943
1071 1007
1071 1135
1071 1199
1071 1263
1072 354
1072 823
1072 880
1072 944
1072 1008
1072 1136
1072 1200
1072 1264
1073 834
1073 881
1073 945
1073 1009
1073 1137
1073 1201
1073 1265
1074 882
1074 946
1074 1010
1074 1138
1074 1202
1074 1266
1075 381
1075 494
1075 883
1075 947
1075 1011
1075 1139
1075 1203
1075 1267
1076 869
1076 884
1076 948
1076 1012
1076 1140
1076 1204
1076 1268
1077 885
1077 949
1077 1013
1077 1141
1077 1188
1077 1205
1077 1269
1078 5
1078 17
1078 77
1078 81
1078 131
1078 133
1078 193
1078 195
1078 197
1078 198
1078 206
1078 207
1078 209
1078 246
1078 257
1078 259
1078 261
1078 262
1078 270
1078 271
1078 273
1078 294
1078 310
1078 325
1078 326
1078 331
1078 333
1078 337
1078 387
1078 389
1078 390
1078 395
1078 397
1078 401
1078 438
1078 453
1078 454
1078 459
1078 461
1078 465
1078 515
1078 517
1078 518
1078 523
1078 525
1078 529
1078 566
1078 579
1078 581
1078 582
1078 589
1078 591
1078 593
1078 598
1078 630
1078 651
1078 653
1078 707
1078 709
1078 710
1078 715
1078 717
1078 721
1078 769
1078 771
1078 773
1078 774
1078 782
1078 783
1078 785
1078 788
1078 797
1078 806
1078 822
1078 837
1078 843
1078 845
1078 846
1078 849
1078 886
1078 899
1078 901
1078 902
1078 907
1078 909
1078 910
1078 911
1078 913
1078 925
1078 950
1078 965
1078 966
1078 971
1078 973
1078 977
1078 989
1078 1014
1078 1027
1078 1029
1078 1030
1078 1035
1078 1037
1078 1038
1078 1039
1078 1041
1078 1046
1078 1054
1078 1093
1078 1099
1078 1101
1078 1102
1078 1105
1078 1142
1078 1157
1078 1158
1078 1163
1078 1165
1078 1169
1078 1206
1078 1222
1078 1227
1078 1229
1078 1233
1078 1270
1079 153
1079 300
1079 887
1079 951
1079 1015
1079 1143
1079 1207
1079 1271
1080 446
1080 571
1080 848
1080 888
1080 952
1080 1016
1080 1144
1080 1208
1080 1272
1081 701
1081 889
1081 953
1081 1017
1081 1145
1081 1209
1081 1273
1082 890
1082 954
1082 1018
1082 1146
1082 1210
1082 1274
1083 891
1083 955
1083 1019
1083 1147
1083 1211
1083 1275
1084 892
1084 956
1084 1020
1084 1148
1084 1212
1084 1276
1085 893
1085 957
1085 1021
1085 1149
1085 1213
1085 1277
1086 894
1086 958
1086 1022
1086 1150
1086 1214
1086 1278
1087 895
1087 959
1087 1016
1087 1023
1087 1123
1087 1151
1087 1215
1087 1279
1088 807
1088 896
1088 960
1088 1024
1088 1152
1088 1216
1089 1
1089 521
1089 897
1089 961
1089 1025
1089 1153
1089 1217
1090 18
1090 658
1090 898
1090 936
1090 962
1090 1026
1090 1154
1090 1218
1091 30
1091 899
1091 905
1091 963
1091 1027
1091 1155
1091 1219
1092 417
1092 533
1092 900
1092 927
1092 951
1092 964
1092 995
1092 1028
1092 1156
1092 1197
1092 1220
1093 3
1093 54
1093 67
1093 70
1093 142
1093 143
1093 193
1093 257
1093 262
1093 270
1093 271
1093 278
1093 286
1093 294
1093 296
1093 310
1093 323
1093 325
1093 326
1093 337
1093 374
1093 387
1093 389
1093 390
1093 438
1093 451
1093 453
1093 454
1093 462
1093 463
1093 477
1093 478
1093 502
1093 515
1093 517
1093 518
1093 526
1093 566
1093 577
1093 579
1093 590
1093 591
1093 598
1093 603
1093 605
1093 645
1093 657
1093 707
1093 709
1093 710
1093 758
1093 769
1093 771
1093 773
1093 774
1093 782
1093 783
1093 788
1093 797
1093 798
1093 806
1093 837
1093 838
1093 846
1093 847
1093 849
1093 886
1093 897
1093 899
1093 901
1093 902
1093 910
1093 911
1093 925
1093 950
1093 965
1093 966
1093 989
1093 1014
1093 1027
1093 1029
1093 1030
1093 1038
1093 1039
1093 1046
1093 1054
1093 1078
1093 1094
1093 1099
1093 1102
1093 1105
1093 1142
1093 1155
1093 1157
1093 1158
1093 1169
1093 1174
1093 1206
1093 1219
1093 1221
1093 1222
1093 1233
1094 3
1094 54
1094 67
1094 70
1094 142
1094 143
1094 214
1094 257
1094 271
1094 278
1094 286
1094 294
1094 296
1094 323
1094 325
1094 326
1094 337
1094 374
1094 387
1094 390
1094 438
1094 451
1094 454
1094 462
1094 463
1094 477
1094 478
1094 502
1094 515
1094 517
1094 518
1094 526
1094 566
1094 577
1094 579
1094 590
1094 591
1094 598
1094 603
1094 605
1094 645
1094 657
1094 707
1094 709
1094 710
1094 758
1094 769
1094 774
1094 782
1094 783
1094 788
1094 797
1094 798
1094 806
1094 837
1094 838
1094 846
1094 847
1094 886
1094 897
1094 899
1094 902
1094 910
1094 911
1094 925
1094 950
1094 965
1094 966
1094 989
1094 1014
1094 1027
1094 1030
1094 1038
1094 1039
1094 1046
1094 1093
1094 1099
1094 1102
1094 1105
1094 1142
1094 1155
1094 1157
1094 1158
1094 1169
1094 1174
1094 1206
1094 1219
1094 1221
1094 1222
1094 1231
1094 1233
1095 7
1095 71
1095 135
1095 201
1095 265
1095 327
1095 391
1095 457
1095 519
1095 583
1095 647
1095 713
1095 775
1095 839
1095 903
1095 967
1095 1031
1095 1159
1095 1223
1096 904
1096 968
1096 1032
1096 1160
1096 1224
1097 620
1097 905
1097 969
1097 1033
1097 1161
1097 1225
1098 281
1098 906
1098 970
1098 1034
1098 1162
1098 1226
1099 5
1099 6
1099 17
1099 69
1099 81
1099 134
1099 182
1099 193
1099 207
1099 246
1099 257
1099 259
1099 261
1099 262
1099 270
1099 271
1099 278
1099 286
1099 294
1099 310
1099 325
1099 326
1099 331
1099 333
1099 337
1099 387
1099 389
1099 390
1099 397
1099 401
1099 438
1099 453
1099 454
1099 463
1099 465
1099 502
1099 515
1099 517
1099 518
1099 525
1099 529
1099 566
1099 579
1099 581
1099 582
1099 590
1099 591
1099 593
1099 598
1099 630
1099 651
1099 653
1099 657
1099 707
1099 709
1099 710
1099 715
1099 717
1099 721
1099 769
1099 771
1099 773
1099 774
1099 782
1099 783
1099 785
1099 788
1099 797
1099 806
1099 822
1099 837
1099 838
1099 843
1099 845
1099 846
1099 847
1099 849
1099 886
1099 899
1099 901
1099 902
1099 907
1099 909
1099 910
1099 911
1099 913
1099 925
1099 950
1099 965
1099 966
1099 971
1099 973
1099 977
1099 989
1099 1027
1099 1029
1099 1030
1099 1035
1099 1037
1099 1038
1099 1039
1099 1041
1099 1046
1099 1054
1099 1078
1099 1093
1099 1094
1099 1101
1099 1102
1099 1105
1099 1142
1099 1155
1099 1157
1099 1158
1099 1163
1099 1165
1099 1169
1099 1206
1099 1221
1099 1222
1099 1227
1099 1229
1099 1233
1100 102
1100 908
1100 972
1100 1036
1100 1164
1100 1228
1101 11
1101 13
1101 75
1101 77
1101 133
1101 141
1101 145
1101 195
1101 197
1101 198
1101 206
1101 209
1101 257
1101 259
1101 261
1101 262
1101 267
1101 269
1101 270
1101 273
1101 310
1101 325
1101 331
1101 333
1101 337
1101 389
1101 390
1101 395
1101 397
1101 401
1101 438
1101 453
1101 454
1101 459
1101 461
1101 465
1101 515
1101 517
1101 523
1101 525
1101 529
1101 566
1101 579
1101 581
1101 582
1101 587
1101 589
1101 591
1101 593
1101 598
1101 630
1101 651
1101 653
1101 709
1101 710
1101 715
1101 717
1101 721
1101 771
1101 773
1101 774
1101 779
1101 781
1101 782
1101 783
1101 785
1101 788
1101 797
1101 822
1101 837
1101 843
1101 845
1101 849
1101 886
1101 899
1101 901
1101 902
1101 907
1101 909
1101 910
1101 913
1101 925
1101 950
1101 971
1101 973
1101 977
1101 1027
1101 1029
1101 1030
1101 1035
1101 1037
1101 1041
1101 1054
1101 1078
1101 1099
1101 1105
1101 1142
1101 1157
1101 1163
1101 1165
1101 1227
1101 1229
1101 1233
1102 3
1102 6
1102 54
1102 69
1102 70
1102 134
1102 142
1102 143
1102 182
1102 193
1102 207
1102 257
1102 262
1102 270
1102 271
1102 278
1102 286
1102 294
1102 296
1102 310
1102 325
1102 326
1102 333
1102 337
1102 374
1102 387
1102 389
1102 390
1102 401
1102 438
1102 453
1102 454
1102 463
1102 478
1102 502
1102 515
1102 517
1102 518
1102 526
1102 529
1102 566
1102 577
1102 579
1102 582
1102 590
1102 591
1102 598
1102 603
1102 605
1102 630
1102 645
1102 653
1102 657
1102 707
1102 709
1102 710
1102 721
1102 758
1102 769
1102 771
1102 773
1102 774
1102 782
1102 783
1102 788
1102 797
1102 798
1102 806
1102 837
1102 838
1102 846
1102 847
1102 849
1102 886
1102 897
1102 899
1102 901
1102 902
1102 910
1102 911
1102 925
1102 950
1102 965
1102 966
1102 974
1102 977
1102 989
1102 1014
1102 1027
1102 1029
1102 1030
1102 1038
1102 1039
1102 1046
1102 1054
1102 1078
1102 1093
1102 1094
1102 1099
1102 1105
1102 1142
1102 1155
1102 1157
1102 1158
1102 1163
1102 1166
1102 1169
1102 1206
1102 1219
1102 1221
1102 1222
1102 1229
1102 1230
1102 1233
1103 296
1103 323
1103 374
1103 398
1103 451
1103 462
1103 477
1103 486
1103 643
1103 646
1103 758
1103 809
1103 835
1103 854
1103 911
1103 918
1103 926
1103 963
1103 975
1103 1039
1103 1167
1103 1174
1103 1231
1103 1246
1103 1270
1104 343
1104 912
1104 976
1104 984
1104 1040
1104 1168
1104 1202
1104 1232
1105 5
1105 6
1105 17
1105 69
1105 81
1105 131
1105 134
1105 182
1105 195
1105 198
1105 207
1105 246
1105 257
1105 259
1105 261
1105 262
1105 270
1105 271
1105 273
1105 278
1105 286
1105 294
1105 310
1105 325
1105 326
1105 331
1105 333
1105 337
1105 387
1105 389
1105 390
1105 395
1105 397
1105 401
1105 438
1105 453
1105 454
1105 461
1105 463
1105 465
1105 515
1105 517
1105 518
1105 523
1105 525
1105 529
1105 566
1105 579
1105 581
1105 582
1105 590
1105 591
1105 593
1105 598
1105 630
1105 651
1105 653
1105 657
1105 707
1105 709
1105 710
1105 715
1105 717
1105 721
1105 769
1105 771
1105 773
1105 774
1105 782
1105 783
1105 785
1105 788
1105 797
1105 806
1105 822
1105 837
1105 838
1105 843
1105 845
1105 846
1105 849
1105 886
1105 899
1105 901
1105 902
1105 909
1105 910
1105 911
1105 913
1105 925
1105 950
1105 965
1105 966
1105 971
1105 973
1105 977
1105 989
1105 1027
1105 1029
1105 1030
1105 1035
1105 1037
1105 1038
1105 1039
1105 1041
1105 1046
1105 1054
1105 1078
1105 1093
1105 1094
1105 1099
1105 1101
1105 1102
1105 1142
1105 1157
1105 1158
1105 1163
1105 1165
1105 1169
1105 1206
1105 1221
1105 1222
1105 1227
1105 1229
1105 1233
1106 914
1106 978
1106 1042
1106 1170
1106 1234
1107 915
1107 979
1107 1043
1107 1171
1107 1235
1108 916
1108 980
1108 1044
1108 1172
1108 1236
1109 111
1109 592
1109 644
1109 917
1109 981
1109 1045
1109 1173
1109 1237
1110 918
1110 982
1110 1044
1110 1046
1110 1174
1110 1238
1111 919
1111 983
1111 1047
1111 1175
1111 1239
1112 31
1112 920
1112 984
1112 1048
1112 1175
1112 1176
1112 1240
1113 921
1113 985
1113 1049
1113 1177
1113 1241
1114 45
1114 121
1114 922
1114 986
1114 1009
1114 1050
1114 1144
1114 1178
1114 1242
1115 923
1115 987
1115 1051
1115 1179
1115 1243
1116 25
1116 681
1116 924
1116 988
1116 1052
1116 1180
1116 1244
1117 925
1117 989
1117 1053
1117 1181
1117 1245
1118 778
1118 926
1118 969
1118 990
1118 1054
1118 1182
1118 1246
1119 680
1119 927
1119 988
1119 991
1119 1055
1119 1183
1119 1247
1120 748
1120 928
1120 992
1120 1056
1120 1184
1120 1248
1121 929
1121 993
1121 1057
1121 1185
1121 1249
1122 930
1122 994
1122 1058
1122 1186
1122 1250
1123 931
1123 995
1123 1016
1123 1059
1123 1087
1123 1187
1123 1251
1124 140
1124 932
1124 996
1124 1060
1124 1188
1124 1252
1125 554
1125 933
1125 997
1125 1061
1125 1189
1125 1253
1126 934
1126 998
1126 1062
1126 1190
1126 1254
1127 561
1127 935
1127 999
1127 1063
1127 1191
1127 1255
1128 936
1128 991
1128 1000
1128 1064
1128 1192
1128 1256
1129 237
1129 896
1129 937
1129 1001
1129 1065
1129 1170
1129 1193
1129 1257
1130 802
1130 938
1130 1002
1130 1066
1130 1194
1130 1258
1131 500
1131 939
1131 1003
1131 1067
1131 1195
1131 1259
1132 184
1132 743
1132 878
1132 940
1132 958
1132 1004
1132 1068
1132 1196
1132 1198
1132 1260
1133 941
1133 1005
1133 1069
1133 1197
1133 1261
1134 942
1134 1006
1134 1070
1134 1198
1134 1262
1135 943
1135 1007
1135 1071
1135 1199
1135 1263
1136 626
1136 944
1136 949
1136 1008
1136 1072
1136 1200
1136 1264
1137 883
1137 945
1137 1009
1137 1073
1137 1201
1137 1265
1138 725
1138 946
1138 1010
1138 1074
1138 1202
1138 1266
1139 947
1139 1011
1139 1020
1139 1075
1139 1203
1139 1267
1139 1272
1140 948
1140 1012
1140 1076
1140 1204
1140 1268
1141 949
1141 1013
1141 1026
1141 1077
1141 1205
1141 1269
1142 5
1142 6
1142 69
1142 134
1142 142
1142 143
1142 182
1142 193
1142 207
1142 246
1142 257
1142 262
1142 270
1142 271
1142 278
1142 286
1142 294
1142 310
1142 325
1142 326
1142 331
1142 333
1142 337
1142 387
1142 389
1142 390
1142 401
1142 438
1142 453
1142 454
1142 463
1142 465
1142 478
1142 502
1142 515
1142 517
1142 518
1142 526
1142 529
1142 566
1142 577
1142 579
1142 581
1142 582
1142 590
1142 591
1142 598
1142 603
1142 605
1142 630
1142 645
1142 651
1142 653
1142 657
1142 707
1142 709
1142 710
1142 721
1142 769
1142 771
1142 773
1142 774
1142 782
1142 783
1142 788
1142 797
1142 798
1142 806
1142 837
1142 838
1142 846
1142 847
1142 849
1142 886
1142 897
1142 899
1142 901
1142 902
1142 910
1142 911
1142 913
1142 925
1142 950
1142 965
1142 966
1142 971
1142 977
1142 989
1142 1014
1142 1027
1142 1029
1142 1030
1142 1035
1142 1038
1142 1039
1142 1041
1142 1046
1142 1054
1142 1078
1142 1093
1142 1094
1142 1099
1142 1101
1142 1102
1142 1105
1142 1155
1142 1157
1142 1158
1142 1163
1142 1165
1142 1169
1142 1206
1142 1219
1142 1221
1142 1222
1142 1227
1142 1229
1142 1233
1142 1270
1143 951
1143 1015
1143 1079
1143 1207
1143 1216
1143 1271
1144 45
1144 121
1144 952
1144 1009
1144 1016
1144 1080
1144 1114
1144 1208
1144 1272
1145 824
1145 953
1145 1017
1145 1081
1145 1209
1145 1273
1146 954
1146 1018
1146 1082
1146 1210
1146 1274
1147 440
1147 955
1147 1019
1147 1083
1147 1211
1147 1275
1148 956
1148 1020
1148 1022
1148 1084
1148 1212
1148 1276
1149 957
1149 959
1149 1021
1149 1085
1149 1213
1149 1262
1149 1277
1150 698
1150 762
1150 958
1150 1022
1150 1086
1150 1214
1150 1278
1151 959
1151 1023
1151 1087
1151 1215
1151 1279
1152 241
1152 960
1152 1024
1152 1088
1152 1216
1153 961
1153 1025
1153 1089
1153 1217
1154 428
1154 962
1154 1026
1154 1090
1154 1218
1155 3
1155 54
1155 67
1155 70
1155 142
1155 214
1155 271
1155 278
1155 286
1155 323
1155 325
1155 326
1155 374
1155 387
1155 390
1155 438
1155 451
1155 454
1155 462
1155 463
1155 477
1155 478
1155 502
1155 515
1155 517
1155 518
1155 526
1155 566
1155 577
1155 579
1155 590
1155 591
1155 598
1155 603
1155 605
1155 645
1155 657
1155 707
1155 710
1155 758
1155 769
1155 774
1155 782
1155 783
1155 788
1155 798
1155 806
1155 837
1155 838
1155 846
1155 847
1155 886
1155 897
1155 899
1155 910
1155 911
1155 925
1155 950
1155 963
1155 965
1155 966
1155 989
1155 1014
1155 1027
1155 1038
1155 1039
1155 1046
1155 1091
1155 1093
1155 1094
1155 1099
1155 1102
1155 1142
1155 1157
1155 1158
1155 1169
1155 1174
1155 1206
1155 1219
1155 1221
1155 1222
1155 1231
1155 1233
1156 920
1156 964
1156 1028
1156 1092
1156 1220
1157 5
1157 6
1157 17
1157 69
1157 81
1157 131
1157 134
1157 182
1157 207
1157 246
1157 257
1157 262
1157 270
1157 294
1157 310
1157 325
1157 326
1157 331
1157 333
1157 337
1157 387
1157 389
1157 390
1157 397
1157 401
1157 438
1157 453
1157 454
1157 463
1157 465
1157 502
1157 515
1157 517
1157 518
1157 523
1157 525
1157 529
1157 566
1157 579
1157 581
1157 582
1157 590
1157 591
1157 593
1157 598
1157 630
1157 651
1157 653
1157 657
1157 707
1157 709
1157 710
1157 715
1157 717
1157 721
1157 769
1157 771
1157 773
1157 774
1157 782
1157 783
1157 785
1157 788
1157 797
1157 806
1157 822
1157 837
1157 838
1157 843
1157 845
1157 846
1157 847
1157 849
1157 886
1157 899
1157 901
1157 902
1157 909
1157 910
1157 911
1157 913
1157 925
1157 950
1157 965
1157 966
1157 971
1157 973
1157 977
1157 989
1157 1027
1157 1029
1157 1030
1157 1035
1157 1037
1157 1038
1157 1039
1157 1041
1157 1046
1157 1054
1157 1078
1157 1093
1157 1094
1157 1099
1157 1101
1157 1102
1157 1105
1157 1142
1157 1155
1157 1158
1157 1163
1157 1165
1157 1169
1157 1206
1157 1221
1157 1222
1157 1227
1157 1229
1157 1233
1158 3
1158 54
1158 67
1158 70
1158 142
1158 143
1158 193
1158 271
1158 278
1158 286
1158 294
1158 323
1158 325
1158 326
1158 337
1158 374
1158 387
1158 389
1158 390
1158 438
1158 451
1158 453
1158 454
1158 462
1158 463
1158 477
1158 478
1158 502
1158 515
1158 517
1158 518
1158 526
1158 566
1158 577
1158 579
1158 590
1158 591
1158 598
1158 603
1158 605
1158 645
1158 657
1158 707
1158 709
1158 710
1158 758
1158 769
1158 771
1158 773
1158 774
1158 782
1158 783
1158 788
1158 797
1158 798
1158 806
1158 837
1158 838
1158 846
1158 847
1158 849
1158 886
1158 897
1158 899
1158 901
1158 902
1158 910
1158 911
1158 925
1158 950
1158 965
1158 966
1158 989
1158 1014
1158 1027
1158 1029
1158 1030
1158 1038
1158 1039
1158 1046
1158 1054
1158 1078
1158 1093
1158 1094
1158 1099
1158 1102
1158 1105
1158 1142
1158 1155
1158 1157
1158 1169
1158 1174
1158 1206
1158 1219
1158 1221
1158 1222
1158 1231
1158 1233
1159 7
1159 71
1159 135
1159 201
1159 265
1159 327
1159 391
1159 457
1159 519
1159 583
1159 647
1159 713
1159 775
1159 839
1159 903
1159 967
1159 1031
1159 1095
1159 1223
1160 147
1160 968
1160 1032
1160 1096
1160 1224
1161 654
1161 969
1161 1032
1161 1033
1161 1097
1161 1225
1162 970
1162 1034
1162 1098
1162 1226
1163 17
1163 77
1163 81
1163 131
1163 133
1163 145
1163 195
1163 197
1163 198
1163 206
1163 261
1163 262
1163 270
1163 310
1163 325
1163 331
1163 333
1163 337
1163 387
1163 389
1163 390
1163 395
1163 397
1163 401
1163 438
1163 453
1163 454
1163 459
1163 461
1163 465
1163 515
1163 517
1163 518
1163 523
1163 525
1163 529
1163 566
1163 579
1163 581
1163 582
1163 587
1163 589
1163 591
1163 593
1163 598
1163 630
1163 651
1163 653
1163 709
1163 710
1163 715
1163 717
1163 721
1163 769
1163 771
1163 773
1163 774
1163 779
1163 782
1163 783
1163 785
1163 788
1163 797
1163 822
1163 837
1163 843
1163 845
1163 849
1163 886
1163 899
1163 901
1163 902
1163 907
1163 909
1163 910
1163 911
1163 913
1163 925
1163 950
1163 965
1163 966
1163 971
1163 973
1163 977
1163 1027
1163 1029
1163 1030
1163 1035
1163 1037
1163 1041
1163 1046
1163 1054
1163 1078
1163 1099
1163 1101
1163 1102
1163 1105
1163 1142
1163 1157
1163 1165
1163 1169
1163 1222
1163 1227
1163 1229
1163 1233
1164 32
1164 972
1164 1036
1164 1100
1164 1228
1165 11
1165 13
1165 75
1165 77
1165 133
1165 141
1165 145
1165 195
1165 197
1165 198
1165 206
1165 209
1165 259
1165 261
1165 273
1165 325
1165 331
1165 333
1165 337
1165 389
1165 390
1165 395
1165 397
1165 401
1165 438
1165 453
1165 454
1165 459
1165 461
1165 465
1165 515
1165 517
1165 523
1165 525
1165 529
1165 566
1165 579
1165 581
1165 582
1165 587
1165 589
1165 591
1165 593
1165 598
1165 630
1165 651
1165 653
1165 709
1165 715
1165 717
1165 721
1165 771
1165 773
1165 774
1165 779
1165 781
1165 782
1165 783
1165 785
1165 797
1165 822
1165 843
1165 845
1165 849
1165 886
1165 899
1165 901
1165 902
1165 907
1165 909
1165 910
1165 913
1165 925
1165 950
1165 971
1165 973
1165 977
1165 1027
1165 1029
1165 1030
1165 1035
1165 1037
1165 1041
1165 1054
1165 1078
1165 1099
1165 1101
1165 1105
1165 1142
1165 1157
1165 1163
1165 1227
1165 1229
1165 1233
1166 335
1166 398
1166 486
1166 643
1166 809
1166 835
1166 854
1166 914
1166 918
1166 926
1166 963
1166 974
1166 1038
1166 1102
1166 1230
1166 1246
1167 975
1167 1039
1167 1103
1167 1231
1168 187
1168 359
1168 750
1168 826
1168 976
1168 1017
1168 1040
1168 1104
1168 1232
1168 1277
1169 3
1169 5
1169 6
1169 69
1169 134
1169 142
1169 143
1169 182
1169 193
1169 207
1169 246
1169 257
1169 271
1169 294
1169 325
1169 326
1169 333
1169 337
1169 387
1169 389
1169 390
1169 401
1169 438
1169 453
1169 454
1169 463
1169 465
1169 478
1169 502
1169 515
1169 517
1169 518
1169 526
1169 529
1169 566
1169 577
1169 579
1169 581
1169 582
1169 590
1169 591
1169 598
1169 603
1169 605
1169 630
1169 645
1169 651
1169 653
1169 657
1169 707
1169 709
1169 710
1169 721
1169 769
1169 771
1169 773
1169 774
1169 782
1169 783
1169 788
1169 797
1169 798
1169 806
1169 837
1169 838
1169 846
1169 847
1169 849
1169 886
1169 897
1169 899
1169 901
1169 902
1169 910
1169 911
1169 925
1169 950
1169 965
1169 966
1169 971
1169 977
1169 989
1169 1014
1169 1027
1169 1029
1169 1030
1169 1038
1169 1039
1169 1041
1169 1046
1169 1054
1169 1078
1169 1093
1169 1094
1169 1099
1169 1102
1169 1105
1169 1142
1169 1155
1169 1157
1169 1158
1169 1163
1169 1206
1169 1219
1169 1221
1169 1222
1169 1227
1169 1229
1169 1233
1170 237
1170 896
1170 978
1170 1042
1170 1106
1170 1129
1170 1234
1171 12
1171 979
1171 1043
1171 1107
1171 1235
1172 980
1172 1044
1172 1108
1172 1236
1173 253
1173 665
1173 981
1173 986
1173 1045
1173 1047
1173 1109
1173 1178
1173 1237
1174 150
1174 214
1174 296
1174 323
1174 326
1174 374
1174 451
1174 462
1174 463
1174 477
1174 478
1174 502
1174 526
1174 577
1174 590
1174 603
1174 605
1174 643
1174 645
1174 646
1174 657
1174 707
1174 758
1174 769
1174 798
1174 806
1174 838
1174 846
1174 847
1174 897
1174 975
1174 982
1174 989
1174 1014
1174 1038
1174 1039
1174 1046
1174 1093
1174 1094
1174 1103
1174 1110
1174 1155
1174 1158
1174 1206
1174 1219
1174 1221
1174 1222
1174 1231
1174 1238
1174 1270
1175 31
1175 983
1175 1047
1175 1111
1175 1112
1175 1239
1176 984
1176 1018
1176 1048
1176 1112
1176 1240
1177 976
1177 985
1177 1049
1177 1113
1177 1241
1178 253
1178 665
1178 986
1178 1047
1178 1050
1178 1114
1178 1173
1178 1242
1179 94
1179 609
1179 850
1179 987
1179 1051
1179 1115
1179 1243
1180 922
1180 988
1180 1052
1180 1116
1180 1244
1180 1249
1181 989
1181 1053
1181 1117
1181 1245
1182 990
1182 1054
1182 1118
1182 1246
1183 853
1183 942
1183 991
1183 1055
1183 1119
1183 1247
1183 1268
1184 992
1184 1056
1184 1120
1184 1248
1185 556
1185 919
1185 993
1185 1057
1185 1121
1185 1186
1185 1249
1186 556
1186 919
1186 994
1186 1058
1186 1122
1186 1185
1186 1250
1187 19
1187 547
1187 708
1187 995
1187 1059
1187 1123
1187 1251
1188 996
1188 1060
1188 1077
1188 1124
1188 1252
1189 842
1189 957
1189 997
1189 1061
1189 1125
1189 1253
1190 998
1190 1036
1190 1062
1190 1126
1190 1254
1191 255
1191 999
1191 1063
1191 1127
1191 1255
1192 1000
1192 1064
1192 1128
1192 1254
1192 1256
1193 539
1193 768
1193 1001
1193 1065
1193 1129
1193 1257
1194 232
1194 1002
1194 1066
1194 1130
1194 1258
1195 1003
1195 1067
1195 1131
1195 1259
1196 678
1196 745
1196 1004
1196 1068
1196 1132
1196 1260
1197 417
1197 533
1197 927
1197 951
1197 995
1197 1005
1197 1069
1197 1092
1197 1133
1197 1261
1198 184
1198 743
1198 878
1198 958
1198 1006
1198 1070
1198 1132
1198 1134
1198 1262
1199 26
1199 1007
1199 1071
1199 1135
1199 1263
1200 487
1200 1008
1200 1072
1200 1136
1200 1264
1201 258
1201 484
1201 615
1201 1009
1201 1073
1201 1137
1201 1265
1202 343
1202 984
1202 1010
1202 1074
1202 1104
1202 1138
1202 1266
1203 656
1203 766
1203 1011
1203 1075
1203 1139
1203 1267
1204 1008
1204 1012
1204 1076
1204 1140
1204 1268
1205 148
1205 1013
1205 1077
1205 1141
1205 1269
1206 3
1206 54
1206 67
1206 70
1206 142
1206 143
1206 193
1206 271
1206 278
1206 286
1206 294
1206 323
1206 325
1206 326
1206 337
1206 374
1206 387
1206 389
1206 390
1206 438
1206 451
1206 453
1206 454
1206 462
1206 463
1206 477
1206 478
1206 502
1206 515
1206 517
1206 518
1206 526
1206 566
1206 577
1206 579
1206 590
1206 591
1206 598
1206 603
1206 605
1206 645
1206 657
1206 707
1206 709
1206 710
1206 758
1206 769
1206 773
1206 774
1206 782
1206 783
1206 788
1206 797
1206 798
1206 806
1206 837
1206 838
1206 846
1206 847
1206 886
1206 897
1206 899
1206 902
1206 910
1206 911
1206 925
1206 950
1206 965
1206 966
1206 989
1206 1014
1206 1027
1206 1030
1206 1038
1206 1039
1206 1046
1206 1054
1206 1078
1206 1093
1206 1094
1206 1099
1206 1102
1206 1105
1206 1142
1206 1155
1206 1157
1206 1158
1206 1169
1206 1174
1206 1219
1206 1221
1206 1222
1206 1231
1206 1233
1206 1270
1207 226
1207 1015
1207 1079
1207 1143
1207 1271
1208 176
1208 423
1208 642
1208 1016
1208 1080
1208 1144
1208 1272
1209 1017
1209 1081
1209 1145
1209 1273
1210 99
1210 1018
1210 1082
1210 1146
1210 1274
1211 110
1211 1019
1211 1083
1211 1147
1211 1275
1212 889
1212 1020
1212 1084
1212 1148
1212 1276
1213 368
1213 635
1213 1021
1213 1085
1213 1149
1213 1277
1214 1022
1214 1086
1214 1150
1214 1278
1215 59
1215 636
1215 666
1215 1023
1215 1087
1215 1151
1215 1279
1216 1024
1216 1088
1216 1143
1216 1152
1217 329
1217 1025
1217 1089
1217 1153
1218 189
1218 1026
1218 1090
1218 1154
1219 67
1219 214
1219 286
1219 296
1219 374
1219 387
1219 438
1219 451
1219 462
1219 463
1219 477
1219 478
1219 502
1219 515
1219 518
1219 526
1219 577
1219 590
1219 598
1219 603
1219 605
1219 645
1219 657
1219 707
1219 710
1219 758
1219 769
1219 788
1219 798
1219 806
1219 837
1219 838
1219 846
1219 847
1219 897
1219 899
1219 911
1219 965
1219 966
1219 975
1219 989
1219 1014
1219 1027
1219 1038
1219 1039
1219 1046
1219 1091
1219 1093
1219 1094
1219 1102
1219 1142
1219 1155
1219 1158
1219 1169
1219 1174
1219 1206
1219 1221
1219 1222
1219 1231
1220 247
1220 282
1220 1028
1220 1092
1220 1156
1221 3
1221 54
1221 67
1221 70
1221 142
1221 143
1221 214
1221 271
1221 278
1221 286
1221 326
1221 387
1221 390
1221 438
1221 451
1221 454
1221 462
1221 463
1221 477
1221 478
1221 502
1221 515
1221 517
1221 518
1221 526
1221 566
1221 577
1221 579
1221 590
1221 591
1221 598
1221 603
1221 605
1221 645
1221 657
1221 707
1221 709
1221 710
1221 758
1221 769
1221 774
1221 782
1221 783
1221 788
1221 797
1221 798
1221 806
1221 837
1221 838
1221 846
1221 847
1221 886
1221 897
1221 899
1221 902
1221 910
1221 911
1221 925
1221 950
1221 965
1221 966
1221 989
1221 1014
1221 1027
1221 1029
1221 1030
1221 1038
1221 1039
1221 1046
1221 1093
1221 1094
1221 1099
1221 1102
1221 1105
1221 1142
1221 1155
1221 1157
1221 1158
1221 1169
1221 1174
1221 1206
1221 1219
1221 1222
1221 1231
1221 1233
1222 3
1222 6
1222 54
1222 69
1222 70
1222 142
1222 143
1222 193
1222 271
1222 278
1222 286
1222 294
1222 326
1222 387
1222 389
1222 390
1222 438
1222 453
1222 454
1222 463
1222 477
1222 478
1222 502
1222 515
1222 517
1222 518
1222 526
1222 529
1222 566
1222 577
1222 579
1222 582
1222 590
1222 591
1222 598
1222 603
1222 605
1222 645
1222 653
1222 657
1222 707
1222 709
1222 710
1222 758
1222 769
1222 771
1222 773
1222 774
1222 782
1222 783
1222 788
1222 797
1222 798
1222 806
1222 837
1222 838
1222 846
1222 847
1222 849
1222 886
1222 897
1222 899
1222 901
1222 902
1222 910
1222 911
1222 925
1222 950
1222 965
1222 966
1222 977
1222 989
1222 1014
1222 1027
1222 1029
1222 1030
1222 1038
1222 1039
1222 1046
1222 1054
1222 1078
1222 1093
1222 1094
1222 1099
1222 1102
1222 1105
1222 1142
1222 1155
1222 1157
1222 1158
1222 1163
1222 1169
1222 1174
1222 1206
1222 1219
1222 1221
1222 1233
1223 7
1223 71
1223 135
1223 201
1223 265
1223 327
1223 391
1223 457
1223 519
1223 583
1223 647
1223 713
1223 775
1223 839
1223 903
1223 967
1223 1031
1223 1095
1223 1159
1224 906
1224 1032
1224 1096
1224 1160
1225 1033
1225 1097
1225 1161
1226 1034
1226 1098
1226 1162
1227 11
1227 75
1227 77
1227 81
1227 131
1227 133
1227 145
1227 195
1227 197
1227 198
1227 206
1227 209
1227 259
1227 261
1227 262
1227 270
1227 310
1227 331
1227 333
1227 389
1227 390
1227 395
1227 397
1227 401
1227 438
1227 453
1227 454
1227 459
1227 461
1227 465
1227 515
1227 517
1227 523
1227 525
1227 529
1227 566
1227 579
1227 581
1227 582
1227 587
1227 589
1227 591
1227 593
1227 598
1227 630
1227 651
1227 653
1227 709
1227 710
1227 715
1227 717
1227 721
1227 771
1227 773
1227 774
1227 779
1227 781
1227 782
1227 783
1227 785
1227 788
1227 797
1227 822
1227 837
1227 843
1227 845
1227 849
1227 886
1227 899
1227 901
1227 902
1227 907
1227 909
1227 910
1227 911
1227 913
1227 925
1227 950
1227 966
1227 971
1227 973
1227 977
1227 1027
1227 1029
1227 1030
1227 1035
1227 1037
1227 1041
1227 1054
1227 1078
1227 1099
1227 1101
1227 1105
1227 1142
1227 1157
1227 1163
1227 1165
1227 1169
1227 1229
1227 1233
1228 1036
1228 1100
1228 1164
1229 17
1229 75
1229 77
1229 81
1229 131
1229 133
1229 145
1229 195
1229 197
1229 198
1229 206
1229 259
1229 261
1229 262
1229 270
1229 310
1229 331
1229 333
1229 387
1229 389
1229 390
1229 395
1229 397
1229 401
1229 438
1229 453
1229 454
1229 459
1229 461
1229 465
1229 515
1229 517
1229 518
1229 523
1229 525
1229 529
1229 566
1229 579
1229 581
1229 582
1229 587
1229 589
1229 591
1229 593
1229 598
1229 630
1229 651
1229 653
1229 709
1229 710
1229 715
1229 717
1229 721
1229 771
1229 773
1229 774
1229 779
1229 781
1229 782
1229 783
1229 785
1229 788
1229 797
1229 822
1229 837
1229 843
1229 845
1229 849
1229 886
1229 899
1229 901
1229 902
1229 907
1229 909
1229 910
1229 911
1229 913
1229 925
1229 950
1229 965
1229 966
1229 971
1229 973
1229 977
1229 1027
1229 1029
1229 1030
1229 1035
1229 1037
1229 1041
1229 1046
1229 1054
1229 1078
1229 1099
1229 1101
1229 1102
1229 1105
1229 1142
1229 1157
1229 1163
1229 1165
1229 1169
1229 1227
1229 1233
1230 222
1230 1038
1230 1102
1230 1166
1231 150
1231 296
1231 323
1231 374
1231 451
1231 462
1231 463
1231 477
1231 478
1231 502
1231 526
1231 577
1231 590
1231 603
1231 605
1231 643
1231 645
1231 646
1231 657
1231 758
1231 798
1231 806
1231 835
1231 838
1231 846
1231 847
1231 897
1231 975
1231 989
1231 1014
1231 1038
1231 1039
1231 1094
1231 1103
1231 1155
1231 1158
1231 1167
1231 1174
1231 1206
1231 1219
1231 1221
1231 1246
1231 1270
1232 686
1232 700
1232 1040
1232 1104
1232 1168
1233 5
1233 6
1233 17
1233 69
1233 134
1233 182
1233 193
1233 207
1233 246
1233 257
1233 262
1233 294
1233 325
1233 337
1233 387
1233 389
1233 390
1233 397
1233 401
1233 438
1233 453
1233 454
1233 463
1233 465
1233 502
1233 515
1233 517
1233 518
1233 525
1233 529
1233 566
1233 579
1233 581
1233 582
1233 590
1233 591
1233 593
1233 598
1233 630
1233 651
1233 653
1233 657
1233 707
1233 709
1233 710
1233 717
1233 721
1233 769
1233 771
1233 773
1233 774
1233 782
1233 783
1233 785
1233 788
1233 797
1233 806
1233 822
1233 837
1233 838
1233 843
1233 845
1233 846
1233 847
1233 849
1233 886
1233 897
1233 899
1233 901
1233 902
1233 910
1233 911
1233 913
1233 925
1233 950
1233 965
1233 966
1233 971
1233 977
1233 989
1233 1014
1233 1027
1233 1029
1233 1030
1233 1035
1233 1037
1233 1038
1233 1039
1233 1041
1233 1046
1233 1054
1233 1078
1233 1093
1233 1094
1233 1099
1233 1101
1233 1102
1233 1105
1233 1142
1233 1155
1233 1157
1233 1158
1233 1163
1233 1165
1233 1169
1233 1206
1233 1221
1233 1222
1233 1227
1233 1229
1234 169
1234 306
1234 739
1234 1042
1234 1106
1234 1170
1235 493
1235 623
1235 1043
1235 1107
1235 1171
1236 631
1236 861
1236 1044
1236 1108
1236 1172
1237 233
1237 1045
1237 1109
1237 1173
1238 931
1238 1046
1238 1110
1238 1174
1239 1015
1239 1047
1239 1111
1239 1175
1240 55
1240 108
1240 660
1240 1048
1240 1112
1240 1176
1241 66
1241 144
1241 188
1241 962
1241 1049
1241 1113
1241 1177
1242 16
1242 1050
1242 1114
1242 1178
1243 396
1243 625
1243 1051
1243 1115
1243 1179
1244 95
1244 1010
1244 1052
1244 1116
1244 1180
1245 1053
1245 1117
1245 1181
1246 78
1246 398
1246 451
1246 462
1246 486
1246 643
1246 646
1246 809
1246 835
1246 854
1246 914
1246 918
1246 926
1246 963
1246 975
1246 1054
1246 1103
1246 1118
1246 1166
1246 1182
1246 1231
1246 1270
1247 1055
1247 1119
1247 1183
1248 1056
1248 1120
1248 1184
1249 922
1249 1057
1249 1121
1249 1180
1249 1185
1250 272
1250 485
1250 619
1250 1058
1250 1122
1250 1186
1251 1059
1251 1123
1251 1187
1252 426
1252 1060
1252 1124
1252 1188
1253 41
1253 1061
1253 1125
1253 1189
1254 1062
1254 1126
1254 1190
1254 1192
1255 688
1255 690
1255 1063
1255 1127
1255 1191
1256 563
1256 1064
1256 1128
1256 1192
1257 617
1257 1065
1257 1129
1257 1193
1258 1066
1258 1130
1258 1194
1259 235
1259 1067
1259 1131
1259 1195
1260 1068
1260 1132
1260 1196
1261 44
1261 103
1261 408
1261 564
1261 893
1261 1069
1261 1133
1261 1197
1262 959
1262 1070
1262 1134
1262 1149
1262 1198
1263 514
1263 633
1263 1071
1263 1135
1263 1199
1264 1072
1264 1136
1264 1200
1265 1073
1265 1137
1265 1201
1266 637
1266 1074
1266 1138
1266 1202
1267 186
1267 1075
1267 1139
1267 1203
1268 853
1268 942
1268 1076
1268 1140
1268 1183
1268 1204
1269 1077
1269 1141
1269 1205
1270 398
1270 451
1270 462
1270 477
1270 486
1270 526
1270 603
1270 643
1270 646
1270 758
1270 809
1270 835
1270 854
1270 918
1270 926
1270 963
1270 975
1270 1078
1270 1103
1270 1142
1270 1174
1270 1206
1270 1231
1270 1246
1271 216
1271 316
1271 340
1271 953
1271 1049
1271 1079
1271 1143
1271 1207
1272 1020
1272 1080
1272 1139
1272 1144
1272 1208
1273 1005
1273 1081
1273 1145
1273 1209
1274 1082
1274 1146
1274 1210
1274 1278
1275 1083
1275 1147
1275 1211
1276 444
1276 1084
1276 1148
1276 1212
1277 187
1277 359
1277 750
1277 826
1277 1017
1277 1085
1277 1149
1277 1168
1277 1213
1278 1086
1278 1150
1278 1214
1278 1274
1279 1087
1279 1151
1279 1215
