0 64
0 128
0 192
0 1054
0 1088
1 65
1 129
1 193
1 787
1 863
2 30
2 66
2 130
2 194
3 67
3 131
3 195
3 380
3 570
3 682
4 68
4 132
4 196
4 661
4 1171
5 69
5 133
5 197
6 70
6 71
6 134
6 136
6 198
6 200
6 263
6 327
6 392
6 454
6 521
6 583
6 647
6 712
6 776
6 840
6 904
6 969
6 1032
6 1095
6 1157
6 1223
7 8
7 17
7 32
7 71
7 72
7 74
7 81
7 88
7 91
7 94
7 120
7 135
7 166
7 199
7 260
7 269
7 278
7 312
7 328
7 332
7 391
7 455
7 512
7 541
7 608
7 614
7 617
7 648
7 738
7 847
7 934
7 989
7 1051
7 1152
7 1189
7 1206
7 1272
8 7
8 17
8 32
8 72
8 74
8 81
8 88
8 91
8 94
8 120
8 136
8 166
8 199
8 200
8 262
8 268
8 269
8 278
8 312
8 328
8 352
8 391
8 401
8 416
8 455
8 477
8 512
8 541
8 544
8 584
8 608
8 614
8 617
8 648
8 738
8 774
8 775
8 839
8 847
8 966
8 989
8 1051
8 1120
8 1189
8 1206
8 1272
9 73
9 137
9 201
10 74
10 138
10 202
10 513
10 551
10 1060
11 14
11 15
11 75
11 78
11 79
11 134
11 135
11 139
11 142
11 143
11 157
11 198
11 203
11 206
11 207
11 264
11 266
11 267
11 270
11 271
11 273
11 285
11 286
11 288
11 326
11 331
11 334
11 335
11 390
11 395
11 398
11 399
11 459
11 462
11 463
11 518
11 523
11 526
11 527
11 529
11 553
11 587
11 590
11 591
11 651
11 654
11 655
11 715
11 718
11 719
11 779
11 782
11 783
11 838
11 843
11 903
11 907
11 910
11 911
11 974
11 1035
11 1038
11 1099
11 1158
11 1167
11 1190
11 1191
11 1193
11 1222
11 1255
12 76
12 140
12 204
12 1041
13 77
13 141
13 205
13 815
14 11
14 15
14 75
14 78
14 79
14 96
14 134
14 135
14 139
14 142
14 143
14 157
14 198
14 203
14 206
14 207
14 264
14 266
14 267
14 270
14 271
14 273
14 285
14 286
14 288
14 326
14 331
14 334
14 335
14 390
14 395
14 398
14 399
14 456
14 459
14 462
14 463
14 480
14 489
14 518
14 523
14 526
14 527
14 529
14 553
14 582
14 587
14 590
14 591
14 593
14 651
14 654
14 655
14 710
14 711
14 715
14 718
14 719
14 736
14 779
14 782
14 783
14 798
14 838
14 843
14 846
14 903
14 910
14 911
14 975
14 1035
14 1158
14 1160
14 1174
14 1190
14 1191
14 1193
14 1222
14 1224
14 1255
15 11
15 14
15 70
15 75
15 78
15 79
15 96
15 134
15 135
15 139
15 142
15 143
15 157
15 198
15 203
15 206
15 207
15 264
15 266
15 270
15 271
15 273
15 285
15 286
15 288
15 326
15 331
15 334
15 335
15 390
15 395
15 398
15 399
15 456
15 459
15 462
15 463
15 480
15 489
15 518
15 520
15 523
15 526
15 527
15 529
15 553
15 582
15 587
15 590
15 591
15 593
15 603
15 646
15 651
15 654
15 655
15 710
15 711
15 715
15 718
15 719
15 736
15 774
15 779
15 782
15 783
15 798
15 838
15 843
15 846
15 903
15 910
15 911
15 913
15 935
15 937
15 975
15 1094
15 1096
15 1129
15 1158
15 1160
15 1169
15 1174
15 1180
15 1184
15 1190
15 1191
15 1193
15 1208
15 1222
15 1224
15 1255
16 80
16 144
16 208
17 7
17 8
17 81
17 88
17 91
17 94
17 145
17 166
17 209
17 260
17 269
17 278
17 328
17 332
17 391
17 614
17 648
17 934
17 960
17 968
17 1101
17 1152
17 1153
17 1246
18 82
18 146
18 210
18 914
19 83
19 147
19 205
19 211
20 84
20 148
20 212
20 983
21 85
21 149
21 213
21 579
22 64
22 86
22 150
22 214
22 1098
22 1207
22 1225
23 87
23 151
23 215
23 375
24 88
24 152
24 216
25 89
25 153
25 217
25 412
26 90
26 154
26 218
26 1203
27 65
27 91
27 155
27 219
28 92
28 106
28 156
28 220
28 1107
28 1244
29 93
29 157
29 221
29 795
30 2
30 94
30 158
30 222
31 95
31 159
31 223
31 1168
32 7
32 8
32 70
32 72
32 74
32 81
32 88
32 94
32 96
32 120
32 160
32 166
32 199
32 224
32 262
32 268
32 278
32 312
32 352
32 391
32 401
32 416
32 455
32 477
32 512
32 520
32 541
32 544
32 584
32 603
32 608
32 614
32 617
32 646
32 648
32 738
32 774
32 775
32 839
32 847
32 966
32 989
32 1037
32 1051
32 1120
32 1144
32 1188
32 1189
32 1206
32 1272
33 97
33 101
33 161
33 225
34 98
34 162
34 226
34 615
35 99
35 163
35 227
35 991
36 100
36 164
36 228
36 963
36 1009
37 101
37 165
37 229
37 471
38 102
38 166
38 230
38 984
38 1201
39 103
39 167
39 231
39 1057
40 104
40 168
40 232
41 105
41 169
41 233
41 1034
42 67
42 106
42 170
42 234
42 287
42 695
43 107
43 171
43 235
43 468
43 1005
44 108
44 172
44 236
44 831
45 109
45 164
45 173
45 237
46 110
46 174
46 238
46 752
47 107
47 111
47 175
47 239
47 340
47 1114
48 112
48 176
48 240
49 113
49 177
49 234
49 241
49 409
49 700
49 705
50 114
50 178
50 242
50 323
50 810
51 115
51 179
51 243
51 897
52 116
52 180
52 244
53 117
53 181
53 245
54 118
54 182
54 246
54 441
55 119
55 183
55 247
55 304
55 357
55 720
56 120
56 145
56 184
56 248
57 121
57 185
57 249
57 381
58 62
58 122
58 186
58 250
59 123
59 187
59 190
59 251
60 124
60 188
60 252
60 1050
61 125
61 189
61 253
61 368
62 58
62 126
62 190
62 254
63 127
63 191
63 236
63 255
63 599
63 1070
63 1086
64 0
64 22
64 128
64 192
64 256
64 1098
64 1207
64 1225
65 1
65 27
65 129
65 193
65 257
66 2
66 130
66 194
66 247
66 258
67 3
67 42
67 131
67 195
67 259
67 287
67 695
68 4
68 132
68 196
68 260
69 5
69 133
69 197
69 261
69 482
69 1124
70 6
70 15
70 32
70 72
70 74
70 96
70 120
70 134
70 135
70 157
70 198
70 199
70 206
70 207
70 262
70 264
70 266
70 268
70 273
70 285
70 286
70 288
70 312
70 326
70 352
70 390
70 398
70 401
70 416
70 455
70 456
70 463
70 477
70 480
70 489
70 512
70 518
70 520
70 529
70 541
70 544
70 553
70 582
70 584
70 590
70 591
70 593
70 603
70 608
70 617
70 646
70 654
70 655
70 710
70 711
70 718
70 719
70 736
70 738
70 774
70 775
70 782
70 783
70 798
70 838
70 839
70 846
70 847
70 902
70 903
70 910
70 913
70 925
70 935
70 937
70 1030
70 1031
70 1103
70 1105
70 1127
70 1162
70 1176
70 1179
70 1216
70 1231
70 1243
71 6
71 7
71 135
71 136
71 199
71 200
71 263
71 327
71 392
71 454
71 521
71 583
71 647
71 712
71 776
71 840
71 904
71 969
71 1032
71 1095
71 1157
71 1223
72 7
72 8
72 32
72 70
72 74
72 88
72 94
72 120
72 136
72 166
72 199
72 200
72 262
72 264
72 268
72 278
72 312
72 352
72 391
72 401
72 416
72 455
72 456
72 477
72 480
72 512
72 520
72 541
72 544
72 584
72 603
72 608
72 614
72 617
72 646
72 648
72 710
72 738
72 774
72 775
72 798
72 839
72 847
72 925
72 934
72 966
72 989
72 1001
72 1037
72 1051
72 1063
72 1120
72 1144
72 1156
72 1188
72 1189
72 1206
72 1257
72 1272
73 9
73 137
73 201
73 265
74 7
74 8
74 10
74 32
74 70
74 72
74 88
74 94
74 120
74 138
74 166
74 199
74 202
74 262
74 266
74 268
74 278
74 312
74 352
74 391
74 401
74 416
74 455
74 456
74 477
74 480
74 512
74 520
74 541
74 544
74 584
74 603
74 608
74 614
74 617
74 646
74 648
74 738
74 774
74 775
74 798
74 839
74 847
74 925
74 934
74 966
74 989
74 1001
74 1037
74 1051
74 1063
74 1120
74 1144
74 1156
74 1188
74 1189
74 1206
74 1272
75 11
75 14
75 15
75 78
75 79
75 139
75 142
75 143
75 203
75 267
75 270
75 271
75 286
75 331
75 334
75 335
75 395
75 398
75 399
75 459
75 462
75 463
75 518
75 523
75 526
75 527
75 587
75 590
75 651
75 715
75 718
75 779
75 782
75 783
75 843
75 903
75 907
75 910
75 911
75 971
75 974
75 1035
75 1038
75 1099
75 1102
75 1163
75 1167
75 1227
75 1230
76 12
76 140
76 204
76 268
77 13
77 140
77 141
77 205
77 269
77 645
78 11
78 14
78 15
78 75
78 79
78 134
78 139
78 142
78 143
78 157
78 198
78 203
78 206
78 207
78 264
78 266
78 267
78 270
78 271
78 273
78 286
78 288
78 326
78 331
78 334
78 335
78 390
78 395
78 398
78 399
78 459
78 462
78 463
78 518
78 523
78 526
78 527
78 529
78 553
78 587
78 590
78 591
78 651
78 654
78 715
78 718
78 719
78 779
78 782
78 783
78 838
78 843
78 902
78 903
78 907
78 910
78 911
78 913
78 935
78 937
78 971
78 974
78 1035
78 1038
78 1099
78 1102
78 1158
78 1167
78 1190
78 1193
78 1222
78 1227
78 1255
79 11
79 14
79 15
79 75
79 78
79 96
79 134
79 135
79 139
79 142
79 143
79 157
79 198
79 203
79 206
79 207
79 264
79 266
79 267
79 270
79 271
79 273
79 285
79 286
79 288
79 326
79 331
79 334
79 335
79 390
79 395
79 398
79 399
79 456
79 459
79 462
79 463
79 480
79 489
79 518
79 523
79 526
79 527
79 529
79 553
79 582
79 587
79 590
79 591
79 593
79 651
79 654
79 655
79 710
79 711
79 715
79 718
79 719
79 736
79 779
79 782
79 783
79 798
79 838
79 843
79 846
79 902
79 903
79 907
79 910
79 911
79 913
79 925
79 935
79 937
79 975
79 1158
79 1160
79 1169
79 1174
79 1190
79 1191
79 1193
79 1222
79 1224
79 1255
80 16
80 89
80 144
80 208
80 238
80 272
80 364
80 1108
81 7
81 8
81 17
81 32
81 88
81 91
81 94
81 145
81 166
81 209
81 260
81 269
81 273
81 278
81 328
81 332
81 391
81 455
81 614
81 617
81 648
81 896
81 934
81 960
81 1101
81 1152
81 1153
81 1246
82 18
82 146
82 210
82 274
82 547
82 924
82 999
83 19
83 147
83 211
83 275
84 20
84 148
84 212
84 276
85 21
85 149
85 213
85 277
85 659
86 22
86 150
86 214
86 278
86 292
86 361
86 534
87 23
87 151
87 215
87 279
87 962
88 7
88 8
88 17
88 24
88 32
88 72
88 74
88 81
88 91
88 94
88 120
88 152
88 166
88 199
88 216
88 260
88 269
88 278
88 280
88 312
88 328
88 332
88 391
88 455
88 512
88 541
88 608
88 614
88 617
88 648
88 738
88 847
88 934
88 989
88 1051
88 1152
88 1189
88 1206
88 1272
89 25
89 80
89 153
89 217
89 238
89 281
89 364
89 1108
90 26
90 154
90 218
90 282
91 7
91 8
91 17
91 27
91 81
91 88
91 94
91 155
91 166
91 219
91 260
91 269
91 278
91 283
91 328
91 332
91 391
91 614
91 648
91 896
91 934
91 960
91 1101
91 1152
91 1153
91 1246
92 28
92 156
92 220
92 284
92 1165
93 29
93 157
93 221
93 285
93 978
94 7
94 8
94 17
94 30
94 32
94 72
94 74
94 81
94 88
94 91
94 120
94 158
94 166
94 199
94 222
94 262
94 268
94 269
94 278
94 286
94 312
94 328
94 352
94 391
94 401
94 416
94 455
94 477
94 512
94 541
94 544
94 584
94 608
94 614
94 617
94 648
94 738
94 774
94 775
94 839
94 847
94 934
94 966
94 989
94 1051
94 1120
94 1189
94 1206
94 1272
95 31
95 131
95 159
95 223
95 287
95 569
95 944
96 14
96 15
96 32
96 70
96 79
96 134
96 135
96 143
96 157
96 160
96 198
96 199
96 206
96 207
96 224
96 262
96 264
96 266
96 268
96 273
96 285
96 286
96 288
96 312
96 326
96 335
96 352
96 390
96 398
96 399
96 401
96 416
96 456
96 463
96 477
96 480
96 489
96 518
96 520
96 529
96 541
96 544
96 553
96 582
96 584
96 590
96 591
96 593
96 603
96 608
96 646
96 651
96 654
96 655
96 710
96 711
96 718
96 719
96 736
96 738
96 774
96 775
96 782
96 783
96 798
96 838
96 839
96 846
96 847
96 902
96 903
96 910
96 911
96 913
96 925
96 935
96 937
96 1031
96 1039
96 1096
96 1103
96 1105
96 1127
96 1129
96 1162
96 1176
96 1179
96 1180
96 1183
96 1231
96 1243
97 33
97 161
97 225
97 289
97 612
97 1062
98 34
98 162
98 226
98 290
98 333
98 768
98 864
98 920
99 35
99 163
99 227
99 291
99 888
99 1074
100 36
100 154
100 164
100 228
100 292
100 812
101 33
101 37
101 165
101 229
101 293
102 38
102 166
102 230
102 294
103 39
103 167
103 231
103 295
104 40
104 168
104 232
104 296
104 699
104 825
104 848
104 1264
105 41
105 169
105 233
105 297
105 918
106 28
106 42
106 170
106 234
106 298
106 1107
106 1244
107 43
107 47
107 171
107 235
107 299
107 340
107 1114
108 44
108 172
108 236
108 300
108 559
108 876
109 45
109 122
109 173
109 237
109 301
109 666
109 1275
110 46
110 174
110 238
110 302
110 562
110 1002
110 1111
111 47
111 175
111 239
111 303
111 343
111 450
111 624
112 48
112 176
112 195
112 240
112 304
112 366
112 495
113 49
113 177
113 241
113 305
113 345
113 690
113 1199
114 50
114 178
114 242
114 306
115 51
115 179
115 243
115 307
115 1132
116 52
116 167
116 180
116 244
116 308
117 53
117 181
117 245
117 309
118 54
118 182
118 246
118 310
119 55
119 183
119 247
119 311
120 7
120 8
120 32
120 56
120 70
120 72
120 74
120 88
120 94
120 166
120 184
120 199
120 248
120 262
120 268
120 278
120 312
120 352
120 391
120 401
120 416
120 455
120 456
120 477
120 480
120 512
120 520
120 541
120 544
120 584
120 603
120 608
120 617
120 646
120 648
120 710
120 711
120 736
120 738
120 774
120 775
120 798
120 839
120 846
120 847
120 925
120 934
120 966
120 989
120 1001
120 1037
120 1063
120 1120
120 1144
120 1156
120 1188
120 1189
120 1206
120 1248
120 1257
120 1272
121 57
121 185
121 249
121 313
121 339
122 58
122 109
122 186
122 250
122 314
122 666
122 1275
123 59
123 187
123 218
123 251
123 315
124 60
124 185
124 188
124 252
124 316
125 61
125 189
125 253
125 317
125 947
126 62
126 190
126 254
126 318
126 552
126 688
127 63
127 191
127 255
127 319
128 0
128 64
128 192
128 256
128 320
128 341
128 600
129 1
129 65
129 193
129 257
129 321
129 595
129 616
130 2
130 66
130 194
130 258
130 322
130 604
130 830
130 1256
131 3
131 67
131 95
131 195
131 259
131 323
131 569
131 944
132 4
132 68
132 196
132 260
132 324
132 1053
132 1123
133 5
133 69
133 197
133 261
133 325
133 887
134 6
134 11
134 14
134 15
134 70
134 78
134 79
134 96
134 135
134 139
134 142
134 143
134 157
134 198
134 203
134 206
134 207
134 262
134 264
134 266
134 270
134 271
134 273
134 285
134 286
134 288
134 326
134 331
134 334
134 335
134 352
134 390
134 395
134 398
134 399
134 416
134 456
134 459
134 462
134 463
134 477
134 480
134 489
134 518
134 520
134 526
134 527
134 529
134 544
134 553
134 582
134 587
134 590
134 591
134 593
134 603
134 646
134 651
134 654
134 655
134 710
134 711
134 715
134 718
134 719
134 736
134 774
134 779
134 782
134 783
134 798
134 838
134 839
134 843
134 846
134 902
134 903
134 907
134 910
134 911
134 913
134 925
134 935
134 937
134 971
134 974
134 975
134 1039
134 1094
134 1096
134 1129
134 1158
134 1160
134 1169
134 1174
134 1180
134 1183
134 1184
134 1190
134 1191
134 1193
134 1208
134 1224
134 1255
135 7
135 11
135 14
135 15
135 70
135 71
135 79
135 96
135 134
135 143
135 157
135 198
135 199
135 206
135 207
135 262
135 263
135 264
135 266
135 268
135 273
135 285
135 286
135 288
135 312
135 326
135 327
135 335
135 352
135 390
135 398
135 399
135 401
135 416
135 456
135 463
135 477
135 480
135 489
135 518
135 520
135 529
135 541
135 544
135 553
135 582
135 584
135 590
135 591
135 593
135 603
135 608
135 646
135 651
135 654
135 655
135 710
135 711
135 718
135 719
135 736
135 738
135 774
135 775
135 782
135 783
135 798
135 838
135 839
135 846
135 847
135 902
135 903
135 910
135 911
135 913
135 925
135 935
135 937
135 975
135 1001
135 1031
135 1039
135 1094
135 1096
135 1103
135 1105
135 1127
135 1129
135 1162
135 1169
135 1176
135 1179
135 1180
135 1183
135 1184
135 1208
135 1231
135 1243
136 6
136 8
136 71
136 72
136 200
136 263
136 264
136 327
136 328
136 392
136 454
136 521
136 583
136 647
136 712
136 776
136 840
136 904
136 969
136 1032
136 1095
136 1157
136 1223
137 9
137 73
137 201
137 265
137 329
138 10
138 74
138 202
138 266
138 330
139 11
139 14
139 15
139 75
139 78
139 79
139 134
139 142
139 143
139 157
139 203
139 206
139 207
139 267
139 270
139 271
139 286
139 331
139 334
139 335
139 395
139 398
139 399
139 459
139 462
139 463
139 518
139 523
139 526
139 527
139 587
139 590
139 651
139 715
139 718
139 779
139 782
139 783
139 843
139 903
139 907
139 910
139 911
139 971
139 974
139 1035
139 1038
139 1099
139 1102
139 1163
139 1167
139 1227
139 1230
140 12
140 76
140 77
140 204
140 268
140 332
140 645
141 13
141 77
141 205
141 269
141 333
141 1240
142 11
142 14
142 15
142 75
142 78
142 79
142 134
142 139
142 143
142 157
142 198
142 203
142 206
142 207
142 264
142 266
142 267
142 270
142 271
142 273
142 286
142 288
142 326
142 331
142 334
142 335
142 390
142 395
142 398
142 399
142 459
142 462
142 463
142 518
142 523
142 526
142 527
142 529
142 553
142 587
142 590
142 591
142 651
142 654
142 715
142 718
142 719
142 779
142 782
142 783
142 838
142 843
142 902
142 903
142 907
142 910
142 911
142 913
142 935
142 937
142 971
142 974
142 975
142 1035
142 1038
142 1099
142 1102
142 1158
142 1167
142 1190
142 1193
142 1222
142 1227
142 1255
143 11
143 14
143 15
143 75
143 78
143 79
143 96
143 134
143 135
143 139
143 142
143 157
143 198
143 203
143 206
143 207
143 264
143 266
143 267
143 270
143 271
143 273
143 285
143 286
143 288
143 326
143 331
143 334
143 335
143 390
143 395
143 398
143 399
143 456
143 459
143 462
143 463
143 480
143 489
143 518
143 520
143 523
143 526
143 527
143 529
143 553
143 582
143 587
143 590
143 591
143 593
143 651
143 654
143 655
143 710
143 711
143 715
143 718
143 719
143 736
143 779
143 782
143 783
143 798
143 838
143 843
143 846
143 902
143 903
143 907
143 910
143 911
143 913
143 925
143 935
143 937
143 971
143 974
143 975
143 1094
143 1158
143 1160
143 1169
143 1174
143 1190
143 1191
143 1193
143 1222
143 1224
143 1255
144 16
144 80
144 208
144 272
144 336
144 767
144 1131
145 17
145 56
145 81
145 209
145 273
145 337
146 18
146 82
146 210
146 274
146 338
147 19
147 83
147 211
147 275
147 339
147 515
147 532
147 917
147 1133
148 20
148 84
148 212
148 276
148 340
148 931
149 21
149 85
149 213
149 277
149 341
149 853
150 22
150 86
150 183
150 214
150 248
150 278
150 342
150 423
150 479
150 533
150 833
151 23
151 87
151 215
151 279
151 303
151 343
151 673
151 1212
152 24
152 88
152 216
152 280
152 344
152 657
152 1182
153 25
153 89
153 217
153 281
153 345
153 627
153 687
153 829
154 26
154 90
154 100
154 218
154 282
154 346
154 812
155 27
155 91
155 181
155 219
155 283
155 347
155 694
155 740
155 919
155 1187
156 28
156 92
156 173
156 220
156 284
156 348
156 1135
156 1210
157 11
157 14
157 15
157 29
157 70
157 78
157 79
157 93
157 96
157 134
157 135
157 139
157 142
157 143
157 198
157 203
157 206
157 207
157 221
157 262
157 264
157 266
157 270
157 271
157 273
157 285
157 286
157 288
157 326
157 331
157 334
157 335
157 349
157 352
157 390
157 395
157 398
157 399
157 416
157 456
157 459
157 462
157 463
157 477
157 480
157 489
157 518
157 520
157 526
157 527
157 529
157 544
157 553
157 582
157 587
157 590
157 591
157 593
157 603
157 646
157 651
157 654
157 655
157 710
157 711
157 715
157 718
157 719
157 736
157 774
157 775
157 779
157 782
157 783
157 798
157 838
157 839
157 843
157 846
157 902
157 903
157 907
157 910
157 911
157 913
157 925
157 935
157 937
157 971
157 974
157 975
157 1039
157 1094
157 1096
157 1129
157 1158
157 1160
157 1169
157 1174
157 1180
157 1183
157 1184
157 1190
157 1191
157 1193
157 1208
157 1224
157 1255
158 30
158 94
158 222
158 286
158 350
159 31
159 95
159 223
159 287
159 321
159 351
159 493
159 1236
159 1258
160 32
160 96
160 224
160 288
160 352
161 33
161 97
161 225
161 289
161 353
161 818
162 34
162 98
162 226
162 290
162 354
162 407
163 35
163 99
163 227
163 291
163 355
163 467
163 988
164 36
164 45
164 100
164 228
164 292
164 356
165 37
165 101
165 229
165 293
165 357
166 7
166 8
166 17
166 32
166 38
166 72
166 74
166 81
166 88
166 91
166 94
166 102
166 120
166 199
166 230
166 262
166 268
166 269
166 278
166 294
166 312
166 352
166 358
166 391
166 401
166 416
166 455
166 477
166 512
166 541
166 544
166 584
166 603
166 608
166 614
166 617
166 646
166 648
166 738
166 774
166 775
166 839
166 847
166 934
166 960
166 966
166 989
166 1001
166 1037
166 1051
166 1120
166 1188
166 1189
166 1206
166 1272
167 39
167 103
167 116
167 231
167 295
167 359
168 40
168 104
168 232
168 296
168 360
169 41
169 105
169 233
169 297
169 361
169 1194
170 42
170 106
170 234
170 298
170 362
171 43
171 107
171 235
171 299
171 363
171 761
172 44
172 108
172 236
172 300
172 363
172 364
173 45
173 109
173 156
173 237
173 301
173 365
173 1135
173 1210
174 46
174 110
174 238
174 302
174 366
174 749
174 814
174 956
174 1045
175 47
175 111
175 239
175 303
175 346
175 367
175 424
176 48
176 112
176 240
176 304
176 351
176 368
177 49
177 113
177 241
177 305
177 369
177 464
178 50
178 114
178 242
178 306
178 370
178 727
178 1020
179 51
179 115
179 243
179 307
179 371
179 1017
180 52
180 116
180 244
180 308
180 372
180 494
180 686
180 756
180 1204
181 53
181 117
181 155
181 245
181 309
181 373
181 694
181 740
181 919
181 1187
182 54
182 118
182 246
182 310
182 374
182 760
183 55
183 119
183 150
183 247
183 248
183 311
183 375
183 423
183 479
183 533
183 833
184 56
184 120
184 248
184 312
184 376
184 945
185 57
185 121
185 124
185 249
185 313
185 377
186 58
186 122
186 250
186 314
186 378
186 446
186 879
187 59
187 123
187 251
187 315
187 379
187 640
187 877
187 1261
187 1279
188 60
188 124
188 252
188 316
188 380
188 490
189 61
189 125
189 253
189 317
189 381
189 955
190 59
190 62
190 126
190 254
190 318
190 382
191 63
191 127
191 255
191 282
191 319
191 383
191 755
191 1277
192 0
192 64
192 128
192 256
192 320
192 384
192 670
192 1014
193 1
193 65
193 129
193 257
193 321
193 385
193 535
193 573
193 958
193 1021
193 1151
194 2
194 66
194 130
194 258
194 322
194 382
194 386
194 397
194 418
194 1089
195 3
195 67
195 112
195 131
195 259
195 323
195 366
195 387
195 495
196 4
196 68
196 132
196 260
196 324
196 388
196 514
196 1209
197 5
197 69
197 133
197 261
197 325
197 389
198 6
198 11
198 14
198 15
198 70
198 78
198 79
198 96
198 134
198 135
198 142
198 143
198 157
198 199
198 203
198 206
198 207
198 262
198 264
198 266
198 268
198 273
198 285
198 286
198 288
198 312
198 326
198 334
198 335
198 352
198 390
198 398
198 399
198 401
198 416
198 456
198 463
198 477
198 480
198 489
198 518
198 520
198 527
198 529
198 541
198 544
198 553
198 582
198 584
198 590
198 591
198 593
198 603
198 608
198 646
198 651
198 654
198 655
198 710
198 711
198 718
198 719
198 736
198 738
198 774
198 775
198 782
198 783
198 798
198 838
198 839
198 846
198 902
198 903
198 910
198 911
198 913
198 925
198 935
198 937
198 975
198 1001
198 1030
198 1031
198 1039
198 1063
198 1094
198 1096
198 1127
198 1129
198 1160
198 1162
198 1169
198 1180
198 1183
198 1184
198 1208
198 1224
198 1231
199 7
199 8
199 32
199 70
199 71
199 72
199 74
199 88
199 94
199 96
199 120
199 135
199 166
199 198
199 262
199 263
199 264
199 266
199 268
199 278
199 285
199 312
199 326
199 327
199 352
199 390
199 391
199 401
199 416
199 455
199 456
199 477
199 480
199 489
199 512
199 520
199 541
199 544
199 582
199 584
199 591
199 593
199 603
199 608
199 617
199 646
199 648
199 655
199 710
199 711
199 736
199 738
199 774
199 775
199 798
199 838
199 839
199 846
199 847
199 902
199 925
199 937
199 966
199 989
199 1001
199 1030
199 1031
199 1037
199 1039
199 1051
199 1063
199 1120
199 1144
199 1156
199 1173
199 1176
199 1179
199 1188
199 1216
199 1248
199 1257
200 6
200 8
200 71
200 72
200 136
200 263
200 264
200 327
200 328
200 392
200 454
200 521
200 583
200 647
200 712
200 776
200 840
200 904
200 969
200 1032
200 1095
200 1157
200 1223
201 9
201 73
201 137
201 265
201 302
201 329
201 393
202 10
202 74
202 138
202 266
202 330
202 388
202 394
203 11
203 14
203 15
203 75
203 78
203 79
203 134
203 139
203 142
203 143
203 157
203 198
203 206
203 207
203 264
203 266
203 267
203 270
203 271
203 273
203 286
203 288
203 326
203 331
203 334
203 335
203 390
203 395
203 398
203 399
203 459
203 462
203 463
203 518
203 523
203 526
203 527
203 529
203 553
203 587
203 590
203 591
203 651
203 654
203 715
203 718
203 719
203 779
203 782
203 783
203 838
203 843
203 902
203 903
203 907
203 910
203 911
203 913
203 935
203 937
203 971
203 974
203 975
203 1035
203 1038
203 1039
203 1099
203 1102
203 1158
203 1167
203 1190
203 1193
203 1222
203 1227
203 1255
204 12
204 76
204 140
204 268
204 308
204 332
204 396
205 13
205 19
205 77
205 141
205 269
205 333
205 397
206 11
206 14
206 15
206 70
206 78
206 79
206 96
206 134
206 135
206 139
206 142
206 143
206 157
206 198
206 203
206 207
206 262
206 264
206 266
206 268
206 270
206 271
206 273
206 285
206 286
206 288
206 326
206 331
206 334
206 335
206 352
206 390
206 395
206 398
206 399
206 416
206 456
206 459
206 462
206 463
206 477
206 480
206 489
206 518
206 520
206 526
206 527
206 529
206 544
206 553
206 582
206 587
206 590
206 591
206 593
206 603
206 646
206 651
206 654
206 655
206 710
206 711
206 715
206 718
206 719
206 736
206 774
206 775
206 779
206 782
206 783
206 798
206 838
206 839
206 843
206 846
206 902
206 903
206 907
206 910
206 911
206 913
206 925
206 935
206 937
206 971
206 974
206 975
206 1030
206 1031
206 1035
206 1038
206 1039
206 1094
206 1096
206 1129
206 1158
206 1160
206 1169
206 1174
206 1180
206 1183
206 1184
206 1190
206 1191
206 1193
206 1208
206 1224
206 1255
207 11
207 14
207 15
207 70
207 78
207 79
207 96
207 134
207 135
207 139
207 142
207 143
207 157
207 198
207 203
207 206
207 262
207 264
207 266
207 271
207 273
207 285
207 286
207 288
207 326
207 331
207 334
207 335
207 352
207 390
207 395
207 398
207 399
207 416
207 456
207 459
207 462
207 463
207 477
207 480
207 489
207 518
207 520
207 526
207 527
207 529
207 544
207 553
207 582
207 587
207 590
207 591
207 593
207 603
207 646
207 651
207 654
207 655
207 710
207 711
207 715
207 718
207 719
207 736
207 774
207 775
207 779
207 782
207 783
207 798
207 838
207 839
207 843
207 846
207 902
207 903
207 907
207 910
207 911
207 913
207 925
207 935
207 937
207 971
207 974
207 975
207 1030
207 1031
207 1035
207 1038
207 1039
207 1094
207 1096
207 1129
207 1158
207 1160
207 1169
207 1174
207 1180
207 1183
207 1184
207 1190
207 1191
207 1193
207 1208
207 1224
207 1255
208 16
208 80
208 144
208 272
208 336
208 400
209 17
209 81
209 145
209 273
209 337
209 401
209 1117
209 1192
210 18
210 82
210 146
210 274
210 338
210 402
210 806
210 1232
211 19
211 83
211 147
211 275
211 339
211 403
212 20
212 84
212 148
212 276
212 340
212 404
212 943
213 21
213 85
213 149
213 277
213 341
213 356
213 405
213 751
214 22
214 86
214 150
214 245
214 278
214 342
214 406
215 23
215 87
215 151
215 279
215 343
215 407
215 731
216 24
216 88
216 152
216 280
216 344
216 408
216 426
216 550
217 25
217 89
217 153
217 281
217 345
217 409
217 697
218 26
218 90
218 123
218 154
218 282
218 346
218 410
219 27
219 91
219 155
219 283
219 347
219 411
219 434
220 28
220 92
220 156
220 284
220 348
220 412
221 29
221 93
221 157
221 285
221 349
221 413
222 30
222 94
222 158
222 227
222 286
222 350
222 414
222 707
223 31
223 95
223 159
223 287
223 351
223 415
223 1265
224 32
224 96
224 160
224 288
224 352
224 416
224 1115
225 33
225 97
225 161
225 289
225 353
225 371
225 417
225 858
225 1087
226 34
226 98
226 162
226 290
226 354
226 418
226 625
226 1059
227 35
227 99
227 163
227 222
227 291
227 355
227 419
227 707
228 36
228 100
228 164
228 292
228 356
228 420
228 451
228 725
228 1116
229 37
229 101
229 165
229 276
229 293
229 357
229 421
229 824
229 997
230 38
230 102
230 166
230 294
230 358
230 422
230 805
230 985
231 39
231 103
231 167
231 295
231 359
231 423
231 741
231 851
232 40
232 104
232 168
232 296
232 360
232 424
233 41
233 105
233 169
233 297
233 361
233 425
234 42
234 49
234 106
234 170
234 298
234 362
234 409
234 426
234 700
234 705
235 43
235 107
235 171
235 299
235 317
235 363
235 427
235 1125
236 44
236 63
236 108
236 172
236 300
236 364
236 428
236 599
236 1070
236 1086
237 45
237 109
237 173
237 301
237 365
237 429
238 46
238 80
238 89
238 110
238 174
238 302
238 364
238 366
238 430
238 1108
239 47
239 111
239 175
239 303
239 367
239 431
240 48
240 112
240 176
240 304
240 368
240 432
241 49
241 113
241 177
241 305
241 369
241 433
241 602
241 1146
242 50
242 114
242 178
242 306
242 370
242 378
242 434
243 51
243 115
243 179
243 307
243 371
243 435
243 1026
244 52
244 116
244 180
244 308
244 372
244 436
245 53
245 117
245 181
245 214
245 309
245 373
245 437
246 54
246 118
246 182
246 310
246 374
246 438
246 803
246 1211
247 55
247 66
247 119
247 183
247 311
247 375
247 439
248 56
248 120
248 150
248 183
248 184
248 312
248 376
248 423
248 440
248 479
248 533
248 833
249 57
249 121
249 185
249 313
249 377
249 441
250 58
250 122
250 186
250 314
250 378
250 442
251 59
251 123
251 187
251 315
251 379
251 443
252 60
252 124
252 188
252 316
252 380
252 444
253 61
253 125
253 189
253 317
253 381
253 445
254 62
254 126
254 190
254 318
254 382
254 446
254 826
255 63
255 127
255 191
255 319
255 383
255 447
255 1150
256 64
256 128
256 192
256 320
256 384
256 448
257 65
257 129
257 193
257 321
257 362
257 385
257 449
258 66
258 130
258 194
258 322
258 386
258 450
258 781
259 67
259 131
259 195
259 323
259 387
259 451
259 1056
259 1218
260 7
260 17
260 68
260 81
260 88
260 91
260 132
260 196
260 269
260 278
260 324
260 328
260 332
260 388
260 391
260 452
260 614
260 648
260 896
260 934
260 960
260 968
260 1101
260 1246
261 69
261 133
261 197
261 325
261 337
261 389
261 453
262 8
262 32
262 70
262 72
262 74
262 94
262 96
262 120
262 134
262 135
262 157
262 166
262 198
262 199
262 206
262 207
262 264
262 266
262 268
262 273
262 285
262 288
262 312
262 326
262 352
262 390
262 401
262 416
262 454
262 455
262 456
262 477
262 480
262 489
262 512
262 520
262 529
262 541
262 544
262 553
262 582
262 584
262 591
262 593
262 603
262 608
262 617
262 646
262 654
262 655
262 710
262 711
262 719
262 736
262 738
262 774
262 775
262 798
262 838
262 839
262 846
262 847
262 902
262 913
262 925
262 935
262 937
262 966
262 975
262 989
262 1001
262 1030
262 1031
262 1037
262 1039
262 1051
262 1063
262 1094
262 1096
262 1103
262 1105
262 1120
262 1127
262 1129
262 1144
262 1162
262 1173
262 1176
262 1179
262 1216
262 1243
262 1248
262 1257
263 6
263 71
263 135
263 136
263 199
263 200
263 327
263 391
263 392
263 454
263 455
263 521
263 583
263 647
263 712
263 776
263 840
263 904
263 969
263 1032
263 1095
263 1157
263 1223
264 11
264 14
264 15
264 70
264 72
264 78
264 79
264 96
264 134
264 135
264 136
264 142
264 143
264 157
264 198
264 199
264 200
264 203
264 206
264 207
264 262
264 266
264 268
264 271
264 273
264 285
264 286
264 288
264 326
264 328
264 331
264 334
264 335
264 352
264 390
264 392
264 395
264 398
264 399
264 401
264 416
264 456
264 463
264 477
264 480
264 489
264 518
264 520
264 526
264 527
264 529
264 544
264 553
264 582
264 584
264 587
264 590
264 591
264 593
264 603
264 646
264 651
264 654
264 655
264 710
264 711
264 715
264 718
264 719
264 736
264 738
264 774
264 775
264 779
264 782
264 783
264 798
264 838
264 839
264 843
264 846
264 902
264 903
264 907
264 910
264 911
264 913
264 925
264 935
264 937
264 974
264 975
264 1030
264 1031
264 1035
264 1039
264 1094
264 1096
264 1099
264 1103
264 1105
264 1127
264 1129
264 1160
264 1169
264 1174
264 1180
264 1183
264 1184
264 1191
264 1208
264 1224
264 1231
265 73
265 137
265 201
265 329
265 393
265 457
265 743
265 1024
266 11
266 14
266 15
266 70
266 74
266 78
266 79
266 96
266 134
266 135
266 138
266 142
266 143
266 157
266 198
266 199
266 202
266 203
266 206
266 207
266 262
266 264
266 268
266 273
266 285
266 286
266 288
266 312
266 326
266 330
266 334
266 335
266 352
266 390
266 394
266 398
266 399
266 401
266 416
266 456
266 458
266 463
266 477
266 480
266 489
266 518
266 520
266 527
266 529
266 541
266 544
266 553
266 582
266 584
266 590
266 591
266 593
266 603
266 608
266 646
266 651
266 654
266 655
266 710
266 711
266 715
266 718
266 719
266 736
266 738
266 774
266 775
266 782
266 783
266 798
266 838
266 839
266 843
266 846
266 902
266 903
266 910
266 911
266 913
266 925
266 935
266 937
266 975
266 1001
266 1030
266 1031
266 1035
266 1039
266 1063
266 1094
266 1096
266 1103
266 1105
266 1127
266 1129
266 1160
266 1162
266 1169
266 1180
266 1183
266 1184
266 1208
266 1224
266 1231
267 11
267 14
267 75
267 78
267 79
267 139
267 142
267 143
267 203
267 270
267 271
267 331
267 334
267 335
267 395
267 398
267 399
267 459
267 462
267 523
267 526
267 527
267 587
267 651
267 715
267 779
267 843
267 907
267 911
267 971
267 974
267 1035
267 1038
267 1099
267 1102
267 1163
267 1166
267 1167
267 1227
267 1230
268 8
268 32
268 70
268 72
268 74
268 76
268 94
268 96
268 120
268 135
268 140
268 166
268 198
268 199
268 204
268 206
268 262
268 264
268 266
268 273
268 285
268 288
268 312
268 326
268 332
268 352
268 390
268 396
268 401
268 416
268 455
268 456
268 460
268 477
268 480
268 489
268 512
268 520
268 529
268 541
268 544
268 553
268 582
268 584
268 591
268 593
268 603
268 608
268 617
268 646
268 654
268 655
268 710
268 711
268 719
268 736
268 738
268 774
268 775
268 798
268 838
268 839
268 846
268 847
268 902
268 913
268 925
268 935
268 937
268 966
268 975
268 989
268 1001
268 1030
268 1031
268 1037
268 1039
268 1051
268 1063
268 1094
268 1096
268 1103
268 1105
268 1120
268 1127
268 1129
268 1144
268 1156
268 1173
268 1176
268 1179
268 1216
268 1243
268 1248
268 1257
269 7
269 8
269 17
269 77
269 81
269 88
269 91
269 94
269 141
269 166
269 205
269 260
269 278
269 328
269 332
269 333
269 391
269 397
269 461
269 614
269 648
269 896
269 934
269 960
269 968
269 1051
269 1101
269 1152
269 1153
269 1246
270 11
270 14
270 15
270 75
270 78
270 79
270 134
270 139
270 142
270 143
270 157
270 203
270 206
270 267
270 271
270 286
270 331
270 334
270 335
270 395
270 398
270 399
270 459
270 462
270 463
270 518
270 523
270 526
270 527
270 587
270 590
270 651
270 715
270 718
270 779
270 782
270 783
270 843
270 903
270 907
270 910
270 911
270 971
270 974
270 1035
270 1038
270 1099
270 1102
270 1163
270 1167
270 1227
270 1230
271 11
271 14
271 15
271 75
271 78
271 79
271 134
271 139
271 142
271 143
271 157
271 203
271 206
271 207
271 264
271 267
271 270
271 273
271 286
271 288
271 326
271 331
271 334
271 335
271 395
271 398
271 399
271 459
271 462
271 463
271 518
271 523
271 526
271 527
271 529
271 553
271 587
271 590
271 651
271 654
271 715
271 718
271 719
271 779
271 782
271 783
271 843
271 903
271 907
271 910
271 911
271 913
271 935
271 971
271 974
271 975
271 1035
271 1038
271 1094
271 1099
271 1102
271 1167
271 1222
271 1227
272 80
272 144
272 208
272 336
272 400
272 464
272 621
272 899
272 1036
273 11
273 14
273 15
273 70
273 78
273 79
273 81
273 96
273 134
273 135
273 142
273 143
273 145
273 157
273 198
273 203
273 206
273 207
273 209
273 262
273 264
273 266
273 268
273 271
273 285
273 286
273 288
273 326
273 331
273 334
273 335
273 337
273 352
273 390
273 395
273 398
273 399
273 401
273 416
273 456
273 459
273 462
273 463
273 465
273 477
273 480
273 489
273 518
273 520
273 526
273 527
273 529
273 544
273 553
273 582
273 587
273 590
273 591
273 593
273 603
273 646
273 651
273 654
273 655
273 710
273 711
273 715
273 718
273 719
273 736
273 774
273 775
273 779
273 782
273 783
273 798
273 838
273 839
273 843
273 846
273 902
273 903
273 907
273 910
273 911
273 913
273 925
273 935
273 937
273 974
273 975
273 1030
273 1031
273 1035
273 1038
273 1039
273 1094
273 1096
273 1099
273 1102
273 1103
273 1105
273 1127
273 1129
273 1158
273 1160
273 1169
273 1174
273 1180
273 1183
273 1184
273 1190
273 1191
273 1193
273 1208
273 1224
273 1255
274 82
274 146
274 210
274 338
274 402
274 466
275 83
275 147
275 211
275 339
275 403
275 467
276 84
276 148
276 212
276 229
276 340
276 404
276 468
276 824
276 997
277 85
277 149
277 213
277 341
277 405
277 469
277 576
277 908
278 7
278 8
278 17
278 32
278 72
278 74
278 81
278 86
278 88
278 91
278 94
278 120
278 150
278 166
278 199
278 214
278 260
278 269
278 312
278 328
278 332
278 342
278 391
278 406
278 455
278 470
278 512
278 541
278 608
278 614
278 617
278 648
278 738
278 847
278 934
278 960
278 966
278 968
278 989
278 1001
278 1037
278 1051
278 1063
278 1101
278 1120
278 1144
278 1152
278 1189
278 1206
278 1272
279 87
279 151
279 215
279 343
279 407
279 471
279 481
279 675
279 732
279 1077
280 88
280 152
280 216
280 344
280 350
280 408
280 472
280 580
281 89
281 153
281 217
281 345
281 409
281 473
281 522
282 90
282 154
282 191
282 218
282 346
282 410
282 474
282 755
282 1277
283 91
283 155
283 219
283 347
283 411
283 475
283 844
284 92
284 156
284 220
284 348
284 412
284 476
285 11
285 14
285 15
285 70
285 79
285 93
285 96
285 134
285 135
285 143
285 157
285 198
285 199
285 206
285 207
285 221
285 262
285 264
285 266
285 268
285 273
285 286
285 288
285 312
285 326
285 335
285 349
285 352
285 390
285 398
285 399
285 401
285 413
285 416
285 456
285 463
285 477
285 480
285 489
285 518
285 520
285 529
285 541
285 544
285 553
285 582
285 584
285 590
285 591
285 593
285 603
285 608
285 646
285 651
285 654
285 655
285 710
285 711
285 718
285 719
285 736
285 738
285 774
285 775
285 782
285 783
285 798
285 838
285 839
285 846
285 847
285 902
285 903
285 910
285 911
285 913
285 925
285 935
285 937
285 975
285 1001
285 1030
285 1031
285 1037
285 1039
285 1063
285 1094
285 1096
285 1103
285 1105
285 1127
285 1129
285 1144
285 1162
285 1169
285 1176
285 1179
285 1180
285 1183
285 1184
285 1208
285 1231
285 1243
286 11
286 14
286 15
286 70
286 75
286 78
286 79
286 94
286 96
286 134
286 135
286 139
286 142
286 143
286 157
286 158
286 198
286 203
286 206
286 207
286 222
286 264
286 266
286 270
286 271
286 273
286 285
286 288
286 326
286 331
286 334
286 335
286 350
286 390
286 395
286 398
286 399
286 414
286 456
286 459
286 462
286 463
286 478
286 480
286 489
286 518
286 520
286 523
286 526
286 527
286 529
286 553
286 582
286 587
286 590
286 591
286 593
286 603
286 646
286 651
286 654
286 655
286 710
286 711
286 715
286 718
286 719
286 736
286 779
286 782
286 783
286 798
286 838
286 843
286 846
286 902
286 903
286 907
286 910
286 911
286 913
286 925
286 935
286 937
286 971
286 974
286 975
286 1031
286 1035
286 1038
286 1039
286 1094
286 1096
286 1099
286 1102
286 1103
286 1105
286 1127
286 1129
286 1158
286 1160
286 1169
286 1174
286 1184
286 1190
286 1191
286 1193
286 1208
286 1222
286 1224
286 1255
287 42
287 67
287 95
287 159
287 223
287 351
287 415
287 479
287 695
288 11
288 14
288 15
288 70
288 78
288 79
288 96
288 134
288 135
288 142
288 143
288 157
288 160
288 198
288 203
288 206
288 207
288 224
288 262
288 264
288 266
288 268
288 271
288 273
288 285
288 286
288 326
288 331
288 334
288 335
288 352
288 390
288 395
288 398
288 399
288 401
288 416
288 456
288 459
288 462
288 463
288 477
288 480
288 489
288 518
288 520
288 526
288 527
288 529
288 544
288 553
288 582
288 587
288 590
288 591
288 593
288 603
288 646
288 651
288 654
288 655
288 710
288 711
288 715
288 718
288 719
288 736
288 774
288 775
288 779
288 782
288 783
288 798
288 838
288 839
288 843
288 846
288 902
288 903
288 907
288 910
288 911
288 913
288 925
288 935
288 937
288 971
288 974
288 975
288 1030
288 1031
288 1035
288 1038
288 1039
288 1094
288 1096
288 1099
288 1102
288 1103
288 1105
288 1127
288 1129
288 1158
288 1160
288 1169
288 1174
288 1180
288 1183
288 1184
288 1190
288 1191
288 1193
288 1208
288 1224
288 1255
289 97
289 161
289 225
289 353
289 417
289 481
290 98
290 162
290 226
290 305
290 354
290 418
290 482
290 525
290 696
290 734
290 849
290 850
291 99
291 163
291 227
291 355
291 419
291 483
292 86
292 100
292 164
292 228
292 356
292 361
292 420
292 484
292 534
293 101
293 165
293 229
293 357
293 421
293 472
293 485
293 539
293 822
293 1249
294 102
294 166
294 230
294 358
294 422
294 486
294 708
294 757
294 861
295 103
295 167
295 231
295 358
295 359
295 423
295 487
295 630
295 921
295 1170
295 1217
296 104
296 168
296 232
296 360
296 424
296 488
296 994
296 1097
297 105
297 169
297 233
297 361
297 425
297 489
297 1220
298 106
298 170
298 234
298 362
298 426
298 490
299 107
299 171
299 235
299 363
299 427
299 435
299 491
299 665
299 1064
300 108
300 172
300 236
300 364
300 428
300 492
300 546
301 109
301 173
301 237
301 365
301 429
301 493
302 110
302 174
302 201
302 238
302 366
302 430
302 494
303 111
303 151
303 175
303 239
303 367
303 431
303 495
303 673
303 1212
304 55
304 112
304 176
304 240
304 357
304 368
304 432
304 496
304 720
305 113
305 177
305 241
305 290
305 369
305 433
305 497
305 525
305 696
305 734
305 849
305 850
306 114
306 178
306 242
306 370
306 434
306 498
307 115
307 179
307 243
307 371
307 435
307 499
307 753
308 116
308 180
308 204
308 244
308 372
308 436
308 500
309 117
309 181
309 245
309 373
309 437
309 458
309 501
310 118
310 182
310 246
310 374
310 438
310 502
311 119
311 183
311 247
311 375
311 439
311 503
311 1155
312 7
312 8
312 32
312 70
312 72
312 74
312 88
312 94
312 96
312 120
312 135
312 166
312 184
312 198
312 199
312 248
312 262
312 266
312 268
312 278
312 285
312 352
312 376
312 401
312 416
312 440
312 455
312 456
312 477
312 480
312 489
312 504
312 512
312 520
312 541
312 544
312 582
312 584
312 593
312 603
312 608
312 617
312 646
312 648
312 655
312 710
312 711
312 736
312 738
312 774
312 775
312 798
312 838
312 839
312 846
312 847
312 902
312 925
312 966
312 989
312 1001
312 1030
312 1031
312 1037
312 1039
312 1051
312 1063
312 1103
312 1105
312 1120
312 1127
312 1144
312 1156
312 1173
312 1188
312 1216
312 1248
312 1257
313 121
313 185
313 249
313 354
313 377
313 441
313 505
313 754
313 1000
314 122
314 186
314 250
314 378
314 442
314 506
314 660
315 123
315 187
315 251
315 379
315 443
315 507
315 676
315 764
315 1047
316 124
316 188
316 252
316 380
316 444
316 473
316 508
317 125
317 189
317 235
317 253
317 381
317 445
317 509
317 1125
318 126
318 190
318 254
318 382
318 446
318 510
319 127
319 191
319 255
319 383
319 447
319 499
319 511
320 128
320 192
320 256
320 384
320 448
320 469
320 512
320 554
321 129
321 159
321 193
321 257
321 385
321 449
321 493
321 513
321 1236
321 1258
322 130
322 194
322 258
322 386
322 450
322 514
322 578
322 744
323 50
323 131
323 195
323 259
323 387
323 451
323 515
323 810
324 132
324 196
324 260
324 388
324 452
324 516
325 133
325 197
325 261
325 389
325 453
325 517
326 11
326 14
326 15
326 70
326 78
326 79
326 96
326 134
326 135
326 142
326 143
326 157
326 198
326 199
326 203
326 206
326 207
326 262
326 264
326 266
326 268
326 271
326 273
326 285
326 286
326 288
326 331
326 334
326 335
326 352
326 390
326 395
326 398
326 399
326 401
326 416
326 454
326 456
326 463
326 477
326 480
326 489
326 518
326 520
326 526
326 527
326 529
326 544
326 553
326 582
326 584
326 587
326 590
326 591
326 593
326 603
326 646
326 651
326 654
326 655
326 710
326 711
326 715
326 718
326 719
326 736
326 738
326 774
326 775
326 779
326 782
326 783
326 798
326 838
326 839
326 843
326 846
326 902
326 903
326 907
326 910
326 911
326 913
326 925
326 935
326 937
326 974
326 975
326 1030
326 1031
326 1035
326 1039
326 1094
326 1096
326 1099
326 1103
326 1105
326 1127
326 1129
326 1158
326 1160
326 1162
326 1169
326 1173
326 1174
326 1176
326 1179
326 1180
326 1183
326 1184
326 1190
326 1191
326 1193
326 1208
326 1224
326 1231
327 6
327 71
327 135
327 136
327 199
327 200
327 263
327 391
327 392
327 454
327 455
327 519
327 521
327 583
327 647
327 712
327 776
327 840
327 904
327 969
327 1032
327 1095
327 1157
327 1223
328 7
328 8
328 17
328 81
328 88
328 91
328 94
328 136
328 200
328 260
328 264
328 269
328 278
328 332
328 391
328 392
328 456
328 520
328 614
328 648
328 896
328 934
328 960
328 968
328 1051
328 1101
328 1152
328 1153
328 1246
329 137
329 201
329 265
329 393
329 457
329 521
330 138
330 202
330 266
330 394
330 417
330 458
330 522
331 11
331 14
331 15
331 75
331 78
331 79
331 134
331 139
331 142
331 143
331 157
331 203
331 206
331 207
331 264
331 267
331 270
331 271
331 273
331 286
331 288
331 326
331 334
331 335
331 395
331 398
331 399
331 459
331 462
331 463
331 518
331 523
331 526
331 527
331 529
331 553
331 587
331 590
331 651
331 654
331 715
331 718
331 719
331 779
331 782
331 783
331 843
331 903
331 907
331 910
331 911
331 913
331 935
331 971
331 974
331 975
331 1035
331 1038
331 1094
331 1096
331 1099
331 1102
331 1158
331 1160
331 1163
331 1166
331 1167
331 1169
331 1174
331 1184
331 1190
331 1191
331 1193
331 1208
331 1222
331 1227
332 7
332 17
332 81
332 88
332 91
332 140
332 204
332 260
332 268
332 269
332 278
332 328
332 391
332 396
332 460
332 524
332 614
332 648
332 896
332 934
332 960
332 968
332 1101
332 1152
332 1153
332 1246
333 98
333 141
333 205
333 269
333 397
333 461
333 525
333 768
333 864
333 920
334 11
334 14
334 15
334 75
334 78
334 79
334 134
334 139
334 142
334 143
334 157
334 198
334 203
334 206
334 207
334 264
334 266
334 267
334 270
334 271
334 273
334 286
334 288
334 326
334 331
334 335
334 390
334 395
334 398
334 399
334 459
334 462
334 463
334 518
334 523
334 526
334 527
334 529
334 553
334 587
334 590
334 591
334 651
334 654
334 655
334 715
334 718
334 719
334 779
334 782
334 783
334 838
334 843
334 902
334 903
334 907
334 910
334 911
334 913
334 935
334 937
334 971
334 974
334 975
334 1035
334 1038
334 1039
334 1094
334 1096
334 1099
334 1102
334 1129
334 1158
334 1160
334 1163
334 1166
334 1167
334 1169
334 1174
334 1180
334 1183
334 1184
334 1190
334 1191
334 1193
334 1208
334 1222
334 1227
334 1255
335 11
335 14
335 15
335 75
335 78
335 79
335 96
335 134
335 135
335 139
335 142
335 143
335 157
335 198
335 203
335 206
335 207
335 264
335 266
335 267
335 270
335 271
335 273
335 285
335 286
335 288
335 326
335 331
335 334
335 390
335 395
335 398
335 399
335 456
335 459
335 462
335 463
335 480
335 489
335 518
335 523
335 526
335 527
335 529
335 553
335 582
335 587
335 590
335 591
335 593
335 651
335 654
335 655
335 710
335 711
335 715
335 718
335 719
335 736
335 779
335 782
335 783
335 798
335 838
335 843
335 846
335 902
335 903
335 907
335 910
335 911
335 913
335 925
335 935
335 937
335 971
335 974
335 975
335 1031
335 1035
335 1038
335 1039
335 1094
335 1096
335 1099
335 1102
335 1127
335 1129
335 1158
335 1160
335 1162
335 1167
335 1169
335 1174
335 1180
335 1183
335 1184
335 1190
335 1191
335 1193
335 1208
335 1222
335 1224
335 1255
336 144
336 208
336 272
336 400
336 464
336 528
337 145
337 209
337 261
337 273
337 401
337 465
337 529
338 146
338 210
338 274
338 402
338 466
338 530
339 121
339 147
339 211
339 275
339 403
339 467
339 531
340 47
340 107
340 148
340 212
340 276
340 404
340 468
340 532
340 1114
341 128
341 149
341 213
341 277
341 405
341 469
341 533
341 600
342 150
342 214
342 278
342 406
342 470
342 534
342 723
342 1010
342 1260
343 111
343 151
343 215
343 279
343 407
343 450
343 471
343 535
343 624
344 152
344 216
344 280
344 408
344 472
344 536
344 856
344 898
345 113
345 153
345 217
345 281
345 409
345 473
345 537
345 690
345 1199
346 154
346 175
346 218
346 282
346 410
346 424
346 474
346 538
347 155
347 219
347 283
347 411
347 475
347 539
348 156
348 220
348 284
348 412
348 476
348 540
348 611
348 739
349 157
349 221
349 285
349 413
349 477
349 541
349 742
349 964
350 158
350 222
350 280
350 286
350 414
350 478
350 542
350 580
351 159
351 176
351 223
351 287
351 415
351 479
351 543
352 8
352 32
352 70
352 72
352 74
352 94
352 96
352 120
352 134
352 135
352 157
352 160
352 166
352 198
352 199
352 206
352 207
352 224
352 262
352 264
352 266
352 268
352 273
352 285
352 288
352 312
352 326
352 390
352 401
352 416
352 455
352 456
352 477
352 480
352 489
352 512
352 520
352 529
352 541
352 544
352 553
352 582
352 584
352 591
352 593
352 603
352 608
352 617
352 646
352 654
352 655
352 710
352 711
352 719
352 736
352 738
352 774
352 775
352 798
352 838
352 839
352 846
352 847
352 902
352 913
352 925
352 935
352 937
352 966
352 975
352 989
352 1001
352 1030
352 1031
352 1037
352 1039
352 1051
352 1063
352 1094
352 1096
352 1103
352 1105
352 1120
352 1127
352 1129
352 1144
352 1156
352 1160
352 1162
352 1169
352 1173
352 1176
352 1179
352 1180
352 1183
352 1184
352 1188
352 1189
352 1206
352 1208
352 1216
352 1243
352 1248
352 1257
353 161
353 225
353 289
353 417
353 481
353 545
353 1078
354 162
354 226
354 290
354 313
354 418
354 482
354 546
354 754
354 1000
355 163
355 227
355 291
355 419
355 483
355 547
356 164
356 213
356 228
356 292
356 420
356 484
356 548
356 751
357 55
357 165
357 229
357 293
357 304
357 421
357 485
357 549
357 720
358 166
358 230
358 294
358 295
358 422
358 486
358 550
358 630
358 921
358 1170
358 1217
359 167
359 231
359 295
359 423
359 487
359 551
359 885
360 168
360 232
360 296
360 424
360 488
360 552
361 86
361 169
361 233
361 292
361 297
361 425
361 489
361 534
361 553
362 170
362 234
362 257
362 298
362 426
362 490
362 554
363 171
363 172
363 235
363 299
363 427
363 491
363 555
364 80
364 89
364 172
364 236
364 238
364 300
364 428
364 492
364 556
364 1108
365 173
365 237
365 301
365 429
365 493
365 557
365 1084
366 112
366 174
366 195
366 238
366 302
366 430
366 494
366 495
366 558
367 175
367 239
367 303
367 431
367 495
367 559
368 61
368 176
368 240
368 304
368 432
368 496
368 560
369 177
369 241
369 305
369 430
369 433
369 497
369 561
370 178
370 242
370 306
370 434
370 498
370 562
370 571
371 179
371 225
371 243
371 307
371 435
371 499
371 563
371 858
371 1087
372 180
372 244
372 308
372 436
372 500
372 538
372 564
372 872
373 181
373 245
373 309
373 437
373 501
373 565
374 182
374 246
374 310
374 438
374 502
374 566
374 1143
375 23
375 183
375 247
375 311
375 439
375 503
375 567
376 184
376 248
376 312
376 440
376 504
376 548
376 568
376 1252
377 185
377 249
377 313
377 441
377 505
377 569
378 186
378 242
378 250
378 314
378 442
378 506
378 570
379 187
379 251
379 315
379 443
379 507
379 571
380 3
380 188
380 252
380 316
380 444
380 508
380 570
380 572
380 682
381 57
381 189
381 253
381 317
381 445
381 509
381 573
382 190
382 194
382 254
382 318
382 397
382 418
382 446
382 510
382 574
382 1089
383 191
383 255
383 319
383 447
383 511
383 575
384 192
384 256
384 320
384 448
384 461
384 512
384 576
384 581
385 193
385 257
385 321
385 449
385 513
385 561
385 577
386 194
386 258
386 322
386 429
386 450
386 514
386 578
386 1200
387 195
387 259
387 323
387 451
387 515
387 579
387 1027
388 196
388 202
388 260
388 324
388 452
388 516
388 580
389 197
389 261
389 325
389 453
389 517
389 581
390 11
390 14
390 15
390 70
390 78
390 79
390 96
390 134
390 135
390 142
390 143
390 157
390 198
390 199
390 203
390 206
390 207
390 262
390 264
390 266
390 268
390 273
390 285
390 286
390 288
390 326
390 334
390 335
390 352
390 395
390 398
390 399
390 401
390 416
390 454
390 456
390 463
390 477
390 480
390 489
390 518
390 520
390 527
390 529
390 544
390 553
390 582
390 584
390 587
390 590
390 591
390 593
390 603
390 646
390 651
390 654
390 655
390 710
390 711
390 715
390 718
390 719
390 736
390 738
390 774
390 775
390 782
390 783
390 798
390 838
390 839
390 843
390 846
390 902
390 903
390 910
390 911
390 913
390 925
390 935
390 937
390 974
390 975
390 1030
390 1031
390 1035
390 1039
390 1094
390 1096
390 1103
390 1105
390 1127
390 1129
390 1158
390 1160
390 1162
390 1169
390 1173
390 1174
390 1176
390 1179
390 1180
390 1183
390 1184
390 1190
390 1191
390 1193
390 1208
390 1216
390 1222
390 1224
390 1231
390 1243
390 1248
390 1255
390 1257
391 7
391 8
391 17
391 32
391 72
391 74
391 81
391 88
391 91
391 94
391 120
391 166
391 199
391 260
391 263
391 269
391 278
391 327
391 328
391 332
391 455
391 512
391 519
391 583
391 614
391 617
391 648
391 847
391 934
391 960
391 966
391 968
391 989
391 1037
391 1051
391 1101
391 1120
391 1144
391 1152
391 1153
391 1188
391 1189
391 1206
391 1246
391 1272
392 6
392 71
392 136
392 200
392 263
392 264
392 327
392 328
392 454
392 456
392 520
392 521
392 583
392 584
392 647
392 712
392 776
392 840
392 904
392 969
392 1032
392 1095
392 1157
392 1223
393 201
393 265
393 329
393 457
393 521
393 585
393 674
393 952
394 202
394 266
394 330
394 458
394 522
394 586
394 792
394 823
395 11
395 14
395 15
395 75
395 78
395 79
395 134
395 139
395 142
395 143
395 157
395 203
395 206
395 207
395 264
395 267
395 270
395 271
395 273
395 286
395 288
395 326
395 331
395 334
395 335
395 390
395 398
395 399
395 459
395 462
395 463
395 518
395 523
395 526
395 527
395 529
395 553
395 587
395 590
395 651
395 654
395 715
395 718
395 719
395 779
395 782
395 783
395 843
395 903
395 907
395 910
395 911
395 913
395 935
395 937
395 971
395 974
395 975
395 1035
395 1038
395 1094
395 1096
395 1099
395 1102
395 1129
395 1158
395 1160
395 1163
395 1166
395 1167
395 1169
395 1174
395 1184
395 1190
395 1191
395 1193
395 1208
395 1222
395 1224
395 1227
395 1230
395 1255
396 204
396 268
396 332
396 460
396 524
396 588
397 194
397 205
397 269
397 333
397 382
397 418
397 461
397 525
397 589
397 1089
398 11
398 14
398 15
398 70
398 75
398 78
398 79
398 96
398 134
398 135
398 139
398 142
398 143
398 157
398 198
398 203
398 206
398 207
398 264
398 266
398 267
398 270
398 271
398 273
398 285
398 286
398 288
398 326
398 331
398 334
398 335
398 390
398 395
398 399
398 456
398 459
398 462
398 463
398 480
398 489
398 518
398 520
398 523
398 526
398 527
398 529
398 553
398 582
398 587
398 590
398 591
398 593
398 651
398 654
398 655
398 710
398 711
398 715
398 718
398 719
398 736
398 779
398 782
398 783
398 798
398 838
398 843
398 846
398 902
398 903
398 907
398 910
398 911
398 913
398 925
398 935
398 937
398 971
398 974
398 975
398 1031
398 1035
398 1038
398 1039
398 1094
398 1096
398 1099
398 1102
398 1103
398 1105
398 1127
398 1129
398 1158
398 1160
398 1162
398 1167
398 1169
398 1174
398 1180
398 1183
398 1184
398 1190
398 1191
398 1193
398 1208
398 1222
398 1224
398 1227
398 1231
398 1243
398 1255
399 11
399 14
399 15
399 75
399 78
399 79
399 96
399 134
399 135
399 139
399 142
399 143
399 157
399 198
399 203
399 206
399 207
399 264
399 266
399 267
399 270
399 271
399 273
399 285
399 286
399 288
399 326
399 331
399 334
399 335
399 390
399 395
399 398
399 459
399 462
399 463
399 480
399 489
399 518
399 523
399 526
399 527
399 529
399 553
399 582
399 587
399 590
399 591
399 593
399 651
399 654
399 655
399 710
399 711
399 715
399 718
399 719
399 736
399 779
399 782
399 783
399 838
399 843
399 846
399 902
399 903
399 907
399 910
399 911
399 913
399 925
399 935
399 937
399 971
399 974
399 975
399 1035
399 1038
399 1039
399 1094
399 1096
399 1099
399 1102
399 1127
399 1129
399 1158
399 1160
399 1162
399 1163
399 1167
399 1169
399 1174
399 1180
399 1183
399 1184
399 1190
399 1191
399 1193
399 1208
399 1222
399 1224
399 1227
399 1231
399 1255
400 208
400 272
400 336
400 464
400 528
400 567
400 592
400 1276
401 8
401 32
401 70
401 72
401 74
401 94
401 96
401 120
401 135
401 166
401 198
401 199
401 209
401 262
401 264
401 266
401 268
401 273
401 285
401 288
401 312
401 326
401 337
401 352
401 390
401 416
401 455
401 456
401 465
401 477
401 480
401 489
401 512
401 520
401 529
401 541
401 544
401 553
401 582
401 584
401 591
401 593
401 603
401 608
401 617
401 646
401 648
401 654
401 655
401 710
401 711
401 719
401 736
401 738
401 774
401 775
401 798
401 838
401 839
401 846
401 847
401 902
401 913
401 925
401 935
401 937
401 966
401 975
401 989
401 1001
401 1030
401 1031
401 1037
401 1039
401 1051
401 1063
401 1094
401 1096
401 1103
401 1105
401 1120
401 1127
401 1129
401 1144
401 1156
401 1160
401 1162
401 1169
401 1173
401 1176
401 1179
401 1180
401 1183
401 1184
401 1188
401 1189
401 1206
401 1208
401 1216
401 1231
401 1243
401 1248
401 1257
401 1272
402 210
402 274
402 338
402 466
402 530
402 594
402 1048
403 211
403 275
403 339
403 467
403 531
403 595
403 737
403 1029
403 1055
403 1177
404 212
404 276
404 340
404 468
404 532
404 596
404 878
405 213
405 277
405 341
405 469
405 487
405 533
405 597
405 746
405 1137
406 214
406 278
406 342
406 470
406 534
406 598
406 1161
407 162
407 215
407 279
407 343
407 471
407 535
407 599
408 216
408 280
408 344
408 472
408 536
408 600
409 49
409 217
409 234
409 281
409 345
409 473
409 537
409 601
409 700
409 705
410 218
410 282
410 346
410 428
410 474
410 538
410 602
410 766
411 219
411 283
411 347
411 475
411 539
411 603
412 25
412 220
412 284
412 348
412 476
412 540
412 604
413 221
413 285
413 349
413 477
413 541
413 605
414 222
414 286
414 350
414 478
414 486
414 542
414 606
415 223
415 287
415 351
415 479
415 543
415 607
416 8
416 32
416 70
416 72
416 74
416 94
416 96
416 120
416 134
416 135
416 157
416 166
416 198
416 199
416 206
416 207
416 224
416 262
416 264
416 266
416 268
416 273
416 285
416 288
416 312
416 326
416 352
416 390
416 401
416 455
416 456
416 477
416 480
416 489
416 512
416 520
416 529
416 541
416 544
416 553
416 582
416 584
416 591
416 593
416 603
416 608
416 617
416 646
416 654
416 655
416 710
416 711
416 719
416 736
416 738
416 774
416 775
416 798
416 838
416 839
416 846
416 847
416 902
416 913
416 925
416 935
416 937
416 966
416 975
416 989
416 1001
416 1030
416 1031
416 1037
416 1039
416 1051
416 1063
416 1094
416 1096
416 1103
416 1105
416 1120
416 1127
416 1129
416 1144
416 1156
416 1160
416 1162
416 1169
416 1173
416 1176
416 1179
416 1180
416 1183
416 1184
416 1188
416 1189
416 1206
416 1208
416 1216
416 1224
416 1231
416 1243
416 1248
416 1257
416 1272
417 225
417 289
417 330
417 353
417 481
417 545
417 609
418 194
418 226
418 290
418 354
418 382
418 397
418 482
418 546
418 610
418 1089
419 227
419 291
419 355
419 483
419 547
419 611
420 228
420 292
420 356
420 484
420 548
420 612
420 709
421 229
421 293
421 357
421 485
421 549
421 613
421 1112
422 230
422 294
422 358
422 486
422 550
422 614
422 809
423 150
423 183
423 231
423 248
423 295
423 359
423 479
423 487
423 533
423 551
423 615
423 833
424 175
424 232
424 296
424 346
424 360
424 488
424 552
424 616
425 233
425 297
425 361
425 489
425 553
425 617
426 216
426 234
426 298
426 362
426 490
426 550
426 554
426 618
427 235
427 299
427 363
427 491
427 555
427 619
428 236
428 300
428 364
428 410
428 492
428 556
428 620
428 766
429 237
429 301
429 365
429 386
429 493
429 557
429 621
429 1200
430 238
430 302
430 366
430 369
430 494
430 558
430 622
431 239
431 303
431 367
431 495
431 559
431 623
432 240
432 304
432 368
432 496
432 560
432 624
432 1022
433 241
433 305
433 369
433 497
433 561
433 625
434 219
434 242
434 306
434 370
434 498
434 562
434 626
435 243
435 299
435 307
435 371
435 499
435 563
435 627
435 665
435 1064
436 244
436 308
436 372
436 500
436 564
436 628
436 870
436 950
436 972
437 245
437 309
437 373
437 501
437 565
437 629
437 769
438 246
438 310
438 374
438 502
438 566
438 630
439 247
439 311
439 375
439 503
439 567
439 631
440 248
440 312
440 376
440 504
440 568
440 632
441 54
441 249
441 313
441 377
441 505
441 569
441 633
442 250
442 314
442 378
442 506
442 570
442 634
443 251
443 315
443 379
443 507
443 571
443 635
444 252
444 316
444 380
444 473
444 508
444 572
444 636
445 253
445 317
445 381
445 509
445 573
445 592
445 637
445 663
446 186
446 254
446 318
446 382
446 510
446 574
446 638
446 879
447 255
447 319
447 383
447 511
447 575
447 639
447 724
448 256
448 320
448 384
448 512
448 576
448 640
448 786
449 257
449 321
449 385
449 488
449 513
449 577
449 641
450 111
450 258
450 322
450 343
450 386
450 514
450 578
450 624
450 642
451 228
451 259
451 323
451 387
451 515
451 579
451 643
451 725
451 1116
452 260
452 324
452 388
452 516
452 580
452 644
452 1269
453 261
453 325
453 389
453 517
453 581
453 645
454 6
454 71
454 136
454 200
454 262
454 263
454 326
454 327
454 390
454 392
454 518
454 521
454 582
454 583
454 646
454 647
454 712
454 776
454 840
454 904
454 969
454 1032
454 1095
454 1157
454 1223
455 7
455 8
455 32
455 70
455 72
455 74
455 81
455 88
455 94
455 120
455 166
455 199
455 262
455 263
455 268
455 278
455 312
455 327
455 352
455 391
455 401
455 416
455 456
455 477
455 512
455 519
455 520
455 541
455 544
455 583
455 584
455 603
455 608
455 614
455 617
455 646
455 647
455 648
455 738
455 774
455 775
455 798
455 839
455 847
455 925
455 934
455 960
455 966
455 989
455 1001
455 1030
455 1031
455 1037
455 1051
455 1063
455 1101
455 1103
455 1105
455 1120
455 1144
455 1152
455 1153
455 1156
455 1173
455 1176
455 1179
455 1188
455 1189
455 1206
455 1216
455 1243
455 1248
455 1257
455 1272
456 14
456 15
456 70
456 72
456 74
456 79
456 96
456 120
456 134
456 135
456 143
456 157
456 198
456 199
456 206
456 207
456 262
456 264
456 266
456 268
456 273
456 285
456 286
456 288
456 312
456 326
456 328
456 335
456 352
456 390
456 392
456 398
456 401
456 416
456 455
456 463
456 477
456 480
456 489
456 512
456 518
456 520
456 529
456 541
456 544
456 553
456 582
456 584
456 590
456 591
456 593
456 603
456 608
456 646
456 648
456 651
456 654
456 655
456 710
456 711
456 718
456 719
456 736
456 738
456 774
456 775
456 782
456 783
456 798
456 838
456 839
456 846
456 847
456 902
456 903
456 910
456 913
456 925
456 935
456 937
456 966
456 975
456 1001
456 1030
456 1031
456 1037
456 1039
456 1063
456 1094
456 1096
456 1103
456 1105
456 1120
456 1127
456 1129
456 1144
456 1156
456 1158
456 1160
456 1162
456 1169
456 1173
456 1174
456 1176
456 1179
456 1180
456 1183
456 1184
456 1188
456 1190
456 1191
456 1193
456 1208
456 1216
456 1224
456 1231
456 1243
456 1248
456 1255
456 1257
457 265
457 329
457 393
457 521
457 585
457 649
458 266
458 309
458 330
458 394
458 522
458 586
458 650
459 11
459 14
459 15
459 75
459 78
459 79
459 134
459 139
459 142
459 143
459 157
459 203
459 206
459 207
459 267
459 270
459 271
459 273
459 286
459 288
459 331
459 334
459 335
459 395
459 398
459 399
459 462
459 463
459 518
459 523
459 526
459 527
459 529
459 553
459 587
459 590
459 651
459 654
459 715
459 718
459 719
459 779
459 782
459 783
459 843
459 903
459 907
459 910
459 911
459 935
459 971
459 974
459 975
459 1035
459 1038
459 1094
459 1099
459 1102
459 1158
459 1160
459 1163
459 1166
459 1167
459 1169
459 1174
459 1184
459 1190
459 1191
459 1193
459 1208
459 1222
459 1224
459 1227
459 1230
459 1255
460 268
460 332
460 396
460 517
460 524
460 588
460 652
460 1181
461 269
461 333
461 384
461 397
461 525
461 581
461 589
461 653
462 11
462 14
462 15
462 75
462 78
462 79
462 134
462 139
462 142
462 143
462 157
462 203
462 206
462 207
462 267
462 270
462 271
462 273
462 286
462 288
462 331
462 334
462 335
462 395
462 398
462 399
462 459
462 463
462 518
462 523
462 526
462 527
462 587
462 590
462 651
462 654
462 715
462 718
462 719
462 779
462 782
462 783
462 843
462 903
462 907
462 910
462 911
462 971
462 974
462 975
462 1035
462 1038
462 1099
462 1102
462 1158
462 1160
462 1163
462 1166
462 1167
462 1174
462 1190
462 1191
462 1193
462 1222
462 1224
462 1227
462 1230
462 1255
463 11
463 14
463 15
463 70
463 75
463 78
463 79
463 96
463 134
463 135
463 139
463 142
463 143
463 157
463 198
463 203
463 206
463 207
463 264
463 266
463 270
463 271
463 273
463 285
463 286
463 288
463 326
463 331
463 334
463 335
463 390
463 395
463 398
463 399
463 456
463 459
463 462
463 480
463 489
463 518
463 520
463 523
463 526
463 527
463 529
463 553
463 582
463 587
463 590
463 591
463 593
463 651
463 654
463 655
463 710
463 711
463 715
463 718
463 719
463 736
463 779
463 782
463 783
463 798
463 838
463 843
463 846
463 902
463 903
463 907
463 910
463 911
463 913
463 925
463 935
463 937
463 971
463 974
463 975
463 1031
463 1035
463 1038
463 1039
463 1094
463 1096
463 1099
463 1102
463 1103
463 1105
463 1127
463 1129
463 1158
463 1160
463 1162
463 1167
463 1169
463 1174
463 1180
463 1183
463 1184
463 1190
463 1191
463 1193
463 1208
463 1222
463 1224
463 1227
463 1231
463 1243
463 1255
464 177
464 272
464 336
464 400
464 528
464 592
464 656
465 273
465 337
465 401
465 529
465 593
465 657
465 735
466 274
466 338
466 402
466 530
466 543
466 594
466 658
467 163
467 275
467 339
467 403
467 531
467 595
467 659
467 988
468 43
468 276
468 340
468 404
468 532
468 596
468 660
468 1005
469 277
469 320
469 341
469 405
469 533
469 554
469 597
469 661
470 278
470 342
470 406
470 534
470 598
470 662
471 37
471 279
471 343
471 407
471 535
471 599
471 663
472 280
472 293
472 344
472 408
472 536
472 539
472 600
472 664
472 822
472 1249
473 281
473 316
473 345
473 409
473 444
473 537
473 601
473 665
474 282
474 346
474 410
474 538
474 602
474 666
474 1061
474 1274
475 283
475 347
475 411
475 539
475 603
475 667
475 1091
476 284
476 348
476 412
476 540
476 604
476 668
476 1130
477 8
477 32
477 70
477 72
477 74
477 94
477 96
477 120
477 134
477 135
477 157
477 166
477 198
477 199
477 206
477 207
477 262
477 264
477 266
477 268
477 273
477 285
477 288
477 312
477 326
477 349
477 352
477 390
477 401
477 413
477 416
477 455
477 456
477 480
477 489
477 512
477 520
477 529
477 541
477 544
477 553
477 582
477 584
477 591
477 593
477 603
477 605
477 608
477 617
477 646
477 654
477 655
477 669
477 710
477 711
477 719
477 736
477 738
477 774
477 775
477 798
477 838
477 839
477 846
477 847
477 902
477 913
477 925
477 935
477 937
477 966
477 975
477 989
477 1001
477 1030
477 1031
477 1037
477 1039
477 1051
477 1063
477 1094
477 1096
477 1103
477 1105
477 1120
477 1127
477 1129
477 1144
477 1156
477 1160
477 1162
477 1169
477 1173
477 1176
477 1179
477 1180
477 1183
477 1184
477 1188
477 1189
477 1206
477 1208
477 1216
477 1224
477 1231
477 1243
477 1248
477 1257
477 1272
478 286
478 350
478 414
478 542
478 606
478 670
479 150
479 183
479 248
479 287
479 351
479 415
479 423
479 533
479 543
479 607
479 671
479 833
480 14
480 15
480 70
480 72
480 74
480 79
480 96
480 120
480 134
480 135
480 143
480 157
480 198
480 199
480 206
480 207
480 262
480 264
480 266
480 268
480 273
480 285
480 286
480 288
480 312
480 326
480 335
480 352
480 390
480 398
480 399
480 401
480 416
480 456
480 463
480 477
480 489
480 512
480 518
480 520
480 529
480 541
480 544
480 553
480 582
480 584
480 590
480 591
480 593
480 603
480 608
480 646
480 651
480 654
480 655
480 672
480 710
480 711
480 718
480 719
480 736
480 738
480 774
480 775
480 782
480 783
480 798
480 838
480 839
480 846
480 847
480 902
480 903
480 910
480 911
480 913
480 925
480 935
480 937
480 966
480 975
480 1001
480 1030
480 1031
480 1037
480 1039
480 1063
480 1094
480 1096
480 1103
480 1105
480 1120
480 1127
480 1129
480 1144
480 1156
480 1158
480 1160
480 1162
480 1169
480 1173
480 1174
480 1176
480 1179
480 1180
480 1183
480 1184
480 1188
480 1190
480 1191
480 1193
480 1208
480 1216
480 1224
480 1231
480 1243
480 1248
480 1255
480 1257
481 279
481 289
481 353
481 417
481 545
481 609
481 673
481 675
481 732
481 1077
482 69
482 290
482 354
482 418
482 546
482 610
482 674
482 1124
483 291
483 355
483 419
483 547
483 611
483 675
484 292
484 356
484 420
484 548
484 612
484 676
484 1154
485 293
485 357
485 421
485 549
485 613
485 677
486 294
486 358
486 414
486 422
486 550
486 614
486 678
487 295
487 359
487 405
487 423
487 551
487 615
487 679
487 746
487 1137
488 296
488 360
488 424
488 449
488 552
488 616
488 680
489 14
489 15
489 70
489 79
489 96
489 134
489 135
489 143
489 157
489 198
489 199
489 206
489 207
489 262
489 264
489 266
489 268
489 273
489 285
489 286
489 288
489 297
489 312
489 326
489 335
489 352
489 361
489 390
489 398
489 399
489 401
489 416
489 425
489 456
489 463
489 477
489 480
489 518
489 520
489 529
489 541
489 544
489 553
489 582
489 584
489 590
489 591
489 593
489 603
489 608
489 617
489 646
489 651
489 654
489 655
489 681
489 710
489 711
489 718
489 719
489 736
489 738
489 774
489 775
489 782
489 783
489 798
489 838
489 839
489 846
489 847
489 902
489 903
489 910
489 911
489 913
489 925
489 935
489 937
489 975
489 1001
489 1030
489 1031
489 1037
489 1039
489 1063
489 1094
489 1096
489 1103
489 1105
489 1120
489 1127
489 1129
489 1144
489 1156
489 1158
489 1160
489 1162
489 1169
489 1173
489 1174
489 1176
489 1179
489 1180
489 1183
489 1184
489 1188
489 1190
489 1191
489 1193
489 1208
489 1216
489 1222
489 1224
489 1231
489 1243
489 1248
489 1255
489 1257
490 188
490 298
490 362
490 426
490 554
490 618
490 682
491 299
491 363
491 427
491 555
491 619
491 683
492 300
492 364
492 428
492 556
492 620
492 684
492 951
493 159
493 301
493 321
493 365
493 429
493 557
493 621
493 685
493 1236
493 1258
494 180
494 302
494 366
494 430
494 558
494 622
494 686
494 756
494 1204
495 112
495 195
495 303
495 366
495 367
495 431
495 559
495 623
495 687
496 304
496 368
496 432
496 560
496 624
496 688
497 305
497 369
497 433
497 561
497 625
497 689
497 693
497 1008
498 306
498 370
498 434
498 562
498 626
498 690
499 307
499 319
499 371
499 435
499 563
499 627
499 691
500 308
500 372
500 436
500 564
500 628
500 692
500 793
501 309
501 373
501 437
501 565
501 629
501 693
501 1033
502 310
502 374
502 438
502 566
502 623
502 630
502 694
503 311
503 375
503 439
503 567
503 631
503 664
503 695
503 860
503 1237
504 312
504 376
504 440
504 568
504 632
504 696
505 313
505 377
505 441
505 569
505 633
505 697
506 314
506 378
506 442
506 570
506 634
506 698
507 315
507 379
507 443
507 571
507 635
507 699
508 316
508 380
508 444
508 572
508 636
508 700
508 827
508 1068
509 317
509 381
509 445
509 573
509 637
509 701
509 1052
510 318
510 382
510 446
510 574
510 638
510 702
511 319
511 383
511 447
511 530
511 575
511 639
511 703
512 7
512 8
512 32
512 70
512 72
512 74
512 88
512 94
512 120
512 166
512 199
512 262
512 268
512 278
512 312
512 320
512 352
512 384
512 391
512 401
512 416
512 448
512 455
512 456
512 477
512 480
512 520
512 541
512 544
512 576
512 584
512 603
512 608
512 614
512 617
512 640
512 646
512 648
512 704
512 710
512 738
512 774
512 775
512 798
512 839
512 847
512 925
512 934
512 960
512 966
512 989
512 1001
512 1030
512 1031
512 1037
512 1051
512 1063
512 1103
512 1105
512 1120
512 1144
512 1152
512 1156
512 1162
512 1173
512 1176
512 1179
512 1188
512 1189
512 1206
512 1216
512 1243
512 1248
512 1257
512 1272
513 10
513 321
513 385
513 449
513 551
513 577
513 641
513 705
513 1060
514 196
514 322
514 386
514 450
514 578
514 642
514 706
514 1209
515 147
515 323
515 387
515 451
515 532
515 579
515 643
515 707
515 917
515 1133
516 324
516 388
516 452
516 536
516 580
516 644
516 708
517 325
517 389
517 453
517 460
517 581
517 645
517 709
517 1181
518 11
518 14
518 15
518 70
518 75
518 78
518 79
518 96
518 134
518 135
518 139
518 142
518 143
518 157
518 198
518 203
518 206
518 207
518 264
518 266
518 270
518 271
518 273
518 285
518 286
518 288
518 326
518 331
518 334
518 335
518 390
518 395
518 398
518 399
518 454
518 456
518 459
518 462
518 463
518 480
518 489
518 520
518 523
518 526
518 527
518 529
518 553
518 582
518 587
518 590
518 591
518 593
518 646
518 651
518 654
518 655
518 710
518 711
518 715
518 718
518 719
518 736
518 779
518 782
518 783
518 798
518 838
518 843
518 846
518 902
518 903
518 907
518 910
518 911
518 913
518 925
518 935
518 937
518 971
518 974
518 975
518 1031
518 1035
518 1038
518 1039
518 1094
518 1096
518 1099
518 1102
518 1103
518 1105
518 1127
518 1129
518 1158
518 1160
518 1162
518 1167
518 1169
518 1174
518 1176
518 1179
518 1180
518 1183
518 1184
518 1190
518 1191
518 1193
518 1208
518 1222
518 1224
518 1227
518 1231
518 1243
518 1255
519 327
519 391
519 455
519 583
519 647
519 711
520 15
520 32
520 70
520 72
520 74
520 96
520 120
520 134
520 135
520 143
520 157
520 198
520 199
520 206
520 207
520 262
520 264
520 266
520 268
520 273
520 285
520 286
520 288
520 312
520 326
520 328
520 352
520 390
520 392
520 398
520 401
520 416
520 455
520 456
520 463
520 477
520 480
520 489
520 512
520 518
520 529
520 541
520 544
520 553
520 582
520 584
520 590
520 591
520 593
520 603
520 608
520 617
520 646
520 648
520 654
520 655
520 710
520 711
520 712
520 718
520 719
520 736
520 738
520 774
520 775
520 782
520 783
520 798
520 838
520 839
520 846
520 847
520 902
520 903
520 910
520 913
520 925
520 935
520 937
520 966
520 975
520 1001
520 1030
520 1031
520 1037
520 1039
520 1063
520 1094
520 1096
520 1103
520 1105
520 1120
520 1127
520 1129
520 1144
520 1156
520 1160
520 1162
520 1169
520 1173
520 1174
520 1176
520 1179
520 1180
520 1183
520 1184
520 1188
520 1191
520 1193
520 1208
520 1216
520 1224
520 1231
520 1243
520 1248
520 1255
520 1257
521 6
521 71
521 136
521 200
521 263
521 327
521 329
521 392
521 393
521 454
521 457
521 583
521 585
521 647
521 649
521 712
521 713
521 776
521 840
521 904
521 969
521 1032
521 1095
521 1157
521 1223
522 281
522 330
522 394
522 458
522 586
522 650
522 714
523 11
523 14
523 15
523 75
523 78
523 79
523 139
523 142
523 143
523 203
523 267
523 270
523 271
523 286
523 331
523 334
523 335
523 395
523 398
523 399
523 459
523 462
523 463
523 518
523 526
523 527
523 587
523 590
523 651
523 715
523 718
523 779
523 782
523 783
523 843
523 903
523 907
523 910
523 911
523 971
523 974
523 1035
523 1038
523 1099
523 1102
523 1158
523 1163
523 1166
523 1167
523 1174
523 1190
523 1191
523 1193
523 1222
523 1227
523 1230
523 1255
524 332
524 396
524 460
524 588
524 652
524 716
525 290
525 305
525 333
525 397
525 461
525 589
525 653
525 696
525 717
525 734
525 849
525 850
526 11
526 14
526 15
526 75
526 78
526 79
526 134
526 139
526 142
526 143
526 157
526 203
526 206
526 207
526 264
526 267
526 270
526 271
526 273
526 286
526 288
526 326
526 331
526 334
526 335
526 395
526 398
526 399
526 459
526 462
526 463
526 518
526 523
526 527
526 529
526 553
526 587
526 590
526 651
526 654
526 715
526 718
526 719
526 779
526 782
526 783
526 843
526 903
526 907
526 910
526 911
526 913
526 935
526 971
526 974
526 975
526 1035
526 1038
526 1094
526 1096
526 1099
526 1102
526 1158
526 1160
526 1163
526 1166
526 1167
526 1169
526 1174
526 1184
526 1190
526 1191
526 1193
526 1208
526 1222
526 1224
526 1227
526 1230
526 1255
527 11
527 14
527 15
527 75
527 78
527 79
527 134
527 139
527 142
527 143
527 157
527 198
527 203
527 206
527 207
527 264
527 266
527 267
527 270
527 271
527 273
527 286
527 288
527 326
527 331
527 334
527 335
527 390
527 395
527 398
527 399
527 459
527 462
527 463
527 518
527 523
527 526
527 529
527 553
527 587
527 590
527 591
527 651
527 654
527 655
527 715
527 718
527 719
527 779
527 782
527 783
527 838
527 843
527 902
527 903
527 907
527 910
527 911
527 913
527 935
527 937
527 971
527 974
527 975
527 1035
527 1038
527 1039
527 1094
527 1096
527 1099
527 1102
527 1129
527 1158
527 1160
527 1163
527 1166
527 1167
527 1169
527 1174
527 1180
527 1183
527 1184
527 1190
527 1191
527 1193
527 1208
527 1222
527 1224
527 1227
527 1230
527 1255
528 336
528 400
528 464
528 592
528 607
528 628
528 656
528 720
528 813
528 959
529 11
529 14
529 15
529 70
529 78
529 79
529 96
529 134
529 135
529 142
529 143
529 157
529 198
529 203
529 206
529 207
529 262
529 264
529 266
529 268
529 271
529 273
529 285
529 286
529 288
529 326
529 331
529 334
529 335
529 337
529 352
529 390
529 395
529 398
529 399
529 401
529 416
529 456
529 459
529 463
529 465
529 477
529 480
529 489
529 518
529 520
529 526
529 527
529 544
529 553
529 582
529 584
529 587
529 590
529 591
529 593
529 603
529 646
529 651
529 654
529 655
529 657
529 710
529 711
529 715
529 718
529 719
529 721
529 736
529 774
529 775
529 779
529 782
529 783
529 798
529 838
529 839
529 843
529 846
529 902
529 903
529 907
529 910
529 911
529 913
529 925
529 935
529 937
529 974
529 975
529 1030
529 1031
529 1035
529 1038
529 1039
529 1094
529 1096
529 1099
529 1102
529 1103
529 1105
529 1127
529 1129
529 1158
529 1160
529 1162
529 1167
529 1169
529 1174
529 1176
529 1179
529 1180
529 1183
529 1184
529 1190
529 1191
529 1193
529 1208
529 1216
529 1222
529 1224
529 1231
529 1243
529 1255
530 338
530 402
530 466
530 511
530 594
530 658
530 722
531 339
531 403
531 467
531 595
531 659
531 723
531 1076
531 1113
531 1266
532 147
532 340
532 404
532 468
532 515
532 596
532 660
532 724
532 917
532 1133
533 150
533 183
533 248
533 341
533 405
533 423
533 469
533 479
533 597
533 661
533 725
533 833
534 86
534 292
534 342
534 361
534 406
534 470
534 598
534 662
534 726
535 193
535 343
535 407
535 471
535 573
535 599
535 663
535 727
535 958
535 1021
535 1151
536 344
536 408
536 472
536 516
536 600
536 664
536 728
537 345
537 409
537 473
537 601
537 665
537 729
538 346
538 372
538 410
538 474
538 602
538 666
538 730
538 872
539 293
539 347
539 411
539 472
539 475
539 603
539 667
539 731
539 822
539 1249
540 348
540 412
540 476
540 604
540 668
540 732
541 7
541 8
541 32
541 70
541 72
541 74
541 88
541 94
541 96
541 120
541 135
541 166
541 198
541 199
541 262
541 266
541 268
541 278
541 285
541 312
541 349
541 352
541 401
541 413
541 416
541 455
541 456
541 477
541 480
541 489
541 512
541 520
541 544
541 582
541 584
541 591
541 593
541 603
541 605
541 608
541 617
541 646
541 648
541 655
541 669
541 710
541 711
541 733
541 736
541 738
541 774
541 775
541 798
541 838
541 839
541 846
541 847
541 902
541 925
541 966
541 989
541 1001
541 1030
541 1031
541 1037
541 1039
541 1051
541 1063
541 1103
541 1105
541 1120
541 1127
541 1144
541 1156
541 1162
541 1173
541 1176
541 1179
541 1180
541 1183
541 1188
541 1189
541 1206
541 1216
541 1231
541 1243
541 1248
541 1257
541 1272
542 350
542 414
542 478
542 606
542 670
542 734
543 351
543 415
543 466
543 479
543 607
543 671
543 735
544 8
544 32
544 70
544 72
544 74
544 94
544 96
544 120
544 134
544 135
544 157
544 166
544 198
544 199
544 206
544 207
544 262
544 264
544 266
544 268
544 273
544 285
544 288
544 312
544 326
544 352
544 390
544 401
544 416
544 455
544 456
544 477
544 480
544 489
544 512
544 520
544 529
544 541
544 553
544 582
544 584
544 591
544 593
544 603
544 608
544 617
544 646
544 654
544 655
544 672
544 710
544 711
544 719
544 736
544 738
544 774
544 775
544 798
544 838
544 839
544 846
544 847
544 902
544 913
544 925
544 935
544 937
544 966
544 975
544 989
544 1001
544 1030
544 1031
544 1037
544 1039
544 1051
544 1063
544 1094
544 1096
544 1103
544 1105
544 1120
544 1127
544 1129
544 1144
544 1156
544 1160
544 1162
544 1169
544 1173
544 1176
544 1179
544 1180
544 1183
544 1184
544 1188
544 1189
544 1206
544 1208
544 1216
544 1224
544 1231
544 1243
544 1248
544 1257
544 1272
545 353
545 417
545 481
545 609
545 673
545 704
545 737
546 300
546 354
546 418
546 482
546 610
546 674
546 738
547 82
547 355
547 419
547 483
547 611
547 675
547 739
547 924
547 999
548 356
548 376
548 420
548 484
548 612
548 676
548 740
548 1252
549 357
549 421
549 485
549 613
549 677
549 741
550 216
550 358
550 422
550 426
550 486
550 614
550 678
550 742
551 10
551 359
551 423
551 487
551 513
551 615
551 679
551 743
551 1060
552 126
552 360
552 424
552 488
552 616
552 680
552 688
552 744
553 11
553 14
553 15
553 70
553 78
553 79
553 96
553 134
553 135
553 142
553 143
553 157
553 198
553 203
553 206
553 207
553 262
553 264
553 266
553 268
553 271
553 273
553 285
553 286
553 288
553 326
553 331
553 334
553 335
553 352
553 361
553 390
553 395
553 398
553 399
553 401
553 416
553 425
553 456
553 459
553 463
553 477
553 480
553 489
553 518
553 520
553 526
553 527
553 529
553 544
553 582
553 584
553 587
553 590
553 591
553 593
553 603
553 617
553 646
553 651
553 654
553 655
553 681
553 710
553 711
553 715
553 718
553 719
553 736
553 745
553 774
553 775
553 779
553 782
553 783
553 798
553 838
553 839
553 843
553 846
553 902
553 903
553 907
553 910
553 911
553 913
553 925
553 935
553 937
553 974
553 975
553 1030
553 1031
553 1035
553 1038
553 1039
553 1094
553 1096
553 1099
553 1103
553 1105
553 1127
553 1129
553 1158
553 1160
553 1162
553 1169
553 1174
553 1176
553 1179
553 1180
553 1183
553 1184
553 1190
553 1191
553 1193
553 1208
553 1216
553 1222
553 1224
553 1231
553 1243
553 1255
554 320
554 362
554 426
554 469
554 490
554 618
554 682
554 746
555 363
555 427
555 491
555 619
555 683
555 747
555 1215
556 364
556 428
556 492
556 620
556 684
556 748
557 365
557 429
557 493
557 621
557 685
557 749
558 366
558 430
558 494
558 622
558 686
558 750
559 108
559 367
559 431
559 495
559 623
559 687
559 751
559 876
560 368
560 432
560 496
560 624
560 688
560 752
561 369
561 385
561 433
561 497
561 625
561 689
561 753
562 110
562 370
562 434
562 498
562 626
562 690
562 754
562 1002
562 1111
563 371
563 435
563 499
563 627
563 691
563 755
564 372
564 436
564 500
564 628
564 692
564 756
565 373
565 437
565 501
565 629
565 693
565 757
566 374
566 438
566 502
566 630
566 694
566 758
566 832
567 375
567 400
567 439
567 503
567 631
567 695
567 759
567 1276
568 376
568 440
568 504
568 632
568 696
568 760
569 95
569 131
569 377
569 441
569 505
569 633
569 697
569 761
569 944
570 3
570 378
570 380
570 442
570 506
570 634
570 682
570 698
570 762
571 370
571 379
571 443
571 507
571 635
571 699
571 763
572 380
572 444
572 508
572 636
572 700
572 764
573 193
573 381
573 445
573 509
573 535
573 637
573 701
573 765
573 958
573 1021
573 1151
574 382
574 446
574 510
574 638
574 702
574 766
574 1075
575 383
575 447
575 511
575 639
575 703
575 767
575 1003
576 277
576 384
576 448
576 512
576 640
576 704
576 768
576 908
577 385
577 449
577 513
577 641
577 705
577 769
577 1067
578 322
578 386
578 450
578 514
578 642
578 706
578 744
578 770
579 21
579 387
579 451
579 515
579 643
579 707
579 771
580 280
580 350
580 388
580 452
580 516
580 644
580 708
580 772
581 384
581 389
581 453
581 461
581 517
581 645
581 709
581 773
582 14
582 15
582 70
582 79
582 96
582 134
582 135
582 143
582 157
582 198
582 199
582 206
582 207
582 262
582 264
582 266
582 268
582 273
582 285
582 286
582 288
582 312
582 326
582 335
582 352
582 390
582 398
582 399
582 401
582 416
582 454
582 456
582 463
582 477
582 480
582 489
582 518
582 520
582 529
582 541
582 544
582 553
582 584
582 590
582 591
582 593
582 603
582 608
582 646
582 651
582 654
582 655
582 710
582 711
582 718
582 719
582 736
582 738
582 774
582 775
582 782
582 783
582 798
582 838
582 839
582 846
582 847
582 902
582 903
582 910
582 911
582 913
582 925
582 935
582 937
582 975
582 1001
582 1030
582 1031
582 1037
582 1039
582 1063
582 1094
582 1096
582 1103
582 1105
582 1127
582 1129
582 1144
582 1156
582 1158
582 1160
582 1162
582 1169
582 1173
582 1174
582 1176
582 1179
582 1180
582 1183
582 1184
582 1188
582 1190
582 1191
582 1193
582 1208
582 1216
582 1222
582 1224
582 1231
582 1243
582 1248
582 1255
582 1257
583 6
583 71
583 136
583 200
583 263
583 327
583 391
583 392
583 454
583 455
583 519
583 521
583 647
583 711
583 712
583 775
583 776
583 840
583 904
583 969
583 1032
583 1095
583 1157
583 1223
584 8
584 32
584 70
584 72
584 74
584 94
584 96
584 120
584 135
584 166
584 198
584 199
584 262
584 264
584 266
584 268
584 285
584 312
584 326
584 352
584 390
584 392
584 401
584 416
584 455
584 456
584 477
584 480
584 489
584 512
584 520
584 529
584 541
584 544
584 553
584 582
584 591
584 593
584 603
584 608
584 617
584 646
584 648
584 654
584 655
584 710
584 711
584 712
584 736
584 738
584 774
584 775
584 776
584 798
584 838
584 839
584 846
584 847
584 902
584 913
584 925
584 935
584 937
584 966
584 989
584 1001
584 1030
584 1031
584 1037
584 1039
584 1051
584 1063
584 1094
584 1096
584 1103
584 1105
584 1120
584 1127
584 1129
584 1144
584 1156
584 1162
584 1169
584 1173
584 1176
584 1179
584 1180
584 1183
584 1184
584 1188
584 1189
584 1206
584 1208
584 1216
584 1231
584 1243
584 1248
584 1257
584 1272
585 393
585 457
585 521
585 649
585 713
585 777
585 780
585 929
586 394
586 458
586 522
586 650
586 714
586 778
587 11
587 14
587 15
587 75
587 78
587 79
587 134
587 139
587 142
587 143
587 157
587 203
587 206
587 207
587 264
587 267
587 270
587 271
587 273
587 286
587 288
587 326
587 331
587 334
587 335
587 390
587 395
587 398
587 399
587 459
587 462
587 463
587 518
587 523
587 526
587 527
587 529
587 553
587 590
587 651
587 654
587 715
587 718
587 719
587 779
587 782
587 783
587 843
587 903
587 907
587 910
587 911
587 913
587 935
587 937
587 971
587 974
587 975
587 1035
587 1038
587 1094
587 1096
587 1099
587 1102
587 1129
587 1158
587 1160
587 1163
587 1166
587 1167
587 1169
587 1174
587 1184
587 1190
587 1191
587 1193
587 1208
587 1222
587 1224
587 1227
587 1230
587 1255
588 396
588 460
588 524
588 652
588 716
588 780
589 397
589 461
589 525
589 653
589 717
589 781
590 11
590 14
590 15
590 70
590 75
590 78
590 79
590 96
590 134
590 135
590 139
590 142
590 143
590 157
590 198
590 203
590 206
590 207
590 264
590 266
590 270
590 271
590 273
590 285
590 286
590 288
590 326
590 331
590 334
590 335
590 390
590 395
590 398
590 399
590 456
590 459
590 462
590 463
590 480
590 489
590 518
590 520
590 523
590 526
590 527
590 529
590 553
590 582
590 587
590 591
590 593
590 603
590 646
590 651
590 654
590 655
590 710
590 711
590 715
590 718
590 719
590 736
590 779
590 782
590 783
590 798
590 838
590 843
590 846
590 902
590 903
590 907
590 910
590 911
590 913
590 925
590 935
590 937
590 971
590 974
590 975
590 1031
590 1035
590 1038
590 1039
590 1094
590 1096
590 1099
590 1102
590 1103
590 1105
590 1127
590 1129
590 1158
590 1160
590 1162
590 1167
590 1169
590 1174
590 1176
590 1179
590 1180
590 1183
590 1184
590 1190
590 1191
590 1193
590 1208
590 1222
590 1224
590 1227
590 1231
590 1243
590 1255
591 11
591 14
591 15
591 70
591 78
591 79
591 96
591 134
591 135
591 142
591 143
591 157
591 198
591 199
591 203
591 206
591 207
591 262
591 264
591 266
591 268
591 273
591 285
591 286
591 288
591 326
591 334
591 335
591 352
591 390
591 398
591 399
591 401
591 416
591 456
591 463
591 477
591 480
591 489
591 518
591 520
591 527
591 529
591 541
591 544
591 553
591 582
591 584
591 590
591 593
591 603
591 646
591 651
591 654
591 655
591 710
591 711
591 715
591 718
591 719
591 736
591 738
591 774
591 775
591 782
591 783
591 798
591 838
591 839
591 843
591 846
591 902
591 903
591 910
591 911
591 913
591 925
591 935
591 937
591 975
591 1030
591 1031
591 1035
591 1039
591 1063
591 1094
591 1096
591 1103
591 1105
591 1127
591 1129
591 1158
591 1160
591 1162
591 1169
591 1173
591 1174
591 1176
591 1179
591 1180
591 1183
591 1184
591 1190
591 1191
591 1193
591 1208
591 1216
591 1222
591 1224
591 1231
591 1243
591 1248
591 1255
591 1257
592 400
592 445
592 464
592 528
592 656
592 663
592 720
592 784
593 14
593 15
593 70
593 79
593 96
593 134
593 135
593 143
593 157
593 198
593 199
593 206
593 207
593 262
593 264
593 266
593 268
593 273
593 285
593 286
593 288
593 312
593 326
593 335
593 352
593 390
593 398
593 399
593 401
593 416
593 456
593 463
593 465
593 477
593 480
593 489
593 518
593 520
593 529
593 541
593 544
593 553
593 582
593 584
593 590
593 591
593 603
593 608
593 646
593 651
593 654
593 655
593 657
593 710
593 711
593 718
593 719
593 721
593 736
593 738
593 774
593 775
593 782
593 783
593 785
593 798
593 838
593 839
593 846
593 847
593 902
593 903
593 910
593 911
593 913
593 925
593 935
593 937
593 975
593 1001
593 1030
593 1031
593 1037
593 1039
593 1063
593 1094
593 1096
593 1103
593 1105
593 1127
593 1129
593 1144
593 1156
593 1158
593 1160
593 1162
593 1169
593 1173
593 1174
593 1176
593 1179
593 1180
593 1183
593 1184
593 1188
593 1190
593 1191
593 1193
593 1208
593 1216
593 1222
593 1224
593 1231
593 1243
593 1248
593 1255
593 1257
594 402
594 466
594 530
594 658
594 722
594 786
594 1106
595 129
595 403
595 467
595 531
595 616
595 659
595 723
595 787
596 404
596 468
596 532
596 660
596 724
596 788
596 1049
597 405
597 469
597 533
597 661
597 725
597 789
598 406
598 470
598 534
598 644
598 662
598 726
598 790
599 63
599 236
599 407
599 471
599 535
599 663
599 727
599 791
599 1070
599 1086
600 128
600 341
600 408
600 472
600 536
600 664
600 728
600 792
601 409
601 473
601 537
601 641
601 665
601 729
601 784
601 793
601 1007
602 241
602 410
602 474
602 538
602 666
602 730
602 794
602 1146
603 15
603 32
603 70
603 72
603 74
603 96
603 120
603 134
603 135
603 157
603 166
603 198
603 199
603 206
603 207
603 262
603 264
603 266
603 268
603 273
603 285
603 286
603 288
603 312
603 326
603 352
603 390
603 401
603 411
603 416
603 455
603 456
603 475
603 477
603 480
603 489
603 512
603 520
603 529
603 539
603 541
603 544
603 553
603 582
603 584
603 590
603 591
603 593
603 608
603 617
603 646
603 654
603 655
603 667
603 710
603 711
603 719
603 731
603 736
603 738
603 774
603 775
603 782
603 783
603 795
603 798
603 838
603 839
603 846
603 847
603 902
603 913
603 925
603 935
603 937
603 966
603 975
603 989
603 1001
603 1030
603 1031
603 1037
603 1039
603 1063
603 1094
603 1096
603 1103
603 1105
603 1120
603 1127
603 1129
603 1144
603 1156
603 1160
603 1162
603 1169
603 1173
603 1174
603 1176
603 1179
603 1180
603 1183
603 1184
603 1188
603 1189
603 1206
603 1208
603 1216
603 1224
603 1231
603 1243
603 1248
603 1257
603 1272
604 130
604 412
604 476
604 540
604 668
604 732
604 796
604 830
604 1256
605 413
605 477
605 541
605 669
605 733
605 797
606 414
606 478
606 542
606 670
606 734
606 798
606 873
607 415
607 479
607 528
607 543
607 628
607 671
607 735
607 799
607 813
607 959
608 7
608 8
608 32
608 70
608 72
608 74
608 88
608 94
608 96
608 120
608 135
608 166
608 198
608 199
608 262
608 266
608 268
608 278
608 285
608 312
608 352
608 401
608 416
608 455
608 456
608 477
608 480
608 489
608 512
608 520
608 541
608 544
608 582
608 584
608 593
608 603
608 617
608 646
608 648
608 655
608 672
608 710
608 711
608 736
608 738
608 774
608 775
608 798
608 800
608 838
608 839
608 846
608 847
608 902
608 925
608 966
608 989
608 1001
608 1030
608 1031
608 1037
608 1039
608 1051
608 1063
608 1103
608 1105
608 1120
608 1127
608 1144
608 1156
608 1162
608 1173
608 1176
608 1179
608 1183
608 1188
608 1189
608 1206
608 1216
608 1231
608 1243
608 1248
608 1257
608 1272
609 417
609 481
609 545
609 618
609 673
609 737
609 801
610 418
610 482
610 546
610 674
610 738
610 791
610 802
610 1149
610 1262
611 348
611 419
611 483
611 547
611 675
611 739
611 803
612 97
612 420
612 484
612 548
612 676
612 740
612 804
612 1062
613 421
613 485
613 549
613 677
613 741
613 805
613 1006
614 7
614 8
614 17
614 32
614 72
614 74
614 81
614 88
614 91
614 94
614 166
614 260
614 269
614 278
614 328
614 332
614 391
614 422
614 455
614 486
614 512
614 550
614 617
614 648
614 678
614 742
614 806
614 896
614 934
614 960
614 966
614 968
614 989
614 1051
614 1101
614 1152
614 1153
614 1189
614 1206
614 1246
614 1272
615 34
615 423
615 487
615 551
615 679
615 743
615 807
616 129
616 424
616 488
616 552
616 595
616 680
616 744
616 808
617 7
617 8
617 32
617 70
617 72
617 74
617 81
617 88
617 94
617 120
617 166
617 199
617 262
617 268
617 278
617 312
617 352
617 391
617 401
617 416
617 425
617 455
617 477
617 489
617 512
617 520
617 541
617 544
617 553
617 584
617 603
617 608
617 614
617 646
617 648
617 681
617 738
617 745
617 774
617 775
617 809
617 839
617 847
617 934
617 960
617 966
617 989
617 1001
617 1030
617 1037
617 1051
617 1063
617 1101
617 1103
617 1105
617 1120
617 1144
617 1152
617 1153
617 1156
617 1173
617 1176
617 1179
617 1188
617 1189
617 1206
617 1216
617 1243
617 1248
617 1257
617 1272
618 426
618 490
618 554
618 609
618 682
618 746
618 810
619 427
619 491
619 555
619 683
619 747
619 811
620 428
620 492
620 556
620 669
620 684
620 748
620 812
621 272
621 429
621 493
621 557
621 685
621 749
621 813
621 899
621 1036
622 430
622 494
622 558
622 686
622 750
622 814
622 886
623 431
623 495
623 502
623 559
623 687
623 751
623 815
624 111
624 343
624 432
624 450
624 496
624 560
624 688
624 752
624 816
625 226
625 433
625 497
625 561
625 689
625 753
625 817
625 1059
626 434
626 498
626 562
626 690
626 754
626 818
626 1104
627 153
627 435
627 499
627 563
627 687
627 691
627 755
627 819
627 829
628 436
628 500
628 528
628 564
628 607
628 692
628 756
628 813
628 820
628 959
629 437
629 501
629 565
629 693
629 757
629 821
629 961
630 295
630 358
630 438
630 502
630 566
630 694
630 758
630 822
630 921
630 1170
630 1217
631 439
631 503
631 567
631 679
631 695
631 759
631 823
632 440
632 504
632 568
632 696
632 760
632 824
633 441
633 505
633 569
633 697
633 761
633 825
634 442
634 506
634 570
634 698
634 762
634 826
634 1085
635 443
635 507
635 571
635 699
635 763
635 827
636 444
636 508
636 572
636 700
636 764
636 828
637 445
637 509
637 573
637 701
637 765
637 829
638 446
638 510
638 574
638 702
638 766
638 830
638 884
639 447
639 511
639 575
639 703
639 767
639 831
640 187
640 448
640 512
640 576
640 704
640 768
640 832
640 877
640 1261
640 1279
641 449
641 513
641 577
641 601
641 705
641 769
641 784
641 833
641 1007
642 450
642 514
642 578
642 706
642 770
642 834
643 451
643 515
643 579
643 707
643 771
643 835
644 452
644 516
644 580
644 598
644 708
644 772
644 836
645 77
645 140
645 453
645 517
645 581
645 709
645 773
645 837
646 15
646 32
646 70
646 72
646 74
646 96
646 120
646 134
646 135
646 157
646 166
646 198
646 199
646 206
646 207
646 262
646 264
646 266
646 268
646 273
646 285
646 286
646 288
646 312
646 326
646 352
646 390
646 401
646 416
646 454
646 455
646 456
646 477
646 480
646 489
646 512
646 518
646 520
646 529
646 541
646 544
646 553
646 582
646 584
646 590
646 591
646 593
646 603
646 608
646 617
646 654
646 655
646 710
646 711
646 719
646 736
646 738
646 774
646 775
646 782
646 783
646 798
646 838
646 839
646 846
646 847
646 902
646 903
646 913
646 925
646 935
646 937
646 966
646 975
646 989
646 1001
646 1030
646 1031
646 1037
646 1039
646 1063
646 1094
646 1096
646 1103
646 1105
646 1120
646 1127
646 1129
646 1144
646 1156
646 1160
646 1162
646 1169
646 1173
646 1174
646 1176
646 1179
646 1180
646 1183
646 1184
646 1188
646 1189
646 1206
646 1208
646 1216
646 1224
646 1231
646 1243
646 1248
646 1257
646 1272
647 6
647 71
647 136
647 200
647 263
647 327
647 392
647 454
647 455
647 519
647 521
647 583
647 711
647 712
647 775
647 776
647 839
647 840
647 904
647 969
647 1032
647 1095
647 1157
647 1223
648 7
648 8
648 17
648 32
648 72
648 74
648 81
648 88
648 91
648 94
648 120
648 166
648 199
648 260
648 269
648 278
648 312
648 328
648 332
648 391
648 401
648 455
648 456
648 512
648 520
648 541
648 584
648 608
648 614
648 617
648 712
648 738
648 776
648 840
648 847
648 934
648 960
648 966
648 989
648 1001
648 1037
648 1051
648 1063
648 1101
648 1120
648 1144
648 1152
648 1153
648 1156
648 1173
648 1188
648 1189
648 1206
648 1216
648 1246
648 1248
648 1257
648 1272
649 457
649 521
649 585
649 713
649 777
649 841
650 458
650 522
650 586
650 714
650 778
650 841
650 842
651 11
651 14
651 15
651 75
651 78
651 79
651 96
651 134
651 135
651 139
651 142
651 143
651 157
651 198
651 203
651 206
651 207
651 264
651 266
651 267
651 270
651 271
651 273
651 285
651 286
651 288
651 326
651 331
651 334
651 335
651 390
651 395
651 398
651 399
651 456
651 459
651 462
651 463
651 480
651 489
651 518
651 523
651 526
651 527
651 529
651 553
651 582
651 587
651 590
651 591
651 593
651 654
651 655
651 710
651 711
651 715
651 718
651 719
651 736
651 779
651 782
651 783
651 798
651 838
651 843
651 846
651 902
651 903
651 907
651 910
651 911
651 913
651 925
651 935
651 937
651 971
651 974
651 975
651 1031
651 1035
651 1038
651 1039
651 1094
651 1096
651 1099
651 1102
651 1127
651 1129
651 1158
651 1160
651 1162
651 1167
651 1169
651 1174
651 1180
651 1183
651 1184
651 1190
651 1191
651 1193
651 1208
651 1222
651 1224
651 1227
651 1231
651 1255
652 460
652 524
652 588
652 716
652 780
652 844
652 1221
653 461
653 525
653 589
653 717
653 781
653 845
654 11
654 14
654 15
654 70
654 78
654 79
654 96
654 134
654 135
654 142
654 143
654 157
654 198
654 203
654 206
654 207
654 262
654 264
654 266
654 268
654 271
654 273
654 285
654 286
654 288
654 326
654 331
654 334
654 335
654 352
654 390
654 395
654 398
654 399
654 401
654 416
654 456
654 459
654 462
654 463
654 477
654 480
654 489
654 518
654 520
654 526
654 527
654 529
654 544
654 553
654 582
654 584
654 587
654 590
654 591
654 593
654 603
654 646
654 651
654 655
654 710
654 711
654 715
654 718
654 719
654 736
654 774
654 775
654 779
654 782
654 783
654 798
654 838
654 839
654 843
654 846
654 902
654 903
654 907
654 910
654 911
654 913
654 925
654 935
654 937
654 974
654 975
654 1030
654 1031
654 1035
654 1038
654 1039
654 1094
654 1096
654 1099
654 1103
654 1105
654 1127
654 1129
654 1158
654 1160
654 1162
654 1167
654 1169
654 1174
654 1176
654 1179
654 1180
654 1183
654 1184
654 1190
654 1191
654 1193
654 1208
654 1216
654 1222
654 1224
654 1231
654 1243
654 1255
655 11
655 14
655 15
655 70
655 79
655 96
655 134
655 135
655 143
655 157
655 198
655 199
655 206
655 207
655 262
655 264
655 266
655 268
655 273
655 285
655 286
655 288
655 312
655 326
655 334
655 335
655 352
655 390
655 398
655 399
655 401
655 416
655 456
655 463
655 477
655 480
655 489
655 518
655 520
655 527
655 529
655 541
655 544
655 553
655 582
655 584
655 590
655 591
655 593
655 603
655 608
655 646
655 651
655 654
655 710
655 711
655 718
655 719
655 736
655 738
655 774
655 775
655 782
655 783
655 798
655 838
655 839
655 846
655 847
655 902
655 903
655 910
655 911
655 913
655 925
655 935
655 937
655 975
655 1001
655 1030
655 1031
655 1039
655 1063
655 1094
655 1096
655 1103
655 1105
655 1127
655 1129
655 1144
655 1156
655 1158
655 1160
655 1162
655 1169
655 1173
655 1174
655 1176
655 1179
655 1180
655 1183
655 1184
655 1190
655 1191
655 1193
655 1208
655 1216
655 1222
655 1224
655 1231
655 1243
655 1248
655 1255
655 1257
656 464
656 528
656 592
656 720
656 784
656 848
657 152
657 465
657 529
657 593
657 721
657 785
657 849
657 1182
658 466
658 530
658 594
658 722
658 778
658 786
658 850
659 85
659 467
659 531
659 595
659 723
659 787
659 851
660 314
660 468
660 532
660 596
660 724
660 788
660 852
661 4
661 469
661 533
661 597
661 725
661 789
661 853
661 1171
662 470
662 534
662 598
662 726
662 790
662 854
663 445
663 471
663 535
663 592
663 599
663 727
663 791
663 855
664 472
664 503
664 536
664 600
664 728
664 792
664 856
664 860
664 1237
665 299
665 435
665 473
665 537
665 601
665 729
665 793
665 857
665 1064
666 109
666 122
666 474
666 538
666 602
666 730
666 794
666 858
666 1275
667 475
667 539
667 603
667 731
667 795
667 797
667 859
668 476
668 540
668 604
668 732
668 796
668 860
669 477
669 541
669 605
669 620
669 733
669 797
669 861
670 192
670 478
670 542
670 606
670 734
670 798
670 862
670 1014
671 479
671 543
671 607
671 735
671 759
671 799
671 863
672 480
672 544
672 608
672 736
672 800
672 864
672 987
673 151
673 303
673 481
673 545
673 609
673 737
673 801
673 865
673 1212
674 393
674 482
674 546
674 610
674 738
674 802
674 866
674 952
675 279
675 481
675 483
675 547
675 611
675 732
675 739
675 803
675 867
675 1077
676 315
676 484
676 548
676 612
676 740
676 764
676 804
676 868
676 1047
677 485
677 549
677 613
677 741
677 805
677 869
678 486
678 550
678 614
678 742
678 806
678 837
678 870
678 915
678 1122
679 487
679 551
679 615
679 631
679 743
679 807
679 871
680 488
680 552
680 616
680 744
680 808
680 872
681 489
681 553
681 617
681 745
681 809
681 873
681 928
682 3
682 380
682 490
682 554
682 570
682 618
682 746
682 810
682 874
683 491
683 555
683 619
683 747
683 811
683 875
684 492
684 556
684 620
684 748
684 812
684 876
685 493
685 557
685 621
685 749
685 813
685 877
685 1128
686 180
686 494
686 558
686 622
686 750
686 756
686 814
686 878
686 1204
687 153
687 495
687 559
687 623
687 627
687 751
687 815
687 829
687 879
688 126
688 496
688 552
688 560
688 624
688 752
688 816
688 880
689 497
689 561
689 625
689 753
689 817
689 881
690 113
690 345
690 498
690 562
690 626
690 754
690 818
690 882
690 1199
691 499
691 563
691 627
691 748
691 755
691 819
691 883
692 500
692 564
692 628
692 756
692 820
692 884
692 1198
693 497
693 501
693 565
693 629
693 757
693 821
693 885
693 1008
694 155
694 181
694 502
694 566
694 630
694 740
694 758
694 822
694 886
694 919
694 1187
695 42
695 67
695 287
695 503
695 567
695 631
695 759
695 823
695 887
696 290
696 305
696 504
696 525
696 568
696 632
696 734
696 760
696 824
696 849
696 850
696 888
697 217
697 505
697 569
697 633
697 761
697 825
697 889
698 506
698 570
698 634
698 762
698 826
698 890
699 104
699 507
699 571
699 635
699 763
699 825
699 827
699 848
699 891
699 1264
700 49
700 234
700 409
700 508
700 572
700 636
700 705
700 764
700 828
700 892
701 509
701 573
701 637
701 765
701 829
701 893
701 1245
702 510
702 574
702 638
702 766
702 816
702 830
702 894
703 511
703 575
703 639
703 767
703 831
703 895
704 512
704 545
704 576
704 640
704 768
704 832
704 896
705 49
705 234
705 409
705 513
705 577
705 641
705 700
705 769
705 833
705 897
706 514
706 578
706 642
706 770
706 834
706 898
707 222
707 227
707 515
707 579
707 643
707 771
707 835
707 899
708 294
708 516
708 580
708 644
708 757
708 772
708 836
708 861
708 900
709 420
709 517
709 581
709 645
709 773
709 837
709 901
710 14
710 15
710 70
710 72
710 79
710 96
710 120
710 134
710 135
710 143
710 157
710 198
710 199
710 206
710 207
710 262
710 264
710 266
710 268
710 273
710 285
710 286
710 288
710 312
710 326
710 335
710 352
710 390
710 398
710 399
710 401
710 416
710 456
710 463
710 477
710 480
710 489
710 512
710 518
710 520
710 529
710 541
710 544
710 553
710 582
710 584
710 590
710 591
710 593
710 603
710 608
710 646
710 651
710 654
710 655
710 711
710 718
710 719
710 736
710 738
710 774
710 775
710 782
710 783
710 798
710 838
710 839
710 846
710 847
710 902
710 903
710 910
710 911
710 913
710 925
710 935
710 937
710 975
710 1001
710 1030
710 1031
710 1037
710 1039
710 1063
710 1094
710 1096
710 1103
710 1105
710 1120
710 1127
710 1129
710 1144
710 1156
710 1158
710 1160
710 1162
710 1169
710 1173
710 1174
710 1176
710 1179
710 1180
710 1183
710 1184
710 1188
710 1190
710 1191
710 1193
710 1208
710 1216
710 1224
710 1231
710 1243
710 1248
710 1255
710 1257
711 14
711 15
711 70
711 79
711 96
711 120
711 134
711 135
711 143
711 157
711 198
711 199
711 206
711 207
711 262
711 264
711 266
711 268
711 273
711 285
711 286
711 288
711 312
711 326
711 335
711 352
711 390
711 398
711 399
711 401
711 416
711 456
711 463
711 477
711 480
711 489
711 518
711 519
711 520
711 529
711 541
711 544
711 553
711 582
711 583
711 584
711 590
711 591
711 593
711 603
711 608
711 646
711 647
711 651
711 654
711 655
711 710
711 718
711 719
711 736
711 738
711 774
711 775
711 782
711 783
711 798
711 838
711 839
711 846
711 847
711 902
711 903
711 910
711 911
711 913
711 925
711 935
711 937
711 975
711 1001
711 1030
711 1031
711 1037
711 1039
711 1063
711 1094
711 1096
711 1103
711 1105
711 1120
711 1127
711 1129
711 1144
711 1156
711 1158
711 1160
711 1162
711 1169
711 1173
711 1174
711 1176
711 1179
711 1180
711 1183
711 1184
711 1188
711 1190
711 1191
711 1193
711 1208
711 1216
711 1224
711 1231
711 1243
711 1248
711 1255
711 1257
712 6
712 71
712 136
712 200
712 263
712 327
712 392
712 454
712 520
712 521
712 583
712 584
712 647
712 648
712 776
712 840
712 904
712 969
712 1032
712 1095
712 1157
712 1223
713 521
713 585
713 649
713 777
713 841
713 905
714 522
714 586
714 650
714 778
714 842
714 906
715 11
715 14
715 15
715 75
715 78
715 79
715 134
715 139
715 142
715 143
715 157
715 203
715 206
715 207
715 264
715 266
715 267
715 270
715 271
715 273
715 286
715 288
715 326
715 331
715 334
715 335
715 390
715 395
715 398
715 399
715 459
715 462
715 463
715 518
715 523
715 526
715 527
715 529
715 553
715 587
715 590
715 591
715 651
715 654
715 718
715 719
715 779
715 782
715 783
715 843
715 903
715 907
715 910
715 911
715 913
715 935
715 937
715 971
715 974
715 975
715 1035
715 1038
715 1039
715 1094
715 1096
715 1099
715 1102
715 1129
715 1158
715 1160
715 1163
715 1166
715 1167
715 1169
715 1174
715 1180
715 1183
715 1184
715 1190
715 1191
715 1193
715 1208
715 1222
715 1224
715 1227
715 1230
715 1255
716 524
716 588
716 652
716 780
716 844
716 908
716 1197
717 525
717 589
717 653
717 781
717 845
717 909
717 1015
717 1235
718 11
718 14
718 15
718 70
718 75
718 78
718 79
718 96
718 134
718 135
718 139
718 142
718 143
718 157
718 198
718 203
718 206
718 207
718 264
718 266
718 270
718 271
718 273
718 285
718 286
718 288
718 326
718 331
718 334
718 335
718 390
718 395
718 398
718 399
718 456
718 459
718 462
718 463
718 480
718 489
718 518
718 520
718 523
718 526
718 527
718 529
718 553
718 582
718 587
718 590
718 591
718 593
718 651
718 654
718 655
718 710
718 711
718 715
718 719
718 736
718 779
718 782
718 783
718 798
718 838
718 843
718 846
718 902
718 903
718 907
718 910
718 911
718 913
718 925
718 935
718 937
718 971
718 974
718 975
718 1031
718 1035
718 1038
718 1039
718 1094
718 1096
718 1099
718 1102
718 1103
718 1105
718 1127
718 1129
718 1158
718 1160
718 1162
718 1167
718 1169
718 1174
718 1176
718 1180
718 1183
718 1184
718 1190
718 1191
718 1193
718 1208
718 1222
718 1224
718 1227
718 1231
718 1243
718 1255
719 11
719 14
719 15
719 70
719 78
719 79
719 96
719 134
719 135
719 142
719 143
719 157
719 198
719 203
719 206
719 207
719 262
719 264
719 266
719 268
719 271
719 273
719 285
719 286
719 288
719 326
719 331
719 334
719 335
719 352
719 390
719 395
719 398
719 399
719 401
719 416
719 456
719 459
719 462
719 463
719 477
719 480
719 489
719 518
719 520
719 526
719 527
719 529
719 544
719 553
719 582
719 587
719 590
719 591
719 593
719 603
719 646
719 651
719 654
719 655
719 710
719 711
719 715
719 718
719 736
719 774
719 775
719 779
719 782
719 783
719 798
719 838
719 839
719 843
719 846
719 847
719 902
719 903
719 907
719 910
719 911
719 913
719 925
719 935
719 937
719 971
719 974
719 975
719 1030
719 1031
719 1035
719 1038
719 1039
719 1094
719 1096
719 1099
719 1102
719 1103
719 1105
719 1127
719 1129
719 1158
719 1160
719 1162
719 1167
719 1169
719 1174
719 1176
719 1179
719 1180
719 1183
719 1184
719 1190
719 1191
719 1193
719 1208
719 1222
719 1224
719 1227
719 1231
719 1243
719 1255
720 55
720 304
720 357
720 528
720 592
720 656
720 784
720 848
720 912
721 529
721 593
721 657
721 785
721 849
721 913
721 1233
722 530
722 594
722 658
722 786
722 850
722 914
723 342
723 531
723 595
723 659
723 787
723 851
723 915
723 1010
723 1260
724 447
724 532
724 596
724 660
724 788
724 852
724 916
725 228
725 451
725 533
725 597
725 661
725 789
725 853
725 917
725 1116
726 534
726 598
726 662
726 790
726 854
726 918
726 1013
727 178
727 535
727 599
727 663
727 791
727 855
727 919
727 1020
728 536
728 600
728 664
728 792
728 856
728 920
728 1205
728 1219
729 537
729 601
729 665
729 793
729 857
729 865
729 921
730 538
730 602
730 666
730 794
730 858
730 922
731 215
731 539
731 603
731 667
731 795
731 859
731 923
732 279
732 481
732 540
732 604
732 668
732 675
732 796
732 860
732 924
732 1077
733 541
733 605
733 669
733 797
733 861
733 925
734 290
734 305
734 525
734 542
734 606
734 670
734 696
734 798
734 849
734 850
734 862
734 926
735 465
735 543
735 607
735 671
735 799
735 863
735 927
736 14
736 15
736 70
736 79
736 96
736 120
736 134
736 135
736 143
736 157
736 198
736 199
736 206
736 207
736 262
736 264
736 266
736 268
736 273
736 285
736 286
736 288
736 312
736 326
736 335
736 352
736 390
736 398
736 399
736 401
736 416
736 456
736 463
736 477
736 480
736 489
736 518
736 520
736 529
736 541
736 544
736 553
736 582
736 584
736 590
736 591
736 593
736 603
736 608
736 646
736 651
736 654
736 655
736 672
736 710
736 711
736 718
736 719
736 738
736 774
736 775
736 782
736 783
736 798
736 800
736 838
736 839
736 846
736 847
736 864
736 902
736 903
736 910
736 911
736 913
736 925
736 928
736 935
736 937
736 975
736 1001
736 1030
736 1031
736 1037
736 1039
736 1063
736 1094
736 1096
736 1103
736 1105
736 1120
736 1127
736 1129
736 1144
736 1156
736 1158
736 1160
736 1162
736 1169
736 1173
736 1174
736 1176
736 1179
736 1180
736 1183
736 1184
736 1188
736 1190
736 1191
736 1193
736 1208
736 1216
736 1222
736 1224
736 1231
736 1243
736 1248
736 1255
736 1257
737 403
737 545
737 609
737 673
737 801
737 865
737 929
737 1029
737 1055
737 1177
738 7
738 8
738 32
738 70
738 72
738 74
738 88
738 94
738 96
738 120
738 135
738 166
738 198
738 199
738 262
738 264
738 266
738 268
738 278
738 285
738 312
738 326
738 352
738 390
738 401
738 416
738 455
738 456
738 477
738 480
738 489
738 512
738 520
738 541
738 544
738 546
738 582
738 584
738 591
738 593
738 603
738 608
738 610
738 617
738 646
738 648
738 655
738 674
738 710
738 711
738 736
738 774
738 775
738 798
738 802
738 838
738 839
738 846
738 847
738 866
738 902
738 913
738 925
738 930
738 937
738 966
738 989
738 1001
738 1030
738 1031
738 1037
738 1039
738 1051
738 1063
738 1096
738 1103
738 1105
738 1120
738 1127
738 1129
738 1144
738 1156
738 1162
738 1173
738 1176
738 1179
738 1180
738 1183
738 1188
738 1189
738 1206
738 1216
738 1231
738 1243
738 1248
738 1257
738 1272
739 348
739 547
739 611
739 675
739 803
739 867
739 931
740 155
740 181
740 548
740 612
740 676
740 694
740 804
740 868
740 919
740 932
740 1187
741 231
741 549
741 613
741 677
741 805
741 851
741 869
741 933
742 349
742 550
742 614
742 678
742 806
742 870
742 934
742 964
743 265
743 551
743 615
743 679
743 807
743 871
743 935
743 1024
744 322
744 552
744 578
744 616
744 680
744 808
744 872
744 936
745 553
745 617
745 681
745 809
745 873
745 937
746 405
746 487
746 554
746 618
746 682
746 810
746 874
746 938
746 1137
747 555
747 619
747 683
747 811
747 875
747 939
748 556
748 620
748 684
748 691
748 812
748 876
748 940
749 174
749 557
749 621
749 685
749 813
749 814
749 877
749 941
749 956
749 1045
750 558
750 622
750 686
750 814
750 878
750 942
750 980
751 213
751 356
751 559
751 623
751 687
751 815
751 879
751 943
752 46
752 560
752 624
752 688
752 816
752 880
752 944
753 307
753 561
753 625
753 689
753 817
753 881
753 945
754 313
754 354
754 562
754 626
754 690
754 818
754 882
754 946
754 1000
755 191
755 282
755 563
755 627
755 691
755 819
755 883
755 947
755 1277
756 180
756 494
756 564
756 628
756 686
756 692
756 820
756 884
756 948
756 1204
757 294
757 565
757 629
757 693
757 708
757 821
757 861
757 885
757 949
758 566
758 630
758 694
758 822
758 886
758 950
758 1121
759 567
759 631
759 671
759 695
759 823
759 887
759 951
760 182
760 568
760 632
760 696
760 824
760 888
760 952
761 171
761 569
761 633
761 697
761 825
761 889
761 953
762 570
762 634
762 698
762 826
762 890
762 954
763 571
763 635
763 699
763 827
763 891
763 955
764 315
764 572
764 636
764 676
764 700
764 828
764 892
764 956
764 1047
765 573
765 637
765 701
765 829
765 893
765 957
766 410
766 428
766 574
766 638
766 702
766 830
766 894
766 958
767 144
767 575
767 639
767 703
767 831
767 895
767 959
767 1131
768 98
768 333
768 576
768 640
768 704
768 832
768 864
768 896
768 920
768 960
769 437
769 577
769 641
769 705
769 833
769 897
769 961
770 578
770 642
770 706
770 834
770 898
770 962
771 579
771 643
771 707
771 835
771 899
771 963
771 1140
772 580
772 644
772 708
772 836
772 900
772 964
773 581
773 645
773 709
773 837
773 901
773 965
774 8
774 15
774 32
774 70
774 72
774 74
774 94
774 96
774 120
774 134
774 135
774 157
774 166
774 198
774 199
774 206
774 207
774 262
774 264
774 266
774 268
774 273
774 285
774 288
774 312
774 326
774 352
774 390
774 401
774 416
774 455
774 456
774 477
774 480
774 489
774 512
774 520
774 529
774 541
774 544
774 553
774 582
774 584
774 591
774 593
774 603
774 608
774 617
774 646
774 654
774 655
774 710
774 711
774 719
774 736
774 738
774 775
774 798
774 838
774 839
774 846
774 847
774 902
774 913
774 925
774 935
774 937
774 966
774 975
774 989
774 1001
774 1030
774 1031
774 1037
774 1039
774 1063
774 1094
774 1096
774 1103
774 1105
774 1120
774 1127
774 1129
774 1144
774 1156
774 1160
774 1162
774 1169
774 1173
774 1174
774 1176
774 1179
774 1180
774 1183
774 1184
774 1188
774 1189
774 1206
774 1208
774 1216
774 1224
774 1231
774 1243
774 1248
774 1257
774 1272
775 8
775 32
775 70
775 72
775 74
775 94
775 96
775 120
775 135
775 157
775 166
775 198
775 199
775 206
775 207
775 262
775 264
775 266
775 268
775 273
775 285
775 288
775 312
775 326
775 352
775 390
775 401
775 416
775 455
775 456
775 477
775 480
775 489
775 512
775 520
775 529
775 541
775 544
775 553
775 582
775 583
775 584
775 591
775 593
775 603
775 608
775 617
775 646
775 647
775 654
775 655
775 710
775 711
775 719
775 736
775 738
775 774
775 798
775 838
775 839
775 846
775 847
775 902
775 903
775 913
775 925
775 935
775 937
775 966
775 967
775 975
775 989
775 1001
775 1030
775 1031
775 1037
775 1039
775 1051
775 1063
775 1094
775 1096
775 1103
775 1105
775 1120
775 1127
775 1129
775 1144
775 1156
775 1160
775 1162
775 1169
775 1173
775 1176
775 1179
775 1180
775 1183
775 1184
775 1188
775 1189
775 1206
775 1208
775 1216
775 1224
775 1231
775 1243
775 1248
775 1257
775 1272
776 6
776 71
776 136
776 200
776 263
776 327
776 392
776 454
776 521
776 583
776 584
776 647
776 648
776 712
776 840
776 904
776 968
776 969
776 1032
776 1095
776 1157
776 1223
777 585
777 649
777 713
777 841
777 905
777 969
778 586
778 650
778 658
778 714
778 842
778 906
778 970
779 11
779 14
779 15
779 75
779 78
779 79
779 134
779 139
779 142
779 143
779 157
779 203
779 206
779 207
779 264
779 267
779 270
779 271
779 273
779 286
779 288
779 326
779 331
779 334
779 335
779 395
779 398
779 399
779 459
779 462
779 463
779 518
779 523
779 526
779 527
779 529
779 553
779 587
779 590
779 651
779 654
779 715
779 718
779 719
779 782
779 783
779 843
779 903
779 907
779 910
779 911
779 913
779 935
779 937
779 971
779 974
779 975
779 1035
779 1038
779 1094
779 1096
779 1099
779 1102
779 1158
779 1160
779 1163
779 1166
779 1167
779 1169
779 1174
779 1184
779 1190
779 1191
779 1193
779 1208
779 1222
779 1224
779 1227
779 1230
779 1255
780 585
780 588
780 652
780 716
780 844
780 908
780 929
780 972
781 258
781 589
781 653
781 717
781 845
781 909
781 973
782 11
782 14
782 15
782 70
782 75
782 78
782 79
782 96
782 134
782 135
782 139
782 142
782 143
782 157
782 198
782 203
782 206
782 207
782 264
782 266
782 270
782 271
782 273
782 285
782 286
782 288
782 326
782 331
782 334
782 335
782 390
782 395
782 398
782 399
782 456
782 459
782 462
782 463
782 480
782 489
782 518
782 520
782 523
782 526
782 527
782 529
782 553
782 582
782 587
782 590
782 591
782 593
782 603
782 646
782 651
782 654
782 655
782 710
782 711
782 715
782 718
782 719
782 736
782 779
782 783
782 798
782 838
782 843
782 846
782 902
782 903
782 907
782 910
782 911
782 913
782 925
782 935
782 937
782 971
782 974
782 975
782 1031
782 1035
782 1038
782 1039
782 1094
782 1096
782 1099
782 1102
782 1103
782 1105
782 1127
782 1129
782 1158
782 1160
782 1162
782 1167
782 1169
782 1174
782 1176
782 1179
782 1180
782 1183
782 1184
782 1190
782 1191
782 1193
782 1208
782 1222
782 1224
782 1227
782 1231
782 1243
782 1255
783 11
783 14
783 15
783 70
783 75
783 78
783 79
783 96
783 134
783 135
783 139
783 142
783 143
783 157
783 198
783 203
783 206
783 207
783 264
783 266
783 270
783 271
783 273
783 285
783 286
783 288
783 326
783 331
783 334
783 335
783 390
783 395
783 398
783 399
783 456
783 459
783 462
783 463
783 480
783 489
783 518
783 520
783 523
783 526
783 527
783 529
783 553
783 582
783 587
783 590
783 591
783 593
783 603
783 646
783 651
783 654
783 655
783 710
783 711
783 715
783 718
783 719
783 736
783 779
783 782
783 798
783 838
783 843
783 846
783 847
783 902
783 903
783 907
783 910
783 911
783 913
783 925
783 935
783 937
783 971
783 974
783 975
783 1031
783 1035
783 1038
783 1039
783 1094
783 1096
783 1099
783 1102
783 1103
783 1105
783 1127
783 1129
783 1158
783 1160
783 1162
783 1167
783 1169
783 1174
783 1176
783 1179
783 1180
783 1183
783 1184
783 1190
783 1191
783 1193
783 1208
783 1222
783 1224
783 1227
783 1231
783 1243
783 1255
784 592
784 601
784 641
784 656
784 720
784 848
784 912
784 976
784 1007
785 593
785 657
785 721
785 807
785 849
785 913
785 977
786 448
786 594
786 658
786 722
786 850
786 914
786 978
787 1
787 595
787 659
787 723
787 851
787 863
787 915
787 979
788 596
788 660
788 724
788 820
788 852
788 857
788 916
788 980
788 1090
789 597
789 661
789 725
789 853
789 917
789 981
789 1242
790 598
790 662
790 726
790 854
790 918
790 982
790 1178
791 599
791 610
791 663
791 727
791 855
791 919
791 983
791 1149
791 1262
792 394
792 600
792 664
792 728
792 823
792 856
792 920
792 984
793 500
793 601
793 665
793 729
793 857
793 921
793 985
794 602
794 666
794 730
794 858
794 922
794 986
795 29
795 603
795 667
795 731
795 859
795 923
795 987
796 604
796 668
796 732
796 860
796 924
796 988
797 605
797 667
797 669
797 733
797 861
797 925
797 989
798 14
798 15
798 70
798 72
798 74
798 79
798 96
798 120
798 134
798 135
798 143
798 157
798 198
798 199
798 206
798 207
798 262
798 264
798 266
798 268
798 273
798 285
798 286
798 288
798 312
798 326
798 335
798 352
798 390
798 398
798 401
798 416
798 455
798 456
798 463
798 477
798 480
798 489
798 512
798 518
798 520
798 529
798 541
798 544
798 553
798 582
798 584
798 590
798 591
798 593
798 603
798 606
798 608
798 646
798 651
798 654
798 655
798 670
798 710
798 711
798 718
798 719
798 734
798 736
798 738
798 774
798 775
798 782
798 783
798 838
798 839
798 846
798 847
798 862
798 902
798 903
798 910
798 911
798 913
798 925
798 926
798 935
798 937
798 966
798 975
798 990
798 1001
798 1030
798 1031
798 1037
798 1039
798 1063
798 1094
798 1096
798 1103
798 1105
798 1120
798 1127
798 1129
798 1144
798 1156
798 1158
798 1160
798 1162
798 1169
798 1173
798 1174
798 1176
798 1179
798 1180
798 1183
798 1184
798 1188
798 1190
798 1191
798 1193
798 1208
798 1216
798 1224
798 1231
798 1243
798 1248
798 1255
798 1257
799 607
799 671
799 735
799 863
799 927
799 991
800 608
800 672
800 736
800 864
800 928
800 992
801 609
801 673
801 737
801 865
801 929
801 990
801 993
801 1234
802 610
802 674
802 738
802 866
802 930
802 994
803 246
803 611
803 675
803 739
803 867
803 931
803 995
803 1211
804 612
804 676
804 740
804 836
804 868
804 932
804 933
804 996
805 230
805 613
805 677
805 741
805 869
805 933
805 985
805 997
806 210
806 614
806 678
806 742
806 870
806 934
806 998
806 1232
807 615
807 679
807 743
807 785
807 871
807 935
807 999
808 616
808 680
808 744
808 872
808 936
808 1000
808 1044
809 422
809 617
809 681
809 745
809 873
809 937
809 1001
810 50
810 323
810 618
810 682
810 746
810 874
810 938
810 1002
811 619
811 683
811 747
811 875
811 939
811 976
811 1003
811 1138
812 100
812 154
812 620
812 684
812 748
812 876
812 940
812 1004
813 528
813 607
813 621
813 628
813 685
813 749
813 877
813 941
813 959
813 1005
814 174
814 622
814 686
814 749
814 750
814 878
814 942
814 956
814 1006
814 1045
815 13
815 623
815 687
815 751
815 879
815 943
815 1007
816 624
816 688
816 702
816 752
816 880
816 944
816 1008
817 625
817 689
817 753
817 881
817 945
817 973
817 1009
817 1268
818 161
818 626
818 690
818 754
818 882
818 946
818 1010
819 627
819 691
819 755
819 883
819 947
819 1011
820 628
820 692
820 756
820 788
820 857
820 884
820 948
820 1012
820 1090
821 629
821 693
821 757
821 885
821 949
821 1013
822 293
822 472
822 539
822 630
822 694
822 758
822 886
822 950
822 1014
822 1249
823 394
823 631
823 695
823 759
823 792
823 887
823 951
823 1015
824 229
824 276
824 632
824 696
824 760
824 888
824 952
824 997
824 1016
825 104
825 633
825 697
825 699
825 761
825 848
825 889
825 953
825 1017
825 1264
826 254
826 634
826 698
826 762
826 890
826 954
826 1018
827 508
827 635
827 699
827 763
827 891
827 955
827 1019
827 1068
828 636
828 700
828 764
828 892
828 956
828 1020
829 153
829 627
829 637
829 687
829 701
829 765
829 893
829 957
829 1021
830 130
830 604
830 638
830 702
830 766
830 894
830 958
830 1022
830 1256
831 44
831 639
831 703
831 767
831 895
831 959
831 1023
832 566
832 640
832 704
832 768
832 896
832 960
832 1024
833 150
833 183
833 248
833 423
833 479
833 533
833 641
833 705
833 769
833 897
833 961
833 1025
834 642
834 706
834 770
834 898
834 962
834 1026
835 643
835 707
835 771
835 899
835 963
835 1027
836 644
836 708
836 772
836 804
836 900
836 933
836 964
836 1028
837 645
837 678
837 709
837 773
837 901
837 915
837 965
837 1029
837 1122
838 11
838 14
838 15
838 70
838 78
838 79
838 96
838 134
838 135
838 142
838 143
838 157
838 198
838 199
838 203
838 206
838 207
838 262
838 264
838 266
838 268
838 273
838 285
838 286
838 288
838 312
838 326
838 334
838 335
838 352
838 390
838 398
838 399
838 401
838 416
838 456
838 463
838 477
838 480
838 489
838 518
838 520
838 527
838 529
838 541
838 544
838 553
838 582
838 584
838 590
838 591
838 593
838 603
838 608
838 646
838 651
838 654
838 655
838 710
838 711
838 718
838 719
838 736
838 738
838 774
838 775
838 782
838 783
838 798
838 839
838 846
838 847
838 902
838 903
838 910
838 911
838 913
838 925
838 935
838 937
838 966
838 975
838 1001
838 1030
838 1031
838 1039
838 1063
838 1094
838 1096
838 1103
838 1105
838 1127
838 1129
838 1144
838 1156
838 1158
838 1160
838 1162
838 1169
838 1173
838 1174
838 1176
838 1179
838 1180
838 1183
838 1184
838 1190
838 1191
838 1193
838 1208
838 1216
838 1222
838 1224
838 1231
838 1243
838 1248
838 1255
838 1257
839 8
839 32
839 70
839 72
839 74
839 94
839 96
839 120
839 134
839 135
839 157
839 166
839 198
839 199
839 206
839 207
839 262
839 264
839 266
839 268
839 273
839 285
839 288
839 312
839 326
839 352
839 390
839 401
839 416
839 455
839 456
839 477
839 480
839 489
839 512
839 520
839 529
839 541
839 544
839 553
839 582
839 584
839 591
839 593
839 603
839 608
839 617
839 646
839 647
839 654
839 655
839 710
839 711
839 719
839 736
839 738
839 774
839 775
839 798
839 838
839 846
839 847
839 902
839 903
839 913
839 925
839 935
839 937
839 966
839 967
839 975
839 989
839 1001
839 1030
839 1031
839 1037
839 1039
839 1051
839 1063
839 1094
839 1096
839 1103
839 1105
839 1120
839 1127
839 1129
839 1144
839 1156
839 1160
839 1162
839 1169
839 1173
839 1176
839 1179
839 1180
839 1183
839 1184
839 1188
839 1189
839 1206
839 1208
839 1216
839 1224
839 1231
839 1243
839 1248
839 1257
839 1272
840 6
840 71
840 136
840 200
840 263
840 327
840 392
840 454
840 521
840 583
840 647
840 648
840 712
840 776
840 904
840 968
840 969
840 1032
840 1095
840 1157
840 1223
841 649
841 650
841 713
841 777
841 905
841 969
841 1033
842 650
842 714
842 778
842 906
842 970
842 1034
843 11
843 14
843 15
843 75
843 78
843 79
843 134
843 139
843 142
843 143
843 157
843 203
843 206
843 207
843 264
843 266
843 267
843 270
843 271
843 273
843 286
843 288
843 326
843 331
843 334
843 335
843 390
843 395
843 398
843 399
843 459
843 462
843 463
843 518
843 523
843 526
843 527
843 529
843 553
843 587
843 590
843 591
843 651
843 654
843 715
843 718
843 719
843 779
843 782
843 783
843 903
843 907
843 910
843 911
843 913
843 935
843 937
843 971
843 974
843 975
843 1035
843 1038
843 1039
843 1094
843 1096
843 1099
843 1102
843 1129
843 1158
843 1160
843 1163
843 1166
843 1167
843 1169
843 1174
843 1180
843 1183
843 1184
843 1190
843 1191
843 1193
843 1208
843 1222
843 1224
843 1227
843 1230
843 1255
844 283
844 652
844 716
844 780
844 908
844 972
844 1036
845 653
845 717
845 781
845 909
845 973
845 1037
846 14
846 15
846 70
846 79
846 96
846 120
846 134
846 135
846 143
846 157
846 198
846 199
846 206
846 207
846 262
846 264
846 266
846 268
846 273
846 285
846 286
846 288
846 312
846 326
846 335
846 352
846 390
846 398
846 399
846 401
846 416
846 456
846 463
846 477
846 480
846 489
846 518
846 520
846 529
846 541
846 544
846 553
846 582
846 584
846 590
846 591
846 593
846 603
846 608
846 646
846 651
846 654
846 655
846 710
846 711
846 718
846 719
846 736
846 738
846 774
846 775
846 782
846 783
846 798
846 838
846 839
846 847
846 902
846 903
846 910
846 911
846 913
846 925
846 935
846 937
846 974
846 975
846 1001
846 1030
846 1031
846 1037
846 1038
846 1039
846 1063
846 1094
846 1096
846 1103
846 1105
846 1120
846 1127
846 1129
846 1144
846 1156
846 1158
846 1160
846 1162
846 1169
846 1173
846 1174
846 1176
846 1179
846 1180
846 1183
846 1184
846 1188
846 1190
846 1191
846 1193
846 1208
846 1216
846 1222
846 1224
846 1231
846 1243
846 1248
846 1255
846 1257
847 7
847 8
847 32
847 70
847 72
847 74
847 88
847 94
847 96
847 120
847 135
847 166
847 199
847 262
847 268
847 278
847 285
847 312
847 352
847 391
847 401
847 416
847 455
847 456
847 477
847 480
847 489
847 512
847 520
847 541
847 544
847 582
847 584
847 593
847 603
847 608
847 617
847 646
847 648
847 655
847 710
847 711
847 719
847 736
847 738
847 774
847 775
847 783
847 798
847 838
847 839
847 846
847 911
847 925
847 966
847 975
847 989
847 1001
847 1030
847 1031
847 1037
847 1039
847 1051
847 1063
847 1103
847 1105
847 1120
847 1127
847 1144
847 1156
847 1162
847 1173
847 1176
847 1179
847 1188
847 1189
847 1206
847 1216
847 1231
847 1243
847 1248
847 1257
847 1272
848 104
848 656
848 699
848 720
848 784
848 825
848 912
848 976
848 1040
848 1264
849 290
849 305
849 525
849 657
849 696
849 721
849 734
849 785
849 850
849 913
849 977
849 1041
850 290
850 305
850 525
850 658
850 696
850 722
850 734
850 786
850 849
850 914
850 978
850 1042
851 231
851 659
851 723
851 741
851 787
851 915
851 979
851 1043
852 660
852 724
852 788
852 916
852 980
852 1044
852 1058
853 149
853 661
853 725
853 789
853 917
853 981
853 1045
854 662
854 726
854 790
854 918
854 982
854 1046
855 663
855 727
855 791
855 919
855 983
855 1047
856 344
856 664
856 728
856 792
856 898
856 920
856 984
856 1048
857 665
857 729
857 788
857 793
857 820
857 921
857 985
857 1049
857 1090
858 225
858 371
858 666
858 730
858 794
858 922
858 986
858 1050
858 1087
859 667
859 731
859 795
859 923
859 987
859 1051
860 503
860 664
860 668
860 732
860 796
860 924
860 988
860 1052
860 1237
861 294
861 669
861 708
861 733
861 757
861 797
861 925
861 989
861 1053
862 670
862 734
862 798
862 926
862 939
862 990
862 1043
862 1054
863 1
863 671
863 735
863 787
863 799
863 927
863 991
863 1055
864 98
864 333
864 672
864 736
864 768
864 800
864 920
864 928
864 992
864 1056
865 673
865 729
865 737
865 801
865 929
865 993
865 1057
866 674
866 738
866 802
866 930
866 994
866 1058
867 675
867 739
867 803
867 931
867 995
867 1059
867 1092
868 676
868 740
868 804
868 932
868 996
868 1060
869 677
869 741
869 805
869 933
869 997
869 1061
870 436
870 678
870 742
870 806
870 934
870 950
870 972
870 998
870 1062
871 679
871 743
871 807
871 935
871 999
871 1063
872 372
872 538
872 680
872 744
872 808
872 936
872 1000
872 1064
873 606
873 681
873 745
873 809
873 937
873 1001
873 1065
874 682
874 746
874 810
874 938
874 1002
874 1066
875 683
875 747
875 811
875 880
875 939
875 1003
875 1067
876 108
876 559
876 684
876 748
876 812
876 940
876 1004
876 1068
877 187
877 640
877 685
877 749
877 813
877 941
877 1005
877 1069
877 1261
877 1279
878 404
878 686
878 750
878 814
878 942
878 1006
878 1070
879 186
879 446
879 687
879 751
879 815
879 943
879 1007
879 1071
880 688
880 752
880 816
880 875
880 944
880 1008
880 1072
881 689
881 753
881 817
881 945
881 1009
881 1073
882 690
882 754
882 818
882 946
882 1010
882 1074
882 1278
883 691
883 755
883 819
883 947
883 1011
883 1075
884 638
884 692
884 756
884 820
884 948
884 1012
884 1076
885 359
885 693
885 757
885 821
885 949
885 1013
885 1077
886 622
886 694
886 758
886 822
886 950
886 1014
886 1078
887 133
887 695
887 759
887 823
887 951
887 1015
887 1079
888 99
888 696
888 760
888 824
888 952
888 1016
888 1074
888 1080
889 697
889 761
889 825
889 953
889 1017
889 1081
890 698
890 762
890 826
890 954
890 1018
890 1082
891 699
891 763
891 827
891 955
891 1019
891 1083
892 700
892 764
892 828
892 956
892 1004
892 1020
892 1084
893 701
893 765
893 829
893 957
893 1021
893 1085
894 702
894 766
894 830
894 958
894 1022
894 1086
895 703
895 767
895 831
895 959
895 1023
895 1087
896 81
896 91
896 260
896 269
896 328
896 332
896 614
896 704
896 768
896 832
896 960
896 968
896 1024
896 1088
896 1101
896 1153
896 1246
896 1254
897 51
897 705
897 769
897 833
897 961
897 1025
897 1089
898 344
898 706
898 770
898 834
898 856
898 962
898 1026
898 1090
899 272
899 621
899 707
899 771
899 835
899 963
899 1027
899 1036
899 1091
900 708
900 772
900 836
900 936
900 964
900 1028
900 1092
901 709
901 773
901 837
901 965
901 1029
901 1093
902 70
902 78
902 79
902 96
902 134
902 135
902 142
902 143
902 157
902 198
902 199
902 203
902 206
902 207
902 262
902 264
902 266
902 268
902 273
902 285
902 286
902 288
902 312
902 326
902 334
902 335
902 352
902 390
902 398
902 399
902 401
902 416
902 456
902 463
902 477
902 480
902 489
902 518
902 520
902 527
902 529
902 541
902 544
902 553
902 582
902 584
902 590
902 591
902 593
902 603
902 608
902 646
902 651
902 654
902 655
902 710
902 711
902 718
902 719
902 736
902 738
902 774
902 775
902 782
902 783
902 798
902 838
902 839
902 846
902 903
902 910
902 911
902 913
902 925
902 935
902 937
902 966
902 975
902 1001
902 1030
902 1031
902 1039
902 1063
902 1094
902 1096
902 1103
902 1105
902 1127
902 1129
902 1156
902 1158
902 1160
902 1162
902 1169
902 1173
902 1174
902 1176
902 1179
902 1180
902 1183
902 1184
902 1190
902 1191
902 1193
902 1208
902 1216
902 1222
902 1224
902 1231
902 1243
902 1248
902 1255
902 1257
903 11
903 14
903 15
903 70
903 75
903 78
903 79
903 96
903 134
903 135
903 139
903 142
903 143
903 157
903 198
903 203
903 206
903 207
903 264
903 266
903 270
903 271
903 273
903 285
903 286
903 288
903 326
903 331
903 334
903 335
903 390
903 395
903 398
903 399
903 456
903 459
903 462
903 463
903 480
903 489
903 518
903 520
903 523
903 526
903 527
903 529
903 553
903 582
903 587
903 590
903 591
903 593
903 646
903 651
903 654
903 655
903 710
903 711
903 715
903 718
903 719
903 736
903 775
903 779
903 782
903 783
903 798
903 838
903 839
903 843
903 846
903 902
903 907
903 910
903 911
903 913
903 925
903 935
903 937
903 967
903 971
903 974
903 975
903 1031
903 1035
903 1038
903 1039
903 1094
903 1095
903 1096
903 1099
903 1102
903 1103
903 1105
903 1127
903 1129
903 1158
903 1160
903 1162
903 1167
903 1169
903 1174
903 1176
903 1179
903 1180
903 1183
903 1184
903 1190
903 1191
903 1193
903 1208
903 1222
903 1224
903 1227
903 1231
903 1243
903 1255
904 6
904 71
904 136
904 200
904 263
904 327
904 392
904 454
904 521
904 583
904 647
904 712
904 776
904 840
904 968
904 969
904 1032
904 1095
904 1096
904 1157
904 1223
905 713
905 777
905 841
905 969
905 1033
905 1097
906 714
906 778
906 842
906 938
906 970
906 1034
906 1098
906 1271
907 11
907 75
907 78
907 79
907 134
907 139
907 142
907 143
907 157
907 203
907 206
907 207
907 264
907 267
907 270
907 271
907 273
907 286
907 288
907 326
907 331
907 334
907 335
907 395
907 398
907 399
907 459
907 462
907 463
907 518
907 523
907 526
907 527
907 529
907 553
907 587
907 590
907 651
907 654
907 715
907 718
907 719
907 779
907 782
907 783
907 843
907 903
907 910
907 911
907 913
907 935
907 971
907 974
907 975
907 1035
907 1038
907 1094
907 1099
907 1102
907 1158
907 1160
907 1163
907 1166
907 1167
907 1169
907 1174
907 1184
907 1190
907 1191
907 1193
907 1208
907 1222
907 1224
907 1227
907 1230
907 1255
908 277
908 576
908 716
908 780
908 844
908 972
908 1036
908 1100
909 717
909 781
909 845
909 973
909 1037
909 1101
910 11
910 14
910 15
910 70
910 75
910 78
910 79
910 96
910 134
910 135
910 139
910 142
910 143
910 157
910 198
910 203
910 206
910 207
910 264
910 266
910 270
910 271
910 273
910 285
910 286
910 288
910 326
910 331
910 334
910 335
910 390
910 395
910 398
910 399
910 456
910 459
910 462
910 463
910 480
910 489
910 518
910 520
910 523
910 526
910 527
910 529
910 553
910 582
910 587
910 590
910 591
910 593
910 651
910 654
910 655
910 710
910 711
910 715
910 718
910 719
910 736
910 779
910 782
910 783
910 798
910 838
910 843
910 846
910 902
910 903
910 907
910 911
910 913
910 925
910 935
910 937
910 971
910 974
910 975
910 1031
910 1035
910 1038
910 1039
910 1094
910 1096
910 1099
910 1102
910 1103
910 1105
910 1127
910 1129
910 1158
910 1160
910 1162
910 1167
910 1169
910 1174
910 1180
910 1183
910 1184
910 1190
910 1191
910 1193
910 1208
910 1222
910 1224
910 1227
910 1231
910 1243
910 1255
911 11
911 14
911 15
911 75
911 78
911 79
911 96
911 134
911 135
911 139
911 142
911 143
911 157
911 198
911 203
911 206
911 207
911 264
911 266
911 267
911 270
911 271
911 273
911 285
911 286
911 288
911 326
911 331
911 334
911 335
911 390
911 395
911 398
911 399
911 459
911 462
911 463
911 480
911 489
911 518
911 523
911 526
911 527
911 529
911 553
911 582
911 587
911 590
911 591
911 593
911 651
911 654
911 655
911 710
911 711
911 715
911 718
911 719
911 736
911 779
911 782
911 783
911 798
911 838
911 843
911 846
911 847
911 902
911 903
911 907
911 910
911 913
911 925
911 935
911 937
911 971
911 974
911 975
911 1035
911 1038
911 1039
911 1094
911 1096
911 1099
911 1102
911 1103
911 1127
911 1129
911 1158
911 1160
911 1162
911 1163
911 1167
911 1169
911 1174
911 1180
911 1183
911 1184
911 1190
911 1191
911 1193
911 1208
911 1222
911 1224
911 1227
911 1231
911 1255
912 720
912 784
912 848
912 976
912 1025
912 1040
912 1104
913 15
913 70
913 78
913 79
913 96
913 134
913 135
913 142
913 143
913 157
913 198
913 203
913 206
913 207
913 262
913 264
913 266
913 268
913 271
913 273
913 285
913 286
913 288
913 326
913 331
913 334
913 335
913 352
913 390
913 395
913 398
913 399
913 401
913 416
913 456
913 463
913 477
913 480
913 489
913 518
913 520
913 526
913 527
913 529
913 544
913 553
913 582
913 584
913 587
913 590
913 591
913 593
913 603
913 646
913 651
913 654
913 655
913 710
913 711
913 715
913 718
913 719
913 721
913 736
913 738
913 774
913 775
913 779
913 782
913 783
913 785
913 798
913 838
913 839
913 843
913 846
913 849
913 902
913 903
913 907
913 910
913 911
913 925
913 935
913 937
913 974
913 975
913 977
913 1030
913 1031
913 1035
913 1039
913 1041
913 1094
913 1096
913 1099
913 1103
913 1105
913 1127
913 1129
913 1158
913 1160
913 1162
913 1169
913 1174
913 1176
913 1179
913 1180
913 1183
913 1184
913 1190
913 1191
913 1193
913 1208
913 1216
913 1222
913 1224
913 1231
913 1243
913 1255
914 18
914 722
914 786
914 850
914 978
914 1042
914 1106
915 678
915 723
915 787
915 837
915 851
915 979
915 1043
915 1107
915 1122
916 724
916 788
916 852
916 980
916 1044
916 1108
917 147
917 515
917 532
917 725
917 789
917 853
917 981
917 1045
917 1109
917 1133
918 105
918 726
918 790
918 854
918 982
918 1046
918 1110
919 155
919 181
919 694
919 727
919 740
919 791
919 855
919 983
919 1047
919 1111
919 1187
920 98
920 333
920 728
920 768
920 792
920 856
920 864
920 984
920 1048
920 1112
921 295
921 358
921 630
921 729
921 793
921 857
921 985
921 1049
921 1113
921 1170
921 1217
922 730
922 794
922 858
922 986
922 1050
922 1114
923 731
923 795
923 859
923 987
923 1051
923 1115
924 82
924 547
924 732
924 796
924 860
924 988
924 999
924 1052
924 1116
925 70
925 72
925 74
925 79
925 96
925 120
925 134
925 135
925 143
925 157
925 198
925 199
925 206
925 207
925 262
925 264
925 266
925 268
925 273
925 285
925 286
925 288
925 312
925 326
925 335
925 352
925 390
925 398
925 399
925 401
925 416
925 455
925 456
925 463
925 477
925 480
925 489
925 512
925 518
925 520
925 529
925 541
925 544
925 553
925 582
925 584
925 590
925 591
925 593
925 603
925 608
925 646
925 651
925 654
925 655
925 710
925 711
925 718
925 719
925 733
925 736
925 738
925 774
925 775
925 782
925 783
925 797
925 798
925 838
925 839
925 846
925 847
925 861
925 902
925 903
925 910
925 911
925 913
925 935
925 937
925 966
925 975
925 989
925 1001
925 1030
925 1031
925 1037
925 1039
925 1053
925 1063
925 1094
925 1096
925 1103
925 1105
925 1117
925 1120
925 1127
925 1129
925 1144
925 1156
925 1158
925 1160
925 1162
925 1169
925 1173
925 1174
925 1176
925 1179
925 1180
925 1183
925 1184
925 1188
925 1190
925 1191
925 1193
925 1208
925 1216
925 1224
925 1231
925 1243
925 1248
925 1255
925 1257
926 734
926 798
926 862
926 990
926 1054
926 1118
927 735
927 799
927 863
927 991
927 1055
927 1119
928 681
928 736
928 800
928 864
928 992
928 1056
928 1120
929 585
929 737
929 780
929 801
929 865
929 993
929 1057
929 1121
930 738
930 802
930 866
930 994
930 1058
930 1122
931 148
931 739
931 803
931 867
931 995
931 1059
931 1123
932 740
932 804
932 868
932 996
932 1060
932 1124
933 741
933 804
933 805
933 836
933 869
933 997
933 1061
933 1125
934 7
934 17
934 72
934 74
934 81
934 88
934 91
934 94
934 120
934 166
934 260
934 269
934 278
934 328
934 332
934 391
934 455
934 512
934 614
934 617
934 648
934 742
934 806
934 870
934 960
934 966
934 968
934 989
934 998
934 1037
934 1051
934 1062
934 1101
934 1120
934 1126
934 1152
934 1153
934 1188
934 1189
934 1206
934 1246
934 1272
935 15
935 70
935 78
935 79
935 96
935 134
935 135
935 142
935 143
935 157
935 198
935 203
935 206
935 207
935 262
935 264
935 266
935 268
935 271
935 273
935 285
935 286
935 288
935 326
935 331
935 334
935 335
935 352
935 390
935 395
935 398
935 399
935 401
935 416
935 456
935 459
935 463
935 477
935 480
935 489
935 518
935 520
935 526
935 527
935 529
935 544
935 553
935 582
935 584
935 587
935 590
935 591
935 593
935 603
935 646
935 651
935 654
935 655
935 710
935 711
935 715
935 718
935 719
935 736
935 743
935 774
935 775
935 779
935 782
935 783
935 798
935 807
935 838
935 839
935 843
935 846
935 871
935 902
935 903
935 907
935 910
935 911
935 913
935 925
935 937
935 974
935 975
935 999
935 1030
935 1031
935 1035
935 1038
935 1039
935 1063
935 1094
935 1096
935 1099
935 1103
935 1105
935 1127
935 1129
935 1158
935 1160
935 1162
935 1169
935 1174
935 1176
935 1179
935 1180
935 1183
935 1184
935 1190
935 1191
935 1193
935 1208
935 1216
935 1222
935 1224
935 1231
935 1243
935 1255
936 744
936 808
936 872
936 900
936 1000
936 1064
936 1128
937 15
937 70
937 78
937 79
937 96
937 134
937 135
937 142
937 143
937 157
937 198
937 199
937 203
937 206
937 207
937 262
937 264
937 266
937 268
937 273
937 285
937 286
937 288
937 326
937 334
937 335
937 352
937 390
937 395
937 398
937 399
937 401
937 416
937 456
937 463
937 477
937 480
937 489
937 518
937 520
937 527
937 529
937 544
937 553
937 582
937 584
937 587
937 590
937 591
937 593
937 603
937 646
937 651
937 654
937 655
937 710
937 711
937 715
937 718
937 719
937 736
937 738
937 745
937 774
937 775
937 779
937 782
937 783
937 798
937 809
937 838
937 839
937 843
937 846
937 873
937 902
937 903
937 910
937 911
937 913
937 925
937 935
937 974
937 975
937 1001
937 1030
937 1031
937 1035
937 1039
937 1065
937 1094
937 1096
937 1103
937 1105
937 1127
937 1129
937 1158
937 1160
937 1162
937 1169
937 1173
937 1174
937 1176
937 1179
937 1180
937 1183
937 1184
937 1190
937 1191
937 1193
937 1208
937 1216
937 1222
937 1224
937 1231
937 1243
937 1248
937 1255
937 1257
938 746
938 810
938 874
938 906
938 1002
938 1066
938 1130
938 1271
939 747
939 811
939 862
939 875
939 1003
939 1043
939 1067
939 1131
940 748
940 812
940 876
940 1004
940 1068
940 1132
941 749
941 813
941 877
941 1005
941 1069
941 1133
942 750
942 814
942 878
942 1006
942 1070
942 1134
943 212
943 751
943 815
943 879
943 1007
943 1071
943 1135
944 95
944 131
944 569
944 752
944 816
944 880
944 1008
944 1072
944 1136
945 184
945 753
945 817
945 881
945 1009
945 1073
945 1137
946 754
946 818
946 882
946 1010
946 1074
946 1138
946 1253
947 125
947 755
947 819
947 883
947 1011
947 1075
947 1139
948 756
948 820
948 884
948 1012
948 1076
948 1140
948 1247
949 757
949 821
949 885
949 1013
949 1077
949 1118
949 1141
950 436
950 758
950 822
950 870
950 886
950 972
950 1014
950 1078
950 1142
951 492
951 759
951 823
951 887
951 1015
951 1079
951 1143
952 393
952 674
952 760
952 824
952 888
952 1016
952 1080
952 1144
953 761
953 825
953 889
953 1017
953 1081
953 1145
954 762
954 826
954 890
954 1018
954 1082
954 1146
955 189
955 763
955 827
955 891
955 1019
955 1083
955 1147
956 174
956 749
956 764
956 814
956 828
956 892
956 1020
956 1045
956 1084
956 1148
957 765
957 829
957 893
957 1021
957 1040
957 1085
957 1149
958 193
958 535
958 573
958 766
958 830
958 894
958 1021
958 1022
958 1086
958 1150
958 1151
959 528
959 607
959 628
959 767
959 813
959 831
959 895
959 1023
959 1087
959 1151
960 17
960 81
960 91
960 166
960 260
960 269
960 278
960 328
960 332
960 391
960 455
960 512
960 614
960 617
960 648
960 768
960 832
960 896
960 934
960 966
960 968
960 989
960 1024
960 1051
960 1088
960 1101
960 1152
960 1153
960 1189
960 1206
960 1246
960 1272
961 629
961 769
961 833
961 897
961 1025
961 1089
961 1153
962 87
962 770
962 834
962 898
962 1026
962 1090
962 1154
963 36
963 771
963 835
963 899
963 1009
963 1027
963 1091
963 1155
964 349
964 742
964 772
964 836
964 900
964 1028
964 1092
964 1156
965 773
965 837
965 901
965 1029
965 1093
965 1157
966 8
966 32
966 72
966 74
966 94
966 120
966 166
966 199
966 262
966 268
966 278
966 312
966 352
966 391
966 401
966 416
966 455
966 456
966 477
966 480
966 512
966 520
966 541
966 544
966 584
966 603
966 608
966 614
966 617
966 646
966 648
966 738
966 774
966 775
966 798
966 838
966 839
966 847
966 902
966 925
966 934
966 960
966 989
966 1001
966 1030
966 1031
966 1037
966 1051
966 1063
966 1094
966 1103
966 1105
966 1120
966 1144
966 1152
966 1156
966 1158
966 1162
966 1173
966 1176
966 1179
966 1188
966 1189
966 1206
966 1216
966 1243
966 1248
966 1257
966 1272
967 775
967 839
967 903
967 1031
967 1095
967 1159
968 17
968 260
968 269
968 278
968 328
968 332
968 391
968 614
968 776
968 840
968 896
968 904
968 934
968 960
968 1032
968 1096
968 1101
968 1152
968 1153
968 1160
968 1246
968 1254
969 6
969 71
969 136
969 200
969 263
969 327
969 392
969 454
969 521
969 583
969 647
969 712
969 776
969 777
969 840
969 841
969 904
969 905
969 1032
969 1033
969 1095
969 1097
969 1157
969 1161
969 1223
970 778
970 842
970 906
970 1034
970 1098
970 1162
971 75
971 78
971 134
971 139
971 142
971 143
971 157
971 203
971 206
971 207
971 267
971 270
971 271
971 286
971 288
971 331
971 334
971 335
971 395
971 398
971 399
971 459
971 462
971 463
971 518
971 523
971 526
971 527
971 587
971 590
971 651
971 715
971 718
971 719
971 779
971 782
971 783
971 843
971 903
971 907
971 910
971 911
971 974
971 975
971 1035
971 1038
971 1099
971 1102
971 1158
971 1160
971 1163
971 1166
971 1167
971 1174
971 1190
971 1191
971 1193
971 1222
971 1224
971 1227
971 1230
971 1255
972 436
972 780
972 844
972 870
972 908
972 950
972 1036
972 1100
972 1164
973 781
973 817
973 845
973 909
973 1037
973 1101
973 1165
973 1268
974 11
974 75
974 78
974 134
974 139
974 142
974 143
974 157
974 203
974 206
974 207
974 264
974 267
974 270
974 271
974 273
974 286
974 288
974 326
974 331
974 334
974 335
974 390
974 395
974 398
974 399
974 459
974 462
974 463
974 518
974 523
974 526
974 527
974 529
974 553
974 587
974 590
974 651
974 654
974 715
974 718
974 719
974 779
974 782
974 783
974 843
974 846
974 903
974 907
974 910
974 911
974 913
974 935
974 937
974 971
974 975
974 1035
974 1038
974 1094
974 1096
974 1099
974 1102
974 1129
974 1158
974 1160
974 1163
974 1166
974 1167
974 1169
974 1174
974 1184
974 1190
974 1191
974 1193
974 1208
974 1222
974 1224
974 1227
974 1230
974 1255
975 14
975 15
975 79
975 134
975 135
975 142
975 143
975 157
975 198
975 203
975 206
975 207
975 262
975 264
975 266
975 268
975 271
975 273
975 285
975 286
975 288
975 326
975 331
975 334
975 335
975 352
975 390
975 395
975 398
975 399
975 401
975 416
975 456
975 459
975 462
975 463
975 477
975 480
975 489
975 518
975 520
975 526
975 527
975 529
975 544
975 553
975 582
975 587
975 590
975 591
975 593
975 603
975 646
975 651
975 654
975 655
975 710
975 711
975 715
975 718
975 719
975 736
975 774
975 775
975 779
975 782
975 783
975 798
975 838
975 839
975 843
975 846
975 847
975 902
975 903
975 907
975 910
975 911
975 913
975 925
975 935
975 937
975 971
975 974
975 1030
975 1031
975 1035
975 1038
975 1039
975 1094
975 1096
975 1099
975 1102
975 1103
975 1105
975 1127
975 1129
975 1158
975 1160
975 1162
975 1167
975 1169
975 1174
975 1176
975 1179
975 1180
975 1183
975 1184
975 1190
975 1191
975 1193
975 1208
975 1222
975 1224
975 1227
975 1231
975 1243
975 1255
976 784
976 811
976 848
976 912
976 1040
976 1104
976 1138
976 1168
977 785
977 849
977 913
977 1041
977 1105
977 1169
978 93
978 786
978 850
978 914
978 1042
978 1106
978 1170
979 787
979 851
979 915
979 1043
979 1107
979 1171
979 1273
980 750
980 788
980 852
980 916
980 1044
980 1108
980 1172
981 789
981 853
981 917
981 1045
981 1109
981 1173
982 790
982 854
982 918
982 1046
982 1110
982 1174
983 20
983 791
983 855
983 919
983 1047
983 1111
983 1175
984 38
984 792
984 856
984 920
984 1048
984 1112
984 1176
984 1201
985 230
985 793
985 805
985 857
985 921
985 1049
985 1113
985 1177
986 794
986 858
986 922
986 1050
986 1114
986 1178
987 672
987 795
987 859
987 923
987 1051
987 1115
987 1179
988 163
988 467
988 796
988 860
988 924
988 1052
988 1116
988 1180
989 7
989 8
989 32
989 72
989 74
989 88
989 94
989 120
989 166
989 199
989 262
989 268
989 278
989 312
989 352
989 391
989 401
989 416
989 455
989 477
989 512
989 541
989 544
989 584
989 603
989 608
989 614
989 617
989 646
989 648
989 738
989 774
989 775
989 797
989 839
989 847
989 861
989 925
989 934
989 960
989 966
989 1001
989 1030
989 1037
989 1051
989 1053
989 1063
989 1101
989 1105
989 1117
989 1120
989 1144
989 1152
989 1153
989 1156
989 1173
989 1176
989 1179
989 1181
989 1188
989 1189
989 1206
989 1216
989 1243
989 1248
989 1257
989 1272
990 798
990 801
990 862
990 926
990 1054
990 1118
990 1182
990 1234
991 35
991 799
991 863
991 927
991 1055
991 1119
991 1183
992 800
992 864
992 928
992 1056
992 1120
992 1184
993 801
993 865
993 929
993 1057
993 1121
993 1145
993 1185
994 296
994 802
994 866
994 930
994 1058
994 1097
994 1122
994 1186
995 803
995 867
995 931
995 1059
995 1123
995 1187
995 1251
996 804
996 868
996 932
996 1060
996 1124
996 1188
997 229
997 276
997 805
997 824
997 869
997 933
997 1061
997 1125
997 1189
998 806
998 870
998 934
998 1062
998 1126
998 1190
999 82
999 547
999 807
999 871
999 924
999 935
999 1063
999 1127
999 1191
1000 313
1000 354
1000 754
1000 808
1000 872
1000 936
1000 1064
1000 1128
1000 1192
1001 72
1001 74
1001 120
1001 135
1001 166
1001 198
1001 199
1001 262
1001 266
1001 268
1001 278
1001 285
1001 312
1001 352
1001 401
1001 416
1001 455
1001 456
1001 477
1001 480
1001 489
1001 512
1001 520
1001 541
1001 544
1001 582
1001 584
1001 593
1001 603
1001 608
1001 617
1001 646
1001 648
1001 655
1001 710
1001 711
1001 736
1001 738
1001 774
1001 775
1001 798
1001 809
1001 838
1001 839
1001 846
1001 847
1001 873
1001 902
1001 925
1001 937
1001 966
1001 989
1001 1030
1001 1031
1001 1037
1001 1039
1001 1051
1001 1063
1001 1065
1001 1103
1001 1105
1001 1120
1001 1127
1001 1129
1001 1144
1001 1156
1001 1162
1001 1173
1001 1176
1001 1179
1001 1183
1001 1188
1001 1189
1001 1193
1001 1206
1001 1216
1001 1231
1001 1243
1001 1248
1001 1257
1001 1272
1002 110
1002 562
1002 810
1002 874
1002 938
1002 1066
1002 1111
1002 1130
1002 1194
1003 575
1003 811
1003 875
1003 939
1003 1067
1003 1131
1003 1195
1004 812
1004 876
1004 892
1004 940
1004 1068
1004 1132
1004 1196
1005 43
1005 468
1005 813
1005 877
1005 941
1005 1069
1005 1133
1005 1197
1006 613
1006 814
1006 878
1006 942
1006 1070
1006 1134
1006 1198
1007 601
1007 641
1007 784
1007 815
1007 879
1007 943
1007 1071
1007 1135
1007 1199
1008 497
1008 693
1008 816
1008 880
1008 944
1008 1072
1008 1136
1008 1200
1009 36
1009 817
1009 881
1009 945
1009 963
1009 1073
1009 1137
1009 1201
1010 342
1010 723
1010 818
1010 882
1010 946
1010 1074
1010 1138
1010 1202
1010 1260
1011 819
1011 883
1011 947
1011 1075
1011 1139
1011 1203
1012 820
1012 884
1012 948
1012 1076
1012 1140
1012 1204
1013 726
1013 821
1013 885
1013 949
1013 1077
1013 1141
1013 1205
1014 192
1014 670
1014 822
1014 886
1014 950
1014 1078
1014 1142
1014 1206
1015 717
1015 823
1015 887
1015 951
1015 1079
1015 1143
1015 1207
1015 1235
1016 824
1016 888
1016 952
1016 1080
1016 1144
1016 1208
1017 179
1017 825
1017 889
1017 953
1017 1081
1017 1145
1017 1209
1018 826
1018 890
1018 954
1018 1082
1018 1146
1018 1210
1019 827
1019 891
1019 955
1019 1083
1019 1147
1019 1211
1020 178
1020 727
1020 828
1020 892
1020 956
1020 1084
1020 1148
1020 1212
1021 193
1021 535
1021 573
1021 829
1021 893
1021 957
1021 958
1021 1085
1021 1149
1021 1151
1021 1213
1022 432
1022 830
1022 894
1022 958
1022 1086
1022 1150
1022 1214
1023 831
1023 895
1023 959
1023 1087
1023 1151
1023 1214
1023 1215
1024 265
1024 743
1024 832
1024 896
1024 960
1024 1088
1024 1152
1024 1216
1025 833
1025 897
1025 912
1025 961
1025 1089
1025 1153
1025 1217
1026 243
1026 834
1026 898
1026 962
1026 1090
1026 1154
1026 1218
1027 387
1027 835
1027 899
1027 963
1027 1091
1027 1155
1027 1219
1028 836
1028 900
1028 964
1028 1092
1028 1156
1028 1220
1029 403
1029 737
1029 837
1029 901
1029 965
1029 1055
1029 1093
1029 1157
1029 1177
1029 1221
1030 70
1030 198
1030 199
1030 206
1030 207
1030 262
1030 264
1030 266
1030 268
1030 273
1030 285
1030 288
1030 312
1030 326
1030 352
1030 390
1030 401
1030 416
1030 455
1030 456
1030 477
1030 480
1030 489
1030 512
1030 520
1030 529
1030 541
1030 544
1030 553
1030 582
1030 584
1030 591
1030 593
1030 603
1030 608
1030 617
1030 646
1030 654
1030 655
1030 710
1030 711
1030 719
1030 736
1030 738
1030 774
1030 775
1030 798
1030 838
1030 839
1030 846
1030 847
1030 902
1030 913
1030 925
1030 935
1030 937
1030 966
1030 975
1030 989
1030 1001
1030 1031
1030 1037
1030 1039
1030 1051
1030 1063
1030 1094
1030 1096
1030 1103
1030 1105
1030 1120
1030 1127
1030 1129
1030 1144
1030 1156
1030 1158
1030 1160
1030 1162
1030 1169
1030 1173
1030 1174
1030 1176
1030 1179
1030 1180
1030 1183
1030 1184
1030 1188
1030 1189
1030 1206
1030 1208
1030 1216
1030 1222
1030 1224
1030 1231
1030 1243
1030 1248
1030 1257
1030 1272
1031 70
1031 96
1031 135
1031 198
1031 199
1031 206
1031 207
1031 262
1031 264
1031 266
1031 268
1031 273
1031 285
1031 286
1031 288
1031 312
1031 326
1031 335
1031 352
1031 390
1031 398
1031 401
1031 416
1031 455
1031 456
1031 463
1031 477
1031 480
1031 489
1031 512
1031 518
1031 520
1031 529
1031 541
1031 544
1031 553
1031 582
1031 584
1031 590
1031 591
1031 593
1031 603
1031 608
1031 646
1031 651
1031 654
1031 655
1031 710
1031 711
1031 718
1031 719
1031 736
1031 738
1031 774
1031 775
1031 782
1031 783
1031 798
1031 838
1031 839
1031 846
1031 847
1031 902
1031 903
1031 910
1031 913
1031 925
1031 935
1031 937
1031 966
1031 967
1031 975
1031 1001
1031 1030
1031 1037
1031 1039
1031 1063
1031 1094
1031 1095
1031 1096
1031 1103
1031 1105
1031 1120
1031 1127
1031 1129
1031 1144
1031 1156
1031 1158
1031 1159
1031 1160
1031 1162
1031 1169
1031 1173
1031 1174
1031 1176
1031 1179
1031 1180
1031 1183
1031 1184
1031 1188
1031 1190
1031 1191
1031 1193
1031 1208
1031 1216
1031 1223
1031 1224
1031 1231
1031 1243
1031 1248
1031 1255
1031 1257
1032 6
1032 71
1032 136
1032 200
1032 263
1032 327
1032 392
1032 454
1032 521
1032 583
1032 647
1032 712
1032 776
1032 840
1032 904
1032 968
1032 969
1032 1095
1032 1096
1032 1157
1032 1160
1032 1223
1032 1224
1033 501
1033 841
1033 905
1033 969
1033 1097
1033 1161
1033 1225
1034 41
1034 842
1034 906
1034 970
1034 1098
1034 1162
1034 1226
1035 11
1035 14
1035 75
1035 78
1035 139
1035 142
1035 203
1035 206
1035 207
1035 264
1035 266
1035 267
1035 270
1035 271
1035 273
1035 286
1035 288
1035 326
1035 331
1035 334
1035 335
1035 390
1035 395
1035 398
1035 399
1035 459
1035 462
1035 463
1035 518
1035 523
1035 526
1035 527
1035 529
1035 553
1035 587
1035 590
1035 591
1035 651
1035 654
1035 715
1035 718
1035 719
1035 779
1035 782
1035 783
1035 843
1035 903
1035 907
1035 910
1035 911
1035 913
1035 935
1035 937
1035 971
1035 974
1035 975
1035 1038
1035 1094
1035 1096
1035 1099
1035 1102
1035 1129
1035 1158
1035 1160
1035 1163
1035 1166
1035 1167
1035 1169
1035 1174
1035 1180
1035 1183
1035 1184
1035 1190
1035 1191
1035 1193
1035 1208
1035 1222
1035 1224
1035 1227
1035 1230
1035 1255
1036 272
1036 621
1036 844
1036 899
1036 908
1036 972
1036 1100
1036 1164
1036 1228
1037 32
1037 72
1037 74
1037 120
1037 166
1037 199
1037 262
1037 268
1037 278
1037 285
1037 312
1037 352
1037 391
1037 401
1037 416
1037 455
1037 456
1037 477
1037 480
1037 489
1037 512
1037 520
1037 541
1037 544
1037 582
1037 584
1037 593
1037 603
1037 608
1037 617
1037 646
1037 648
1037 710
1037 711
1037 736
1037 738
1037 774
1037 775
1037 798
1037 839
1037 845
1037 846
1037 847
1037 909
1037 925
1037 934
1037 966
1037 973
1037 989
1037 1001
1037 1030
1037 1031
1037 1051
1037 1063
1037 1101
1037 1103
1037 1105
1037 1120
1037 1127
1037 1144
1037 1152
1037 1156
1037 1162
1037 1165
1037 1173
1037 1176
1037 1179
1037 1188
1037 1189
1037 1206
1037 1216
1037 1229
1037 1231
1037 1243
1037 1248
1037 1257
1037 1272
1038 11
1038 75
1038 78
1038 139
1038 142
1038 203
1038 206
1038 207
1038 267
1038 270
1038 271
1038 273
1038 286
1038 288
1038 331
1038 334
1038 335
1038 395
1038 398
1038 399
1038 459
1038 462
1038 463
1038 518
1038 523
1038 526
1038 527
1038 529
1038 553
1038 587
1038 590
1038 651
1038 654
1038 715
1038 718
1038 719
1038 779
1038 782
1038 783
1038 843
1038 846
1038 903
1038 907
1038 910
1038 911
1038 935
1038 971
1038 974
1038 975
1038 1035
1038 1094
1038 1099
1038 1102
1038 1158
1038 1160
1038 1163
1038 1166
1038 1167
1038 1169
1038 1174
1038 1184
1038 1190
1038 1191
1038 1193
1038 1208
1038 1222
1038 1224
1038 1227
1038 1230
1038 1255
1039 96
1039 134
1039 135
1039 157
1039 198
1039 199
1039 203
1039 206
1039 207
1039 262
1039 264
1039 266
1039 268
1039 273
1039 285
1039 286
1039 288
1039 312
1039 326
1039 334
1039 335
1039 352
1039 390
1039 398
1039 399
1039 401
1039 416
1039 456
1039 463
1039 477
1039 480
1039 489
1039 518
1039 520
1039 527
1039 529
1039 541
1039 544
1039 553
1039 582
1039 584
1039 590
1039 591
1039 593
1039 603
1039 608
1039 646
1039 651
1039 654
1039 655
1039 710
1039 711
1039 715
1039 718
1039 719
1039 736
1039 738
1039 774
1039 775
1039 782
1039 783
1039 798
1039 838
1039 839
1039 843
1039 846
1039 847
1039 902
1039 903
1039 910
1039 911
1039 913
1039 925
1039 935
1039 937
1039 975
1039 1001
1039 1030
1039 1031
1039 1063
1039 1094
1039 1096
1039 1103
1039 1105
1039 1127
1039 1129
1039 1156
1039 1158
1039 1160
1039 1162
1039 1167
1039 1169
1039 1173
1039 1174
1039 1176
1039 1179
1039 1180
1039 1183
1039 1184
1039 1190
1039 1191
1039 1193
1039 1208
1039 1216
1039 1222
1039 1224
1039 1231
1039 1243
1039 1248
1039 1255
1039 1257
1040 848
1040 912
1040 957
1040 976
1040 1104
1040 1168
1040 1232
1041 12
1041 849
1041 913
1041 977
1041 1105
1041 1169
1041 1233
1042 850
1042 914
1042 978
1042 1106
1042 1170
1042 1234
1043 851
1043 862
1043 915
1043 939
1043 979
1043 1107
1043 1171
1043 1235
1044 808
1044 852
1044 916
1044 980
1044 1108
1044 1172
1044 1236
1045 174
1045 749
1045 814
1045 853
1045 917
1045 956
1045 981
1045 1109
1045 1173
1045 1237
1046 854
1046 918
1046 982
1046 1110
1046 1174
1046 1238
1047 315
1047 676
1047 764
1047 855
1047 919
1047 983
1047 1111
1047 1175
1047 1239
1048 402
1048 856
1048 920
1048 984
1048 1112
1048 1176
1048 1240
1049 596
1049 857
1049 921
1049 985
1049 1113
1049 1177
1049 1241
1050 60
1050 858
1050 922
1050 986
1050 1114
1050 1178
1050 1242
1051 7
1051 8
1051 32
1051 72
1051 74
1051 88
1051 94
1051 166
1051 199
1051 262
1051 268
1051 269
1051 278
1051 312
1051 328
1051 352
1051 391
1051 401
1051 416
1051 455
1051 477
1051 512
1051 541
1051 544
1051 584
1051 608
1051 614
1051 617
1051 648
1051 738
1051 775
1051 839
1051 847
1051 859
1051 923
1051 934
1051 960
1051 966
1051 987
1051 989
1051 1001
1051 1030
1051 1037
1051 1063
1051 1101
1051 1115
1051 1120
1051 1144
1051 1152
1051 1153
1051 1156
1051 1173
1051 1179
1051 1188
1051 1189
1051 1206
1051 1216
1051 1243
1051 1248
1051 1257
1051 1272
1052 509
1052 860
1052 924
1052 988
1052 1116
1052 1180
1052 1244
1053 132
1053 861
1053 925
1053 989
1053 1117
1053 1123
1053 1181
1053 1245
1054 0
1054 862
1054 926
1054 990
1054 1088
1054 1118
1054 1182
1054 1246
1055 403
1055 737
1055 863
1055 927
1055 991
1055 1029
1055 1119
1055 1177
1055 1183
1055 1247
1056 259
1056 864
1056 928
1056 992
1056 1120
1056 1184
1056 1218
1056 1248
1057 39
1057 865
1057 929
1057 993
1057 1121
1057 1185
1057 1249
1058 852
1058 866
1058 930
1058 994
1058 1122
1058 1186
1058 1250
1059 226
1059 625
1059 867
1059 931
1059 995
1059 1123
1059 1187
1059 1251
1060 10
1060 513
1060 551
1060 868
1060 932
1060 996
1060 1124
1060 1188
1060 1252
1061 474
1061 869
1061 933
1061 997
1061 1125
1061 1189
1061 1253
1061 1274
1062 97
1062 612
1062 870
1062 934
1062 998
1062 1126
1062 1190
1062 1254
1063 72
1063 74
1063 120
1063 198
1063 199
1063 262
1063 266
1063 268
1063 278
1063 285
1063 312
1063 352
1063 401
1063 416
1063 455
1063 456
1063 477
1063 480
1063 489
1063 512
1063 520
1063 541
1063 544
1063 582
1063 584
1063 591
1063 593
1063 603
1063 608
1063 617
1063 646
1063 648
1063 655
1063 710
1063 711
1063 736
1063 738
1063 774
1063 775
1063 798
1063 838
1063 839
1063 846
1063 847
1063 871
1063 902
1063 925
1063 935
1063 966
1063 989
1063 999
1063 1001
1063 1030
1063 1031
1063 1037
1063 1039
1063 1051
1063 1103
1063 1105
1063 1120
1063 1127
1063 1144
1063 1156
1063 1162
1063 1173
1063 1176
1063 1179
1063 1180
1063 1183
1063 1188
1063 1189
1063 1191
1063 1206
1063 1216
1063 1231
1063 1243
1063 1248
1063 1255
1063 1257
1063 1272
1064 299
1064 435
1064 665
1064 872
1064 936
1064 1000
1064 1128
1064 1192
1064 1256
1065 873
1065 937
1065 1001
1065 1129
1065 1193
1065 1257
1066 874
1066 938
1066 1002
1066 1130
1066 1194
1066 1238
1066 1258
1067 577
1067 875
1067 939
1067 1003
1067 1131
1067 1195
1067 1259
1068 508
1068 827
1068 876
1068 940
1068 1004
1068 1132
1068 1196
1068 1260
1069 877
1069 941
1069 1005
1069 1133
1069 1197
1069 1261
1070 63
1070 236
1070 599
1070 878
1070 942
1070 1006
1070 1086
1070 1134
1070 1198
1070 1262
1071 879
1071 943
1071 1007
1071 1135
1071 1199
1071 1263
1072 880
1072 944
1072 1008
1072 1136
1072 1200
1072 1264
1073 881
1073 945
1073 1009
1073 1137
1073 1201
1073 1265
1074 99
1074 882
1074 888
1074 946
1074 1010
1074 1138
1074 1202
1074 1266
1075 574
1075 883
1075 947
1075 1011
1075 1139
1075 1203
1075 1267
1076 531
1076 884
1076 948
1076 1012
1076 1113
1076 1140
1076 1204
1076 1266
1076 1268
1077 279
1077 481
1077 675
1077 732
1077 885
1077 949
1077 1013
1077 1141
1077 1205
1077 1269
1078 353
1078 886
1078 950
1078 1014
1078 1142
1078 1206
1078 1270
1079 887
1079 951
1079 1015
1079 1143
1079 1207
1079 1271
1080 888
1080 952
1080 1016
1080 1144
1080 1208
1080 1272
1081 889
1081 953
1081 1017
1081 1145
1081 1209
1081 1273
1082 890
1082 954
1082 1018
1082 1146
1082 1210
1082 1274
1083 891
1083 955
1083 1019
1083 1147
1083 1211
1083 1275
1084 365
1084 892
1084 956
1084 1020
1084 1148
1084 1212
1084 1276
1085 634
1085 893
1085 957
1085 1021
1085 1149
1085 1213
1085 1277
1086 63
1086 236
1086 599
1086 894
1086 958
1086 1022
1086 1070
1086 1150
1086 1214
1086 1278
1087 225
1087 371
1087 858
1087 895
1087 959
1087 1023
1087 1151
1087 1215
1087 1279
1088 0
1088 896
1088 960
1088 1024
1088 1054
1088 1152
1088 1216
1089 194
1089 382
1089 397
1089 418
1089 897
1089 961
1089 1025
1089 1153
1089 1217
1090 788
1090 820
1090 857
1090 898
1090 962
1090 1026
1090 1154
1090 1218
1091 475
1091 899
1091 963
1091 1027
1091 1155
1091 1219
1092 867
1092 900
1092 964
1092 1028
1092 1156
1092 1220
1093 901
1093 965
1093 1029
1093 1157
1093 1221
1094 15
1094 134
1094 135
1094 143
1094 157
1094 198
1094 206
1094 207
1094 262
1094 264
1094 266
1094 268
1094 271
1094 273
1094 285
1094 286
1094 288
1094 326
1094 331
1094 334
1094 335
1094 352
1094 390
1094 395
1094 398
1094 399
1094 401
1094 416
1094 456
1094 459
1094 463
1094 477
1094 480
1094 489
1094 518
1094 520
1094 526
1094 527
1094 529
1094 544
1094 553
1094 582
1094 584
1094 587
1094 590
1094 591
1094 593
1094 603
1094 646
1094 651
1094 654
1094 655
1094 710
1094 711
1094 715
1094 718
1094 719
1094 736
1094 774
1094 775
1094 779
1094 782
1094 783
1094 798
1094 838
1094 839
1094 843
1094 846
1094 902
1094 903
1094 907
1094 910
1094 911
1094 913
1094 925
1094 935
1094 937
1094 966
1094 974
1094 975
1094 1030
1094 1031
1094 1035
1094 1038
1094 1039
1094 1096
1094 1099
1094 1103
1094 1105
1094 1127
1094 1129
1094 1158
1094 1160
1094 1162
1094 1169
1094 1174
1094 1176
1094 1179
1094 1180
1094 1183
1094 1184
1094 1190
1094 1191
1094 1193
1094 1208
1094 1216
1094 1222
1094 1224
1094 1231
1094 1243
1094 1255
1095 6
1095 71
1095 136
1095 200
1095 263
1095 327
1095 392
1095 454
1095 521
1095 583
1095 647
1095 712
1095 776
1095 840
1095 903
1095 904
1095 967
1095 969
1095 1031
1095 1032
1095 1157
1095 1159
1095 1223
1096 15
1096 96
1096 134
1096 135
1096 157
1096 198
1096 206
1096 207
1096 262
1096 264
1096 266
1096 268
1096 273
1096 285
1096 286
1096 288
1096 326
1096 331
1096 334
1096 335
1096 352
1096 390
1096 395
1096 398
1096 399
1096 401
1096 416
1096 456
1096 463
1096 477
1096 480
1096 489
1096 518
1096 520
1096 526
1096 527
1096 529
1096 544
1096 553
1096 582
1096 584
1096 587
1096 590
1096 591
1096 593
1096 603
1096 646
1096 651
1096 654
1096 655
1096 710
1096 711
1096 715
1096 718
1096 719
1096 736
1096 738
1096 774
1096 775
1096 779
1096 782
1096 783
1096 798
1096 838
1096 839
1096 843
1096 846
1096 902
1096 903
1096 904
1096 910
1096 911
1096 913
1096 925
1096 935
1096 937
1096 968
1096 974
1096 975
1096 1030
1096 1031
1096 1032
1096 1035
1096 1039
1096 1094
1096 1103
1096 1105
1096 1127
1096 1129
1096 1158
1096 1160
1096 1162
1096 1169
1096 1173
1096 1174
1096 1176
1096 1179
1096 1180
1096 1183
1096 1184
1096 1190
1096 1191
1096 1193
1096 1208
1096 1216
1096 1222
1096 1224
1096 1231
1096 1243
1096 1248
1096 1255
1096 1257
1097 296
1097 905
1097 969
1097 994
1097 1033
1097 1161
1097 1225
1098 22
1098 64
1098 906
1098 970
1098 1034
1098 1162
1098 1207
1098 1225
1098 1226
1099 11
1099 75
1099 78
1099 139
1099 142
1099 203
1099 264
1099 267
1099 270
1099 271
1099 273
1099 286
1099 288
1099 326
1099 331
1099 334
1099 335
1099 395
1099 398
1099 399
1099 459
1099 462
1099 463
1099 518
1099 523
1099 526
1099 527
1099 529
1099 553
1099 587
1099 590
1099 651
1099 654
1099 715
1099 718
1099 719
1099 779
1099 782
1099 783
1099 843
1099 903
1099 907
1099 910
1099 911
1099 913
1099 935
1099 971
1099 974
1099 975
1099 1035
1099 1038
1099 1094
1099 1102
1099 1158
1099 1160
1099 1163
1099 1166
1099 1167
1099 1169
1099 1174
1099 1184
1099 1190
1099 1191
1099 1193
1099 1208
1099 1222
1099 1224
1099 1227
1099 1230
1099 1255
1100 908
1100 972
1100 1036
1100 1164
1100 1228
1101 17
1101 81
1101 91
1101 260
1101 269
1101 278
1101 328
1101 332
1101 391
1101 455
1101 614
1101 617
1101 648
1101 896
1101 909
1101 934
1101 960
1101 968
1101 973
1101 989
1101 1037
1101 1051
1101 1152
1101 1153
1101 1165
1101 1189
1101 1206
1101 1229
1101 1246
1101 1272
1102 75
1102 78
1102 139
1102 142
1102 203
1102 267
1102 270
1102 271
1102 273
1102 286
1102 288
1102 331
1102 334
1102 335
1102 395
1102 398
1102 399
1102 459
1102 462
1102 463
1102 518
1102 523
1102 526
1102 527
1102 529
1102 587
1102 590
1102 651
1102 715
1102 718
1102 719
1102 779
1102 782
1102 783
1102 843
1102 903
1102 907
1102 910
1102 911
1102 971
1102 974
1102 975
1102 1035
1102 1038
1102 1099
1102 1158
1102 1160
1102 1163
1102 1166
1102 1167
1102 1169
1102 1174
1102 1190
1102 1191
1102 1193
1102 1222
1102 1224
1102 1227
1102 1230
1102 1255
1103 70
1103 96
1103 135
1103 262
1103 264
1103 266
1103 268
1103 273
1103 285
1103 286
1103 288
1103 312
1103 326
1103 352
1103 390
1103 398
1103 401
1103 416
1103 455
1103 456
1103 463
1103 477
1103 480
1103 489
1103 512
1103 518
1103 520
1103 529
1103 541
1103 544
1103 553
1103 582
1103 584
1103 590
1103 591
1103 593
1103 603
1103 608
1103 617
1103 646
1103 654
1103 655
1103 710
1103 711
1103 718
1103 719
1103 736
1103 738
1103 774
1103 775
1103 782
1103 783
1103 798
1103 838
1103 839
1103 846
1103 847
1103 902
1103 903
1103 910
1103 911
1103 913
1103 925
1103 935
1103 937
1103 966
1103 975
1103 1001
1103 1030
1103 1031
1103 1037
1103 1039
1103 1063
1103 1094
1103 1096
1103 1105
1103 1120
1103 1127
1103 1129
1103 1144
1103 1156
1103 1160
1103 1162
1103 1167
1103 1169
1103 1173
1103 1174
1103 1176
1103 1179
1103 1180
1103 1183
1103 1184
1103 1188
1103 1189
1103 1191
1103 1193
1103 1208
1103 1216
1103 1224
1103 1231
1103 1243
1103 1248
1103 1255
1103 1257
1104 626
1104 912
1104 976
1104 1040
1104 1168
1104 1232
1105 70
1105 96
1105 135
1105 262
1105 264
1105 266
1105 268
1105 273
1105 285
1105 286
1105 288
1105 312
1105 326
1105 352
1105 390
1105 398
1105 401
1105 416
1105 455
1105 456
1105 463
1105 477
1105 480
1105 489
1105 512
1105 518
1105 520
1105 529
1105 541
1105 544
1105 553
1105 582
1105 584
1105 590
1105 591
1105 593
1105 603
1105 608
1105 617
1105 646
1105 654
1105 655
1105 710
1105 711
1105 718
1105 719
1105 736
1105 738
1105 774
1105 775
1105 782
1105 783
1105 798
1105 838
1105 839
1105 846
1105 847
1105 902
1105 903
1105 910
1105 913
1105 925
1105 935
1105 937
1105 966
1105 975
1105 977
1105 989
1105 1001
1105 1030
1105 1031
1105 1037
1105 1039
1105 1041
1105 1063
1105 1094
1105 1096
1105 1103
1105 1120
1105 1127
1105 1129
1105 1144
1105 1156
1105 1160
1105 1162
1105 1169
1105 1173
1105 1174
1105 1176
1105 1179
1105 1180
1105 1183
1105 1184
1105 1188
1105 1189
1105 1191
1105 1208
1105 1216
1105 1224
1105 1231
1105 1233
1105 1243
1105 1248
1105 1255
1105 1257
1106 594
1106 914
1106 978
1106 1042
1106 1170
1106 1234
1107 28
1107 106
1107 915
1107 979
1107 1043
1107 1171
1107 1235
1107 1244
1108 80
1108 89
1108 238
1108 364
1108 916
1108 980
1108 1044
1108 1172
1108 1236
1109 917
1109 981
1109 1045
1109 1173
1109 1237
1110 918
1110 982
1110 1046
1110 1174
1110 1238
1111 110
1111 562
1111 919
1111 983
1111 1002
1111 1047
1111 1175
1111 1239
1112 421
1112 920
1112 984
1112 1048
1112 1176
1112 1240
1113 531
1113 921
1113 985
1113 1049
1113 1076
1113 1177
1113 1241
1113 1266
1114 47
1114 107
1114 340
1114 922
1114 986
1114 1050
1114 1178
1114 1242
1115 224
1115 923
1115 987
1115 1051
1115 1179
1115 1243
1116 228
1116 451
1116 725
1116 924
1116 988
1116 1052
1116 1180
1116 1244
1117 209
1117 925
1117 989
1117 1053
1117 1181
1117 1192
1117 1245
1118 926
1118 949
1118 990
1118 1054
1118 1182
1118 1246
1119 927
1119 991
1119 1055
1119 1183
1119 1247
1120 8
1120 32
1120 72
1120 74
1120 94
1120 120
1120 166
1120 199
1120 262
1120 268
1120 278
1120 312
1120 352
1120 391
1120 401
1120 416
1120 455
1120 456
1120 477
1120 480
1120 489
1120 512
1120 520
1120 541
1120 544
1120 584
1120 603
1120 608
1120 617
1120 646
1120 648
1120 710
1120 711
1120 736
1120 738
1120 774
1120 775
1120 798
1120 839
1120 846
1120 847
1120 925
1120 928
1120 934
1120 966
1120 989
1120 992
1120 1001
1120 1030
1120 1031
1120 1037
1120 1051
1120 1056
1120 1063
1120 1103
1120 1105
1120 1127
1120 1144
1120 1152
1120 1156
1120 1162
1120 1173
1120 1176
1120 1179
1120 1184
1120 1188
1120 1189
1120 1206
1120 1216
1120 1243
1120 1248
1120 1257
1120 1272
1121 758
1121 929
1121 993
1121 1057
1121 1185
1121 1249
1122 678
1122 837
1122 915
1122 930
1122 994
1122 1058
1122 1186
1122 1250
1123 132
1123 931
1123 995
1123 1053
1123 1059
1123 1187
1123 1251
1124 69
1124 482
1124 932
1124 996
1124 1060
1124 1188
1124 1252
1125 235
1125 317
1125 933
1125 997
1125 1061
1125 1189
1125 1253
1126 934
1126 998
1126 1062
1126 1190
1126 1254
1127 70
1127 96
1127 135
1127 198
1127 262
1127 264
1127 266
1127 268
1127 273
1127 285
1127 286
1127 288
1127 312
1127 326
1127 335
1127 352
1127 390
1127 398
1127 399
1127 401
1127 416
1127 456
1127 463
1127 477
1127 480
1127 489
1127 518
1127 520
1127 529
1127 541
1127 544
1127 553
1127 582
1127 584
1127 590
1127 591
1127 593
1127 603
1127 608
1127 646
1127 651
1127 654
1127 655
1127 710
1127 711
1127 718
1127 719
1127 736
1127 738
1127 774
1127 775
1127 782
1127 783
1127 798
1127 838
1127 839
1127 846
1127 847
1127 902
1127 903
1127 910
1127 911
1127 913
1127 925
1127 935
1127 937
1127 975
1127 999
1127 1001
1127 1030
1127 1031
1127 1037
1127 1039
1127 1063
1127 1094
1127 1096
1127 1103
1127 1105
1127 1120
1127 1129
1127 1144
1127 1156
1127 1158
1127 1160
1127 1162
1127 1169
1127 1173
1127 1174
1127 1176
1127 1179
1127 1180
1127 1183
1127 1184
1127 1188
1127 1190
1127 1191
1127 1193
1127 1208
1127 1216
1127 1222
1127 1224
1127 1231
1127 1243
1127 1248
1127 1255
1127 1257
1128 685
1128 936
1128 1000
1128 1064
1128 1192
1128 1256
1129 15
1129 96
1129 134
1129 135
1129 157
1129 198
1129 206
1129 207
1129 262
1129 264
1129 266
1129 268
1129 273
1129 285
1129 286
1129 288
1129 326
1129 334
1129 335
1129 352
1129 390
1129 395
1129 398
1129 399
1129 401
1129 416
1129 456
1129 463
1129 477
1129 480
1129 489
1129 518
1129 520
1129 527
1129 529
1129 544
1129 553
1129 582
1129 584
1129 587
1129 590
1129 591
1129 593
1129 603
1129 646
1129 651
1129 654
1129 655
1129 710
1129 711
1129 715
1129 718
1129 719
1129 736
1129 738
1129 774
1129 775
1129 782
1129 783
1129 798
1129 838
1129 839
1129 843
1129 846
1129 902
1129 903
1129 910
1129 911
1129 913
1129 925
1129 935
1129 937
1129 974
1129 975
1129 1001
1129 1030
1129 1031
1129 1035
1129 1039
1129 1065
1129 1094
1129 1096
1129 1103
1129 1105
1129 1127
1129 1158
1129 1160
1129 1162
1129 1169
1129 1173
1129 1174
1129 1176
1129 1179
1129 1180
1129 1183
1129 1184
1129 1190
1129 1191
1129 1193
1129 1208
1129 1216
1129 1222
1129 1224
1129 1231
1129 1243
1129 1248
1129 1255
1129 1257
1130 476
1130 938
1130 1002
1130 1066
1130 1194
1130 1258
1131 144
1131 767
1131 939
1131 1003
1131 1067
1131 1195
1131 1259
1132 115
1132 940
1132 1004
1132 1068
1132 1196
1132 1260
1133 147
1133 515
1133 532
1133 917
1133 941
1133 1005
1133 1069
1133 1197
1133 1261
1134 942
1134 1006
1134 1070
1134 1198
1134 1262
1135 156
1135 173
1135 943
1135 1007
1135 1071
1135 1199
1135 1210
1135 1263
1136 944
1136 1008
1136 1072
1136 1200
1136 1264
1137 405
1137 487
1137 746
1137 945
1137 1009
1137 1073
1137 1201
1137 1265
1138 811
1138 946
1138 976
1138 1010
1138 1074
1138 1202
1138 1266
1139 947
1139 1011
1139 1075
1139 1203
1139 1267
1140 771
1140 948
1140 1012
1140 1076
1140 1204
1140 1268
1141 949
1141 1013
1141 1077
1141 1202
1141 1205
1141 1269
1142 950
1142 1014
1142 1078
1142 1206
1142 1270
1143 374
1143 951
1143 1015
1143 1079
1143 1207
1143 1271
1144 32
1144 72
1144 74
1144 120
1144 199
1144 262
1144 268
1144 278
1144 285
1144 312
1144 352
1144 391
1144 401
1144 416
1144 455
1144 456
1144 477
1144 480
1144 489
1144 512
1144 520
1144 541
1144 544
1144 582
1144 584
1144 593
1144 603
1144 608
1144 617
1144 646
1144 648
1144 655
1144 710
1144 711
1144 736
1144 738
1144 774
1144 775
1144 798
1144 838
1144 839
1144 846
1144 847
1144 925
1144 952
1144 966
1144 989
1144 1001
1144 1016
1144 1030
1144 1031
1144 1037
1144 1051
1144 1063
1144 1080
1144 1103
1144 1105
1144 1120
1144 1127
1144 1156
1144 1162
1144 1173
1144 1176
1144 1179
1144 1188
1144 1189
1144 1206
1144 1208
1144 1216
1144 1231
1144 1243
1144 1248
1144 1257
1144 1272
1145 953
1145 993
1145 1017
1145 1081
1145 1209
1145 1273
1146 241
1146 602
1146 954
1146 1018
1146 1082
1146 1210
1146 1274
1147 955
1147 1019
1147 1083
1147 1211
1147 1275
1148 956
1148 1020
1148 1084
1148 1212
1148 1276
1149 610
1149 791
1149 957
1149 1021
1149 1085
1149 1213
1149 1262
1149 1277
1150 255
1150 958
1150 1022
1150 1086
1150 1214
1150 1278
1151 193
1151 535
1151 573
1151 958
1151 959
1151 1021
1151 1023
1151 1087
1151 1215
1151 1279
1152 7
1152 17
1152 81
1152 88
1152 91
1152 269
1152 278
1152 328
1152 332
1152 391
1152 455
1152 512
1152 614
1152 617
1152 648
1152 934
1152 960
1152 966
1152 968
1152 989
1152 1024
1152 1037
1152 1051
1152 1088
1152 1101
1152 1120
1152 1153
1152 1188
1152 1189
1152 1206
1152 1216
1152 1246
1152 1272
1153 17
1153 81
1153 91
1153 269
1153 328
1153 332
1153 391
1153 455
1153 614
1153 617
1153 648
1153 896
1153 934
1153 960
1153 961
1153 968
1153 989
1153 1025
1153 1051
1153 1089
1153 1101
1153 1152
1153 1189
1153 1206
1153 1217
1153 1246
1153 1272
1154 484
1154 962
1154 1026
1154 1090
1154 1218
1155 311
1155 963
1155 1027
1155 1091
1155 1219
1156 72
1156 74
1156 120
1156 199
1156 268
1156 312
1156 352
1156 401
1156 416
1156 455
1156 456
1156 477
1156 480
1156 489
1156 512
1156 520
1156 541
1156 544
1156 582
1156 584
1156 593
1156 603
1156 608
1156 617
1156 646
1156 648
1156 655
1156 710
1156 711
1156 736
1156 738
1156 774
1156 775
1156 798
1156 838
1156 839
1156 846
1156 847
1156 902
1156 925
1156 964
1156 966
1156 989
1156 1001
1156 1028
1156 1030
1156 1031
1156 1037
1156 1039
1156 1051
1156 1063
1156 1092
1156 1103
1156 1105
1156 1120
1156 1127
1156 1144
1156 1162
1156 1173
1156 1176
1156 1179
1156 1183
1156 1188
1156 1189
1156 1206
1156 1216
1156 1220
1156 1231
1156 1243
1156 1248
1156 1257
1156 1272
1157 6
1157 71
1157 136
1157 200
1157 263
1157 327
1157 392
1157 454
1157 521
1157 583
1157 647
1157 712
1157 776
1157 840
1157 904
1157 965
1157 969
1157 1029
1157 1032
1157 1093
1157 1095
1157 1221
1157 1223
1158 11
1158 14
1158 15
1158 78
1158 79
1158 134
1158 142
1158 143
1158 157
1158 203
1158 206
1158 207
1158 273
1158 286
1158 288
1158 326
1158 331
1158 334
1158 335
1158 390
1158 395
1158 398
1158 399
1158 456
1158 459
1158 462
1158 463
1158 480
1158 489
1158 518
1158 523
1158 526
1158 527
1158 529
1158 553
1158 582
1158 587
1158 590
1158 591
1158 593
1158 651
1158 654
1158 655
1158 710
1158 711
1158 715
1158 718
1158 719
1158 736
1158 779
1158 782
1158 783
1158 798
1158 838
1158 843
1158 846
1158 902
1158 903
1158 907
1158 910
1158 911
1158 913
1158 925
1158 935
1158 937
1158 966
1158 971
1158 974
1158 975
1158 1030
1158 1031
1158 1035
1158 1038
1158 1039
1158 1094
1158 1096
1158 1099
1158 1102
1158 1127
1158 1129
1158 1160
1158 1162
1158 1167
1158 1169
1158 1174
1158 1180
1158 1183
1158 1184
1158 1190
1158 1191
1158 1193
1158 1208
1158 1222
1158 1224
1158 1227
1158 1231
1158 1255
1159 967
1159 1031
1159 1095
1159 1223
1160 14
1160 15
1160 79
1160 134
1160 143
1160 157
1160 198
1160 206
1160 207
1160 264
1160 266
1160 273
1160 286
1160 288
1160 326
1160 331
1160 334
1160 335
1160 352
1160 390
1160 395
1160 398
1160 399
1160 401
1160 416
1160 456
1160 459
1160 462
1160 463
1160 477
1160 480
1160 489
1160 518
1160 520
1160 526
1160 527
1160 529
1160 544
1160 553
1160 582
1160 587
1160 590
1160 591
1160 593
1160 603
1160 646
1160 651
1160 654
1160 655
1160 710
1160 711
1160 715
1160 718
1160 719
1160 736
1160 774
1160 775
1160 779
1160 782
1160 783
1160 798
1160 838
1160 839
1160 843
1160 846
1160 902
1160 903
1160 907
1160 910
1160 911
1160 913
1160 925
1160 935
1160 937
1160 968
1160 971
1160 974
1160 975
1160 1030
1160 1031
1160 1032
1160 1035
1160 1038
1160 1039
1160 1094
1160 1096
1160 1099
1160 1102
1160 1103
1160 1105
1160 1127
1160 1129
1160 1158
1160 1162
1160 1167
1160 1169
1160 1174
1160 1176
1160 1179
1160 1180
1160 1183
1160 1184
1160 1190
1160 1191
1160 1193
1160 1208
1160 1222
1160 1224
1160 1227
1160 1231
1160 1243
1160 1255
1161 406
1161 969
1161 1033
1161 1097
1161 1225
1162 70
1162 96
1162 135
1162 198
1162 262
1162 266
1162 285
1162 326
1162 335
1162 352
1162 390
1162 398
1162 399
1162 401
1162 416
1162 456
1162 463
1162 477
1162 480
1162 489
1162 512
1162 518
1162 520
1162 529
1162 541
1162 544
1162 553
1162 582
1162 584
1162 590
1162 591
1162 593
1162 603
1162 608
1162 646
1162 651
1162 654
1162 655
1162 710
1162 711
1162 718
1162 719
1162 736
1162 738
1162 774
1162 775
1162 782
1162 783
1162 798
1162 838
1162 839
1162 846
1162 847
1162 902
1162 903
1162 910
1162 911
1162 913
1162 925
1162 935
1162 937
1162 966
1162 970
1162 975
1162 1001
1162 1030
1162 1031
1162 1034
1162 1037
1162 1039
1162 1063
1162 1094
1162 1096
1162 1098
1162 1103
1162 1105
1162 1120
1162 1127
1162 1129
1162 1144
1162 1156
1162 1158
1162 1160
1162 1169
1162 1173
1162 1174
1162 1176
1162 1179
1162 1180
1162 1183
1162 1184
1162 1188
1162 1190
1162 1191
1162 1193
1162 1208
1162 1216
1162 1224
1162 1226
1162 1231
1162 1243
1162 1248
1162 1255
1162 1257
1163 75
1163 139
1163 267
1163 270
1163 331
1163 334
1163 395
1163 399
1163 459
1163 462
1163 523
1163 526
1163 527
1163 587
1163 715
1163 779
1163 843
1163 907
1163 911
1163 971
1163 974
1163 1035
1163 1038
1163 1099
1163 1102
1163 1166
1163 1167
1163 1222
1163 1227
1163 1230
1164 972
1164 1036
1164 1100
1164 1228
1165 92
1165 973
1165 1037
1165 1101
1165 1229
1166 267
1166 331
1166 334
1166 395
1166 459
1166 462
1166 523
1166 526
1166 527
1166 587
1166 715
1166 779
1166 843
1166 907
1166 971
1166 974
1166 1035
1166 1038
1166 1099
1166 1102
1166 1163
1166 1167
1166 1227
1166 1230
1167 11
1167 75
1167 78
1167 139
1167 142
1167 203
1167 267
1167 270
1167 271
1167 331
1167 334
1167 335
1167 395
1167 398
1167 399
1167 459
1167 462
1167 463
1167 518
1167 523
1167 526
1167 527
1167 529
1167 587
1167 590
1167 651
1167 654
1167 715
1167 718
1167 719
1167 779
1167 782
1167 783
1167 843
1167 903
1167 907
1167 910
1167 911
1167 971
1167 974
1167 975
1167 1035
1167 1038
1167 1039
1167 1099
1167 1102
1167 1103
1167 1158
1167 1160
1167 1163
1167 1166
1167 1169
1167 1174
1167 1190
1167 1191
1167 1193
1167 1222
1167 1224
1167 1227
1167 1230
1167 1231
1167 1255
1168 31
1168 976
1168 1040
1168 1104
1168 1232
1169 15
1169 79
1169 134
1169 135
1169 143
1169 157
1169 198
1169 206
1169 207
1169 264
1169 266
1169 273
1169 285
1169 286
1169 288
1169 326
1169 331
1169 334
1169 335
1169 352
1169 390
1169 395
1169 398
1169 399
1169 401
1169 416
1169 456
1169 459
1169 463
1169 477
1169 480
1169 489
1169 518
1169 520
1169 526
1169 527
1169 529
1169 544
1169 553
1169 582
1169 584
1169 587
1169 590
1169 591
1169 593
1169 603
1169 646
1169 651
1169 654
1169 655
1169 710
1169 711
1169 715
1169 718
1169 719
1169 736
1169 774
1169 775
1169 779
1169 782
1169 783
1169 798
1169 838
1169 839
1169 843
1169 846
1169 902
1169 903
1169 907
1169 910
1169 911
1169 913
1169 925
1169 935
1169 937
1169 974
1169 975
1169 977
1169 1030
1169 1031
1169 1035
1169 1038
1169 1039
1169 1041
1169 1094
1169 1096
1169 1099
1169 1102
1169 1103
1169 1105
1169 1127
1169 1129
1169 1158
1169 1160
1169 1162
1169 1167
1169 1174
1169 1176
1169 1179
1169 1180
1169 1183
1169 1184
1169 1190
1169 1191
1169 1193
1169 1208
1169 1216
1169 1222
1169 1224
1169 1231
1169 1233
1169 1243
1169 1255
1170 295
1170 358
1170 630
1170 921
1170 978
1170 1042
1170 1106
1170 1217
1170 1234
1171 4
1171 661
1171 979
1171 1043
1171 1107
1171 1235
1172 980
1172 1044
1172 1108
1172 1236
1173 199
1173 262
1173 268
1173 312
1173 326
1173 352
1173 390
1173 401
1173 416
1173 455
1173 456
1173 477
1173 480
1173 489
1173 512
1173 520
1173 541
1173 544
1173 582
1173 584
1173 591
1173 593
1173 603
1173 608
1173 617
1173 646
1173 648
1173 655
1173 710
1173 711
1173 736
1173 738
1173 774
1173 775
1173 798
1173 838
1173 839
1173 846
1173 847
1173 902
1173 925
1173 937
1173 966
1173 981
1173 989
1173 1001
1173 1030
1173 1031
1173 1037
1173 1039
1173 1045
1173 1051
1173 1063
1173 1096
1173 1103
1173 1105
1173 1109
1173 1120
1173 1127
1173 1129
1173 1144
1173 1156
1173 1162
1173 1176
1173 1179
1173 1180
1173 1183
1173 1188
1173 1189
1173 1206
1173 1216
1173 1231
1173 1237
1173 1243
1173 1248
1173 1257
1173 1272
1174 14
1174 15
1174 79
1174 134
1174 143
1174 157
1174 206
1174 207
1174 264
1174 273
1174 286
1174 288
1174 326
1174 331
1174 334
1174 335
1174 390
1174 395
1174 398
1174 399
1174 456
1174 459
1174 462
1174 463
1174 480
1174 489
1174 518
1174 520
1174 523
1174 526
1174 527
1174 529
1174 553
1174 582
1174 587
1174 590
1174 591
1174 593
1174 603
1174 646
1174 651
1174 654
1174 655
1174 710
1174 711
1174 715
1174 718
1174 719
1174 736
1174 774
1174 779
1174 782
1174 783
1174 798
1174 838
1174 843
1174 846
1174 902
1174 903
1174 907
1174 910
1174 911
1174 913
1174 925
1174 935
1174 937
1174 971
1174 974
1174 975
1174 982
1174 1030
1174 1031
1174 1035
1174 1038
1174 1039
1174 1046
1174 1094
1174 1096
1174 1099
1174 1102
1174 1103
1174 1105
1174 1110
1174 1127
1174 1129
1174 1158
1174 1160
1174 1162
1174 1167
1174 1169
1174 1176
1174 1179
1174 1180
1174 1183
1174 1184
1174 1190
1174 1191
1174 1193
1174 1208
1174 1222
1174 1224
1174 1227
1174 1231
1174 1238
1174 1243
1174 1255
1175 983
1175 1047
1175 1111
1175 1239
1176 70
1176 96
1176 135
1176 199
1176 262
1176 268
1176 285
1176 326
1176 352
1176 390
1176 401
1176 416
1176 455
1176 456
1176 477
1176 480
1176 489
1176 512
1176 518
1176 520
1176 529
1176 541
1176 544
1176 553
1176 582
1176 584
1176 590
1176 591
1176 593
1176 603
1176 608
1176 617
1176 646
1176 654
1176 655
1176 710
1176 711
1176 718
1176 719
1176 736
1176 738
1176 774
1176 775
1176 782
1176 783
1176 798
1176 838
1176 839
1176 846
1176 847
1176 902
1176 903
1176 913
1176 925
1176 935
1176 937
1176 966
1176 975
1176 984
1176 989
1176 1001
1176 1030
1176 1031
1176 1037
1176 1039
1176 1048
1176 1063
1176 1094
1176 1096
1176 1103
1176 1105
1176 1112
1176 1120
1176 1127
1176 1129
1176 1144
1176 1156
1176 1160
1176 1162
1176 1169
1176 1173
1176 1174
1176 1179
1176 1180
1176 1183
1176 1184
1176 1188
1176 1189
1176 1206
1176 1208
1176 1216
1176 1224
1176 1231
1176 1240
1176 1243
1176 1248
1176 1257
1176 1272
1177 403
1177 737
1177 985
1177 1029
1177 1049
1177 1055
1177 1113
1177 1241
1178 790
1178 986
1178 1050
1178 1114
1178 1242
1179 70
1179 96
1179 135
1179 199
1179 262
1179 268
1179 285
1179 326
1179 352
1179 390
1179 401
1179 416
1179 455
1179 456
1179 477
1179 480
1179 489
1179 512
1179 518
1179 520
1179 529
1179 541
1179 544
1179 553
1179 582
1179 584
1179 590
1179 591
1179 593
1179 603
1179 608
1179 617
1179 646
1179 654
1179 655
1179 710
1179 711
1179 719
1179 736
1179 738
1179 774
1179 775
1179 782
1179 783
1179 798
1179 838
1179 839
1179 846
1179 847
1179 902
1179 903
1179 913
1179 925
1179 935
1179 937
1179 966
1179 975
1179 987
1179 989
1179 1001
1179 1030
1179 1031
1179 1037
1179 1039
1179 1051
1179 1063
1179 1094
1179 1096
1179 1103
1179 1105
1179 1115
1179 1120
1179 1127
1179 1129
1179 1144
1179 1156
1179 1160
1179 1162
1179 1169
1179 1173
1179 1174
1179 1176
1179 1180
1179 1183
1179 1184
1179 1188
1179 1189
1179 1206
1179 1208
1179 1216
1179 1224
1179 1231
1179 1243
1179 1248
1179 1257
1179 1272
1180 15
1180 96
1180 134
1180 135
1180 157
1180 198
1180 206
1180 207
1180 264
1180 266
1180 273
1180 285
1180 288
1180 326
1180 334
1180 335
1180 352
1180 390
1180 398
1180 399
1180 401
1180 416
1180 456
1180 463
1180 477
1180 480
1180 489
1180 518
1180 520
1180 527
1180 529
1180 541
1180 544
1180 553
1180 582
1180 584
1180 590
1180 591
1180 593
1180 603
1180 646
1180 651
1180 654
1180 655
1180 710
1180 711
1180 715
1180 718
1180 719
1180 736
1180 738
1180 774
1180 775
1180 782
1180 783
1180 798
1180 838
1180 839
1180 843
1180 846
1180 902
1180 903
1180 910
1180 911
1180 913
1180 925
1180 935
1180 937
1180 975
1180 988
1180 1030
1180 1031
1180 1035
1180 1039
1180 1052
1180 1063
1180 1094
1180 1096
1180 1103
1180 1105
1180 1116
1180 1127
1180 1129
1180 1158
1180 1160
1180 1162
1180 1169
1180 1173
1180 1174
1180 1176
1180 1179
1180 1183
1180 1184
1180 1190
1180 1191
1180 1193
1180 1208
1180 1216
1180 1222
1180 1224
1180 1231
1180 1243
1180 1244
1180 1248
1180 1255
1180 1257
1181 460
1181 517
1181 989
1181 1053
1181 1117
1181 1245
1182 152
1182 657
1182 990
1182 1054
1182 1118
1182 1246
1183 96
1183 134
1183 135
1183 157
1183 198
1183 206
1183 207
1183 264
1183 266
1183 273
1183 285
1183 288
1183 326
1183 334
1183 335
1183 352
1183 390
1183 398
1183 399
1183 401
1183 416
1183 456
1183 463
1183 477
1183 480
1183 489
1183 518
1183 520
1183 527
1183 529
1183 541
1183 544
1183 553
1183 582
1183 584
1183 590
1183 591
1183 593
1183 603
1183 608
1183 646
1183 651
1183 654
1183 655
1183 710
1183 711
1183 715
1183 718
1183 719
1183 736
1183 738
1183 774
1183 775
1183 782
1183 783
1183 798
1183 838
1183 839
1183 843
1183 846
1183 902
1183 903
1183 910
1183 911
1183 913
1183 925
1183 935
1183 937
1183 975
1183 991
1183 1001
1183 1030
1183 1031
1183 1035
1183 1039
1183 1055
1183 1063
1183 1094
1183 1096
1183 1103
1183 1105
1183 1119
1183 1127
1183 1129
1183 1156
1183 1158
1183 1160
1183 1162
1183 1169
1183 1173
1183 1174
1183 1176
1183 1179
1183 1180
1183 1184
1183 1190
1183 1191
1183 1193
1183 1208
1183 1216
1183 1222
1183 1224
1183 1231
1183 1243
1183 1247
1183 1248
1183 1255
1183 1257
1184 15
1184 134
1184 135
1184 157
1184 198
1184 206
1184 207
1184 264
1184 266
1184 273
1184 285
1184 286
1184 288
1184 326
1184 331
1184 334
1184 335
1184 352
1184 390
1184 395
1184 398
1184 399
1184 401
1184 416
1184 456
1184 459
1184 463
1184 477
1184 480
1184 489
1184 518
1184 520
1184 526
1184 527
1184 529
1184 544
1184 553
1184 582
1184 584
1184 587
1184 590
1184 591
1184 593
1184 603
1184 646
1184 651
1184 654
1184 655
1184 710
1184 711
1184 715
1184 718
1184 719
1184 736
1184 774
1184 775
1184 779
1184 782
1184 783
1184 798
1184 838
1184 839
1184 843
1184 846
1184 902
1184 903
1184 907
1184 910
1184 911
1184 913
1184 925
1184 935
1184 937
1184 974
1184 975
1184 992
1184 1030
1184 1031
1184 1035
1184 1038
1184 1039
1184 1056
1184 1094
1184 1096
1184 1099
1184 1103
1184 1105
1184 1120
1184 1127
1184 1129
1184 1158
1184 1160
1184 1162
1184 1169
1184 1174
1184 1176
1184 1179
1184 1180
1184 1183
1184 1190
1184 1191
1184 1193
1184 1208
1184 1216
1184 1222
1184 1224
1184 1231
1184 1243
1184 1248
1184 1255
1185 993
1185 1057
1185 1121
1185 1249
1186 994
1186 1058
1186 1122
1186 1250
1187 155
1187 181
1187 694
1187 740
1187 919
1187 995
1187 1059
1187 1123
1187 1251
1188 32
1188 72
1188 74
1188 120
1188 166
1188 199
1188 312
1188 352
1188 391
1188 401
1188 416
1188 455
1188 456
1188 477
1188 480
1188 489
1188 512
1188 520
1188 541
1188 544
1188 582
1188 584
1188 593
1188 603
1188 608
1188 617
1188 646
1188 648
1188 710
1188 711
1188 736
1188 738
1188 774
1188 775
1188 798
1188 839
1188 846
1188 847
1188 925
1188 934
1188 966
1188 989
1188 996
1188 1001
1188 1030
1188 1031
1188 1037
1188 1051
1188 1060
1188 1063
1188 1103
1188 1105
1188 1120
1188 1124
1188 1127
1188 1144
1188 1152
1188 1156
1188 1162
1188 1173
1188 1176
1188 1179
1188 1189
1188 1206
1188 1216
1188 1231
1188 1243
1188 1248
1188 1252
1188 1257
1188 1272
1189 7
1189 8
1189 32
1189 72
1189 74
1189 88
1189 94
1189 120
1189 166
1189 278
1189 352
1189 391
1189 401
1189 416
1189 455
1189 477
1189 512
1189 541
1189 544
1189 584
1189 603
1189 608
1189 614
1189 617
1189 646
1189 648
1189 738
1189 774
1189 775
1189 839
1189 847
1189 934
1189 960
1189 966
1189 989
1189 997
1189 1001
1189 1030
1189 1037
1189 1051
1189 1061
1189 1063
1189 1101
1189 1103
1189 1105
1189 1120
1189 1125
1189 1144
1189 1152
1189 1153
1189 1156
1189 1173
1189 1176
1189 1179
1189 1188
1189 1206
1189 1216
1189 1243
1189 1248
1189 1253
1189 1257
1189 1272
1190 11
1190 14
1190 15
1190 78
1190 79
1190 134
1190 142
1190 143
1190 157
1190 203
1190 206
1190 207
1190 273
1190 286
1190 288
1190 326
1190 331
1190 334
1190 335
1190 390
1190 395
1190 398
1190 399
1190 456
1190 459
1190 462
1190 463
1190 480
1190 489
1190 518
1190 523
1190 526
1190 527
1190 529
1190 553
1190 582
1190 587
1190 590
1190 591
1190 593
1190 651
1190 654
1190 655
1190 710
1190 711
1190 715
1190 718
1190 719
1190 736
1190 779
1190 782
1190 783
1190 798
1190 838
1190 843
1190 846
1190 902
1190 903
1190 907
1190 910
1190 911
1190 913
1190 925
1190 935
1190 937
1190 971
1190 974
1190 975
1190 998
1190 1031
1190 1035
1190 1038
1190 1039
1190 1062
1190 1094
1190 1096
1190 1099
1190 1102
1190 1126
1190 1127
1190 1129
1190 1158
1190 1160
1190 1162
1190 1167
1190 1169
1190 1174
1190 1180
1190 1183
1190 1184
1190 1191
1190 1193
1190 1208
1190 1222
1190 1224
1190 1227
1190 1231
1190 1254
1190 1255
1191 11
1191 14
1191 15
1191 79
1191 134
1191 143
1191 157
1191 206
1191 207
1191 264
1191 273
1191 286
1191 288
1191 326
1191 331
1191 334
1191 335
1191 390
1191 395
1191 398
1191 399
1191 456
1191 459
1191 462
1191 463
1191 480
1191 489
1191 518
1191 520
1191 523
1191 526
1191 527
1191 529
1191 553
1191 582
1191 587
1191 590
1191 591
1191 593
1191 651
1191 654
1191 655
1191 710
1191 711
1191 715
1191 718
1191 719
1191 736
1191 779
1191 782
1191 783
1191 798
1191 838
1191 843
1191 846
1191 902
1191 903
1191 907
1191 910
1191 911
1191 913
1191 925
1191 935
1191 937
1191 971
1191 974
1191 975
1191 999
1191 1031
1191 1035
1191 1038
1191 1039
1191 1063
1191 1094
1191 1096
1191 1099
1191 1102
1191 1103
1191 1105
1191 1127
1191 1129
1191 1158
1191 1160
1191 1162
1191 1167
1191 1169
1191 1174
1191 1180
1191 1183
1191 1184
1191 1190
1191 1193
1191 1208
1191 1222
1191 1224
1191 1227
1191 1231
1191 1243
1191 1255
1192 209
1192 1000
1192 1064
1192 1117
1192 1128
1192 1256
1193 11
1193 14
1193 15
1193 78
1193 79
1193 134
1193 142
1193 143
1193 157
1193 203
1193 206
1193 207
1193 273
1193 286
1193 288
1193 326
1193 331
1193 334
1193 335
1193 390
1193 395
1193 398
1193 399
1193 456
1193 459
1193 462
1193 463
1193 480
1193 489
1193 518
1193 520
1193 523
1193 526
1193 527
1193 529
1193 553
1193 582
1193 587
1193 590
1193 591
1193 593
1193 651
1193 654
1193 655
1193 710
1193 711
1193 715
1193 718
1193 719
1193 736
1193 779
1193 782
1193 783
1193 798
1193 838
1193 843
1193 846
1193 902
1193 903
1193 907
1193 910
1193 911
1193 913
1193 925
1193 935
1193 937
1193 971
1193 974
1193 975
1193 1001
1193 1031
1193 1035
1193 1038
1193 1039
1193 1065
1193 1094
1193 1096
1193 1099
1193 1102
1193 1103
1193 1127
1193 1129
1193 1158
1193 1160
1193 1162
1193 1167
1193 1169
1193 1174
1193 1180
1193 1183
1193 1184
1193 1190
1193 1191
1193 1208
1193 1222
1193 1224
1193 1227
1193 1231
1193 1255
1193 1257
1194 169
1194 1002
1194 1066
1194 1130
1194 1258
1195 1003
1195 1067
1195 1131
1195 1241
1195 1259
1195 1263
1196 1004
1196 1068
1196 1132
1196 1260
1197 716
1197 1005
1197 1069
1197 1133
1197 1261
1198 692
1198 1006
1198 1070
1198 1134
1198 1262
1199 113
1199 345
1199 690
1199 1007
1199 1071
1199 1135
1199 1263
1200 386
1200 429
1200 1008
1200 1072
1200 1136
1200 1264
1201 38
1201 984
1201 1009
1201 1073
1201 1137
1201 1265
1202 1010
1202 1074
1202 1138
1202 1141
1202 1266
1203 26
1203 1011
1203 1075
1203 1139
1203 1267
1204 180
1204 494
1204 686
1204 756
1204 1012
1204 1076
1204 1140
1204 1268
1205 728
1205 1013
1205 1077
1205 1141
1205 1219
1205 1269
1206 7
1206 8
1206 32
1206 72
1206 74
1206 88
1206 94
1206 120
1206 166
1206 278
1206 352
1206 391
1206 401
1206 416
1206 455
1206 477
1206 512
1206 541
1206 544
1206 584
1206 603
1206 608
1206 614
1206 617
1206 646
1206 648
1206 738
1206 774
1206 775
1206 839
1206 847
1206 934
1206 960
1206 966
1206 989
1206 1001
1206 1014
1206 1030
1206 1037
1206 1051
1206 1063
1206 1078
1206 1101
1206 1120
1206 1142
1206 1144
1206 1152
1206 1153
1206 1156
1206 1173
1206 1176
1206 1179
1206 1188
1206 1189
1206 1216
1206 1248
1206 1257
1206 1270
1206 1272
1207 22
1207 64
1207 1015
1207 1079
1207 1098
1207 1143
1207 1225
1207 1271
1208 15
1208 134
1208 135
1208 157
1208 198
1208 206
1208 207
1208 264
1208 266
1208 273
1208 285
1208 286
1208 288
1208 326
1208 331
1208 334
1208 335
1208 352
1208 390
1208 395
1208 398
1208 399
1208 401
1208 416
1208 456
1208 459
1208 463
1208 477
1208 480
1208 489
1208 518
1208 520
1208 526
1208 527
1208 529
1208 544
1208 553
1208 582
1208 584
1208 587
1208 590
1208 591
1208 593
1208 603
1208 646
1208 651
1208 654
1208 655
1208 710
1208 711
1208 715
1208 718
1208 719
1208 736
1208 774
1208 775
1208 779
1208 782
1208 783
1208 798
1208 838
1208 839
1208 843
1208 846
1208 902
1208 903
1208 907
1208 910
1208 911
1208 913
1208 925
1208 935
1208 937
1208 974
1208 975
1208 1016
1208 1030
1208 1031
1208 1035
1208 1038
1208 1039
1208 1080
1208 1094
1208 1096
1208 1099
1208 1103
1208 1105
1208 1127
1208 1129
1208 1144
1208 1158
1208 1160
1208 1162
1208 1169
1208 1174
1208 1176
1208 1179
1208 1180
1208 1183
1208 1184
1208 1190
1208 1191
1208 1193
1208 1216
1208 1222
1208 1224
1208 1231
1208 1243
1208 1255
1208 1272
1209 196
1209 514
1209 1017
1209 1081
1209 1145
1209 1273
1210 156
1210 173
1210 1018
1210 1082
1210 1135
1210 1146
1210 1274
1211 246
1211 803
1211 1019
1211 1083
1211 1147
1211 1275
1212 151
1212 303
1212 673
1212 1020
1212 1084
1212 1148
1212 1276
1213 1021
1213 1085
1213 1149
1213 1277
1214 1022
1214 1023
1214 1086
1214 1150
1214 1278
1215 555
1215 1023
1215 1087
1215 1151
1215 1279
1216 70
1216 199
1216 262
1216 268
1216 312
1216 352
1216 390
1216 401
1216 416
1216 455
1216 456
1216 477
1216 480
1216 489
1216 512
1216 520
1216 529
1216 541
1216 544
1216 553
1216 582
1216 584
1216 591
1216 593
1216 603
1216 608
1216 617
1216 646
1216 648
1216 654
1216 655
1216 710
1216 711
1216 736
1216 738
1216 774
1216 775
1216 798
1216 838
1216 839
1216 846
1216 847
1216 902
1216 913
1216 925
1216 935
1216 937
1216 966
1216 989
1216 1001
1216 1024
1216 1030
1216 1031
1216 1037
1216 1039
1216 1051
1216 1063
1216 1088
1216 1094
1216 1096
1216 1103
1216 1105
1216 1120
1216 1127
1216 1129
1216 1144
1216 1152
1216 1156
1216 1162
1216 1169
1216 1173
1216 1176
1216 1179
1216 1180
1216 1183
1216 1184
1216 1188
1216 1189
1216 1206
1216 1208
1216 1231
1216 1243
1216 1248
1216 1257
1216 1272
1217 295
1217 358
1217 630
1217 921
1217 1025
1217 1089
1217 1153
1217 1170
1218 259
1218 1026
1218 1056
1218 1090
1218 1154
1219 728
1219 1027
1219 1091
1219 1155
1219 1205
1220 297
1220 1028
1220 1092
1220 1156
1221 652
1221 1029
1221 1093
1221 1157
1222 11
1222 14
1222 15
1222 78
1222 79
1222 142
1222 143
1222 203
1222 271
1222 286
1222 331
1222 334
1222 335
1222 390
1222 395
1222 398
1222 399
1222 459
1222 462
1222 463
1222 489
1222 518
1222 523
1222 526
1222 527
1222 529
1222 553
1222 582
1222 587
1222 590
1222 591
1222 593
1222 651
1222 654
1222 655
1222 715
1222 718
1222 719
1222 736
1222 779
1222 782
1222 783
1222 838
1222 843
1222 846
1222 902
1222 903
1222 907
1222 910
1222 911
1222 913
1222 935
1222 937
1222 971
1222 974
1222 975
1222 1030
1222 1035
1222 1038
1222 1039
1222 1094
1222 1096
1222 1099
1222 1102
1222 1127
1222 1129
1222 1158
1222 1160
1222 1163
1222 1167
1222 1169
1222 1174
1222 1180
1222 1183
1222 1184
1222 1190
1222 1191
1222 1193
1222 1208
1222 1224
1222 1227
1222 1230
1222 1231
1222 1255
1223 6
1223 71
1223 136
1223 200
1223 263
1223 327
1223 392
1223 454
1223 521
1223 583
1223 647
1223 712
1223 776
1223 840
1223 904
1223 969
1223 1031
1223 1032
1223 1095
1223 1157
1223 1159
1224 14
1224 15
1224 79
1224 134
1224 143
1224 157
1224 198
1224 206
1224 207
1224 264
1224 266
1224 273
1224 286
1224 288
1224 326
1224 335
1224 390
1224 395
1224 398
1224 399
1224 416
1224 456
1224 459
1224 462
1224 463
1224 477
1224 480
1224 489
1224 518
1224 520
1224 526
1224 527
1224 529
1224 544
1224 553
1224 582
1224 587
1224 590
1224 591
1224 593
1224 603
1224 646
1224 651
1224 654
1224 655
1224 710
1224 711
1224 715
1224 718
1224 719
1224 736
1224 774
1224 775
1224 779
1224 782
1224 783
1224 798
1224 838
1224 839
1224 843
1224 846
1224 902
1224 903
1224 907
1224 910
1224 911
1224 913
1224 925
1224 935
1224 937
1224 971
1224 974
1224 975
1224 1030
1224 1031
1224 1032
1224 1035
1224 1038
1224 1039
1224 1094
1224 1096
1224 1099
1224 1102
1224 1103
1224 1105
1224 1127
1224 1129
1224 1158
1224 1160
1224 1162
1224 1167
1224 1169
1224 1174
1224 1176
1224 1179
1224 1180
1224 1183
1224 1184
1224 1190
1224 1191
1224 1193
1224 1208
1224 1222
1224 1227
1224 1231
1224 1243
1224 1255
1225 22
1225 64
1225 1033
1225 1097
1225 1098
1225 1161
1225 1207
1226 1034
1226 1098
1226 1162
1227 75
1227 78
1227 139
1227 142
1227 203
1227 267
1227 270
1227 271
1227 331
1227 334
1227 395
1227 398
1227 399
1227 459
1227 462
1227 463
1227 518
1227 523
1227 526
1227 527
1227 587
1227 590
1227 651
1227 715
1227 718
1227 719
1227 779
1227 782
1227 783
1227 843
1227 903
1227 907
1227 910
1227 911
1227 971
1227 974
1227 975
1227 1035
1227 1038
1227 1099
1227 1102
1227 1158
1227 1160
1227 1163
1227 1166
1227 1167
1227 1174
1227 1190
1227 1191
1227 1193
1227 1222
1227 1224
1227 1230
1227 1255
1228 1036
1228 1100
1228 1164
1229 1037
1229 1101
1229 1165
1230 75
1230 139
1230 267
1230 270
1230 395
1230 459
1230 462
1230 523
1230 526
1230 527
1230 587
1230 715
1230 779
1230 843
1230 907
1230 971
1230 974
1230 1035
1230 1038
1230 1099
1230 1102
1230 1163
1230 1166
1230 1167
1230 1222
1230 1227
1231 70
1231 96
1231 135
1231 198
1231 264
1231 266
1231 285
1231 326
1231 390
1231 398
1231 399
1231 401
1231 416
1231 456
1231 463
1231 477
1231 480
1231 489
1231 518
1231 520
1231 529
1231 541
1231 544
1231 553
1231 582
1231 584
1231 590
1231 591
1231 593
1231 603
1231 608
1231 646
1231 651
1231 654
1231 655
1231 710
1231 711
1231 718
1231 719
1231 736
1231 738
1231 774
1231 775
1231 782
1231 783
1231 798
1231 838
1231 839
1231 846
1231 847
1231 902
1231 903
1231 910
1231 911
1231 913
1231 925
1231 935
1231 937
1231 975
1231 1001
1231 1030
1231 1031
1231 1037
1231 1039
1231 1063
1231 1094
1231 1096
1231 1103
1231 1105
1231 1127
1231 1129
1231 1144
1231 1156
1231 1158
1231 1160
1231 1162
1231 1167
1231 1169
1231 1173
1231 1174
1231 1176
1231 1179
1231 1180
1231 1183
1231 1184
1231 1188
1231 1190
1231 1191
1231 1193
1231 1208
1231 1216
1231 1222
1231 1224
1231 1243
1231 1248
1231 1255
1231 1257
1232 210
1232 806
1232 1040
1232 1104
1232 1168
1233 721
1233 1041
1233 1105
1233 1169
1234 801
1234 990
1234 1042
1234 1106
1234 1170
1235 717
1235 1015
1235 1043
1235 1107
1235 1171
1236 159
1236 321
1236 493
1236 1044
1236 1108
1236 1172
1236 1258
1237 503
1237 664
1237 860
1237 1045
1237 1109
1237 1173
1238 1046
1238 1066
1238 1110
1238 1174
1239 1047
1239 1111
1239 1175
1240 141
1240 1048
1240 1112
1240 1176
1241 1049
1241 1113
1241 1177
1241 1195
1241 1263
1242 789
1242 1050
1242 1114
1242 1178
1243 70
1243 96
1243 135
1243 262
1243 268
1243 285
1243 352
1243 390
1243 398
1243 401
1243 416
1243 455
1243 456
1243 463
1243 477
1243 480
1243 489
1243 512
1243 518
1243 520
1243 529
1243 541
1243 544
1243 553
1243 582
1243 584
1243 590
1243 591
1243 593
1243 603
1243 608
1243 617
1243 646
1243 654
1243 655
1243 710
1243 711
1243 718
1243 719
1243 736
1243 738
1243 774
1243 775
1243 782
1243 783
1243 798
1243 838
1243 839
1243 846
1243 847
1243 902
1243 903
1243 910
1243 913
1243 925
1243 935
1243 937
1243 966
1243 975
1243 989
1243 1001
1243 1030
1243 1031
1243 1037
1243 1039
1243 1051
1243 1063
1243 1094
1243 1096
1243 1103
1243 1105
1243 1115
1243 1120
1243 1127
1243 1129
1243 1144
1243 1156
1243 1160
1243 1162
1243 1169
1243 1173
1243 1174
1243 1176
1243 1179
1243 1180
1243 1183
1243 1184
1243 1188
1243 1189
1243 1191
1243 1208
1243 1216
1243 1224
1243 1231
1243 1248
1243 1257
1244 28
1244 106
1244 1052
1244 1107
1244 1116
1244 1180
1245 701
1245 1053
1245 1117
1245 1181
1246 17
1246 81
1246 91
1246 260
1246 269
1246 328
1246 332
1246 391
1246 614
1246 648
1246 896
1246 934
1246 960
1246 968
1246 1054
1246 1101
1246 1118
1246 1152
1246 1153
1246 1182
1247 948
1247 1055
1247 1119
1247 1183
1248 120
1248 199
1248 262
1248 268
1248 312
1248 352
1248 390
1248 401
1248 416
1248 455
1248 456
1248 477
1248 480
1248 489
1248 512
1248 520
1248 541
1248 544
1248 582
1248 584
1248 591
1248 593
1248 603
1248 608
1248 617
1248 646
1248 648
1248 655
1248 710
1248 711
1248 736
1248 738
1248 774
1248 775
1248 798
1248 838
1248 839
1248 846
1248 847
1248 902
1248 925
1248 937
1248 966
1248 989
1248 1001
1248 1030
1248 1031
1248 1037
1248 1039
1248 1051
1248 1056
1248 1063
1248 1096
1248 1103
1248 1105
1248 1120
1248 1127
1248 1129
1248 1144
1248 1156
1248 1162
1248 1173
1248 1176
1248 1179
1248 1180
1248 1183
1248 1184
1248 1188
1248 1189
1248 1206
1248 1216
1248 1231
1248 1243
1248 1257
1248 1272
1249 293
1249 472
1249 539
1249 822
1249 1057
1249 1121
1249 1185
1250 1058
1250 1122
1250 1186
1251 995
1251 1059
1251 1123
1251 1187
1252 376
1252 548
1252 1060
1252 1124
1252 1188
1253 946
1253 1061
1253 1125
1253 1189
1254 896
1254 968
1254 1062
1254 1126
1254 1190
1255 11
1255 14
1255 15
1255 78
1255 79
1255 134
1255 142
1255 143
1255 157
1255 203
1255 206
1255 207
1255 273
1255 286
1255 288
1255 334
1255 335
1255 390
1255 395
1255 398
1255 399
1255 456
1255 459
1255 462
1255 463
1255 480
1255 489
1255 518
1255 520
1255 523
1255 526
1255 527
1255 529
1255 553
1255 582
1255 587
1255 590
1255 591
1255 593
1255 651
1255 654
1255 655
1255 710
1255 711
1255 715
1255 718
1255 719
1255 736
1255 779
1255 782
1255 783
1255 798
1255 838
1255 843
1255 846
1255 902
1255 903
1255 907
1255 910
1255 911
1255 913
1255 925
1255 935
1255 937
1255 971
1255 974
1255 975
1255 1031
1255 1035
1255 1038
1255 1039
1255 1063
1255 1094
1255 1096
1255 1099
1255 1102
1255 1103
1255 1105
1255 1127
1255 1129
1255 1158
1255 1160
1255 1162
1255 1167
1255 1169
1255 1174
1255 1180
1255 1183
1255 1184
1255 1190
1255 1191
1255 1193
1255 1208
1255 1222
1255 1224
1255 1227
1255 1231
1256 130
1256 604
1256 830
1256 1064
1256 1128
1256 1192
1257 72
1257 120
1257 199
1257 262
1257 268
1257 312
1257 352
1257 390
1257 401
1257 416
1257 455
1257 456
1257 477
1257 480
1257 489
1257 512
1257 520
1257 541
1257 544
1257 582
1257 584
1257 591
1257 593
1257 603
1257 608
1257 617
1257 646
1257 648
1257 655
1257 710
1257 711
1257 736
1257 738
1257 774
1257 775
1257 798
1257 838
1257 839
1257 846
1257 847
1257 902
1257 925
1257 937
1257 966
1257 989
1257 1001
1257 1030
1257 1031
1257 1037
1257 1039
1257 1051
1257 1063
1257 1065
1257 1096
1257 1103
1257 1105
1257 1120
1257 1127
1257 1129
1257 1144
1257 1156
1257 1162
1257 1173
1257 1176
1257 1179
1257 1180
1257 1183
1257 1188
1257 1189
1257 1193
1257 1206
1257 1216
1257 1231
1257 1243
1257 1248
1257 1272
1258 159
1258 321
1258 493
1258 1066
1258 1130
1258 1194
1258 1236
1259 1067
1259 1131
1259 1195
1260 342
1260 723
1260 1010
1260 1068
1260 1132
1260 1196
1261 187
1261 640
1261 877
1261 1069
1261 1133
1261 1197
1261 1279
1262 610
1262 791
1262 1070
1262 1134
1262 1149
1262 1198
1263 1071
1263 1135
1263 1195
1263 1199
1263 1241
1264 104
1264 699
1264 825
1264 848
1264 1072
1264 1136
1264 1200
1265 223
1265 1073
1265 1137
1265 1201
1266 531
1266 1074
1266 1076
1266 1113
1266 1138
1266 1202
1267 1075
1267 1139
1267 1203
1268 817
1268 973
1268 1076
1268 1140
1268 1204
1269 452
1269 1077
1269 1141
1269 1205
1270 1078
1270 1142
1270 1206
1271 906
1271 938
1271 1079
1271 1143
1271 1207
1272 7
1272 8
1272 32
1272 72
1272 74
1272 88
1272 94
1272 120
1272 166
1272 278
1272 391
1272 401
1272 416
1272 455
1272 477
1272 512
1272 541
1272 544
1272 584
1272 603
1272 608
1272 614
1272 617
1272 646
1272 648
1272 738
1272 774
1272 775
1272 839
1272 847
1272 934
1272 960
1272 966
1272 989
1272 1001
1272 1030
1272 1037
1272 1051
1272 1063
1272 1080
1272 1101
1272 1120
1272 1144
1272 1152
1272 1153
1272 1156
1272 1173
1272 1176
1272 1179
1272 1188
1272 1189
1272 1206
1272 1208
1272 1216
1272 1248
1272 1257
1273 979
1273 1081
1273 1145
1273 1209
1274 474
1274 1061
1274 1082
1274 1146
1274 1210
1275 109
1275 122
1275 666
1275 1083
1275 1147
1275 1211
1276 400
1276 567
1276 1084
1276 1148
1276 1212
1277 191
1277 282
1277 755
1277 1085
1277 1149
1277 1213
1278 882
1278 1086
1278 1150
1278 1214
1279 187
1279 640
1279 877
1279 1087
1279 1151
1279 1215
1279 1261
