0 6
0 7
0 12
0 13
0 14
0 19
0 32
0 38
0 64
0 70
0 71
0 76
0 77
0 78
0 79
0 81
0 83
0 93
0 94
0 96
0 128
0 134
0 135
0 140
0 142
0 145
0 147
0 150
0 156
0 157
0 164
0 192
0 198
0 199
0 203
0 205
0 206
0 209
0 211
0 214
0 219
0 221
0 222
0 230
0 270
0 273
0 275
0 285
0 286
0 327
0 334
0 337
0 339
0 350
0 384
0 391
0 398
0 401
0 403
0 413
0 448
0 465
0 467
0 477
0 512
0 518
0 519
0 526
0 529
0 531
0 541
0 576
0 582
0 587
0 588
0 590
0 591
0 593
0 595
0 598
0 605
0 606
0 640
0 646
0 647
0 654
0 655
0 657
0 659
0 662
0 669
0 704
0 710
0 711
0 714
0 716
0 718
0 719
0 721
0 723
0 733
0 734
0 768
0 774
0 775
0 778
0 780
0 781
0 782
0 783
0 785
0 787
0 790
0 796
0 797
0 798
0 799
0 800
0 802
0 806
0 832
0 838
0 839
0 842
0 844
0 845
0 846
0 847
0 849
0 851
0 854
0 861
0 862
0 902
0 910
0 913
0 915
0 960
0 966
0 974
0 977
0 979
0 1030
0 1038
0 1041
0 1043
0 1054
0 1088
0 1094
0 1102
0 1105
0 1107
0 1117
0 1158
0 1165
0 1166
0 1169
0 1171
0 1181
0 1216
0 1223
0 1230
0 1233
0 1235
0 1245
1 65
1 129
1 193
1 1014
2 66
2 88
2 103
2 130
2 194
2 1060
3 67
3 131
3 195
3 756
4 68
4 132
4 196
4 673
5 69
5 133
5 197
5 1089
5 1270
6 0
6 7
6 12
6 13
6 14
6 19
6 32
6 64
6 70
6 71
6 76
6 78
6 79
6 81
6 83
6 93
6 94
6 96
6 128
6 134
6 135
6 140
6 142
6 145
6 147
6 150
6 156
6 157
6 164
6 192
6 198
6 199
6 203
6 205
6 206
6 209
6 211
6 214
6 221
6 222
6 230
6 270
6 273
6 275
6 285
6 327
6 334
6 337
6 339
6 350
6 384
6 391
6 398
6 401
6 403
6 413
6 448
6 465
6 467
6 477
6 512
6 518
6 519
6 526
6 529
6 531
6 541
6 576
6 582
6 587
6 590
6 593
6 595
6 598
6 605
6 606
6 640
6 646
6 647
6 654
6 657
6 659
6 662
6 669
6 704
6 710
6 711
6 716
6 718
6 719
6 721
6 723
6 733
6 734
6 768
6 774
6 775
6 778
6 780
6 781
6 782
6 783
6 785
6 787
6 790
6 796
6 797
6 798
6 799
6 802
6 832
6 838
6 839
6 842
6 844
6 845
6 846
6 849
6 851
6 854
6 861
6 862
6 902
6 910
6 913
6 915
6 925
6 966
6 974
6 977
6 979
6 1030
6 1038
6 1043
6 1088
6 1094
6 1102
6 1105
6 1107
6 1117
6 1158
6 1166
6 1169
6 1171
6 1181
6 1216
6 1223
6 1230
6 1233
6 1245
7 0
7 6
7 11
7 12
7 13
7 14
7 19
7 32
7 38
7 64
7 70
7 71
7 76
7 77
7 78
7 79
7 81
7 83
7 93
7 94
7 96
7 128
7 134
7 135
7 138
7 140
7 144
7 145
7 147
7 150
7 156
7 157
7 158
7 160
7 164
7 192
7 198
7 199
7 202
7 203
7 205
7 206
7 209
7 214
7 219
7 221
7 222
7 230
7 246
7 256
7 262
7 270
7 273
7 275
7 285
7 286
7 320
7 326
7 327
7 334
7 337
7 339
7 349
7 350
7 384
7 390
7 391
7 394
7 396
7 398
7 399
7 401
7 403
7 413
7 414
7 448
7 462
7 465
7 467
7 477
7 512
7 518
7 519
7 526
7 529
7 531
7 541
7 576
7 582
7 583
7 587
7 588
7 589
7 591
7 593
7 595
7 598
7 603
7 605
7 606
7 612
7 640
7 646
7 647
7 650
7 654
7 655
7 657
7 659
7 662
7 669
7 670
7 694
7 704
7 710
7 711
7 714
7 716
7 718
7 719
7 721
7 723
7 733
7 734
7 736
7 768
7 775
7 778
7 779
7 780
7 781
7 783
7 785
7 787
7 790
7 796
7 797
7 798
7 799
7 800
7 802
7 806
7 832
7 833
7 838
7 839
7 842
7 843
7 844
7 845
7 846
7 847
7 849
7 851
7 854
7 861
7 862
7 864
7 896
7 918
7 960
7 974
7 989
7 1024
7 1030
7 1038
7 1041
7 1043
7 1053
7 1054
7 1088
7 1102
7 1117
7 1152
7 1162
7 1165
7 1169
7 1181
7 1216
7 1226
7 1231
7 1235
7 1238
7 1245
8 72
8 117
8 136
8 200
8 336
8 429
9 73
9 137
9 201
9 265
9 329
9 393
9 457
9 521
9 581
9 645
9 713
9 777
9 837
9 905
9 968
9 1033
9 1097
9 1157
9 1221
10 11
10 13
10 15
10 17
10 28
10 29
10 37
10 38
10 70
10 74
10 75
10 76
10 77
10 81
10 86
10 138
10 139
10 143
10 144
10 155
10 158
10 160
10 164
10 202
10 205
10 207
10 219
10 223
10 226
10 228
10 246
10 256
10 262
10 263
10 286
10 308
10 310
10 320
10 326
10 334
10 342
10 349
10 350
10 390
10 394
10 395
10 396
10 399
10 406
10 411
10 414
10 416
10 421
10 448
10 454
10 455
10 462
10 522
10 527
10 580
10 583
10 586
10 587
10 588
10 589
10 591
10 603
10 604
10 608
10 612
10 650
10 653
10 655
10 670
10 676
10 694
10 714
10 736
10 770
10 772
10 779
10 800
10 801
10 802
10 806
10 820
10 833
10 836
10 842
10 843
10 844
10 847
10 848
10 854
10 860
10 864
10 884
10 906
10 950
10 1052
10 1103
10 1118
10 1120
10 1177
10 1179
10 1182
10 1227
10 1271
11 7
11 10
11 12
11 13
11 17
11 28
11 29
11 32
11 37
11 38
11 70
11 71
11 74
11 75
11 76
11 77
11 79
11 81
11 86
11 93
11 94
11 96
11 135
11 138
11 139
11 140
11 143
11 144
11 145
11 150
11 156
11 157
11 158
11 160
11 164
11 202
11 203
11 205
11 207
11 214
11 219
11 226
11 228
11 230
11 246
11 256
11 262
11 270
11 273
11 275
11 285
11 286
11 308
11 310
11 320
11 326
11 327
11 334
11 337
11 342
11 349
11 350
11 390
11 391
11 394
11 395
11 396
11 399
11 401
11 406
11 411
11 413
11 414
11 416
11 421
11 448
11 454
11 462
11 465
11 467
11 477
11 512
11 518
11 519
11 522
11 527
11 541
11 576
11 582
11 583
11 587
11 588
11 589
11 591
11 598
11 603
11 604
11 605
11 606
11 612
11 640
11 646
11 647
11 650
11 653
11 655
11 662
11 669
11 670
11 676
11 694
11 704
11 711
11 714
11 716
11 734
11 736
11 770
11 775
11 778
11 779
11 780
11 781
11 790
11 796
11 797
11 798
11 799
11 800
11 801
11 802
11 806
11 833
11 836
11 839
11 842
11 843
11 844
11 845
11 847
11 854
11 860
11 862
11 864
11 884
11 903
11 907
11 908
11 909
11 911
11 924
11 932
11 967
11 982
11 1031
11 1039
11 1053
11 1095
11 1103
11 1110
11 1126
11 1161
11 1163
11 1174
11 1177
11 1182
11 1184
11 1188
11 1226
11 1244
11 1252
12 0
12 6
12 7
12 11
12 13
12 14
12 17
12 19
12 28
12 32
12 37
12 38
12 64
12 70
12 71
12 76
12 77
12 79
12 81
12 83
12 93
12 94
12 96
12 128
12 134
12 135
12 138
12 140
12 143
12 144
12 145
12 150
12 156
12 157
12 158
12 160
12 164
12 192
12 198
12 199
12 202
12 203
12 204
12 205
12 209
12 214
12 219
12 221
12 222
12 230
12 246
12 256
12 262
12 270
12 273
12 275
12 285
12 286
12 320
12 326
12 327
12 334
12 337
12 339
12 349
12 350
12 384
12 390
12 391
12 394
12 396
12 398
12 399
12 401
12 413
12 414
12 416
12 421
12 448
12 462
12 465
12 467
12 477
12 512
12 518
12 519
12 526
12 529
12 531
12 541
12 576
12 582
12 583
12 587
12 588
12 589
12 591
12 593
12 595
12 598
12 603
12 605
12 606
12 612
12 640
12 646
12 647
12 650
12 654
12 655
12 657
12 659
12 662
12 669
12 670
12 694
12 704
12 710
12 711
12 714
12 716
12 718
12 719
12 721
12 723
12 733
12 734
12 736
12 768
12 775
12 778
12 779
12 780
12 781
12 783
12 787
12 790
12 796
12 797
12 798
12 799
12 800
12 802
12 806
12 832
12 833
12 838
12 839
12 842
12 843
12 844
12 845
12 847
12 849
12 851
12 854
12 861
12 862
12 864
12 884
12 896
12 918
12 960
12 989
12 1024
12 1030
12 1041
12 1053
12 1054
12 1110
12 1117
12 1152
12 1162
12 1165
12 1174
12 1181
12 1226
12 1231
12 1235
12 1238
13 0
13 6
13 7
13 10
13 11
13 12
13 17
13 28
13 29
13 32
13 37
13 38
13 64
13 70
13 71
13 74
13 76
13 77
13 79
13 81
13 86
13 93
13 94
13 96
13 128
13 134
13 135
13 138
13 140
13 141
13 143
13 144
13 145
13 150
13 156
13 157
13 158
13 160
13 164
13 198
13 199
13 202
13 203
13 205
13 207
13 209
13 214
13 219
13 221
13 222
13 226
13 230
13 246
13 256
13 262
13 270
13 273
13 275
13 285
13 286
13 310
13 320
13 326
13 327
13 334
13 337
13 339
13 342
13 349
13 350
13 390
13 391
13 394
13 396
13 398
13 399
13 401
13 406
13 411
13 413
13 414
13 416
13 421
13 448
13 454
13 462
13 465
13 467
13 477
13 512
13 518
13 519
13 522
13 527
13 531
13 541
13 576
13 582
13 583
13 587
13 588
13 589
13 591
13 593
13 598
13 603
13 605
13 606
13 612
13 640
13 646
13 647
13 650
13 653
13 655
13 657
13 662
13 669
13 670
13 676
13 694
13 704
13 711
13 714
13 716
13 719
13 721
13 734
13 736
13 770
13 775
13 778
13 779
13 780
13 781
13 783
13 790
13 796
13 797
13 798
13 799
13 800
13 802
13 806
13 832
13 833
13 839
13 842
13 843
13 844
13 845
13 847
13 854
13 860
13 862
13 864
13 884
13 896
13 907
13 908
13 909
13 911
13 918
13 967
13 982
13 989
13 1024
13 1031
13 1053
13 1110
13 1163
13 1174
13 1226
13 1231
13 1238
13 1252
14 0
14 6
14 7
14 12
14 19
14 32
14 64
14 70
14 71
14 78
14 79
14 83
14 93
14 94
14 96
14 128
14 134
14 135
14 140
14 142
14 145
14 147
14 150
14 156
14 157
14 192
14 198
14 199
14 203
14 206
14 209
14 211
14 214
14 221
14 222
14 230
14 270
14 273
14 275
14 285
14 327
14 334
14 337
14 339
14 384
14 391
14 398
14 401
14 403
14 413
14 448
14 465
14 467
14 477
14 512
14 518
14 519
14 526
14 529
14 531
14 541
14 576
14 582
14 587
14 590
14 593
14 595
14 598
14 605
14 606
14 640
14 646
14 647
14 654
14 657
14 659
14 662
14 669
14 704
14 710
14 711
14 716
14 718
14 719
14 721
14 723
14 733
14 734
14 768
14 774
14 775
14 778
14 780
14 781
14 782
14 783
14 785
14 787
14 790
14 796
14 797
14 798
14 799
14 832
14 838
14 839
14 845
14 846
14 849
14 851
14 861
14 862
14 902
14 910
14 913
14 915
14 925
14 966
14 974
14 977
14 979
14 1038
14 1043
14 1088
14 1094
14 1102
14 1105
14 1107
14 1117
14 1158
14 1166
14 1169
14 1171
14 1181
14 1216
14 1222
14 1223
14 1230
14 1233
14 1245
15 10
15 17
15 28
15 29
15 37
15 74
15 75
15 79
15 86
15 139
15 143
15 144
15 155
15 207
15 223
15 226
15 228
15 263
15 308
15 310
15 342
15 394
15 395
15 406
15 411
15 416
15 421
15 454
15 455
15 522
15 527
15 580
15 586
15 604
15 608
15 650
15 653
15 676
15 726
15 736
15 754
15 770
15 772
15 801
15 820
15 836
15 848
15 860
15 884
15 886
15 1116
15 1124
15 1153
15 1164
15 1167
15 1202
15 1227
15 1229
15 1271
16 80
16 144
16 208
17 10
17 11
17 12
17 13
17 15
17 28
17 29
17 32
17 37
17 38
17 70
17 74
17 75
17 76
17 77
17 79
17 81
17 86
17 93
17 96
17 138
17 139
17 140
17 143
17 144
17 145
17 155
17 156
17 158
17 160
17 164
17 202
17 203
17 205
17 207
17 209
17 219
17 223
17 226
17 228
17 230
17 246
17 256
17 262
17 270
17 285
17 286
17 308
17 310
17 320
17 326
17 334
17 342
17 349
17 350
17 390
17 391
17 394
17 395
17 396
17 399
17 406
17 411
17 414
17 416
17 421
17 448
17 454
17 462
17 465
17 467
17 518
17 519
17 522
17 527
17 580
17 583
17 586
17 587
17 588
17 589
17 591
17 598
17 603
17 604
17 606
17 608
17 612
17 646
17 647
17 650
17 653
17 655
17 662
17 670
17 676
17 694
17 714
17 716
17 736
17 770
17 779
17 790
17 796
17 799
17 800
17 801
17 802
17 806
17 820
17 833
17 836
17 839
17 842
17 843
17 844
17 847
17 854
17 860
17 864
17 884
17 903
17 907
17 911
17 924
17 932
17 967
17 1031
17 1039
17 1052
17 1095
17 1103
17 1118
17 1126
17 1161
17 1177
17 1179
17 1182
17 1184
17 1188
17 1244
17 1252
18 82
18 146
18 210
18 220
18 648
19 0
19 6
19 7
19 12
19 14
19 32
19 64
19 71
19 78
19 79
19 83
19 93
19 94
19 96
19 128
19 134
19 135
19 140
19 142
19 145
19 147
19 150
19 156
19 157
19 192
19 198
19 199
19 203
19 206
19 209
19 211
19 214
19 221
19 222
19 270
19 273
19 275
19 285
19 327
19 337
19 339
19 384
19 391
19 398
19 401
19 403
19 413
19 465
19 467
19 477
19 512
19 518
19 519
19 526
19 529
19 531
19 541
19 576
19 582
19 590
19 593
19 595
19 598
19 605
19 606
19 640
19 646
19 647
19 654
19 657
19 659
19 662
19 669
19 704
19 710
19 711
19 716
19 718
19 719
19 721
19 723
19 733
19 734
19 768
19 774
19 775
19 778
19 780
19 781
19 782
19 783
19 785
19 787
19 790
19 797
19 798
19 799
19 832
19 838
19 839
19 845
19 846
19 849
19 851
19 861
19 862
19 902
19 910
19 913
19 915
19 925
19 966
19 977
19 979
19 1043
19 1094
19 1102
19 1105
19 1107
19 1158
19 1166
19 1169
19 1171
19 1216
19 1222
19 1223
19 1230
19 1233
19 1245
20 84
20 148
20 178
20 212
20 242
21 85
21 149
21 213
21 744
21 1044
22 86
22 150
22 214
22 717
22 1101
22 1170
23 87
23 151
23 175
23 215
24 88
24 152
24 216
24 300
24 697
25 65
25 89
25 153
25 217
25 602
25 660
26 90
26 154
26 218
26 532
26 628
27 91
27 155
27 219
28 10
28 11
28 12
28 13
28 15
28 17
28 29
28 32
28 37
28 38
28 70
28 74
28 75
28 76
28 77
28 79
28 81
28 86
28 92
28 93
28 96
28 138
28 139
28 140
28 143
28 144
28 150
28 155
28 156
28 158
28 160
28 164
28 202
28 203
28 205
28 207
28 219
28 220
28 223
28 226
28 228
28 230
28 246
28 256
28 262
28 270
28 285
28 286
28 308
28 310
28 320
28 326
28 334
28 342
28 349
28 350
28 390
28 391
28 394
28 395
28 396
28 399
28 406
28 411
28 414
28 416
28 421
28 448
28 454
28 462
28 465
28 467
28 518
28 519
28 522
28 527
28 580
28 583
28 586
28 587
28 588
28 589
28 591
28 598
28 603
28 604
28 606
28 608
28 612
28 646
28 647
28 650
28 653
28 655
28 662
28 670
28 676
28 694
28 714
28 716
28 736
28 770
28 779
28 790
28 796
28 799
28 800
28 801
28 802
28 806
28 820
28 833
28 836
28 839
28 842
28 843
28 844
28 847
28 854
28 860
28 864
28 884
28 903
28 907
28 911
28 924
28 932
28 967
28 1031
28 1039
28 1052
28 1095
28 1103
28 1118
28 1126
28 1161
28 1177
28 1179
28 1182
28 1184
28 1188
28 1244
28 1252
29 10
29 11
29 13
29 15
29 17
29 28
29 37
29 38
29 70
29 74
29 75
29 76
29 77
29 81
29 86
29 93
29 138
29 139
29 143
29 144
29 155
29 157
29 158
29 160
29 164
29 202
29 205
29 207
29 219
29 221
29 223
29 226
29 228
29 246
29 256
29 262
29 263
29 286
29 308
29 310
29 320
29 326
29 334
29 342
29 349
29 350
29 390
29 394
29 395
29 396
29 399
29 406
29 411
29 414
29 416
29 421
29 448
29 454
29 455
29 462
29 522
29 527
29 580
29 583
29 586
29 587
29 588
29 589
29 591
29 603
29 604
29 608
29 612
29 650
29 653
29 655
29 670
29 676
29 694
29 714
29 736
29 770
29 772
29 779
29 800
29 801
29 802
29 806
29 820
29 833
29 836
29 842
29 843
29 844
29 847
29 848
29 854
29 860
29 864
29 884
29 906
29 950
29 1052
29 1103
29 1118
29 1120
29 1177
29 1179
29 1182
29 1227
29 1271
30 94
30 152
30 158
30 222
31 95
31 159
31 223
31 822
32 0
32 6
32 7
32 11
32 12
32 13
32 14
32 17
32 19
32 28
32 37
32 38
32 64
32 70
32 71
32 76
32 77
32 79
32 81
32 83
32 93
32 94
32 96
32 128
32 134
32 135
32 138
32 140
32 143
32 144
32 145
32 147
32 150
32 156
32 157
32 158
32 160
32 164
32 192
32 198
32 199
32 202
32 203
32 205
32 206
32 209
32 214
32 219
32 221
32 222
32 224
32 230
32 246
32 256
32 262
32 270
32 273
32 275
32 285
32 286
32 320
32 326
32 327
32 334
32 337
32 339
32 349
32 350
32 384
32 390
32 391
32 394
32 396
32 398
32 399
32 401
32 413
32 414
32 416
32 448
32 462
32 465
32 467
32 477
32 512
32 518
32 519
32 526
32 529
32 531
32 541
32 576
32 582
32 583
32 587
32 588
32 589
32 591
32 593
32 595
32 598
32 603
32 605
32 606
32 612
32 640
32 646
32 647
32 650
32 654
32 655
32 657
32 659
32 662
32 669
32 670
32 694
32 704
32 710
32 711
32 714
32 716
32 718
32 719
32 721
32 723
32 733
32 734
32 736
32 768
32 775
32 778
32 779
32 780
32 781
32 783
32 787
32 790
32 796
32 797
32 798
32 799
32 800
32 802
32 806
32 832
32 833
32 838
32 839
32 842
32 843
32 844
32 845
32 846
32 847
32 849
32 851
32 854
32 861
32 862
32 864
32 884
32 896
32 918
32 960
32 974
32 989
32 1024
32 1030
32 1038
32 1041
32 1053
32 1054
32 1110
32 1117
32 1152
32 1162
32 1165
32 1174
32 1181
32 1226
32 1231
32 1235
32 1238
33 97
33 161
33 225
33 1108
34 98
34 162
34 226
34 542
34 544
34 1187
35 99
35 163
35 227
36 100
36 164
36 228
37 10
37 11
37 12
37 13
37 15
37 17
37 28
37 29
37 32
37 38
37 70
37 71
37 74
37 75
37 76
37 77
37 79
37 81
37 86
37 93
37 96
37 101
37 138
37 139
37 140
37 143
37 144
37 150
37 155
37 156
37 158
37 160
37 164
37 165
37 202
37 203
37 205
37 207
37 219
37 223
37 226
37 228
37 229
37 230
37 246
37 256
37 262
37 270
37 273
37 285
37 286
37 308
37 310
37 320
37 326
37 334
37 342
37 349
37 350
37 390
37 391
37 394
37 395
37 396
37 399
37 406
37 411
37 414
37 416
37 421
37 448
37 454
37 462
37 465
37 467
37 518
37 519
37 522
37 527
37 541
37 580
37 583
37 586
37 587
37 588
37 589
37 591
37 598
37 603
37 604
37 606
37 608
37 612
37 646
37 647
37 650
37 653
37 655
37 662
37 670
37 676
37 694
37 714
37 716
37 736
37 770
37 779
37 790
37 796
37 799
37 800
37 801
37 802
37 806
37 820
37 833
37 836
37 839
37 842
37 843
37 844
37 847
37 854
37 860
37 864
37 884
37 903
37 907
37 911
37 924
37 932
37 967
37 1031
37 1039
37 1052
37 1095
37 1103
37 1118
37 1126
37 1161
37 1177
37 1179
37 1182
37 1184
37 1188
37 1244
37 1252
38 0
38 7
38 10
38 11
38 12
38 13
38 17
38 28
38 29
38 32
38 37
38 64
38 70
38 71
38 74
38 76
38 77
38 79
38 81
38 86
38 93
38 94
38 96
38 102
38 128
38 134
38 135
38 138
38 140
38 143
38 144
38 145
38 150
38 156
38 157
38 158
38 160
38 164
38 166
38 199
38 202
38 203
38 205
38 207
38 209
38 214
38 219
38 221
38 222
38 226
38 230
38 246
38 256
38 262
38 270
38 273
38 275
38 285
38 286
38 310
38 320
38 326
38 327
38 334
38 337
38 339
38 342
38 349
38 350
38 390
38 391
38 394
38 396
38 399
38 401
38 406
38 411
38 413
38 414
38 416
38 421
38 448
38 454
38 462
38 465
38 467
38 477
38 512
38 518
38 519
38 522
38 527
38 541
38 576
38 582
38 583
38 587
38 588
38 589
38 591
38 593
38 598
38 603
38 604
38 605
38 606
38 612
38 640
38 646
38 647
38 650
38 653
38 655
38 657
38 662
38 669
38 670
38 676
38 694
38 704
38 711
38 714
38 716
38 719
38 721
38 734
38 736
38 770
38 775
38 778
38 779
38 780
38 781
38 790
38 796
38 797
38 798
38 799
38 800
38 802
38 806
38 832
38 833
38 836
38 839
38 842
38 843
38 844
38 845
38 847
38 854
38 860
38 862
38 864
38 884
38 896
38 907
38 908
38 909
38 911
38 967
38 982
38 1024
38 1031
38 1039
38 1053
38 1095
38 1110
38 1163
38 1174
38 1184
38 1226
38 1231
38 1238
38 1252
39 103
39 167
39 231
39 923
40 104
40 168
40 232
40 282
40 1049
41 105
41 169
41 215
41 233
41 236
41 498
41 725
41 1005
42 106
42 170
42 234
42 764
42 767
43 107
43 171
43 235
43 1259
43 1272
44 108
44 172
44 236
44 1129
45 109
45 173
45 237
45 1154
45 1186
46 110
46 174
46 238
46 345
47 111
47 175
47 239
47 536
47 1137
48 112
48 176
48 240
48 927
48 1067
49 62
49 113
49 177
49 241
49 617
49 755
50 114
50 178
50 242
50 693
51 115
51 179
51 243
51 354
51 460
51 631
51 747
51 1063
52 116
52 180
52 244
53 117
53 181
53 245
53 419
53 1025
54 118
54 182
54 246
54 737
54 771
55 119
55 183
55 247
55 791
56 120
56 184
56 248
56 1074
56 1262
57 121
57 185
57 249
58 122
58 186
58 250
58 538
59 123
59 187
59 251
59 363
59 511
59 1003
60 122
60 124
60 188
60 252
60 879
61 125
61 189
61 253
61 506
61 984
62 49
62 126
62 190
62 254
62 617
62 755
63 127
63 191
63 255
63 810
64 0
64 6
64 7
64 12
64 13
64 14
64 19
64 32
64 38
64 70
64 71
64 76
64 77
64 78
64 79
64 81
64 83
64 93
64 94
64 96
64 128
64 134
64 135
64 140
64 142
64 145
64 147
64 150
64 156
64 157
64 164
64 192
64 198
64 199
64 203
64 205
64 206
64 209
64 211
64 214
64 219
64 221
64 222
64 230
64 256
64 270
64 273
64 275
64 285
64 286
64 320
64 327
64 334
64 337
64 339
64 350
64 384
64 391
64 398
64 401
64 403
64 413
64 448
64 465
64 467
64 477
64 512
64 518
64 519
64 526
64 529
64 531
64 541
64 576
64 582
64 587
64 588
64 589
64 590
64 591
64 593
64 595
64 598
64 605
64 606
64 640
64 646
64 647
64 654
64 655
64 657
64 659
64 662
64 669
64 704
64 710
64 711
64 714
64 716
64 718
64 719
64 721
64 723
64 733
64 734
64 768
64 774
64 775
64 778
64 780
64 781
64 782
64 783
64 785
64 787
64 790
64 796
64 797
64 798
64 799
64 800
64 802
64 806
64 832
64 838
64 839
64 842
64 844
64 845
64 846
64 847
64 849
64 851
64 854
64 861
64 862
64 896
64 902
64 908
64 910
64 913
64 915
64 918
64 925
64 960
64 966
64 974
64 977
64 979
64 1030
64 1038
64 1041
64 1043
64 1054
64 1088
64 1094
64 1102
64 1105
64 1117
64 1152
64 1162
64 1165
64 1166
64 1169
64 1171
64 1181
64 1216
64 1223
64 1230
64 1233
64 1235
64 1245
65 1
65 25
65 129
65 193
65 257
65 602
65 660
66 2
66 130
66 194
66 258
67 3
67 131
67 195
67 259
67 1000
67 1028
68 4
68 132
68 196
68 260
68 674
69 5
69 133
69 197
69 261
69 990
70 0
70 6
70 7
70 10
70 11
70 12
70 13
70 14
70 17
70 28
70 29
70 32
70 37
70 38
70 64
70 71
70 74
70 76
70 77
70 79
70 81
70 83
70 86
70 93
70 94
70 96
70 128
70 134
70 135
70 138
70 140
70 143
70 144
70 145
70 150
70 156
70 157
70 158
70 160
70 164
70 198
70 199
70 202
70 203
70 205
70 209
70 214
70 219
70 221
70 222
70 226
70 230
70 246
70 256
70 262
70 270
70 273
70 275
70 285
70 286
70 310
70 320
70 326
70 327
70 334
70 337
70 339
70 342
70 349
70 350
70 384
70 390
70 391
70 394
70 396
70 398
70 399
70 401
70 406
70 411
70 413
70 414
70 416
70 421
70 448
70 454
70 462
70 465
70 467
70 477
70 512
70 518
70 519
70 522
70 526
70 527
70 529
70 531
70 541
70 576
70 582
70 583
70 587
70 588
70 589
70 591
70 593
70 598
70 603
70 605
70 606
70 612
70 640
70 646
70 647
70 650
70 653
70 655
70 657
70 659
70 662
70 669
70 670
70 676
70 694
70 704
70 711
70 714
70 716
70 718
70 719
70 721
70 733
70 734
70 736
70 770
70 775
70 778
70 779
70 780
70 781
70 783
70 790
70 796
70 797
70 798
70 799
70 800
70 802
70 806
70 832
70 833
70 839
70 842
70 843
70 844
70 845
70 847
70 854
70 862
70 864
70 884
70 896
70 903
70 907
70 908
70 909
70 911
70 918
70 924
70 932
70 982
70 989
70 1024
70 1031
70 1053
70 1110
70 1163
70 1174
70 1226
70 1231
70 1238
71 0
71 6
71 7
71 11
71 12
71 13
71 14
71 19
71 32
71 37
71 38
71 64
71 70
71 76
71 77
71 78
71 79
71 81
71 83
71 93
71 94
71 96
71 128
71 134
71 135
71 138
71 140
71 143
71 144
71 145
71 147
71 150
71 156
71 157
71 158
71 160
71 164
71 192
71 198
71 199
71 202
71 203
71 205
71 206
71 209
71 214
71 219
71 221
71 222
71 230
71 246
71 256
71 262
71 263
71 270
71 273
71 275
71 285
71 286
71 320
71 326
71 327
71 334
71 337
71 339
71 349
71 350
71 384
71 390
71 391
71 394
71 396
71 398
71 399
71 401
71 413
71 414
71 416
71 448
71 462
71 465
71 467
71 477
71 512
71 518
71 519
71 526
71 529
71 531
71 541
71 576
71 582
71 583
71 587
71 588
71 589
71 591
71 593
71 595
71 598
71 603
71 605
71 606
71 612
71 640
71 646
71 647
71 650
71 654
71 655
71 657
71 659
71 662
71 669
71 670
71 694
71 704
71 710
71 711
71 714
71 716
71 718
71 719
71 721
71 723
71 733
71 734
71 736
71 768
71 775
71 778
71 779
71 780
71 781
71 783
71 785
71 787
71 790
71 796
71 797
71 798
71 799
71 800
71 802
71 806
71 832
71 833
71 838
71 839
71 842
71 843
71 844
71 845
71 846
71 847
71 849
71 851
71 854
71 861
71 862
71 864
71 884
71 896
71 902
71 903
71 907
71 908
71 909
71 910
71 911
71 913
71 915
71 918
71 924
71 925
71 932
71 960
71 974
71 989
71 1024
71 1030
71 1038
71 1041
71 1053
71 1054
71 1088
71 1117
71 1152
71 1162
71 1165
71 1169
71 1181
71 1226
71 1231
71 1235
71 1238
71 1245
72 8
72 136
72 200
72 264
72 306
73 9
73 137
73 201
73 265
73 329
73 393
73 457
73 521
73 581
73 645
73 713
73 777
73 837
73 905
73 968
73 1033
73 1097
73 1157
73 1221
74 10
74 11
74 13
74 15
74 17
74 28
74 29
74 37
74 38
74 70
74 75
74 76
74 77
74 81
74 86
74 96
74 138
74 139
74 140
74 143
74 144
74 155
74 156
74 158
74 160
74 164
74 202
74 205
74 207
74 219
74 223
74 226
74 228
74 230
74 246
74 256
74 262
74 263
74 266
74 270
74 285
74 286
74 308
74 310
74 320
74 326
74 334
74 342
74 349
74 350
74 390
74 391
74 394
74 395
74 396
74 399
74 406
74 411
74 414
74 416
74 421
74 448
74 454
74 455
74 462
74 465
74 522
74 527
74 580
74 583
74 586
74 587
74 588
74 589
74 591
74 598
74 603
74 604
74 606
74 608
74 612
74 646
74 650
74 653
74 655
74 670
74 676
74 694
74 714
74 716
74 736
74 770
74 779
74 790
74 796
74 800
74 801
74 802
74 806
74 820
74 833
74 836
74 839
74 842
74 843
74 844
74 847
74 854
74 860
74 864
74 884
74 903
74 906
74 907
74 908
74 909
74 911
74 924
74 932
74 950
74 1039
74 1052
74 1103
74 1118
74 1120
74 1126
74 1161
74 1177
74 1179
74 1182
74 1184
74 1188
74 1244
75 10
75 11
75 15
75 17
75 28
75 29
75 37
75 74
75 86
75 139
75 143
75 144
75 155
75 160
75 203
75 207
75 223
75 226
75 228
75 263
75 267
75 308
75 310
75 342
75 394
75 395
75 406
75 411
75 416
75 421
75 454
75 455
75 522
75 527
75 580
75 583
75 586
75 604
75 608
75 650
75 653
75 676
75 726
75 736
75 754
75 770
75 772
75 801
75 820
75 836
75 848
75 860
75 884
75 886
75 906
75 932
75 950
75 1116
75 1124
75 1153
75 1164
75 1167
75 1202
75 1227
75 1229
75 1271
76 0
76 6
76 7
76 10
76 11
76 12
76 13
76 17
76 28
76 29
76 32
76 37
76 38
76 64
76 70
76 71
76 74
76 77
76 79
76 81
76 86
76 93
76 94
76 96
76 128
76 134
76 135
76 138
76 140
76 143
76 144
76 145
76 150
76 156
76 157
76 158
76 160
76 164
76 199
76 202
76 203
76 204
76 205
76 207
76 209
76 214
76 219
76 221
76 222
76 226
76 230
76 246
76 256
76 262
76 268
76 270
76 273
76 275
76 285
76 286
76 310
76 320
76 326
76 327
76 334
76 337
76 339
76 342
76 349
76 350
76 390
76 391
76 394
76 396
76 399
76 401
76 406
76 411
76 413
76 414
76 416
76 421
76 448
76 454
76 462
76 465
76 467
76 477
76 512
76 518
76 519
76 522
76 527
76 531
76 541
76 576
76 582
76 583
76 587
76 588
76 589
76 591
76 593
76 598
76 603
76 605
76 606
76 612
76 640
76 646
76 647
76 650
76 653
76 655
76 657
76 662
76 669
76 670
76 676
76 694
76 704
76 711
76 714
76 716
76 719
76 721
76 734
76 736
76 770
76 775
76 778
76 779
76 780
76 781
76 783
76 790
76 796
76 797
76 798
76 799
76 800
76 802
76 806
76 832
76 833
76 839
76 842
76 843
76 844
76 845
76 847
76 854
76 860
76 862
76 864
76 884
76 896
76 903
76 907
76 908
76 909
76 911
76 918
76 924
76 932
76 967
76 982
76 1024
76 1031
76 1053
76 1095
76 1110
76 1163
76 1174
76 1226
76 1231
76 1238
76 1252
77 0
77 7
77 10
77 11
77 12
77 13
77 17
77 28
77 29
77 32
77 37
77 38
77 64
77 70
77 71
77 74
77 76
77 79
77 81
77 86
77 93
77 94
77 96
77 134
77 135
77 138
77 140
77 141
77 143
77 144
77 145
77 150
77 156
77 157
77 158
77 160
77 164
77 199
77 202
77 203
77 205
77 207
77 209
77 214
77 219
77 222
77 226
77 230
77 246
77 256
77 262
77 269
77 270
77 273
77 275
77 285
77 286
77 310
77 320
77 326
77 327
77 334
77 337
77 339
77 342
77 349
77 350
77 390
77 391
77 394
77 396
77 399
77 401
77 406
77 411
77 413
77 414
77 416
77 421
77 448
77 454
77 462
77 465
77 467
77 477
77 512
77 518
77 519
77 522
77 527
77 541
77 576
77 582
77 583
77 587
77 588
77 589
77 591
77 593
77 598
77 603
77 604
77 605
77 606
77 612
77 640
77 646
77 647
77 650
77 653
77 655
77 657
77 662
77 669
77 670
77 676
77 694
77 704
77 711
77 714
77 716
77 719
77 734
77 736
77 770
77 775
77 778
77 779
77 780
77 781
77 790
77 796
77 797
77 798
77 799
77 800
77 802
77 806
77 832
77 833
77 836
77 839
77 842
77 843
77 844
77 845
77 847
77 854
77 860
77 862
77 864
77 884
77 896
77 903
77 906
77 907
77 908
77 909
77 911
77 918
77 924
77 932
77 950
77 967
77 982
77 1031
77 1039
77 1053
77 1095
77 1110
77 1163
77 1174
77 1184
77 1188
77 1226
77 1231
77 1238
77 1244
77 1252
78 0
78 6
78 7
78 14
78 19
78 64
78 71
78 83
78 94
78 128
78 134
78 135
78 142
78 145
78 147
78 150
78 157
78 192
78 198
78 199
78 206
78 209
78 211
78 214
78 221
78 222
78 270
78 273
78 275
78 327
78 337
78 339
78 384
78 398
78 401
78 403
78 413
78 477
78 512
78 526
78 529
78 531
78 541
78 576
78 582
78 590
78 593
78 595
78 605
78 640
78 654
78 657
78 659
78 669
78 704
78 710
78 711
78 718
78 719
78 721
78 723
78 733
78 734
78 768
78 774
78 775
78 778
78 780
78 781
78 782
78 783
78 785
78 787
78 797
78 798
78 832
78 838
78 845
78 846
78 849
78 851
78 861
78 862
78 902
78 910
78 913
78 915
78 925
78 966
78 977
78 979
78 1107
78 1158
78 1166
78 1222
78 1230
78 1233
79 0
79 6
79 7
79 11
79 12
79 13
79 14
79 15
79 17
79 19
79 28
79 32
79 37
79 38
79 64
79 70
79 71
79 76
79 77
79 81
79 83
79 93
79 94
79 96
79 128
79 134
79 135
79 138
79 140
79 143
79 144
79 145
79 147
79 150
79 156
79 157
79 158
79 160
79 164
79 192
79 198
79 199
79 202
79 203
79 205
79 206
79 207
79 209
79 214
79 219
79 221
79 222
79 230
79 246
79 256
79 262
79 270
79 271
79 273
79 275
79 285
79 286
79 320
79 326
79 327
79 334
79 337
79 339
79 349
79 350
79 384
79 390
79 391
79 394
79 396
79 398
79 399
79 401
79 413
79 414
79 416
79 448
79 462
79 465
79 467
79 477
79 512
79 518
79 519
79 526
79 529
79 531
79 541
79 576
79 582
79 583
79 587
79 588
79 589
79 591
79 593
79 595
79 598
79 603
79 605
79 606
79 612
79 640
79 646
79 647
79 650
79 654
79 655
79 657
79 659
79 662
79 669
79 670
79 694
79 704
79 710
79 711
79 714
79 716
79 718
79 719
79 721
79 723
79 733
79 734
79 736
79 768
79 775
79 778
79 779
79 780
79 781
79 783
79 787
79 790
79 796
79 797
79 798
79 799
79 800
79 802
79 806
79 832
79 833
79 838
79 839
79 842
79 843
79 844
79 845
79 846
79 847
79 849
79 851
79 854
79 861
79 862
79 864
79 884
79 896
79 902
79 903
79 907
79 908
79 909
79 910
79 911
79 913
79 915
79 918
79 924
79 925
79 932
79 960
79 974
79 989
79 1024
79 1030
79 1038
79 1041
79 1053
79 1054
79 1110
79 1117
79 1152
79 1162
79 1165
79 1174
79 1181
79 1226
79 1231
79 1235
79 1238
80 16
80 144
80 208
80 272
81 0
81 6
81 7
81 10
81 11
81 12
81 13
81 17
81 28
81 29
81 32
81 37
81 38
81 64
81 70
81 71
81 74
81 76
81 77
81 79
81 86
81 93
81 94
81 96
81 128
81 134
81 135
81 138
81 140
81 143
81 144
81 145
81 150
81 156
81 157
81 158
81 160
81 164
81 198
81 199
81 202
81 203
81 205
81 207
81 209
81 214
81 219
81 221
81 222
81 226
81 230
81 246
81 256
81 262
81 270
81 273
81 275
81 285
81 286
81 310
81 320
81 326
81 327
81 334
81 337
81 339
81 342
81 349
81 350
81 390
81 391
81 394
81 396
81 398
81 399
81 401
81 406
81 411
81 413
81 414
81 416
81 421
81 448
81 454
81 462
81 465
81 467
81 477
81 512
81 518
81 519
81 522
81 527
81 531
81 541
81 576
81 582
81 583
81 587
81 588
81 589
81 591
81 593
81 598
81 603
81 605
81 606
81 612
81 640
81 646
81 647
81 650
81 653
81 655
81 657
81 662
81 669
81 670
81 676
81 694
81 704
81 711
81 714
81 716
81 719
81 721
81 734
81 736
81 770
81 775
81 778
81 779
81 780
81 781
81 783
81 790
81 796
81 797
81 798
81 799
81 800
81 802
81 806
81 832
81 833
81 839
81 842
81 843
81 844
81 845
81 847
81 854
81 860
81 862
81 864
81 884
81 896
81 903
81 907
81 908
81 909
81 911
81 918
81 924
81 932
81 967
81 982
81 989
81 1024
81 1031
81 1053
81 1110
81 1163
81 1174
81 1226
81 1231
81 1238
81 1252
82 18
82 146
82 172
82 210
82 274
82 302
83 0
83 6
83 7
83 12
83 14
83 19
83 32
83 64
83 70
83 71
83 78
83 79
83 93
83 94
83 96
83 128
83 134
83 135
83 140
83 142
83 145
83 147
83 150
83 156
83 157
83 192
83 198
83 199
83 203
83 206
83 209
83 211
83 214
83 221
83 222
83 230
83 270
83 273
83 275
83 285
83 327
83 337
83 339
83 384
83 391
83 398
83 401
83 403
83 413
83 465
83 467
83 477
83 512
83 518
83 519
83 526
83 529
83 531
83 541
83 576
83 582
83 587
83 590
83 593
83 595
83 598
83 605
83 606
83 640
83 646
83 647
83 654
83 657
83 659
83 662
83 669
83 704
83 710
83 711
83 716
83 718
83 719
83 721
83 723
83 733
83 734
83 768
83 774
83 775
83 778
83 780
83 781
83 782
83 783
83 785
83 787
83 790
83 796
83 797
83 798
83 799
83 832
83 838
83 839
83 845
83 846
83 849
83 851
83 861
83 862
83 896
83 902
83 910
83 913
83 915
83 918
83 925
83 966
83 974
83 977
83 979
83 1038
83 1043
83 1088
83 1094
83 1102
83 1105
83 1107
83 1158
83 1166
83 1169
83 1171
83 1216
83 1222
83 1223
83 1230
83 1233
83 1245
84 20
84 148
84 212
84 276
85 21
85 105
85 149
85 213
85 277
86 10
86 11
86 13
86 15
86 17
86 22
86 28
86 29
86 37
86 38
86 70
86 74
86 75
86 76
86 77
86 81
86 138
86 139
86 143
86 144
86 150
86 155
86 158
86 160
86 164
86 202
86 205
86 207
86 214
86 219
86 223
86 226
86 228
86 246
86 256
86 262
86 263
86 278
86 286
86 308
86 310
86 320
86 326
86 334
86 342
86 349
86 350
86 390
86 394
86 395
86 396
86 399
86 406
86 411
86 414
86 416
86 421
86 448
86 454
86 455
86 462
86 522
86 527
86 580
86 583
86 586
86 587
86 588
86 589
86 591
86 603
86 604
86 608
86 612
86 650
86 653
86 655
86 670
86 676
86 694
86 714
86 736
86 770
86 772
86 779
86 800
86 801
86 802
86 806
86 820
86 833
86 836
86 842
86 843
86 844
86 847
86 848
86 854
86 860
86 864
86 884
86 903
86 906
86 907
86 908
86 909
86 911
86 924
86 932
86 950
86 1052
86 1103
86 1118
86 1120
86 1177
86 1179
86 1182
86 1227
86 1271
87 23
87 151
87 215
87 279
88 2
88 24
88 103
88 152
88 216
88 280
88 1060
89 25
89 153
89 217
89 281
90 26
90 109
90 154
90 218
90 282
91 27
91 155
91 219
91 283
92 28
92 156
92 220
92 284
92 690
92 1266
93 0
93 6
93 7
93 11
93 12
93 13
93 14
93 17
93 19
93 28
93 29
93 32
93 37
93 38
93 64
93 70
93 71
93 76
93 77
93 79
93 81
93 83
93 94
93 96
93 128
93 134
93 135
93 138
93 140
93 143
93 144
93 145
93 147
93 150
93 156
93 157
93 158
93 160
93 164
93 192
93 198
93 199
93 202
93 203
93 205
93 206
93 209
93 214
93 219
93 221
93 222
93 230
93 246
93 256
93 262
93 270
93 273
93 275
93 285
93 286
93 320
93 326
93 327
93 334
93 337
93 339
93 349
93 350
93 384
93 390
93 391
93 394
93 396
93 398
93 399
93 401
93 413
93 414
93 416
93 448
93 462
93 465
93 467
93 477
93 512
93 518
93 519
93 526
93 529
93 531
93 541
93 576
93 582
93 583
93 587
93 588
93 589
93 591
93 593
93 595
93 598
93 603
93 605
93 606
93 612
93 640
93 646
93 647
93 650
93 654
93 655
93 657
93 659
93 662
93 669
93 670
93 694
93 704
93 710
93 711
93 714
93 716
93 718
93 719
93 721
93 723
93 733
93 734
93 736
93 768
93 775
93 778
93 779
93 780
93 781
93 783
93 787
93 790
93 796
93 797
93 798
93 799
93 800
93 802
93 806
93 832
93 833
93 838
93 839
93 842
93 843
93 844
93 845
93 846
93 847
93 849
93 851
93 854
93 861
93 862
93 864
93 884
93 896
93 902
93 903
93 907
93 908
93 909
93 910
93 911
93 913
93 915
93 918
93 924
93 925
93 932
93 960
93 974
93 989
93 1024
93 1030
93 1038
93 1041
93 1053
93 1054
93 1110
93 1117
93 1152
93 1162
93 1165
93 1174
93 1181
93 1226
93 1231
93 1235
93 1238
94 0
94 6
94 7
94 11
94 12
94 13
94 14
94 19
94 30
94 32
94 38
94 64
94 70
94 71
94 76
94 77
94 78
94 79
94 81
94 83
94 93
94 96
94 128
94 134
94 135
94 138
94 140
94 144
94 145
94 147
94 150
94 156
94 157
94 158
94 160
94 164
94 192
94 198
94 199
94 202
94 203
94 205
94 206
94 209
94 214
94 219
94 221
94 222
94 230
94 246
94 256
94 262
94 270
94 273
94 275
94 285
94 286
94 320
94 326
94 327
94 334
94 337
94 339
94 349
94 350
94 384
94 390
94 391
94 394
94 396
94 398
94 399
94 401
94 403
94 413
94 414
94 448
94 462
94 465
94 467
94 477
94 512
94 518
94 519
94 526
94 529
94 531
94 541
94 576
94 582
94 583
94 587
94 588
94 589
94 591
94 593
94 595
94 598
94 603
94 605
94 606
94 612
94 640
94 646
94 647
94 650
94 654
94 655
94 657
94 659
94 662
94 669
94 670
94 694
94 704
94 710
94 711
94 714
94 716
94 718
94 719
94 721
94 723
94 733
94 734
94 736
94 768
94 775
94 778
94 779
94 780
94 781
94 783
94 785
94 787
94 790
94 796
94 797
94 798
94 799
94 800
94 802
94 806
94 832
94 833
94 838
94 839
94 842
94 843
94 844
94 845
94 846
94 847
94 849
94 851
94 854
94 861
94 862
94 864
94 896
94 902
94 903
94 907
94 908
94 909
94 910
94 911
94 913
94 915
94 918
94 924
94 925
94 932
94 960
94 974
94 989
94 1024
94 1030
94 1038
94 1041
94 1043
94 1053
94 1054
94 1088
94 1102
94 1117
94 1152
94 1162
94 1165
94 1169
94 1181
94 1216
94 1226
94 1231
94 1235
94 1238
94 1245
95 31
95 159
95 223
95 287
96 0
96 6
96 7
96 11
96 12
96 13
96 14
96 17
96 19
96 28
96 32
96 37
96 38
96 64
96 70
96 71
96 74
96 76
96 77
96 79
96 81
96 83
96 93
96 94
96 128
96 134
96 135
96 138
96 140
96 143
96 144
96 145
96 150
96 156
96 157
96 158
96 160
96 164
96 192
96 198
96 199
96 202
96 203
96 205
96 209
96 214
96 219
96 221
96 222
96 224
96 230
96 246
96 256
96 262
96 270
96 273
96 275
96 285
96 286
96 288
96 320
96 326
96 327
96 334
96 337
96 339
96 349
96 350
96 384
96 390
96 391
96 394
96 396
96 398
96 399
96 401
96 413
96 414
96 416
96 421
96 448
96 462
96 465
96 467
96 477
96 512
96 518
96 519
96 522
96 526
96 527
96 529
96 531
96 541
96 576
96 582
96 583
96 587
96 588
96 589
96 591
96 593
96 595
96 598
96 603
96 605
96 606
96 612
96 640
96 646
96 647
96 650
96 653
96 654
96 655
96 657
96 659
96 662
96 669
96 670
96 694
96 704
96 710
96 711
96 714
96 716
96 718
96 719
96 721
96 733
96 734
96 736
96 768
96 775
96 778
96 779
96 780
96 781
96 783
96 787
96 790
96 796
96 797
96 798
96 799
96 800
96 802
96 806
96 832
96 833
96 838
96 839
96 842
96 843
96 844
96 845
96 847
96 851
96 854
96 861
96 862
96 864
96 884
96 896
96 902
96 903
96 907
96 908
96 909
96 910
96 911
96 913
96 915
96 918
96 924
96 932
96 960
96 982
96 989
96 1024
96 1041
96 1053
96 1054
96 1110
96 1152
96 1162
96 1163
96 1165
96 1174
96 1226
96 1231
96 1235
96 1238
97 33
97 161
97 210
97 225
97 289
97 344
98 34
98 162
98 226
98 290
99 35
99 163
99 227
99 291
99 745
100 36
100 164
100 228
100 292
100 1248
101 37
101 165
101 229
101 293
101 370
101 749
102 38
102 166
102 230
102 294
102 738
103 2
103 39
103 88
103 167
103 231
103 295
103 1060
104 40
104 168
104 232
104 296
105 41
105 85
105 169
105 233
105 297
106 42
106 170
106 234
106 298
107 43
107 171
107 235
107 299
108 44
108 172
108 236
108 300
109 45
109 90
109 173
109 237
109 301
110 46
110 174
110 238
110 302
110 364
110 613
111 47
111 175
111 239
111 303
111 486
111 981
112 48
112 176
112 240
112 304
112 1194
113 49
113 177
113 241
113 296
113 305
113 554
114 50
114 178
114 242
114 306
114 850
114 938
115 51
115 179
115 243
115 307
115 1076
115 1265
116 52
116 180
116 244
116 308
117 8
117 53
117 181
117 245
117 309
117 336
117 429
118 54
118 182
118 246
118 310
119 55
119 183
119 247
119 311
119 487
120 56
120 170
120 184
120 248
120 312
121 57
121 185
121 249
121 313
122 58
122 60
122 186
122 250
122 314
122 879
123 59
123 187
123 251
123 315
124 60
124 188
124 241
124 252
124 316
125 61
125 189
125 253
125 317
126 62
126 190
126 254
126 318
126 444
127 63
127 191
127 255
127 319
128 0
128 6
128 7
128 12
128 13
128 14
128 19
128 32
128 38
128 64
128 70
128 71
128 76
128 78
128 79
128 81
128 83
128 93
128 94
128 96
128 134
128 135
128 140
128 142
128 145
128 147
128 150
128 156
128 157
128 164
128 192
128 198
128 199
128 203
128 205
128 206
128 209
128 211
128 214
128 219
128 221
128 222
128 230
128 256
128 270
128 273
128 275
128 285
128 286
128 320
128 327
128 334
128 337
128 339
128 350
128 384
128 391
128 398
128 401
128 403
128 413
128 448
128 465
128 467
128 477
128 512
128 518
128 519
128 526
128 529
128 531
128 541
128 576
128 582
128 587
128 588
128 590
128 593
128 595
128 598
128 605
128 606
128 640
128 646
128 647
128 654
128 657
128 659
128 662
128 669
128 704
128 710
128 711
128 714
128 716
128 718
128 719
128 721
128 723
128 733
128 734
128 768
128 774
128 775
128 778
128 780
128 781
128 782
128 783
128 785
128 787
128 790
128 796
128 797
128 798
128 799
128 800
128 802
128 806
128 832
128 838
128 839
128 842
128 844
128 845
128 846
128 847
128 849
128 851
128 854
128 861
128 862
128 896
128 902
128 908
128 910
128 913
128 915
128 918
128 925
128 960
128 966
128 974
128 977
128 979
128 982
128 989
128 1030
128 1038
128 1041
128 1043
128 1088
128 1094
128 1102
128 1105
128 1107
128 1117
128 1158
128 1165
128 1166
128 1169
128 1171
128 1181
128 1216
128 1223
128 1230
128 1233
128 1245
129 1
129 65
129 180
129 193
129 257
129 321
130 2
130 66
130 194
130 258
130 294
130 322
130 1133
131 3
131 67
131 195
131 259
131 323
132 4
132 68
132 196
132 260
132 324
133 5
133 69
133 197
133 261
133 325
133 897
134 0
134 6
134 7
134 12
134 13
134 14
134 19
134 32
134 38
134 64
134 70
134 71
134 76
134 77
134 78
134 79
134 81
134 83
134 93
134 94
134 96
134 128
134 135
134 140
134 142
134 145
134 147
134 150
134 156
134 157
134 164
134 192
134 198
134 199
134 203
134 205
134 206
134 209
134 211
134 214
134 219
134 221
134 222
134 230
134 262
134 270
134 273
134 275
134 285
134 286
134 320
134 326
134 327
134 334
134 337
134 339
134 350
134 384
134 391
134 398
134 401
134 403
134 413
134 448
134 465
134 467
134 477
134 512
134 518
134 519
134 526
134 529
134 531
134 541
134 576
134 582
134 587
134 588
134 590
134 591
134 593
134 595
134 598
134 605
134 606
134 640
134 646
134 647
134 654
134 655
134 657
134 659
134 662
134 669
134 704
134 710
134 711
134 714
134 716
134 718
134 719
134 721
134 723
134 733
134 734
134 768
134 774
134 775
134 778
134 780
134 781
134 782
134 783
134 785
134 787
134 790
134 796
134 797
134 798
134 799
134 800
134 802
134 806
134 832
134 838
134 839
134 842
134 844
134 845
134 846
134 847
134 849
134 851
134 854
134 861
134 862
134 896
134 902
134 908
134 910
134 913
134 915
134 918
134 925
134 960
134 966
134 974
134 977
134 979
134 982
134 989
134 1030
134 1038
134 1041
134 1043
134 1054
134 1088
134 1094
134 1102
134 1105
134 1107
134 1117
134 1158
134 1165
134 1166
134 1169
134 1171
134 1181
134 1216
134 1223
134 1230
134 1233
134 1235
134 1245
135 0
135 6
135 7
135 11
135 12
135 13
135 14
135 19
135 32
135 38
135 64
135 70
135 71
135 76
135 77
135 78
135 79
135 81
135 83
135 93
135 94
135 96
135 128
135 134
135 138
135 140
135 144
135 145
135 147
135 150
135 156
135 157
135 158
135 160
135 164
135 192
135 198
135 199
135 202
135 203
135 205
135 206
135 209
135 214
135 219
135 221
135 222
135 230
135 246
135 256
135 262
135 263
135 270
135 273
135 275
135 285
135 286
135 320
135 326
135 327
135 334
135 337
135 339
135 349
135 350
135 384
135 390
135 391
135 394
135 396
135 398
135 399
135 401
135 403
135 413
135 414
135 448
135 462
135 465
135 467
135 477
135 512
135 518
135 519
135 526
135 529
135 531
135 541
135 576
135 582
135 583
135 587
135 588
135 589
135 590
135 591
135 593
135 595
135 598
135 603
135 605
135 606
135 612
135 640
135 646
135 647
135 650
135 654
135 655
135 657
135 659
135 662
135 669
135 670
135 694
135 704
135 710
135 711
135 714
135 716
135 718
135 719
135 721
135 723
135 733
135 734
135 736
135 768
135 775
135 778
135 779
135 780
135 781
135 783
135 785
135 787
135 790
135 796
135 797
135 798
135 799
135 800
135 802
135 806
135 832
135 833
135 838
135 839
135 842
135 843
135 844
135 845
135 846
135 847
135 849
135 851
135 854
135 861
135 862
135 864
135 896
135 902
135 903
135 907
135 908
135 909
135 910
135 911
135 913
135 915
135 918
135 924
135 925
135 932
135 960
135 966
135 967
135 974
135 977
135 979
135 982
135 989
135 1024
135 1030
135 1038
135 1041
135 1043
135 1054
135 1088
135 1102
135 1117
135 1152
135 1162
135 1165
135 1169
135 1181
135 1216
135 1231
135 1235
135 1238
135 1245
136 8
136 72
136 200
136 264
136 328
136 428
137 9
137 73
137 201
137 265
137 329
137 393
137 457
137 521
137 581
137 645
137 713
137 777
137 837
137 905
137 968
137 1033
137 1097
137 1157
137 1221
138 7
138 10
138 11
138 12
138 13
138 17
138 28
138 29
138 32
138 37
138 38
138 70
138 71
138 74
138 76
138 77
138 79
138 81
138 86
138 93
138 94
138 96
138 135
138 139
138 140
138 143
138 144
138 145
138 150
138 156
138 157
138 158
138 160
138 164
138 202
138 203
138 205
138 207
138 214
138 219
138 226
138 228
138 230
138 246
138 256
138 262
138 266
138 270
138 273
138 275
138 285
138 286
138 308
138 310
138 320
138 326
138 327
138 330
138 334
138 342
138 349
138 350
138 390
138 391
138 394
138 395
138 396
138 399
138 406
138 411
138 413
138 414
138 416
138 421
138 448
138 454
138 462
138 465
138 467
138 518
138 519
138 522
138 527
138 541
138 583
138 587
138 588
138 589
138 591
138 598
138 603
138 604
138 605
138 606
138 612
138 640
138 646
138 647
138 650
138 653
138 655
138 662
138 670
138 676
138 694
138 714
138 716
138 734
138 736
138 770
138 775
138 778
138 779
138 780
138 781
138 790
138 796
138 798
138 799
138 800
138 801
138 802
138 806
138 833
138 836
138 839
138 842
138 843
138 844
138 845
138 847
138 854
138 860
138 864
138 884
138 896
138 903
138 906
138 907
138 908
138 909
138 911
138 918
138 924
138 932
138 950
138 967
138 982
138 989
138 1031
138 1039
138 1052
138 1095
138 1103
138 1126
138 1161
138 1163
138 1177
138 1179
138 1182
138 1184
138 1188
138 1244
138 1252
139 10
139 11
139 15
139 17
139 28
139 29
139 37
139 74
139 75
139 86
139 138
139 143
139 144
139 155
139 158
139 160
139 202
139 203
139 207
139 223
139 226
139 228
139 246
139 262
139 263
139 267
139 308
139 310
139 331
139 342
139 349
139 390
139 394
139 395
139 396
139 406
139 411
139 414
139 416
139 421
139 454
139 455
139 522
139 527
139 580
139 583
139 586
139 603
139 604
139 608
139 612
139 650
139 653
139 670
139 676
139 726
139 736
139 754
139 770
139 772
139 779
139 801
139 820
139 836
139 843
139 848
139 860
139 864
139 884
139 886
139 903
139 906
139 907
139 911
139 924
139 932
139 950
139 967
139 1120
139 1153
139 1167
139 1202
139 1227
139 1229
139 1271
140 0
140 6
140 7
140 11
140 12
140 13
140 14
140 17
140 19
140 28
140 32
140 37
140 38
140 64
140 70
140 71
140 74
140 76
140 77
140 79
140 81
140 83
140 93
140 94
140 96
140 128
140 134
140 135
140 138
140 143
140 144
140 145
140 150
140 156
140 157
140 158
140 160
140 164
140 192
140 198
140 199
140 202
140 203
140 204
140 205
140 209
140 214
140 219
140 221
140 222
140 230
140 246
140 256
140 262
140 268
140 270
140 273
140 275
140 285
140 286
140 310
140 320
140 326
140 327
140 332
140 334
140 337
140 339
140 342
140 349
140 350
140 384
140 390
140 391
140 394
140 396
140 398
140 399
140 401
140 406
140 413
140 414
140 416
140 421
140 448
140 462
140 465
140 467
140 477
140 512
140 518
140 519
140 522
140 526
140 527
140 529
140 531
140 541
140 576
140 582
140 583
140 587
140 588
140 589
140 591
140 593
140 595
140 598
140 603
140 605
140 606
140 612
140 640
140 646
140 647
140 650
140 653
140 654
140 655
140 657
140 659
140 662
140 669
140 670
140 676
140 694
140 704
140 710
140 711
140 714
140 716
140 718
140 719
140 721
140 733
140 734
140 736
140 768
140 775
140 778
140 779
140 780
140 781
140 783
140 790
140 796
140 797
140 798
140 799
140 800
140 802
140 806
140 832
140 833
140 838
140 839
140 842
140 843
140 844
140 845
140 847
140 854
140 861
140 862
140 864
140 884
140 896
140 902
140 903
140 907
140 908
140 909
140 910
140 911
140 913
140 915
140 918
140 924
140 932
140 960
140 966
140 967
140 974
140 977
140 979
140 982
140 989
140 1024
140 1053
140 1054
140 1110
140 1152
140 1162
140 1163
140 1174
140 1226
140 1231
140 1235
140 1238
141 13
141 77
141 205
141 269
141 333
142 0
142 6
142 14
142 19
142 64
142 78
142 83
142 128
142 134
142 147
142 192
142 198
142 199
142 206
142 209
142 211
142 221
142 222
142 270
142 334
142 337
142 339
142 384
142 398
142 401
142 403
142 477
142 512
142 526
142 529
142 531
142 576
142 582
142 590
142 593
142 595
142 654
142 657
142 659
142 669
142 704
142 710
142 711
142 718
142 719
142 721
142 723
142 733
142 768
142 774
142 782
142 783
142 785
142 787
142 797
142 832
142 838
142 846
142 849
142 851
142 861
142 862
142 902
142 910
142 913
142 915
142 925
142 960
142 966
142 974
142 977
142 979
142 1222
143 10
143 11
143 12
143 13
143 15
143 17
143 28
143 29
143 32
143 37
143 38
143 70
143 71
143 74
143 75
143 76
143 77
143 79
143 81
143 86
143 93
143 96
143 138
143 139
143 140
143 144
143 150
143 155
143 156
143 158
143 160
143 164
143 202
143 203
143 205
143 207
143 219
143 223
143 226
143 228
143 230
143 246
143 256
143 262
143 270
143 271
143 273
143 285
143 286
143 308
143 310
143 320
143 326
143 334
143 335
143 342
143 349
143 350
143 390
143 391
143 394
143 395
143 396
143 399
143 406
143 411
143 414
143 416
143 421
143 448
143 454
143 462
143 465
143 467
143 518
143 519
143 522
143 527
143 541
143 580
143 583
143 586
143 587
143 588
143 589
143 591
143 598
143 603
143 604
143 606
143 608
143 612
143 646
143 647
143 650
143 653
143 655
143 662
143 670
143 676
143 694
143 714
143 716
143 736
143 770
143 779
143 790
143 796
143 799
143 800
143 801
143 802
143 806
143 820
143 833
143 836
143 839
143 842
143 843
143 844
143 847
143 854
143 860
143 864
143 884
143 896
143 903
143 906
143 907
143 908
143 909
143 911
143 918
143 924
143 932
143 950
143 967
143 982
143 989
143 1031
143 1039
143 1052
143 1095
143 1103
143 1118
143 1126
143 1161
143 1177
143 1179
143 1182
143 1184
143 1188
143 1244
143 1252
144 7
144 10
144 11
144 12
144 13
144 15
144 16
144 17
144 28
144 29
144 32
144 37
144 38
144 70
144 71
144 74
144 75
144 76
144 77
144 79
144 80
144 81
144 86
144 93
144 94
144 96
144 135
144 138
144 139
144 140
144 143
144 150
144 155
144 156
144 158
144 160
144 164
144 202
144 203
144 205
144 207
144 208
144 219
144 223
144 226
144 228
144 230
144 246
144 256
144 262
144 270
144 272
144 273
144 285
144 286
144 308
144 310
144 320
144 326
144 334
144 336
144 342
144 349
144 350
144 390
144 391
144 394
144 395
144 396
144 399
144 406
144 411
144 414
144 416
144 421
144 448
144 454
144 462
144 465
144 467
144 518
144 519
144 522
144 527
144 541
144 583
144 586
144 587
144 588
144 589
144 591
144 598
144 603
144 604
144 606
144 608
144 612
144 646
144 647
144 650
144 653
144 655
144 662
144 670
144 676
144 694
144 714
144 716
144 736
144 770
144 779
144 781
144 790
144 796
144 799
144 800
144 801
144 802
144 806
144 833
144 836
144 839
144 842
144 843
144 844
144 847
144 854
144 860
144 864
144 884
144 896
144 903
144 906
144 907
144 908
144 909
144 911
144 918
144 924
144 932
144 950
144 967
144 982
144 989
144 1031
144 1039
144 1052
144 1095
144 1103
144 1118
144 1126
144 1161
144 1177
144 1179
144 1182
144 1184
144 1188
144 1244
144 1252
145 0
145 6
145 7
145 11
145 12
145 13
145 14
145 17
145 19
145 32
145 38
145 64
145 70
145 71
145 76
145 77
145 78
145 79
145 81
145 83
145 93
145 94
145 96
145 128
145 134
145 135
145 138
145 140
145 147
145 150
145 156
145 157
145 158
145 164
145 192
145 198
145 199
145 202
145 203
145 205
145 206
145 209
145 214
145 219
145 221
145 222
145 230
145 246
145 256
145 270
145 273
145 275
145 285
145 286
145 320
145 326
145 327
145 334
145 337
145 339
145 350
145 384
145 391
145 396
145 398
145 399
145 401
145 403
145 413
145 414
145 448
145 462
145 465
145 467
145 477
145 512
145 518
145 519
145 526
145 529
145 531
145 541
145 576
145 582
145 587
145 588
145 589
145 590
145 591
145 593
145 595
145 598
145 603
145 605
145 606
145 612
145 640
145 646
145 647
145 654
145 655
145 657
145 659
145 662
145 669
145 670
145 694
145 704
145 710
145 711
145 714
145 716
145 718
145 719
145 721
145 723
145 733
145 734
145 768
145 774
145 775
145 778
145 779
145 780
145 781
145 782
145 783
145 785
145 787
145 790
145 796
145 797
145 798
145 799
145 800
145 802
145 806
145 832
145 833
145 838
145 839
145 842
145 844
145 845
145 846
145 847
145 849
145 851
145 854
145 861
145 862
145 896
145 902
145 907
145 908
145 909
145 910
145 911
145 913
145 915
145 918
145 925
145 960
145 966
145 967
145 974
145 977
145 979
145 982
145 989
145 1024
145 1030
145 1038
145 1041
145 1043
145 1054
145 1088
145 1094
145 1102
145 1105
145 1117
145 1152
145 1162
145 1165
145 1169
145 1171
145 1181
145 1216
145 1223
145 1235
145 1245
146 18
146 82
146 210
146 274
146 338
146 696
147 0
147 6
147 7
147 14
147 19
147 32
147 64
147 71
147 78
147 79
147 83
147 93
147 94
147 128
147 134
147 135
147 142
147 145
147 150
147 157
147 192
147 198
147 199
147 206
147 209
147 211
147 214
147 221
147 222
147 273
147 275
147 327
147 337
147 339
147 384
147 398
147 401
147 403
147 413
147 467
147 477
147 512
147 518
147 519
147 526
147 529
147 531
147 541
147 576
147 582
147 590
147 593
147 595
147 605
147 640
147 654
147 657
147 659
147 669
147 704
147 710
147 711
147 718
147 719
147 721
147 723
147 733
147 734
147 768
147 774
147 775
147 778
147 780
147 781
147 782
147 783
147 785
147 787
147 797
147 798
147 832
147 838
147 845
147 846
147 849
147 851
147 861
147 862
147 902
147 910
147 913
147 915
147 918
147 925
147 960
147 966
147 974
147 977
147 979
147 989
147 1107
147 1158
147 1166
147 1222
147 1230
147 1233
148 20
148 84
148 212
148 276
148 340
148 1225
149 21
149 85
149 213
149 277
149 341
149 821
150 0
150 6
150 7
150 11
150 12
150 13
150 14
150 19
150 22
150 28
150 32
150 37
150 38
150 64
150 70
150 71
150 76
150 77
150 78
150 79
150 81
150 83
150 86
150 93
150 94
150 96
150 128
150 134
150 135
150 138
150 140
150 143
150 144
150 145
150 147
150 156
150 157
150 158
150 160
150 164
150 192
150 198
150 199
150 202
150 203
150 205
150 206
150 209
150 214
150 219
150 221
150 222
150 230
150 246
150 256
150 262
150 270
150 273
150 275
150 278
150 285
150 286
150 320
150 326
150 327
150 334
150 337
150 339
150 342
150 349
150 350
150 384
150 390
150 391
150 394
150 396
150 398
150 399
150 401
150 413
150 414
150 416
150 448
150 462
150 465
150 467
150 477
150 512
150 518
150 519
150 526
150 529
150 531
150 541
150 576
150 582
150 583
150 587
150 588
150 589
150 591
150 593
150 595
150 598
150 603
150 605
150 606
150 612
150 640
150 646
150 647
150 650
150 654
150 655
150 657
150 659
150 662
150 669
150 670
150 694
150 704
150 710
150 711
150 714
150 716
150 718
150 719
150 721
150 723
150 733
150 734
150 736
150 768
150 775
150 778
150 779
150 780
150 781
150 783
150 785
150 787
150 790
150 796
150 797
150 798
150 799
150 800
150 802
150 806
150 832
150 833
150 838
150 839
150 842
150 843
150 844
150 845
150 846
150 847
150 849
150 851
150 854
150 861
150 862
150 864
150 884
150 896
150 902
150 903
150 907
150 908
150 909
150 910
150 911
150 913
150 915
150 918
150 924
150 925
150 932
150 960
150 966
150 967
150 974
150 977
150 979
150 982
150 989
150 1024
150 1030
150 1038
150 1041
150 1053
150 1054
150 1088
150 1117
150 1152
150 1162
150 1165
150 1174
150 1181
150 1226
150 1231
150 1235
150 1238
150 1245
151 23
151 87
151 215
151 279
151 343
151 534
152 24
152 30
152 88
152 216
152 280
152 344
153 25
153 89
153 217
153 281
153 345
154 26
154 90
154 218
154 282
154 346
155 10
155 15
155 17
155 27
155 28
155 29
155 37
155 74
155 75
155 86
155 91
155 139
155 143
155 144
155 160
155 207
155 219
155 223
155 226
155 228
155 262
155 263
155 283
155 308
155 310
155 342
155 347
155 349
155 390
155 394
155 395
155 406
155 411
155 416
155 421
155 454
155 455
155 522
155 527
155 580
155 583
155 586
155 604
155 608
155 650
155 653
155 676
155 726
155 736
155 754
155 770
155 772
155 801
155 820
155 836
155 843
155 848
155 860
155 864
155 884
155 886
155 903
155 906
155 924
155 932
155 950
155 971
155 1153
155 1164
155 1167
155 1202
155 1227
155 1229
155 1271
156 0
156 6
156 7
156 11
156 12
156 13
156 14
156 17
156 19
156 28
156 32
156 37
156 38
156 64
156 70
156 71
156 74
156 76
156 77
156 79
156 81
156 83
156 92
156 93
156 94
156 96
156 128
156 134
156 135
156 138
156 140
156 143
156 144
156 145
156 150
156 157
156 158
156 160
156 164
156 192
156 198
156 199
156 202
156 203
156 205
156 209
156 214
156 219
156 220
156 221
156 222
156 230
156 246
156 256
156 262
156 270
156 273
156 275
156 284
156 285
156 286
156 320
156 326
156 327
156 334
156 337
156 339
156 348
156 349
156 350
156 384
156 390
156 391
156 394
156 396
156 398
156 399
156 401
156 413
156 414
156 416
156 421
156 448
156 462
156 465
156 467
156 477
156 512
156 518
156 519
156 522
156 526
156 527
156 529
156 531
156 541
156 576
156 582
156 583
156 587
156 588
156 589
156 591
156 593
156 595
156 598
156 603
156 605
156 606
156 612
156 640
156 646
156 647
156 650
156 653
156 654
156 655
156 657
156 659
156 662
156 669
156 670
156 676
156 694
156 704
156 710
156 711
156 714
156 716
156 718
156 719
156 721
156 733
156 734
156 736
156 768
156 775
156 778
156 779
156 780
156 781
156 783
156 790
156 796
156 797
156 798
156 799
156 800
156 802
156 806
156 832
156 833
156 838
156 839
156 842
156 843
156 844
156 845
156 847
156 851
156 854
156 861
156 862
156 864
156 884
156 896
156 902
156 903
156 907
156 908
156 909
156 910
156 911
156 913
156 915
156 918
156 924
156 932
156 960
156 966
156 967
156 974
156 977
156 979
156 982
156 989
156 1024
156 1041
156 1053
156 1054
156 1110
156 1152
156 1162
156 1163
156 1165
156 1174
156 1226
156 1231
156 1235
156 1238
157 0
157 6
157 7
157 11
157 12
157 13
157 14
157 19
157 29
157 32
157 38
157 64
157 70
157 71
157 76
157 77
157 78
157 79
157 81
157 83
157 93
157 94
157 96
157 128
157 134
157 135
157 138
157 140
157 145
157 147
157 150
157 156
157 158
157 160
157 164
157 192
157 198
157 199
157 202
157 203
157 205
157 206
157 209
157 214
157 219
157 221
157 222
157 230
157 246
157 256
157 262
157 270
157 273
157 275
157 285
157 286
157 320
157 326
157 327
157 334
157 337
157 339
157 349
157 350
157 384
157 390
157 391
157 396
157 398
157 399
157 401
157 403
157 413
157 414
157 448
157 462
157 465
157 467
157 477
157 512
157 518
157 519
157 526
157 529
157 531
157 541
157 576
157 582
157 587
157 588
157 589
157 590
157 591
157 593
157 595
157 598
157 603
157 605
157 606
157 612
157 640
157 646
157 647
157 654
157 655
157 657
157 659
157 662
157 669
157 670
157 694
157 704
157 710
157 711
157 714
157 716
157 718
157 719
157 721
157 723
157 733
157 734
157 768
157 774
157 775
157 778
157 779
157 780
157 781
157 782
157 783
157 785
157 787
157 790
157 796
157 797
157 798
157 799
157 800
157 802
157 806
157 832
157 833
157 838
157 839
157 842
157 843
157 844
157 845
157 846
157 847
157 849
157 851
157 854
157 861
157 862
157 864
157 896
157 902
157 903
157 907
157 908
157 909
157 910
157 911
157 913
157 915
157 918
157 924
157 925
157 960
157 966
157 967
157 974
157 977
157 979
157 982
157 989
157 1024
157 1030
157 1038
157 1041
157 1043
157 1054
157 1088
157 1094
157 1102
157 1117
157 1152
157 1162
157 1165
157 1169
157 1181
157 1216
157 1231
157 1235
157 1238
157 1245
158 7
158 10
158 11
158 12
158 13
158 17
158 28
158 29
158 30
158 32
158 37
158 38
158 70
158 71
158 74
158 76
158 77
158 79
158 81
158 86
158 93
158 94
158 96
158 135
158 138
158 139
158 140
158 143
158 144
158 145
158 150
158 156
158 157
158 160
158 164
158 202
158 203
158 205
158 207
158 214
158 219
158 222
158 226
158 228
158 230
158 246
158 256
158 262
158 270
158 273
158 275
158 285
158 286
158 308
158 310
158 320
158 326
158 327
158 334
158 342
158 349
158 350
158 390
158 391
158 394
158 395
158 396
158 399
158 406
158 411
158 413
158 414
158 416
158 421
158 448
158 454
158 462
158 465
158 467
158 477
158 518
158 519
158 522
158 527
158 541
158 576
158 583
158 587
158 588
158 589
158 591
158 598
158 603
158 604
158 605
158 606
158 612
158 640
158 646
158 647
158 650
158 653
158 655
158 662
158 670
158 676
158 694
158 704
158 714
158 716
158 734
158 736
158 770
158 775
158 778
158 779
158 780
158 781
158 790
158 796
158 798
158 799
158 800
158 801
158 802
158 806
158 833
158 836
158 839
158 842
158 843
158 844
158 845
158 847
158 854
158 860
158 862
158 864
158 884
158 896
158 903
158 906
158 907
158 908
158 909
158 911
158 918
158 924
158 932
158 950
158 960
158 967
158 982
158 989
158 1031
158 1039
158 1095
158 1103
158 1110
158 1126
158 1161
158 1163
158 1174
158 1177
158 1182
158 1184
158 1188
158 1244
158 1252
159 31
159 95
159 223
159 287
159 351
159 456
159 558
160 7
160 10
160 11
160 12
160 13
160 17
160 28
160 29
160 32
160 37
160 38
160 70
160 71
160 74
160 75
160 76
160 77
160 79
160 81
160 86
160 93
160 94
160 96
160 135
160 138
160 139
160 140
160 143
160 144
160 150
160 155
160 156
160 157
160 158
160 164
160 202
160 203
160 205
160 207
160 219
160 224
160 226
160 228
160 230
160 246
160 256
160 262
160 270
160 273
160 275
160 285
160 286
160 288
160 308
160 310
160 320
160 326
160 327
160 334
160 342
160 349
160 350
160 352
160 390
160 391
160 394
160 395
160 396
160 399
160 406
160 411
160 414
160 416
160 421
160 448
160 454
160 462
160 465
160 467
160 518
160 519
160 522
160 527
160 541
160 583
160 586
160 587
160 588
160 589
160 591
160 598
160 603
160 604
160 605
160 606
160 608
160 612
160 640
160 646
160 647
160 650
160 653
160 655
160 662
160 670
160 676
160 694
160 714
160 716
160 734
160 736
160 770
160 775
160 778
160 779
160 781
160 790
160 796
160 798
160 799
160 800
160 801
160 802
160 806
160 833
160 836
160 839
160 842
160 843
160 844
160 845
160 847
160 854
160 860
160 864
160 884
160 896
160 903
160 906
160 907
160 908
160 909
160 911
160 918
160 924
160 932
160 950
160 967
160 982
160 989
160 1031
160 1039
160 1052
160 1095
160 1103
160 1126
160 1161
160 1177
160 1179
160 1182
160 1184
160 1188
160 1244
160 1252
161 33
161 97
161 225
161 289
161 353
162 34
162 98
162 226
162 290
162 354
163 35
163 99
163 227
163 291
163 355
163 876
163 1098
163 1142
164 0
164 6
164 7
164 10
164 11
164 12
164 13
164 17
164 28
164 29
164 32
164 36
164 37
164 38
164 64
164 70
164 71
164 74
164 76
164 77
164 79
164 81
164 86
164 93
164 94
164 96
164 100
164 128
164 134
164 135
164 138
164 140
164 143
164 144
164 145
164 150
164 156
164 157
164 158
164 160
164 198
164 199
164 202
164 203
164 205
164 207
164 209
164 214
164 219
164 221
164 222
164 226
164 228
164 230
164 246
164 256
164 262
164 270
164 273
164 275
164 285
164 286
164 292
164 310
164 320
164 326
164 327
164 334
164 337
164 339
164 342
164 349
164 350
164 356
164 384
164 390
164 391
164 394
164 396
164 398
164 399
164 401
164 406
164 411
164 413
164 414
164 416
164 421
164 448
164 454
164 462
164 465
164 467
164 477
164 512
164 518
164 519
164 522
164 527
164 531
164 541
164 576
164 582
164 583
164 587
164 588
164 589
164 591
164 593
164 598
164 603
164 605
164 606
164 612
164 640
164 646
164 647
164 650
164 653
164 655
164 657
164 662
164 669
164 670
164 676
164 694
164 704
164 711
164 714
164 716
164 719
164 721
164 734
164 736
164 770
164 775
164 778
164 779
164 780
164 781
164 783
164 790
164 796
164 797
164 798
164 799
164 800
164 802
164 806
164 832
164 833
164 839
164 842
164 843
164 844
164 845
164 847
164 854
164 860
164 862
164 864
164 884
164 896
164 903
164 907
164 908
164 909
164 911
164 918
164 924
164 932
164 960
164 967
164 974
164 977
164 979
164 982
164 989
164 1024
164 1031
164 1053
164 1110
164 1163
164 1174
164 1226
164 1231
164 1238
164 1252
165 37
165 101
165 229
165 293
165 357
165 786
165 882
165 996
166 38
166 102
166 230
166 294
166 358
166 539
167 39
167 103
167 231
167 295
167 359
168 40
168 104
168 232
168 296
168 360
168 565
168 935
169 41
169 105
169 233
169 238
169 297
169 361
170 42
170 106
170 120
170 234
170 298
170 362
171 43
171 107
171 235
171 299
171 363
171 891
172 44
172 82
172 108
172 236
172 300
172 302
172 364
173 45
173 109
173 237
173 301
173 365
174 46
174 110
174 238
174 302
174 366
174 919
174 1256
175 23
175 47
175 111
175 239
175 303
175 367
176 48
176 112
176 240
176 304
176 368
177 49
177 113
177 241
177 305
177 369
178 20
178 50
178 114
178 242
178 306
178 370
179 51
179 115
179 243
179 307
179 371
179 573
180 52
180 116
180 129
180 244
180 308
180 372
181 53
181 117
181 245
181 309
181 373
181 404
182 54
182 118
182 246
182 310
182 374
182 563
183 55
183 119
183 247
183 311
183 340
183 375
184 56
184 120
184 248
184 312
184 376
184 1075
185 57
185 121
185 249
185 313
185 377
185 432
186 58
186 122
186 250
186 314
186 378
187 59
187 123
187 251
187 315
187 318
187 379
188 60
188 124
188 252
188 303
188 316
188 380
188 503
188 1087
189 61
189 125
189 253
189 317
189 381
189 491
190 62
190 126
190 254
190 287
190 318
190 382
191 63
191 127
191 255
191 319
191 381
191 383
191 993
191 1057
191 1127
191 1150
192 0
192 6
192 7
192 12
192 14
192 19
192 32
192 64
192 71
192 78
192 79
192 83
192 93
192 94
192 96
192 128
192 134
192 135
192 140
192 142
192 145
192 147
192 150
192 156
192 157
192 198
192 199
192 203
192 206
192 209
192 211
192 214
192 221
192 222
192 256
192 270
192 273
192 275
192 285
192 320
192 327
192 337
192 339
192 384
192 391
192 398
192 401
192 403
192 413
192 465
192 467
192 477
192 512
192 518
192 519
192 526
192 529
192 531
192 541
192 576
192 582
192 590
192 593
192 595
192 598
192 605
192 640
192 646
192 647
192 654
192 657
192 659
192 662
192 669
192 704
192 710
192 711
192 716
192 718
192 719
192 721
192 723
192 733
192 734
192 768
192 774
192 775
192 778
192 780
192 781
192 782
192 783
192 785
192 787
192 790
192 797
192 798
192 799
192 832
192 838
192 839
192 845
192 846
192 849
192 851
192 861
192 862
192 896
192 902
192 910
192 913
192 915
192 918
192 925
192 960
192 966
192 974
192 977
192 979
192 989
192 1024
192 1030
192 1038
192 1041
192 1043
192 1054
192 1094
192 1102
192 1105
192 1107
192 1158
192 1166
192 1171
192 1216
192 1222
192 1223
192 1230
192 1233
193 1
193 65
193 129
193 257
193 321
193 385
193 931
194 2
194 66
194 130
194 258
194 322
194 386
194 520
194 562
194 1237
195 3
195 67
195 131
195 259
195 323
195 387
195 388
195 1268
196 4
196 68
196 132
196 260
196 324
196 335
196 388
197 5
197 69
197 133
197 261
197 325
197 389
197 427
198 0
198 6
198 7
198 12
198 13
198 14
198 19
198 32
198 64
198 70
198 71
198 78
198 79
198 81
198 83
198 93
198 94
198 96
198 128
198 134
198 135
198 140
198 142
198 145
198 147
198 150
198 156
198 157
198 164
198 192
198 199
198 203
198 205
198 206
198 209
198 211
198 214
198 221
198 222
198 230
198 262
198 270
198 273
198 275
198 285
198 326
198 327
198 334
198 337
198 339
198 350
198 384
198 390
198 391
198 398
198 401
198 403
198 413
198 448
198 465
198 467
198 477
198 512
198 518
198 519
198 526
198 529
198 531
198 541
198 576
198 582
198 587
198 590
198 593
198 595
198 598
198 605
198 606
198 640
198 646
198 647
198 654
198 657
198 659
198 662
198 669
198 704
198 710
198 711
198 716
198 718
198 719
198 721
198 723
198 733
198 734
198 768
198 774
198 775
198 778
198 780
198 781
198 782
198 783
198 785
198 787
198 790
198 796
198 797
198 798
198 799
198 802
198 832
198 838
198 839
198 842
198 844
198 845
198 846
198 849
198 851
198 854
198 861
198 862
198 896
198 902
198 910
198 913
198 915
198 918
198 925
198 960
198 966
198 974
198 977
198 979
198 989
198 1024
198 1030
198 1038
198 1041
198 1043
198 1053
198 1054
198 1088
198 1094
198 1102
198 1105
198 1107
198 1117
198 1158
198 1166
198 1169
198 1171
198 1181
198 1216
198 1223
198 1230
198 1233
198 1245
199 0
199 6
199 7
199 12
199 13
199 14
199 19
199 32
199 38
199 64
199 70
199 71
199 76
199 77
199 78
199 79
199 81
199 83
199 93
199 94
199 96
199 128
199 134
199 135
199 140
199 142
199 145
199 147
199 150
199 156
199 157
199 164
199 192
199 198
199 203
199 205
199 206
199 209
199 211
199 214
199 219
199 221
199 222
199 230
199 263
199 270
199 273
199 275
199 285
199 286
199 327
199 334
199 337
199 339
199 350
199 384
199 391
199 398
199 401
199 403
199 413
199 448
199 465
199 467
199 477
199 512
199 518
199 519
199 526
199 529
199 531
199 541
199 576
199 582
199 587
199 588
199 590
199 593
199 595
199 598
199 605
199 606
199 640
199 646
199 647
199 654
199 655
199 657
199 659
199 662
199 669
199 704
199 710
199 711
199 714
199 716
199 718
199 719
199 721
199 723
199 733
199 734
199 768
199 774
199 775
199 778
199 780
199 781
199 782
199 783
199 785
199 787
199 790
199 796
199 797
199 798
199 799
199 800
199 802
199 806
199 832
199 838
199 839
199 842
199 844
199 845
199 846
199 847
199 849
199 851
199 854
199 861
199 862
199 896
199 902
199 908
199 910
199 913
199 915
199 918
199 925
199 960
199 966
199 974
199 977
199 979
199 982
199 989
199 1024
199 1030
199 1038
199 1041
199 1043
199 1053
199 1054
199 1088
199 1094
199 1102
199 1105
199 1107
199 1117
199 1158
199 1165
199 1166
199 1169
199 1171
199 1181
199 1216
199 1223
199 1230
199 1233
199 1235
199 1245
200 8
200 72
200 136
200 264
200 328
200 392
201 9
201 73
201 137
201 265
201 329
201 393
201 457
201 521
201 581
201 645
201 713
201 777
201 837
201 905
201 968
201 1033
201 1097
201 1157
201 1221
202 7
202 10
202 11
202 12
202 13
202 17
202 28
202 29
202 32
202 37
202 38
202 70
202 71
202 74
202 76
202 77
202 79
202 81
202 86
202 93
202 94
202 96
202 135
202 138
202 139
202 140
202 143
202 144
202 145
202 150
202 156
202 157
202 158
202 160
202 164
202 203
202 205
202 207
202 214
202 219
202 226
202 228
202 230
202 246
202 256
202 262
202 266
202 270
202 273
202 275
202 285
202 286
202 308
202 310
202 320
202 326
202 327
202 330
202 334
202 342
202 349
202 350
202 390
202 391
202 394
202 395
202 396
202 399
202 406
202 411
202 413
202 414
202 416
202 421
202 448
202 454
202 462
202 465
202 467
202 518
202 519
202 522
202 527
202 541
202 583
202 587
202 588
202 589
202 591
202 598
202 603
202 604
202 605
202 606
202 612
202 640
202 646
202 647
202 650
202 653
202 655
202 662
202 670
202 676
202 694
202 704
202 714
202 716
202 734
202 736
202 770
202 775
202 778
202 779
202 780
202 781
202 790
202 796
202 798
202 799
202 800
202 801
202 802
202 806
202 833
202 836
202 839
202 842
202 843
202 844
202 845
202 847
202 854
202 860
202 864
202 884
202 896
202 903
202 906
202 907
202 908
202 909
202 911
202 918
202 924
202 932
202 950
202 960
202 967
202 982
202 989
202 1024
202 1031
202 1039
202 1041
202 1052
202 1053
202 1054
202 1095
202 1103
202 1110
202 1126
202 1161
202 1163
202 1177
202 1179
202 1182
202 1184
202 1188
202 1244
202 1252
203 0
203 6
203 7
203 11
203 12
203 13
203 14
203 17
203 19
203 28
203 32
203 37
203 38
203 64
203 70
203 71
203 75
203 76
203 77
203 79
203 81
203 83
203 93
203 94
203 96
203 128
203 134
203 135
203 138
203 139
203 140
203 143
203 144
203 145
203 150
203 156
203 157
203 158
203 160
203 164
203 192
203 198
203 199
203 202
203 205
203 209
203 214
203 219
203 221
203 222
203 230
203 246
203 256
203 262
203 267
203 270
203 273
203 275
203 285
203 286
203 320
203 326
203 327
203 331
203 334
203 337
203 339
203 349
203 350
203 384
203 390
203 391
203 394
203 395
203 396
203 398
203 399
203 401
203 413
203 414
203 416
203 421
203 448
203 462
203 465
203 467
203 477
203 512
203 518
203 519
203 522
203 526
203 527
203 529
203 531
203 541
203 576
203 582
203 583
203 587
203 588
203 589
203 591
203 593
203 595
203 598
203 603
203 605
203 606
203 612
203 640
203 646
203 647
203 650
203 654
203 655
203 657
203 659
203 662
203 669
203 670
203 694
203 704
203 710
203 711
203 714
203 716
203 718
203 719
203 721
203 733
203 734
203 736
203 768
203 775
203 778
203 779
203 780
203 781
203 783
203 787
203 790
203 796
203 797
203 798
203 799
203 800
203 802
203 806
203 832
203 833
203 838
203 839
203 842
203 843
203 844
203 845
203 847
203 851
203 854
203 861
203 862
203 864
203 884
203 896
203 902
203 903
203 907
203 908
203 909
203 910
203 911
203 913
203 915
203 918
203 924
203 932
203 960
203 966
203 967
203 974
203 977
203 979
203 982
203 989
203 1024
203 1030
203 1031
203 1038
203 1039
203 1041
203 1043
203 1053
203 1054
203 1110
203 1152
203 1162
203 1163
203 1165
203 1174
203 1226
203 1231
203 1235
203 1238
204 12
204 76
204 140
204 268
204 332
204 396
204 1220
204 1249
205 0
205 6
205 7
205 10
205 11
205 12
205 13
205 17
205 28
205 29
205 32
205 37
205 38
205 64
205 70
205 71
205 74
205 76
205 77
205 79
205 81
205 86
205 93
205 94
205 96
205 128
205 134
205 135
205 138
205 140
205 141
205 143
205 144
205 145
205 150
205 156
205 157
205 158
205 160
205 164
205 198
205 199
205 202
205 203
205 207
205 209
205 214
205 219
205 221
205 222
205 226
205 230
205 246
205 256
205 262
205 269
205 270
205 273
205 275
205 285
205 286
205 310
205 320
205 326
205 327
205 333
205 334
205 337
205 339
205 342
205 349
205 350
205 390
205 391
205 394
205 396
205 397
205 398
205 399
205 401
205 406
205 411
205 413
205 414
205 416
205 421
205 448
205 454
205 462
205 465
205 467
205 477
205 512
205 518
205 519
205 522
205 527
205 531
205 541
205 576
205 582
205 583
205 587
205 588
205 589
205 591
205 593
205 598
205 603
205 605
205 606
205 612
205 640
205 646
205 647
205 650
205 653
205 655
205 657
205 662
205 669
205 670
205 676
205 694
205 704
205 711
205 714
205 716
205 719
205 721
205 734
205 736
205 770
205 775
205 778
205 779
205 780
205 781
205 783
205 790
205 796
205 797
205 798
205 799
205 800
205 802
205 806
205 832
205 833
205 839
205 842
205 843
205 844
205 845
205 847
205 854
205 860
205 862
205 864
205 884
205 896
205 903
205 907
205 908
205 909
205 911
205 918
205 924
205 932
205 960
205 967
205 974
205 977
205 979
205 982
205 989
205 1024
205 1030
205 1031
205 1038
205 1039
205 1041
205 1043
205 1052
205 1053
205 1054
205 1110
205 1163
205 1174
205 1226
205 1231
205 1238
205 1252
206 0
206 6
206 7
206 14
206 19
206 32
206 64
206 71
206 78
206 79
206 83
206 93
206 94
206 128
206 134
206 135
206 142
206 145
206 147
206 150
206 157
206 192
206 198
206 199
206 209
206 211
206 214
206 221
206 222
206 270
206 273
206 275
206 327
206 334
206 337
206 339
206 384
206 398
206 401
206 403
206 413
206 467
206 477
206 512
206 518
206 519
206 526
206 529
206 531
206 541
206 576
206 582
206 590
206 593
206 595
206 605
206 640
206 654
206 657
206 659
206 669
206 704
206 710
206 711
206 718
206 719
206 721
206 723
206 733
206 734
206 768
206 774
206 775
206 778
206 780
206 781
206 782
206 783
206 785
206 787
206 797
206 798
206 832
206 838
206 845
206 846
206 849
206 851
206 861
206 862
206 902
206 910
206 913
206 915
206 918
206 925
206 960
206 966
206 974
206 977
206 979
206 989
206 1030
206 1038
206 1041
206 1043
206 1054
206 1107
206 1158
206 1166
206 1222
206 1230
206 1233
207 10
207 11
207 13
207 15
207 17
207 28
207 29
207 37
207 38
207 74
207 75
207 76
207 77
207 79
207 81
207 86
207 138
207 139
207 143
207 144
207 155
207 158
207 160
207 164
207 202
207 205
207 219
207 223
207 226
207 228
207 246
207 256
207 262
207 263
207 271
207 286
207 308
207 310
207 320
207 326
207 335
207 342
207 349
207 350
207 390
207 394
207 395
207 396
207 399
207 406
207 411
207 414
207 416
207 421
207 454
207 455
207 462
207 522
207 527
207 580
207 583
207 586
207 588
207 589
207 591
207 603
207 604
207 608
207 612
207 650
207 653
207 655
207 670
207 676
207 694
207 714
207 736
207 770
207 772
207 779
207 800
207 801
207 806
207 820
207 833
207 836
207 842
207 843
207 847
207 848
207 854
207 860
207 864
207 884
207 903
207 906
207 907
207 908
207 909
207 911
207 924
207 932
207 950
207 967
207 982
207 1031
207 1039
207 1052
207 1103
207 1118
207 1120
207 1177
207 1179
207 1182
207 1227
207 1271
208 16
208 80
208 144
208 272
208 336
208 400
209 0
209 6
209 7
209 12
209 13
209 14
209 17
209 19
209 32
209 38
209 64
209 70
209 71
209 76
209 77
209 78
209 79
209 81
209 83
209 93
209 94
209 96
209 128
209 134
209 135
209 140
209 142
209 145
209 147
209 150
209 156
209 157
209 164
209 192
209 198
209 199
209 203
209 205
209 206
209 211
209 214
209 219
209 221
209 222
209 230
209 256
209 270
209 273
209 275
209 285
209 286
209 320
209 326
209 327
209 334
209 337
209 339
209 350
209 384
209 391
209 398
209 399
209 401
209 403
209 413
209 448
209 462
209 465
209 467
209 477
209 512
209 518
209 519
209 526
209 529
209 531
209 541
209 576
209 582
209 587
209 588
209 589
209 590
209 591
209 593
209 595
209 598
209 605
209 606
209 640
209 646
209 647
209 654
209 655
209 657
209 659
209 662
209 669
209 694
209 704
209 710
209 711
209 714
209 716
209 718
209 719
209 721
209 723
209 733
209 734
209 768
209 774
209 775
209 778
209 780
209 781
209 782
209 783
209 785
209 787
209 790
209 796
209 797
209 798
209 799
209 800
209 802
209 806
209 832
209 838
209 839
209 842
209 844
209 845
209 846
209 847
209 849
209 851
209 854
209 861
209 862
209 896
209 902
209 908
209 909
209 910
209 913
209 915
209 918
209 925
209 960
209 966
209 974
209 977
209 979
209 982
209 989
209 1024
209 1030
209 1038
209 1041
209 1043
209 1053
209 1054
209 1088
209 1094
209 1102
209 1105
209 1117
209 1152
209 1162
209 1165
209 1166
209 1169
209 1171
209 1181
209 1216
209 1223
209 1230
209 1235
209 1245
210 18
210 82
210 97
210 146
210 274
210 338
210 344
210 402
211 0
211 6
211 14
211 19
211 64
211 78
211 83
211 128
211 134
211 142
211 147
211 192
211 198
211 199
211 206
211 209
211 221
211 222
211 275
211 337
211 339
211 384
211 398
211 401
211 403
211 477
211 512
211 526
211 529
211 531
211 576
211 582
211 590
211 593
211 595
211 654
211 657
211 659
211 669
211 710
211 711
211 718
211 719
211 721
211 723
211 733
211 768
211 774
211 782
211 783
211 785
211 787
211 797
211 832
211 838
211 846
211 849
211 851
211 861
211 862
211 902
211 910
211 913
211 915
211 925
211 966
211 974
211 977
211 979
211 1030
211 1038
211 1043
211 1222
212 20
212 84
212 148
212 268
212 276
212 340
212 404
213 21
213 85
213 149
213 277
213 341
213 405
213 1091
214 0
214 6
214 7
214 11
214 12
214 13
214 14
214 19
214 22
214 32
214 38
214 64
214 70
214 71
214 76
214 77
214 78
214 79
214 81
214 83
214 86
214 93
214 94
214 96
214 128
214 134
214 135
214 138
214 140
214 145
214 147
214 150
214 156
214 157
214 158
214 164
214 192
214 198
214 199
214 202
214 203
214 205
214 206
214 209
214 219
214 221
214 222
214 230
214 246
214 256
214 270
214 273
214 275
214 278
214 285
214 286
214 320
214 326
214 327
214 334
214 337
214 339
214 342
214 350
214 384
214 390
214 391
214 396
214 398
214 399
214 401
214 403
214 406
214 413
214 414
214 448
214 462
214 465
214 467
214 477
214 512
214 518
214 519
214 526
214 529
214 531
214 541
214 576
214 582
214 587
214 588
214 589
214 590
214 591
214 593
214 595
214 598
214 603
214 605
214 606
214 612
214 640
214 646
214 647
214 654
214 655
214 657
214 659
214 662
214 669
214 670
214 694
214 704
214 710
214 711
214 714
214 716
214 718
214 719
214 721
214 723
214 733
214 734
214 768
214 774
214 775
214 778
214 779
214 780
214 781
214 782
214 783
214 785
214 787
214 790
214 796
214 797
214 798
214 799
214 800
214 802
214 806
214 832
214 833
214 838
214 839
214 842
214 844
214 845
214 846
214 847
214 849
214 851
214 854
214 861
214 862
214 864
214 896
214 902
214 903
214 907
214 908
214 909
214 910
214 911
214 913
214 915
214 918
214 924
214 925
214 960
214 966
214 967
214 974
214 977
214 979
214 982
214 989
214 1024
214 1030
214 1031
214 1038
214 1039
214 1041
214 1043
214 1053
214 1054
214 1088
214 1094
214 1102
214 1117
214 1152
214 1162
214 1165
214 1169
214 1181
214 1216
214 1231
214 1235
214 1238
214 1245
215 23
215 41
215 87
215 151
215 236
215 279
215 343
215 407
215 498
215 725
215 1005
216 24
216 88
216 152
216 280
216 341
216 344
216 408
217 25
217 89
217 153
217 281
217 345
217 409
217 675
218 26
218 90
218 154
218 282
218 346
218 410
218 1264
219 0
219 7
219 10
219 11
219 12
219 13
219 17
219 27
219 28
219 29
219 32
219 37
219 38
219 64
219 70
219 71
219 74
219 76
219 77
219 79
219 81
219 86
219 91
219 93
219 94
219 96
219 128
219 134
219 135
219 138
219 140
219 143
219 144
219 145
219 150
219 155
219 156
219 157
219 158
219 160
219 164
219 199
219 202
219 203
219 205
219 207
219 209
219 214
219 222
219 226
219 230
219 246
219 256
219 262
219 270
219 273
219 275
219 283
219 285
219 286
219 310
219 320
219 326
219 327
219 334
219 337
219 339
219 342
219 347
219 349
219 350
219 390
219 391
219 394
219 396
219 399
219 401
219 406
219 411
219 413
219 414
219 416
219 421
219 448
219 454
219 462
219 465
219 467
219 477
219 512
219 518
219 519
219 522
219 527
219 541
219 576
219 582
219 583
219 587
219 588
219 589
219 591
219 593
219 598
219 603
219 604
219 605
219 606
219 612
219 640
219 646
219 647
219 650
219 653
219 655
219 657
219 662
219 669
219 670
219 676
219 694
219 704
219 711
219 714
219 716
219 719
219 721
219 734
219 736
219 770
219 775
219 778
219 779
219 780
219 781
219 790
219 796
219 797
219 798
219 799
219 800
219 802
219 806
219 832
219 833
219 836
219 839
219 842
219 843
219 844
219 845
219 847
219 854
219 860
219 862
219 864
219 884
219 896
219 903
219 906
219 907
219 908
219 909
219 911
219 918
219 924
219 932
219 960
219 967
219 974
219 982
219 989
219 1024
219 1030
219 1031
219 1038
219 1039
219 1041
219 1043
219 1052
219 1053
219 1054
219 1095
219 1110
219 1163
219 1174
219 1184
219 1188
219 1226
219 1231
219 1238
219 1244
219 1252
220 18
220 28
220 92
220 156
220 284
220 348
220 412
220 648
221 0
221 6
221 7
221 12
221 13
221 14
221 19
221 29
221 32
221 38
221 64
221 70
221 71
221 76
221 78
221 79
221 81
221 83
221 93
221 94
221 96
221 128
221 134
221 135
221 140
221 142
221 145
221 147
221 150
221 156
221 157
221 164
221 192
221 198
221 199
221 203
221 205
221 206
221 209
221 211
221 214
221 222
221 230
221 270
221 273
221 275
221 285
221 286
221 327
221 334
221 337
221 339
221 349
221 350
221 384
221 391
221 398
221 401
221 403
221 413
221 448
221 465
221 467
221 477
221 512
221 518
221 519
221 526
221 529
221 531
221 541
221 576
221 582
221 587
221 588
221 590
221 593
221 595
221 598
221 605
221 606
221 640
221 646
221 647
221 654
221 657
221 659
221 662
221 669
221 704
221 710
221 711
221 714
221 716
221 718
221 719
221 721
221 723
221 733
221 734
221 768
221 774
221 775
221 778
221 780
221 781
221 782
221 783
221 785
221 787
221 790
221 796
221 797
221 798
221 799
221 800
221 802
221 832
221 838
221 839
221 842
221 844
221 845
221 846
221 847
221 849
221 851
221 854
221 861
221 862
221 896
221 902
221 908
221 910
221 913
221 915
221 918
221 925
221 960
221 966
221 974
221 977
221 979
221 982
221 989
221 1024
221 1030
221 1038
221 1041
221 1043
221 1053
221 1054
221 1088
221 1094
221 1102
221 1105
221 1107
221 1117
221 1158
221 1165
221 1166
221 1169
221 1171
221 1181
221 1216
221 1223
221 1230
221 1233
221 1245
222 0
222 6
222 7
222 12
222 13
222 14
222 19
222 30
222 32
222 38
222 64
222 70
222 71
222 76
222 77
222 78
222 79
222 81
222 83
222 93
222 94
222 96
222 128
222 134
222 135
222 140
222 142
222 145
222 147
222 150
222 156
222 157
222 158
222 164
222 192
222 198
222 199
222 203
222 205
222 206
222 209
222 211
222 214
222 219
222 221
222 230
222 270
222 273
222 275
222 285
222 286
222 320
222 327
222 334
222 337
222 339
222 350
222 384
222 391
222 398
222 399
222 401
222 403
222 413
222 414
222 448
222 462
222 465
222 467
222 477
222 512
222 518
222 519
222 526
222 529
222 531
222 541
222 576
222 582
222 587
222 588
222 589
222 590
222 591
222 593
222 595
222 598
222 605
222 606
222 640
222 646
222 647
222 654
222 655
222 657
222 659
222 662
222 669
222 694
222 704
222 710
222 711
222 714
222 716
222 718
222 719
222 721
222 723
222 733
222 734
222 768
222 774
222 775
222 778
222 780
222 781
222 782
222 783
222 785
222 787
222 790
222 796
222 797
222 798
222 799
222 800
222 802
222 806
222 832
222 838
222 839
222 842
222 844
222 845
222 846
222 847
222 849
222 851
222 854
222 861
222 862
222 896
222 902
222 908
222 909
222 910
222 913
222 915
222 918
222 925
222 960
222 966
222 974
222 977
222 979
222 982
222 989
222 1024
222 1030
222 1038
222 1041
222 1043
222 1053
222 1054
222 1088
222 1094
222 1102
222 1105
222 1117
222 1152
222 1162
222 1165
222 1166
222 1169
222 1171
222 1181
222 1216
222 1223
222 1230
222 1235
222 1245
223 10
223 15
223 17
223 28
223 29
223 31
223 37
223 74
223 75
223 86
223 95
223 139
223 143
223 144
223 155
223 159
223 207
223 226
223 228
223 263
223 287
223 308
223 310
223 342
223 351
223 394
223 395
223 406
223 411
223 415
223 416
223 421
223 454
223 455
223 522
223 527
223 580
223 583
223 586
223 604
223 608
223 650
223 653
223 676
223 726
223 736
223 754
223 770
223 772
223 801
223 820
223 836
223 848
223 860
223 884
223 886
223 906
223 932
223 950
223 971
223 1051
223 1052
223 1116
223 1124
223 1153
223 1164
223 1167
223 1202
223 1227
223 1229
223 1271
224 32
224 96
224 160
224 288
224 343
224 352
224 416
224 1197
225 33
225 97
225 161
225 289
225 353
225 417
225 665
226 10
226 11
226 13
226 15
226 17
226 28
226 29
226 34
226 37
226 38
226 70
226 74
226 75
226 76
226 77
226 81
226 86
226 98
226 138
226 139
226 143
226 144
226 155
226 158
226 160
226 162
226 164
226 202
226 205
226 207
226 219
226 223
226 228
226 230
226 246
226 256
226 262
226 263
226 286
226 290
226 308
226 310
226 320
226 326
226 334
226 342
226 349
226 350
226 354
226 390
226 394
226 395
226 396
226 399
226 406
226 411
226 414
226 416
226 418
226 421
226 448
226 454
226 455
226 462
226 465
226 522
226 527
226 580
226 583
226 586
226 587
226 588
226 589
226 591
226 603
226 604
226 606
226 608
226 612
226 650
226 653
226 655
226 670
226 676
226 694
226 714
226 716
226 736
226 770
226 772
226 779
226 796
226 800
226 801
226 802
226 806
226 820
226 833
226 836
226 839
226 842
226 843
226 844
226 847
226 848
226 854
226 860
226 864
226 884
226 903
226 906
226 907
226 908
226 909
226 911
226 924
226 932
226 950
226 967
226 982
226 1031
226 1039
226 1052
226 1053
226 1103
226 1118
226 1120
226 1126
226 1161
226 1177
226 1179
226 1182
226 1227
226 1271
227 35
227 99
227 163
227 291
227 355
227 419
227 1070
228 10
228 11
228 15
228 17
228 28
228 29
228 36
228 37
228 74
228 75
228 86
228 100
228 138
228 139
228 143
228 144
228 155
228 158
228 160
228 164
228 202
228 207
228 223
228 226
228 246
228 256
228 262
228 263
228 292
228 308
228 310
228 326
228 342
228 349
228 356
228 390
228 394
228 395
228 396
228 406
228 411
228 414
228 416
228 420
228 421
228 454
228 455
228 462
228 522
228 527
228 580
228 583
228 586
228 603
228 604
228 608
228 612
228 650
228 653
228 670
228 676
228 694
228 726
228 736
228 754
228 770
228 772
228 779
228 801
228 820
228 833
228 836
228 843
228 848
228 860
228 864
228 884
228 886
228 903
228 906
228 907
228 911
228 924
228 932
228 950
228 967
228 1031
228 1039
228 1052
228 1118
228 1120
228 1153
228 1167
228 1202
228 1227
228 1229
228 1271
229 37
229 101
229 165
229 293
229 357
229 421
229 788
229 803
230 0
230 6
230 7
230 11
230 12
230 13
230 14
230 17
230 28
230 32
230 37
230 38
230 64
230 70
230 71
230 74
230 76
230 77
230 79
230 81
230 83
230 93
230 94
230 96
230 102
230 128
230 134
230 135
230 138
230 140
230 143
230 144
230 145
230 150
230 156
230 157
230 158
230 160
230 164
230 166
230 198
230 199
230 202
230 203
230 205
230 209
230 214
230 219
230 221
230 222
230 226
230 246
230 256
230 262
230 270
230 273
230 275
230 285
230 286
230 294
230 310
230 320
230 326
230 327
230 334
230 337
230 339
230 342
230 349
230 350
230 358
230 384
230 390
230 391
230 394
230 396
230 398
230 399
230 401
230 406
230 411
230 413
230 414
230 416
230 421
230 422
230 448
230 454
230 462
230 465
230 467
230 477
230 512
230 518
230 519
230 522
230 526
230 527
230 529
230 531
230 541
230 576
230 582
230 583
230 587
230 588
230 589
230 591
230 593
230 598
230 603
230 605
230 606
230 612
230 640
230 646
230 647
230 650
230 653
230 655
230 657
230 659
230 662
230 669
230 670
230 676
230 694
230 704
230 711
230 714
230 716
230 718
230 719
230 721
230 733
230 734
230 736
230 770
230 775
230 778
230 779
230 780
230 781
230 783
230 790
230 796
230 797
230 798
230 799
230 800
230 802
230 806
230 832
230 833
230 839
230 842
230 843
230 844
230 845
230 847
230 854
230 862
230 864
230 884
230 896
230 902
230 903
230 907
230 908
230 909
230 911
230 918
230 924
230 932
230 960
230 966
230 967
230 974
230 977
230 979
230 982
230 989
230 1024
230 1030
230 1031
230 1038
230 1039
230 1041
230 1043
230 1052
230 1053
230 1054
230 1110
230 1152
230 1162
230 1163
230 1174
230 1226
230 1231
230 1238
231 39
231 103
231 167
231 295
231 359
231 423
232 40
232 104
232 168
232 296
232 360
232 424
233 41
233 105
233 169
233 297
233 361
233 425
233 702
234 42
234 106
234 170
234 298
234 362
234 426
234 618
235 43
235 107
235 171
235 299
235 363
235 427
235 746
235 1242
236 41
236 44
236 108
236 172
236 215
236 300
236 364
236 428
236 498
236 725
236 1005
237 45
237 109
237 173
237 301
237 365
237 429
237 661
238 46
238 110
238 169
238 174
238 302
238 366
238 430
239 47
239 111
239 175
239 303
239 367
239 431
239 450
240 48
240 112
240 176
240 304
240 368
240 432
241 49
241 113
241 124
241 177
241 305
241 369
241 433
242 20
242 50
242 114
242 178
242 306
242 370
242 434
243 51
243 115
243 179
243 307
243 371
243 435
243 889
244 52
244 116
244 180
244 308
244 372
244 436
244 784
245 53
245 117
245 181
245 309
245 373
245 437
245 523
245 855
246 7
246 10
246 11
246 12
246 13
246 17
246 28
246 29
246 32
246 37
246 38
246 54
246 70
246 71
246 74
246 76
246 77
246 79
246 81
246 86
246 93
246 94
246 96
246 118
246 135
246 138
246 139
246 140
246 143
246 144
246 145
246 150
246 156
246 157
246 158
246 160
246 164
246 182
246 202
246 203
246 205
246 207
246 214
246 219
246 226
246 228
246 230
246 256
246 262
246 270
246 273
246 275
246 285
246 286
246 308
246 310
246 320
246 326
246 327
246 334
246 342
246 349
246 350
246 374
246 390
246 391
246 394
246 395
246 396
246 399
246 406
246 411
246 413
246 414
246 416
246 421
246 438
246 448
246 454
246 462
246 465
246 467
246 477
246 518
246 519
246 522
246 527
246 541
246 576
246 582
246 583
246 587
246 588
246 589
246 591
246 598
246 603
246 604
246 605
246 606
246 612
246 640
246 646
246 647
246 650
246 653
246 655
246 662
246 669
246 670
246 676
246 694
246 704
246 714
246 716
246 734
246 736
246 770
246 775
246 778
246 779
246 780
246 781
246 790
246 796
246 797
246 798
246 799
246 800
246 801
246 802
246 806
246 833
246 836
246 839
246 842
246 843
246 844
246 845
246 847
246 854
246 860
246 862
246 864
246 884
246 896
246 903
246 906
246 907
246 908
246 909
246 911
246 918
246 924
246 932
246 950
246 960
246 967
246 982
246 989
246 1024
246 1030
246 1031
246 1039
246 1041
246 1052
246 1053
246 1054
246 1095
246 1103
246 1110
246 1126
246 1161
246 1163
246 1174
246 1177
246 1182
246 1184
246 1188
246 1244
246 1252
247 55
247 119
247 183
247 295
247 311
247 375
247 439
247 795
248 56
248 120
248 184
248 312
248 376
248 440
249 57
249 121
249 185
249 313
249 377
249 441
249 688
249 991
249 1016
250 58
250 122
250 186
250 314
250 378
250 442
251 59
251 123
251 187
251 315
251 379
251 443
251 452
252 60
252 124
252 188
252 316
252 380
252 444
252 944
253 61
253 125
253 189
253 317
253 381
253 445
254 62
254 126
254 190
254 318
254 382
254 446
254 1020
255 63
255 127
255 191
255 319
255 383
255 447
256 7
256 10
256 11
256 12
256 13
256 17
256 28
256 29
256 32
256 37
256 38
256 64
256 70
256 71
256 74
256 76
256 77
256 79
256 81
256 86
256 93
256 94
256 96
256 128
256 135
256 138
256 140
256 143
256 144
256 145
256 150
256 156
256 157
256 158
256 160
256 164
256 192
256 202
256 203
256 205
256 207
256 209
256 214
256 219
256 226
256 228
256 230
256 246
256 262
256 270
256 273
256 275
256 285
256 286
256 308
256 310
256 320
256 326
256 327
256 334
256 337
256 342
256 349
256 350
256 384
256 390
256 391
256 394
256 395
256 396
256 399
256 401
256 406
256 411
256 413
256 414
256 416
256 421
256 448
256 454
256 462
256 465
256 467
256 477
256 512
256 518
256 519
256 522
256 527
256 541
256 576
256 582
256 583
256 587
256 588
256 589
256 591
256 598
256 603
256 604
256 605
256 606
256 612
256 640
256 646
256 647
256 650
256 653
256 655
256 662
256 669
256 670
256 676
256 694
256 704
256 711
256 714
256 716
256 734
256 736
256 770
256 775
256 778
256 779
256 780
256 781
256 790
256 796
256 797
256 798
256 799
256 800
256 801
256 802
256 806
256 833
256 836
256 839
256 842
256 843
256 844
256 845
256 847
256 854
256 860
256 862
256 864
256 884
256 896
256 903
256 906
256 907
256 908
256 909
256 911
256 918
256 924
256 932
256 950
256 960
256 967
256 974
256 982
256 989
256 1024
256 1030
256 1031
256 1038
256 1039
256 1041
256 1052
256 1053
256 1054
256 1088
256 1095
256 1103
256 1110
256 1117
256 1118
256 1120
256 1126
256 1161
256 1163
256 1174
256 1177
256 1182
256 1184
256 1188
256 1226
256 1244
256 1252
257 65
257 129
257 193
257 279
257 321
257 385
257 449
257 545
257 1047
258 66
258 130
258 194
258 322
258 386
258 449
258 450
259 67
259 131
259 195
259 323
259 387
259 451
260 68
260 132
260 196
260 324
260 388
260 452
260 811
260 922
260 1007
260 1160
261 69
261 133
261 197
261 325
261 359
261 389
261 453
261 976
262 7
262 10
262 11
262 12
262 13
262 17
262 28
262 29
262 32
262 37
262 38
262 70
262 71
262 74
262 76
262 77
262 79
262 81
262 86
262 93
262 94
262 96
262 134
262 135
262 138
262 139
262 140
262 143
262 144
262 150
262 155
262 156
262 157
262 158
262 160
262 164
262 198
262 202
262 203
262 205
262 207
262 219
262 226
262 228
262 230
262 246
262 256
262 270
262 273
262 275
262 285
262 286
262 308
262 310
262 320
262 326
262 327
262 334
262 342
262 349
262 350
262 390
262 391
262 394
262 395
262 396
262 399
262 406
262 411
262 413
262 414
262 416
262 421
262 448
262 454
262 462
262 465
262 467
262 518
262 519
262 522
262 527
262 541
262 583
262 586
262 587
262 588
262 589
262 591
262 598
262 603
262 604
262 605
262 606
262 608
262 612
262 640
262 646
262 647
262 650
262 653
262 655
262 662
262 670
262 676
262 694
262 714
262 716
262 734
262 736
262 770
262 775
262 778
262 779
262 780
262 781
262 790
262 796
262 798
262 799
262 800
262 801
262 802
262 806
262 833
262 836
262 839
262 842
262 843
262 844
262 845
262 847
262 854
262 860
262 864
262 884
262 896
262 903
262 906
262 907
262 908
262 909
262 911
262 918
262 924
262 932
262 950
262 967
262 982
262 989
262 1024
262 1031
262 1039
262 1052
262 1053
262 1054
262 1095
262 1103
262 1110
262 1118
262 1120
262 1126
262 1161
262 1177
262 1179
262 1182
262 1184
262 1188
262 1244
262 1252
263 10
263 15
263 29
263 71
263 74
263 75
263 86
263 135
263 139
263 155
263 199
263 207
263 223
263 226
263 228
263 308
263 310
263 327
263 342
263 391
263 395
263 406
263 411
263 454
263 455
263 522
263 527
263 580
263 586
263 604
263 608
263 653
263 676
263 726
263 754
263 770
263 772
263 801
263 820
263 836
263 848
263 860
263 886
263 906
263 950
263 971
263 1051
263 1052
263 1099
263 1116
263 1118
263 1120
263 1124
263 1153
263 1164
263 1167
263 1202
263 1229
264 72
264 136
264 200
264 328
264 392
264 456
264 1013
265 9
265 73
265 137
265 201
265 329
265 393
265 457
265 521
265 581
265 645
265 713
265 777
265 837
265 905
265 968
265 1033
265 1097
265 1157
265 1221
266 74
266 138
266 202
266 330
266 389
266 394
266 458
266 809
267 75
267 139
267 203
267 331
267 395
267 459
267 826
268 76
268 140
268 204
268 212
268 332
268 396
268 460
269 77
269 141
269 205
269 333
269 397
269 461
269 869
270 0
270 6
270 7
270 11
270 12
270 13
270 14
270 17
270 19
270 28
270 32
270 37
270 38
270 64
270 70
270 71
270 74
270 76
270 77
270 78
270 79
270 81
270 83
270 93
270 94
270 96
270 128
270 134
270 135
270 138
270 140
270 142
270 143
270 144
270 145
270 150
270 156
270 157
270 158
270 160
270 164
270 192
270 198
270 199
270 202
270 203
270 205
270 206
270 209
270 214
270 219
270 221
270 222
270 230
270 246
270 256
270 262
270 273
270 275
270 285
270 286
270 320
270 326
270 327
270 334
270 337
270 339
270 349
270 350
270 384
270 390
270 391
270 394
270 396
270 398
270 399
270 401
270 413
270 414
270 416
270 421
270 448
270 462
270 465
270 467
270 477
270 512
270 518
270 519
270 522
270 526
270 527
270 529
270 531
270 541
270 576
270 582
270 583
270 587
270 588
270 589
270 591
270 593
270 595
270 598
270 603
270 605
270 606
270 612
270 640
270 646
270 647
270 650
270 653
270 654
270 655
270 657
270 659
270 662
270 669
270 670
270 694
270 704
270 710
270 711
270 714
270 716
270 718
270 719
270 721
270 733
270 734
270 736
270 768
270 775
270 778
270 779
270 780
270 781
270 783
270 787
270 790
270 796
270 797
270 798
270 799
270 800
270 802
270 806
270 832
270 833
270 838
270 839
270 842
270 843
270 844
270 845
270 847
270 851
270 854
270 861
270 862
270 864
270 884
270 896
270 902
270 903
270 907
270 908
270 909
270 910
270 911
270 913
270 915
270 918
270 924
270 932
270 960
270 966
270 967
270 974
270 977
270 979
270 982
270 989
270 1024
270 1030
270 1031
270 1038
270 1039
270 1041
270 1043
270 1052
270 1053
270 1054
270 1088
270 1094
270 1095
270 1102
270 1103
270 1105
270 1107
270 1110
270 1117
270 1126
270 1152
270 1162
270 1163
270 1165
270 1174
270 1226
270 1231
270 1235
270 1238
271 79
271 143
271 207
271 335
271 399
271 463
272 80
272 144
272 208
272 336
272 400
272 464
272 901
273 0
273 6
273 7
273 11
273 12
273 13
273 14
273 19
273 32
273 37
273 38
273 64
273 70
273 71
273 76
273 77
273 78
273 79
273 81
273 83
273 93
273 94
273 96
273 128
273 134
273 135
273 138
273 140
273 143
273 144
273 145
273 147
273 150
273 156
273 157
273 158
273 160
273 164
273 192
273 198
273 199
273 202
273 203
273 205
273 206
273 209
273 214
273 219
273 221
273 222
273 230
273 246
273 256
273 262
273 270
273 275
273 285
273 286
273 320
273 326
273 327
273 334
273 337
273 339
273 349
273 350
273 384
273 390
273 391
273 394
273 396
273 398
273 399
273 401
273 413
273 414
273 416
273 448
273 462
273 465
273 467
273 477
273 512
273 518
273 519
273 526
273 529
273 531
273 541
273 576
273 582
273 583
273 587
273 588
273 589
273 591
273 593
273 595
273 598
273 603
273 605
273 606
273 612
273 640
273 646
273 647
273 650
273 654
273 655
273 657
273 659
273 662
273 669
273 670
273 694
273 704
273 710
273 711
273 714
273 716
273 718
273 719
273 721
273 723
273 733
273 734
273 736
273 768
273 775
273 778
273 779
273 780
273 781
273 783
273 785
273 787
273 790
273 796
273 797
273 798
273 799
273 800
273 802
273 806
273 832
273 833
273 838
273 839
273 842
273 843
273 844
273 845
273 846
273 847
273 849
273 851
273 854
273 861
273 862
273 864
273 884
273 896
273 902
273 903
273 907
273 908
273 909
273 910
273 911
273 913
273 915
273 918
273 924
273 925
273 932
273 960
273 966
273 967
273 974
273 977
273 979
273 982
273 989
273 1024
273 1030
273 1031
273 1038
273 1039
273 1041
273 1043
273 1053
273 1054
273 1088
273 1094
273 1095
273 1102
273 1103
273 1105
273 1107
273 1110
273 1117
273 1126
273 1152
273 1162
273 1165
273 1169
273 1181
273 1226
273 1231
273 1235
273 1238
273 1245
274 82
274 146
274 210
274 338
274 402
274 466
274 1006
275 0
275 6
275 7
275 11
275 12
275 13
275 14
275 19
275 32
275 38
275 64
275 70
275 71
275 76
275 77
275 78
275 79
275 81
275 83
275 93
275 94
275 96
275 128
275 134
275 135
275 138
275 140
275 145
275 147
275 150
275 156
275 157
275 158
275 160
275 164
275 192
275 198
275 199
275 202
275 203
275 205
275 206
275 209
275 211
275 214
275 219
275 221
275 222
275 230
275 246
275 256
275 262
275 270
275 273
275 285
275 286
275 320
275 326
275 327
275 334
275 337
275 339
275 349
275 350
275 384
275 390
275 391
275 394
275 396
275 398
275 399
275 401
275 403
275 413
275 414
275 448
275 462
275 465
275 467
275 477
275 512
275 518
275 519
275 526
275 529
275 531
275 541
275 576
275 582
275 583
275 587
275 588
275 589
275 590
275 591
275 593
275 595
275 598
275 603
275 605
275 606
275 612
275 640
275 646
275 647
275 650
275 654
275 655
275 657
275 659
275 662
275 669
275 670
275 694
275 704
275 710
275 711
275 714
275 716
275 718
275 719
275 721
275 723
275 733
275 734
275 736
275 768
275 774
275 775
275 778
275 779
275 780
275 781
275 782
275 783
275 785
275 787
275 790
275 796
275 797
275 798
275 799
275 800
275 802
275 806
275 832
275 833
275 838
275 839
275 842
275 843
275 844
275 845
275 846
275 847
275 849
275 851
275 854
275 861
275 862
275 864
275 896
275 902
275 903
275 907
275 908
275 909
275 910
275 911
275 913
275 915
275 918
275 924
275 925
275 960
275 966
275 967
275 974
275 977
275 979
275 982
275 989
275 1024
275 1030
275 1031
275 1038
275 1039
275 1041
275 1043
275 1053
275 1054
275 1088
275 1094
275 1095
275 1102
275 1105
275 1107
275 1110
275 1117
275 1152
275 1162
275 1165
275 1169
275 1181
275 1216
275 1231
275 1235
275 1238
275 1245
276 84
276 148
276 212
276 340
276 404
276 468
276 633
276 1201
277 85
277 149
277 213
277 341
277 405
277 469
277 692
278 86
278 150
278 214
278 342
278 406
278 470
279 87
279 151
279 215
279 257
279 343
279 407
279 471
279 545
279 1047
280 88
280 152
280 216
280 344
280 408
280 433
280 446
280 472
280 561
281 89
281 153
281 217
281 345
281 409
281 473
282 40
282 90
282 154
282 218
282 346
282 410
282 474
282 1049
283 91
283 155
283 219
283 347
283 411
283 475
284 92
284 156
284 220
284 348
284 412
284 476
285 0
285 6
285 7
285 11
285 12
285 13
285 14
285 17
285 19
285 28
285 32
285 37
285 38
285 64
285 70
285 71
285 74
285 76
285 77
285 79
285 81
285 83
285 93
285 94
285 96
285 128
285 134
285 135
285 138
285 140
285 143
285 144
285 145
285 150
285 156
285 157
285 158
285 160
285 164
285 192
285 198
285 199
285 202
285 203
285 205
285 209
285 214
285 219
285 221
285 222
285 230
285 246
285 256
285 262
285 270
285 273
285 275
285 286
285 310
285 320
285 326
285 327
285 334
285 337
285 339
285 342
285 349
285 350
285 384
285 390
285 391
285 394
285 396
285 398
285 399
285 401
285 406
285 413
285 414
285 416
285 421
285 448
285 462
285 465
285 467
285 477
285 512
285 518
285 519
285 522
285 526
285 527
285 529
285 531
285 541
285 576
285 582
285 583
285 587
285 588
285 589
285 591
285 593
285 595
285 598
285 603
285 605
285 606
285 612
285 640
285 646
285 647
285 650
285 653
285 654
285 655
285 657
285 659
285 662
285 669
285 670
285 676
285 694
285 704
285 710
285 711
285 714
285 716
285 718
285 719
285 721
285 733
285 734
285 736
285 768
285 775
285 778
285 779
285 780
285 781
285 783
285 790
285 796
285 797
285 798
285 799
285 800
285 802
285 806
285 832
285 833
285 838
285 839
285 842
285 843
285 844
285 845
285 847
285 854
285 861
285 862
285 864
285 884
285 896
285 902
285 903
285 907
285 908
285 909
285 910
285 911
285 913
285 915
285 918
285 924
285 932
285 960
285 966
285 967
285 974
285 977
285 979
285 982
285 989
285 1024
285 1030
285 1031
285 1038
285 1039
285 1041
285 1043
285 1052
285 1053
285 1054
285 1088
285 1094
285 1095
285 1102
285 1103
285 1105
285 1110
285 1117
285 1126
285 1152
285 1162
285 1163
285 1174
285 1226
285 1231
285 1235
285 1238
286 0
286 7
286 10
286 11
286 12
286 13
286 17
286 28
286 29
286 32
286 37
286 38
286 64
286 70
286 71
286 74
286 76
286 77
286 79
286 81
286 86
286 93
286 94
286 96
286 128
286 134
286 135
286 138
286 140
286 143
286 144
286 145
286 150
286 156
286 157
286 158
286 160
286 164
286 199
286 202
286 203
286 205
286 207
286 209
286 214
286 219
286 221
286 222
286 226
286 230
286 246
286 256
286 262
286 270
286 273
286 275
286 285
286 310
286 320
286 326
286 327
286 334
286 337
286 339
286 342
286 349
286 350
286 390
286 391
286 394
286 396
286 399
286 401
286 406
286 411
286 413
286 414
286 416
286 421
286 448
286 454
286 462
286 465
286 467
286 477
286 478
286 512
286 518
286 519
286 522
286 527
286 541
286 576
286 582
286 583
286 587
286 588
286 589
286 591
286 593
286 598
286 603
286 605
286 606
286 612
286 640
286 646
286 647
286 650
286 653
286 655
286 657
286 662
286 669
286 670
286 676
286 694
286 704
286 711
286 714
286 716
286 719
286 721
286 734
286 736
286 770
286 775
286 778
286 779
286 780
286 781
286 783
286 790
286 796
286 797
286 798
286 799
286 800
286 802
286 806
286 832
286 833
286 839
286 842
286 843
286 844
286 845
286 847
286 854
286 860
286 862
286 864
286 884
286 896
286 903
286 907
286 908
286 909
286 911
286 918
286 924
286 932
286 960
286 967
286 974
286 982
286 989
286 1024
286 1030
286 1031
286 1038
286 1039
286 1041
286 1043
286 1052
286 1053
286 1054
286 1088
286 1094
286 1095
286 1102
286 1103
286 1105
286 1110
286 1117
286 1118
286 1126
286 1163
286 1174
286 1226
286 1231
286 1238
286 1252
287 95
287 159
287 190
287 223
287 351
287 415
287 479
288 96
288 160
288 224
288 352
288 373
288 416
288 480
289 97
289 161
289 225
289 323
289 353
289 417
289 481
289 658
290 98
290 162
290 226
290 354
290 418
290 482
291 99
291 163
291 227
291 355
291 419
291 483
291 553
291 888
292 100
292 164
292 228
292 356
292 420
292 484
293 101
293 165
293 229
293 357
293 421
293 485
293 671
294 102
294 130
294 166
294 230
294 358
294 422
294 486
294 1133
295 103
295 167
295 231
295 247
295 359
295 423
295 487
295 795
296 104
296 113
296 168
296 232
296 360
296 424
296 488
296 554
297 105
297 169
297 233
297 361
297 425
297 489
298 106
298 170
298 234
298 362
298 383
298 426
298 466
298 490
299 107
299 171
299 235
299 363
299 427
299 491
299 579
300 24
300 108
300 172
300 236
300 364
300 428
300 492
300 697
301 109
301 173
301 237
301 365
301 429
301 493
302 82
302 110
302 172
302 174
302 238
302 366
302 430
302 494
303 111
303 175
303 188
303 239
303 367
303 431
303 495
303 503
303 1087
304 112
304 176
304 240
304 368
304 432
304 496
304 1257
305 113
305 177
305 241
305 369
305 433
305 497
306 72
306 114
306 178
306 242
306 370
306 434
306 498
307 115
307 179
307 243
307 371
307 435
307 499
308 10
308 11
308 15
308 17
308 28
308 29
308 37
308 74
308 75
308 86
308 116
308 138
308 139
308 143
308 144
308 155
308 158
308 160
308 180
308 202
308 207
308 223
308 226
308 228
308 244
308 246
308 256
308 262
308 263
308 310
308 320
308 326
308 342
308 349
308 372
308 390
308 394
308 395
308 396
308 399
308 406
308 411
308 414
308 416
308 421
308 436
308 454
308 455
308 462
308 500
308 522
308 527
308 580
308 583
308 586
308 589
308 591
308 603
308 604
308 608
308 612
308 650
308 653
308 655
308 670
308 676
308 694
308 726
308 736
308 754
308 770
308 772
308 779
308 801
308 820
308 833
308 836
308 843
308 848
308 860
308 864
308 884
308 886
308 903
308 906
308 907
308 909
308 911
308 924
308 932
308 950
308 967
308 1031
308 1039
308 1052
308 1095
308 1099
308 1103
308 1116
308 1118
308 1120
308 1124
308 1126
308 1153
308 1167
308 1202
308 1227
308 1271
309 117
309 181
309 245
309 373
309 437
309 501
310 10
310 11
310 13
310 15
310 17
310 28
310 29
310 37
310 38
310 70
310 74
310 75
310 76
310 77
310 81
310 86
310 118
310 138
310 139
310 140
310 143
310 144
310 155
310 158
310 160
310 164
310 182
310 202
310 205
310 207
310 219
310 223
310 226
310 228
310 230
310 246
310 256
310 262
310 263
310 285
310 286
310 308
310 320
310 326
310 334
310 342
310 349
310 350
310 374
310 390
310 391
310 394
310 395
310 396
310 399
310 406
310 411
310 414
310 416
310 421
310 438
310 448
310 454
310 455
310 462
310 465
310 502
310 522
310 527
310 580
310 583
310 586
310 587
310 588
310 589
310 591
310 598
310 603
310 604
310 606
310 608
310 612
310 650
310 653
310 655
310 670
310 676
310 694
310 714
310 716
310 736
310 770
310 772
310 779
310 790
310 796
310 800
310 801
310 802
310 806
310 820
310 833
310 836
310 839
310 842
310 843
310 844
310 847
310 848
310 854
310 860
310 864
310 884
310 903
310 906
310 907
310 908
310 909
310 911
310 924
310 932
310 950
310 967
310 982
310 1031
310 1039
310 1052
310 1053
310 1095
310 1103
310 1110
310 1118
310 1120
310 1126
310 1161
310 1177
310 1179
310 1182
310 1188
310 1227
310 1244
311 119
311 183
311 247
311 375
311 439
311 503
312 120
312 184
312 248
312 376
312 440
312 504
312 682
312 1086
313 121
313 185
313 249
313 377
313 441
313 505
313 1023
314 122
314 186
314 250
314 372
314 378
314 442
314 506
314 572
315 123
315 187
315 251
315 379
315 443
315 507
316 124
316 188
316 252
316 380
316 444
316 508
316 574
316 1050
316 1149
317 125
317 189
317 253
317 360
317 361
317 381
317 445
317 509
317 1136
318 126
318 187
318 190
318 254
318 382
318 446
318 510
319 127
319 191
319 255
319 383
319 447
319 511
320 7
320 10
320 11
320 12
320 13
320 17
320 28
320 29
320 32
320 37
320 38
320 64
320 70
320 71
320 74
320 76
320 77
320 79
320 81
320 86
320 93
320 94
320 96
320 128
320 134
320 135
320 138
320 140
320 143
320 144
320 145
320 150
320 156
320 157
320 158
320 160
320 164
320 192
320 202
320 203
320 205
320 207
320 209
320 214
320 219
320 222
320 226
320 230
320 246
320 256
320 262
320 270
320 273
320 275
320 285
320 286
320 308
320 310
320 326
320 327
320 334
320 337
320 339
320 342
320 349
320 350
320 384
320 390
320 391
320 394
320 396
320 399
320 401
320 406
320 411
320 413
320 414
320 416
320 421
320 448
320 454
320 462
320 465
320 467
320 477
320 512
320 518
320 519
320 522
320 527
320 541
320 576
320 582
320 583
320 587
320 588
320 589
320 591
320 593
320 598
320 603
320 604
320 605
320 606
320 612
320 640
320 646
320 647
320 650
320 653
320 655
320 657
320 662
320 669
320 670
320 676
320 694
320 704
320 711
320 714
320 716
320 734
320 736
320 770
320 775
320 778
320 779
320 780
320 781
320 790
320 796
320 797
320 798
320 799
320 800
320 802
320 806
320 833
320 836
320 839
320 842
320 843
320 844
320 845
320 847
320 854
320 860
320 862
320 864
320 884
320 896
320 903
320 906
320 907
320 908
320 909
320 911
320 918
320 924
320 932
320 950
320 960
320 967
320 974
320 982
320 989
320 1024
320 1030
320 1031
320 1038
320 1039
320 1041
320 1043
320 1052
320 1053
320 1054
320 1088
320 1095
320 1102
320 1103
320 1110
320 1117
320 1118
320 1120
320 1126
320 1152
320 1161
320 1162
320 1163
320 1165
320 1169
320 1174
320 1177
320 1179
320 1181
320 1182
320 1184
320 1188
320 1226
320 1231
320 1238
320 1244
320 1252
321 129
321 193
321 257
321 385
321 449
321 513
321 705
321 739
321 814
322 130
322 194
322 258
322 386
322 450
322 514
322 953
322 1078
323 131
323 195
323 259
323 289
323 387
323 451
323 515
323 658
324 132
324 196
324 260
324 388
324 452
324 516
324 898
324 1224
325 133
325 197
325 261
325 389
325 453
325 517
325 683
326 7
326 10
326 11
326 12
326 13
326 17
326 28
326 29
326 32
326 37
326 38
326 70
326 71
326 74
326 76
326 77
326 79
326 81
326 86
326 93
326 94
326 96
326 134
326 135
326 138
326 140
326 143
326 144
326 145
326 150
326 156
326 157
326 158
326 160
326 164
326 198
326 202
326 203
326 205
326 207
326 209
326 214
326 219
326 226
326 228
326 230
326 246
326 256
326 262
326 270
326 273
326 275
326 285
326 286
326 308
326 310
326 320
326 327
326 334
326 337
326 342
326 349
326 350
326 390
326 391
326 394
326 395
326 396
326 399
326 401
326 406
326 411
326 413
326 414
326 416
326 421
326 448
326 454
326 462
326 465
326 467
326 477
326 512
326 518
326 519
326 522
326 527
326 541
326 576
326 582
326 583
326 587
326 588
326 589
326 591
326 598
326 603
326 604
326 605
326 606
326 612
326 640
326 646
326 647
326 650
326 653
326 655
326 662
326 669
326 670
326 676
326 694
326 704
326 711
326 714
326 716
326 734
326 736
326 770
326 775
326 778
326 779
326 780
326 781
326 790
326 796
326 797
326 798
326 799
326 800
326 801
326 802
326 806
326 833
326 836
326 839
326 842
326 843
326 844
326 845
326 847
326 854
326 860
326 862
326 864
326 884
326 896
326 903
326 906
326 907
326 908
326 909
326 911
326 918
326 924
326 932
326 950
326 960
326 967
326 974
326 982
326 989
326 1024
326 1030
326 1031
326 1038
326 1039
326 1041
326 1052
326 1053
326 1054
326 1088
326 1095
326 1103
326 1110
326 1117
326 1118
326 1120
326 1126
326 1152
326 1161
326 1162
326 1163
326 1165
326 1169
326 1174
326 1177
326 1179
326 1181
326 1182
326 1184
326 1188
326 1226
326 1244
326 1252
327 0
327 6
327 7
327 11
327 12
327 13
327 14
327 19
327 32
327 38
327 64
327 70
327 71
327 76
327 77
327 78
327 79
327 81
327 83
327 93
327 94
327 96
327 128
327 134
327 135
327 138
327 140
327 145
327 147
327 150
327 156
327 157
327 158
327 160
327 164
327 192
327 198
327 199
327 202
327 203
327 205
327 206
327 209
327 214
327 219
327 221
327 222
327 230
327 246
327 256
327 262
327 263
327 270
327 273
327 275
327 285
327 286
327 320
327 326
327 334
327 337
327 339
327 349
327 350
327 384
327 390
327 391
327 396
327 398
327 399
327 401
327 403
327 413
327 414
327 448
327 455
327 462
327 465
327 467
327 477
327 512
327 518
327 519
327 526
327 529
327 531
327 541
327 576
327 582
327 587
327 588
327 589
327 590
327 591
327 593
327 595
327 598
327 603
327 605
327 606
327 612
327 640
327 646
327 647
327 654
327 655
327 657
327 659
327 662
327 669
327 670
327 694
327 704
327 710
327 711
327 714
327 716
327 718
327 719
327 721
327 723
327 733
327 734
327 768
327 774
327 775
327 778
327 779
327 780
327 781
327 782
327 783
327 785
327 787
327 790
327 796
327 797
327 798
327 799
327 800
327 802
327 806
327 832
327 833
327 838
327 839
327 842
327 843
327 844
327 845
327 846
327 847
327 849
327 851
327 854
327 861
327 862
327 864
327 896
327 902
327 903
327 907
327 908
327 909
327 910
327 911
327 913
327 915
327 918
327 924
327 925
327 960
327 966
327 967
327 974
327 977
327 979
327 982
327 989
327 1024
327 1030
327 1031
327 1038
327 1039
327 1041
327 1043
327 1053
327 1054
327 1088
327 1094
327 1095
327 1102
327 1105
327 1107
327 1110
327 1117
327 1152
327 1158
327 1162
327 1163
327 1165
327 1166
327 1169
327 1171
327 1174
327 1181
327 1184
327 1188
327 1216
327 1231
327 1235
327 1238
327 1245
328 136
328 200
328 264
328 392
328 456
328 520
328 816
329 9
329 73
329 137
329 201
329 265
329 393
329 457
329 521
329 581
329 645
329 713
329 777
329 837
329 905
329 968
329 1033
329 1097
329 1157
329 1221
330 138
330 202
330 266
330 394
330 458
330 522
331 139
331 203
331 267
331 395
331 459
331 523
331 1246
332 140
332 204
332 268
332 396
332 460
332 524
333 141
333 205
333 269
333 397
333 461
333 525
334 0
334 6
334 7
334 10
334 11
334 12
334 13
334 14
334 17
334 28
334 29
334 32
334 37
334 38
334 64
334 70
334 71
334 74
334 76
334 77
334 79
334 81
334 86
334 93
334 94
334 96
334 128
334 134
334 135
334 138
334 140
334 142
334 143
334 144
334 145
334 150
334 156
334 157
334 158
334 160
334 164
334 198
334 199
334 202
334 203
334 205
334 206
334 209
334 214
334 219
334 221
334 222
334 226
334 230
334 246
334 256
334 262
334 270
334 273
334 275
334 285
334 286
334 310
334 320
334 326
334 327
334 337
334 339
334 342
334 349
334 350
334 384
334 390
334 391
334 394
334 396
334 398
334 399
334 401
334 406
334 411
334 413
334 414
334 416
334 421
334 448
334 454
334 462
334 465
334 467
334 477
334 512
334 518
334 519
334 522
334 526
334 527
334 529
334 531
334 541
334 576
334 582
334 583
334 587
334 588
334 589
334 591
334 593
334 598
334 603
334 605
334 606
334 612
334 640
334 646
334 647
334 650
334 653
334 655
334 657
334 659
334 662
334 669
334 670
334 676
334 694
334 704
334 711
334 714
334 716
334 719
334 721
334 734
334 736
334 770
334 775
334 778
334 779
334 780
334 781
334 783
334 790
334 796
334 797
334 798
334 799
334 800
334 802
334 806
334 832
334 833
334 839
334 842
334 843
334 844
334 845
334 847
334 854
334 862
334 864
334 884
334 896
334 903
334 907
334 908
334 909
334 911
334 918
334 924
334 932
334 960
334 967
334 974
334 977
334 979
334 982
334 989
334 1024
334 1030
334 1031
334 1038
334 1039
334 1041
334 1043
334 1052
334 1053
334 1054
334 1088
334 1094
334 1095
334 1102
334 1103
334 1105
334 1110
334 1117
334 1118
334 1126
334 1152
334 1161
334 1162
334 1163
334 1165
334 1169
334 1171
334 1174
334 1177
334 1179
334 1181
334 1182
334 1184
334 1188
334 1226
334 1231
334 1238
335 143
335 196
335 207
335 271
335 399
335 463
335 527
336 8
336 117
336 144
336 208
336 272
336 400
336 429
336 464
336 528
337 0
337 6
337 7
337 11
337 12
337 13
337 14
337 19
337 32
337 38
337 64
337 70
337 71
337 76
337 77
337 78
337 79
337 81
337 83
337 93
337 94
337 96
337 128
337 134
337 135
337 140
337 142
337 145
337 147
337 150
337 156
337 157
337 164
337 192
337 198
337 199
337 203
337 205
337 206
337 209
337 211
337 214
337 219
337 221
337 222
337 230
337 256
337 270
337 273
337 275
337 285
337 286
337 320
337 326
337 327
337 334
337 339
337 350
337 384
337 391
337 398
337 399
337 401
337 403
337 413
337 448
337 462
337 465
337 467
337 477
337 512
337 518
337 519
337 526
337 529
337 531
337 541
337 576
337 582
337 587
337 588
337 589
337 590
337 591
337 593
337 595
337 598
337 605
337 606
337 640
337 646
337 647
337 654
337 655
337 657
337 659
337 662
337 669
337 694
337 704
337 710
337 711
337 714
337 716
337 718
337 719
337 721
337 723
337 733
337 734
337 768
337 774
337 775
337 778
337 780
337 781
337 782
337 783
337 785
337 787
337 790
337 796
337 797
337 798
337 799
337 800
337 802
337 806
337 832
337 838
337 839
337 842
337 844
337 845
337 846
337 847
337 849
337 851
337 854
337 861
337 862
337 896
337 902
337 908
337 909
337 910
337 913
337 915
337 918
337 925
337 960
337 966
337 974
337 977
337 979
337 982
337 989
337 1024
337 1030
337 1038
337 1041
337 1043
337 1053
337 1054
337 1088
337 1094
337 1102
337 1105
337 1107
337 1110
337 1117
337 1152
337 1158
337 1162
337 1163
337 1165
337 1166
337 1169
337 1171
337 1174
337 1181
337 1216
337 1223
337 1230
337 1235
337 1245
338 146
338 210
338 274
338 402
338 466
338 530
338 893
339 0
339 6
339 7
339 12
339 13
339 14
339 19
339 32
339 38
339 64
339 70
339 71
339 76
339 77
339 78
339 79
339 81
339 83
339 93
339 94
339 96
339 128
339 134
339 135
339 140
339 142
339 145
339 147
339 150
339 156
339 157
339 164
339 192
339 198
339 199
339 203
339 205
339 206
339 209
339 211
339 214
339 219
339 221
339 222
339 230
339 270
339 273
339 275
339 285
339 286
339 320
339 327
339 334
339 337
339 350
339 384
339 391
339 398
339 401
339 403
339 413
339 448
339 465
339 467
339 477
339 512
339 518
339 519
339 526
339 529
339 531
339 541
339 576
339 582
339 587
339 588
339 589
339 590
339 591
339 593
339 595
339 598
339 605
339 606
339 640
339 646
339 647
339 654
339 655
339 657
339 659
339 662
339 669
339 704
339 710
339 711
339 714
339 716
339 718
339 719
339 721
339 723
339 733
339 734
339 768
339 774
339 775
339 778
339 780
339 781
339 782
339 783
339 785
339 787
339 790
339 796
339 797
339 798
339 799
339 800
339 802
339 806
339 832
339 838
339 839
339 842
339 844
339 845
339 846
339 847
339 849
339 851
339 854
339 861
339 862
339 896
339 902
339 908
339 909
339 910
339 913
339 915
339 918
339 925
339 960
339 966
339 974
339 977
339 979
339 982
339 989
339 1024
339 1030
339 1038
339 1041
339 1043
339 1053
339 1054
339 1088
339 1094
339 1102
339 1105
339 1107
339 1110
339 1117
339 1152
339 1158
339 1162
339 1163
339 1165
339 1166
339 1169
339 1171
339 1174
339 1181
339 1216
339 1223
339 1230
339 1235
339 1245
340 148
340 183
340 212
340 276
340 404
340 468
340 532
341 149
341 213
341 216
341 277
341 405
341 469
341 533
342 10
342 11
342 13
342 15
342 17
342 28
342 29
342 37
342 38
342 70
342 74
342 75
342 76
342 77
342 81
342 86
342 138
342 139
342 140
342 143
342 144
342 150
342 155
342 158
342 160
342 164
342 202
342 205
342 207
342 214
342 219
342 223
342 226
342 228
342 230
342 246
342 256
342 262
342 263
342 278
342 285
342 286
342 308
342 310
342 320
342 326
342 334
342 349
342 350
342 390
342 391
342 394
342 395
342 396
342 399
342 406
342 411
342 414
342 416
342 421
342 448
342 454
342 455
342 462
342 465
342 470
342 522
342 527
342 534
342 580
342 583
342 586
342 587
342 588
342 589
342 591
342 603
342 604
342 606
342 608
342 612
342 650
342 653
342 655
342 670
342 676
342 694
342 714
342 716
342 736
342 770
342 772
342 779
342 796
342 800
342 801
342 802
342 806
342 820
342 833
342 836
342 839
342 842
342 843
342 844
342 847
342 848
342 854
342 860
342 864
342 884
342 903
342 906
342 907
342 908
342 909
342 911
342 924
342 932
342 950
342 967
342 982
342 1031
342 1039
342 1052
342 1053
342 1095
342 1103
342 1110
342 1116
342 1118
342 1120
342 1124
342 1126
342 1153
342 1161
342 1163
342 1164
342 1167
342 1174
342 1177
342 1179
342 1182
342 1184
342 1188
342 1202
342 1227
343 151
343 215
343 224
343 279
343 407
343 471
343 535
343 1197
344 97
344 152
344 210
344 216
344 280
344 408
344 472
344 536
345 46
345 153
345 217
345 281
345 409
345 473
345 537
346 154
346 218
346 282
346 362
346 376
346 410
346 474
346 538
347 155
347 219
347 283
347 411
347 475
347 539
347 912
348 156
348 220
348 284
348 412
348 476
348 540
348 552
348 812
348 964
349 7
349 10
349 11
349 12
349 13
349 17
349 28
349 29
349 32
349 37
349 38
349 70
349 71
349 74
349 76
349 77
349 79
349 81
349 86
349 93
349 94
349 96
349 135
349 138
349 139
349 140
349 143
349 144
349 150
349 155
349 156
349 157
349 158
349 160
349 164
349 202
349 203
349 205
349 207
349 219
349 221
349 226
349 228
349 230
349 246
349 256
349 262
349 270
349 273
349 275
349 285
349 286
349 308
349 310
349 320
349 326
349 327
349 334
349 342
349 350
349 390
349 391
349 394
349 395
349 396
349 399
349 406
349 411
349 413
349 414
349 416
349 421
349 448
349 454
349 462
349 465
349 467
349 477
349 518
349 519
349 522
349 527
349 541
349 583
349 586
349 587
349 588
349 589
349 591
349 598
349 603
349 604
349 605
349 606
349 608
349 612
349 640
349 646
349 647
349 650
349 653
349 655
349 662
349 670
349 676
349 694
349 714
349 716
349 734
349 736
349 770
349 775
349 778
349 779
349 780
349 781
349 790
349 796
349 798
349 799
349 800
349 801
349 802
349 806
349 833
349 836
349 839
349 842
349 843
349 844
349 845
349 847
349 854
349 860
349 864
349 884
349 896
349 903
349 906
349 907
349 908
349 909
349 911
349 918
349 924
349 932
349 950
349 967
349 982
349 989
349 1024
349 1031
349 1039
349 1052
349 1053
349 1054
349 1095
349 1103
349 1110
349 1118
349 1120
349 1126
349 1152
349 1153
349 1161
349 1162
349 1163
349 1174
349 1177
349 1179
349 1182
349 1184
349 1188
349 1202
349 1244
349 1252
350 0
350 6
350 7
350 10
350 11
350 12
350 13
350 17
350 28
350 29
350 32
350 37
350 38
350 64
350 70
350 71
350 74
350 76
350 77
350 79
350 81
350 86
350 93
350 94
350 96
350 128
350 134
350 135
350 138
350 140
350 143
350 144
350 145
350 150
350 156
350 157
350 158
350 160
350 164
350 198
350 199
350 202
350 203
350 205
350 207
350 209
350 214
350 219
350 221
350 222
350 226
350 230
350 246
350 256
350 262
350 270
350 273
350 275
350 285
350 286
350 310
350 320
350 326
350 327
350 334
350 337
350 339
350 342
350 349
350 384
350 390
350 391
350 394
350 396
350 398
350 399
350 401
350 406
350 411
350 413
350 414
350 416
350 421
350 448
350 454
350 462
350 465
350 467
350 477
350 478
350 512
350 518
350 519
350 522
350 527
350 531
350 541
350 542
350 576
350 582
350 583
350 587
350 588
350 589
350 591
350 593
350 598
350 603
350 605
350 606
350 612
350 640
350 646
350 647
350 650
350 653
350 655
350 657
350 662
350 669
350 670
350 676
350 694
350 704
350 711
350 714
350 716
350 719
350 721
350 734
350 736
350 770
350 775
350 778
350 779
350 780
350 781
350 783
350 790
350 796
350 797
350 798
350 799
350 800
350 802
350 806
350 832
350 833
350 839
350 842
350 843
350 844
350 845
350 847
350 854
350 860
350 862
350 864
350 884
350 896
350 903
350 907
350 908
350 909
350 911
350 918
350 924
350 932
350 960
350 967
350 974
350 977
350 979
350 982
350 989
350 1024
350 1030
350 1031
350 1038
350 1039
350 1041
350 1043
350 1052
350 1053
350 1054
350 1088
350 1094
350 1095
350 1102
350 1103
350 1105
350 1110
350 1117
350 1118
350 1126
350 1152
350 1161
350 1162
350 1163
350 1165
350 1169
350 1171
350 1174
350 1177
350 1179
350 1181
350 1182
350 1184
350 1188
350 1226
350 1231
350 1238
350 1252
351 159
351 223
351 287
351 415
351 479
351 543
351 753
351 1275
352 160
352 224
352 288
352 415
352 416
352 480
352 544
353 161
353 225
353 289
353 417
353 481
353 545
354 51
354 162
354 226
354 290
354 418
354 460
354 482
354 546
354 631
354 747
354 1063
355 163
355 227
355 291
355 419
355 483
355 547
355 575
355 1185
356 164
356 228
356 292
356 420
356 484
356 548
356 611
356 625
356 698
357 165
357 229
357 293
357 421
357 485
357 549
357 965
358 166
358 230
358 294
358 422
358 486
358 550
359 167
359 231
359 261
359 295
359 423
359 487
359 551
359 976
360 168
360 232
360 296
360 317
360 361
360 424
360 488
360 552
360 1136
361 169
361 233
361 297
361 317
361 360
361 425
361 489
361 553
361 1136
362 170
362 234
362 298
362 346
362 376
362 426
362 490
362 554
363 59
363 171
363 235
363 299
363 427
363 491
363 511
363 555
363 1003
364 110
364 172
364 236
364 300
364 428
364 492
364 556
364 613
365 173
365 237
365 301
365 429
365 493
365 557
366 174
366 238
366 302
366 430
366 494
366 558
366 815
366 1175
367 175
367 239
367 303
367 431
367 495
367 559
367 890
367 1276
368 176
368 240
368 304
368 432
368 496
368 560
369 177
369 241
369 305
369 433
369 489
369 497
369 561
370 101
370 178
370 242
370 306
370 434
370 498
370 562
370 749
371 179
371 243
371 307
371 435
371 499
371 563
371 677
372 180
372 244
372 308
372 314
372 436
372 500
372 564
372 572
373 181
373 245
373 288
373 309
373 437
373 501
373 565
374 182
374 246
374 310
374 438
374 502
374 566
375 183
375 247
375 311
375 439
375 503
375 567
376 184
376 248
376 312
376 346
376 362
376 440
376 504
376 568
377 185
377 249
377 313
377 441
377 505
377 569
377 700
378 186
378 250
378 314
378 442
378 506
378 570
379 187
379 251
379 315
379 443
379 507
379 571
380 188
380 252
380 316
380 444
380 508
380 572
381 189
381 191
381 253
381 317
381 445
381 509
381 573
381 993
381 1057
381 1127
381 1150
382 190
382 254
382 318
382 446
382 510
382 574
382 956
383 191
383 255
383 298
383 319
383 447
383 466
383 511
383 575
384 0
384 6
384 7
384 12
384 14
384 19
384 32
384 64
384 70
384 71
384 78
384 79
384 83
384 93
384 94
384 96
384 128
384 134
384 135
384 140
384 142
384 145
384 147
384 150
384 156
384 157
384 164
384 192
384 198
384 199
384 203
384 206
384 209
384 211
384 214
384 221
384 222
384 230
384 256
384 270
384 273
384 275
384 285
384 320
384 327
384 334
384 337
384 339
384 350
384 391
384 398
384 401
384 403
384 413
384 448
384 465
384 467
384 477
384 512
384 518
384 519
384 526
384 529
384 531
384 541
384 576
384 582
384 587
384 590
384 593
384 595
384 598
384 605
384 606
384 640
384 646
384 647
384 654
384 657
384 659
384 662
384 669
384 704
384 710
384 711
384 716
384 718
384 719
384 721
384 723
384 733
384 734
384 768
384 774
384 775
384 778
384 780
384 781
384 782
384 783
384 785
384 787
384 790
384 796
384 797
384 798
384 799
384 802
384 832
384 838
384 839
384 842
384 844
384 845
384 846
384 849
384 851
384 854
384 861
384 862
384 896
384 902
384 910
384 913
384 915
384 918
384 925
384 960
384 966
384 974
384 977
384 979
384 989
384 1024
384 1030
384 1038
384 1041
384 1043
384 1053
384 1054
384 1088
384 1094
384 1102
384 1105
384 1107
384 1117
384 1152
384 1158
384 1162
384 1165
384 1166
384 1169
384 1171
384 1181
384 1216
384 1222
384 1223
384 1226
384 1230
384 1231
384 1233
384 1235
384 1238
384 1245
385 193
385 257
385 321
385 449
385 513
385 577
385 610
385 626
385 740
385 940
385 1250
386 194
386 258
386 322
386 450
386 514
386 578
386 616
387 195
387 259
387 323
387 451
387 515
387 579
388 195
388 196
388 260
388 324
388 452
388 516
388 580
388 1268
389 197
389 261
389 266
389 325
389 453
389 517
389 581
389 809
390 7
390 10
390 11
390 12
390 13
390 17
390 28
390 29
390 32
390 37
390 38
390 70
390 71
390 74
390 76
390 77
390 79
390 81
390 86
390 93
390 94
390 96
390 135
390 138
390 139
390 140
390 143
390 144
390 150
390 155
390 156
390 157
390 158
390 160
390 164
390 198
390 202
390 203
390 205
390 207
390 214
390 219
390 226
390 228
390 230
390 246
390 256
390 262
390 270
390 273
390 275
390 285
390 286
390 308
390 310
390 320
390 326
390 327
390 334
390 342
390 349
390 350
390 391
390 394
390 395
390 396
390 399
390 406
390 411
390 413
390 414
390 416
390 421
390 448
390 454
390 462
390 465
390 467
390 518
390 519
390 522
390 527
390 541
390 582
390 583
390 586
390 587
390 588
390 589
390 591
390 598
390 603
390 604
390 605
390 606
390 608
390 612
390 640
390 646
390 647
390 650
390 653
390 655
390 662
390 670
390 676
390 694
390 714
390 716
390 734
390 736
390 770
390 775
390 778
390 779
390 780
390 781
390 790
390 796
390 798
390 799
390 800
390 801
390 802
390 806
390 833
390 836
390 839
390 842
390 843
390 844
390 845
390 847
390 854
390 860
390 864
390 884
390 896
390 903
390 906
390 907
390 908
390 909
390 911
390 918
390 924
390 932
390 950
390 967
390 982
390 989
390 1024
390 1031
390 1039
390 1052
390 1053
390 1054
390 1095
390 1103
390 1110
390 1118
390 1120
390 1126
390 1152
390 1153
390 1161
390 1162
390 1163
390 1174
390 1177
390 1179
390 1182
390 1184
390 1188
390 1202
390 1226
390 1227
390 1231
390 1235
390 1238
390 1244
390 1252
390 1271
391 0
391 6
391 7
391 11
391 12
391 13
391 14
391 17
391 19
391 28
391 32
391 37
391 38
391 64
391 70
391 71
391 74
391 76
391 77
391 79
391 81
391 83
391 93
391 94
391 96
391 128
391 134
391 135
391 138
391 140
391 143
391 144
391 145
391 150
391 156
391 157
391 158
391 160
391 164
391 192
391 198
391 199
391 202
391 203
391 205
391 209
391 214
391 219
391 221
391 222
391 230
391 246
391 256
391 262
391 263
391 270
391 273
391 275
391 285
391 286
391 310
391 320
391 326
391 327
391 334
391 337
391 339
391 342
391 349
391 350
391 384
391 390
391 394
391 396
391 398
391 399
391 401
391 406
391 413
391 414
391 416
391 421
391 448
391 455
391 462
391 465
391 467
391 477
391 512
391 518
391 519
391 522
391 526
391 527
391 529
391 531
391 541
391 576
391 582
391 583
391 587
391 588
391 589
391 591
391 593
391 595
391 598
391 603
391 605
391 606
391 612
391 640
391 646
391 647
391 650
391 653
391 654
391 655
391 657
391 659
391 662
391 669
391 670
391 676
391 694
391 704
391 710
391 711
391 714
391 716
391 718
391 719
391 721
391 733
391 734
391 736
391 768
391 775
391 778
391 779
391 780
391 781
391 783
391 790
391 796
391 797
391 798
391 799
391 800
391 802
391 806
391 832
391 833
391 839
391 842
391 843
391 844
391 845
391 847
391 854
391 861
391 862
391 864
391 884
391 896
391 902
391 903
391 907
391 908
391 909
391 910
391 911
391 913
391 915
391 918
391 924
391 932
391 960
391 966
391 967
391 974
391 977
391 979
391 982
391 989
391 1024
391 1030
391 1031
391 1038
391 1039
391 1041
391 1043
391 1052
391 1053
391 1054
391 1088
391 1094
391 1095
391 1102
391 1103
391 1105
391 1110
391 1117
391 1126
391 1152
391 1161
391 1162
391 1163
391 1165
391 1166
391 1169
391 1171
391 1174
391 1177
391 1179
391 1181
391 1182
391 1184
391 1188
391 1216
391 1223
391 1226
391 1230
391 1231
391 1235
391 1238
391 1244
391 1245
391 1252
392 200
392 264
392 328
392 456
392 520
392 584
392 750
392 999
393 9
393 73
393 137
393 201
393 265
393 329
393 457
393 521
393 581
393 585
393 645
393 713
393 777
393 837
393 905
393 968
393 1033
393 1097
393 1157
393 1221
394 7
394 10
394 11
394 12
394 13
394 15
394 17
394 28
394 29
394 32
394 37
394 38
394 70
394 71
394 74
394 75
394 76
394 77
394 79
394 81
394 86
394 93
394 94
394 96
394 135
394 138
394 139
394 140
394 143
394 144
394 150
394 155
394 156
394 158
394 160
394 164
394 202
394 203
394 205
394 207
394 219
394 223
394 226
394 228
394 230
394 246
394 256
394 262
394 266
394 270
394 273
394 275
394 285
394 286
394 308
394 310
394 320
394 326
394 330
394 334
394 342
394 349
394 350
394 390
394 391
394 395
394 396
394 399
394 406
394 411
394 414
394 416
394 421
394 448
394 454
394 458
394 462
394 465
394 467
394 518
394 519
394 522
394 527
394 541
394 583
394 586
394 587
394 588
394 589
394 591
394 598
394 603
394 604
394 605
394 606
394 608
394 612
394 640
394 646
394 647
394 650
394 653
394 655
394 662
394 670
394 676
394 694
394 714
394 716
394 736
394 770
394 779
394 781
394 790
394 796
394 799
394 800
394 801
394 802
394 806
394 833
394 836
394 839
394 842
394 843
394 844
394 847
394 854
394 860
394 864
394 884
394 896
394 903
394 906
394 907
394 908
394 909
394 911
394 918
394 924
394 932
394 950
394 967
394 982
394 989
394 1024
394 1031
394 1039
394 1052
394 1053
394 1054
394 1095
394 1103
394 1110
394 1118
394 1120
394 1126
394 1152
394 1153
394 1161
394 1162
394 1163
394 1167
394 1174
394 1177
394 1179
394 1182
394 1184
394 1188
394 1202
394 1226
394 1227
394 1231
394 1235
394 1238
394 1244
394 1252
394 1271
395 10
395 11
395 15
395 17
395 28
395 29
395 37
395 74
395 75
395 86
395 138
395 139
395 143
395 144
395 155
395 158
395 160
395 202
395 203
395 207
395 223
395 226
395 228
395 246
395 256
395 262
395 263
395 267
395 308
395 310
395 326
395 331
395 342
395 349
395 390
395 394
395 396
395 406
395 411
395 414
395 416
395 421
395 454
395 455
395 459
395 462
395 522
395 523
395 527
395 580
395 583
395 586
395 587
395 603
395 604
395 608
395 612
395 650
395 653
395 670
395 676
395 726
395 736
395 754
395 770
395 772
395 779
395 801
395 820
395 833
395 836
395 843
395 848
395 860
395 864
395 884
395 886
395 903
395 906
395 907
395 911
395 924
395 932
395 950
395 967
395 1031
395 1039
395 1052
395 1095
395 1099
395 1103
395 1116
395 1118
395 1120
395 1124
395 1126
395 1153
395 1161
395 1164
395 1167
395 1177
395 1179
395 1182
395 1184
395 1188
395 1202
395 1227
395 1229
395 1244
395 1252
395 1271
396 7
396 10
396 11
396 12
396 13
396 17
396 28
396 29
396 32
396 37
396 38
396 70
396 71
396 74
396 76
396 77
396 79
396 81
396 86
396 93
396 94
396 96
396 135
396 138
396 139
396 140
396 143
396 144
396 145
396 150
396 156
396 157
396 158
396 160
396 164
396 202
396 203
396 204
396 205
396 207
396 214
396 219
396 226
396 228
396 230
396 246
396 256
396 262
396 268
396 270
396 273
396 275
396 285
396 286
396 308
396 310
396 320
396 326
396 327
396 332
396 334
396 342
396 349
396 350
396 390
396 391
396 394
396 395
396 399
396 401
396 406
396 411
396 413
396 414
396 416
396 421
396 448
396 454
396 460
396 462
396 465
396 467
396 477
396 512
396 518
396 519
396 522
396 524
396 527
396 541
396 576
396 582
396 583
396 587
396 588
396 589
396 591
396 598
396 603
396 604
396 605
396 606
396 612
396 640
396 646
396 647
396 650
396 653
396 655
396 662
396 669
396 670
396 676
396 694
396 704
396 714
396 716
396 734
396 736
396 770
396 775
396 778
396 779
396 780
396 781
396 790
396 796
396 797
396 798
396 799
396 800
396 801
396 802
396 806
396 833
396 836
396 839
396 842
396 843
396 844
396 845
396 847
396 854
396 860
396 862
396 864
396 884
396 896
396 903
396 906
396 907
396 908
396 909
396 911
396 918
396 924
396 932
396 950
396 960
396 967
396 974
396 982
396 989
396 1024
396 1030
396 1031
396 1038
396 1039
396 1041
396 1052
396 1053
396 1054
396 1095
396 1103
396 1110
396 1117
396 1118
396 1120
396 1126
396 1152
396 1161
396 1162
396 1163
396 1165
396 1174
396 1177
396 1179
396 1181
396 1182
396 1184
396 1188
396 1226
396 1227
396 1231
396 1235
396 1238
396 1244
396 1252
396 1271
397 205
397 269
397 333
397 461
397 525
397 589
397 970
398 0
398 6
398 7
398 12
398 13
398 14
398 19
398 32
398 64
398 70
398 71
398 78
398 79
398 81
398 83
398 93
398 94
398 96
398 128
398 134
398 135
398 140
398 142
398 145
398 147
398 150
398 156
398 157
398 164
398 192
398 198
398 199
398 203
398 205
398 206
398 209
398 211
398 214
398 221
398 222
398 230
398 270
398 273
398 275
398 285
398 327
398 334
398 337
398 339
398 350
398 384
398 391
398 401
398 403
398 413
398 448
398 462
398 465
398 467
398 477
398 512
398 518
398 519
398 526
398 529
398 531
398 541
398 576
398 582
398 587
398 590
398 593
398 595
398 598
398 605
398 606
398 640
398 646
398 647
398 654
398 657
398 659
398 662
398 669
398 704
398 710
398 711
398 716
398 718
398 719
398 721
398 723
398 733
398 734
398 768
398 774
398 775
398 778
398 780
398 781
398 782
398 783
398 785
398 787
398 790
398 796
398 797
398 798
398 799
398 802
398 832
398 838
398 839
398 842
398 844
398 845
398 846
398 849
398 851
398 854
398 861
398 862
398 896
398 902
398 910
398 913
398 915
398 918
398 925
398 960
398 966
398 974
398 977
398 979
398 989
398 1024
398 1030
398 1038
398 1041
398 1043
398 1053
398 1054
398 1088
398 1094
398 1102
398 1105
398 1107
398 1117
398 1152
398 1158
398 1162
398 1165
398 1166
398 1169
398 1171
398 1181
398 1216
398 1222
398 1223
398 1226
398 1230
398 1231
398 1233
398 1235
398 1238
398 1245
399 7
399 10
399 11
399 12
399 13
399 17
399 28
399 29
399 32
399 37
399 38
399 70
399 71
399 74
399 76
399 77
399 79
399 81
399 86
399 93
399 94
399 96
399 135
399 138
399 140
399 143
399 144
399 145
399 150
399 156
399 157
399 158
399 160
399 164
399 202
399 203
399 205
399 207
399 209
399 214
399 219
399 222
399 226
399 230
399 246
399 256
399 262
399 270
399 271
399 273
399 275
399 285
399 286
399 308
399 310
399 320
399 326
399 327
399 334
399 335
399 337
399 342
399 349
399 350
399 390
399 391
399 394
399 396
399 401
399 406
399 411
399 413
399 414
399 416
399 421
399 448
399 454
399 462
399 463
399 465
399 467
399 477
399 512
399 518
399 519
399 522
399 527
399 541
399 576
399 582
399 583
399 587
399 588
399 589
399 591
399 598
399 603
399 604
399 605
399 606
399 612
399 640
399 646
399 647
399 650
399 653
399 655
399 662
399 669
399 670
399 676
399 694
399 704
399 711
399 714
399 716
399 734
399 736
399 770
399 775
399 778
399 779
399 780
399 781
399 790
399 796
399 797
399 798
399 799
399 800
399 801
399 802
399 806
399 833
399 836
399 839
399 842
399 843
399 844
399 845
399 847
399 854
399 860
399 862
399 864
399 884
399 896
399 903
399 906
399 907
399 908
399 909
399 911
399 918
399 924
399 932
399 950
399 960
399 967
399 974
399 982
399 989
399 1024
399 1030
399 1031
399 1038
399 1039
399 1041
399 1043
399 1052
399 1053
399 1054
399 1088
399 1095
399 1103
399 1110
399 1117
399 1118
399 1120
399 1126
399 1152
399 1161
399 1162
399 1163
399 1165
399 1169
399 1174
399 1177
399 1179
399 1181
399 1182
399 1184
399 1188
399 1216
399 1226
399 1227
399 1231
399 1235
399 1238
399 1244
399 1245
399 1252
400 208
400 272
400 336
400 434
400 464
400 528
400 592
400 1143
401 0
401 6
401 7
401 11
401 12
401 13
401 14
401 19
401 32
401 38
401 64
401 70
401 71
401 76
401 77
401 78
401 79
401 81
401 83
401 93
401 94
401 96
401 128
401 134
401 135
401 140
401 142
401 145
401 147
401 150
401 156
401 157
401 164
401 192
401 198
401 199
401 203
401 205
401 206
401 209
401 211
401 214
401 219
401 221
401 222
401 230
401 256
401 270
401 273
401 275
401 285
401 286
401 320
401 326
401 327
401 334
401 337
401 339
401 350
401 384
401 391
401 396
401 398
401 399
401 403
401 413
401 414
401 448
401 462
401 465
401 467
401 477
401 512
401 518
401 519
401 526
401 529
401 531
401 541
401 576
401 582
401 587
401 588
401 589
401 590
401 591
401 593
401 595
401 598
401 603
401 605
401 606
401 640
401 646
401 647
401 654
401 655
401 657
401 659
401 662
401 669
401 694
401 704
401 710
401 711
401 714
401 716
401 718
401 719
401 721
401 723
401 733
401 734
401 768
401 774
401 775
401 778
401 779
401 780
401 781
401 782
401 783
401 785
401 787
401 790
401 796
401 797
401 798
401 799
401 800
401 802
401 806
401 832
401 833
401 838
401 839
401 842
401 844
401 845
401 846
401 847
401 849
401 851
401 854
401 861
401 862
401 896
401 902
401 908
401 909
401 910
401 911
401 913
401 915
401 918
401 925
401 960
401 966
401 974
401 977
401 979
401 982
401 989
401 1024
401 1030
401 1031
401 1038
401 1041
401 1043
401 1053
401 1054
401 1088
401 1094
401 1102
401 1105
401 1107
401 1110
401 1117
401 1152
401 1158
401 1162
401 1163
401 1165
401 1166
401 1169
401 1171
401 1174
401 1181
401 1216
401 1222
401 1223
401 1226
401 1230
401 1231
401 1233
401 1235
401 1238
401 1245
402 210
402 274
402 338
402 430
402 466
402 514
402 530
402 594
402 1062
403 0
403 6
403 7
403 14
403 19
403 64
403 78
403 83
403 94
403 128
403 134
403 135
403 142
403 145
403 147
403 157
403 192
403 198
403 199
403 206
403 209
403 211
403 214
403 221
403 222
403 275
403 327
403 337
403 339
403 384
403 398
403 401
403 413
403 467
403 477
403 512
403 526
403 529
403 531
403 576
403 582
403 590
403 593
403 595
403 605
403 640
403 654
403 657
403 659
403 669
403 704
403 710
403 711
403 718
403 719
403 721
403 723
403 733
403 734
403 768
403 774
403 775
403 778
403 780
403 781
403 782
403 783
403 785
403 787
403 797
403 798
403 832
403 838
403 845
403 846
403 849
403 851
403 861
403 862
403 902
403 910
403 913
403 915
403 925
403 960
403 966
403 974
403 977
403 979
403 1030
403 1038
403 1041
403 1043
403 1054
403 1088
403 1094
403 1102
403 1105
403 1107
403 1117
403 1152
403 1158
403 1162
403 1165
403 1166
403 1169
403 1171
403 1181
403 1216
403 1222
403 1223
403 1230
403 1233
403 1235
403 1245
404 181
404 212
404 276
404 340
404 468
404 532
404 596
405 213
405 277
405 341
405 469
405 533
405 597
405 865
406 10
406 11
406 13
406 15
406 17
406 28
406 29
406 37
406 38
406 70
406 74
406 75
406 76
406 77
406 81
406 86
406 138
406 139
406 140
406 143
406 144
406 155
406 158
406 160
406 164
406 202
406 205
406 207
406 214
406 219
406 223
406 226
406 228
406 230
406 246
406 256
406 262
406 263
406 278
406 285
406 286
406 308
406 310
406 320
406 326
406 334
406 342
406 349
406 350
406 390
406 391
406 394
406 395
406 396
406 399
406 411
406 414
406 416
406 421
406 448
406 454
406 455
406 462
406 465
406 470
406 522
406 527
406 534
406 580
406 583
406 586
406 587
406 588
406 589
406 591
406 598
406 603
406 604
406 606
406 608
406 612
406 650
406 653
406 655
406 670
406 676
406 694
406 714
406 716
406 736
406 770
406 772
406 779
406 790
406 796
406 800
406 801
406 802
406 806
406 820
406 833
406 836
406 839
406 842
406 843
406 844
406 847
406 848
406 854
406 860
406 864
406 884
406 903
406 906
406 907
406 908
406 909
406 911
406 924
406 932
406 950
406 967
406 982
406 1031
406 1039
406 1052
406 1053
406 1095
406 1103
406 1110
406 1118
406 1120
406 1126
406 1153
406 1161
406 1163
406 1164
406 1167
406 1174
406 1177
406 1179
406 1182
406 1184
406 1188
406 1202
406 1226
406 1227
406 1229
406 1231
406 1244
406 1252
406 1271
407 215
407 279
407 343
407 471
407 507
407 535
407 599
407 1274
408 216
408 280
408 344
408 431
408 472
408 536
408 600
408 1082
409 217
409 281
409 345
409 473
409 537
409 601
410 218
410 282
410 346
410 474
410 538
410 602
411 10
411 11
411 13
411 15
411 17
411 28
411 29
411 37
411 38
411 70
411 74
411 75
411 76
411 77
411 81
411 86
411 138
411 139
411 143
411 144
411 155
411 158
411 160
411 164
411 202
411 205
411 207
411 219
411 223
411 226
411 228
411 230
411 246
411 256
411 262
411 263
411 283
411 286
411 308
411 310
411 320
411 326
411 334
411 342
411 347
411 349
411 350
411 390
411 394
411 395
411 396
411 399
411 406
411 414
411 416
411 421
411 448
411 454
411 455
411 462
411 475
411 522
411 527
411 539
411 580
411 583
411 586
411 587
411 588
411 589
411 591
411 603
411 604
411 608
411 612
411 650
411 653
411 655
411 670
411 676
411 694
411 714
411 736
411 770
411 772
411 779
411 796
411 800
411 801
411 802
411 806
411 820
411 833
411 836
411 842
411 843
411 844
411 847
411 848
411 854
411 860
411 864
411 884
411 903
411 906
411 907
411 908
411 909
411 911
411 924
411 932
411 950
411 967
411 982
411 1031
411 1039
411 1052
411 1053
411 1095
411 1103
411 1110
411 1116
411 1118
411 1120
411 1124
411 1126
411 1153
411 1161
411 1163
411 1164
411 1167
411 1174
411 1177
411 1179
411 1182
411 1184
411 1188
411 1202
411 1226
411 1227
411 1229
411 1244
411 1252
411 1271
412 220
412 284
412 348
412 436
412 476
412 540
412 549
412 604
412 985
413 0
413 6
413 7
413 11
413 12
413 13
413 14
413 19
413 32
413 38
413 64
413 70
413 71
413 76
413 77
413 78
413 79
413 81
413 83
413 93
413 94
413 96
413 128
413 134
413 135
413 138
413 140
413 145
413 147
413 150
413 156
413 157
413 158
413 164
413 192
413 198
413 199
413 202
413 203
413 205
413 206
413 209
413 214
413 219
413 221
413 222
413 230
413 246
413 256
413 262
413 270
413 273
413 275
413 285
413 286
413 320
413 326
413 327
413 334
413 337
413 339
413 349
413 350
413 384
413 390
413 391
413 396
413 398
413 399
413 401
413 403
413 414
413 448
413 462
413 465
413 467
413 477
413 512
413 518
413 519
413 526
413 529
413 531
413 541
413 576
413 582
413 587
413 588
413 589
413 590
413 591
413 593
413 595
413 598
413 603
413 605
413 606
413 612
413 640
413 646
413 647
413 654
413 655
413 657
413 659
413 662
413 669
413 670
413 694
413 704
413 710
413 711
413 714
413 716
413 718
413 719
413 721
413 723
413 733
413 734
413 768
413 774
413 775
413 778
413 779
413 780
413 781
413 782
413 783
413 785
413 787
413 790
413 796
413 797
413 798
413 799
413 800
413 802
413 806
413 832
413 833
413 838
413 839
413 842
413 843
413 844
413 845
413 846
413 847
413 849
413 851
413 854
413 861
413 862
413 864
413 896
413 902
413 903
413 907
413 908
413 909
413 910
413 911
413 913
413 915
413 918
413 924
413 925
413 960
413 966
413 967
413 974
413 977
413 979
413 982
413 989
413 1024
413 1030
413 1031
413 1038
413 1039
413 1041
413 1043
413 1053
413 1054
413 1088
413 1094
413 1095
413 1102
413 1105
413 1107
413 1110
413 1117
413 1152
413 1158
413 1162
413 1163
413 1165
413 1166
413 1169
413 1171
413 1174
413 1181
413 1184
413 1188
413 1216
413 1222
413 1223
413 1226
413 1230
413 1231
413 1233
413 1235
413 1238
413 1244
413 1245
413 1252
414 7
414 10
414 11
414 12
414 13
414 17
414 28
414 29
414 32
414 37
414 38
414 70
414 71
414 74
414 76
414 77
414 79
414 81
414 86
414 93
414 94
414 96
414 135
414 138
414 139
414 140
414 143
414 144
414 145
414 150
414 156
414 157
414 158
414 160
414 164
414 202
414 203
414 205
414 207
414 214
414 219
414 222
414 226
414 228
414 230
414 246
414 256
414 262
414 270
414 273
414 275
414 285
414 286
414 308
414 310
414 320
414 326
414 327
414 334
414 342
414 349
414 350
414 390
414 391
414 394
414 395
414 396
414 399
414 401
414 406
414 411
414 413
414 416
414 421
414 448
414 454
414 462
414 465
414 467
414 477
414 478
414 512
414 518
414 519
414 522
414 527
414 541
414 542
414 576
414 582
414 583
414 587
414 588
414 589
414 591
414 598
414 603
414 604
414 605
414 606
414 612
414 640
414 646
414 647
414 650
414 653
414 655
414 662
414 669
414 670
414 676
414 694
414 704
414 714
414 716
414 734
414 736
414 770
414 775
414 778
414 779
414 780
414 781
414 790
414 796
414 797
414 798
414 799
414 800
414 801
414 802
414 806
414 833
414 836
414 839
414 842
414 843
414 844
414 845
414 847
414 854
414 860
414 862
414 864
414 884
414 896
414 903
414 906
414 907
414 908
414 909
414 911
414 918
414 924
414 932
414 950
414 960
414 967
414 982
414 989
414 1024
414 1030
414 1031
414 1039
414 1041
414 1052
414 1053
414 1054
414 1095
414 1103
414 1110
414 1117
414 1118
414 1120
414 1126
414 1152
414 1161
414 1162
414 1163
414 1165
414 1174
414 1177
414 1179
414 1181
414 1182
414 1184
414 1188
414 1226
414 1227
414 1231
414 1235
414 1238
414 1244
414 1252
414 1271
415 223
415 287
415 351
415 352
415 479
415 543
415 607
416 10
416 11
416 12
416 13
416 15
416 17
416 28
416 29
416 32
416 37
416 38
416 70
416 71
416 74
416 75
416 76
416 77
416 79
416 81
416 86
416 93
416 96
416 138
416 139
416 140
416 143
416 144
416 150
416 155
416 156
416 158
416 160
416 164
416 202
416 203
416 205
416 207
416 219
416 223
416 224
416 226
416 228
416 230
416 246
416 256
416 262
416 270
416 273
416 285
416 286
416 288
416 308
416 310
416 320
416 326
416 334
416 342
416 349
416 350
416 352
416 390
416 391
416 394
416 395
416 396
416 399
416 406
416 411
416 414
416 421
416 448
416 454
416 462
416 465
416 467
416 480
416 518
416 519
416 522
416 527
416 541
416 544
416 580
416 583
416 586
416 587
416 588
416 589
416 591
416 598
416 603
416 604
416 606
416 608
416 612
416 646
416 647
416 650
416 653
416 655
416 662
416 670
416 676
416 694
416 714
416 716
416 736
416 770
416 779
416 790
416 796
416 799
416 800
416 801
416 802
416 806
416 820
416 833
416 836
416 839
416 842
416 843
416 844
416 847
416 854
416 860
416 864
416 884
416 896
416 903
416 906
416 907
416 908
416 909
416 911
416 918
416 924
416 932
416 950
416 967
416 982
416 989
416 1024
416 1031
416 1039
416 1052
416 1053
416 1095
416 1103
416 1110
416 1118
416 1120
416 1126
416 1153
416 1161
416 1163
416 1167
416 1174
416 1177
416 1179
416 1182
416 1184
416 1188
416 1202
416 1226
416 1227
416 1229
416 1231
416 1238
416 1244
416 1252
416 1271
417 225
417 289
417 353
417 481
417 545
417 609
418 226
418 290
418 354
418 482
418 546
418 610
419 53
419 227
419 291
419 355
419 483
419 547
419 611
419 1025
420 228
420 292
420 356
420 484
420 548
420 612
420 1128
421 10
421 11
421 12
421 13
421 15
421 17
421 28
421 29
421 37
421 38
421 70
421 74
421 75
421 76
421 77
421 81
421 86
421 96
421 138
421 139
421 140
421 143
421 144
421 155
421 156
421 158
421 160
421 164
421 202
421 203
421 205
421 207
421 219
421 223
421 226
421 228
421 229
421 230
421 246
421 256
421 262
421 270
421 285
421 286
421 293
421 308
421 310
421 320
421 326
421 334
421 342
421 349
421 350
421 357
421 390
421 391
421 394
421 395
421 396
421 399
421 406
421 411
421 414
421 416
421 448
421 454
421 462
421 465
421 467
421 485
421 518
421 522
421 527
421 549
421 580
421 583
421 586
421 587
421 588
421 589
421 591
421 598
421 603
421 604
421 606
421 608
421 612
421 613
421 646
421 647
421 650
421 653
421 655
421 662
421 670
421 676
421 694
421 714
421 716
421 736
421 770
421 779
421 790
421 796
421 799
421 800
421 801
421 802
421 806
421 820
421 833
421 836
421 839
421 842
421 843
421 844
421 847
421 854
421 860
421 864
421 884
421 896
421 903
421 906
421 907
421 908
421 909
421 911
421 918
421 924
421 932
421 950
421 967
421 982
421 1024
421 1031
421 1039
421 1052
421 1053
421 1095
421 1103
421 1110
421 1118
421 1120
421 1126
421 1153
421 1161
421 1163
421 1167
421 1174
421 1177
421 1179
421 1182
421 1184
421 1188
421 1202
421 1226
421 1227
421 1229
421 1231
421 1238
421 1244
421 1252
421 1271
422 230
422 294
422 358
422 486
422 550
422 614
423 231
423 295
423 359
423 487
423 551
423 615
423 748
424 232
424 296
424 360
424 488
424 552
424 616
424 701
424 1085
425 233
425 297
425 361
425 489
425 495
425 553
425 617
425 1042
426 234
426 298
426 362
426 480
426 490
426 554
426 618
426 1199
427 197
427 235
427 299
427 363
427 491
427 555
427 619
428 136
428 236
428 300
428 364
428 492
428 556
428 620
429 8
429 117
429 237
429 301
429 336
429 365
429 493
429 557
429 621
430 238
430 302
430 366
430 402
430 494
430 514
430 558
430 622
430 1062
431 239
431 303
431 367
431 408
431 495
431 559
431 623
431 1082
432 185
432 240
432 304
432 368
432 496
432 560
432 624
433 241
433 280
433 305
433 369
433 446
433 497
433 561
433 625
434 242
434 306
434 370
434 400
434 498
434 562
434 626
434 1143
435 243
435 307
435 371
435 499
435 563
435 568
435 627
436 244
436 308
436 372
436 412
436 500
436 549
436 564
436 628
436 985
437 245
437 309
437 373
437 459
437 475
437 501
437 565
437 629
437 644
438 246
438 310
438 374
438 502
438 566
438 630
438 946
439 247
439 311
439 375
439 503
439 513
439 567
439 631
439 841
440 248
440 312
440 376
440 494
440 504
440 568
440 632
440 894
440 1059
441 249
441 313
441 377
441 505
441 569
441 633
442 250
442 314
442 378
442 506
442 570
442 634
442 830
443 251
443 315
443 379
443 507
443 509
443 571
443 635
444 126
444 252
444 316
444 380
444 508
444 572
444 636
445 253
445 317
445 381
445 509
445 573
445 637
445 955
446 254
446 280
446 318
446 382
446 433
446 510
446 561
446 574
446 638
447 255
447 319
447 383
447 511
447 575
447 639
447 666
447 959
448 0
448 6
448 7
448 10
448 11
448 12
448 13
448 14
448 17
448 28
448 29
448 32
448 37
448 38
448 64
448 70
448 71
448 74
448 76
448 77
448 79
448 81
448 86
448 93
448 94
448 96
448 128
448 134
448 135
448 138
448 140
448 143
448 144
448 145
448 150
448 156
448 157
448 158
448 160
448 164
448 198
448 199
448 202
448 203
448 205
448 209
448 214
448 219
448 221
448 222
448 226
448 230
448 246
448 256
448 262
448 270
448 273
448 275
448 285
448 286
448 310
448 320
448 326
448 327
448 334
448 337
448 339
448 342
448 349
448 350
448 384
448 390
448 391
448 394
448 396
448 398
448 399
448 401
448 406
448 411
448 413
448 414
448 416
448 421
448 454
448 462
448 465
448 467
448 477
448 512
448 518
448 519
448 522
448 526
448 527
448 529
448 531
448 541
448 576
448 582
448 583
448 587
448 588
448 589
448 591
448 593
448 598
448 603
448 605
448 606
448 612
448 640
448 646
448 647
448 650
448 653
448 655
448 657
448 659
448 662
448 669
448 670
448 676
448 694
448 704
448 711
448 714
448 716
448 719
448 721
448 734
448 736
448 770
448 775
448 778
448 779
448 780
448 781
448 783
448 790
448 796
448 797
448 798
448 799
448 800
448 802
448 806
448 832
448 833
448 839
448 842
448 843
448 844
448 845
448 847
448 854
448 862
448 864
448 884
448 896
448 903
448 907
448 908
448 909
448 911
448 918
448 924
448 932
448 960
448 967
448 974
448 977
448 979
448 982
448 989
448 1024
448 1030
448 1031
448 1038
448 1039
448 1041
448 1043
448 1052
448 1053
448 1054
448 1088
448 1094
448 1095
448 1102
448 1103
448 1105
448 1110
448 1117
448 1118
448 1126
448 1152
448 1161
448 1162
448 1163
448 1165
448 1169
448 1171
448 1174
448 1177
448 1179
448 1181
448 1182
448 1184
448 1188
448 1216
448 1223
448 1226
448 1230
448 1231
448 1235
448 1238
448 1244
448 1245
448 1252
449 257
449 258
449 321
449 385
449 513
449 577
449 641
450 239
450 258
450 322
450 386
450 514
450 578
450 642
451 259
451 323
451 387
451 515
451 579
451 643
452 251
452 260
452 324
452 388
452 516
452 580
452 644
453 261
453 325
453 389
453 517
453 581
453 645
454 10
454 11
454 13
454 15
454 17
454 28
454 29
454 37
454 38
454 70
454 74
454 75
454 76
454 77
454 81
454 86
454 138
454 139
454 143
454 144
454 155
454 158
454 160
454 164
454 202
454 205
454 207
454 219
454 223
454 226
454 228
454 230
454 246
454 256
454 262
454 263
454 286
454 308
454 310
454 320
454 326
454 334
454 342
454 349
454 350
454 390
454 394
454 395
454 396
454 399
454 406
454 411
454 414
454 416
454 421
454 448
454 455
454 462
454 518
454 522
454 527
454 580
454 582
454 583
454 586
454 587
454 588
454 589
454 591
454 603
454 604
454 608
454 612
454 646
454 650
454 653
454 655
454 670
454 676
454 694
454 714
454 736
454 770
454 772
454 779
454 796
454 800
454 801
454 802
454 806
454 820
454 833
454 836
454 842
454 843
454 844
454 847
454 848
454 854
454 860
454 864
454 884
454 903
454 906
454 907
454 908
454 909
454 911
454 924
454 932
454 950
454 967
454 982
454 1031
454 1039
454 1052
454 1053
454 1095
454 1103
454 1110
454 1116
454 1118
454 1120
454 1124
454 1126
454 1153
454 1161
454 1163
454 1164
454 1167
454 1174
454 1177
454 1179
454 1182
454 1184
454 1188
454 1202
454 1226
454 1227
454 1229
454 1244
454 1252
454 1271
455 10
455 15
455 29
455 74
455 75
455 86
455 139
455 155
455 207
455 223
455 226
455 228
455 263
455 308
455 310
455 327
455 342
455 391
455 395
455 406
455 411
455 454
455 519
455 522
455 527
455 580
455 583
455 586
455 604
455 608
455 647
455 653
455 676
455 726
455 754
455 770
455 772
455 801
455 820
455 836
455 848
455 860
455 886
455 906
455 950
455 971
455 1051
455 1052
455 1099
455 1116
455 1118
455 1120
455 1124
455 1153
455 1164
455 1167
455 1179
455 1202
455 1227
455 1229
455 1271
456 159
456 264
456 328
456 392
456 520
456 558
456 584
456 648
457 9
457 73
457 137
457 201
457 265
457 329
457 393
457 521
457 581
457 585
457 645
457 649
457 713
457 777
457 837
457 905
457 968
457 1033
457 1097
457 1157
457 1221
458 266
458 330
458 394
458 522
458 586
458 650
459 267
459 331
459 395
459 437
459 475
459 523
459 587
459 644
459 651
460 51
460 268
460 332
460 354
460 396
460 524
460 588
460 631
460 652
460 747
460 1063
461 269
461 333
461 397
461 525
461 589
461 653
462 7
462 10
462 11
462 12
462 13
462 17
462 28
462 29
462 32
462 37
462 38
462 70
462 71
462 74
462 76
462 77
462 79
462 81
462 86
462 93
462 94
462 96
462 135
462 138
462 140
462 143
462 144
462 145
462 150
462 156
462 157
462 158
462 160
462 164
462 202
462 203
462 205
462 207
462 209
462 214
462 219
462 222
462 226
462 228
462 230
462 246
462 256
462 262
462 270
462 273
462 275
462 285
462 286
462 308
462 310
462 320
462 326
462 327
462 334
462 337
462 342
462 349
462 350
462 390
462 391
462 394
462 395
462 396
462 398
462 399
462 401
462 406
462 411
462 413
462 414
462 416
462 421
462 448
462 454
462 465
462 467
462 477
462 512
462 518
462 519
462 522
462 526
462 527
462 541
462 576
462 582
462 583
462 587
462 588
462 589
462 590
462 591
462 598
462 603
462 604
462 605
462 606
462 612
462 640
462 646
462 647
462 650
462 653
462 654
462 655
462 662
462 669
462 670
462 676
462 694
462 704
462 711
462 714
462 716
462 734
462 736
462 770
462 775
462 778
462 779
462 780
462 781
462 790
462 796
462 797
462 798
462 799
462 800
462 801
462 802
462 806
462 833
462 836
462 839
462 842
462 843
462 844
462 845
462 847
462 854
462 860
462 862
462 864
462 884
462 896
462 903
462 906
462 907
462 908
462 909
462 911
462 918
462 924
462 932
462 950
462 960
462 967
462 974
462 982
462 989
462 1024
462 1030
462 1031
462 1038
462 1039
462 1041
462 1052
462 1053
462 1054
462 1088
462 1095
462 1103
462 1110
462 1117
462 1118
462 1120
462 1126
462 1152
462 1161
462 1162
462 1163
462 1165
462 1169
462 1174
462 1177
462 1179
462 1181
462 1182
462 1184
462 1188
462 1226
462 1227
462 1231
462 1235
462 1238
462 1244
462 1245
462 1252
462 1271
463 271
463 335
463 399
463 527
463 591
463 655
463 1115
463 1196
464 272
464 336
464 400
464 528
464 592
464 656
464 824
464 825
464 1215
465 0
465 6
465 7
465 11
465 12
465 13
465 14
465 17
465 19
465 28
465 32
465 37
465 38
465 64
465 70
465 71
465 74
465 76
465 77
465 79
465 81
465 83
465 93
465 94
465 96
465 128
465 134
465 135
465 138
465 140
465 143
465 144
465 145
465 150
465 156
465 157
465 158
465 160
465 164
465 192
465 198
465 199
465 202
465 203
465 205
465 209
465 214
465 219
465 221
465 222
465 226
465 230
465 246
465 256
465 262
465 270
465 273
465 275
465 285
465 286
465 310
465 320
465 326
465 327
465 334
465 337
465 339
465 342
465 349
465 350
465 384
465 390
465 391
465 394
465 396
465 398
465 399
465 401
465 406
465 413
465 414
465 416
465 421
465 448
465 462
465 467
465 477
465 512
465 518
465 519
465 522
465 526
465 527
465 529
465 531
465 541
465 576
465 582
465 583
465 587
465 588
465 589
465 591
465 593
465 598
465 603
465 605
465 606
465 612
465 640
465 646
465 647
465 650
465 653
465 655
465 657
465 659
465 662
465 669
465 670
465 676
465 694
465 704
465 711
465 714
465 716
465 718
465 719
465 721
465 733
465 734
465 736
465 768
465 775
465 778
465 779
465 780
465 781
465 783
465 790
465 796
465 797
465 798
465 799
465 800
465 802
465 806
465 832
465 833
465 839
465 842
465 843
465 844
465 845
465 847
465 854
465 862
465 864
465 884
465 896
465 902
465 903
465 907
465 908
465 909
465 910
465 911
465 913
465 918
465 924
465 932
465 960
465 966
465 967
465 974
465 977
465 979
465 982
465 989
465 1024
465 1030
465 1031
465 1038
465 1039
465 1041
465 1043
465 1052
465 1053
465 1054
465 1088
465 1094
465 1095
465 1102
465 1103
465 1105
465 1110
465 1117
465 1126
465 1152
465 1161
465 1162
465 1163
465 1165
465 1166
465 1169
465 1171
465 1174
465 1177
465 1179
465 1181
465 1182
465 1184
465 1188
465 1216
465 1223
465 1226
465 1230
465 1231
465 1235
465 1238
465 1244
465 1245
465 1252
466 274
466 298
466 338
466 383
466 402
466 530
466 594
466 658
467 0
467 6
467 7
467 11
467 12
467 13
467 14
467 17
467 19
467 28
467 32
467 37
467 38
467 64
467 70
467 71
467 76
467 77
467 79
467 81
467 83
467 93
467 94
467 96
467 128
467 134
467 135
467 138
467 140
467 143
467 144
467 145
467 147
467 150
467 156
467 157
467 158
467 160
467 164
467 192
467 198
467 199
467 202
467 203
467 205
467 206
467 209
467 214
467 219
467 221
467 222
467 230
467 246
467 256
467 262
467 270
467 273
467 275
467 285
467 286
467 320
467 326
467 327
467 334
467 337
467 339
467 349
467 350
467 384
467 390
467 391
467 394
467 396
467 398
467 399
467 401
467 403
467 413
467 414
467 416
467 421
467 448
467 462
467 465
467 477
467 512
467 518
467 519
467 526
467 529
467 531
467 541
467 576
467 582
467 583
467 587
467 588
467 589
467 591
467 593
467 595
467 598
467 603
467 605
467 606
467 612
467 640
467 646
467 647
467 650
467 654
467 655
467 657
467 659
467 662
467 669
467 670
467 694
467 704
467 710
467 711
467 714
467 716
467 718
467 719
467 721
467 723
467 733
467 734
467 736
467 768
467 775
467 778
467 779
467 780
467 781
467 783
467 787
467 790
467 796
467 797
467 798
467 799
467 800
467 802
467 806
467 832
467 833
467 838
467 839
467 842
467 843
467 844
467 845
467 846
467 847
467 849
467 851
467 854
467 861
467 862
467 864
467 884
467 896
467 902
467 903
467 907
467 908
467 909
467 910
467 911
467 913
467 915
467 918
467 924
467 925
467 932
467 960
467 966
467 967
467 974
467 977
467 979
467 982
467 989
467 1024
467 1030
467 1031
467 1038
467 1039
467 1041
467 1043
467 1053
467 1054
467 1088
467 1094
467 1095
467 1102
467 1103
467 1105
467 1107
467 1110
467 1117
467 1126
467 1152
467 1158
467 1161
467 1162
467 1163
467 1165
467 1166
467 1169
467 1171
467 1174
467 1177
467 1181
467 1182
467 1184
467 1188
467 1216
467 1223
467 1226
467 1230
467 1231
467 1233
467 1235
467 1238
467 1244
467 1245
467 1252
468 276
468 340
468 404
468 488
468 532
468 596
468 660
469 277
469 341
469 405
469 533
469 597
469 661
469 663
469 792
470 278
470 342
470 406
470 534
470 598
470 662
470 1206
471 279
471 343
471 407
471 535
471 599
471 663
471 1195
472 280
472 344
472 408
472 536
472 600
472 664
473 281
473 345
473 409
473 537
473 601
473 665
474 282
474 346
474 410
474 538
474 602
474 666
475 283
475 347
475 411
475 437
475 459
475 539
475 603
475 644
475 667
476 284
476 348
476 412
476 540
476 604
476 668
476 883
476 1147
477 0
477 6
477 7
477 11
477 12
477 13
477 14
477 19
477 32
477 38
477 64
477 70
477 71
477 76
477 77
477 78
477 79
477 81
477 83
477 93
477 94
477 96
477 128
477 134
477 135
477 140
477 142
477 145
477 147
477 150
477 156
477 157
477 158
477 164
477 192
477 198
477 199
477 203
477 205
477 206
477 209
477 211
477 214
477 219
477 221
477 222
477 230
477 246
477 256
477 270
477 273
477 275
477 285
477 286
477 320
477 326
477 327
477 334
477 337
477 339
477 349
477 350
477 384
477 391
477 396
477 398
477 399
477 401
477 403
477 413
477 414
477 448
477 462
477 465
477 467
477 512
477 518
477 519
477 526
477 529
477 531
477 541
477 576
477 582
477 587
477 588
477 589
477 590
477 591
477 593
477 595
477 598
477 603
477 605
477 606
477 640
477 646
477 647
477 654
477 655
477 657
477 659
477 662
477 669
477 694
477 704
477 710
477 711
477 714
477 716
477 718
477 719
477 721
477 723
477 733
477 734
477 768
477 774
477 775
477 778
477 779
477 780
477 781
477 782
477 783
477 785
477 787
477 790
477 796
477 797
477 798
477 799
477 800
477 802
477 806
477 832
477 833
477 838
477 839
477 842
477 844
477 845
477 846
477 847
477 849
477 851
477 854
477 861
477 862
477 896
477 902
477 907
477 908
477 909
477 910
477 911
477 913
477 915
477 918
477 925
477 960
477 966
477 967
477 974
477 977
477 979
477 982
477 989
477 1024
477 1030
477 1031
477 1038
477 1041
477 1043
477 1053
477 1054
477 1088
477 1094
477 1102
477 1105
477 1107
477 1110
477 1117
477 1152
477 1158
477 1162
477 1163
477 1165
477 1166
477 1169
477 1171
477 1174
477 1181
477 1216
477 1222
477 1223
477 1226
477 1230
477 1231
477 1233
477 1235
477 1238
477 1245
477 1252
478 286
478 350
478 414
478 542
478 606
478 670
479 287
479 351
479 415
479 543
479 607
479 643
479 671
480 288
480 352
480 416
480 426
480 544
480 608
480 672
480 1199
481 289
481 353
481 417
481 545
481 609
481 673
481 703
482 290
482 354
482 418
482 546
482 610
482 674
482 942
483 291
483 355
483 419
483 490
483 547
483 611
483 675
484 292
484 356
484 420
484 548
484 612
484 676
484 776
485 293
485 357
485 421
485 549
485 613
485 677
485 943
485 1002
486 111
486 294
486 358
486 422
486 550
486 614
486 678
486 981
487 119
487 295
487 359
487 423
487 551
487 615
487 679
488 296
488 360
488 424
488 468
488 552
488 616
488 680
489 297
489 361
489 369
489 425
489 553
489 617
489 681
490 298
490 362
490 426
490 483
490 554
490 618
490 682
491 189
491 299
491 363
491 427
491 555
491 619
491 683
492 300
492 364
492 428
492 556
492 620
492 684
493 301
493 365
493 429
493 557
493 621
493 685
494 302
494 366
494 430
494 440
494 558
494 622
494 686
494 894
494 1059
495 303
495 367
495 425
495 431
495 559
495 623
495 687
495 1042
496 304
496 368
496 432
496 560
496 624
496 688
497 305
497 369
497 433
497 561
497 625
497 689
498 41
498 215
498 236
498 306
498 370
498 434
498 562
498 626
498 690
498 725
498 1005
499 307
499 371
499 435
499 563
499 627
499 691
500 308
500 372
500 436
500 564
500 628
500 692
500 766
500 856
500 1121
501 309
501 373
501 437
501 565
501 629
501 693
502 310
502 374
502 438
502 566
502 630
502 694
502 829
502 1135
503 188
503 303
503 311
503 375
503 439
503 567
503 631
503 695
503 1087
504 312
504 376
504 440
504 568
504 632
504 696
505 313
505 377
505 441
505 569
505 633
505 697
505 765
506 61
506 314
506 378
506 442
506 570
506 634
506 698
506 984
507 315
507 379
507 407
507 443
507 571
507 635
507 699
507 1274
508 316
508 380
508 444
508 572
508 636
508 700
509 317
509 381
509 443
509 445
509 573
509 637
509 701
510 318
510 382
510 446
510 574
510 638
510 702
511 59
511 319
511 363
511 383
511 447
511 575
511 639
511 703
511 1003
512 0
512 6
512 7
512 11
512 12
512 13
512 14
512 19
512 32
512 38
512 64
512 70
512 71
512 76
512 77
512 78
512 79
512 81
512 83
512 93
512 94
512 96
512 128
512 134
512 135
512 140
512 142
512 145
512 147
512 150
512 156
512 157
512 164
512 192
512 198
512 199
512 203
512 205
512 206
512 209
512 211
512 214
512 219
512 221
512 222
512 230
512 256
512 270
512 273
512 275
512 285
512 286
512 320
512 326
512 327
512 334
512 337
512 339
512 350
512 384
512 391
512 396
512 398
512 399
512 401
512 403
512 413
512 414
512 448
512 462
512 465
512 467
512 477
512 518
512 519
512 526
512 529
512 531
512 541
512 576
512 582
512 587
512 588
512 589
512 590
512 591
512 593
512 595
512 598
512 603
512 605
512 606
512 640
512 646
512 647
512 654
512 655
512 657
512 659
512 662
512 669
512 694
512 704
512 710
512 711
512 714
512 716
512 718
512 719
512 721
512 723
512 733
512 734
512 768
512 774
512 775
512 778
512 779
512 780
512 781
512 782
512 783
512 785
512 787
512 790
512 796
512 797
512 798
512 799
512 800
512 802
512 806
512 832
512 833
512 838
512 839
512 842
512 844
512 845
512 846
512 847
512 849
512 851
512 854
512 861
512 862
512 896
512 902
512 908
512 909
512 910
512 911
512 913
512 915
512 918
512 925
512 960
512 966
512 974
512 977
512 979
512 982
512 989
512 1024
512 1030
512 1031
512 1038
512 1041
512 1043
512 1053
512 1054
512 1088
512 1094
512 1102
512 1105
512 1107
512 1110
512 1117
512 1152
512 1158
512 1162
512 1163
512 1165
512 1166
512 1169
512 1171
512 1174
512 1181
512 1216
512 1222
512 1223
512 1226
512 1230
512 1231
512 1233
512 1235
512 1238
512 1245
513 321
513 385
513 439
513 449
513 577
513 641
513 705
513 841
514 322
514 386
514 402
514 430
514 450
514 578
514 642
514 706
514 1062
515 323
515 387
515 451
515 579
515 643
515 707
516 324
516 388
516 452
516 580
516 644
516 708
516 868
517 325
517 389
517 453
517 581
517 645
517 709
517 904
518 0
518 6
518 7
518 11
518 12
518 13
518 14
518 17
518 19
518 28
518 32
518 37
518 38
518 64
518 70
518 71
518 76
518 77
518 79
518 81
518 83
518 93
518 94
518 96
518 128
518 134
518 135
518 138
518 140
518 143
518 144
518 145
518 147
518 150
518 156
518 157
518 158
518 160
518 164
518 192
518 198
518 199
518 202
518 203
518 205
518 206
518 209
518 214
518 219
518 221
518 222
518 230
518 246
518 256
518 262
518 270
518 273
518 275
518 285
518 286
518 320
518 326
518 327
518 334
518 337
518 339
518 349
518 350
518 384
518 390
518 391
518 394
518 396
518 398
518 399
518 401
518 413
518 414
518 416
518 421
518 448
518 454
518 462
518 465
518 467
518 477
518 512
518 519
518 526
518 529
518 531
518 541
518 576
518 582
518 583
518 587
518 588
518 589
518 591
518 593
518 595
518 598
518 603
518 605
518 606
518 612
518 640
518 646
518 647
518 650
518 654
518 655
518 657
518 659
518 662
518 669
518 670
518 694
518 704
518 710
518 711
518 714
518 716
518 718
518 719
518 721
518 723
518 733
518 734
518 736
518 768
518 775
518 778
518 779
518 780
518 781
518 783
518 787
518 790
518 796
518 797
518 798
518 799
518 800
518 802
518 806
518 832
518 833
518 838
518 839
518 842
518 843
518 844
518 845
518 846
518 847
518 849
518 851
518 854
518 861
518 862
518 864
518 884
518 896
518 902
518 903
518 907
518 908
518 909
518 910
518 911
518 913
518 915
518 918
518 924
518 925
518 932
518 960
518 966
518 967
518 974
518 977
518 979
518 982
518 989
518 1024
518 1030
518 1031
518 1038
518 1039
518 1041
518 1043
518 1053
518 1054
518 1088
518 1094
518 1095
518 1102
518 1103
518 1105
518 1107
518 1110
518 1117
518 1126
518 1152
518 1158
518 1161
518 1162
518 1163
518 1165
518 1166
518 1169
518 1171
518 1174
518 1177
518 1181
518 1182
518 1184
518 1188
518 1216
518 1223
518 1226
518 1230
518 1231
518 1233
518 1235
518 1238
518 1244
518 1245
518 1252
519 0
519 6
519 7
519 11
519 12
519 13
519 14
519 17
519 19
519 28
519 32
519 37
519 38
519 64
519 70
519 71
519 76
519 77
519 79
519 81
519 83
519 93
519 94
519 96
519 128
519 134
519 135
519 138
519 140
519 143
519 144
519 145
519 147
519 150
519 156
519 157
519 158
519 160
519 164
519 192
519 198
519 199
519 202
519 203
519 205
519 206
519 209
519 214
519 219
519 221
519 222
519 230
519 246
519 256
519 262
519 270
519 273
519 275
519 285
519 286
519 320
519 326
519 327
519 334
519 337
519 339
519 349
519 350
519 384
519 390
519 391
519 394
519 396
519 398
519 399
519 401
519 413
519 414
519 416
519 448
519 455
519 462
519 465
519 467
519 477
519 512
519 518
519 526
519 529
519 531
519 541
519 576
519 582
519 583
519 587
519 588
519 589
519 591
519 593
519 595
519 598
519 603
519 605
519 606
519 612
519 640
519 646
519 647
519 650
519 654
519 655
519 657
519 659
519 662
519 669
519 670
519 694
519 704
519 710
519 711
519 714
519 716
519 718
519 719
519 721
519 723
519 733
519 734
519 736
519 768
519 775
519 778
519 779
519 780
519 781
519 783
519 787
519 790
519 796
519 797
519 798
519 799
519 800
519 802
519 806
519 832
519 833
519 838
519 839
519 842
519 843
519 844
519 845
519 846
519 847
519 849
519 851
519 854
519 861
519 862
519 864
519 884
519 896
519 902
519 903
519 907
519 908
519 909
519 910
519 911
519 913
519 915
519 918
519 924
519 925
519 932
519 960
519 966
519 967
519 974
519 977
519 979
519 982
519 989
519 1024
519 1030
519 1031
519 1038
519 1039
519 1041
519 1043
519 1053
519 1054
519 1088
519 1094
519 1095
519 1102
519 1103
519 1105
519 1107
519 1110
519 1117
519 1126
519 1152
519 1158
519 1161
519 1162
519 1163
519 1165
519 1166
519 1169
519 1171
519 1174
519 1177
519 1181
519 1182
519 1184
519 1188
519 1216
519 1223
519 1226
519 1230
519 1231
519 1233
519 1235
519 1238
519 1244
519 1245
519 1252
520 194
520 328
520 392
520 456
520 562
520 584
520 648
520 712
520 1237
521 9
521 73
521 137
521 201
521 265
521 329
521 393
521 457
521 581
521 585
521 645
521 649
521 713
521 777
521 837
521 905
521 968
521 1033
521 1097
521 1157
521 1221
522 10
522 11
522 13
522 15
522 17
522 28
522 29
522 37
522 38
522 70
522 74
522 75
522 76
522 77
522 81
522 86
522 96
522 138
522 139
522 140
522 143
522 144
522 155
522 156
522 158
522 160
522 164
522 202
522 203
522 205
522 207
522 219
522 223
522 226
522 228
522 230
522 246
522 256
522 262
522 263
522 270
522 285
522 286
522 308
522 310
522 320
522 326
522 330
522 334
522 342
522 349
522 350
522 390
522 391
522 394
522 395
522 396
522 399
522 406
522 411
522 414
522 416
522 421
522 448
522 454
522 455
522 458
522 462
522 465
522 527
522 580
522 583
522 586
522 587
522 588
522 589
522 591
522 598
522 603
522 604
522 606
522 608
522 612
522 646
522 650
522 653
522 655
522 662
522 670
522 676
522 694
522 714
522 716
522 736
522 770
522 779
522 790
522 796
522 799
522 800
522 801
522 802
522 806
522 820
522 833
522 836
522 839
522 842
522 843
522 844
522 847
522 854
522 860
522 864
522 884
522 896
522 903
522 906
522 907
522 908
522 909
522 911
522 924
522 932
522 950
522 967
522 982
522 1031
522 1039
522 1052
522 1053
522 1095
522 1103
522 1110
522 1118
522 1120
522 1126
522 1153
522 1161
522 1163
522 1164
522 1167
522 1174
522 1177
522 1179
522 1182
522 1184
522 1188
522 1202
522 1226
522 1227
522 1229
522 1231
522 1238
522 1244
522 1252
522 1271
523 245
523 331
523 395
523 459
523 587
523 651
523 715
523 855
524 332
524 396
524 460
524 588
524 652
524 716
525 333
525 397
525 461
525 589
525 653
525 717
525 1251
526 0
526 6
526 7
526 12
526 14
526 19
526 32
526 64
526 70
526 71
526 78
526 79
526 83
526 93
526 94
526 96
526 128
526 134
526 135
526 140
526 142
526 145
526 147
526 150
526 156
526 157
526 192
526 198
526 199
526 203
526 206
526 209
526 211
526 214
526 221
526 222
526 230
526 270
526 273
526 275
526 285
526 327
526 334
526 337
526 339
526 384
526 391
526 398
526 401
526 403
526 413
526 448
526 462
526 465
526 467
526 477
526 512
526 518
526 519
526 529
526 531
526 541
526 576
526 582
526 587
526 590
526 593
526 595
526 598
526 605
526 606
526 640
526 646
526 647
526 654
526 657
526 659
526 662
526 669
526 704
526 710
526 711
526 716
526 718
526 719
526 721
526 723
526 733
526 734
526 768
526 774
526 775
526 778
526 780
526 781
526 782
526 783
526 785
526 787
526 790
526 796
526 797
526 798
526 799
526 832
526 838
526 839
526 845
526 846
526 849
526 851
526 861
526 862
526 896
526 902
526 910
526 913
526 915
526 918
526 925
526 960
526 966
526 974
526 977
526 979
526 989
526 1024
526 1030
526 1038
526 1041
526 1043
526 1053
526 1054
526 1088
526 1094
526 1102
526 1105
526 1107
526 1117
526 1152
526 1158
526 1162
526 1165
526 1166
526 1169
526 1171
526 1181
526 1216
526 1222
526 1223
526 1226
526 1230
526 1231
526 1233
526 1235
526 1238
526 1245
527 10
527 11
527 13
527 15
527 17
527 28
527 29
527 37
527 38
527 70
527 74
527 75
527 76
527 77
527 81
527 86
527 96
527 138
527 139
527 140
527 143
527 144
527 155
527 156
527 158
527 160
527 164
527 202
527 203
527 205
527 207
527 219
527 223
527 226
527 228
527 230
527 246
527 256
527 262
527 263
527 270
527 285
527 286
527 308
527 310
527 320
527 326
527 334
527 335
527 342
527 349
527 350
527 390
527 391
527 394
527 395
527 396
527 399
527 406
527 411
527 414
527 416
527 421
527 448
527 454
527 455
527 462
527 463
527 465
527 522
527 580
527 583
527 586
527 587
527 588
527 589
527 591
527 598
527 603
527 604
527 606
527 608
527 612
527 646
527 650
527 653
527 655
527 662
527 670
527 676
527 694
527 714
527 716
527 719
527 736
527 770
527 779
527 790
527 796
527 800
527 801
527 802
527 806
527 820
527 833
527 836
527 839
527 842
527 843
527 844
527 847
527 854
527 860
527 864
527 884
527 896
527 903
527 906
527 907
527 908
527 909
527 911
527 924
527 932
527 950
527 967
527 982
527 1031
527 1039
527 1052
527 1053
527 1095
527 1103
527 1110
527 1118
527 1120
527 1126
527 1153
527 1161
527 1163
527 1164
527 1167
527 1174
527 1177
527 1179
527 1182
527 1184
527 1188
527 1202
527 1226
527 1227
527 1229
527 1231
527 1238
527 1244
527 1252
527 1271
528 336
528 400
528 464
528 566
528 592
528 656
528 720
529 0
529 6
529 7
529 12
529 14
529 19
529 32
529 64
529 70
529 71
529 78
529 79
529 83
529 93
529 94
529 96
529 128
529 134
529 135
529 140
529 142
529 145
529 147
529 150
529 156
529 157
529 192
529 198
529 199
529 203
529 206
529 209
529 211
529 214
529 221
529 222
529 230
529 270
529 273
529 275
529 285
529 327
529 334
529 337
529 339
529 384
529 391
529 398
529 401
529 403
529 413
529 448
529 465
529 467
529 477
529 512
529 518
529 519
529 526
529 531
529 541
529 576
529 582
529 587
529 590
529 593
529 595
529 598
529 605
529 606
529 640
529 646
529 647
529 654
529 657
529 659
529 662
529 669
529 704
529 710
529 711
529 716
529 718
529 719
529 721
529 723
529 733
529 734
529 768
529 774
529 775
529 778
529 780
529 781
529 782
529 783
529 785
529 787
529 790
529 796
529 797
529 798
529 799
529 802
529 832
529 838
529 839
529 844
529 845
529 846
529 849
529 851
529 854
529 861
529 862
529 896
529 902
529 910
529 913
529 915
529 918
529 925
529 960
529 966
529 974
529 977
529 979
529 989
529 1024
529 1030
529 1038
529 1041
529 1043
529 1053
529 1054
529 1088
529 1094
529 1102
529 1105
529 1107
529 1117
529 1152
529 1158
529 1162
529 1165
529 1166
529 1169
529 1171
529 1181
529 1216
529 1222
529 1223
529 1226
529 1230
529 1231
529 1233
529 1235
529 1238
529 1245
530 338
530 402
530 466
530 594
530 658
530 722
531 0
531 6
531 7
531 12
531 13
531 14
531 19
531 32
531 64
531 70
531 71
531 76
531 78
531 79
531 81
531 83
531 93
531 94
531 96
531 128
531 134
531 135
531 140
531 142
531 145
531 147
531 150
531 156
531 157
531 164
531 192
531 198
531 199
531 203
531 205
531 206
531 209
531 211
531 214
531 221
531 222
531 230
531 270
531 273
531 275
531 285
531 327
531 334
531 337
531 339
531 350
531 384
531 391
531 398
531 401
531 403
531 413
531 448
531 465
531 467
531 477
531 512
531 518
531 519
531 526
531 529
531 541
531 576
531 582
531 587
531 590
531 593
531 595
531 598
531 605
531 606
531 640
531 646
531 647
531 654
531 657
531 659
531 662
531 669
531 704
531 710
531 711
531 716
531 718
531 719
531 721
531 723
531 733
531 734
531 768
531 774
531 775
531 778
531 780
531 781
531 782
531 783
531 785
531 787
531 790
531 796
531 797
531 798
531 799
531 802
531 832
531 838
531 839
531 842
531 844
531 845
531 846
531 849
531 851
531 854
531 861
531 862
531 896
531 902
531 910
531 913
531 915
531 918
531 925
531 960
531 966
531 974
531 977
531 979
531 989
531 1024
531 1030
531 1038
531 1041
531 1043
531 1053
531 1054
531 1088
531 1094
531 1102
531 1105
531 1107
531 1110
531 1117
531 1152
531 1158
531 1162
531 1165
531 1166
531 1169
531 1171
531 1174
531 1181
531 1216
531 1222
531 1223
531 1226
531 1230
531 1231
531 1233
531 1235
531 1238
531 1245
532 26
532 340
532 404
532 468
532 596
532 628
532 660
532 724
533 341
533 405
533 469
533 597
533 661
533 725
534 151
534 342
534 406
534 470
534 598
534 662
534 726
535 343
535 407
535 471
535 599
535 663
535 727
536 47
536 344
536 408
536 472
536 600
536 664
536 728
536 1137
537 345
537 409
537 473
537 601
537 620
537 665
537 729
538 58
538 346
538 410
538 474
538 602
538 666
538 730
539 166
539 347
539 411
539 475
539 603
539 667
539 731
540 348
540 412
540 476
540 604
540 668
540 732
540 1071
541 0
541 6
541 7
541 11
541 12
541 13
541 14
541 19
541 32
541 37
541 38
541 64
541 70
541 71
541 76
541 77
541 78
541 79
541 81
541 83
541 93
541 94
541 96
541 128
541 134
541 135
541 138
541 140
541 143
541 144
541 145
541 147
541 150
541 156
541 157
541 158
541 160
541 164
541 192
541 198
541 199
541 202
541 203
541 205
541 206
541 209
541 214
541 219
541 221
541 222
541 230
541 246
541 256
541 262
541 270
541 273
541 275
541 285
541 286
541 320
541 326
541 327
541 334
541 337
541 339
541 349
541 350
541 384
541 390
541 391
541 394
541 396
541 398
541 399
541 401
541 413
541 414
541 416
541 448
541 462
541 465
541 467
541 477
541 512
541 518
541 519
541 526
541 529
541 531
541 576
541 582
541 583
541 587
541 588
541 589
541 591
541 593
541 595
541 598
541 603
541 605
541 606
541 612
541 640
541 646
541 647
541 650
541 654
541 655
541 657
541 659
541 662
541 669
541 670
541 694
541 704
541 710
541 711
541 714
541 716
541 718
541 719
541 721
541 723
541 733
541 734
541 736
541 768
541 775
541 778
541 779
541 780
541 781
541 783
541 785
541 787
541 790
541 796
541 797
541 798
541 799
541 800
541 802
541 806
541 832
541 833
541 838
541 839
541 842
541 843
541 844
541 845
541 846
541 847
541 849
541 851
541 854
541 861
541 862
541 864
541 884
541 896
541 902
541 903
541 907
541 908
541 909
541 910
541 911
541 913
541 915
541 918
541 924
541 925
541 932
541 960
541 966
541 967
541 974
541 977
541 979
541 982
541 989
541 1024
541 1030
541 1031
541 1038
541 1039
541 1041
541 1043
541 1053
541 1054
541 1088
541 1094
541 1095
541 1102
541 1103
541 1105
541 1107
541 1110
541 1117
541 1126
541 1152
541 1158
541 1161
541 1162
541 1163
541 1165
541 1166
541 1169
541 1171
541 1174
541 1177
541 1181
541 1182
541 1184
541 1188
541 1216
541 1223
541 1226
541 1230
541 1231
541 1233
541 1235
541 1238
541 1244
541 1245
541 1252
542 34
542 350
542 414
542 478
542 544
542 606
542 670
542 734
542 1187
543 351
543 415
543 479
543 607
543 671
543 686
543 735
544 34
544 352
544 416
544 480
544 542
544 608
544 672
544 736
544 1187
545 257
545 279
545 353
545 417
545 481
545 609
545 673
545 737
545 1047
546 354
546 418
546 482
546 610
546 674
546 738
546 880
546 1104
546 1111
547 355
547 419
547 483
547 611
547 675
547 739
547 1114
547 1219
548 356
548 420
548 484
548 612
548 676
548 740
548 969
549 357
549 412
549 421
549 436
549 485
549 613
549 677
549 741
549 985
550 358
550 422
550 486
550 614
550 678
550 742
551 359
551 423
551 487
551 615
551 679
551 743
552 348
552 360
552 424
552 488
552 616
552 680
552 744
552 812
552 964
553 291
553 361
553 425
553 489
553 617
553 681
553 745
553 888
554 113
554 296
554 362
554 426
554 490
554 618
554 682
554 746
555 363
555 427
555 491
555 619
555 683
555 747
555 1015
556 364
556 428
556 492
556 620
556 684
556 748
556 961
557 365
557 429
557 493
557 621
557 678
557 685
557 749
558 159
558 366
558 430
558 456
558 494
558 622
558 686
558 750
559 367
559 431
559 495
559 623
559 687
559 751
560 368
560 432
560 496
560 624
560 688
560 752
560 995
561 280
561 369
561 433
561 446
561 497
561 625
561 689
561 753
562 194
562 370
562 434
562 498
562 520
562 626
562 690
562 754
562 1237
563 182
563 371
563 435
563 499
563 627
563 691
563 755
564 372
564 436
564 500
564 628
564 692
564 756
565 168
565 373
565 437
565 501
565 629
565 693
565 757
565 935
566 374
566 438
566 502
566 528
566 630
566 694
566 758
567 375
567 439
567 503
567 569
567 631
567 695
567 759
567 1004
568 376
568 435
568 440
568 504
568 632
568 696
568 760
569 377
569 441
569 505
569 567
569 633
569 697
569 761
569 1004
570 378
570 442
570 506
570 634
570 698
570 699
570 762
571 379
571 443
571 507
571 635
571 699
571 763
572 314
572 372
572 380
572 444
572 508
572 636
572 700
572 764
573 179
573 381
573 445
573 509
573 637
573 701
573 765
574 316
574 382
574 446
574 510
574 638
574 702
574 766
574 1050
574 1149
575 355
575 383
575 447
575 511
575 639
575 703
575 767
575 1185
576 0
576 6
576 7
576 11
576 12
576 13
576 14
576 19
576 32
576 38
576 64
576 70
576 71
576 76
576 77
576 78
576 79
576 81
576 83
576 93
576 94
576 96
576 128
576 134
576 135
576 140
576 142
576 145
576 147
576 150
576 156
576 157
576 158
576 164
576 192
576 198
576 199
576 203
576 205
576 206
576 209
576 211
576 214
576 219
576 221
576 222
576 230
576 246
576 256
576 270
576 273
576 275
576 285
576 286
576 320
576 326
576 327
576 334
576 337
576 339
576 350
576 384
576 391
576 396
576 398
576 399
576 401
576 403
576 413
576 414
576 448
576 462
576 465
576 467
576 477
576 512
576 518
576 519
576 526
576 529
576 531
576 541
576 582
576 587
576 588
576 589
576 590
576 591
576 593
576 595
576 598
576 603
576 605
576 606
576 640
576 646
576 647
576 654
576 655
576 657
576 659
576 662
576 669
576 694
576 704
576 710
576 711
576 714
576 716
576 718
576 719
576 721
576 723
576 733
576 734
576 768
576 774
576 775
576 778
576 779
576 780
576 781
576 782
576 783
576 785
576 787
576 790
576 796
576 797
576 798
576 799
576 800
576 802
576 806
576 832
576 833
576 838
576 839
576 842
576 844
576 845
576 846
576 847
576 849
576 851
576 854
576 861
576 862
576 896
576 902
576 907
576 908
576 909
576 910
576 911
576 913
576 915
576 918
576 925
576 960
576 966
576 967
576 974
576 977
576 979
576 982
576 989
576 1024
576 1030
576 1031
576 1038
576 1041
576 1043
576 1053
576 1054
576 1088
576 1094
576 1095
576 1102
576 1105
576 1107
576 1110
576 1117
576 1152
576 1158
576 1162
576 1163
576 1165
576 1166
576 1169
576 1171
576 1174
576 1181
576 1216
576 1222
576 1223
576 1226
576 1230
576 1231
576 1233
576 1235
576 1238
576 1245
576 1252
577 385
577 449
577 513
577 596
577 641
577 705
577 720
577 769
577 1090
578 386
578 450
578 514
578 642
578 706
578 770
579 299
579 387
579 451
579 515
579 643
579 707
579 771
580 10
580 15
580 17
580 28
580 29
580 37
580 74
580 75
580 86
580 139
580 143
580 155
580 207
580 223
580 226
580 228
580 263
580 308
580 310
580 342
580 388
580 395
580 406
580 411
580 416
580 421
580 452
580 454
580 455
580 516
580 522
580 527
580 586
580 604
580 608
580 644
580 653
580 676
580 708
580 726
580 754
580 770
580 772
580 801
580 820
580 836
580 848
580 860
580 884
580 886
580 906
580 950
580 971
580 1051
580 1052
580 1099
580 1103
580 1116
580 1118
580 1120
580 1124
580 1153
580 1164
580 1167
580 1177
580 1179
580 1182
580 1202
580 1227
580 1229
580 1271
581 9
581 73
581 137
581 201
581 265
581 329
581 389
581 393
581 453
581 457
581 517
581 521
581 645
581 709
581 713
581 773
581 777
581 837
581 905
581 968
581 1033
581 1097
581 1157
581 1221
582 0
582 6
582 7
582 11
582 12
582 13
582 14
582 19
582 32
582 38
582 64
582 70
582 71
582 76
582 77
582 78
582 79
582 81
582 83
582 93
582 94
582 96
582 128
582 134
582 135
582 140
582 142
582 145
582 147
582 150
582 156
582 157
582 164
582 192
582 198
582 199
582 203
582 205
582 206
582 209
582 211
582 214
582 219
582 221
582 222
582 230
582 246
582 256
582 270
582 273
582 275
582 285
582 286
582 320
582 326
582 327
582 334
582 337
582 339
582 350
582 384
582 390
582 391
582 396
582 398
582 399
582 401
582 403
582 413
582 414
582 448
582 454
582 462
582 465
582 467
582 477
582 512
582 518
582 519
582 526
582 529
582 531
582 541
582 576
582 587
582 588
582 589
582 590
582 591
582 593
582 595
582 598
582 603
582 605
582 606
582 640
582 646
582 647
582 654
582 655
582 657
582 659
582 662
582 669
582 694
582 704
582 710
582 711
582 714
582 716
582 718
582 719
582 721
582 723
582 733
582 734
582 768
582 774
582 775
582 778
582 779
582 780
582 781
582 782
582 783
582 785
582 787
582 790
582 796
582 797
582 798
582 799
582 800
582 802
582 806
582 832
582 833
582 838
582 839
582 842
582 844
582 845
582 846
582 847
582 849
582 851
582 854
582 861
582 862
582 896
582 902
582 907
582 908
582 909
582 910
582 911
582 913
582 915
582 918
582 925
582 960
582 966
582 967
582 974
582 977
582 979
582 982
582 989
582 1024
582 1030
582 1031
582 1038
582 1041
582 1043
582 1053
582 1054
582 1088
582 1094
582 1102
582 1105
582 1107
582 1110
582 1117
582 1152
582 1158
582 1162
582 1163
582 1165
582 1166
582 1169
582 1171
582 1174
582 1181
582 1216
582 1222
582 1223
582 1226
582 1230
582 1231
582 1233
582 1235
582 1238
582 1245
582 1252
583 7
583 10
583 11
583 12
583 13
583 17
583 28
583 29
583 32
583 37
583 38
583 70
583 71
583 74
583 75
583 76
583 77
583 79
583 81
583 86
583 93
583 94
583 96
583 135
583 138
583 139
583 140
583 143
583 144
583 150
583 155
583 156
583 158
583 160
583 164
583 202
583 203
583 205
583 207
583 219
583 223
583 226
583 228
583 230
583 246
583 256
583 262
583 270
583 273
583 275
583 285
583 286
583 308
583 310
583 320
583 326
583 334
583 342
583 349
583 350
583 390
583 391
583 394
583 395
583 396
583 399
583 406
583 411
583 414
583 416
583 421
583 448
583 454
583 455
583 462
583 465
583 467
583 518
583 519
583 522
583 527
583 541
583 586
583 587
583 588
583 589
583 591
583 598
583 603
583 604
583 605
583 606
583 608
583 612
583 640
583 646
583 647
583 650
583 653
583 655
583 662
583 670
583 676
583 694
583 711
583 714
583 716
583 736
583 770
583 775
583 778
583 779
583 781
583 790
583 796
583 799
583 800
583 801
583 802
583 806
583 833
583 836
583 839
583 842
583 843
583 844
583 847
583 854
583 860
583 864
583 884
583 896
583 903
583 906
583 907
583 908
583 909
583 911
583 918
583 924
583 932
583 950
583 967
583 982
583 989
583 1024
583 1031
583 1039
583 1052
583 1053
583 1054
583 1095
583 1103
583 1110
583 1118
583 1120
583 1126
583 1152
583 1153
583 1161
583 1162
583 1163
583 1167
583 1174
583 1177
583 1179
583 1182
583 1184
583 1188
583 1202
583 1226
583 1227
583 1231
583 1235
583 1238
583 1244
583 1252
583 1271
584 392
584 456
584 520
584 648
584 712
584 776
584 1045
585 393
585 457
585 521
585 649
585 713
585 777
586 10
586 15
586 17
586 28
586 29
586 37
586 74
586 75
586 86
586 139
586 143
586 144
586 155
586 160
586 207
586 223
586 226
586 228
586 262
586 263
586 308
586 310
586 342
586 349
586 390
586 394
586 395
586 406
586 411
586 416
586 421
586 454
586 455
586 458
586 522
586 527
586 580
586 583
586 604
586 608
586 650
586 653
586 676
586 714
586 726
586 736
586 754
586 770
586 772
586 778
586 801
586 820
586 836
586 843
586 848
586 860
586 864
586 884
586 886
586 903
586 906
586 924
586 932
586 950
586 971
586 1052
586 1099
586 1103
586 1116
586 1118
586 1120
586 1124
586 1126
586 1153
586 1161
586 1164
586 1167
586 1177
586 1179
586 1182
586 1188
586 1202
586 1227
586 1229
586 1244
586 1271
587 0
587 6
587 7
587 10
587 11
587 12
587 13
587 14
587 17
587 28
587 29
587 32
587 37
587 38
587 64
587 70
587 71
587 74
587 76
587 77
587 79
587 81
587 83
587 86
587 93
587 94
587 96
587 128
587 134
587 135
587 138
587 140
587 143
587 144
587 145
587 150
587 156
587 157
587 158
587 160
587 164
587 198
587 199
587 202
587 203
587 205
587 209
587 214
587 219
587 221
587 222
587 226
587 230
587 246
587 256
587 262
587 270
587 273
587 275
587 285
587 286
587 310
587 320
587 326
587 327
587 334
587 337
587 339
587 342
587 349
587 350
587 384
587 390
587 391
587 394
587 395
587 396
587 398
587 399
587 401
587 406
587 411
587 413
587 414
587 416
587 421
587 448
587 454
587 459
587 462
587 465
587 467
587 477
587 512
587 518
587 519
587 522
587 523
587 526
587 527
587 529
587 531
587 541
587 576
587 582
587 583
587 588
587 589
587 591
587 593
587 598
587 603
587 605
587 606
587 612
587 640
587 646
587 647
587 650
587 651
587 653
587 655
587 657
587 659
587 662
587 669
587 670
587 676
587 694
587 704
587 711
587 714
587 715
587 716
587 718
587 719
587 721
587 733
587 734
587 736
587 770
587 775
587 778
587 779
587 780
587 781
587 783
587 790
587 796
587 797
587 798
587 799
587 800
587 802
587 806
587 832
587 833
587 839
587 842
587 843
587 844
587 845
587 847
587 854
587 862
587 864
587 884
587 896
587 903
587 907
587 908
587 909
587 911
587 918
587 924
587 932
587 960
587 967
587 974
587 977
587 979
587 982
587 989
587 1024
587 1030
587 1031
587 1038
587 1039
587 1041
587 1043
587 1052
587 1053
587 1054
587 1088
587 1094
587 1095
587 1102
587 1103
587 1105
587 1110
587 1117
587 1118
587 1126
587 1152
587 1161
587 1162
587 1163
587 1165
587 1169
587 1171
587 1174
587 1177
587 1179
587 1181
587 1182
587 1184
587 1188
587 1216
587 1223
587 1226
587 1230
587 1231
587 1235
587 1238
587 1244
587 1245
587 1252
588 0
588 7
588 10
588 11
588 12
588 13
588 17
588 28
588 29
588 32
588 37
588 38
588 64
588 70
588 71
588 74
588 76
588 77
588 79
588 81
588 86
588 93
588 94
588 96
588 128
588 134
588 135
588 138
588 140
588 143
588 144
588 145
588 150
588 156
588 157
588 158
588 160
588 164
588 199
588 202
588 203
588 205
588 207
588 209
588 214
588 219
588 221
588 222
588 226
588 230
588 246
588 256
588 262
588 270
588 273
588 275
588 285
588 286
588 310
588 320
588 326
588 327
588 334
588 337
588 339
588 342
588 349
588 350
588 390
588 391
588 394
588 396
588 399
588 401
588 406
588 411
588 413
588 414
588 416
588 421
588 448
588 454
588 460
588 462
588 465
588 467
588 477
588 512
588 518
588 519
588 522
588 524
588 527
588 541
588 576
588 582
588 583
588 587
588 589
588 591
588 593
588 598
588 603
588 604
588 605
588 606
588 612
588 640
588 646
588 647
588 650
588 652
588 653
588 655
588 657
588 662
588 669
588 670
588 676
588 694
588 704
588 711
588 714
588 716
588 719
588 721
588 734
588 736
588 770
588 775
588 778
588 779
588 780
588 781
588 790
588 796
588 797
588 798
588 799
588 800
588 802
588 806
588 832
588 833
588 836
588 839
588 842
588 843
588 844
588 845
588 847
588 854
588 860
588 862
588 864
588 884
588 896
588 903
588 906
588 907
588 908
588 909
588 911
588 918
588 924
588 932
588 960
588 967
588 974
588 982
588 989
588 1024
588 1030
588 1031
588 1038
588 1039
588 1041
588 1043
588 1052
588 1053
588 1054
588 1088
588 1094
588 1095
588 1102
588 1103
588 1105
588 1110
588 1117
588 1118
588 1126
588 1152
588 1161
588 1162
588 1163
588 1165
588 1169
588 1171
588 1174
588 1177
588 1179
588 1181
588 1182
588 1184
588 1188
588 1216
588 1223
588 1226
588 1231
588 1235
588 1238
588 1244
588 1245
588 1252
589 7
589 10
589 11
589 12
589 13
589 17
589 28
589 29
589 32
589 37
589 38
589 64
589 70
589 71
589 74
589 76
589 77
589 79
589 81
589 86
589 93
589 94
589 96
589 135
589 138
589 140
589 143
589 144
589 145
589 150
589 156
589 157
589 158
589 160
589 164
589 202
589 203
589 205
589 207
589 209
589 214
589 219
589 222
589 226
589 230
589 246
589 256
589 262
589 270
589 273
589 275
589 285
589 286
589 308
589 310
589 320
589 326
589 327
589 334
589 337
589 339
589 342
589 349
589 350
589 390
589 391
589 394
589 396
589 397
589 399
589 401
589 406
589 411
589 413
589 414
589 416
589 421
589 448
589 454
589 461
589 462
589 465
589 467
589 477
589 512
589 518
589 519
589 522
589 525
589 527
589 541
589 576
589 582
589 583
589 587
589 588
589 591
589 593
589 598
589 603
589 604
589 605
589 606
589 612
589 640
589 646
589 647
589 650
589 653
589 655
589 662
589 669
589 670
589 676
589 694
589 704
589 711
589 714
589 716
589 717
589 734
589 736
589 770
589 775
589 778
589 779
589 780
589 781
589 790
589 796
589 797
589 798
589 799
589 800
589 802
589 806
589 833
589 836
589 839
589 842
589 843
589 844
589 845
589 847
589 854
589 860
589 862
589 864
589 884
589 896
589 903
589 906
589 907
589 908
589 909
589 911
589 918
589 924
589 932
589 950
589 960
589 967
589 974
589 982
589 989
589 1024
589 1030
589 1031
589 1038
589 1039
589 1041
589 1043
589 1052
589 1053
589 1054
589 1088
589 1095
589 1102
589 1103
589 1110
589 1117
589 1118
589 1120
589 1126
589 1152
589 1161
589 1162
589 1163
589 1165
589 1169
589 1174
589 1177
589 1179
589 1181
589 1182
589 1184
589 1188
589 1216
589 1226
589 1227
589 1231
589 1235
589 1238
589 1244
589 1245
589 1252
590 0
590 6
590 14
590 19
590 64
590 78
590 83
590 128
590 134
590 135
590 142
590 145
590 147
590 157
590 192
590 198
590 199
590 206
590 209
590 211
590 214
590 221
590 222
590 275
590 327
590 337
590 339
590 384
590 398
590 401
590 403
590 413
590 462
590 477
590 512
590 526
590 529
590 531
590 576
590 582
590 593
590 595
590 605
590 640
590 654
590 657
590 659
590 669
590 704
590 710
590 711
590 718
590 719
590 721
590 723
590 733
590 734
590 768
590 774
590 775
590 778
590 780
590 781
590 782
590 783
590 785
590 787
590 797
590 798
590 832
590 838
590 845
590 846
590 849
590 851
590 861
590 862
590 902
590 910
590 913
590 915
590 925
590 960
590 966
590 974
590 977
590 979
590 1030
590 1038
590 1041
590 1043
590 1054
590 1088
590 1094
590 1102
590 1105
590 1107
590 1117
590 1152
590 1158
590 1162
590 1165
590 1166
590 1169
590 1171
590 1181
590 1216
590 1222
590 1223
590 1230
590 1233
590 1235
590 1245
591 0
591 7
591 10
591 11
591 12
591 13
591 17
591 28
591 29
591 32
591 37
591 38
591 64
591 70
591 71
591 74
591 76
591 77
591 79
591 81
591 86
591 93
591 94
591 96
591 134
591 135
591 138
591 140
591 143
591 144
591 145
591 150
591 156
591 157
591 158
591 160
591 164
591 202
591 203
591 205
591 207
591 209
591 214
591 219
591 222
591 226
591 230
591 246
591 256
591 262
591 270
591 273
591 275
591 285
591 286
591 308
591 310
591 320
591 326
591 327
591 334
591 337
591 339
591 342
591 349
591 350
591 390
591 391
591 394
591 396
591 399
591 401
591 406
591 411
591 413
591 414
591 416
591 421
591 448
591 454
591 462
591 463
591 465
591 467
591 477
591 512
591 518
591 519
591 522
591 527
591 541
591 576
591 582
591 583
591 587
591 588
591 589
591 593
591 598
591 603
591 604
591 605
591 606
591 612
591 640
591 646
591 647
591 650
591 653
591 655
591 657
591 662
591 669
591 670
591 676
591 694
591 704
591 711
591 714
591 716
591 719
591 734
591 736
591 770
591 775
591 778
591 779
591 780
591 781
591 783
591 790
591 796
591 797
591 798
591 799
591 800
591 802
591 806
591 833
591 836
591 839
591 842
591 843
591 844
591 845
591 847
591 854
591 860
591 862
591 864
591 884
591 896
591 903
591 906
591 907
591 908
591 909
591 911
591 918
591 924
591 932
591 950
591 960
591 967
591 974
591 982
591 989
591 1024
591 1030
591 1031
591 1038
591 1039
591 1041
591 1043
591 1052
591 1053
591 1054
591 1088
591 1095
591 1102
591 1103
591 1110
591 1117
591 1118
591 1120
591 1126
591 1152
591 1161
591 1162
591 1163
591 1165
591 1169
591 1174
591 1177
591 1179
591 1181
591 1182
591 1184
591 1188
591 1216
591 1226
591 1231
591 1235
591 1238
591 1244
591 1245
591 1252
592 400
592 464
592 528
592 656
592 720
592 784
593 0
593 6
593 7
593 12
593 13
593 14
593 19
593 32
593 38
593 64
593 70
593 71
593 76
593 77
593 78
593 79
593 81
593 83
593 93
593 94
593 96
593 128
593 134
593 135
593 140
593 142
593 145
593 147
593 150
593 156
593 157
593 164
593 192
593 198
593 199
593 203
593 205
593 206
593 209
593 211
593 214
593 219
593 221
593 222
593 230
593 270
593 273
593 275
593 285
593 286
593 320
593 327
593 334
593 337
593 339
593 350
593 384
593 391
593 398
593 401
593 403
593 413
593 448
593 465
593 467
593 477
593 512
593 518
593 519
593 526
593 529
593 531
593 541
593 576
593 582
593 587
593 588
593 589
593 590
593 591
593 595
593 598
593 605
593 606
593 640
593 646
593 647
593 654
593 655
593 657
593 659
593 662
593 669
593 704
593 710
593 711
593 714
593 716
593 718
593 719
593 721
593 723
593 733
593 734
593 768
593 774
593 775
593 778
593 780
593 781
593 782
593 783
593 785
593 787
593 790
593 796
593 797
593 798
593 799
593 800
593 802
593 806
593 832
593 838
593 839
593 842
593 844
593 845
593 846
593 847
593 849
593 851
593 854
593 861
593 862
593 896
593 902
593 908
593 910
593 913
593 915
593 918
593 925
593 960
593 966
593 974
593 977
593 979
593 982
593 989
593 1024
593 1030
593 1038
593 1041
593 1043
593 1053
593 1054
593 1088
593 1094
593 1102
593 1105
593 1107
593 1110
593 1117
593 1152
593 1158
593 1162
593 1163
593 1165
593 1166
593 1169
593 1171
593 1174
593 1181
593 1216
593 1222
593 1223
593 1226
593 1230
593 1231
593 1233
593 1235
593 1238
593 1245
594 402
594 466
594 530
594 658
594 722
594 786
595 0
595 6
595 7
595 12
595 14
595 19
595 32
595 64
595 71
595 78
595 79
595 83
595 93
595 94
595 96
595 128
595 134
595 135
595 140
595 142
595 145
595 147
595 150
595 156
595 157
595 192
595 198
595 199
595 203
595 206
595 209
595 211
595 214
595 221
595 222
595 270
595 273
595 275
595 285
595 327
595 337
595 339
595 384
595 391
595 398
595 401
595 403
595 413
595 467
595 477
595 512
595 518
595 519
595 526
595 529
595 531
595 541
595 576
595 582
595 590
595 593
595 598
595 605
595 640
595 646
595 647
595 654
595 657
595 659
595 662
595 669
595 704
595 710
595 711
595 718
595 719
595 721
595 723
595 733
595 734
595 768
595 774
595 775
595 778
595 780
595 781
595 782
595 783
595 785
595 787
595 790
595 797
595 798
595 799
595 832
595 838
595 845
595 846
595 849
595 851
595 861
595 862
595 896
595 902
595 910
595 913
595 915
595 918
595 925
595 960
595 966
595 974
595 977
595 979
595 989
595 1024
595 1030
595 1038
595 1041
595 1043
595 1054
595 1088
595 1094
595 1102
595 1105
595 1107
595 1117
595 1152
595 1158
595 1162
595 1165
595 1166
595 1169
595 1171
595 1181
595 1216
595 1222
595 1223
595 1230
595 1231
595 1233
595 1235
595 1238
595 1245
596 404
596 468
596 532
596 577
596 660
596 720
596 724
596 788
596 1090
597 405
597 469
597 533
597 661
597 725
597 789
598 0
598 6
598 7
598 11
598 12
598 13
598 14
598 17
598 19
598 28
598 32
598 37
598 38
598 64
598 70
598 71
598 74
598 76
598 77
598 79
598 81
598 83
598 93
598 94
598 96
598 128
598 134
598 135
598 138
598 140
598 143
598 144
598 145
598 150
598 156
598 157
598 158
598 160
598 164
598 192
598 198
598 199
598 202
598 203
598 205
598 209
598 214
598 219
598 221
598 222
598 230
598 246
598 256
598 262
598 270
598 273
598 275
598 285
598 286
598 310
598 320
598 326
598 327
598 334
598 337
598 339
598 349
598 350
598 384
598 390
598 391
598 394
598 396
598 398
598 399
598 401
598 406
598 413
598 414
598 416
598 421
598 448
598 462
598 465
598 467
598 470
598 477
598 512
598 518
598 519
598 522
598 526
598 527
598 529
598 531
598 534
598 541
598 576
598 582
598 583
598 587
598 588
598 589
598 591
598 593
598 595
598 603
598 605
598 606
598 612
598 640
598 646
598 647
598 650
598 653
598 654
598 655
598 657
598 659
598 662
598 669
598 670
598 676
598 694
598 704
598 710
598 711
598 714
598 716
598 718
598 719
598 721
598 726
598 733
598 734
598 736
598 768
598 775
598 778
598 779
598 780
598 781
598 783
598 790
598 796
598 797
598 798
598 799
598 800
598 802
598 806
598 832
598 833
598 838
598 839
598 842
598 843
598 844
598 845
598 847
598 854
598 861
598 862
598 864
598 884
598 896
598 902
598 903
598 907
598 908
598 909
598 910
598 911
598 913
598 915
598 918
598 924
598 932
598 960
598 966
598 967
598 974
598 977
598 979
598 982
598 989
598 1024
598 1030
598 1031
598 1038
598 1039
598 1041
598 1043
598 1052
598 1053
598 1054
598 1088
598 1094
598 1095
598 1102
598 1103
598 1105
598 1110
598 1117
598 1126
598 1152
598 1161
598 1162
598 1163
598 1165
598 1166
598 1169
598 1171
598 1174
598 1177
598 1179
598 1181
598 1182
598 1184
598 1188
598 1216
598 1223
598 1226
598 1230
598 1231
598 1235
598 1238
598 1244
598 1245
598 1252
599 407
599 471
599 535
599 663
599 727
599 791
599 1218
599 1241
600 408
600 472
600 536
600 664
600 728
600 792
601 409
601 473
601 537
601 665
601 729
601 793
602 25
602 65
602 410
602 474
602 538
602 660
602 666
602 730
602 794
603 7
603 10
603 11
603 12
603 13
603 17
603 28
603 29
603 32
603 37
603 38
603 70
603 71
603 74
603 76
603 77
603 79
603 81
603 86
603 93
603 94
603 96
603 135
603 138
603 139
603 140
603 143
603 144
603 145
603 150
603 156
603 157
603 158
603 160
603 164
603 202
603 203
603 205
603 207
603 214
603 219
603 226
603 228
603 230
603 246
603 256
603 262
603 270
603 273
603 275
603 285
603 286
603 308
603 310
603 320
603 326
603 327
603 334
603 342
603 349
603 350
603 390
603 391
603 394
603 395
603 396
603 399
603 401
603 406
603 411
603 413
603 414
603 416
603 421
603 448
603 454
603 462
603 465
603 467
603 475
603 477
603 512
603 518
603 519
603 522
603 527
603 539
603 541
603 576
603 582
603 583
603 587
603 588
603 589
603 591
603 598
603 604
603 605
603 606
603 612
603 640
603 646
603 647
603 650
603 653
603 655
603 662
603 667
603 669
603 670
603 676
603 694
603 704
603 714
603 716
603 731
603 734
603 736
603 770
603 775
603 778
603 779
603 780
603 781
603 790
603 795
603 796
603 797
603 798
603 799
603 800
603 801
603 802
603 806
603 833
603 836
603 839
603 842
603 843
603 844
603 845
603 847
603 854
603 860
603 862
603 864
603 884
603 896
603 903
603 906
603 907
603 908
603 909
603 911
603 918
603 924
603 932
603 950
603 960
603 967
603 982
603 989
603 1024
603 1030
603 1031
603 1039
603 1041
603 1052
603 1053
603 1054
603 1095
603 1103
603 1110
603 1117
603 1118
603 1120
603 1126
603 1152
603 1161
603 1162
603 1163
603 1165
603 1174
603 1177
603 1179
603 1181
603 1182
603 1184
603 1188
603 1226
603 1227
603 1231
603 1235
603 1238
603 1244
603 1252
603 1271
604 10
604 11
604 15
604 17
604 28
604 29
604 37
604 38
604 74
604 75
604 77
604 86
604 138
604 139
604 143
604 144
604 155
604 158
604 160
604 202
604 207
604 219
604 223
604 226
604 228
604 246
604 256
604 262
604 263
604 308
604 310
604 320
604 326
604 342
604 349
604 390
604 394
604 395
604 396
604 399
604 406
604 411
604 412
604 414
604 416
604 421
604 454
604 455
604 462
604 476
604 522
604 527
604 540
604 580
604 583
604 586
604 588
604 589
604 591
604 603
604 608
604 612
604 650
604 653
604 655
604 668
604 670
604 676
604 694
604 714
604 732
604 736
604 770
604 772
604 779
604 796
604 800
604 801
604 806
604 820
604 833
604 836
604 843
604 847
604 848
604 860
604 864
604 884
604 903
604 906
604 907
604 908
604 909
604 911
604 924
604 932
604 950
604 967
604 982
604 1031
604 1039
604 1052
604 1095
604 1099
604 1103
604 1116
604 1118
604 1120
604 1124
604 1126
604 1153
604 1161
604 1163
604 1164
604 1167
604 1177
604 1179
604 1182
604 1184
604 1188
604 1202
604 1227
604 1229
604 1244
604 1252
604 1271
605 0
605 6
605 7
605 11
605 12
605 13
605 14
605 19
605 32
605 38
605 64
605 70
605 71
605 76
605 77
605 78
605 79
605 81
605 83
605 93
605 94
605 96
605 128
605 134
605 135
605 138
605 140
605 145
605 147
605 150
605 156
605 157
605 158
605 160
605 164
605 192
605 198
605 199
605 202
605 203
605 205
605 206
605 209
605 214
605 219
605 221
605 222
605 230
605 246
605 256
605 262
605 270
605 273
605 275
605 285
605 286
605 320
605 326
605 327
605 334
605 337
605 339
605 349
605 350
605 384
605 390
605 391
605 394
605 396
605 398
605 399
605 401
605 403
605 413
605 414
605 448
605 462
605 465
605 467
605 477
605 512
605 518
605 519
605 526
605 529
605 531
605 541
605 576
605 582
605 583
605 587
605 588
605 589
605 590
605 591
605 593
605 595
605 598
605 603
605 606
605 612
605 640
605 646
605 647
605 650
605 654
605 655
605 657
605 659
605 662
605 669
605 670
605 694
605 704
605 710
605 711
605 714
605 716
605 718
605 719
605 721
605 723
605 733
605 734
605 736
605 768
605 774
605 775
605 778
605 779
605 780
605 781
605 782
605 783
605 785
605 787
605 790
605 796
605 797
605 798
605 799
605 800
605 802
605 806
605 832
605 833
605 838
605 839
605 842
605 843
605 844
605 845
605 846
605 847
605 849
605 851
605 854
605 861
605 862
605 864
605 896
605 902
605 903
605 907
605 908
605 909
605 910
605 911
605 913
605 915
605 918
605 924
605 925
605 960
605 966
605 967
605 974
605 977
605 979
605 982
605 989
605 1024
605 1030
605 1031
605 1038
605 1039
605 1041
605 1043
605 1053
605 1054
605 1088
605 1094
605 1095
605 1102
605 1105
605 1107
605 1110
605 1117
605 1152
605 1158
605 1162
605 1163
605 1165
605 1166
605 1169
605 1171
605 1174
605 1181
605 1184
605 1188
605 1216
605 1222
605 1223
605 1226
605 1230
605 1231
605 1233
605 1235
605 1238
605 1244
605 1245
605 1252
606 0
606 6
606 7
606 11
606 12
606 13
606 14
606 17
606 19
606 28
606 32
606 37
606 38
606 64
606 70
606 71
606 74
606 76
606 77
606 79
606 81
606 83
606 93
606 94
606 96
606 128
606 134
606 135
606 138
606 140
606 143
606 144
606 145
606 150
606 156
606 157
606 158
606 160
606 164
606 198
606 199
606 202
606 203
606 205
606 209
606 214
606 219
606 221
606 222
606 226
606 230
606 246
606 256
606 262
606 270
606 273
606 275
606 285
606 286
606 310
606 320
606 326
606 327
606 334
606 337
606 339
606 342
606 349
606 350
606 384
606 390
606 391
606 394
606 396
606 398
606 399
606 401
606 406
606 413
606 414
606 416
606 421
606 448
606 462
606 465
606 467
606 477
606 478
606 512
606 518
606 519
606 522
606 526
606 527
606 529
606 531
606 541
606 542
606 576
606 582
606 583
606 587
606 588
606 589
606 591
606 593
606 598
606 603
606 605
606 612
606 640
606 646
606 647
606 650
606 653
606 655
606 657
606 659
606 662
606 669
606 670
606 676
606 694
606 704
606 711
606 714
606 716
606 718
606 719
606 721
606 733
606 734
606 736
606 768
606 770
606 775
606 778
606 779
606 780
606 781
606 783
606 790
606 796
606 797
606 798
606 799
606 800
606 802
606 806
606 832
606 833
606 839
606 842
606 843
606 844
606 845
606 847
606 854
606 862
606 864
606 884
606 896
606 902
606 903
606 907
606 908
606 909
606 911
606 913
606 918
606 924
606 932
606 960
606 966
606 967
606 974
606 977
606 979
606 982
606 989
606 1024
606 1030
606 1031
606 1038
606 1039
606 1041
606 1043
606 1052
606 1053
606 1054
606 1088
606 1094
606 1095
606 1102
606 1103
606 1105
606 1110
606 1117
606 1118
606 1126
606 1152
606 1161
606 1162
606 1163
606 1165
606 1166
606 1169
606 1171
606 1174
606 1177
606 1179
606 1181
606 1182
606 1184
606 1188
606 1216
606 1223
606 1226
606 1230
606 1231
606 1235
606 1238
606 1244
606 1245
606 1252
607 415
607 479
607 543
607 671
607 735
607 799
608 10
608 15
608 17
608 28
608 29
608 37
608 74
608 75
608 86
608 139
608 143
608 144
608 155
608 160
608 207
608 223
608 226
608 228
608 262
608 263
608 308
608 310
608 342
608 349
608 390
608 394
608 395
608 406
608 411
608 416
608 421
608 454
608 455
608 480
608 522
608 527
608 544
608 580
608 583
608 586
608 604
608 650
608 653
608 672
608 676
608 726
608 736
608 754
608 770
608 772
608 800
608 801
608 820
608 836
608 843
608 848
608 860
608 864
608 884
608 886
608 903
608 906
608 924
608 932
608 950
608 971
608 1052
608 1099
608 1103
608 1116
608 1118
608 1120
608 1124
608 1126
608 1153
608 1161
608 1164
608 1167
608 1177
608 1179
608 1182
608 1188
608 1202
608 1227
608 1229
608 1244
608 1271
609 417
609 481
609 545
609 673
609 728
609 737
609 801
610 385
610 418
610 482
610 546
610 626
610 674
610 726
610 738
610 740
610 754
610 802
610 886
610 940
610 971
610 1051
610 1099
610 1250
611 356
611 419
611 483
611 547
611 625
611 675
611 698
611 739
611 803
612 7
612 10
612 11
612 12
612 13
612 17
612 28
612 29
612 32
612 37
612 38
612 70
612 71
612 74
612 76
612 77
612 79
612 81
612 86
612 93
612 94
612 96
612 135
612 138
612 139
612 140
612 143
612 144
612 145
612 150
612 156
612 157
612 158
612 160
612 164
612 202
612 203
612 205
612 207
612 214
612 219
612 226
612 228
612 230
612 246
612 256
612 262
612 270
612 273
612 275
612 285
612 286
612 308
612 310
612 320
612 326
612 327
612 334
612 342
612 349
612 350
612 390
612 391
612 394
612 395
612 396
612 399
612 406
612 411
612 413
612 414
612 416
612 420
612 421
612 448
612 454
612 462
612 465
612 467
612 484
612 518
612 519
612 522
612 527
612 541
612 548
612 583
612 587
612 588
612 589
612 591
612 598
612 603
612 604
612 605
612 606
612 640
612 646
612 647
612 650
612 653
612 655
612 662
612 670
612 676
612 694
612 704
612 714
612 716
612 734
612 736
612 740
612 770
612 775
612 778
612 779
612 780
612 781
612 790
612 796
612 798
612 799
612 800
612 801
612 802
612 804
612 806
612 833
612 836
612 839
612 842
612 843
612 844
612 845
612 847
612 854
612 860
612 864
612 884
612 896
612 903
612 906
612 907
612 908
612 909
612 911
612 918
612 924
612 932
612 950
612 960
612 967
612 982
612 989
612 1024
612 1031
612 1039
612 1041
612 1052
612 1053
612 1054
612 1095
612 1103
612 1110
612 1118
612 1120
612 1126
612 1152
612 1161
612 1162
612 1163
612 1165
612 1174
612 1177
612 1179
612 1182
612 1184
612 1188
612 1202
612 1226
612 1227
612 1231
612 1235
612 1238
612 1244
612 1252
612 1271
613 110
613 364
613 421
613 485
613 549
613 677
613 741
613 805
614 422
614 486
614 550
614 678
614 742
614 806
614 859
614 887
614 1134
615 423
615 487
615 551
615 679
615 743
615 807
616 386
616 424
616 488
616 552
616 680
616 744
616 808
617 49
617 62
617 425
617 489
617 553
617 681
617 745
617 755
617 809
618 234
618 426
618 490
618 554
618 682
618 746
618 810
619 427
619 491
619 555
619 683
619 747
619 811
619 963
620 428
620 492
620 537
620 556
620 684
620 748
620 812
621 429
621 493
621 557
621 685
621 749
621 813
622 430
622 494
622 558
622 686
622 750
622 814
623 431
623 495
623 559
623 687
623 751
623 815
624 432
624 496
624 560
624 688
624 752
624 816
624 899
625 356
625 433
625 497
625 561
625 611
625 689
625 698
625 753
625 817
626 385
626 434
626 498
626 562
626 610
626 690
626 740
626 754
626 818
626 940
626 1250
627 435
627 499
627 563
627 691
627 755
627 819
628 26
628 436
628 500
628 532
628 564
628 692
628 756
628 820
629 437
629 501
629 565
629 693
629 757
629 821
629 1125
629 1198
630 438
630 502
630 566
630 694
630 758
630 822
631 51
631 354
631 439
631 460
631 503
631 567
631 695
631 747
631 759
631 823
631 1063
632 440
632 504
632 568
632 696
632 760
632 824
632 1026
633 276
633 441
633 505
633 569
633 697
633 761
633 825
633 1201
634 442
634 506
634 570
634 698
634 762
634 826
635 443
635 507
635 571
635 699
635 763
635 827
636 444
636 508
636 572
636 700
636 764
636 828
637 445
637 509
637 573
637 701
637 765
637 829
638 446
638 510
638 574
638 702
638 766
638 830
639 447
639 511
639 575
639 703
639 767
639 831
640 0
640 6
640 7
640 11
640 12
640 13
640 14
640 19
640 32
640 38
640 64
640 70
640 71
640 76
640 77
640 78
640 79
640 81
640 83
640 93
640 94
640 96
640 128
640 134
640 135
640 138
640 140
640 145
640 147
640 150
640 156
640 157
640 158
640 160
640 164
640 192
640 198
640 199
640 202
640 203
640 205
640 206
640 209
640 214
640 219
640 221
640 222
640 230
640 246
640 256
640 262
640 270
640 273
640 275
640 285
640 286
640 320
640 326
640 327
640 334
640 337
640 339
640 349
640 350
640 384
640 390
640 391
640 394
640 396
640 398
640 399
640 401
640 403
640 413
640 414
640 448
640 462
640 465
640 467
640 477
640 512
640 518
640 519
640 526
640 529
640 531
640 541
640 576
640 582
640 583
640 587
640 588
640 589
640 590
640 591
640 593
640 595
640 598
640 603
640 605
640 606
640 612
640 646
640 647
640 650
640 654
640 655
640 657
640 659
640 662
640 669
640 670
640 694
640 704
640 710
640 711
640 714
640 716
640 718
640 719
640 721
640 723
640 733
640 734
640 736
640 768
640 774
640 775
640 778
640 779
640 780
640 781
640 782
640 783
640 785
640 787
640 790
640 796
640 797
640 798
640 799
640 800
640 802
640 806
640 832
640 833
640 838
640 839
640 842
640 843
640 844
640 845
640 846
640 847
640 849
640 851
640 854
640 861
640 862
640 864
640 896
640 902
640 903
640 907
640 908
640 909
640 910
640 911
640 913
640 915
640 918
640 924
640 925
640 960
640 966
640 967
640 974
640 977
640 979
640 982
640 989
640 1024
640 1030
640 1031
640 1038
640 1039
640 1041
640 1043
640 1053
640 1054
640 1088
640 1094
640 1095
640 1102
640 1105
640 1107
640 1110
640 1117
640 1152
640 1158
640 1162
640 1163
640 1165
640 1166
640 1169
640 1171
640 1174
640 1181
640 1184
640 1188
640 1216
640 1222
640 1223
640 1226
640 1230
640 1231
640 1233
640 1235
640 1238
640 1244
640 1245
640 1252
641 449
641 513
641 577
641 705
641 769
641 833
642 450
642 514
642 578
642 706
642 770
642 834
642 874
642 939
642 1200
643 451
643 479
643 515
643 579
643 707
643 771
643 835
644 437
644 452
644 459
644 475
644 516
644 580
644 708
644 772
644 836
645 9
645 73
645 137
645 201
645 265
645 329
645 393
645 453
645 457
645 517
645 521
645 581
645 709
645 713
645 773
645 777
645 837
645 905
645 968
645 1033
645 1097
645 1157
645 1221
646 0
646 6
646 7
646 11
646 12
646 13
646 14
646 17
646 19
646 28
646 32
646 37
646 38
646 64
646 70
646 71
646 74
646 76
646 77
646 79
646 81
646 83
646 93
646 94
646 96
646 128
646 134
646 135
646 138
646 140
646 143
646 144
646 145
646 150
646 156
646 157
646 158
646 160
646 164
646 192
646 198
646 199
646 202
646 203
646 205
646 209
646 214
646 219
646 221
646 222
646 230
646 246
646 256
646 262
646 270
646 273
646 275
646 285
646 286
646 320
646 326
646 327
646 334
646 337
646 339
646 349
646 350
646 384
646 390
646 391
646 394
646 396
646 398
646 399
646 401
646 413
646 414
646 416
646 421
646 448
646 454
646 462
646 465
646 467
646 477
646 512
646 518
646 519
646 522
646 526
646 527
646 529
646 531
646 541
646 576
646 582
646 583
646 587
646 588
646 589
646 591
646 593
646 595
646 598
646 603
646 605
646 606
646 612
646 640
646 647
646 650
646 653
646 654
646 655
646 657
646 659
646 662
646 669
646 670
646 676
646 694
646 704
646 710
646 711
646 714
646 716
646 718
646 719
646 721
646 733
646 734
646 736
646 768
646 774
646 775
646 778
646 779
646 780
646 781
646 783
646 790
646 796
646 797
646 798
646 799
646 800
646 802
646 806
646 832
646 833
646 838
646 839
646 842
646 843
646 844
646 845
646 847
646 854
646 861
646 862
646 864
646 884
646 896
646 902
646 903
646 907
646 908
646 909
646 910
646 911
646 913
646 915
646 918
646 924
646 932
646 960
646 966
646 967
646 974
646 977
646 979
646 982
646 989
646 1024
646 1030
646 1031
646 1038
646 1039
646 1041
646 1043
646 1052
646 1053
646 1054
646 1088
646 1094
646 1095
646 1102
646 1103
646 1105
646 1107
646 1110
646 1117
646 1126
646 1152
646 1161
646 1162
646 1163
646 1165
646 1166
646 1169
646 1171
646 1174
646 1177
646 1179
646 1181
646 1182
646 1184
646 1188
646 1216
646 1223
646 1226
646 1230
646 1231
646 1233
646 1235
646 1238
646 1244
646 1245
646 1252
647 0
647 6
647 7
647 11
647 12
647 13
647 14
647 17
647 19
647 28
647 32
647 37
647 38
647 64
647 70
647 71
647 76
647 77
647 79
647 81
647 83
647 93
647 94
647 96
647 128
647 134
647 135
647 138
647 140
647 143
647 144
647 145
647 150
647 156
647 157
647 158
647 160
647 164
647 192
647 198
647 199
647 202
647 203
647 205
647 209
647 214
647 219
647 221
647 222
647 230
647 246
647 256
647 262
647 270
647 273
647 275
647 285
647 286
647 320
647 326
647 327
647 334
647 337
647 339
647 349
647 350
647 384
647 390
647 391
647 394
647 396
647 398
647 399
647 401
647 413
647 414
647 416
647 421
647 448
647 455
647 462
647 465
647 467
647 477
647 512
647 518
647 519
647 526
647 529
647 531
647 541
647 576
647 582
647 583
647 587
647 588
647 589
647 591
647 593
647 595
647 598
647 603
647 605
647 606
647 612
647 640
647 646
647 650
647 654
647 655
647 657
647 659
647 662
647 669
647 670
647 694
647 704
647 710
647 711
647 714
647 716
647 718
647 719
647 721
647 723
647 733
647 734
647 736
647 768
647 775
647 778
647 779
647 780
647 781
647 783
647 787
647 790
647 796
647 797
647 798
647 799
647 800
647 802
647 806
647 832
647 833
647 838
647 839
647 842
647 843
647 844
647 845
647 847
647 851
647 854
647 861
647 862
647 864
647 884
647 896
647 902
647 903
647 907
647 908
647 909
647 910
647 911
647 913
647 915
647 918
647 924
647 925
647 932
647 960
647 966
647 967
647 974
647 977
647 979
647 982
647 989
647 1024
647 1030
647 1031
647 1038
647 1039
647 1041
647 1043
647 1053
647 1054
647 1088
647 1094
647 1095
647 1102
647 1103
647 1105
647 1107
647 1110
647 1117
647 1126
647 1152
647 1158
647 1161
647 1162
647 1163
647 1165
647 1166
647 1169
647 1171
647 1174
647 1177
647 1181
647 1182
647 1184
647 1188
647 1216
647 1223
647 1226
647 1230
647 1231
647 1233
647 1235
647 1238
647 1244
647 1245
647 1252
648 18
648 220
648 456
648 520
648 584
648 712
648 776
648 840
649 457
649 521
649 585
649 713
649 777
649 841
649 997
649 1106
650 7
650 10
650 11
650 12
650 13
650 15
650 17
650 28
650 29
650 32
650 37
650 38
650 70
650 71
650 74
650 75
650 76
650 77
650 79
650 81
650 86
650 93
650 94
650 96
650 135
650 138
650 139
650 140
650 143
650 144
650 150
650 155
650 156
650 158
650 160
650 164
650 202
650 203
650 205
650 207
650 219
650 223
650 226
650 228
650 230
650 246
650 256
650 262
650 270
650 273
650 275
650 285
650 286
650 308
650 310
650 320
650 326
650 334
650 342
650 349
650 350
650 390
650 391
650 394
650 395
650 396
650 399
650 406
650 411
650 414
650 416
650 421
650 448
650 454
650 458
650 462
650 465
650 467
650 518
650 519
650 522
650 527
650 541
650 583
650 586
650 587
650 588
650 589
650 591
650 598
650 603
650 604
650 605
650 606
650 608
650 612
650 640
650 646
650 647
650 653
650 655
650 662
650 670
650 676
650 694
650 714
650 716
650 736
650 770
650 778
650 779
650 781
650 790
650 796
650 799
650 800
650 801
650 802
650 806
650 833
650 836
650 839
650 842
650 843
650 844
650 847
650 854
650 860
650 864
650 884
650 896
650 903
650 906
650 907
650 908
650 909
650 911
650 918
650 924
650 932
650 950
650 967
650 982
650 989
650 1024
650 1031
650 1039
650 1052
650 1053
650 1054
650 1095
650 1103
650 1110
650 1118
650 1120
650 1126
650 1152
650 1153
650 1161
650 1162
650 1163
650 1167
650 1174
650 1177
650 1179
650 1182
650 1184
650 1188
650 1202
650 1226
650 1227
650 1231
650 1235
650 1238
650 1244
650 1252
650 1271
651 459
651 523
651 587
651 715
651 779
651 843
652 460
652 524
652 588
652 716
652 780
652 844
652 1260
653 10
653 11
653 13
653 15
653 17
653 28
653 29
653 37
653 38
653 70
653 74
653 75
653 76
653 77
653 81
653 86
653 96
653 138
653 139
653 140
653 143
653 144
653 155
653 156
653 158
653 160
653 164
653 202
653 205
653 207
653 219
653 223
653 226
653 228
653 230
653 246
653 256
653 262
653 263
653 270
653 285
653 286
653 308
653 310
653 320
653 326
653 334
653 342
653 349
653 350
653 390
653 391
653 394
653 395
653 396
653 399
653 406
653 411
653 414
653 416
653 421
653 448
653 454
653 455
653 461
653 462
653 465
653 522
653 525
653 527
653 580
653 583
653 586
653 587
653 588
653 589
653 591
653 598
653 603
653 604
653 606
653 608
653 612
653 646
653 650
653 655
653 670
653 676
653 694
653 714
653 716
653 717
653 736
653 770
653 779
653 781
653 790
653 796
653 800
653 801
653 802
653 806
653 820
653 833
653 836
653 839
653 842
653 843
653 844
653 845
653 847
653 854
653 860
653 864
653 884
653 903
653 906
653 907
653 908
653 909
653 911
653 924
653 932
653 950
653 967
653 982
653 1031
653 1039
653 1052
653 1053
653 1095
653 1103
653 1110
653 1118
653 1120
653 1126
653 1153
653 1161
653 1163
653 1164
653 1167
653 1174
653 1177
653 1179
653 1182
653 1184
653 1188
653 1202
653 1226
653 1227
653 1229
653 1231
653 1238
653 1244
653 1252
653 1271
654 0
654 6
654 7
654 12
654 14
654 19
654 32
654 64
654 71
654 78
654 79
654 83
654 93
654 94
654 96
654 128
654 134
654 135
654 140
654 142
654 145
654 147
654 150
654 156
654 157
654 192
654 198
654 199
654 203
654 206
654 209
654 211
654 214
654 221
654 222
654 270
654 273
654 275
654 285
654 327
654 337
654 339
654 384
654 391
654 398
654 401
654 403
654 413
654 462
654 467
654 477
654 512
654 518
654 519
654 526
654 529
654 531
654 541
654 576
654 582
654 590
654 593
654 595
654 598
654 605
654 640
654 646
654 647
654 657
654 659
654 662
654 669
654 704
654 710
654 711
654 718
654 719
654 721
654 723
654 733
654 734
654 768
654 774
654 775
654 778
654 780
654 781
654 782
654 783
654 785
654 787
654 790
654 797
654 798
654 799
654 832
654 838
654 845
654 846
654 849
654 851
654 861
654 862
654 896
654 902
654 910
654 913
654 915
654 918
654 925
654 960
654 966
654 974
654 977
654 979
654 989
654 1024
654 1030
654 1038
654 1041
654 1043
654 1054
654 1088
654 1094
654 1102
654 1105
654 1107
654 1117
654 1152
654 1158
654 1162
654 1165
654 1166
654 1169
654 1171
654 1181
654 1216
654 1222
654 1223
654 1230
654 1231
654 1233
654 1235
654 1238
654 1245
655 0
655 7
655 10
655 11
655 12
655 13
655 17
655 28
655 29
655 32
655 37
655 38
655 64
655 70
655 71
655 74
655 76
655 77
655 79
655 81
655 86
655 93
655 94
655 96
655 134
655 135
655 138
655 140
655 143
655 144
655 145
655 150
655 156
655 157
655 158
655 160
655 164
655 199
655 202
655 203
655 205
655 207
655 209
655 214
655 219
655 222
655 226
655 230
655 246
655 256
655 262
655 270
655 273
655 275
655 285
655 286
655 308
655 310
655 320
655 326
655 327
655 334
655 337
655 339
655 342
655 349
655 350
655 390
655 391
655 394
655 396
655 399
655 401
655 406
655 411
655 413
655 414
655 416
655 421
655 448
655 454
655 462
655 463
655 465
655 467
655 477
655 512
655 518
655 519
655 522
655 527
655 541
655 576
655 582
655 583
655 587
655 588
655 589
655 591
655 593
655 598
655 603
655 604
655 605
655 606
655 612
655 640
655 646
655 647
655 650
655 653
655 657
655 662
655 669
655 670
655 676
655 694
655 704
655 711
655 714
655 716
655 719
655 734
655 736
655 770
655 775
655 778
655 779
655 780
655 781
655 783
655 790
655 796
655 797
655 798
655 799
655 800
655 802
655 806
655 832
655 833
655 836
655 839
655 842
655 843
655 844
655 845
655 847
655 854
655 860
655 862
655 864
655 884
655 896
655 903
655 906
655 907
655 908
655 909
655 911
655 918
655 924
655 932
655 950
655 960
655 967
655 974
655 982
655 989
655 1024
655 1030
655 1031
655 1038
655 1039
655 1041
655 1043
655 1052
655 1053
655 1054
655 1088
655 1095
655 1102
655 1103
655 1110
655 1117
655 1118
655 1120
655 1126
655 1152
655 1161
655 1162
655 1163
655 1165
655 1169
655 1174
655 1177
655 1179
655 1181
655 1182
655 1184
655 1188
655 1216
655 1226
655 1231
655 1235
655 1238
655 1244
655 1245
655 1252
656 464
656 528
656 592
656 720
656 784
656 848
656 858
657 0
657 6
657 7
657 12
657 13
657 14
657 19
657 32
657 38
657 64
657 70
657 71
657 76
657 77
657 78
657 79
657 81
657 83
657 93
657 94
657 96
657 128
657 134
657 135
657 140
657 142
657 145
657 147
657 150
657 156
657 157
657 164
657 192
657 198
657 199
657 203
657 205
657 206
657 209
657 211
657 214
657 219
657 221
657 222
657 230
657 270
657 273
657 275
657 285
657 286
657 320
657 327
657 334
657 337
657 339
657 350
657 384
657 391
657 398
657 401
657 403
657 413
657 448
657 465
657 467
657 477
657 512
657 518
657 519
657 526
657 529
657 531
657 541
657 576
657 582
657 587
657 588
657 590
657 591
657 593
657 595
657 598
657 605
657 606
657 640
657 646
657 647
657 654
657 655
657 659
657 662
657 669
657 704
657 710
657 711
657 714
657 716
657 718
657 719
657 721
657 723
657 733
657 734
657 768
657 774
657 775
657 778
657 780
657 781
657 782
657 783
657 785
657 787
657 790
657 796
657 797
657 798
657 799
657 800
657 802
657 806
657 832
657 838
657 839
657 842
657 844
657 845
657 846
657 847
657 849
657 851
657 854
657 861
657 862
657 896
657 902
657 908
657 910
657 913
657 915
657 918
657 925
657 960
657 966
657 974
657 977
657 979
657 982
657 989
657 1024
657 1030
657 1038
657 1041
657 1043
657 1053
657 1054
657 1088
657 1094
657 1102
657 1105
657 1107
657 1110
657 1117
657 1152
657 1158
657 1162
657 1163
657 1165
657 1166
657 1169
657 1171
657 1174
657 1181
657 1216
657 1222
657 1223
657 1226
657 1230
657 1231
657 1233
657 1235
657 1238
657 1245
658 289
658 323
658 466
658 530
658 594
658 722
658 786
658 850
659 0
659 6
659 7
659 12
659 14
659 19
659 32
659 64
659 70
659 71
659 78
659 79
659 83
659 93
659 94
659 96
659 128
659 134
659 135
659 140
659 142
659 145
659 147
659 150
659 156
659 157
659 192
659 198
659 199
659 203
659 206
659 209
659 211
659 214
659 221
659 222
659 230
659 270
659 273
659 275
659 285
659 327
659 334
659 337
659 339
659 384
659 391
659 398
659 401
659 403
659 413
659 448
659 465
659 467
659 477
659 512
659 518
659 519
659 526
659 529
659 531
659 541
659 576
659 582
659 587
659 590
659 593
659 595
659 598
659 605
659 606
659 640
659 646
659 647
659 654
659 657
659 662
659 669
659 704
659 710
659 711
659 716
659 718
659 719
659 721
659 723
659 733
659 734
659 768
659 774
659 775
659 778
659 780
659 781
659 782
659 783
659 785
659 787
659 790
659 796
659 797
659 798
659 799
659 802
659 832
659 838
659 839
659 844
659 845
659 846
659 849
659 851
659 861
659 862
659 896
659 902
659 910
659 913
659 915
659 918
659 925
659 960
659 966
659 974
659 977
659 979
659 989
659 1024
659 1030
659 1038
659 1041
659 1043
659 1053
659 1054
659 1088
659 1094
659 1102
659 1105
659 1107
659 1117
659 1152
659 1158
659 1162
659 1165
659 1166
659 1169
659 1171
659 1181
659 1216
659 1222
659 1223
659 1226
659 1230
659 1231
659 1233
659 1235
659 1238
659 1245
660 25
660 65
660 468
660 532
660 596
660 602
660 724
660 788
660 852
661 237
661 469
661 533
661 597
661 725
661 789
661 853
662 0
662 6
662 7
662 11
662 12
662 13
662 14
662 17
662 19
662 28
662 32
662 37
662 38
662 64
662 70
662 71
662 76
662 77
662 79
662 81
662 83
662 93
662 94
662 96
662 128
662 134
662 135
662 138
662 140
662 143
662 144
662 145
662 150
662 156
662 157
662 158
662 160
662 164
662 192
662 198
662 199
662 202
662 203
662 205
662 209
662 214
662 219
662 221
662 222
662 230
662 246
662 256
662 262
662 270
662 273
662 275
662 285
662 286
662 320
662 326
662 327
662 334
662 337
662 339
662 349
662 350
662 384
662 390
662 391
662 394
662 396
662 398
662 399
662 401
662 413
662 414
662 416
662 421
662 448
662 462
662 465
662 467
662 470
662 477
662 512
662 518
662 519
662 522
662 526
662 527
662 529
662 531
662 534
662 541
662 576
662 582
662 583
662 587
662 588
662 589
662 591
662 593
662 595
662 598
662 603
662 605
662 606
662 612
662 640
662 646
662 647
662 650
662 654
662 655
662 657
662 659
662 669
662 670
662 694
662 704
662 710
662 711
662 714
662 716
662 718
662 719
662 721
662 726
662 733
662 734
662 736
662 768
662 775
662 778
662 779
662 780
662 781
662 783
662 787
662 790
662 796
662 797
662 798
662 799
662 800
662 802
662 806
662 832
662 833
662 838
662 839
662 842
662 843
662 844
662 845
662 847
662 851
662 854
662 861
662 862
662 864
662 884
662 896
662 902
662 903
662 907
662 908
662 909
662 910
662 911
662 913
662 915
662 918
662 924
662 932
662 960
662 966
662 967
662 974
662 977
662 979
662 982
662 989
662 1024
662 1030
662 1031
662 1038
662 1039
662 1041
662 1043
662 1053
662 1054
662 1088
662 1094
662 1095
662 1102
662 1103
662 1105
662 1107
662 1110
662 1117
662 1126
662 1152
662 1158
662 1161
662 1162
662 1163
662 1165
662 1166
662 1169
662 1171
662 1174
662 1177
662 1179
662 1181
662 1182
662 1184
662 1188
662 1216
662 1223
662 1226
662 1230
662 1231
662 1233
662 1235
662 1238
662 1244
662 1245
662 1252
663 469
663 471
663 535
663 599
663 727
663 791
663 792
663 855
664 472
664 536
664 600
664 728
664 792
664 856
665 225
665 473
665 537
665 601
665 729
665 793
665 857
666 447
666 474
666 538
666 602
666 730
666 794
666 858
666 959
667 475
667 539
667 603
667 731
667 795
667 859
668 476
668 540
668 604
668 732
668 796
668 860
668 951
669 0
669 6
669 7
669 11
669 12
669 13
669 14
669 19
669 32
669 38
669 64
669 70
669 71
669 76
669 77
669 78
669 79
669 81
669 83
669 93
669 94
669 96
669 128
669 134
669 135
669 140
669 142
669 145
669 147
669 150
669 156
669 157
669 164
669 192
669 198
669 199
669 203
669 205
669 206
669 209
669 211
669 214
669 219
669 221
669 222
669 230
669 246
669 256
669 270
669 273
669 275
669 285
669 286
669 320
669 326
669 327
669 334
669 337
669 339
669 350
669 384
669 391
669 396
669 398
669 399
669 401
669 403
669 413
669 414
669 448
669 462
669 465
669 467
669 477
669 512
669 518
669 519
669 526
669 529
669 531
669 541
669 576
669 582
669 587
669 588
669 589
669 590
669 591
669 593
669 595
669 598
669 603
669 605
669 606
669 640
669 646
669 647
669 654
669 655
669 657
669 659
669 662
669 694
669 704
669 710
669 711
669 714
669 716
669 718
669 719
669 721
669 723
669 733
669 734
669 768
669 774
669 775
669 778
669 779
669 780
669 781
669 782
669 783
669 785
669 787
669 790
669 796
669 797
669 798
669 799
669 800
669 802
669 806
669 832
669 833
669 838
669 839
669 842
669 844
669 845
669 846
669 847
669 849
669 851
669 854
669 861
669 862
669 896
669 902
669 908
669 909
669 910
669 911
669 913
669 915
669 918
669 925
669 960
669 966
669 974
669 977
669 979
669 982
669 989
669 1024
669 1030
669 1031
669 1038
669 1041
669 1043
669 1053
669 1054
669 1088
669 1094
669 1102
669 1105
669 1107
669 1110
669 1117
669 1152
669 1158
669 1162
669 1163
669 1165
669 1166
669 1169
669 1171
669 1174
669 1181
669 1216
669 1222
669 1223
669 1226
669 1230
669 1231
669 1233
669 1235
669 1238
669 1245
670 7
670 10
670 11
670 12
670 13
670 17
670 28
670 29
670 32
670 37
670 38
670 70
670 71
670 74
670 76
670 77
670 79
670 81
670 86
670 93
670 94
670 96
670 135
670 138
670 139
670 140
670 143
670 144
670 145
670 150
670 156
670 157
670 158
670 160
670 164
670 202
670 203
670 205
670 207
670 214
670 219
670 226
670 228
670 230
670 246
670 256
670 262
670 270
670 273
670 275
670 285
670 286
670 308
670 310
670 320
670 326
670 327
670 334
670 342
670 349
670 350
670 390
670 391
670 394
670 395
670 396
670 399
670 406
670 411
670 413
670 414
670 416
670 421
670 448
670 454
670 462
670 465
670 467
670 478
670 518
670 519
670 522
670 527
670 541
670 542
670 583
670 587
670 588
670 589
670 591
670 598
670 603
670 604
670 605
670 606
670 612
670 640
670 646
670 647
670 650
670 653
670 655
670 662
670 676
670 694
670 704
670 714
670 716
670 734
670 736
670 770
670 775
670 778
670 779
670 780
670 781
670 790
670 796
670 798
670 799
670 800
670 801
670 802
670 806
670 833
670 836
670 839
670 842
670 843
670 844
670 845
670 847
670 854
670 860
670 862
670 864
670 884
670 896
670 903
670 906
670 907
670 908
670 909
670 911
670 918
670 924
670 932
670 950
670 960
670 967
670 982
670 989
670 1024
670 1031
670 1039
670 1041
670 1052
670 1053
670 1054
670 1095
670 1103
670 1110
670 1118
670 1120
670 1126
670 1152
670 1161
670 1162
670 1163
670 1165
670 1174
670 1177
670 1179
670 1182
670 1184
670 1188
670 1202
670 1226
670 1227
670 1231
670 1235
670 1238
670 1244
670 1252
670 1271
671 293
671 479
671 543
671 607
671 735
671 799
671 863
672 480
672 544
672 608
672 736
672 800
672 864
672 933
673 4
673 481
673 545
673 609
673 737
673 801
673 865
674 68
674 482
674 546
674 610
674 738
674 802
674 866
675 217
675 483
675 547
675 611
675 739
675 803
675 867
676 10
676 11
676 13
676 15
676 17
676 28
676 29
676 37
676 38
676 70
676 74
676 75
676 76
676 77
676 81
676 86
676 138
676 139
676 140
676 143
676 144
676 155
676 156
676 158
676 160
676 164
676 202
676 205
676 207
676 219
676 223
676 226
676 228
676 230
676 246
676 256
676 262
676 263
676 285
676 286
676 308
676 310
676 320
676 326
676 334
676 342
676 349
676 350
676 390
676 391
676 394
676 395
676 396
676 399
676 406
676 411
676 414
676 416
676 421
676 448
676 454
676 455
676 462
676 465
676 484
676 522
676 527
676 548
676 580
676 583
676 586
676 587
676 588
676 589
676 591
676 598
676 603
676 604
676 606
676 608
676 612
676 646
676 650
676 653
676 655
676 670
676 694
676 714
676 716
676 736
676 740
676 770
676 772
676 779
676 790
676 796
676 800
676 801
676 802
676 804
676 806
676 820
676 833
676 836
676 839
676 842
676 843
676 844
676 847
676 848
676 854
676 860
676 864
676 868
676 884
676 903
676 906
676 907
676 908
676 909
676 911
676 924
676 932
676 950
676 967
676 982
676 1031
676 1039
676 1052
676 1053
676 1095
676 1103
676 1110
676 1118
676 1120
676 1126
676 1153
676 1161
676 1163
676 1164
676 1167
676 1174
676 1177
676 1179
676 1182
676 1184
676 1188
676 1202
676 1226
676 1227
676 1229
676 1231
676 1244
676 1252
676 1271
677 371
677 485
677 549
677 613
677 741
677 805
677 869
678 486
678 550
678 557
678 614
678 742
678 806
678 870
679 487
679 551
679 615
679 743
679 807
679 871
679 1168
680 488
680 552
680 616
680 744
680 808
680 872
681 489
681 553
681 617
681 745
681 809
681 873
682 312
682 490
682 554
682 618
682 746
682 810
682 874
682 1086
683 325
683 491
683 555
683 619
683 747
683 811
683 875
684 492
684 556
684 620
684 748
684 761
684 812
684 876
685 493
685 557
685 621
685 749
685 813
685 877
686 494
686 543
686 558
686 622
686 750
686 814
686 878
687 495
687 559
687 623
687 751
687 815
687 879
688 249
688 496
688 560
688 624
688 752
688 816
688 880
688 991
688 1016
689 497
689 561
689 625
689 753
689 762
689 817
689 881
689 1019
690 92
690 498
690 562
690 626
690 754
690 818
690 882
690 1266
691 499
691 563
691 627
691 755
691 819
691 883
692 277
692 500
692 564
692 628
692 756
692 820
692 884
693 50
693 501
693 565
693 629
693 757
693 821
693 885
694 7
694 10
694 11
694 12
694 13
694 17
694 28
694 29
694 32
694 37
694 38
694 70
694 71
694 74
694 76
694 77
694 79
694 81
694 86
694 93
694 94
694 96
694 135
694 138
694 140
694 143
694 144
694 145
694 150
694 156
694 157
694 158
694 160
694 164
694 202
694 203
694 205
694 207
694 209
694 214
694 219
694 222
694 226
694 228
694 230
694 246
694 256
694 262
694 270
694 273
694 275
694 285
694 286
694 308
694 310
694 320
694 326
694 327
694 334
694 337
694 342
694 349
694 350
694 390
694 391
694 394
694 396
694 399
694 401
694 406
694 411
694 413
694 414
694 416
694 421
694 448
694 454
694 462
694 465
694 467
694 477
694 502
694 512
694 518
694 519
694 522
694 527
694 541
694 566
694 576
694 582
694 583
694 587
694 588
694 589
694 591
694 598
694 603
694 604
694 605
694 606
694 612
694 630
694 640
694 646
694 647
694 650
694 653
694 655
694 662
694 669
694 670
694 676
694 704
694 711
694 714
694 716
694 734
694 736
694 758
694 770
694 775
694 778
694 779
694 780
694 781
694 790
694 796
694 797
694 798
694 799
694 800
694 801
694 802
694 806
694 822
694 833
694 836
694 839
694 842
694 843
694 844
694 845
694 847
694 854
694 860
694 862
694 864
694 884
694 886
694 896
694 903
694 906
694 907
694 908
694 909
694 911
694 918
694 924
694 932
694 950
694 960
694 967
694 974
694 982
694 989
694 1024
694 1030
694 1031
694 1038
694 1039
694 1041
694 1052
694 1053
694 1054
694 1088
694 1095
694 1103
694 1110
694 1117
694 1118
694 1120
694 1126
694 1152
694 1161
694 1162
694 1163
694 1165
694 1169
694 1174
694 1177
694 1179
694 1181
694 1182
694 1184
694 1188
694 1226
694 1227
694 1231
694 1235
694 1238
694 1244
694 1245
694 1252
694 1271
695 503
695 567
695 631
695 759
695 760
695 823
695 887
695 994
695 1234
696 146
696 504
696 568
696 632
696 760
696 824
696 888
697 24
697 300
697 505
697 569
697 633
697 761
697 825
697 889
698 356
698 506
698 570
698 611
698 625
698 634
698 762
698 826
698 890
699 507
699 570
699 571
699 635
699 763
699 827
699 891
700 377
700 508
700 572
700 636
700 764
700 828
700 892
701 424
701 509
701 573
701 637
701 765
701 829
701 893
701 1085
702 233
702 510
702 574
702 638
702 766
702 830
702 894
703 481
703 511
703 575
703 639
703 767
703 831
703 895
704 0
704 6
704 7
704 11
704 12
704 13
704 14
704 19
704 32
704 38
704 64
704 70
704 71
704 76
704 77
704 78
704 79
704 81
704 83
704 93
704 94
704 96
704 128
704 134
704 135
704 140
704 142
704 145
704 147
704 150
704 156
704 157
704 158
704 164
704 192
704 198
704 199
704 202
704 203
704 205
704 206
704 209
704 214
704 219
704 221
704 222
704 230
704 246
704 256
704 270
704 273
704 275
704 285
704 286
704 320
704 326
704 327
704 334
704 337
704 339
704 350
704 384
704 391
704 396
704 398
704 399
704 401
704 403
704 413
704 414
704 448
704 462
704 465
704 467
704 477
704 512
704 518
704 519
704 526
704 529
704 531
704 541
704 576
704 582
704 587
704 588
704 589
704 590
704 591
704 593
704 595
704 598
704 603
704 605
704 606
704 612
704 640
704 646
704 647
704 654
704 655
704 657
704 659
704 662
704 669
704 670
704 694
704 710
704 711
704 714
704 716
704 718
704 719
704 721
704 723
704 733
704 734
704 768
704 774
704 775
704 778
704 779
704 780
704 781
704 782
704 783
704 785
704 787
704 790
704 796
704 797
704 798
704 799
704 800
704 802
704 806
704 832
704 833
704 838
704 839
704 842
704 844
704 845
704 846
704 847
704 849
704 851
704 854
704 861
704 862
704 896
704 902
704 907
704 908
704 909
704 910
704 911
704 913
704 915
704 918
704 925
704 960
704 966
704 967
704 974
704 977
704 979
704 982
704 989
704 1024
704 1030
704 1031
704 1038
704 1039
704 1041
704 1043
704 1053
704 1054
704 1088
704 1094
704 1095
704 1102
704 1105
704 1107
704 1110
704 1117
704 1152
704 1158
704 1162
704 1163
704 1165
704 1166
704 1169
704 1171
704 1174
704 1181
704 1216
704 1222
704 1223
704 1226
704 1230
704 1231
704 1233
704 1235
704 1238
704 1245
704 1252
705 321
705 513
705 577
705 641
705 739
705 769
705 814
705 833
705 897
706 514
706 578
706 642
706 770
706 834
706 898
706 936
707 515
707 579
707 643
707 731
707 771
707 835
707 899
707 1056
708 516
708 580
708 644
708 772
708 793
708 836
708 900
709 517
709 581
709 645
709 773
709 837
709 901
709 1032
710 0
710 6
710 7
710 12
710 14
710 19
710 32
710 64
710 71
710 78
710 79
710 83
710 93
710 94
710 96
710 128
710 134
710 135
710 140
710 142
710 145
710 147
710 150
710 156
710 157
710 192
710 198
710 199
710 203
710 206
710 209
710 211
710 214
710 221
710 222
710 270
710 273
710 275
710 285
710 327
710 337
710 339
710 384
710 391
710 398
710 401
710 403
710 413
710 467
710 477
710 512
710 518
710 519
710 526
710 529
710 531
710 541
710 576
710 582
710 590
710 593
710 595
710 598
710 605
710 640
710 646
710 647
710 654
710 657
710 659
710 662
710 669
710 704
710 711
710 718
710 719
710 721
710 723
710 733
710 734
710 768
710 774
710 775
710 778
710 780
710 781
710 782
710 783
710 785
710 787
710 790
710 797
710 798
710 799
710 832
710 838
710 845
710 846
710 849
710 851
710 861
710 862
710 896
710 902
710 910
710 913
710 915
710 918
710 925
710 960
710 966
710 974
710 977
710 979
710 989
710 1024
710 1030
710 1038
710 1041
710 1043
710 1054
710 1088
710 1094
710 1102
710 1105
710 1107
710 1117
710 1152
710 1158
710 1162
710 1165
710 1166
710 1169
710 1171
710 1181
710 1216
710 1222
710 1223
710 1230
710 1231
710 1233
710 1235
710 1238
710 1245
711 0
711 6
711 7
711 11
711 12
711 13
711 14
711 19
711 32
711 38
711 64
711 70
711 71
711 76
711 77
711 78
711 79
711 81
711 83
711 93
711 94
711 96
711 128
711 134
711 135
711 140
711 142
711 145
711 147
711 150
711 156
711 157
711 164
711 192
711 198
711 199
711 203
711 205
711 206
711 209
711 211
711 214
711 219
711 221
711 222
711 230
711 256
711 270
711 273
711 275
711 285
711 286
711 320
711 326
711 327
711 334
711 337
711 339
711 350
711 384
711 391
711 398
711 399
711 401
711 403
711 413
711 448
711 462
711 465
711 467
711 477
711 512
711 518
711 519
711 526
711 529
711 531
711 541
711 576
711 582
711 583
711 587
711 588
711 589
711 590
711 591
711 593
711 595
711 598
711 605
711 606
711 640
711 646
711 647
711 654
711 655
711 657
711 659
711 662
711 669
711 694
711 704
711 710
711 714
711 716
711 718
711 719
711 721
711 723
711 733
711 734
711 768
711 774
711 775
711 778
711 780
711 781
711 782
711 783
711 785
711 787
711 790
711 796
711 797
711 798
711 799
711 800
711 802
711 806
711 832
711 838
711 839
711 842
711 844
711 845
711 846
711 847
711 849
711 851
711 854
711 861
711 862
711 896
711 902
711 903
711 908
711 909
711 910
711 913
711 915
711 918
711 925
711 960
711 966
711 974
711 977
711 979
711 982
711 989
711 1024
711 1030
711 1038
711 1041
711 1043
711 1053
711 1054
711 1088
711 1094
711 1102
711 1105
711 1107
711 1110
711 1117
711 1152
711 1158
711 1162
711 1163
711 1165
711 1166
711 1169
711 1171
711 1174
711 1181
711 1216
711 1222
711 1223
711 1226
711 1230
711 1231
711 1233
711 1235
711 1238
711 1245
712 520
712 584
712 648
712 776
712 840
712 904
712 1122
713 9
713 73
713 137
713 201
713 265
713 329
713 393
713 457
713 521
713 581
713 585
713 645
713 649
713 777
713 837
713 841
713 905
713 968
713 1033
713 1097
713 1157
713 1221
714 0
714 7
714 10
714 11
714 12
714 13
714 17
714 28
714 29
714 32
714 37
714 38
714 64
714 70
714 71
714 74
714 76
714 77
714 79
714 81
714 86
714 93
714 94
714 96
714 128
714 134
714 135
714 138
714 140
714 143
714 144
714 145
714 150
714 156
714 157
714 158
714 160
714 164
714 199
714 202
714 203
714 205
714 207
714 209
714 214
714 219
714 221
714 222
714 226
714 230
714 246
714 256
714 262
714 270
714 273
714 275
714 285
714 286
714 310
714 320
714 326
714 327
714 334
714 337
714 339
714 342
714 349
714 350
714 390
714 391
714 394
714 396
714 399
714 401
714 406
714 411
714 413
714 414
714 416
714 421
714 448
714 454
714 462
714 465
714 467
714 477
714 512
714 518
714 519
714 522
714 527
714 541
714 576
714 582
714 583
714 586
714 587
714 588
714 589
714 591
714 593
714 598
714 603
714 604
714 605
714 606
714 612
714 640
714 646
714 647
714 650
714 653
714 655
714 657
714 662
714 669
714 670
714 676
714 694
714 704
714 711
714 716
714 719
714 721
714 734
714 736
714 770
714 775
714 778
714 779
714 780
714 781
714 790
714 796
714 797
714 798
714 799
714 800
714 802
714 806
714 832
714 833
714 836
714 839
714 842
714 843
714 844
714 845
714 847
714 854
714 860
714 862
714 864
714 884
714 896
714 903
714 906
714 907
714 908
714 909
714 911
714 918
714 924
714 932
714 960
714 967
714 974
714 982
714 989
714 1024
714 1030
714 1031
714 1038
714 1039
714 1041
714 1043
714 1052
714 1053
714 1054
714 1088
714 1094
714 1095
714 1102
714 1103
714 1105
714 1110
714 1117
714 1118
714 1120
714 1126
714 1152
714 1161
714 1162
714 1163
714 1165
714 1169
714 1174
714 1177
714 1179
714 1181
714 1182
714 1184
714 1188
714 1216
714 1223
714 1226
714 1231
714 1235
714 1238
714 1244
714 1245
714 1252
715 523
715 587
715 651
715 779
715 843
715 907
715 973
715 1010
716 0
716 6
716 7
716 11
716 12
716 13
716 14
716 17
716 19
716 28
716 32
716 37
716 38
716 64
716 70
716 71
716 74
716 76
716 77
716 79
716 81
716 83
716 93
716 94
716 96
716 128
716 134
716 135
716 138
716 140
716 143
716 144
716 145
716 150
716 156
716 157
716 158
716 160
716 164
716 192
716 198
716 199
716 202
716 203
716 205
716 209
716 214
716 219
716 221
716 222
716 226
716 230
716 246
716 256
716 262
716 270
716 273
716 275
716 285
716 286
716 310
716 320
716 326
716 327
716 334
716 337
716 339
716 342
716 349
716 350
716 384
716 390
716 391
716 394
716 396
716 398
716 399
716 401
716 406
716 413
716 414
716 416
716 421
716 448
716 462
716 465
716 467
716 477
716 512
716 518
716 519
716 522
716 524
716 526
716 527
716 529
716 531
716 541
716 576
716 582
716 583
716 587
716 588
716 589
716 591
716 593
716 598
716 603
716 605
716 606
716 612
716 640
716 646
716 647
716 650
716 652
716 653
716 655
716 657
716 659
716 662
716 669
716 670
716 676
716 694
716 704
716 711
716 714
716 718
716 719
716 721
716 733
716 734
716 736
716 768
716 775
716 778
716 779
716 780
716 781
716 783
716 790
716 796
716 797
716 798
716 799
716 800
716 802
716 806
716 832
716 833
716 839
716 842
716 843
716 844
716 845
716 847
716 854
716 862
716 864
716 884
716 896
716 902
716 903
716 907
716 908
716 909
716 910
716 911
716 913
716 918
716 924
716 932
716 960
716 966
716 967
716 974
716 977
716 979
716 982
716 989
716 1024
716 1030
716 1031
716 1038
716 1039
716 1041
716 1043
716 1052
716 1053
716 1054
716 1088
716 1094
716 1095
716 1102
716 1103
716 1105
716 1110
716 1117
716 1126
716 1152
716 1161
716 1162
716 1163
716 1165
716 1166
716 1169
716 1171
716 1174
716 1177
716 1179
716 1181
716 1182
716 1184
716 1188
716 1216
716 1223
716 1226
716 1230
716 1231
716 1235
716 1238
716 1244
716 1245
716 1252
717 22
717 525
717 589
717 653
717 781
717 845
717 909
717 1101
717 1170
718 0
718 6
718 7
718 12
718 14
718 19
718 32
718 64
718 70
718 71
718 78
718 79
718 83
718 93
718 94
718 96
718 128
718 134
718 135
718 140
718 142
718 145
718 147
718 150
718 156
718 157
718 192
718 198
718 199
718 203
718 206
718 209
718 211
718 214
718 221
718 222
718 230
718 270
718 273
718 275
718 285
718 327
718 337
718 339
718 384
718 391
718 398
718 401
718 403
718 413
718 465
718 467
718 477
718 512
718 518
718 519
718 526
718 529
718 531
718 541
718 576
718 582
718 587
718 590
718 593
718 595
718 598
718 605
718 606
718 640
718 646
718 647
718 654
718 657
718 659
718 662
718 669
718 704
718 710
718 711
718 716
718 719
718 721
718 723
718 733
718 734
718 768
718 774
718 775
718 778
718 780
718 781
718 782
718 783
718 785
718 787
718 790
718 796
718 797
718 798
718 799
718 832
718 838
718 839
718 845
718 846
718 849
718 851
718 861
718 862
718 896
718 902
718 910
718 913
718 915
718 918
718 925
718 960
718 966
718 974
718 977
718 979
718 989
718 1024
718 1030
718 1038
718 1041
718 1043
718 1053
718 1054
718 1088
718 1094
718 1102
718 1105
718 1107
718 1117
718 1152
718 1158
718 1162
718 1165
718 1166
718 1169
718 1171
718 1181
718 1216
718 1222
718 1223
718 1226
718 1230
718 1231
718 1233
718 1235
718 1238
718 1245
719 0
719 6
719 7
719 12
719 13
719 14
719 19
719 32
719 38
719 64
719 70
719 71
719 76
719 77
719 78
719 79
719 81
719 83
719 93
719 94
719 96
719 128
719 134
719 135
719 140
719 142
719 145
719 147
719 150
719 156
719 157
719 164
719 192
719 198
719 199
719 203
719 205
719 206
719 209
719 211
719 214
719 219
719 221
719 222
719 230
719 270
719 273
719 275
719 285
719 286
719 327
719 334
719 337
719 339
719 350
719 384
719 391
719 398
719 401
719 403
719 413
719 448
719 465
719 467
719 477
719 512
719 518
719 519
719 526
719 527
719 529
719 531
719 541
719 576
719 582
719 587
719 588
719 590
719 591
719 593
719 595
719 598
719 605
719 606
719 640
719 646
719 647
719 654
719 655
719 657
719 659
719 662
719 669
719 704
719 710
719 711
719 714
719 716
719 718
719 721
719 723
719 733
719 734
719 768
719 774
719 775
719 778
719 780
719 781
719 782
719 783
719 785
719 787
719 790
719 796
719 797
719 798
719 799
719 800
719 802
719 806
719 832
719 838
719 839
719 842
719 844
719 845
719 846
719 847
719 849
719 851
719 854
719 861
719 862
719 896
719 902
719 908
719 910
719 911
719 913
719 915
719 918
719 925
719 960
719 966
719 974
719 977
719 979
719 982
719 989
719 1024
719 1030
719 1038
719 1041
719 1043
719 1053
719 1054
719 1088
719 1094
719 1102
719 1105
719 1107
719 1110
719 1117
719 1152
719 1158
719 1162
719 1163
719 1165
719 1166
719 1169
719 1171
719 1174
719 1181
719 1216
719 1222
719 1223
719 1226
719 1230
719 1231
719 1233
719 1235
719 1238
719 1245
720 528
720 577
720 592
720 596
720 656
720 784
720 848
720 912
720 1090
721 0
721 6
721 7
721 12
721 13
721 14
721 19
721 32
721 38
721 64
721 70
721 71
721 76
721 78
721 79
721 81
721 83
721 93
721 94
721 96
721 128
721 134
721 135
721 140
721 142
721 145
721 147
721 150
721 156
721 157
721 164
721 192
721 198
721 199
721 203
721 205
721 206
721 209
721 211
721 214
721 219
721 221
721 222
721 230
721 270
721 273
721 275
721 285
721 286
721 327
721 334
721 337
721 339
721 350
721 384
721 391
721 398
721 401
721 403
721 413
721 448
721 465
721 467
721 477
721 512
721 518
721 519
721 526
721 529
721 531
721 541
721 576
721 582
721 587
721 588
721 590
721 593
721 595
721 598
721 605
721 606
721 640
721 646
721 647
721 654
721 657
721 659
721 662
721 669
721 704
721 710
721 711
721 714
721 716
721 718
721 719
721 723
721 733
721 734
721 768
721 774
721 775
721 778
721 780
721 781
721 782
721 783
721 785
721 787
721 790
721 796
721 797
721 798
721 799
721 800
721 802
721 806
721 832
721 838
721 839
721 842
721 844
721 845
721 846
721 847
721 849
721 851
721 854
721 861
721 862
721 896
721 902
721 908
721 910
721 913
721 915
721 918
721 925
721 960
721 966
721 974
721 977
721 979
721 982
721 989
721 1024
721 1030
721 1038
721 1041
721 1043
721 1053
721 1054
721 1088
721 1094
721 1102
721 1105
721 1107
721 1110
721 1117
721 1152
721 1158
721 1162
721 1163
721 1165
721 1166
721 1169
721 1171
721 1174
721 1181
721 1216
721 1222
721 1223
721 1226
721 1230
721 1231
721 1233
721 1235
721 1238
721 1245
722 530
722 594
722 658
722 786
722 850
722 914
722 992
723 0
723 6
723 7
723 12
723 14
723 19
723 32
723 64
723 71
723 78
723 79
723 83
723 93
723 94
723 128
723 134
723 135
723 142
723 145
723 147
723 150
723 157
723 192
723 198
723 199
723 206
723 209
723 211
723 214
723 221
723 222
723 273
723 275
723 327
723 337
723 339
723 384
723 398
723 401
723 403
723 413
723 467
723 477
723 512
723 518
723 519
723 526
723 529
723 531
723 541
723 576
723 582
723 590
723 593
723 595
723 605
723 640
723 647
723 654
723 657
723 659
723 669
723 704
723 710
723 711
723 718
723 719
723 721
723 733
723 734
723 768
723 774
723 775
723 778
723 780
723 781
723 782
723 783
723 785
723 787
723 797
723 798
723 799
723 832
723 838
723 845
723 846
723 849
723 851
723 861
723 862
723 902
723 910
723 913
723 915
723 918
723 925
723 960
723 966
723 974
723 977
723 979
723 989
723 1024
723 1030
723 1038
723 1041
723 1043
723 1054
723 1088
723 1094
723 1102
723 1105
723 1107
723 1117
723 1152
723 1158
723 1162
723 1165
723 1166
723 1169
723 1171
723 1181
723 1216
723 1222
723 1223
723 1230
723 1233
723 1235
723 1245
724 532
724 596
724 660
724 788
724 852
724 916
725 41
725 215
725 236
725 498
725 533
725 597
725 661
725 789
725 853
725 917
725 1005
726 15
726 75
726 139
726 155
726 223
726 228
726 263
726 308
726 395
726 455
726 534
726 580
726 586
726 598
726 608
726 610
726 662
726 740
726 754
726 772
726 790
726 801
726 820
726 848
726 854
726 886
726 918
726 940
726 950
726 971
726 1051
726 1099
726 1116
726 1124
726 1153
726 1164
726 1167
726 1202
726 1227
726 1229
726 1271
727 535
727 599
727 663
727 791
727 855
727 919
728 536
728 600
728 609
728 664
728 792
728 856
728 920
729 537
729 601
729 665
729 793
729 794
729 857
729 921
729 1027
730 538
730 602
730 666
730 794
730 858
730 922
731 539
731 603
731 667
731 707
731 795
731 859
731 923
731 1056
732 540
732 604
732 668
732 796
732 860
732 924
733 0
733 6
733 7
733 12
733 14
733 19
733 32
733 64
733 70
733 71
733 78
733 79
733 83
733 93
733 94
733 96
733 128
733 134
733 135
733 140
733 142
733 145
733 147
733 150
733 156
733 157
733 192
733 198
733 199
733 203
733 206
733 209
733 211
733 214
733 221
733 222
733 230
733 270
733 273
733 275
733 285
733 327
733 337
733 339
733 384
733 391
733 398
733 401
733 403
733 413
733 465
733 467
733 477
733 512
733 518
733 519
733 526
733 529
733 531
733 541
733 576
733 582
733 587
733 590
733 593
733 595
733 598
733 605
733 606
733 640
733 646
733 647
733 654
733 657
733 659
733 662
733 669
733 704
733 710
733 711
733 716
733 718
733 719
733 721
733 723
733 734
733 768
733 774
733 775
733 778
733 780
733 781
733 782
733 783
733 785
733 787
733 790
733 796
733 797
733 798
733 799
733 832
733 838
733 839
733 845
733 846
733 849
733 851
733 861
733 862
733 896
733 902
733 910
733 913
733 915
733 918
733 925
733 960
733 966
733 974
733 977
733 979
733 989
733 1024
733 1030
733 1038
733 1041
733 1043
733 1053
733 1054
733 1088
733 1094
733 1102
733 1105
733 1107
733 1117
733 1152
733 1158
733 1162
733 1165
733 1166
733 1169
733 1171
733 1181
733 1216
733 1222
733 1223
733 1226
733 1230
733 1231
733 1233
733 1235
733 1238
733 1245
734 0
734 6
734 7
734 11
734 12
734 13
734 14
734 19
734 32
734 38
734 64
734 70
734 71
734 76
734 77
734 78
734 79
734 81
734 83
734 93
734 94
734 96
734 128
734 134
734 135
734 138
734 140
734 145
734 147
734 150
734 156
734 157
734 158
734 160
734 164
734 192
734 198
734 199
734 202
734 203
734 205
734 206
734 209
734 214
734 219
734 221
734 222
734 230
734 246
734 256
734 262
734 270
734 273
734 275
734 285
734 286
734 320
734 326
734 327
734 334
734 337
734 339
734 349
734 350
734 384
734 390
734 391
734 396
734 398
734 399
734 401
734 403
734 413
734 414
734 448
734 462
734 465
734 467
734 477
734 512
734 518
734 519
734 526
734 529
734 531
734 541
734 542
734 576
734 582
734 587
734 588
734 589
734 590
734 591
734 593
734 595
734 598
734 603
734 605
734 606
734 612
734 640
734 646
734 647
734 654
734 655
734 657
734 659
734 662
734 669
734 670
734 694
734 704
734 710
734 711
734 714
734 716
734 718
734 719
734 721
734 723
734 733
734 768
734 774
734 775
734 778
734 779
734 780
734 781
734 782
734 783
734 785
734 787
734 790
734 796
734 797
734 798
734 799
734 800
734 802
734 806
734 832
734 833
734 838
734 839
734 842
734 843
734 844
734 845
734 846
734 847
734 849
734 851
734 854
734 861
734 862
734 864
734 896
734 902
734 903
734 907
734 908
734 909
734 910
734 911
734 913
734 915
734 918
734 924
734 925
734 926
734 960
734 966
734 967
734 974
734 977
734 979
734 982
734 989
734 1024
734 1030
734 1031
734 1038
734 1039
734 1041
734 1043
734 1053
734 1054
734 1088
734 1094
734 1095
734 1102
734 1105
734 1107
734 1110
734 1117
734 1152
734 1158
734 1162
734 1163
734 1165
734 1166
734 1169
734 1171
734 1174
734 1181
734 1184
734 1188
734 1216
734 1222
734 1223
734 1226
734 1230
734 1231
734 1233
734 1235
734 1238
734 1244
734 1245
734 1252
735 543
735 607
735 671
735 799
735 863
735 927
736 7
736 10
736 11
736 12
736 13
736 15
736 17
736 28
736 29
736 32
736 37
736 38
736 70
736 71
736 74
736 75
736 76
736 77
736 79
736 81
736 86
736 93
736 94
736 96
736 135
736 138
736 139
736 140
736 143
736 144
736 150
736 155
736 156
736 158
736 160
736 164
736 202
736 203
736 205
736 207
736 219
736 223
736 226
736 228
736 230
736 246
736 256
736 262
736 270
736 273
736 275
736 285
736 286
736 308
736 310
736 320
736 326
736 334
736 342
736 349
736 350
736 390
736 391
736 394
736 395
736 396
736 399
736 406
736 411
736 414
736 416
736 421
736 448
736 454
736 462
736 465
736 467
736 518
736 519
736 522
736 527
736 541
736 544
736 583
736 586
736 587
736 588
736 589
736 591
736 598
736 603
736 604
736 605
736 606
736 608
736 612
736 640
736 646
736 647
736 650
736 653
736 655
736 662
736 670
736 672
736 676
736 694
736 714
736 716
736 770
736 779
736 781
736 790
736 796
736 799
736 800
736 801
736 802
736 806
736 833
736 836
736 839
736 842
736 843
736 844
736 847
736 854
736 860
736 864
736 884
736 896
736 903
736 906
736 907
736 908
736 909
736 911
736 918
736 924
736 928
736 932
736 950
736 967
736 982
736 989
736 1024
736 1031
736 1039
736 1052
736 1053
736 1054
736 1095
736 1103
736 1110
736 1118
736 1120
736 1126
736 1152
736 1153
736 1161
736 1162
736 1163
736 1167
736 1174
736 1177
736 1179
736 1182
736 1184
736 1188
736 1202
736 1226
736 1227
736 1231
736 1235
736 1238
736 1244
736 1252
736 1271
737 54
737 545
737 609
737 673
737 771
737 801
737 865
737 929
738 102
738 546
738 610
738 674
738 802
738 866
738 930
739 321
739 547
739 611
739 675
739 705
739 803
739 814
739 867
739 931
740 385
740 548
740 610
740 612
740 626
740 676
740 726
740 754
740 804
740 868
740 886
740 932
740 940
740 971
740 1051
740 1099
740 1250
741 549
741 613
741 677
741 805
741 869
741 933
741 1034
741 1217
742 550
742 614
742 678
742 806
742 870
742 934
743 551
743 615
743 679
743 807
743 867
743 871
743 935
744 21
744 552
744 616
744 680
744 808
744 872
744 936
744 1044
745 99
745 553
745 617
745 681
745 809
745 873
745 937
746 235
746 554
746 618
746 682
746 810
746 874
746 938
746 1242
747 51
747 354
747 460
747 555
747 619
747 631
747 683
747 811
747 875
747 939
747 1063
748 423
748 556
748 620
748 684
748 812
748 876
748 940
749 101
749 370
749 557
749 621
749 685
749 813
749 877
749 941
750 392
750 558
750 622
750 686
750 814
750 878
750 942
750 999
751 559
751 623
751 687
751 815
751 879
751 943
751 949
751 1263
752 560
752 624
752 688
752 816
752 880
752 944
752 1112
752 1258
753 351
753 561
753 625
753 689
753 817
753 881
753 945
753 1275
754 15
754 75
754 139
754 155
754 223
754 228
754 263
754 308
754 395
754 455
754 562
754 580
754 586
754 608
754 610
754 626
754 690
754 726
754 740
754 772
754 801
754 818
754 820
754 848
754 882
754 886
754 940
754 946
754 971
754 1051
754 1099
754 1116
754 1124
754 1153
754 1164
754 1167
754 1202
754 1227
754 1229
754 1271
755 49
755 62
755 563
755 617
755 627
755 691
755 819
755 883
755 947
756 3
756 564
756 628
756 692
756 820
756 884
756 948
757 565
757 629
757 693
757 821
757 885
757 949
758 566
758 630
758 694
758 808
758 822
758 863
758 886
758 950
759 567
759 631
759 695
759 823
759 887
759 951
760 568
760 632
760 695
760 696
760 824
760 888
760 952
760 994
760 1234
761 569
761 633
761 684
761 697
761 825
761 889
761 953
762 570
762 634
762 689
762 698
762 826
762 890
762 954
762 1019
763 571
763 635
763 699
763 827
763 891
763 955
764 42
764 572
764 636
764 700
764 767
764 828
764 892
764 956
765 505
765 573
765 637
765 701
765 829
765 893
765 957
766 500
766 574
766 638
766 702
766 830
766 856
766 894
766 958
766 1121
767 42
767 575
767 639
767 703
767 764
767 831
767 895
767 959
768 0
768 6
768 7
768 12
768 14
768 19
768 32
768 64
768 71
768 78
768 79
768 83
768 93
768 94
768 96
768 128
768 134
768 135
768 140
768 142
768 145
768 147
768 150
768 156
768 157
768 192
768 198
768 199
768 203
768 206
768 209
768 211
768 214
768 221
768 222
768 270
768 273
768 275
768 285
768 327
768 337
768 339
768 384
768 391
768 398
768 401
768 403
768 413
768 465
768 467
768 477
768 512
768 518
768 519
768 526
768 529
768 531
768 541
768 576
768 582
768 590
768 593
768 595
768 598
768 605
768 606
768 640
768 646
768 647
768 654
768 657
768 659
768 662
768 669
768 704
768 710
768 711
768 716
768 718
768 719
768 721
768 723
768 733
768 734
768 774
768 775
768 778
768 780
768 781
768 782
768 783
768 785
768 787
768 790
768 797
768 798
768 799
768 832
768 838
768 839
768 845
768 846
768 849
768 851
768 861
768 862
768 896
768 902
768 910
768 913
768 915
768 918
768 925
768 960
768 966
768 974
768 977
768 979
768 989
768 1024
768 1030
768 1038
768 1041
768 1043
768 1054
768 1088
768 1094
768 1102
768 1105
768 1107
768 1117
768 1152
768 1158
768 1162
768 1165
768 1166
768 1169
768 1171
768 1181
768 1216
768 1222
768 1223
768 1230
768 1231
768 1233
768 1235
768 1238
768 1245
769 577
769 641
769 705
769 773
769 833
769 897
769 961
770 10
770 11
770 13
770 15
770 17
770 28
770 29
770 37
770 38
770 70
770 74
770 75
770 76
770 77
770 81
770 86
770 138
770 139
770 143
770 144
770 155
770 158
770 160
770 164
770 202
770 205
770 207
770 219
770 223
770 226
770 228
770 230
770 246
770 256
770 262
770 263
770 286
770 308
770 310
770 320
770 326
770 334
770 342
770 349
770 350
770 390
770 394
770 395
770 396
770 399
770 406
770 411
770 414
770 416
770 421
770 448
770 454
770 455
770 462
770 522
770 527
770 578
770 580
770 583
770 586
770 587
770 588
770 589
770 591
770 603
770 604
770 606
770 608
770 612
770 642
770 650
770 653
770 655
770 670
770 676
770 694
770 706
770 714
770 736
770 772
770 779
770 796
770 800
770 801
770 802
770 806
770 820
770 833
770 834
770 836
770 842
770 843
770 844
770 847
770 848
770 854
770 860
770 864
770 884
770 898
770 903
770 906
770 907
770 908
770 909
770 911
770 924
770 932
770 950
770 962
770 967
770 982
770 1031
770 1039
770 1052
770 1053
770 1095
770 1103
770 1110
770 1116
770 1118
770 1120
770 1124
770 1126
770 1153
770 1161
770 1163
770 1164
770 1167
770 1174
770 1177
770 1179
770 1182
770 1184
770 1188
770 1202
770 1226
770 1227
770 1229
770 1244
770 1252
770 1271
771 54
771 579
771 643
771 707
771 737
771 835
771 899
771 963
772 10
772 15
772 29
772 75
772 86
772 139
772 155
772 207
772 223
772 226
772 228
772 263
772 308
772 310
772 342
772 395
772 406
772 411
772 454
772 455
772 580
772 586
772 604
772 608
772 644
772 676
772 708
772 726
772 754
772 770
772 801
772 820
772 836
772 848
772 860
772 886
772 900
772 906
772 950
772 964
772 971
772 1051
772 1099
772 1116
772 1118
772 1120
772 1124
772 1153
772 1164
772 1167
772 1202
772 1227
772 1229
772 1271
773 581
773 645
773 709
773 769
773 837
773 901
773 965
774 0
774 6
774 14
774 19
774 64
774 78
774 83
774 128
774 134
774 142
774 145
774 147
774 157
774 192
774 198
774 199
774 206
774 209
774 211
774 214
774 221
774 222
774 275
774 327
774 337
774 339
774 384
774 398
774 401
774 403
774 413
774 477
774 512
774 526
774 529
774 531
774 576
774 582
774 590
774 593
774 595
774 605
774 640
774 646
774 654
774 657
774 659
774 669
774 704
774 710
774 711
774 718
774 719
774 721
774 723
774 733
774 734
774 768
774 775
774 778
774 780
774 782
774 783
774 785
774 787
774 797
774 798
774 832
774 838
774 845
774 846
774 849
774 851
774 861
774 862
774 902
774 910
774 913
774 915
774 925
774 960
774 966
774 974
774 977
774 979
774 1030
774 1038
774 1041
774 1043
774 1054
774 1088
774 1094
774 1102
774 1105
774 1107
774 1117
774 1158
774 1162
774 1165
774 1166
774 1169
774 1171
774 1181
774 1216
774 1222
774 1223
774 1230
774 1233
774 1235
774 1245
775 0
775 6
775 7
775 11
775 12
775 13
775 14
775 19
775 32
775 38
775 64
775 70
775 71
775 76
775 77
775 78
775 79
775 81
775 83
775 93
775 94
775 96
775 128
775 134
775 135
775 138
775 140
775 145
775 147
775 150
775 156
775 157
775 158
775 160
775 164
775 192
775 198
775 199
775 202
775 203
775 205
775 206
775 209
775 214
775 219
775 221
775 222
775 230
775 246
775 256
775 262
775 270
775 273
775 275
775 285
775 286
775 320
775 326
775 327
775 334
775 337
775 339
775 349
775 350
775 384
775 390
775 391
775 396
775 398
775 399
775 401
775 403
775 413
775 414
775 448
775 462
775 465
775 467
775 477
775 512
775 518
775 519
775 526
775 529
775 531
775 541
775 576
775 582
775 583
775 587
775 588
775 589
775 590
775 591
775 593
775 595
775 598
775 603
775 605
775 606
775 612
775 640
775 646
775 647
775 654
775 655
775 657
775 659
775 662
775 669
775 670
775 694
775 704
775 710
775 711
775 714
775 716
775 718
775 719
775 721
775 723
775 733
775 734
775 768
775 774
775 778
775 779
775 780
775 781
775 782
775 783
775 785
775 787
775 790
775 796
775 797
775 798
775 799
775 800
775 802
775 806
775 832
775 833
775 838
775 839
775 842
775 843
775 844
775 845
775 846
775 847
775 849
775 851
775 854
775 861
775 862
775 864
775 896
775 902
775 903
775 907
775 908
775 909
775 910
775 911
775 913
775 915
775 918
775 924
775 925
775 960
775 966
775 967
775 974
775 977
775 979
775 982
775 989
775 1024
775 1030
775 1031
775 1038
775 1039
775 1041
775 1043
775 1053
775 1054
775 1088
775 1094
775 1095
775 1102
775 1105
775 1107
775 1110
775 1117
775 1152
775 1158
775 1162
775 1163
775 1165
775 1166
775 1169
775 1171
775 1174
775 1181
775 1184
775 1188
775 1216
775 1222
775 1223
775 1226
775 1230
775 1231
775 1233
775 1235
775 1238
775 1244
775 1245
775 1252
776 484
776 584
776 648
776 712
776 840
776 904
776 968
777 9
777 73
777 137
777 201
777 265
777 329
777 393
777 457
777 521
777 581
777 585
777 645
777 649
777 713
777 837
777 841
777 905
777 968
777 969
777 1033
777 1097
777 1157
777 1221
778 0
778 6
778 7
778 11
778 12
778 13
778 14
778 19
778 32
778 38
778 64
778 70
778 71
778 76
778 77
778 78
778 79
778 81
778 83
778 93
778 94
778 96
778 128
778 134
778 135
778 138
778 140
778 145
778 147
778 150
778 156
778 157
778 158
778 160
778 164
778 192
778 198
778 199
778 202
778 203
778 205
778 206
778 209
778 214
778 219
778 221
778 222
778 230
778 246
778 256
778 262
778 270
778 273
778 275
778 285
778 286
778 320
778 326
778 327
778 334
778 337
778 339
778 349
778 350
778 384
778 390
778 391
778 396
778 398
778 399
778 401
778 403
778 413
778 414
778 448
778 462
778 465
778 467
778 477
778 512
778 518
778 519
778 526
778 529
778 531
778 541
778 576
778 582
778 583
778 586
778 587
778 588
778 589
778 590
778 591
778 593
778 595
778 598
778 603
778 605
778 606
778 612
778 640
778 646
778 647
778 650
778 654
778 655
778 657
778 659
778 662
778 669
778 670
778 694
778 704
778 710
778 711
778 714
778 716
778 718
778 719
778 721
778 723
778 733
778 734
778 768
778 774
778 775
778 779
778 780
778 781
778 782
778 783
778 785
778 787
778 790
778 796
778 797
778 798
778 799
778 800
778 802
778 806
778 832
778 833
778 838
778 839
778 842
778 843
778 844
778 845
778 846
778 847
778 849
778 851
778 854
778 861
778 862
778 864
778 896
778 902
778 903
778 906
778 907
778 908
778 909
778 910
778 911
778 913
778 915
778 918
778 924
778 925
778 960
778 966
778 967
778 970
778 974
778 977
778 979
778 982
778 989
778 1024
778 1030
778 1031
778 1038
778 1039
778 1041
778 1043
778 1053
778 1054
778 1088
778 1094
778 1095
778 1102
778 1105
778 1107
778 1110
778 1117
778 1152
778 1158
778 1162
778 1163
778 1165
778 1166
778 1169
778 1171
778 1174
778 1181
778 1184
778 1188
778 1216
778 1222
778 1223
778 1226
778 1230
778 1231
778 1233
778 1235
778 1238
778 1244
778 1245
778 1252
779 7
779 10
779 11
779 12
779 13
779 17
779 28
779 29
779 32
779 37
779 38
779 70
779 71
779 74
779 76
779 77
779 79
779 81
779 86
779 93
779 94
779 96
779 135
779 138
779 139
779 140
779 143
779 144
779 145
779 150
779 156
779 157
779 158
779 160
779 164
779 202
779 203
779 205
779 207
779 214
779 219
779 226
779 228
779 230
779 246
779 256
779 262
779 270
779 273
779 275
779 285
779 286
779 308
779 310
779 320
779 326
779 327
779 334
779 342
779 349
779 350
779 390
779 391
779 394
779 395
779 396
779 399
779 401
779 406
779 411
779 413
779 414
779 416
779 421
779 448
779 454
779 462
779 465
779 467
779 477
779 512
779 518
779 519
779 522
779 527
779 541
779 576
779 582
779 583
779 587
779 588
779 589
779 591
779 598
779 603
779 604
779 605
779 606
779 612
779 640
779 646
779 647
779 650
779 651
779 653
779 655
779 662
779 669
779 670
779 676
779 694
779 704
779 714
779 715
779 716
779 734
779 736
779 770
779 775
779 778
779 780
779 781
779 790
779 796
779 797
779 798
779 799
779 800
779 801
779 802
779 806
779 833
779 836
779 839
779 842
779 843
779 844
779 845
779 847
779 854
779 860
779 862
779 864
779 884
779 896
779 903
779 906
779 907
779 908
779 909
779 911
779 918
779 924
779 932
779 950
779 960
779 967
779 971
779 982
779 989
779 1024
779 1030
779 1031
779 1039
779 1041
779 1052
779 1053
779 1054
779 1095
779 1103
779 1110
779 1117
779 1118
779 1120
779 1126
779 1152
779 1161
779 1162
779 1163
779 1165
779 1174
779 1177
779 1179
779 1181
779 1182
779 1184
779 1188
779 1226
779 1227
779 1231
779 1235
779 1238
779 1244
779 1252
779 1271
780 0
780 6
780 7
780 11
780 12
780 13
780 14
780 19
780 32
780 38
780 64
780 70
780 71
780 76
780 77
780 78
780 79
780 81
780 83
780 93
780 94
780 96
780 128
780 134
780 135
780 138
780 140
780 145
780 147
780 150
780 156
780 157
780 158
780 164
780 192
780 198
780 199
780 202
780 203
780 205
780 206
780 209
780 214
780 219
780 221
780 222
780 230
780 246
780 256
780 262
780 270
780 273
780 275
780 285
780 286
780 320
780 326
780 327
780 334
780 337
780 339
780 349
780 350
780 384
780 390
780 391
780 396
780 398
780 399
780 401
780 403
780 413
780 414
780 448
780 462
780 465
780 467
780 477
780 512
780 518
780 519
780 526
780 529
780 531
780 541
780 576
780 582
780 587
780 588
780 589
780 590
780 591
780 593
780 595
780 598
780 603
780 605
780 606
780 612
780 640
780 646
780 647
780 652
780 654
780 655
780 657
780 659
780 662
780 669
780 670
780 694
780 704
780 710
780 711
780 714
780 716
780 718
780 719
780 721
780 723
780 733
780 734
780 768
780 774
780 775
780 778
780 779
780 781
780 782
780 783
780 785
780 787
780 790
780 796
780 797
780 798
780 799
780 800
780 802
780 806
780 832
780 833
780 838
780 839
780 842
780 843
780 844
780 845
780 846
780 847
780 849
780 851
780 854
780 861
780 862
780 864
780 896
780 902
780 903
780 907
780 908
780 909
780 910
780 911
780 913
780 915
780 918
780 924
780 925
780 960
780 966
780 967
780 972
780 974
780 977
780 979
780 982
780 989
780 1024
780 1030
780 1031
780 1038
780 1039
780 1041
780 1043
780 1053
780 1054
780 1088
780 1094
780 1095
780 1102
780 1105
780 1107
780 1110
780 1117
780 1152
780 1158
780 1162
780 1163
780 1165
780 1166
780 1169
780 1171
780 1174
780 1181
780 1184
780 1188
780 1216
780 1222
780 1223
780 1226
780 1230
780 1231
780 1233
780 1235
780 1238
780 1244
780 1245
780 1252
781 0
781 6
781 7
781 11
781 12
781 13
781 14
781 19
781 32
781 38
781 64
781 70
781 71
781 76
781 77
781 78
781 79
781 81
781 83
781 93
781 94
781 96
781 128
781 134
781 135
781 138
781 140
781 144
781 145
781 147
781 150
781 156
781 157
781 158
781 160
781 164
781 192
781 198
781 199
781 202
781 203
781 205
781 206
781 209
781 214
781 219
781 221
781 222
781 230
781 246
781 256
781 262
781 270
781 273
781 275
781 285
781 286
781 320
781 326
781 327
781 334
781 337
781 339
781 349
781 350
781 384
781 390
781 391
781 394
781 396
781 398
781 399
781 401
781 403
781 413
781 414
781 448
781 462
781 465
781 467
781 477
781 512
781 518
781 519
781 526
781 529
781 531
781 541
781 576
781 582
781 583
781 587
781 588
781 589
781 590
781 591
781 593
781 595
781 598
781 603
781 605
781 606
781 612
781 640
781 646
781 647
781 650
781 653
781 654
781 655
781 657
781 659
781 662
781 669
781 670
781 694
781 704
781 710
781 711
781 714
781 716
781 717
781 718
781 719
781 721
781 723
781 733
781 734
781 736
781 768
781 775
781 778
781 779
781 780
781 783
781 785
781 787
781 790
781 796
781 797
781 798
781 799
781 800
781 802
781 806
781 832
781 833
781 838
781 839
781 842
781 843
781 844
781 845
781 846
781 847
781 849
781 851
781 854
781 861
781 862
781 864
781 896
781 902
781 903
781 907
781 908
781 909
781 910
781 911
781 913
781 915
781 918
781 924
781 925
781 932
781 960
781 966
781 967
781 973
781 974
781 977
781 979
781 982
781 989
781 1024
781 1030
781 1031
781 1038
781 1039
781 1041
781 1043
781 1053
781 1054
781 1088
781 1094
781 1095
781 1102
781 1105
781 1107
781 1110
781 1117
781 1126
781 1152
781 1158
781 1161
781 1162
781 1163
781 1165
781 1166
781 1169
781 1171
781 1174
781 1181
781 1184
781 1188
781 1216
781 1222
781 1223
781 1226
781 1230
781 1231
781 1233
781 1235
781 1238
781 1244
781 1245
781 1252
782 0
782 6
782 14
782 19
782 64
782 78
782 83
782 128
782 134
782 142
782 145
782 147
782 157
782 192
782 198
782 199
782 206
782 209
782 211
782 214
782 221
782 222
782 275
782 327
782 337
782 339
782 384
782 398
782 401
782 403
782 413
782 477
782 512
782 526
782 529
782 531
782 576
782 582
782 590
782 593
782 595
782 605
782 640
782 654
782 657
782 659
782 669
782 704
782 710
782 711
782 718
782 719
782 721
782 723
782 733
782 734
782 768
782 774
782 775
782 778
782 780
782 783
782 785
782 787
782 797
782 798
782 832
782 838
782 845
782 846
782 849
782 851
782 861
782 862
782 902
782 910
782 913
782 915
782 925
782 960
782 966
782 974
782 977
782 979
782 1030
782 1038
782 1041
782 1043
782 1054
782 1088
782 1094
782 1102
782 1105
782 1107
782 1117
782 1158
782 1165
782 1166
782 1169
782 1171
782 1181
782 1216
782 1222
782 1223
782 1230
782 1233
782 1235
782 1245
783 0
783 6
783 7
783 12
783 13
783 14
783 19
783 32
783 64
783 70
783 71
783 76
783 78
783 79
783 81
783 83
783 93
783 94
783 96
783 128
783 134
783 135
783 140
783 142
783 145
783 147
783 150
783 156
783 157
783 164
783 192
783 198
783 199
783 203
783 205
783 206
783 209
783 211
783 214
783 221
783 222
783 230
783 270
783 273
783 275
783 285
783 286
783 327
783 334
783 337
783 339
783 350
783 384
783 391
783 398
783 401
783 403
783 413
783 448
783 465
783 467
783 477
783 512
783 518
783 519
783 526
783 529
783 531
783 541
783 576
783 582
783 587
783 590
783 591
783 593
783 595
783 598
783 605
783 606
783 640
783 646
783 647
783 654
783 655
783 657
783 659
783 662
783 669
783 704
783 710
783 711
783 716
783 718
783 719
783 721
783 723
783 733
783 734
783 768
783 774
783 775
783 778
783 780
783 781
783 782
783 785
783 787
783 790
783 796
783 797
783 798
783 799
783 802
783 832
783 838
783 839
783 842
783 844
783 845
783 846
783 847
783 849
783 851
783 854
783 861
783 862
783 896
783 902
783 910
783 911
783 913
783 915
783 918
783 925
783 960
783 966
783 974
783 975
783 977
783 979
783 989
783 1024
783 1030
783 1038
783 1041
783 1043
783 1053
783 1054
783 1088
783 1094
783 1102
783 1105
783 1107
783 1110
783 1117
783 1152
783 1158
783 1162
783 1165
783 1166
783 1169
783 1171
783 1174
783 1181
783 1216
783 1222
783 1223
783 1226
783 1230
783 1231
783 1233
783 1235
783 1238
783 1245
784 244
784 592
784 656
784 720
784 848
784 912
784 976
785 0
785 6
785 7
785 14
785 19
785 64
785 71
785 78
785 83
785 94
785 128
785 134
785 135
785 142
785 145
785 147
785 150
785 157
785 192
785 198
785 199
785 206
785 209
785 211
785 214
785 221
785 222
785 273
785 275
785 327
785 337
785 339
785 384
785 398
785 401
785 403
785 413
785 477
785 512
785 526
785 529
785 531
785 541
785 576
785 582
785 590
785 593
785 595
785 605
785 640
785 654
785 657
785 659
785 669
785 704
785 710
785 711
785 718
785 719
785 721
785 723
785 733
785 734
785 768
785 774
785 775
785 778
785 780
785 781
785 782
785 783
785 787
785 797
785 798
785 832
785 838
785 845
785 846
785 849
785 851
785 861
785 862
785 902
785 910
785 913
785 915
785 925
785 960
785 966
785 974
785 977
785 979
785 989
785 1030
785 1038
785 1041
785 1043
785 1054
785 1088
785 1094
785 1102
785 1105
785 1107
785 1117
785 1152
785 1158
785 1162
785 1165
785 1166
785 1169
785 1171
785 1181
785 1216
785 1222
785 1223
785 1230
785 1233
785 1235
785 1245
786 165
786 594
786 658
786 722
786 850
786 882
786 914
786 978
786 996
787 0
787 6
787 7
787 12
787 14
787 19
787 32
787 64
787 71
787 78
787 79
787 83
787 93
787 94
787 96
787 128
787 134
787 135
787 142
787 145
787 147
787 150
787 157
787 192
787 198
787 199
787 203
787 206
787 209
787 211
787 214
787 221
787 222
787 270
787 273
787 275
787 327
787 337
787 339
787 384
787 398
787 401
787 403
787 413
787 467
787 477
787 512
787 518
787 519
787 526
787 529
787 531
787 541
787 576
787 582
787 590
787 593
787 595
787 605
787 640
787 647
787 654
787 657
787 659
787 662
787 669
787 704
787 710
787 711
787 718
787 719
787 721
787 723
787 733
787 734
787 768
787 774
787 775
787 778
787 780
787 781
787 782
787 783
787 785
787 797
787 798
787 799
787 832
787 838
787 845
787 846
787 849
787 851
787 861
787 862
787 896
787 902
787 910
787 913
787 915
787 918
787 925
787 960
787 966
787 974
787 977
787 979
787 989
787 1024
787 1030
787 1038
787 1041
787 1043
787 1054
787 1088
787 1094
787 1102
787 1105
787 1107
787 1117
787 1152
787 1158
787 1162
787 1165
787 1166
787 1169
787 1171
787 1181
787 1216
787 1222
787 1223
787 1230
787 1233
787 1235
787 1238
787 1245
788 229
788 596
788 660
788 724
788 803
788 852
788 916
788 980
789 597
789 661
789 725
789 853
789 917
789 981
789 1061
790 0
790 6
790 7
790 11
790 12
790 13
790 14
790 17
790 19
790 28
790 32
790 37
790 38
790 64
790 70
790 71
790 74
790 76
790 77
790 79
790 81
790 83
790 93
790 94
790 96
790 128
790 134
790 135
790 138
790 140
790 143
790 144
790 145
790 150
790 156
790 157
790 158
790 160
790 164
790 192
790 198
790 199
790 202
790 203
790 205
790 209
790 214
790 219
790 221
790 222
790 230
790 246
790 256
790 262
790 270
790 273
790 275
790 285
790 286
790 310
790 320
790 326
790 327
790 334
790 337
790 339
790 349
790 350
790 384
790 390
790 391
790 394
790 396
790 398
790 399
790 401
790 406
790 413
790 414
790 416
790 421
790 448
790 462
790 465
790 467
790 477
790 512
790 518
790 519
790 522
790 526
790 527
790 529
790 531
790 541
790 576
790 582
790 583
790 587
790 588
790 589
790 591
790 593
790 595
790 598
790 603
790 605
790 606
790 612
790 640
790 646
790 647
790 650
790 653
790 654
790 655
790 657
790 659
790 662
790 669
790 670
790 676
790 694
790 704
790 710
790 711
790 714
790 716
790 718
790 719
790 721
790 726
790 733
790 734
790 736
790 768
790 775
790 778
790 779
790 780
790 781
790 783
790 796
790 797
790 798
790 799
790 800
790 802
790 806
790 832
790 833
790 838
790 839
790 842
790 843
790 844
790 845
790 847
790 854
790 861
790 862
790 864
790 884
790 896
790 902
790 903
790 907
790 908
790 909
790 910
790 911
790 913
790 915
790 918
790 924
790 932
790 960
790 966
790 967
790 974
790 977
790 979
790 982
790 989
790 1024
790 1030
790 1031
790 1038
790 1039
790 1041
790 1043
790 1052
790 1053
790 1054
790 1088
790 1094
790 1095
790 1102
790 1103
790 1105
790 1110
790 1117
790 1126
790 1152
790 1161
790 1162
790 1163
790 1165
790 1166
790 1169
790 1171
790 1174
790 1177
790 1179
790 1181
790 1182
790 1184
790 1188
790 1216
790 1223
790 1226
790 1230
790 1231
790 1233
790 1235
790 1238
790 1244
790 1245
790 1252
791 55
791 599
791 663
791 727
791 855
791 919
791 983
792 469
792 600
792 663
792 664
792 728
792 856
792 920
792 984
793 601
793 665
793 708
793 729
793 857
793 921
793 985
794 602
794 666
794 729
794 730
794 858
794 922
794 986
794 1027
795 247
795 295
795 603
795 667
795 731
795 859
795 923
795 987
796 0
796 6
796 7
796 11
796 12
796 13
796 14
796 17
796 28
796 32
796 37
796 38
796 64
796 70
796 71
796 74
796 76
796 77
796 79
796 81
796 83
796 93
796 94
796 96
796 128
796 134
796 135
796 138
796 140
796 143
796 144
796 145
796 150
796 156
796 157
796 158
796 160
796 164
796 198
796 199
796 202
796 203
796 205
796 209
796 214
796 219
796 221
796 222
796 226
796 230
796 246
796 256
796 262
796 270
796 273
796 275
796 285
796 286
796 310
796 320
796 326
796 327
796 334
796 337
796 339
796 342
796 349
796 350
796 384
796 390
796 391
796 394
796 396
796 398
796 399
796 401
796 406
796 411
796 413
796 414
796 416
796 421
796 448
796 454
796 462
796 465
796 467
796 477
796 512
796 518
796 519
796 522
796 526
796 527
796 529
796 531
796 541
796 576
796 582
796 583
796 587
796 588
796 589
796 591
796 593
796 598
796 603
796 604
796 605
796 606
796 612
796 640
796 646
796 647
796 650
796 653
796 655
796 657
796 659
796 662
796 668
796 669
796 670
796 676
796 694
796 704
796 711
796 714
796 716
796 718
796 719
796 721
796 732
796 733
796 734
796 736
796 770
796 775
796 778
796 779
796 780
796 781
796 783
796 790
796 797
796 798
796 799
796 800
796 802
796 806
796 832
796 833
796 839
796 842
796 843
796 844
796 845
796 847
796 854
796 860
796 862
796 864
796 884
796 896
796 902
796 903
796 907
796 908
796 909
796 911
796 918
796 924
796 932
796 960
796 966
796 967
796 974
796 977
796 979
796 982
796 988
796 989
796 1024
796 1030
796 1031
796 1038
796 1039
796 1041
796 1043
796 1052
796 1053
796 1054
796 1088
796 1094
796 1095
796 1102
796 1103
796 1105
796 1110
796 1117
796 1118
796 1126
796 1152
796 1161
796 1162
796 1163
796 1165
796 1169
796 1171
796 1174
796 1177
796 1179
796 1181
796 1182
796 1184
796 1188
796 1216
796 1223
796 1226
796 1230
796 1231
796 1235
796 1238
796 1244
796 1245
796 1252
797 0
797 6
797 7
797 11
797 12
797 13
797 14
797 19
797 32
797 38
797 64
797 70
797 71
797 76
797 77
797 78
797 79
797 81
797 83
797 93
797 94
797 96
797 128
797 134
797 135
797 140
797 142
797 145
797 147
797 150
797 156
797 157
797 164
797 192
797 198
797 199
797 203
797 205
797 206
797 209
797 211
797 214
797 219
797 221
797 222
797 230
797 246
797 256
797 270
797 273
797 275
797 285
797 286
797 320
797 326
797 327
797 334
797 337
797 339
797 350
797 384
797 391
797 396
797 398
797 399
797 401
797 403
797 413
797 414
797 448
797 462
797 465
797 467
797 477
797 512
797 518
797 519
797 526
797 529
797 531
797 541
797 576
797 582
797 587
797 588
797 589
797 590
797 591
797 593
797 595
797 598
797 603
797 605
797 606
797 640
797 646
797 647
797 654
797 655
797 657
797 659
797 662
797 669
797 694
797 704
797 710
797 711
797 714
797 716
797 718
797 719
797 721
797 723
797 733
797 734
797 768
797 774
797 775
797 778
797 779
797 780
797 781
797 782
797 783
797 785
797 787
797 790
797 796
797 798
797 799
797 800
797 802
797 806
797 832
797 833
797 838
797 839
797 842
797 844
797 845
797 846
797 847
797 849
797 851
797 854
797 861
797 862
797 896
797 902
797 908
797 909
797 910
797 911
797 913
797 915
797 918
797 925
797 960
797 966
797 967
797 974
797 977
797 979
797 982
797 989
797 1024
797 1030
797 1031
797 1038
797 1041
797 1043
797 1053
797 1054
797 1088
797 1094
797 1102
797 1105
797 1107
797 1110
797 1117
797 1152
797 1158
797 1162
797 1163
797 1165
797 1166
797 1169
797 1171
797 1174
797 1181
797 1216
797 1222
797 1223
797 1226
797 1230
797 1231
797 1233
797 1235
797 1238
797 1245
797 1252
798 0
798 6
798 7
798 11
798 12
798 13
798 14
798 19
798 32
798 38
798 64
798 70
798 71
798 76
798 77
798 78
798 79
798 81
798 83
798 93
798 94
798 96
798 128
798 134
798 135
798 138
798 140
798 145
798 147
798 150
798 156
798 157
798 158
798 160
798 164
798 192
798 198
798 199
798 202
798 203
798 205
798 206
798 209
798 214
798 219
798 221
798 222
798 230
798 246
798 256
798 262
798 270
798 273
798 275
798 285
798 286
798 320
798 326
798 327
798 334
798 337
798 339
798 349
798 350
798 384
798 390
798 391
798 396
798 398
798 399
798 401
798 403
798 413
798 414
798 448
798 462
798 465
798 467
798 477
798 512
798 518
798 519
798 526
798 529
798 531
798 541
798 576
798 582
798 587
798 588
798 589
798 590
798 591
798 593
798 595
798 598
798 603
798 605
798 606
798 612
798 640
798 646
798 647
798 654
798 655
798 657
798 659
798 662
798 669
798 670
798 694
798 704
798 710
798 711
798 714
798 716
798 718
798 719
798 721
798 723
798 733
798 734
798 768
798 774
798 775
798 778
798 779
798 780
798 781
798 782
798 783
798 785
798 787
798 790
798 796
798 797
798 799
798 800
798 802
798 806
798 832
798 833
798 838
798 839
798 842
798 843
798 844
798 845
798 846
798 847
798 849
798 851
798 854
798 861
798 862
798 864
798 896
798 902
798 903
798 907
798 908
798 909
798 910
798 911
798 913
798 915
798 918
798 924
798 925
798 926
798 960
798 966
798 967
798 974
798 977
798 979
798 982
798 989
798 990
798 1024
798 1030
798 1031
798 1038
798 1039
798 1041
798 1043
798 1053
798 1054
798 1088
798 1094
798 1095
798 1102
798 1105
798 1107
798 1110
798 1117
798 1152
798 1158
798 1162
798 1163
798 1165
798 1166
798 1169
798 1171
798 1174
798 1181
798 1184
798 1188
798 1216
798 1222
798 1223
798 1226
798 1230
798 1231
798 1233
798 1235
798 1238
798 1244
798 1245
798 1252
799 0
799 6
799 7
799 11
799 12
799 13
799 14
799 17
799 19
799 28
799 32
799 37
799 38
799 64
799 70
799 71
799 76
799 77
799 79
799 81
799 83
799 93
799 94
799 96
799 128
799 134
799 135
799 138
799 140
799 143
799 144
799 145
799 150
799 156
799 157
799 158
799 160
799 164
799 192
799 198
799 199
799 202
799 203
799 205
799 209
799 214
799 219
799 221
799 222
799 230
799 246
799 256
799 262
799 270
799 273
799 275
799 285
799 286
799 320
799 326
799 327
799 334
799 337
799 339
799 349
799 350
799 384
799 390
799 391
799 394
799 396
799 398
799 399
799 401
799 413
799 414
799 416
799 421
799 448
799 462
799 465
799 467
799 477
799 512
799 518
799 519
799 522
799 526
799 529
799 531
799 541
799 576
799 582
799 583
799 587
799 588
799 589
799 591
799 593
799 595
799 598
799 603
799 605
799 606
799 607
799 612
799 640
799 646
799 647
799 650
799 654
799 655
799 657
799 659
799 662
799 669
799 670
799 671
799 694
799 704
799 710
799 711
799 714
799 716
799 718
799 719
799 721
799 723
799 733
799 734
799 735
799 736
799 768
799 775
799 778
799 779
799 780
799 781
799 783
799 787
799 790
799 796
799 797
799 798
799 800
799 802
799 806
799 832
799 833
799 838
799 839
799 842
799 843
799 844
799 845
799 847
799 851
799 854
799 861
799 862
799 863
799 864
799 884
799 896
799 902
799 903
799 907
799 908
799 909
799 910
799 911
799 913
799 915
799 918
799 924
799 927
799 932
799 960
799 966
799 967
799 974
799 977
799 979
799 982
799 989
799 991
799 1024
799 1030
799 1031
799 1038
799 1039
799 1041
799 1043
799 1053
799 1054
799 1088
799 1094
799 1095
799 1102
799 1103
799 1105
799 1107
799 1110
799 1117
799 1126
799 1152
799 1158
799 1161
799 1162
799 1163
799 1165
799 1166
799 1169
799 1171
799 1174
799 1177
799 1181
799 1182
799 1184
799 1188
799 1216
799 1223
799 1226
799 1230
799 1231
799 1233
799 1235
799 1238
799 1244
799 1245
799 1252
800 0
800 7
800 10
800 11
800 12
800 13
800 17
800 28
800 29
800 32
800 37
800 38
800 64
800 70
800 71
800 74
800 76
800 77
800 79
800 81
800 86
800 93
800 94
800 96
800 128
800 134
800 135
800 138
800 140
800 143
800 144
800 145
800 150
800 156
800 157
800 158
800 160
800 164
800 199
800 202
800 203
800 205
800 207
800 209
800 214
800 219
800 221
800 222
800 226
800 230
800 246
800 256
800 262
800 270
800 273
800 275
800 285
800 286
800 310
800 320
800 326
800 327
800 334
800 337
800 339
800 342
800 349
800 350
800 390
800 391
800 394
800 396
800 399
800 401
800 406
800 411
800 413
800 414
800 416
800 421
800 448
800 454
800 462
800 465
800 467
800 477
800 512
800 518
800 519
800 522
800 527
800 541
800 576
800 582
800 583
800 587
800 588
800 589
800 591
800 593
800 598
800 603
800 604
800 605
800 606
800 608
800 612
800 640
800 646
800 647
800 650
800 653
800 655
800 657
800 662
800 669
800 670
800 672
800 676
800 694
800 704
800 711
800 714
800 716
800 719
800 721
800 734
800 736
800 770
800 775
800 778
800 779
800 780
800 781
800 790
800 796
800 797
800 798
800 799
800 802
800 806
800 832
800 833
800 836
800 839
800 842
800 843
800 844
800 845
800 847
800 854
800 860
800 862
800 864
800 884
800 896
800 903
800 906
800 907
800 908
800 909
800 911
800 918
800 924
800 928
800 932
800 960
800 967
800 974
800 982
800 989
800 992
800 1024
800 1030
800 1031
800 1038
800 1039
800 1041
800 1043
800 1052
800 1053
800 1054
800 1088
800 1094
800 1095
800 1102
800 1103
800 1105
800 1110
800 1117
800 1118
800 1126
800 1152
800 1161
800 1162
800 1163
800 1165
800 1169
800 1171
800 1174
800 1177
800 1179
800 1181
800 1182
800 1184
800 1188
800 1216
800 1223
800 1226
800 1231
800 1235
800 1238
800 1244
800 1245
800 1252
801 10
801 11
801 15
801 17
801 28
801 29
801 37
801 74
801 75
801 86
801 138
801 139
801 143
801 144
801 155
801 158
801 160
801 202
801 207
801 223
801 226
801 228
801 246
801 256
801 262
801 263
801 308
801 310
801 326
801 342
801 349
801 390
801 394
801 395
801 396
801 399
801 406
801 411
801 414
801 416
801 421
801 454
801 455
801 462
801 522
801 527
801 580
801 583
801 586
801 603
801 604
801 608
801 609
801 612
801 650
801 653
801 670
801 673
801 676
801 694
801 726
801 736
801 737
801 754
801 770
801 772
801 779
801 820
801 833
801 836
801 843
801 848
801 860
801 864
801 865
801 884
801 886
801 903
801 906
801 907
801 911
801 924
801 929
801 932
801 950
801 967
801 993
801 1031
801 1039
801 1052
801 1095
801 1099
801 1103
801 1116
801 1118
801 1120
801 1124
801 1126
801 1153
801 1161
801 1164
801 1167
801 1177
801 1179
801 1182
801 1184
801 1188
801 1202
801 1227
801 1229
801 1244
801 1252
801 1271
802 0
802 6
802 7
802 10
802 11
802 12
802 13
802 17
802 28
802 29
802 32
802 37
802 38
802 64
802 70
802 71
802 74
802 76
802 77
802 79
802 81
802 86
802 93
802 94
802 96
802 128
802 134
802 135
802 138
802 140
802 143
802 144
802 145
802 150
802 156
802 157
802 158
802 160
802 164
802 198
802 199
802 202
802 203
802 205
802 209
802 214
802 219
802 221
802 222
802 226
802 230
802 246
802 256
802 262
802 270
802 273
802 275
802 285
802 286
802 310
802 320
802 326
802 327
802 334
802 337
802 339
802 342
802 349
802 350
802 384
802 390
802 391
802 394
802 396
802 398
802 399
802 401
802 406
802 411
802 413
802 414
802 416
802 421
802 448
802 454
802 462
802 465
802 467
802 477
802 512
802 518
802 519
802 522
802 527
802 529
802 531
802 541
802 576
802 582
802 583
802 587
802 588
802 589
802 591
802 593
802 598
802 603
802 605
802 606
802 610
802 612
802 640
802 646
802 647
802 650
802 653
802 655
802 657
802 659
802 662
802 669
802 670
802 674
802 676
802 694
802 704
802 711
802 714
802 716
802 719
802 721
802 734
802 736
802 738
802 770
802 775
802 778
802 779
802 780
802 781
802 783
802 790
802 796
802 797
802 798
802 799
802 800
802 806
802 832
802 833
802 839
802 842
802 843
802 844
802 845
802 847
802 854
802 862
802 864
802 866
802 884
802 896
802 903
802 907
802 908
802 909
802 911
802 918
802 924
802 930
802 932
802 960
802 967
802 974
802 977
802 979
802 982
802 989
802 994
802 1024
802 1030
802 1031
802 1038
802 1039
802 1041
802 1043
802 1052
802 1053
802 1054
802 1088
802 1094
802 1095
802 1102
802 1103
802 1105
802 1110
802 1117
802 1118
802 1126
802 1152
802 1161
802 1162
802 1163
802 1165
802 1169
802 1171
802 1174
802 1177
802 1179
802 1181
802 1182
802 1184
802 1188
802 1216
802 1223
802 1226
802 1230
802 1231
802 1235
802 1238
802 1244
802 1245
802 1252
803 229
803 611
803 675
803 739
803 788
803 867
803 931
803 995
804 612
804 676
804 740
804 868
804 932
804 996
804 1159
805 613
805 677
805 741
805 869
805 933
805 997
806 0
806 7
806 10
806 11
806 12
806 13
806 17
806 28
806 29
806 32
806 37
806 38
806 64
806 70
806 71
806 74
806 76
806 77
806 79
806 81
806 86
806 93
806 94
806 96
806 128
806 134
806 135
806 138
806 140
806 143
806 144
806 145
806 150
806 156
806 157
806 158
806 160
806 164
806 199
806 202
806 203
806 205
806 207
806 209
806 214
806 219
806 222
806 226
806 230
806 246
806 256
806 262
806 270
806 273
806 275
806 285
806 286
806 310
806 320
806 326
806 327
806 334
806 337
806 339
806 342
806 349
806 350
806 390
806 391
806 394
806 396
806 399
806 401
806 406
806 411
806 413
806 414
806 416
806 421
806 448
806 454
806 462
806 465
806 467
806 477
806 512
806 518
806 519
806 522
806 527
806 541
806 576
806 582
806 583
806 587
806 588
806 589
806 591
806 593
806 598
806 603
806 604
806 605
806 606
806 612
806 614
806 640
806 646
806 647
806 650
806 653
806 655
806 657
806 662
806 669
806 670
806 676
806 678
806 694
806 704
806 711
806 714
806 716
806 719
806 721
806 734
806 736
806 742
806 770
806 775
806 778
806 779
806 780
806 781
806 790
806 796
806 797
806 798
806 799
806 800
806 802
806 832
806 833
806 836
806 839
806 842
806 843
806 844
806 845
806 847
806 854
806 860
806 862
806 864
806 870
806 884
806 896
806 903
806 906
806 907
806 908
806 909
806 911
806 918
806 924
806 932
806 934
806 960
806 967
806 974
806 982
806 989
806 998
806 1024
806 1030
806 1031
806 1038
806 1039
806 1041
806 1043
806 1052
806 1053
806 1054
806 1088
806 1094
806 1095
806 1102
806 1103
806 1110
806 1117
806 1118
806 1120
806 1126
806 1152
806 1161
806 1162
806 1163
806 1165
806 1169
806 1174
806 1177
806 1179
806 1181
806 1182
806 1184
806 1188
806 1216
806 1226
806 1231
806 1235
806 1238
806 1244
806 1245
806 1252
807 615
807 679
807 743
807 871
807 935
807 999
808 616
808 680
808 744
808 758
808 863
808 872
808 936
808 1000
809 266
809 389
809 617
809 681
809 745
809 873
809 937
809 1001
810 63
810 618
810 682
810 746
810 874
810 938
810 1002
811 260
811 619
811 683
811 747
811 875
811 922
811 939
811 1003
811 1007
811 1160
812 348
812 552
812 620
812 684
812 748
812 876
812 940
812 964
812 1004
813 621
813 685
813 749
813 877
813 941
813 1005
813 1273
814 321
814 622
814 686
814 705
814 739
814 750
814 878
814 942
814 1006
815 366
815 623
815 687
815 751
815 879
815 943
815 1007
815 1175
816 328
816 624
816 688
816 752
816 880
816 944
816 1008
817 625
817 689
817 753
817 881
817 945
817 1009
817 1065
818 626
818 690
818 754
818 882
818 946
818 1010
818 1035
818 1236
819 627
819 691
819 755
819 827
819 883
819 947
819 1011
819 1240
820 10
820 15
820 17
820 28
820 29
820 37
820 74
820 75
820 86
820 139
820 143
820 155
820 207
820 223
820 226
820 228
820 263
820 308
820 310
820 342
820 395
820 406
820 411
820 416
820 421
820 454
820 455
820 522
820 527
820 580
820 586
820 604
820 608
820 628
820 653
820 676
820 692
820 726
820 754
820 756
820 770
820 772
820 801
820 836
820 848
820 860
820 884
820 886
820 906
820 948
820 950
820 971
820 1012
820 1051
820 1052
820 1099
820 1103
820 1116
820 1118
820 1120
820 1124
820 1153
820 1164
820 1167
820 1177
820 1179
820 1182
820 1202
820 1227
820 1229
820 1271
821 149
821 629
821 693
821 757
821 885
821 949
821 1013
822 31
822 630
822 694
822 758
822 886
822 950
822 1014
823 631
823 695
823 759
823 887
823 951
823 957
823 1015
824 464
824 632
824 696
824 760
824 825
824 888
824 952
824 1016
824 1215
825 464
825 633
825 697
825 761
825 824
825 889
825 953
825 1017
825 1215
826 267
826 634
826 698
826 762
826 890
826 954
826 1018
827 635
827 699
827 763
827 819
827 891
827 955
827 1019
827 1240
828 636
828 700
828 764
828 892
828 956
828 1020
828 1021
829 502
829 637
829 701
829 765
829 893
829 957
829 1021
829 1135
830 442
830 638
830 702
830 766
830 894
830 958
830 1022
831 639
831 703
831 767
831 895
831 959
831 1023
831 1058
831 1261
832 0
832 6
832 7
832 12
832 13
832 14
832 19
832 32
832 38
832 64
832 70
832 71
832 76
832 77
832 78
832 79
832 81
832 83
832 93
832 94
832 96
832 128
832 134
832 135
832 140
832 142
832 145
832 147
832 150
832 156
832 157
832 164
832 192
832 198
832 199
832 203
832 205
832 206
832 209
832 211
832 214
832 219
832 221
832 222
832 230
832 270
832 273
832 275
832 285
832 286
832 327
832 334
832 337
832 339
832 350
832 384
832 391
832 398
832 401
832 403
832 413
832 448
832 465
832 467
832 477
832 512
832 518
832 519
832 526
832 529
832 531
832 541
832 576
832 582
832 587
832 588
832 590
832 593
832 595
832 598
832 605
832 606
832 640
832 646
832 647
832 654
832 655
832 657
832 659
832 662
832 669
832 704
832 710
832 711
832 714
832 716
832 718
832 719
832 721
832 723
832 733
832 734
832 768
832 774
832 775
832 778
832 780
832 781
832 782
832 783
832 785
832 787
832 790
832 796
832 797
832 798
832 799
832 800
832 802
832 806
832 838
832 839
832 842
832 844
832 845
832 846
832 847
832 849
832 851
832 854
832 861
832 862
832 896
832 902
832 908
832 910
832 913
832 915
832 918
832 925
832 960
832 966
832 974
832 977
832 979
832 982
832 989
832 1024
832 1030
832 1038
832 1041
832 1043
832 1053
832 1054
832 1088
832 1094
832 1102
832 1105
832 1107
832 1110
832 1117
832 1152
832 1158
832 1162
832 1163
832 1165
832 1166
832 1169
832 1171
832 1174
832 1181
832 1216
832 1222
832 1223
832 1226
832 1230
832 1231
832 1233
832 1235
832 1238
832 1245
833 7
833 10
833 11
833 12
833 13
833 17
833 28
833 29
833 32
833 37
833 38
833 70
833 71
833 74
833 76
833 77
833 79
833 81
833 86
833 93
833 94
833 96
833 135
833 138
833 140
833 143
833 144
833 145
833 150
833 156
833 157
833 158
833 160
833 164
833 202
833 203
833 205
833 207
833 214
833 219
833 226
833 228
833 230
833 246
833 256
833 262
833 270
833 273
833 275
833 285
833 286
833 308
833 310
833 320
833 326
833 327
833 334
833 342
833 349
833 350
833 390
833 391
833 394
833 395
833 396
833 399
833 401
833 406
833 411
833 413
833 414
833 416
833 421
833 448
833 454
833 462
833 465
833 467
833 477
833 512
833 518
833 519
833 522
833 527
833 541
833 576
833 582
833 583
833 587
833 588
833 589
833 591
833 598
833 603
833 604
833 605
833 606
833 612
833 640
833 641
833 646
833 647
833 650
833 653
833 655
833 662
833 669
833 670
833 676
833 694
833 704
833 705
833 714
833 716
833 734
833 736
833 769
833 770
833 775
833 778
833 779
833 780
833 781
833 790
833 796
833 797
833 798
833 799
833 800
833 801
833 802
833 806
833 836
833 839
833 842
833 843
833 844
833 845
833 847
833 854
833 860
833 862
833 864
833 884
833 896
833 897
833 903
833 906
833 907
833 908
833 909
833 911
833 918
833 924
833 932
833 950
833 960
833 961
833 967
833 974
833 982
833 989
833 1024
833 1025
833 1030
833 1031
833 1038
833 1039
833 1041
833 1052
833 1053
833 1054
833 1095
833 1103
833 1110
833 1117
833 1118
833 1120
833 1126
833 1152
833 1161
833 1162
833 1163
833 1165
833 1174
833 1177
833 1179
833 1181
833 1182
833 1184
833 1188
833 1226
833 1227
833 1231
833 1235
833 1238
833 1244
833 1252
833 1271
834 642
834 706
834 770
834 898
834 962
834 1026
835 643
835 707
835 771
835 899
835 963
835 1027
836 10
836 11
836 15
836 17
836 28
836 29
836 37
836 38
836 74
836 75
836 77
836 86
836 138
836 139
836 143
836 144
836 155
836 158
836 160
836 202
836 207
836 219
836 223
836 226
836 228
836 246
836 256
836 262
836 263
836 308
836 310
836 320
836 326
836 342
836 349
836 390
836 394
836 395
836 396
836 399
836 406
836 411
836 414
836 416
836 421
836 454
836 455
836 462
836 522
836 527
836 580
836 583
836 586
836 588
836 589
836 591
836 603
836 604
836 608
836 612
836 644
836 650
836 653
836 655
836 670
836 676
836 694
836 708
836 714
836 736
836 770
836 772
836 779
836 800
836 801
836 806
836 820
836 833
836 843
836 847
836 848
836 860
836 864
836 884
836 900
836 903
836 906
836 907
836 908
836 909
836 911
836 924
836 932
836 950
836 964
836 967
836 982
836 1028
836 1031
836 1039
836 1052
836 1095
836 1099
836 1103
836 1116
836 1118
836 1120
836 1124
836 1126
836 1153
836 1161
836 1163
836 1164
836 1167
836 1177
836 1179
836 1182
836 1184
836 1188
836 1202
836 1227
836 1229
836 1244
836 1252
836 1271
837 9
837 73
837 137
837 201
837 265
837 329
837 393
837 457
837 521
837 581
837 645
837 709
837 713
837 773
837 777
837 901
837 905
837 965
837 968
837 1029
837 1033
837 1097
837 1157
837 1221
838 0
838 6
838 7
838 12
838 14
838 19
838 32
838 64
838 71
838 78
838 79
838 83
838 93
838 94
838 96
838 128
838 134
838 135
838 140
838 142
838 145
838 147
838 150
838 156
838 157
838 192
838 198
838 199
838 203
838 206
838 209
838 211
838 214
838 221
838 222
838 270
838 273
838 275
838 285
838 327
838 337
838 339
838 384
838 398
838 401
838 403
838 413
838 467
838 477
838 512
838 518
838 519
838 526
838 529
838 531
838 541
838 576
838 582
838 590
838 593
838 595
838 598
838 605
838 640
838 646
838 647
838 654
838 657
838 659
838 662
838 669
838 704
838 710
838 711
838 718
838 719
838 721
838 723
838 733
838 734
838 768
838 774
838 775
838 778
838 780
838 781
838 782
838 783
838 785
838 787
838 790
838 797
838 798
838 799
838 832
838 845
838 846
838 849
838 851
838 861
838 862
838 896
838 902
838 910
838 913
838 915
838 918
838 925
838 960
838 966
838 974
838 977
838 979
838 989
838 1024
838 1030
838 1038
838 1041
838 1043
838 1054
838 1088
838 1094
838 1102
838 1105
838 1107
838 1117
838 1152
838 1158
838 1162
838 1165
838 1166
838 1169
838 1171
838 1181
838 1216
838 1222
838 1223
838 1230
838 1231
838 1233
838 1235
838 1238
838 1245
839 0
839 6
839 7
839 11
839 12
839 13
839 14
839 17
839 19
839 28
839 32
839 37
839 38
839 64
839 70
839 71
839 74
839 76
839 77
839 79
839 81
839 83
839 93
839 94
839 96
839 128
839 134
839 135
839 138
839 140
839 143
839 144
839 145
839 150
839 156
839 157
839 158
839 160
839 164
839 192
839 198
839 199
839 202
839 203
839 205
839 209
839 214
839 219
839 221
839 222
839 226
839 230
839 246
839 256
839 262
839 270
839 273
839 275
839 285
839 286
839 310
839 320
839 326
839 327
839 334
839 337
839 339
839 342
839 349
839 350
839 384
839 390
839 391
839 394
839 396
839 398
839 399
839 401
839 406
839 413
839 414
839 416
839 421
839 448
839 462
839 465
839 467
839 477
839 512
839 518
839 519
839 522
839 526
839 527
839 529
839 531
839 541
839 576
839 582
839 583
839 587
839 588
839 589
839 591
839 593
839 598
839 603
839 605
839 606
839 612
839 640
839 646
839 647
839 650
839 653
839 655
839 657
839 659
839 662
839 669
839 670
839 676
839 694
839 704
839 711
839 714
839 716
839 718
839 719
839 721
839 733
839 734
839 736
839 768
839 775
839 778
839 779
839 780
839 781
839 783
839 790
839 796
839 797
839 798
839 799
839 800
839 802
839 806
839 832
839 833
839 842
839 843
839 844
839 845
839 847
839 854
839 862
839 864
839 884
839 896
839 902
839 903
839 907
839 908
839 909
839 910
839 911
839 913
839 918
839 924
839 932
839 960
839 966
839 967
839 974
839 977
839 979
839 982
839 989
839 1024
839 1030
839 1031
839 1038
839 1039
839 1041
839 1043
839 1052
839 1053
839 1054
839 1088
839 1094
839 1095
839 1102
839 1103
839 1105
839 1110
839 1117
839 1126
839 1152
839 1161
839 1162
839 1163
839 1165
839 1166
839 1169
839 1171
839 1174
839 1177
839 1179
839 1181
839 1182
839 1184
839 1188
839 1216
839 1223
839 1226
839 1230
839 1231
839 1235
839 1238
839 1244
839 1245
839 1252
840 648
840 712
840 776
840 904
840 968
840 1032
841 439
841 513
841 649
841 713
841 777
841 905
841 969
841 1033
842 0
842 6
842 7
842 10
842 11
842 12
842 13
842 17
842 28
842 29
842 32
842 37
842 38
842 64
842 70
842 71
842 74
842 76
842 77
842 79
842 81
842 86
842 93
842 94
842 96
842 128
842 134
842 135
842 138
842 140
842 143
842 144
842 145
842 150
842 156
842 157
842 158
842 160
842 164
842 198
842 199
842 202
842 203
842 205
842 207
842 209
842 214
842 219
842 221
842 222
842 226
842 230
842 246
842 256
842 262
842 270
842 273
842 275
842 285
842 286
842 310
842 320
842 326
842 327
842 334
842 337
842 339
842 342
842 349
842 350
842 384
842 390
842 391
842 394
842 396
842 398
842 399
842 401
842 406
842 411
842 413
842 414
842 416
842 421
842 448
842 454
842 462
842 465
842 467
842 477
842 512
842 518
842 519
842 522
842 527
842 531
842 541
842 576
842 582
842 583
842 587
842 588
842 589
842 591
842 593
842 598
842 603
842 605
842 606
842 612
842 640
842 646
842 647
842 650
842 653
842 655
842 657
842 662
842 669
842 670
842 676
842 694
842 704
842 711
842 714
842 716
842 719
842 721
842 734
842 736
842 770
842 775
842 778
842 779
842 780
842 781
842 783
842 790
842 796
842 797
842 798
842 799
842 800
842 802
842 806
842 832
842 833
842 839
842 843
842 844
842 845
842 847
842 854
842 860
842 862
842 864
842 884
842 896
842 903
842 906
842 907
842 908
842 909
842 911
842 918
842 924
842 932
842 960
842 967
842 970
842 974
842 977
842 979
842 982
842 989
842 1024
842 1030
842 1031
842 1034
842 1038
842 1039
842 1041
842 1043
842 1052
842 1053
842 1054
842 1088
842 1094
842 1095
842 1102
842 1103
842 1105
842 1110
842 1117
842 1118
842 1126
842 1152
842 1161
842 1162
842 1163
842 1165
842 1169
842 1171
842 1174
842 1177
842 1179
842 1181
842 1182
842 1184
842 1188
842 1216
842 1223
842 1226
842 1230
842 1231
842 1235
842 1238
842 1244
842 1245
842 1252
843 7
843 10
843 11
843 12
843 13
843 17
843 28
843 29
843 32
843 37
843 38
843 70
843 71
843 74
843 76
843 77
843 79
843 81
843 86
843 93
843 94
843 96
843 135
843 138
843 139
843 140
843 143
843 144
843 150
843 155
843 156
843 157
843 158
843 160
843 164
843 202
843 203
843 205
843 207
843 219
843 226
843 228
843 230
843 246
843 256
843 262
843 270
843 273
843 275
843 285
843 286
843 308
843 310
843 320
843 326
843 327
843 334
843 342
843 349
843 350
843 390
843 391
843 394
843 395
843 396
843 399
843 406
843 411
843 413
843 414
843 416
843 421
843 448
843 454
843 462
843 465
843 467
843 518
843 519
843 522
843 527
843 541
843 583
843 586
843 587
843 588
843 589
843 591
843 598
843 603
843 604
843 605
843 606
843 608
843 612
843 640
843 646
843 647
843 650
843 651
843 653
843 655
843 662
843 670
843 676
843 694
843 714
843 715
843 716
843 734
843 736
843 770
843 775
843 778
843 779
843 780
843 781
843 790
843 796
843 798
843 799
843 800
843 801
843 802
843 806
843 833
843 836
843 839
843 842
843 844
843 845
843 847
843 854
843 860
843 864
843 884
843 896
843 903
843 906
843 907
843 908
843 909
843 911
843 918
843 924
843 932
843 950
843 967
843 971
843 982
843 989
843 1024
843 1031
843 1035
843 1039
843 1052
843 1053
843 1054
843 1095
843 1103
843 1110
843 1118
843 1120
843 1126
843 1152
843 1153
843 1161
843 1162
843 1163
843 1174
843 1177
843 1179
843 1182
843 1184
843 1188
843 1202
843 1226
843 1227
843 1231
843 1235
843 1238
843 1244
843 1252
843 1271
844 0
844 6
844 7
844 10
844 11
844 12
844 13
844 17
844 28
844 29
844 32
844 37
844 38
844 64
844 70
844 71
844 74
844 76
844 77
844 79
844 81
844 86
844 93
844 94
844 96
844 128
844 134
844 135
844 138
844 140
844 143
844 144
844 145
844 150
844 156
844 157
844 158
844 160
844 164
844 198
844 199
844 202
844 203
844 205
844 209
844 214
844 219
844 221
844 222
844 226
844 230
844 246
844 256
844 262
844 270
844 273
844 275
844 285
844 286
844 310
844 320
844 326
844 327
844 334
844 337
844 339
844 342
844 349
844 350
844 384
844 390
844 391
844 394
844 396
844 398
844 399
844 401
844 406
844 411
844 413
844 414
844 416
844 421
844 448
844 454
844 462
844 465
844 467
844 477
844 512
844 518
844 519
844 522
844 527
844 529
844 531
844 541
844 576
844 582
844 583
844 587
844 588
844 589
844 591
844 593
844 598
844 603
844 605
844 606
844 612
844 640
844 646
844 647
844 650
844 652
844 653
844 655
844 657
844 659
844 662
844 669
844 670
844 676
844 694
844 704
844 711
844 714
844 716
844 719
844 721
844 734
844 736
844 770
844 775
844 778
844 779
844 780
844 781
844 783
844 790
844 796
844 797
844 798
844 799
844 800
844 802
844 806
844 832
844 833
844 839
844 842
844 843
844 845
844 847
844 854
844 862
844 864
844 884
844 896
844 903
844 907
844 908
844 909
844 911
844 918
844 924
844 932
844 960
844 967
844 972
844 974
844 977
844 979
844 982
844 989
844 1024
844 1030
844 1031
844 1036
844 1038
844 1039
844 1041
844 1043
844 1052
844 1053
844 1054
844 1088
844 1094
844 1095
844 1102
844 1103
844 1105
844 1110
844 1117
844 1118
844 1126
844 1152
844 1161
844 1162
844 1163
844 1165
844 1169
844 1171
844 1174
844 1177
844 1179
844 1181
844 1182
844 1184
844 1188
844 1216
844 1223
844 1226
844 1230
844 1231
844 1235
844 1238
844 1244
844 1245
844 1252
845 0
845 6
845 7
845 11
845 12
845 13
845 14
845 19
845 32
845 38
845 64
845 70
845 71
845 76
845 77
845 78
845 79
845 81
845 83
845 93
845 94
845 96
845 128
845 134
845 135
845 138
845 140
845 145
845 147
845 150
845 156
845 157
845 158
845 160
845 164
845 192
845 198
845 199
845 202
845 203
845 205
845 206
845 209
845 214
845 219
845 221
845 222
845 230
845 246
845 256
845 262
845 270
845 273
845 275
845 285
845 286
845 320
845 326
845 327
845 334
845 337
845 339
845 349
845 350
845 384
845 390
845 391
845 396
845 398
845 399
845 401
845 403
845 413
845 414
845 448
845 462
845 465
845 467
845 477
845 512
845 518
845 519
845 526
845 529
845 531
845 541
845 576
845 582
845 587
845 588
845 589
845 590
845 591
845 593
845 595
845 598
845 603
845 605
845 606
845 612
845 640
845 646
845 647
845 653
845 654
845 655
845 657
845 659
845 662
845 669
845 670
845 694
845 704
845 710
845 711
845 714
845 716
845 717
845 718
845 719
845 721
845 723
845 733
845 734
845 768
845 774
845 775
845 778
845 779
845 780
845 781
845 782
845 783
845 785
845 787
845 790
845 796
845 797
845 798
845 799
845 800
845 802
845 806
845 832
845 833
845 838
845 839
845 842
845 843
845 844
845 846
845 847
845 849
845 851
845 854
845 861
845 862
845 864
845 896
845 902
845 903
845 907
845 908
845 909
845 910
845 911
845 913
845 915
845 918
845 924
845 925
845 960
845 966
845 967
845 973
845 974
845 977
845 979
845 982
845 989
845 1024
845 1030
845 1031
845 1037
845 1038
845 1039
845 1041
845 1043
845 1053
845 1054
845 1088
845 1094
845 1095
845 1102
845 1105
845 1107
845 1110
845 1117
845 1152
845 1158
845 1162
845 1163
845 1165
845 1166
845 1169
845 1171
845 1174
845 1181
845 1184
845 1188
845 1216
845 1222
845 1223
845 1226
845 1230
845 1231
845 1233
845 1235
845 1238
845 1244
845 1245
845 1252
846 0
846 6
846 7
846 14
846 19
846 32
846 64
846 71
846 78
846 79
846 83
846 93
846 94
846 128
846 134
846 135
846 142
846 145
846 147
846 150
846 157
846 192
846 198
846 199
846 206
846 209
846 211
846 214
846 221
846 222
846 273
846 275
846 327
846 337
846 339
846 384
846 398
846 401
846 403
846 413
846 467
846 477
846 512
846 518
846 519
846 526
846 529
846 531
846 541
846 576
846 582
846 590
846 593
846 595
846 605
846 640
846 654
846 657
846 659
846 669
846 704
846 710
846 711
846 718
846 719
846 721
846 723
846 733
846 734
846 768
846 774
846 775
846 778
846 780
846 781
846 782
846 783
846 785
846 787
846 797
846 798
846 832
846 838
846 845
846 849
846 851
846 861
846 862
846 902
846 910
846 913
846 915
846 918
846 925
846 960
846 966
846 974
846 977
846 979
846 989
846 1030
846 1038
846 1041
846 1043
846 1054
846 1088
846 1094
846 1102
846 1105
846 1107
846 1117
846 1152
846 1158
846 1162
846 1165
846 1166
846 1169
846 1171
846 1181
846 1216
846 1222
846 1223
846 1230
846 1233
846 1235
846 1245
847 0
847 7
847 10
847 11
847 12
847 13
847 17
847 28
847 29
847 32
847 37
847 38
847 64
847 70
847 71
847 74
847 76
847 77
847 79
847 81
847 86
847 93
847 94
847 96
847 128
847 134
847 135
847 138
847 140
847 143
847 144
847 145
847 150
847 156
847 157
847 158
847 160
847 164
847 199
847 202
847 203
847 205
847 207
847 209
847 214
847 219
847 221
847 222
847 226
847 230
847 246
847 256
847 262
847 270
847 273
847 275
847 285
847 286
847 310
847 320
847 326
847 327
847 334
847 337
847 339
847 342
847 349
847 350
847 390
847 391
847 394
847 396
847 399
847 401
847 406
847 411
847 413
847 414
847 416
847 421
847 448
847 454
847 462
847 465
847 467
847 477
847 512
847 518
847 519
847 522
847 527
847 541
847 576
847 582
847 583
847 587
847 588
847 589
847 591
847 593
847 598
847 603
847 604
847 605
847 606
847 612
847 640
847 646
847 647
847 650
847 653
847 655
847 657
847 662
847 669
847 670
847 676
847 694
847 704
847 711
847 714
847 716
847 719
847 721
847 734
847 736
847 770
847 775
847 778
847 779
847 780
847 781
847 783
847 790
847 796
847 797
847 798
847 799
847 800
847 802
847 806
847 832
847 833
847 836
847 839
847 842
847 843
847 844
847 845
847 854
847 860
847 862
847 864
847 884
847 896
847 903
847 906
847 907
847 908
847 909
847 911
847 918
847 924
847 932
847 960
847 967
847 974
847 975
847 982
847 989
847 1024
847 1030
847 1031
847 1038
847 1039
847 1041
847 1043
847 1052
847 1053
847 1054
847 1088
847 1094
847 1095
847 1102
847 1103
847 1105
847 1110
847 1117
847 1118
847 1120
847 1126
847 1152
847 1161
847 1162
847 1163
847 1165
847 1169
847 1174
847 1177
847 1179
847 1181
847 1182
847 1184
847 1188
847 1216
847 1223
847 1226
847 1231
847 1235
847 1238
847 1244
847 1245
847 1252
848 10
848 15
848 29
848 75
848 86
848 139
848 155
848 207
848 223
848 226
848 228
848 263
848 308
848 310
848 342
848 395
848 406
848 411
848 454
848 455
848 580
848 586
848 604
848 608
848 656
848 676
848 720
848 726
848 754
848 770
848 772
848 784
848 801
848 820
848 836
848 860
848 886
848 906
848 912
848 950
848 971
848 976
848 1040
848 1051
848 1099
848 1116
848 1118
848 1120
848 1124
848 1153
848 1164
848 1167
848 1202
848 1227
848 1229
848 1271
849 0
849 6
849 7
849 12
849 14
849 19
849 32
849 64
849 71
849 78
849 79
849 83
849 93
849 94
849 128
849 134
849 135
849 142
849 145
849 147
849 150
849 157
849 192
849 198
849 199
849 206
849 209
849 211
849 214
849 221
849 222
849 273
849 275
849 327
849 337
849 339
849 384
849 398
849 401
849 403
849 413
849 467
849 477
849 512
849 518
849 519
849 526
849 529
849 531
849 541
849 576
849 582
849 590
849 593
849 595
849 605
849 640
849 654
849 657
849 659
849 669
849 704
849 710
849 711
849 718
849 719
849 721
849 723
849 733
849 734
849 768
849 774
849 775
849 778
849 780
849 781
849 782
849 783
849 785
849 787
849 797
849 798
849 832
849 838
849 845
849 846
849 851
849 861
849 862
849 902
849 910
849 913
849 915
849 918
849 925
849 960
849 966
849 974
849 977
849 979
849 989
849 1030
849 1038
849 1041
849 1043
849 1054
849 1088
849 1094
849 1102
849 1105
849 1107
849 1117
849 1152
849 1158
849 1162
849 1165
849 1166
849 1169
849 1171
849 1181
849 1216
849 1222
849 1223
849 1230
849 1233
849 1235
849 1245
850 114
850 658
850 722
850 786
850 914
850 938
850 978
850 1042
851 0
851 6
851 7
851 12
851 14
851 19
851 32
851 64
851 71
851 78
851 79
851 83
851 93
851 94
851 96
851 128
851 134
851 135
851 142
851 145
851 147
851 150
851 156
851 157
851 192
851 198
851 199
851 203
851 206
851 209
851 211
851 214
851 221
851 222
851 270
851 273
851 275
851 327
851 337
851 339
851 384
851 398
851 401
851 403
851 413
851 467
851 477
851 512
851 518
851 519
851 526
851 529
851 531
851 541
851 576
851 582
851 590
851 593
851 595
851 605
851 640
851 647
851 654
851 657
851 659
851 662
851 669
851 704
851 710
851 711
851 718
851 719
851 721
851 723
851 733
851 734
851 768
851 774
851 775
851 778
851 780
851 781
851 782
851 783
851 785
851 787
851 797
851 798
851 799
851 832
851 838
851 845
851 846
851 849
851 861
851 862
851 896
851 902
851 910
851 913
851 915
851 918
851 925
851 960
851 966
851 974
851 977
851 979
851 989
851 1024
851 1030
851 1038
851 1041
851 1043
851 1054
851 1088
851 1094
851 1102
851 1105
851 1107
851 1117
851 1152
851 1158
851 1162
851 1165
851 1166
851 1169
851 1171
851 1181
851 1216
851 1222
851 1223
851 1230
851 1233
851 1235
851 1238
851 1245
852 660
852 724
852 788
852 916
852 980
852 1044
853 661
853 725
853 789
853 917
853 981
853 1045
854 0
854 6
854 7
854 10
854 11
854 12
854 13
854 17
854 28
854 29
854 32
854 37
854 38
854 64
854 70
854 71
854 74
854 76
854 77
854 79
854 81
854 86
854 93
854 94
854 96
854 128
854 134
854 135
854 138
854 140
854 143
854 144
854 145
854 150
854 156
854 157
854 158
854 160
854 164
854 198
854 199
854 202
854 203
854 205
854 207
854 209
854 214
854 219
854 221
854 222
854 226
854 230
854 246
854 256
854 262
854 270
854 273
854 275
854 285
854 286
854 310
854 320
854 326
854 327
854 334
854 337
854 339
854 342
854 349
854 350
854 384
854 390
854 391
854 394
854 396
854 398
854 399
854 401
854 406
854 411
854 413
854 414
854 416
854 421
854 448
854 454
854 462
854 465
854 467
854 477
854 512
854 518
854 519
854 522
854 527
854 529
854 531
854 541
854 576
854 582
854 583
854 587
854 588
854 589
854 591
854 593
854 598
854 603
854 605
854 606
854 612
854 640
854 646
854 647
854 650
854 653
854 655
854 657
854 662
854 669
854 670
854 676
854 694
854 704
854 711
854 714
854 716
854 719
854 721
854 726
854 734
854 736
854 770
854 775
854 778
854 779
854 780
854 781
854 783
854 790
854 796
854 797
854 798
854 799
854 800
854 802
854 806
854 832
854 833
854 839
854 842
854 843
854 844
854 845
854 847
854 860
854 862
854 864
854 884
854 896
854 903
854 907
854 908
854 909
854 911
854 918
854 924
854 932
854 960
854 967
854 974
854 977
854 979
854 982
854 989
854 1024
854 1030
854 1031
854 1038
854 1039
854 1041
854 1043
854 1046
854 1052
854 1053
854 1054
854 1088
854 1094
854 1095
854 1102
854 1103
854 1105
854 1110
854 1117
854 1118
854 1126
854 1152
854 1161
854 1162
854 1163
854 1165
854 1169
854 1171
854 1174
854 1177
854 1179
854 1181
854 1182
854 1184
854 1188
854 1216
854 1223
854 1226
854 1230
854 1231
854 1235
854 1238
854 1244
854 1245
854 1252
855 245
855 523
855 663
855 727
855 791
855 919
855 983
855 1047
856 500
856 664
856 728
856 766
856 792
856 920
856 984
856 1048
856 1121
857 665
857 729
857 793
857 921
857 985
857 1046
857 1049
858 656
858 666
858 730
858 794
858 922
858 986
858 1050
859 614
859 667
859 731
859 795
859 887
859 923
859 987
859 1051
859 1134
860 10
860 11
860 13
860 15
860 17
860 28
860 29
860 37
860 38
860 74
860 75
860 76
860 77
860 81
860 86
860 138
860 139
860 143
860 144
860 155
860 158
860 160
860 164
860 202
860 205
860 207
860 219
860 223
860 226
860 228
860 246
860 256
860 262
860 263
860 286
860 308
860 310
860 320
860 326
860 342
860 349
860 350
860 390
860 394
860 395
860 396
860 399
860 406
860 411
860 414
860 416
860 421
860 454
860 455
860 462
860 522
860 527
860 580
860 583
860 586
860 588
860 589
860 591
860 603
860 604
860 608
860 612
860 650
860 653
860 655
860 668
860 670
860 676
860 694
860 714
860 732
860 736
860 770
860 772
860 779
860 796
860 800
860 801
860 806
860 820
860 833
860 836
860 842
860 843
860 847
860 848
860 854
860 864
860 884
860 903
860 906
860 907
860 908
860 909
860 911
860 924
860 932
860 950
860 967
860 982
860 988
860 1031
860 1039
860 1052
860 1095
860 1103
860 1110
860 1116
860 1118
860 1120
860 1124
860 1126
860 1153
860 1161
860 1163
860 1164
860 1167
860 1174
860 1177
860 1179
860 1182
860 1184
860 1188
860 1202
860 1227
860 1229
860 1244
860 1252
860 1271
861 0
861 6
861 7
861 12
861 14
861 19
861 32
861 64
861 71
861 78
861 79
861 83
861 93
861 94
861 96
861 128
861 134
861 135
861 140
861 142
861 145
861 147
861 150
861 156
861 157
861 192
861 198
861 199
861 203
861 206
861 209
861 211
861 214
861 221
861 222
861 270
861 273
861 275
861 285
861 327
861 337
861 339
861 384
861 391
861 398
861 401
861 403
861 413
861 467
861 477
861 512
861 518
861 519
861 526
861 529
861 531
861 541
861 576
861 582
861 590
861 593
861 595
861 598
861 605
861 640
861 646
861 647
861 654
861 657
861 659
861 662
861 669
861 704
861 710
861 711
861 718
861 719
861 721
861 723
861 733
861 734
861 768
861 774
861 775
861 778
861 780
861 781
861 782
861 783
861 785
861 787
861 790
861 797
861 798
861 799
861 832
861 838
861 845
861 846
861 849
861 851
861 862
861 896
861 902
861 910
861 913
861 915
861 918
861 925
861 960
861 966
861 974
861 977
861 979
861 989
861 1024
861 1030
861 1038
861 1041
861 1043
861 1053
861 1054
861 1088
861 1094
861 1102
861 1105
861 1107
861 1117
861 1152
861 1158
861 1162
861 1165
861 1166
861 1169
861 1171
861 1181
861 1216
861 1222
861 1223
861 1230
861 1231
861 1233
861 1235
861 1238
861 1245
862 0
862 6
862 7
862 11
862 12
862 13
862 14
862 19
862 32
862 38
862 64
862 70
862 71
862 76
862 77
862 78
862 79
862 81
862 83
862 93
862 94
862 96
862 128
862 134
862 135
862 140
862 142
862 145
862 147
862 150
862 156
862 157
862 158
862 164
862 192
862 198
862 199
862 203
862 205
862 206
862 209
862 211
862 214
862 219
862 221
862 222
862 230
862 246
862 256
862 270
862 273
862 275
862 285
862 286
862 320
862 326
862 327
862 334
862 337
862 339
862 350
862 384
862 391
862 396
862 398
862 399
862 401
862 403
862 413
862 414
862 448
862 462
862 465
862 467
862 477
862 512
862 518
862 519
862 526
862 529
862 531
862 541
862 576
862 582
862 587
862 588
862 589
862 590
862 591
862 593
862 595
862 598
862 603
862 605
862 606
862 640
862 646
862 647
862 654
862 655
862 657
862 659
862 662
862 669
862 670
862 694
862 704
862 710
862 711
862 714
862 716
862 718
862 719
862 721
862 723
862 733
862 734
862 768
862 774
862 775
862 778
862 779
862 780
862 781
862 782
862 783
862 785
862 787
862 790
862 796
862 797
862 798
862 799
862 800
862 802
862 806
862 832
862 833
862 838
862 839
862 842
862 844
862 845
862 846
862 847
862 849
862 851
862 854
862 861
862 896
862 902
862 907
862 908
862 909
862 910
862 911
862 913
862 915
862 918
862 925
862 926
862 960
862 966
862 967
862 974
862 977
862 979
862 982
862 989
862 990
862 1024
862 1030
862 1031
862 1038
862 1041
862 1043
862 1053
862 1054
862 1088
862 1094
862 1095
862 1102
862 1105
862 1107
862 1110
862 1117
862 1152
862 1158
862 1162
862 1163
862 1165
862 1166
862 1169
862 1171
862 1174
862 1181
862 1216
862 1222
862 1223
862 1226
862 1230
862 1231
862 1233
862 1235
862 1238
862 1245
862 1252
863 671
863 735
863 758
863 799
863 808
863 927
863 991
863 1055
864 7
864 10
864 11
864 12
864 13
864 17
864 28
864 29
864 32
864 37
864 38
864 70
864 71
864 74
864 76
864 77
864 79
864 81
864 86
864 93
864 94
864 96
864 135
864 138
864 139
864 140
864 143
864 144
864 150
864 155
864 156
864 157
864 158
864 160
864 164
864 202
864 203
864 205
864 207
864 214
864 219
864 226
864 228
864 230
864 246
864 256
864 262
864 270
864 273
864 275
864 285
864 286
864 308
864 310
864 320
864 326
864 327
864 334
864 342
864 349
864 350
864 390
864 391
864 394
864 395
864 396
864 399
864 406
864 411
864 413
864 414
864 416
864 421
864 448
864 454
864 462
864 465
864 467
864 518
864 519
864 522
864 527
864 541
864 583
864 586
864 587
864 588
864 589
864 591
864 598
864 603
864 604
864 605
864 606
864 608
864 612
864 640
864 646
864 647
864 650
864 653
864 655
864 662
864 670
864 672
864 676
864 694
864 714
864 716
864 734
864 736
864 770
864 775
864 778
864 779
864 780
864 781
864 790
864 796
864 798
864 799
864 800
864 801
864 802
864 806
864 833
864 836
864 839
864 842
864 843
864 844
864 845
864 847
864 854
864 860
864 884
864 896
864 903
864 906
864 907
864 908
864 909
864 911
864 918
864 924
864 928
864 932
864 950
864 967
864 982
864 989
864 992
864 1024
864 1031
864 1039
864 1041
864 1052
864 1053
864 1054
864 1056
864 1095
864 1103
864 1110
864 1118
864 1120
864 1126
864 1152
864 1153
864 1161
864 1162
864 1163
864 1174
864 1177
864 1179
864 1182
864 1184
864 1188
864 1202
864 1226
864 1227
864 1231
864 1235
864 1238
864 1244
864 1252
864 1271
865 405
865 673
865 737
865 801
865 929
865 993
865 1057
866 674
866 738
866 802
866 930
866 994
866 1058
867 675
867 739
867 743
867 803
867 931
867 995
867 1059
868 516
868 676
868 740
868 804
868 932
868 996
868 1060
869 269
869 677
869 741
869 805
869 933
869 997
869 1061
870 678
870 742
870 806
870 885
870 934
870 987
870 998
870 1062
871 679
871 743
871 807
871 935
871 999
871 1063
872 680
872 744
872 808
872 936
872 1000
872 1064
873 681
873 745
873 809
873 937
873 1001
873 1065
874 642
874 682
874 746
874 810
874 938
874 939
874 1002
874 1066
874 1200
875 683
875 747
875 811
875 939
875 1003
875 1067
875 1239
876 163
876 684
876 748
876 812
876 940
876 1004
876 1068
876 1098
876 1142
877 685
877 749
877 813
877 941
877 1005
877 1069
877 1178
878 686
878 750
878 814
878 942
878 1006
878 1070
879 60
879 122
879 687
879 751
879 815
879 943
879 1007
879 1071
880 546
880 688
880 752
880 816
880 944
880 1008
880 1072
880 1104
880 1111
881 689
881 753
881 817
881 945
881 1009
881 1073
881 1267
882 165
882 690
882 754
882 786
882 818
882 946
882 996
882 1010
882 1074
883 476
883 691
883 755
883 819
883 947
883 1011
883 1075
883 1147
884 10
884 11
884 12
884 13
884 15
884 17
884 28
884 29
884 32
884 37
884 38
884 70
884 71
884 74
884 75
884 76
884 77
884 79
884 81
884 86
884 93
884 96
884 138
884 139
884 140
884 143
884 144
884 150
884 155
884 156
884 158
884 160
884 164
884 202
884 203
884 205
884 207
884 219
884 223
884 226
884 228
884 230
884 246
884 256
884 262
884 270
884 273
884 285
884 286
884 308
884 310
884 320
884 326
884 334
884 342
884 349
884 350
884 390
884 391
884 394
884 395
884 396
884 399
884 406
884 411
884 414
884 416
884 421
884 448
884 454
884 462
884 465
884 467
884 518
884 519
884 522
884 527
884 541
884 580
884 583
884 586
884 587
884 588
884 589
884 591
884 598
884 603
884 604
884 606
884 608
884 612
884 646
884 647
884 650
884 653
884 655
884 662
884 670
884 676
884 692
884 694
884 714
884 716
884 736
884 756
884 770
884 779
884 790
884 796
884 799
884 800
884 801
884 802
884 806
884 820
884 833
884 836
884 839
884 842
884 843
884 844
884 847
884 854
884 860
884 864
884 896
884 903
884 906
884 907
884 908
884 909
884 911
884 918
884 924
884 932
884 948
884 950
884 967
884 982
884 989
884 1012
884 1024
884 1031
884 1039
884 1052
884 1053
884 1076
884 1095
884 1103
884 1110
884 1118
884 1120
884 1126
884 1153
884 1161
884 1163
884 1167
884 1174
884 1177
884 1179
884 1182
884 1184
884 1188
884 1202
884 1226
884 1227
884 1229
884 1231
884 1238
884 1244
884 1252
884 1271
885 693
885 757
885 821
885 870
885 949
885 987
885 1013
885 1077
886 15
886 75
886 139
886 155
886 223
886 228
886 263
886 308
886 395
886 455
886 580
886 586
886 608
886 610
886 694
886 726
886 740
886 754
886 758
886 772
886 801
886 820
886 822
886 848
886 940
886 950
886 971
886 1014
886 1051
886 1078
886 1099
886 1116
886 1124
886 1153
886 1164
886 1167
886 1202
886 1227
886 1229
886 1271
887 614
887 695
887 759
887 823
887 859
887 951
887 1015
887 1079
887 1134
888 291
888 553
888 696
888 760
888 824
888 952
888 1016
888 1080
889 243
889 697
889 761
889 825
889 953
889 1017
889 1081
890 367
890 698
890 762
890 826
890 954
890 1018
890 1082
890 1276
891 171
891 699
891 763
891 827
891 955
891 1019
891 1083
892 700
892 764
892 828
892 956
892 1020
892 1084
893 338
893 701
893 765
893 829
893 957
893 1021
893 1085
894 440
894 494
894 702
894 766
894 830
894 958
894 1022
894 1059
894 1086
895 703
895 767
895 831
895 959
895 1023
895 1087
896 7
896 12
896 13
896 32
896 38
896 64
896 70
896 71
896 76
896 77
896 79
896 81
896 83
896 93
896 94
896 96
896 128
896 134
896 135
896 138
896 140
896 143
896 144
896 145
896 150
896 156
896 157
896 158
896 160
896 164
896 192
896 198
896 199
896 202
896 203
896 205
896 209
896 214
896 219
896 221
896 222
896 230
896 246
896 256
896 262
896 270
896 273
896 275
896 285
896 286
896 320
896 326
896 327
896 334
896 337
896 339
896 349
896 350
896 384
896 390
896 391
896 394
896 396
896 398
896 399
896 401
896 413
896 414
896 416
896 421
896 448
896 462
896 465
896 467
896 477
896 512
896 518
896 519
896 522
896 526
896 527
896 529
896 531
896 541
896 576
896 582
896 583
896 587
896 588
896 589
896 591
896 593
896 595
896 598
896 603
896 605
896 606
896 612
896 640
896 646
896 647
896 650
896 654
896 655
896 657
896 659
896 662
896 669
896 670
896 694
896 704
896 710
896 711
896 714
896 716
896 718
896 719
896 721
896 733
896 734
896 736
896 768
896 775
896 778
896 779
896 780
896 781
896 783
896 787
896 790
896 796
896 797
896 798
896 799
896 800
896 802
896 806
896 832
896 833
896 838
896 839
896 842
896 843
896 844
896 845
896 847
896 851
896 854
896 861
896 862
896 864
896 884
896 902
896 903
896 907
896 908
896 909
896 910
896 911
896 913
896 915
896 918
896 924
896 932
896 960
896 966
896 967
896 974
896 977
896 979
896 982
896 989
896 1024
896 1030
896 1031
896 1038
896 1039
896 1041
896 1043
896 1053
896 1054
896 1088
896 1094
896 1095
896 1102
896 1103
896 1105
896 1107
896 1110
896 1117
896 1126
896 1152
896 1158
896 1161
896 1162
896 1163
896 1165
896 1166
896 1169
896 1171
896 1174
896 1177
896 1179
896 1181
896 1182
896 1184
896 1188
896 1216
896 1223
896 1226
896 1230
896 1231
896 1233
896 1235
896 1238
896 1244
896 1245
896 1252
897 133
897 705
897 769
897 833
897 961
897 1025
897 1089
898 324
898 706
898 770
898 834
898 962
898 1026
898 1090
898 1224
899 624
899 707
899 771
899 835
899 963
899 1027
899 1091
900 708
900 772
900 836
900 964
900 1028
900 1092
901 272
901 709
901 773
901 837
901 965
901 1029
901 1093
902 0
902 6
902 14
902 19
902 64
902 71
902 78
902 79
902 83
902 93
902 94
902 96
902 128
902 134
902 135
902 140
902 142
902 145
902 147
902 150
902 156
902 157
902 192
902 198
902 199
902 203
902 206
902 209
902 211
902 214
902 221
902 222
902 230
902 270
902 273
902 275
902 285
902 327
902 337
902 339
902 384
902 391
902 398
902 401
902 403
902 413
902 465
902 467
902 477
902 512
902 518
902 519
902 526
902 529
902 531
902 541
902 576
902 582
902 590
902 593
902 595
902 598
902 605
902 606
902 640
902 646
902 647
902 654
902 657
902 659
902 662
902 669
902 704
902 710
902 711
902 716
902 718
902 719
902 721
902 723
902 733
902 734
902 768
902 774
902 775
902 778
902 780
902 781
902 782
902 783
902 785
902 787
902 790
902 796
902 797
902 798
902 799
902 832
902 838
902 839
902 845
902 846
902 849
902 851
902 861
902 862
902 896
902 910
902 913
902 915
902 918
902 925
902 960
902 966
902 974
902 977
902 979
902 989
902 1024
902 1030
902 1038
902 1041
902 1043
902 1054
902 1088
902 1094
902 1102
902 1105
902 1107
902 1117
902 1152
902 1158
902 1162
902 1165
902 1166
902 1169
902 1171
902 1181
902 1216
902 1222
902 1223
902 1230
902 1231
902 1233
902 1235
902 1238
902 1245
903 11
903 17
903 28
903 37
903 70
903 71
903 74
903 76
903 77
903 79
903 81
903 86
903 93
903 94
903 96
903 135
903 138
903 139
903 140
903 143
903 144
903 150
903 155
903 156
903 157
903 158
903 160
903 164
903 202
903 203
903 205
903 207
903 214
903 219
903 226
903 228
903 230
903 246
903 256
903 262
903 270
903 273
903 275
903 285
903 286
903 308
903 310
903 320
903 326
903 327
903 334
903 342
903 349
903 350
903 390
903 391
903 394
903 395
903 396
903 399
903 406
903 411
903 413
903 414
903 416
903 421
903 448
903 454
903 462
903 465
903 467
903 518
903 519
903 522
903 527
903 541
903 583
903 586
903 587
903 588
903 589
903 591
903 598
903 603
903 604
903 605
903 606
903 608
903 612
903 640
903 646
903 647
903 650
903 653
903 655
903 662
903 670
903 676
903 694
903 711
903 714
903 716
903 734
903 736
903 770
903 775
903 778
903 779
903 780
903 781
903 790
903 796
903 798
903 799
903 800
903 801
903 802
903 806
903 833
903 836
903 839
903 842
903 843
903 844
903 845
903 847
903 854
903 860
903 864
903 884
903 896
903 906
903 907
903 908
903 909
903 911
903 918
903 924
903 932
903 950
903 967
903 982
903 989
903 1024
903 1031
903 1039
903 1041
903 1052
903 1053
903 1054
903 1095
903 1103
903 1110
903 1118
903 1120
903 1126
903 1152
903 1153
903 1161
903 1162
903 1163
903 1174
903 1177
903 1179
903 1182
903 1184
903 1188
903 1202
903 1226
903 1227
903 1231
903 1235
903 1238
903 1244
903 1252
903 1271
904 517
904 712
904 776
904 840
904 968
904 1032
904 1096
905 9
905 73
905 137
905 201
905 265
905 329
905 393
905 457
905 521
905 581
905 645
905 713
905 777
905 837
905 841
905 968
905 969
905 1033
905 1097
905 1157
905 1221
906 10
906 29
906 74
906 75
906 77
906 86
906 138
906 139
906 143
906 144
906 155
906 158
906 160
906 202
906 207
906 219
906 223
906 226
906 228
906 246
906 256
906 262
906 263
906 308
906 310
906 320
906 326
906 342
906 349
906 390
906 394
906 395
906 396
906 399
906 406
906 411
906 414
906 416
906 421
906 454
906 455
906 462
906 522
906 527
906 580
906 583
906 586
906 588
906 589
906 591
906 603
906 604
906 608
906 612
906 650
906 653
906 655
906 670
906 676
906 694
906 714
906 736
906 770
906 772
906 778
906 779
906 800
906 801
906 806
906 820
906 833
906 836
906 842
906 843
906 847
906 848
906 860
906 864
906 884
906 903
906 907
906 908
906 909
906 911
906 924
906 932
906 950
906 967
906 970
906 982
906 1031
906 1034
906 1039
906 1052
906 1095
906 1098
906 1099
906 1103
906 1116
906 1118
906 1120
906 1124
906 1126
906 1153
906 1161
906 1163
906 1164
906 1167
906 1177
906 1179
906 1182
906 1184
906 1188
906 1202
906 1227
906 1229
906 1244
906 1252
906 1271
907 11
907 13
907 17
907 28
907 37
907 38
907 70
907 71
907 74
907 76
907 77
907 79
907 81
907 86
907 93
907 94
907 96
907 135
907 138
907 139
907 140
907 143
907 144
907 145
907 150
907 156
907 157
907 158
907 160
907 164
907 202
907 203
907 205
907 207
907 214
907 219
907 226
907 228
907 230
907 246
907 256
907 262
907 270
907 273
907 275
907 285
907 286
907 308
907 310
907 320
907 326
907 327
907 334
907 342
907 349
907 350
907 390
907 391
907 394
907 395
907 396
907 399
907 406
907 411
907 413
907 414
907 416
907 421
907 448
907 454
907 462
907 465
907 467
907 477
907 518
907 519
907 522
907 527
907 541
907 576
907 582
907 583
907 587
907 588
907 589
907 591
907 598
907 603
907 604
907 605
907 606
907 612
907 640
907 646
907 647
907 650
907 653
907 655
907 662
907 670
907 676
907 694
907 704
907 714
907 715
907 716
907 734
907 736
907 770
907 775
907 778
907 779
907 780
907 781
907 790
907 796
907 798
907 799
907 800
907 801
907 802
907 806
907 833
907 836
907 839
907 842
907 843
907 844
907 845
907 847
907 854
907 860
907 862
907 864
907 884
907 896
907 903
907 906
907 908
907 909
907 911
907 918
907 924
907 932
907 950
907 960
907 967
907 971
907 982
907 989
907 1024
907 1030
907 1031
907 1035
907 1039
907 1041
907 1052
907 1053
907 1054
907 1095
907 1099
907 1103
907 1110
907 1118
907 1120
907 1126
907 1152
907 1161
907 1162
907 1163
907 1165
907 1174
907 1177
907 1179
907 1182
907 1184
907 1188
907 1202
907 1226
907 1227
907 1231
907 1235
907 1238
907 1244
907 1252
907 1271
908 11
908 13
908 38
908 64
908 70
908 71
908 74
908 76
908 77
908 79
908 81
908 86
908 93
908 94
908 96
908 128
908 134
908 135
908 138
908 140
908 143
908 144
908 145
908 150
908 156
908 157
908 158
908 160
908 164
908 199
908 202
908 203
908 205
908 207
908 209
908 214
908 219
908 221
908 222
908 226
908 230
908 246
908 256
908 262
908 270
908 273
908 275
908 285
908 286
908 310
908 320
908 326
908 327
908 334
908 337
908 339
908 342
908 349
908 350
908 390
908 391
908 394
908 396
908 399
908 401
908 406
908 411
908 413
908 414
908 416
908 421
908 448
908 454
908 462
908 465
908 467
908 477
908 512
908 518
908 519
908 522
908 527
908 541
908 576
908 582
908 583
908 587
908 588
908 589
908 591
908 593
908 598
908 603
908 604
908 605
908 606
908 612
908 640
908 646
908 647
908 650
908 653
908 655
908 657
908 662
908 669
908 670
908 676
908 694
908 704
908 711
908 714
908 716
908 719
908 721
908 734
908 736
908 770
908 775
908 778
908 779
908 780
908 781
908 790
908 796
908 797
908 798
908 799
908 800
908 802
908 806
908 832
908 833
908 836
908 839
908 842
908 843
908 844
908 845
908 847
908 854
908 860
908 862
908 864
908 884
908 896
908 903
908 906
908 907
908 909
908 911
908 918
908 924
908 932
908 960
908 967
908 972
908 974
908 982
908 989
908 1024
908 1030
908 1031
908 1036
908 1038
908 1039
908 1041
908 1043
908 1052
908 1053
908 1054
908 1088
908 1094
908 1095
908 1100
908 1102
908 1103
908 1110
908 1117
908 1118
908 1120
908 1126
908 1152
908 1161
908 1162
908 1163
908 1165
908 1169
908 1174
908 1177
908 1179
908 1181
908 1182
908 1184
908 1188
908 1216
908 1226
908 1231
908 1235
908 1238
908 1244
908 1245
908 1252
909 11
909 13
909 38
909 70
909 71
909 74
909 76
909 77
909 79
909 81
909 86
909 93
909 94
909 96
909 135
909 138
909 140
909 143
909 144
909 145
909 150
909 156
909 157
909 158
909 160
909 164
909 202
909 203
909 205
909 207
909 209
909 214
909 219
909 222
909 226
909 230
909 246
909 256
909 262
909 270
909 273
909 275
909 285
909 286
909 308
909 310
909 320
909 326
909 327
909 334
909 337
909 339
909 342
909 349
909 350
909 390
909 391
909 394
909 396
909 399
909 401
909 406
909 411
909 413
909 414
909 416
909 421
909 448
909 454
909 462
909 465
909 467
909 477
909 512
909 518
909 519
909 522
909 527
909 541
909 576
909 582
909 583
909 587
909 588
909 589
909 591
909 598
909 603
909 604
909 605
909 606
909 612
909 640
909 646
909 647
909 650
909 653
909 655
909 662
909 669
909 670
909 676
909 694
909 704
909 711
909 714
909 716
909 717
909 734
909 736
909 770
909 775
909 778
909 779
909 780
909 781
909 790
909 796
909 797
909 798
909 799
909 800
909 802
909 806
909 833
909 836
909 839
909 842
909 843
909 844
909 845
909 847
909 854
909 860
909 862
909 864
909 884
909 896
909 903
909 906
909 907
909 908
909 911
909 918
909 924
909 932
909 950
909 960
909 967
909 973
909 974
909 982
909 989
909 1024
909 1030
909 1031
909 1037
909 1038
909 1039
909 1041
909 1043
909 1052
909 1053
909 1054
909 1088
909 1095
909 1101
909 1102
909 1103
909 1110
909 1117
909 1118
909 1120
909 1126
909 1152
909 1161
909 1162
909 1163
909 1165
909 1169
909 1174
909 1177
909 1179
909 1181
909 1182
909 1184
909 1188
909 1216
909 1226
909 1227
909 1231
909 1235
909 1238
909 1244
909 1245
909 1252
910 0
910 6
910 14
910 19
910 64
910 71
910 78
910 79
910 83
910 93
910 94
910 96
910 128
910 134
910 135
910 140
910 142
910 145
910 147
910 150
910 156
910 157
910 192
910 198
910 199
910 203
910 206
910 209
910 211
910 214
910 221
910 222
910 270
910 273
910 275
910 285
910 327
910 337
910 339
910 384
910 391
910 398
910 401
910 403
910 413
910 465
910 467
910 477
910 512
910 518
910 519
910 526
910 529
910 531
910 541
910 576
910 582
910 590
910 593
910 595
910 598
910 605
910 640
910 646
910 647
910 654
910 657
910 659
910 662
910 669
910 704
910 710
910 711
910 716
910 718
910 719
910 721
910 723
910 733
910 734
910 768
910 774
910 775
910 778
910 780
910 781
910 782
910 783
910 785
910 787
910 790
910 797
910 798
910 799
910 832
910 838
910 839
910 845
910 846
910 849
910 851
910 861
910 862
910 896
910 902
910 913
910 915
910 918
910 925
910 960
910 966
910 974
910 977
910 979
910 989
910 1024
910 1030
910 1038
910 1041
910 1043
910 1054
910 1088
910 1094
910 1102
910 1105
910 1107
910 1117
910 1152
910 1158
910 1162
910 1165
910 1166
910 1169
910 1171
910 1181
910 1216
910 1222
910 1223
910 1230
910 1231
910 1233
910 1235
910 1238
910 1245
911 11
911 13
911 17
911 28
911 37
911 38
911 70
911 71
911 74
911 76
911 77
911 79
911 81
911 86
911 93
911 94
911 96
911 135
911 138
911 139
911 140
911 143
911 144
911 145
911 150
911 156
911 157
911 158
911 160
911 164
911 202
911 203
911 205
911 207
911 214
911 219
911 226
911 228
911 230
911 246
911 256
911 262
911 270
911 273
911 275
911 285
911 286
911 308
911 310
911 320
911 326
911 327
911 334
911 342
911 349
911 350
911 390
911 391
911 394
911 395
911 396
911 399
911 401
911 406
911 411
911 413
911 414
911 416
911 421
911 448
911 454
911 462
911 465
911 467
911 477
911 512
911 518
911 519
911 522
911 527
911 541
911 576
911 582
911 583
911 587
911 588
911 589
911 591
911 598
911 603
911 604
911 605
911 606
911 612
911 640
911 646
911 647
911 650
911 653
911 655
911 662
911 669
911 670
911 676
911 694
911 704
911 714
911 716
911 719
911 734
911 736
911 770
911 775
911 778
911 779
911 780
911 781
911 783
911 790
911 796
911 797
911 798
911 799
911 800
911 801
911 802
911 806
911 833
911 836
911 839
911 842
911 843
911 844
911 845
911 847
911 854
911 860
911 862
911 864
911 884
911 896
911 903
911 906
911 907
911 908
911 909
911 918
911 924
911 932
911 950
911 960
911 967
911 975
911 982
911 989
911 1024
911 1030
911 1031
911 1039
911 1041
911 1052
911 1053
911 1054
911 1095
911 1103
911 1110
911 1117
911 1118
911 1120
911 1126
911 1152
911 1161
911 1162
911 1163
911 1165
911 1174
911 1177
911 1179
911 1181
911 1182
911 1184
911 1188
911 1226
911 1227
911 1231
911 1235
911 1238
911 1244
911 1252
911 1271
912 347
912 720
912 784
912 848
912 976
912 1040
912 1104
913 0
913 6
913 14
913 19
913 64
913 71
913 78
913 79
913 83
913 93
913 94
913 96
913 128
913 134
913 135
913 140
913 142
913 145
913 147
913 150
913 156
913 157
913 192
913 198
913 199
913 203
913 206
913 209
913 211
913 214
913 221
913 222
913 270
913 273
913 275
913 285
913 327
913 337
913 339
913 384
913 391
913 398
913 401
913 403
913 413
913 465
913 467
913 477
913 512
913 518
913 519
913 526
913 529
913 531
913 541
913 576
913 582
913 590
913 593
913 595
913 598
913 605
913 606
913 640
913 646
913 647
913 654
913 657
913 659
913 662
913 669
913 704
913 710
913 711
913 716
913 718
913 719
913 721
913 723
913 733
913 734
913 768
913 774
913 775
913 778
913 780
913 781
913 782
913 783
913 785
913 787
913 790
913 797
913 798
913 799
913 832
913 838
913 839
913 845
913 846
913 849
913 851
913 861
913 862
913 896
913 902
913 910
913 915
913 918
913 925
913 960
913 966
913 974
913 977
913 979
913 989
913 1024
913 1030
913 1038
913 1041
913 1043
913 1054
913 1088
913 1094
913 1102
913 1105
913 1107
913 1117
913 1152
913 1158
913 1162
913 1165
913 1166
913 1169
913 1171
913 1181
913 1216
913 1222
913 1223
913 1230
913 1231
913 1233
913 1235
913 1238
913 1245
914 722
914 786
914 850
914 978
914 1029
914 1042
914 1106
915 0
915 6
915 14
915 19
915 64
915 71
915 78
915 79
915 83
915 93
915 94
915 96
915 128
915 134
915 135
915 140
915 142
915 145
915 147
915 150
915 156
915 157
915 192
915 198
915 199
915 203
915 206
915 209
915 211
915 214
915 221
915 222
915 270
915 273
915 275
915 285
915 327
915 337
915 339
915 384
915 391
915 398
915 401
915 403
915 413
915 467
915 477
915 512
915 518
915 519
915 526
915 529
915 531
915 541
915 576
915 582
915 590
915 593
915 595
915 598
915 605
915 640
915 646
915 647
915 654
915 657
915 659
915 662
915 669
915 704
915 710
915 711
915 718
915 719
915 721
915 723
915 733
915 734
915 768
915 774
915 775
915 778
915 780
915 781
915 782
915 783
915 785
915 787
915 790
915 797
915 798
915 799
915 832
915 838
915 845
915 846
915 849
915 851
915 861
915 862
915 896
915 902
915 910
915 913
915 918
915 925
915 960
915 966
915 974
915 977
915 979
915 989
915 1024
915 1030
915 1038
915 1041
915 1043
915 1054
915 1088
915 1094
915 1102
915 1105
915 1107
915 1117
915 1152
915 1158
915 1162
915 1165
915 1166
915 1169
915 1171
915 1181
915 1216
915 1222
915 1223
915 1230
915 1231
915 1233
915 1235
915 1238
915 1245
916 724
916 788
916 852
916 980
916 1044
916 1108
917 725
917 789
917 853
917 981
917 1045
917 1109
918 7
918 12
918 13
918 32
918 64
918 70
918 71
918 76
918 77
918 79
918 81
918 83
918 93
918 94
918 96
918 128
918 134
918 135
918 138
918 140
918 143
918 144
918 145
918 147
918 150
918 156
918 157
918 158
918 160
918 164
918 192
918 198
918 199
918 202
918 203
918 205
918 206
918 209
918 214
918 219
918 221
918 222
918 230
918 246
918 256
918 262
918 270
918 273
918 275
918 285
918 286
918 320
918 326
918 327
918 334
918 337
918 339
918 349
918 350
918 384
918 390
918 391
918 394
918 396
918 398
918 399
918 401
918 413
918 414
918 416
918 421
918 448
918 462
918 465
918 467
918 477
918 512
918 518
918 519
918 526
918 529
918 531
918 541
918 576
918 582
918 583
918 587
918 588
918 589
918 591
918 593
918 595
918 598
918 603
918 605
918 606
918 612
918 640
918 646
918 647
918 650
918 654
918 655
918 657
918 659
918 662
918 669
918 670
918 694
918 704
918 710
918 711
918 714
918 716
918 718
918 719
918 721
918 723
918 726
918 733
918 734
918 736
918 768
918 775
918 778
918 779
918 780
918 781
918 783
918 787
918 790
918 796
918 797
918 798
918 799
918 800
918 802
918 806
918 832
918 833
918 838
918 839
918 842
918 843
918 844
918 845
918 846
918 847
918 849
918 851
918 854
918 861
918 862
918 864
918 884
918 896
918 902
918 903
918 907
918 908
918 909
918 910
918 911
918 913
918 915
918 924
918 925
918 932
918 960
918 966
918 967
918 974
918 977
918 979
918 982
918 989
918 1024
918 1030
918 1031
918 1038
918 1039
918 1041
918 1043
918 1046
918 1053
918 1054
918 1088
918 1094
918 1095
918 1102
918 1103
918 1105
918 1107
918 1110
918 1117
918 1126
918 1152
918 1158
918 1161
918 1162
918 1163
918 1165
918 1166
918 1169
918 1171
918 1174
918 1177
918 1181
918 1182
918 1184
918 1188
918 1216
918 1223
918 1226
918 1230
918 1231
918 1233
918 1235
918 1238
918 1244
918 1245
918 1252
919 174
919 727
919 791
919 855
919 983
919 1047
919 1111
919 1256
920 728
920 792
920 856
920 984
920 1048
920 1112
921 729
921 793
921 857
921 985
921 1049
921 1113
922 260
922 730
922 794
922 811
922 858
922 986
922 1007
922 1050
922 1114
922 1160
923 39
923 731
923 795
923 859
923 987
923 1051
923 1115
924 11
924 17
924 28
924 37
924 70
924 71
924 74
924 76
924 77
924 79
924 81
924 86
924 93
924 94
924 96
924 135
924 138
924 139
924 140
924 143
924 144
924 150
924 155
924 156
924 157
924 158
924 160
924 164
924 202
924 203
924 205
924 207
924 214
924 219
924 226
924 228
924 230
924 246
924 256
924 262
924 270
924 273
924 275
924 285
924 286
924 308
924 310
924 320
924 326
924 327
924 334
924 342
924 349
924 350
924 390
924 391
924 394
924 395
924 396
924 399
924 406
924 411
924 413
924 414
924 416
924 421
924 448
924 454
924 462
924 465
924 467
924 518
924 519
924 522
924 527
924 541
924 583
924 586
924 587
924 588
924 589
924 591
924 598
924 603
924 604
924 605
924 606
924 608
924 612
924 640
924 646
924 647
924 650
924 653
924 655
924 662
924 670
924 676
924 694
924 714
924 716
924 732
924 734
924 736
924 770
924 775
924 778
924 779
924 780
924 781
924 790
924 796
924 798
924 799
924 800
924 801
924 802
924 806
924 833
924 836
924 839
924 842
924 843
924 844
924 845
924 847
924 854
924 860
924 864
924 884
924 896
924 903
924 906
924 907
924 908
924 909
924 911
924 918
924 932
924 950
924 967
924 982
924 988
924 989
924 1024
924 1031
924 1039
924 1041
924 1052
924 1053
924 1054
924 1095
924 1103
924 1110
924 1116
924 1118
924 1120
924 1126
924 1152
924 1153
924 1161
924 1162
924 1163
924 1174
924 1177
924 1179
924 1182
924 1184
924 1188
924 1202
924 1226
924 1227
924 1231
924 1235
924 1238
924 1244
924 1252
924 1271
925 6
925 14
925 19
925 64
925 71
925 78
925 79
925 83
925 93
925 94
925 128
925 134
925 135
925 142
925 145
925 147
925 150
925 157
925 192
925 198
925 199
925 206
925 209
925 211
925 214
925 221
925 222
925 273
925 275
925 327
925 337
925 339
925 384
925 398
925 401
925 403
925 413
925 467
925 477
925 512
925 518
925 519
925 526
925 529
925 531
925 541
925 576
925 582
925 590
925 593
925 595
925 605
925 640
925 647
925 654
925 657
925 659
925 669
925 704
925 710
925 711
925 718
925 719
925 721
925 723
925 733
925 734
925 768
925 774
925 775
925 778
925 780
925 781
925 782
925 783
925 785
925 787
925 797
925 798
925 832
925 838
925 845
925 846
925 849
925 851
925 861
925 862
925 902
925 910
925 913
925 915
925 918
925 960
925 966
925 974
925 977
925 979
925 989
925 1024
925 1030
925 1038
925 1041
925 1043
925 1053
925 1054
925 1088
925 1094
925 1102
925 1105
925 1107
925 1117
925 1152
925 1158
925 1162
925 1165
925 1166
925 1169
925 1171
925 1181
925 1216
925 1222
925 1223
925 1230
925 1233
925 1235
925 1245
926 734
926 798
926 862
926 929
926 990
926 1054
926 1118
927 48
927 735
927 799
927 863
927 991
927 1055
927 1067
927 1119
928 736
928 800
928 864
928 992
928 1056
928 1120
929 737
929 801
929 865
929 926
929 993
929 1057
929 1121
930 738
930 802
930 866
930 994
930 1058
930 1122
931 193
931 739
931 803
931 867
931 995
931 1059
931 1123
932 11
932 17
932 28
932 37
932 70
932 71
932 74
932 75
932 76
932 77
932 79
932 81
932 86
932 93
932 94
932 96
932 135
932 138
932 139
932 140
932 143
932 144
932 150
932 155
932 156
932 158
932 160
932 164
932 202
932 203
932 205
932 207
932 219
932 223
932 226
932 228
932 230
932 246
932 256
932 262
932 270
932 273
932 285
932 286
932 308
932 310
932 320
932 326
932 334
932 342
932 349
932 350
932 390
932 391
932 394
932 395
932 396
932 399
932 406
932 411
932 414
932 416
932 421
932 448
932 454
932 462
932 465
932 467
932 518
932 519
932 522
932 527
932 541
932 583
932 586
932 587
932 588
932 589
932 591
932 598
932 603
932 604
932 606
932 608
932 612
932 646
932 647
932 650
932 653
932 655
932 662
932 670
932 676
932 694
932 714
932 716
932 736
932 740
932 770
932 779
932 781
932 790
932 796
932 799
932 800
932 801
932 802
932 804
932 806
932 833
932 836
932 839
932 842
932 843
932 844
932 847
932 854
932 860
932 864
932 868
932 884
932 896
932 903
932 906
932 907
932 908
932 909
932 911
932 918
932 924
932 950
932 967
932 982
932 989
932 996
932 1024
932 1031
932 1039
932 1052
932 1053
932 1060
932 1095
932 1103
932 1110
932 1118
932 1120
932 1124
932 1126
932 1152
932 1153
932 1161
932 1162
932 1163
932 1167
932 1174
932 1177
932 1179
932 1182
932 1184
932 1188
932 1202
932 1226
932 1227
932 1231
932 1238
932 1244
932 1252
932 1271
933 672
933 741
933 805
933 869
933 997
933 1061
933 1125
934 742
934 806
934 870
934 998
934 1062
934 1126
935 168
935 565
935 743
935 807
935 871
935 999
935 1063
935 1127
936 706
936 744
936 808
936 872
936 1000
936 1064
936 1128
937 745
937 809
937 873
937 1001
937 1065
937 1129
938 114
938 746
938 810
938 850
938 874
938 1002
938 1066
938 1130
939 642
939 747
939 811
939 874
939 875
939 1003
939 1067
939 1131
939 1200
940 385
940 610
940 626
940 726
940 740
940 748
940 754
940 812
940 876
940 886
940 971
940 1004
940 1051
940 1068
940 1099
940 1132
940 1250
941 749
941 813
941 877
941 1005
941 1069
941 1133
942 482
942 750
942 814
942 878
942 1006
942 1070
942 1134
943 485
943 751
943 815
943 879
943 1002
943 1007
943 1071
943 1135
944 252
944 752
944 816
944 880
944 1008
944 1072
944 1136
945 753
945 817
945 881
945 1009
945 1073
945 1137
945 1269
946 438
946 754
946 818
946 882
946 1010
946 1074
946 1138
947 755
947 819
947 883
947 1011
947 1075
947 1139
947 1189
948 756
948 820
948 884
948 1012
948 1076
948 1140
949 751
949 757
949 821
949 885
949 1013
949 1077
949 1141
949 1263
950 10
950 29
950 74
950 75
950 77
950 86
950 138
950 139
950 143
950 144
950 155
950 158
950 160
950 202
950 207
950 223
950 226
950 228
950 246
950 256
950 262
950 263
950 308
950 310
950 320
950 326
950 342
950 349
950 390
950 394
950 395
950 396
950 399
950 406
950 411
950 414
950 416
950 421
950 454
950 455
950 462
950 522
950 527
950 580
950 583
950 586
950 589
950 591
950 603
950 604
950 608
950 612
950 650
950 653
950 655
950 670
950 676
950 694
950 726
950 736
950 758
950 770
950 772
950 779
950 801
950 820
950 822
950 833
950 836
950 843
950 848
950 860
950 864
950 884
950 886
950 903
950 906
950 907
950 909
950 911
950 924
950 932
950 967
950 1014
950 1031
950 1039
950 1052
950 1078
950 1095
950 1099
950 1103
950 1116
950 1118
950 1120
950 1124
950 1126
950 1142
950 1153
950 1161
950 1164
950 1167
950 1177
950 1179
950 1182
950 1184
950 1188
950 1202
950 1227
950 1229
950 1244
950 1252
950 1271
951 668
951 759
951 823
951 887
951 1015
951 1079
951 1143
952 760
952 824
952 888
952 1016
952 1080
952 1144
953 322
953 761
953 825
953 889
953 1017
953 1078
953 1081
953 1145
954 762
954 826
954 890
954 1018
954 1082
954 1146
955 445
955 763
955 827
955 891
955 1019
955 1083
955 1147
956 382
956 764
956 828
956 892
956 1020
956 1084
956 1148
957 765
957 823
957 829
957 893
957 1021
957 1085
957 1149
958 766
958 830
958 894
958 1022
958 1086
958 1150
959 447
959 666
959 767
959 831
959 895
959 1023
959 1087
959 1151
960 0
960 7
960 12
960 32
960 64
960 71
960 79
960 93
960 94
960 96
960 128
960 134
960 135
960 140
960 142
960 145
960 147
960 150
960 156
960 157
960 158
960 164
960 192
960 198
960 199
960 202
960 203
960 205
960 206
960 209
960 214
960 219
960 221
960 222
960 230
960 246
960 256
960 270
960 273
960 275
960 285
960 286
960 320
960 326
960 327
960 334
960 337
960 339
960 350
960 384
960 391
960 396
960 398
960 399
960 401
960 403
960 413
960 414
960 448
960 462
960 465
960 467
960 477
960 512
960 518
960 519
960 526
960 529
960 531
960 541
960 576
960 582
960 587
960 588
960 589
960 590
960 591
960 593
960 595
960 598
960 603
960 605
960 606
960 612
960 640
960 646
960 647
960 654
960 655
960 657
960 659
960 662
960 669
960 670
960 694
960 704
960 710
960 711
960 714
960 716
960 718
960 719
960 721
960 723
960 733
960 734
960 768
960 774
960 775
960 778
960 779
960 780
960 781
960 782
960 783
960 785
960 787
960 790
960 796
960 797
960 798
960 799
960 800
960 802
960 806
960 832
960 833
960 838
960 839
960 842
960 844
960 845
960 846
960 847
960 849
960 851
960 854
960 861
960 862
960 896
960 902
960 907
960 908
960 909
960 910
960 911
960 913
960 915
960 918
960 925
960 966
960 967
960 974
960 977
960 979
960 982
960 989
960 1024
960 1030
960 1031
960 1038
960 1039
960 1041
960 1043
960 1053
960 1054
960 1088
960 1094
960 1095
960 1102
960 1105
960 1107
960 1110
960 1117
960 1152
960 1158
960 1162
960 1163
960 1165
960 1166
960 1169
960 1171
960 1174
960 1181
960 1216
960 1222
960 1223
960 1226
960 1230
960 1231
960 1233
960 1235
960 1238
960 1245
960 1252
961 556
961 769
961 833
961 897
961 1025
961 1089
961 1153
962 770
962 834
962 898
962 1026
962 1090
962 1154
963 619
963 771
963 835
963 899
963 1027
963 1091
963 1155
964 348
964 552
964 772
964 812
964 836
964 900
964 1028
964 1092
964 1156
965 357
965 773
965 837
965 901
965 1029
965 1093
965 1157
966 0
966 6
966 14
966 19
966 64
966 78
966 83
966 128
966 134
966 135
966 140
966 142
966 145
966 147
966 150
966 156
966 157
966 192
966 198
966 199
966 203
966 206
966 209
966 211
966 214
966 221
966 222
966 230
966 270
966 273
966 275
966 285
966 327
966 337
966 339
966 384
966 391
966 398
966 401
966 403
966 413
966 465
966 467
966 477
966 512
966 518
966 519
966 526
966 529
966 531
966 541
966 576
966 582
966 590
966 593
966 595
966 598
966 605
966 606
966 640
966 646
966 647
966 654
966 657
966 659
966 662
966 669
966 704
966 710
966 711
966 716
966 718
966 719
966 721
966 723
966 733
966 734
966 768
966 774
966 775
966 778
966 780
966 781
966 782
966 783
966 785
966 787
966 790
966 796
966 797
966 798
966 799
966 832
966 838
966 839
966 845
966 846
966 849
966 851
966 861
966 862
966 896
966 902
966 910
966 913
966 915
966 918
966 925
966 960
966 974
966 977
966 979
966 989
966 1024
966 1030
966 1038
966 1041
966 1043
966 1054
966 1088
966 1094
966 1102
966 1105
966 1107
966 1117
966 1152
966 1158
966 1162
966 1165
966 1166
966 1169
966 1171
966 1181
966 1216
966 1222
966 1223
966 1230
966 1231
966 1233
966 1235
966 1238
966 1245
967 11
967 13
967 17
967 28
967 37
967 38
967 76
967 77
967 81
967 135
967 138
967 139
967 140
967 143
967 144
967 145
967 150
967 156
967 157
967 158
967 160
967 164
967 202
967 203
967 205
967 207
967 214
967 219
967 226
967 228
967 230
967 246
967 256
967 262
967 270
967 273
967 275
967 285
967 286
967 308
967 310
967 320
967 326
967 327
967 334
967 342
967 349
967 350
967 390
967 391
967 394
967 395
967 396
967 399
967 406
967 411
967 413
967 414
967 416
967 421
967 448
967 454
967 462
967 465
967 467
967 477
967 518
967 519
967 522
967 527
967 541
967 576
967 582
967 583
967 587
967 588
967 589
967 591
967 598
967 603
967 604
967 605
967 606
967 612
967 640
967 646
967 647
967 650
967 653
967 655
967 662
967 670
967 676
967 694
967 704
967 714
967 716
967 734
967 736
967 770
967 775
967 778
967 779
967 780
967 781
967 790
967 796
967 797
967 798
967 799
967 800
967 801
967 802
967 806
967 833
967 836
967 839
967 842
967 843
967 844
967 845
967 847
967 854
967 860
967 862
967 864
967 884
967 896
967 903
967 906
967 907
967 908
967 909
967 911
967 918
967 924
967 932
967 950
967 960
967 982
967 989
967 1024
967 1030
967 1031
967 1039
967 1041
967 1052
967 1053
967 1054
967 1095
967 1103
967 1110
967 1118
967 1120
967 1126
967 1152
967 1159
967 1161
967 1162
967 1163
967 1165
967 1174
967 1177
967 1179
967 1182
967 1184
967 1188
967 1226
967 1227
967 1231
967 1235
967 1238
967 1244
967 1252
967 1271
968 9
968 73
968 137
968 201
968 265
968 329
968 393
968 457
968 521
968 581
968 645
968 713
968 776
968 777
968 837
968 840
968 904
968 905
968 1032
968 1033
968 1096
968 1097
968 1157
968 1160
968 1221
969 548
969 777
969 841
969 905
969 1033
969 1097
969 1161
970 397
970 778
970 842
970 906
970 1034
970 1098
970 1162
971 155
971 223
971 263
971 455
971 580
971 586
971 608
971 610
971 726
971 740
971 754
971 772
971 779
971 820
971 843
971 848
971 886
971 907
971 940
971 1035
971 1051
971 1099
971 1116
971 1124
971 1153
971 1163
971 1164
971 1167
971 1229
972 780
972 844
972 908
972 1036
972 1100
972 1164
973 715
973 781
973 845
973 909
973 1010
973 1037
973 1101
973 1165
974 0
974 6
974 7
974 14
974 32
974 64
974 71
974 79
974 83
974 93
974 94
974 128
974 134
974 135
974 140
974 142
974 145
974 147
974 150
974 156
974 157
974 164
974 192
974 198
974 199
974 203
974 205
974 206
974 209
974 211
974 214
974 219
974 221
974 222
974 230
974 256
974 270
974 273
974 275
974 285
974 286
974 320
974 326
974 327
974 334
974 337
974 339
974 350
974 384
974 391
974 396
974 398
974 399
974 401
974 403
974 413
974 448
974 462
974 465
974 467
974 477
974 512
974 518
974 519
974 526
974 529
974 531
974 541
974 576
974 582
974 587
974 588
974 589
974 590
974 591
974 593
974 595
974 598
974 605
974 606
974 640
974 646
974 647
974 654
974 655
974 657
974 659
974 662
974 669
974 694
974 704
974 710
974 711
974 714
974 716
974 718
974 719
974 721
974 723
974 733
974 734
974 768
974 774
974 775
974 778
974 780
974 781
974 782
974 783
974 785
974 787
974 790
974 796
974 797
974 798
974 799
974 800
974 802
974 806
974 832
974 833
974 838
974 839
974 842
974 844
974 845
974 846
974 847
974 849
974 851
974 854
974 861
974 862
974 896
974 902
974 908
974 909
974 910
974 913
974 915
974 918
974 925
974 960
974 966
974 977
974 979
974 982
974 989
974 1024
974 1030
974 1031
974 1038
974 1041
974 1043
974 1053
974 1054
974 1088
974 1094
974 1102
974 1105
974 1107
974 1110
974 1117
974 1152
974 1158
974 1162
974 1163
974 1165
974 1166
974 1169
974 1171
974 1174
974 1181
974 1216
974 1222
974 1223
974 1226
974 1230
974 1231
974 1233
974 1235
974 1238
974 1245
975 783
975 847
975 911
975 1039
975 1103
975 1167
976 261
976 359
976 784
976 848
976 912
976 1040
976 1104
976 1168
977 0
977 6
977 14
977 19
977 64
977 78
977 83
977 128
977 134
977 135
977 140
977 142
977 145
977 147
977 150
977 156
977 157
977 164
977 192
977 198
977 199
977 203
977 205
977 206
977 209
977 211
977 214
977 221
977 222
977 230
977 270
977 273
977 275
977 285
977 327
977 334
977 337
977 339
977 350
977 384
977 391
977 398
977 401
977 403
977 413
977 448
977 465
977 467
977 477
977 512
977 518
977 519
977 526
977 529
977 531
977 541
977 576
977 582
977 587
977 590
977 593
977 595
977 598
977 605
977 606
977 640
977 646
977 647
977 654
977 657
977 659
977 662
977 669
977 704
977 710
977 711
977 716
977 718
977 719
977 721
977 723
977 733
977 734
977 768
977 774
977 775
977 778
977 780
977 781
977 782
977 783
977 785
977 787
977 790
977 796
977 797
977 798
977 799
977 802
977 832
977 838
977 839
977 842
977 844
977 845
977 846
977 849
977 851
977 854
977 861
977 862
977 896
977 902
977 910
977 913
977 915
977 918
977 925
977 960
977 966
977 974
977 979
977 989
977 1024
977 1030
977 1038
977 1041
977 1043
977 1053
977 1054
977 1088
977 1094
977 1102
977 1105
977 1107
977 1117
977 1152
977 1158
977 1162
977 1165
977 1166
977 1169
977 1171
977 1181
977 1216
977 1222
977 1223
977 1226
977 1230
977 1231
977 1233
977 1235
977 1238
977 1245
978 786
978 850
978 914
978 1042
978 1106
978 1170
978 1214
979 0
979 6
979 14
979 19
979 64
979 78
979 83
979 128
979 134
979 135
979 140
979 142
979 145
979 147
979 150
979 156
979 157
979 164
979 192
979 198
979 199
979 203
979 205
979 206
979 209
979 211
979 214
979 221
979 222
979 230
979 270
979 273
979 275
979 285
979 327
979 334
979 337
979 339
979 350
979 384
979 391
979 398
979 401
979 403
979 413
979 448
979 465
979 467
979 477
979 512
979 518
979 519
979 526
979 529
979 531
979 541
979 576
979 582
979 587
979 590
979 593
979 595
979 598
979 605
979 606
979 640
979 646
979 647
979 654
979 657
979 659
979 662
979 669
979 704
979 710
979 711
979 716
979 718
979 719
979 721
979 723
979 733
979 734
979 768
979 774
979 775
979 778
979 780
979 781
979 782
979 783
979 785
979 787
979 790
979 796
979 797
979 798
979 799
979 802
979 832
979 838
979 839
979 842
979 844
979 845
979 846
979 849
979 851
979 854
979 861
979 862
979 896
979 902
979 910
979 913
979 915
979 918
979 925
979 960
979 966
979 974
979 977
979 989
979 1024
979 1030
979 1038
979 1041
979 1043
979 1053
979 1054
979 1088
979 1094
979 1102
979 1105
979 1107
979 1110
979 1117
979 1152
979 1158
979 1162
979 1165
979 1166
979 1169
979 1171
979 1174
979 1181
979 1216
979 1222
979 1223
979 1226
979 1230
979 1231
979 1233
979 1235
979 1238
979 1245
980 788
980 852
980 916
980 1044
980 1096
980 1108
980 1172
981 111
981 486
981 789
981 853
981 917
981 1045
981 1109
981 1173
982 11
982 13
982 38
982 70
982 76
982 77
982 81
982 96
982 128
982 134
982 135
982 138
982 140
982 143
982 144
982 145
982 150
982 156
982 157
982 158
982 160
982 164
982 199
982 202
982 203
982 205
982 207
982 209
982 214
982 219
982 221
982 222
982 226
982 230
982 246
982 256
982 262
982 270
982 273
982 275
982 285
982 286
982 310
982 320
982 326
982 327
982 334
982 337
982 339
982 342
982 349
982 350
982 390
982 391
982 394
982 396
982 399
982 401
982 406
982 411
982 413
982 414
982 416
982 421
982 448
982 454
982 462
982 465
982 467
982 477
982 512
982 518
982 519
982 522
982 527
982 541
982 576
982 582
982 583
982 587
982 588
982 589
982 591
982 593
982 598
982 603
982 604
982 605
982 606
982 612
982 640
982 646
982 647
982 650
982 653
982 655
982 657
982 662
982 669
982 670
982 676
982 694
982 704
982 711
982 714
982 716
982 719
982 721
982 734
982 736
982 770
982 775
982 778
982 779
982 780
982 781
982 790
982 796
982 797
982 798
982 799
982 800
982 802
982 806
982 832
982 833
982 836
982 839
982 842
982 843
982 844
982 845
982 847
982 854
982 860
982 862
982 864
982 884
982 896
982 903
982 906
982 907
982 908
982 909
982 911
982 918
982 924
982 932
982 960
982 967
982 974
982 989
982 1024
982 1030
982 1031
982 1038
982 1039
982 1041
982 1043
982 1046
982 1052
982 1053
982 1054
982 1088
982 1094
982 1095
982 1102
982 1103
982 1105
982 1110
982 1117
982 1118
982 1120
982 1126
982 1152
982 1161
982 1162
982 1163
982 1165
982 1169
982 1174
982 1177
982 1179
982 1181
982 1182
982 1184
982 1188
982 1216
982 1223
982 1226
982 1231
982 1235
982 1238
982 1244
982 1245
982 1252
983 791
983 855
983 919
983 1047
983 1111
983 1175
984 61
984 506
984 792
984 856
984 920
984 1048
984 1112
984 1176
985 412
985 436
985 549
985 793
985 857
985 921
985 1049
985 1113
985 1177
986 794
986 858
986 922
986 1040
986 1050
986 1114
986 1178
987 795
987 859
987 870
987 885
987 923
987 1051
987 1115
987 1179
988 796
988 860
988 924
988 1052
988 1116
988 1180
989 7
989 12
989 13
989 32
989 70
989 71
989 79
989 81
989 93
989 94
989 96
989 128
989 134
989 135
989 138
989 140
989 143
989 144
989 145
989 147
989 150
989 156
989 157
989 158
989 160
989 164
989 192
989 198
989 199
989 202
989 203
989 205
989 206
989 209
989 214
989 219
989 221
989 222
989 230
989 246
989 256
989 262
989 270
989 273
989 275
989 285
989 286
989 320
989 326
989 327
989 334
989 337
989 339
989 349
989 350
989 384
989 390
989 391
989 394
989 396
989 398
989 399
989 401
989 413
989 414
989 416
989 448
989 462
989 465
989 467
989 477
989 512
989 518
989 519
989 526
989 529
989 531
989 541
989 576
989 582
989 583
989 587
989 588
989 589
989 591
989 593
989 595
989 598
989 603
989 605
989 606
989 612
989 640
989 646
989 647
989 650
989 654
989 655
989 657
989 659
989 662
989 669
989 670
989 694
989 704
989 710
989 711
989 714
989 716
989 718
989 719
989 721
989 723
989 733
989 734
989 736
989 768
989 775
989 778
989 779
989 780
989 781
989 783
989 785
989 787
989 790
989 796
989 797
989 798
989 799
989 800
989 802
989 806
989 832
989 833
989 838
989 839
989 842
989 843
989 844
989 845
989 846
989 847
989 849
989 851
989 854
989 861
989 862
989 864
989 884
989 896
989 902
989 903
989 907
989 908
989 909
989 910
989 911
989 913
989 915
989 918
989 924
989 925
989 932
989 960
989 966
989 967
989 974
989 977
989 979
989 982
989 1024
989 1030
989 1031
989 1038
989 1039
989 1041
989 1043
989 1053
989 1054
989 1088
989 1094
989 1095
989 1102
989 1103
989 1105
989 1107
989 1110
989 1117
989 1126
989 1152
989 1158
989 1161
989 1162
989 1163
989 1165
989 1166
989 1169
989 1171
989 1174
989 1177
989 1181
989 1182
989 1184
989 1188
989 1216
989 1223
989 1226
989 1230
989 1231
989 1233
989 1235
989 1238
989 1244
989 1245
989 1252
990 69
990 798
990 862
990 926
990 1054
990 1118
990 1182
991 249
991 688
991 799
991 863
991 927
991 1016
991 1055
991 1119
991 1183
992 722
992 800
992 864
992 928
992 1056
992 1120
992 1184
993 191
993 381
993 801
993 865
993 929
993 1057
993 1121
993 1127
993 1150
993 1185
994 695
994 760
994 802
994 866
994 930
994 1058
994 1122
994 1186
994 1234
995 560
995 803
995 867
995 931
995 1059
995 1123
995 1187
996 165
996 786
996 804
996 868
996 882
996 932
996 1060
996 1124
996 1188
997 649
997 805
997 869
997 933
997 1061
997 1106
997 1125
997 1189
998 806
998 870
998 934
998 1062
998 1126
998 1190
999 392
999 750
999 807
999 871
999 935
999 1063
999 1127
999 1191
1000 67
1000 808
1000 872
1000 936
1000 1028
1000 1064
1000 1128
1000 1192
1001 809
1001 873
1001 937
1001 1065
1001 1129
1001 1193
1002 485
1002 810
1002 874
1002 938
1002 943
1002 1066
1002 1130
1002 1194
1003 59
1003 363
1003 511
1003 811
1003 875
1003 939
1003 1067
1003 1131
1003 1195
1004 567
1004 569
1004 812
1004 876
1004 940
1004 1068
1004 1132
1004 1196
1005 41
1005 215
1005 236
1005 498
1005 725
1005 813
1005 877
1005 941
1005 1069
1005 1133
1005 1197
1006 274
1006 814
1006 878
1006 942
1006 1070
1006 1134
1006 1198
1007 260
1007 811
1007 815
1007 879
1007 922
1007 943
1007 1071
1007 1135
1007 1160
1007 1199
1008 816
1008 880
1008 944
1008 1072
1008 1136
1008 1200
1009 817
1009 881
1009 945
1009 1018
1009 1073
1009 1137
1009 1201
1010 715
1010 818
1010 882
1010 946
1010 973
1010 1074
1010 1138
1010 1202
1011 819
1011 883
1011 947
1011 1075
1011 1139
1011 1203
1012 820
1012 884
1012 948
1012 1076
1012 1140
1012 1204
1012 1207
1013 264
1013 821
1013 885
1013 949
1013 1077
1013 1141
1013 1205
1014 1
1014 822
1014 886
1014 950
1014 1078
1014 1142
1014 1206
1015 555
1015 823
1015 887
1015 951
1015 1079
1015 1143
1015 1207
1016 249
1016 688
1016 824
1016 888
1016 952
1016 991
1016 1080
1016 1144
1016 1208
1017 825
1017 889
1017 953
1017 1081
1017 1145
1017 1209
1018 826
1018 890
1018 954
1018 1009
1018 1082
1018 1146
1018 1210
1019 689
1019 762
1019 827
1019 891
1019 955
1019 1083
1019 1147
1019 1211
1020 254
1020 828
1020 892
1020 956
1020 1084
1020 1148
1020 1212
1021 828
1021 829
1021 893
1021 957
1021 1085
1021 1149
1021 1213
1022 830
1022 894
1022 958
1022 1086
1022 1150
1022 1214
1023 313
1023 831
1023 895
1023 959
1023 1087
1023 1151
1023 1215
1024 7
1024 12
1024 13
1024 32
1024 38
1024 70
1024 71
1024 76
1024 79
1024 81
1024 93
1024 94
1024 96
1024 135
1024 140
1024 145
1024 150
1024 156
1024 157
1024 164
1024 192
1024 198
1024 199
1024 202
1024 203
1024 205
1024 209
1024 214
1024 219
1024 221
1024 222
1024 230
1024 246
1024 256
1024 262
1024 270
1024 273
1024 275
1024 285
1024 286
1024 320
1024 326
1024 327
1024 334
1024 337
1024 339
1024 349
1024 350
1024 384
1024 390
1024 391
1024 394
1024 396
1024 398
1024 399
1024 401
1024 413
1024 414
1024 416
1024 421
1024 448
1024 462
1024 465
1024 467
1024 477
1024 512
1024 518
1024 519
1024 526
1024 529
1024 531
1024 541
1024 576
1024 582
1024 583
1024 587
1024 588
1024 589
1024 591
1024 593
1024 595
1024 598
1024 603
1024 605
1024 606
1024 612
1024 640
1024 646
1024 647
1024 650
1024 654
1024 655
1024 657
1024 659
1024 662
1024 669
1024 670
1024 694
1024 704
1024 710
1024 711
1024 714
1024 716
1024 718
1024 719
1024 721
1024 723
1024 733
1024 734
1024 736
1024 768
1024 775
1024 778
1024 779
1024 780
1024 781
1024 783
1024 787
1024 790
1024 796
1024 797
1024 798
1024 799
1024 800
1024 802
1024 806
1024 832
1024 833
1024 838
1024 839
1024 842
1024 843
1024 844
1024 845
1024 847
1024 851
1024 854
1024 861
1024 862
1024 864
1024 884
1024 896
1024 902
1024 903
1024 907
1024 908
1024 909
1024 910
1024 911
1024 913
1024 915
1024 918
1024 924
1024 925
1024 932
1024 960
1024 966
1024 967
1024 974
1024 977
1024 979
1024 982
1024 989
1024 1030
1024 1031
1024 1038
1024 1039
1024 1041
1024 1043
1024 1053
1024 1054
1024 1088
1024 1094
1024 1095
1024 1102
1024 1103
1024 1105
1024 1107
1024 1110
1024 1117
1024 1126
1024 1152
1024 1158
1024 1161
1024 1162
1024 1163
1024 1165
1024 1166
1024 1169
1024 1171
1024 1174
1024 1177
1024 1181
1024 1182
1024 1184
1024 1188
1024 1216
1024 1223
1024 1226
1024 1230
1024 1231
1024 1233
1024 1235
1024 1238
1024 1244
1024 1245
1024 1252
1025 53
1025 419
1025 833
1025 897
1025 961
1025 1089
1025 1153
1025 1217
1026 632
1026 834
1026 898
1026 962
1026 1090
1026 1154
1026 1218
1027 729
1027 794
1027 835
1027 899
1027 963
1027 1091
1027 1155
1027 1219
1028 67
1028 836
1028 900
1028 964
1028 1000
1028 1092
1028 1156
1028 1220
1029 837
1029 901
1029 914
1029 965
1029 1093
1029 1157
1029 1221
1030 0
1030 6
1030 7
1030 12
1030 32
1030 64
1030 71
1030 79
1030 93
1030 94
1030 128
1030 134
1030 135
1030 145
1030 150
1030 157
1030 192
1030 198
1030 199
1030 203
1030 205
1030 206
1030 209
1030 211
1030 214
1030 219
1030 221
1030 222
1030 230
1030 246
1030 256
1030 270
1030 273
1030 275
1030 285
1030 286
1030 320
1030 326
1030 327
1030 334
1030 337
1030 339
1030 350
1030 384
1030 391
1030 396
1030 398
1030 399
1030 401
1030 403
1030 413
1030 414
1030 448
1030 462
1030 465
1030 467
1030 477
1030 512
1030 518
1030 519
1030 526
1030 529
1030 531
1030 541
1030 576
1030 582
1030 587
1030 588
1030 589
1030 590
1030 591
1030 593
1030 595
1030 598
1030 603
1030 605
1030 606
1030 640
1030 646
1030 647
1030 654
1030 655
1030 657
1030 659
1030 662
1030 669
1030 694
1030 704
1030 710
1030 711
1030 714
1030 716
1030 718
1030 719
1030 721
1030 723
1030 733
1030 734
1030 768
1030 774
1030 775
1030 778
1030 779
1030 780
1030 781
1030 782
1030 783
1030 785
1030 787
1030 790
1030 796
1030 797
1030 798
1030 799
1030 800
1030 802
1030 806
1030 832
1030 833
1030 838
1030 839
1030 842
1030 844
1030 845
1030 846
1030 847
1030 849
1030 851
1030 854
1030 861
1030 862
1030 896
1030 902
1030 907
1030 908
1030 909
1030 910
1030 911
1030 913
1030 915
1030 918
1030 925
1030 960
1030 966
1030 967
1030 974
1030 977
1030 979
1030 982
1030 989
1030 1024
1030 1031
1030 1038
1030 1041
1030 1043
1030 1053
1030 1054
1030 1088
1030 1094
1030 1102
1030 1105
1030 1107
1030 1110
1030 1117
1030 1152
1030 1158
1030 1162
1030 1163
1030 1165
1030 1166
1030 1169
1030 1171
1030 1174
1030 1181
1030 1216
1030 1222
1030 1223
1030 1226
1030 1230
1030 1231
1030 1233
1030 1235
1030 1238
1030 1245
1030 1252
1031 11
1031 13
1031 17
1031 28
1031 37
1031 38
1031 70
1031 76
1031 77
1031 81
1031 138
1031 143
1031 144
1031 158
1031 160
1031 164
1031 202
1031 203
1031 205
1031 207
1031 214
1031 219
1031 226
1031 228
1031 230
1031 246
1031 256
1031 262
1031 270
1031 273
1031 275
1031 285
1031 286
1031 308
1031 310
1031 320
1031 326
1031 327
1031 334
1031 342
1031 349
1031 350
1031 390
1031 391
1031 394
1031 395
1031 396
1031 399
1031 401
1031 406
1031 411
1031 413
1031 414
1031 416
1031 421
1031 448
1031 454
1031 462
1031 465
1031 467
1031 477
1031 512
1031 518
1031 519
1031 522
1031 527
1031 541
1031 576
1031 582
1031 583
1031 587
1031 588
1031 589
1031 591
1031 598
1031 603
1031 604
1031 605
1031 606
1031 612
1031 640
1031 646
1031 647
1031 650
1031 653
1031 655
1031 662
1031 669
1031 670
1031 676
1031 694
1031 704
1031 714
1031 716
1031 734
1031 736
1031 770
1031 775
1031 778
1031 779
1031 780
1031 781
1031 790
1031 796
1031 797
1031 798
1031 799
1031 800
1031 801
1031 802
1031 806
1031 833
1031 836
1031 839
1031 842
1031 843
1031 844
1031 845
1031 847
1031 854
1031 860
1031 862
1031 864
1031 884
1031 896
1031 903
1031 906
1031 907
1031 908
1031 909
1031 911
1031 918
1031 924
1031 932
1031 950
1031 960
1031 967
1031 974
1031 982
1031 989
1031 1024
1031 1030
1031 1038
1031 1039
1031 1041
1031 1052
1031 1053
1031 1054
1031 1095
1031 1103
1031 1110
1031 1117
1031 1118
1031 1120
1031 1126
1031 1152
1031 1159
1031 1161
1031 1162
1031 1163
1031 1165
1031 1174
1031 1177
1031 1179
1031 1181
1031 1182
1031 1184
1031 1188
1031 1223
1031 1226
1031 1227
1031 1231
1031 1235
1031 1238
1031 1244
1031 1252
1031 1271
1032 709
1032 840
1032 904
1032 968
1032 1096
1032 1160
1032 1224
1033 9
1033 73
1033 137
1033 201
1033 265
1033 329
1033 393
1033 457
1033 521
1033 581
1033 645
1033 713
1033 777
1033 837
1033 841
1033 905
1033 968
1033 969
1033 1097
1033 1157
1033 1161
1033 1221
1033 1225
1034 741
1034 842
1034 906
1034 970
1034 1098
1034 1162
1034 1217
1034 1226
1035 818
1035 843
1035 907
1035 971
1035 1099
1035 1163
1035 1227
1035 1236
1036 844
1036 908
1036 972
1036 1100
1036 1164
1036 1228
1037 845
1037 909
1037 973
1037 1101
1037 1165
1037 1229
1038 0
1038 6
1038 7
1038 14
1038 32
1038 64
1038 71
1038 79
1038 83
1038 93
1038 94
1038 128
1038 134
1038 135
1038 145
1038 150
1038 157
1038 192
1038 198
1038 199
1038 203
1038 205
1038 206
1038 209
1038 211
1038 214
1038 219
1038 221
1038 222
1038 230
1038 256
1038 270
1038 273
1038 275
1038 285
1038 286
1038 320
1038 326
1038 327
1038 334
1038 337
1038 339
1038 350
1038 384
1038 391
1038 396
1038 398
1038 399
1038 401
1038 403
1038 413
1038 448
1038 462
1038 465
1038 467
1038 477
1038 512
1038 518
1038 519
1038 526
1038 529
1038 531
1038 541
1038 576
1038 582
1038 587
1038 588
1038 589
1038 590
1038 591
1038 593
1038 595
1038 598
1038 605
1038 606
1038 640
1038 646
1038 647
1038 654
1038 655
1038 657
1038 659
1038 662
1038 669
1038 694
1038 704
1038 710
1038 711
1038 714
1038 716
1038 718
1038 719
1038 721
1038 723
1038 733
1038 734
1038 768
1038 774
1038 775
1038 778
1038 780
1038 781
1038 782
1038 783
1038 785
1038 787
1038 790
1038 796
1038 797
1038 798
1038 799
1038 800
1038 802
1038 806
1038 832
1038 833
1038 838
1038 839
1038 842
1038 844
1038 845
1038 846
1038 847
1038 849
1038 851
1038 854
1038 861
1038 862
1038 896
1038 902
1038 908
1038 909
1038 910
1038 913
1038 915
1038 918
1038 925
1038 960
1038 966
1038 974
1038 977
1038 979
1038 982
1038 989
1038 1024
1038 1030
1038 1031
1038 1041
1038 1043
1038 1053
1038 1054
1038 1088
1038 1094
1038 1102
1038 1105
1038 1107
1038 1110
1038 1117
1038 1152
1038 1158
1038 1162
1038 1163
1038 1165
1038 1166
1038 1169
1038 1171
1038 1174
1038 1181
1038 1216
1038 1222
1038 1223
1038 1226
1038 1230
1038 1231
1038 1233
1038 1235
1038 1238
1038 1245
1039 11
1039 17
1039 28
1039 37
1039 38
1039 74
1039 77
1039 138
1039 143
1039 144
1039 158
1039 160
1039 202
1039 203
1039 205
1039 207
1039 214
1039 219
1039 226
1039 228
1039 230
1039 246
1039 256
1039 262
1039 270
1039 273
1039 275
1039 285
1039 286
1039 308
1039 310
1039 320
1039 326
1039 327
1039 334
1039 342
1039 349
1039 350
1039 390
1039 391
1039 394
1039 395
1039 396
1039 399
1039 406
1039 411
1039 413
1039 414
1039 416
1039 421
1039 448
1039 454
1039 462
1039 465
1039 467
1039 518
1039 519
1039 522
1039 527
1039 541
1039 583
1039 587
1039 588
1039 589
1039 591
1039 598
1039 603
1039 604
1039 605
1039 606
1039 612
1039 640
1039 646
1039 647
1039 650
1039 653
1039 655
1039 662
1039 670
1039 676
1039 694
1039 704
1039 714
1039 716
1039 734
1039 736
1039 770
1039 775
1039 778
1039 779
1039 780
1039 781
1039 790
1039 796
1039 798
1039 799
1039 800
1039 801
1039 802
1039 806
1039 833
1039 836
1039 839
1039 842
1039 843
1039 844
1039 845
1039 847
1039 854
1039 860
1039 864
1039 884
1039 896
1039 903
1039 906
1039 907
1039 908
1039 909
1039 911
1039 918
1039 924
1039 932
1039 950
1039 960
1039 967
1039 975
1039 982
1039 989
1039 1024
1039 1031
1039 1041
1039 1052
1039 1053
1039 1054
1039 1095
1039 1103
1039 1110
1039 1118
1039 1120
1039 1126
1039 1152
1039 1161
1039 1162
1039 1163
1039 1165
1039 1167
1039 1174
1039 1177
1039 1179
1039 1182
1039 1184
1039 1188
1039 1202
1039 1226
1039 1227
1039 1231
1039 1235
1039 1238
1039 1244
1039 1252
1039 1271
1040 848
1040 912
1040 976
1040 986
1040 1104
1040 1168
1040 1232
1041 0
1041 7
1041 12
1041 32
1041 64
1041 71
1041 79
1041 93
1041 94
1041 96
1041 128
1041 134
1041 135
1041 145
1041 150
1041 156
1041 157
1041 192
1041 198
1041 199
1041 202
1041 203
1041 205
1041 206
1041 209
1041 214
1041 219
1041 221
1041 222
1041 230
1041 246
1041 256
1041 270
1041 273
1041 275
1041 285
1041 286
1041 320
1041 326
1041 327
1041 334
1041 337
1041 339
1041 350
1041 384
1041 391
1041 396
1041 398
1041 399
1041 401
1041 403
1041 413
1041 414
1041 448
1041 462
1041 465
1041 467
1041 477
1041 512
1041 518
1041 519
1041 526
1041 529
1041 531
1041 541
1041 576
1041 582
1041 587
1041 588
1041 589
1041 590
1041 591
1041 593
1041 595
1041 598
1041 603
1041 605
1041 606
1041 612
1041 640
1041 646
1041 647
1041 654
1041 655
1041 657
1041 659
1041 662
1041 669
1041 670
1041 694
1041 704
1041 710
1041 711
1041 714
1041 716
1041 718
1041 719
1041 721
1041 723
1041 733
1041 734
1041 768
1041 774
1041 775
1041 778
1041 779
1041 780
1041 781
1041 782
1041 783
1041 785
1041 787
1041 790
1041 796
1041 797
1041 798
1041 799
1041 800
1041 802
1041 806
1041 832
1041 833
1041 838
1041 839
1041 842
1041 844
1041 845
1041 846
1041 847
1041 849
1041 851
1041 854
1041 861
1041 862
1041 864
1041 896
1041 902
1041 903
1041 907
1041 908
1041 909
1041 910
1041 911
1041 913
1041 915
1041 918
1041 924
1041 925
1041 960
1041 966
1041 967
1041 974
1041 977
1041 979
1041 982
1041 989
1041 1024
1041 1030
1041 1031
1041 1038
1041 1039
1041 1043
1041 1053
1041 1054
1041 1088
1041 1094
1041 1095
1041 1102
1041 1105
1041 1107
1041 1110
1041 1117
1041 1152
1041 1158
1041 1162
1041 1163
1041 1165
1041 1166
1041 1169
1041 1171
1041 1174
1041 1181
1041 1184
1041 1216
1041 1222
1041 1223
1041 1226
1041 1230
1041 1231
1041 1233
1041 1235
1041 1238
1041 1244
1041 1245
1041 1252
1042 425
1042 495
1042 850
1042 914
1042 978
1042 1106
1042 1170
1042 1234
1043 0
1043 6
1043 7
1043 14
1043 19
1043 64
1043 83
1043 94
1043 128
1043 134
1043 135
1043 145
1043 157
1043 192
1043 198
1043 199
1043 203
1043 205
1043 206
1043 209
1043 211
1043 214
1043 219
1043 221
1043 222
1043 230
1043 270
1043 273
1043 275
1043 285
1043 286
1043 320
1043 327
1043 334
1043 337
1043 339
1043 350
1043 384
1043 391
1043 398
1043 399
1043 401
1043 403
1043 413
1043 448
1043 465
1043 467
1043 477
1043 512
1043 518
1043 519
1043 526
1043 529
1043 531
1043 541
1043 576
1043 582
1043 587
1043 588
1043 589
1043 590
1043 591
1043 593
1043 595
1043 598
1043 605
1043 606
1043 640
1043 646
1043 647
1043 654
1043 655
1043 657
1043 659
1043 662
1043 669
1043 704
1043 710
1043 711
1043 714
1043 716
1043 718
1043 719
1043 721
1043 723
1043 733
1043 734
1043 768
1043 774
1043 775
1043 778
1043 780
1043 781
1043 782
1043 783
1043 785
1043 787
1043 790
1043 796
1043 797
1043 798
1043 799
1043 800
1043 802
1043 806
1043 832
1043 838
1043 839
1043 842
1043 844
1043 845
1043 846
1043 847
1043 849
1043 851
1043 854
1043 861
1043 862
1043 896
1043 902
1043 908
1043 909
1043 910
1043 913
1043 915
1043 918
1043 925
1043 960
1043 966
1043 974
1043 977
1043 979
1043 982
1043 989
1043 1024
1043 1030
1043 1038
1043 1041
1043 1053
1043 1054
1043 1088
1043 1094
1043 1102
1043 1105
1043 1107
1043 1110
1043 1117
1043 1152
1043 1158
1043 1162
1043 1163
1043 1165
1043 1166
1043 1169
1043 1171
1043 1174
1043 1181
1043 1216
1043 1222
1043 1223
1043 1226
1043 1230
1043 1231
1043 1233
1043 1235
1043 1238
1043 1245
1044 21
1044 744
1044 852
1044 916
1044 980
1044 1108
1044 1172
1044 1236
1045 584
1045 853
1045 917
1045 981
1045 1109
1045 1173
1045 1237
1046 854
1046 857
1046 918
1046 982
1046 1110
1046 1174
1046 1238
1047 257
1047 279
1047 545
1047 855
1047 919
1047 983
1047 1111
1047 1175
1047 1239
1048 856
1048 920
1048 984
1048 1112
1048 1146
1048 1176
1048 1240
1049 40
1049 282
1049 857
1049 921
1049 985
1049 1113
1049 1177
1049 1241
1050 316
1050 574
1050 858
1050 922
1050 986
1050 1114
1050 1149
1050 1178
1050 1242
1051 223
1051 263
1051 455
1051 580
1051 610
1051 726
1051 740
1051 754
1051 772
1051 820
1051 848
1051 859
1051 886
1051 923
1051 940
1051 971
1051 987
1051 1099
1051 1115
1051 1116
1051 1124
1051 1164
1051 1167
1051 1179
1051 1229
1051 1243
1052 10
1052 17
1052 28
1052 29
1052 37
1052 74
1052 86
1052 138
1052 143
1052 144
1052 160
1052 202
1052 205
1052 207
1052 219
1052 223
1052 226
1052 228
1052 230
1052 246
1052 256
1052 262
1052 263
1052 270
1052 285
1052 286
1052 308
1052 310
1052 320
1052 326
1052 334
1052 342
1052 349
1052 350
1052 390
1052 391
1052 394
1052 395
1052 396
1052 399
1052 406
1052 411
1052 414
1052 416
1052 421
1052 448
1052 454
1052 455
1052 462
1052 465
1052 522
1052 527
1052 580
1052 583
1052 586
1052 587
1052 588
1052 589
1052 591
1052 598
1052 603
1052 604
1052 606
1052 608
1052 612
1052 646
1052 650
1052 653
1052 655
1052 670
1052 676
1052 694
1052 714
1052 716
1052 736
1052 770
1052 779
1052 790
1052 796
1052 800
1052 801
1052 802
1052 806
1052 820
1052 833
1052 836
1052 839
1052 842
1052 843
1052 844
1052 847
1052 854
1052 860
1052 864
1052 884
1052 903
1052 906
1052 907
1052 908
1052 909
1052 911
1052 924
1052 932
1052 950
1052 967
1052 982
1052 988
1052 1031
1052 1039
1052 1053
1052 1095
1052 1103
1052 1110
1052 1116
1052 1118
1052 1120
1052 1126
1052 1153
1052 1161
1052 1163
1052 1164
1052 1167
1052 1174
1052 1177
1052 1179
1052 1180
1052 1182
1052 1184
1052 1188
1052 1202
1052 1226
1052 1227
1052 1229
1052 1231
1052 1238
1052 1244
1052 1252
1052 1271
1053 7
1053 11
1053 12
1053 13
1053 32
1053 38
1053 70
1053 71
1053 76
1053 77
1053 79
1053 81
1053 93
1053 94
1053 96
1053 140
1053 150
1053 156
1053 164
1053 198
1053 199
1053 202
1053 203
1053 205
1053 209
1053 214
1053 219
1053 221
1053 222
1053 226
1053 230
1053 246
1053 256
1053 262
1053 270
1053 273
1053 275
1053 285
1053 286
1053 310
1053 320
1053 326
1053 327
1053 334
1053 337
1053 339
1053 342
1053 349
1053 350
1053 384
1053 390
1053 391
1053 394
1053 396
1053 398
1053 399
1053 401
1053 406
1053 411
1053 413
1053 414
1053 416
1053 421
1053 448
1053 454
1053 462
1053 465
1053 467
1053 477
1053 512
1053 518
1053 519
1053 522
1053 526
1053 527
1053 529
1053 531
1053 541
1053 576
1053 582
1053 583
1053 587
1053 588
1053 589
1053 591
1053 593
1053 598
1053 603
1053 605
1053 606
1053 612
1053 640
1053 646
1053 647
1053 650
1053 653
1053 655
1053 657
1053 659
1053 662
1053 669
1053 670
1053 676
1053 694
1053 704
1053 711
1053 714
1053 716
1053 718
1053 719
1053 721
1053 733
1053 734
1053 736
1053 770
1053 775
1053 778
1053 779
1053 780
1053 781
1053 783
1053 790
1053 796
1053 797
1053 798
1053 799
1053 800
1053 802
1053 806
1053 832
1053 833
1053 839
1053 842
1053 843
1053 844
1053 845
1053 847
1053 854
1053 861
1053 862
1053 864
1053 884
1053 896
1053 903
1053 907
1053 908
1053 909
1053 911
1053 918
1053 924
1053 925
1053 932
1053 960
1053 967
1053 974
1053 977
1053 979
1053 982
1053 989
1053 1024
1053 1030
1053 1031
1053 1038
1053 1039
1053 1041
1053 1043
1053 1052
1053 1054
1053 1088
1053 1094
1053 1095
1053 1102
1053 1103
1053 1105
1053 1110
1053 1117
1053 1118
1053 1126
1053 1152
1053 1161
1053 1162
1053 1163
1053 1165
1053 1169
1053 1171
1053 1174
1053 1177
1053 1179
1053 1181
1053 1182
1053 1184
1053 1188
1053 1216
1053 1223
1053 1226
1053 1230
1053 1231
1053 1235
1053 1238
1053 1244
1053 1245
1053 1252
1054 0
1054 7
1054 12
1054 32
1054 64
1054 71
1054 79
1054 93
1054 94
1054 96
1054 134
1054 135
1054 140
1054 145
1054 150
1054 156
1054 157
1054 192
1054 198
1054 199
1054 202
1054 203
1054 205
1054 206
1054 209
1054 214
1054 219
1054 221
1054 222
1054 230
1054 246
1054 256
1054 262
1054 270
1054 273
1054 275
1054 285
1054 286
1054 320
1054 326
1054 327
1054 334
1054 337
1054 339
1054 349
1054 350
1054 384
1054 390
1054 391
1054 394
1054 396
1054 398
1054 399
1054 401
1054 403
1054 413
1054 414
1054 448
1054 462
1054 465
1054 467
1054 477
1054 512
1054 518
1054 519
1054 526
1054 529
1054 531
1054 541
1054 576
1054 582
1054 583
1054 587
1054 588
1054 589
1054 590
1054 591
1054 593
1054 595
1054 598
1054 603
1054 605
1054 606
1054 612
1054 640
1054 646
1054 647
1054 650
1054 654
1054 655
1054 657
1054 659
1054 662
1054 669
1054 670
1054 694
1054 704
1054 710
1054 711
1054 714
1054 716
1054 718
1054 719
1054 721
1054 723
1054 733
1054 734
1054 736
1054 768
1054 774
1054 775
1054 778
1054 779
1054 780
1054 781
1054 782
1054 783
1054 785
1054 787
1054 790
1054 796
1054 797
1054 798
1054 799
1054 800
1054 802
1054 806
1054 832
1054 833
1054 838
1054 839
1054 842
1054 843
1054 844
1054 845
1054 846
1054 847
1054 849
1054 851
1054 854
1054 861
1054 862
1054 864
1054 896
1054 902
1054 903
1054 907
1054 908
1054 909
1054 910
1054 911
1054 913
1054 915
1054 918
1054 924
1054 925
1054 926
1054 960
1054 966
1054 967
1054 974
1054 977
1054 979
1054 982
1054 989
1054 990
1054 1024
1054 1030
1054 1031
1054 1038
1054 1039
1054 1041
1054 1043
1054 1053
1054 1088
1054 1094
1054 1095
1054 1102
1054 1105
1054 1107
1054 1110
1054 1117
1054 1118
1054 1152
1054 1158
1054 1162
1054 1163
1054 1165
1054 1166
1054 1169
1054 1171
1054 1174
1054 1181
1054 1182
1054 1184
1054 1188
1054 1216
1054 1222
1054 1223
1054 1226
1054 1230
1054 1231
1054 1233
1054 1235
1054 1238
1054 1244
1054 1245
1054 1246
1054 1252
1055 863
1055 927
1055 991
1055 1119
1055 1183
1055 1247
1056 707
1056 731
1056 864
1056 928
1056 992
1056 1120
1056 1184
1056 1248
1057 191
1057 381
1057 865
1057 929
1057 993
1057 1121
1057 1127
1057 1150
1057 1185
1057 1249
1058 831
1058 866
1058 930
1058 994
1058 1122
1058 1186
1058 1250
1058 1261
1059 440
1059 494
1059 867
1059 894
1059 931
1059 995
1059 1123
1059 1187
1059 1251
1060 2
1060 88
1060 103
1060 868
1060 932
1060 996
1060 1124
1060 1188
1060 1252
1061 789
1061 869
1061 933
1061 997
1061 1125
1061 1189
1061 1253
1062 402
1062 430
1062 514
1062 870
1062 934
1062 998
1062 1126
1062 1190
1062 1254
1063 51
1063 354
1063 460
1063 631
1063 747
1063 871
1063 935
1063 999
1063 1127
1063 1191
1063 1255
1064 872
1064 936
1064 1000
1064 1128
1064 1192
1064 1256
1065 817
1065 873
1065 937
1065 1001
1065 1129
1065 1193
1065 1257
1066 874
1066 938
1066 1002
1066 1130
1066 1194
1066 1258
1067 48
1067 875
1067 927
1067 939
1067 1003
1067 1131
1067 1195
1067 1259
1068 876
1068 940
1068 1004
1068 1132
1068 1196
1068 1260
1069 877
1069 941
1069 1005
1069 1133
1069 1197
1069 1261
1070 227
1070 878
1070 942
1070 1006
1070 1134
1070 1198
1070 1262
1071 540
1071 879
1071 943
1071 1007
1071 1135
1071 1199
1071 1263
1072 880
1072 944
1072 1008
1072 1136
1072 1200
1072 1212
1072 1264
1073 881
1073 945
1073 1009
1073 1137
1073 1201
1073 1265
1074 56
1074 882
1074 946
1074 1010
1074 1138
1074 1202
1074 1262
1074 1266
1075 184
1075 883
1075 947
1075 1011
1075 1139
1075 1203
1075 1267
1076 115
1076 884
1076 948
1076 1012
1076 1140
1076 1204
1076 1265
1076 1268
1077 885
1077 949
1077 1013
1077 1141
1077 1205
1077 1269
1078 322
1078 886
1078 950
1078 953
1078 1014
1078 1142
1078 1206
1078 1270
1079 887
1079 951
1079 1015
1079 1143
1079 1207
1079 1271
1080 888
1080 952
1080 1016
1080 1144
1080 1208
1080 1272
1081 889
1081 953
1081 1017
1081 1145
1081 1209
1081 1273
1082 408
1082 431
1082 890
1082 954
1082 1018
1082 1146
1082 1210
1082 1274
1083 891
1083 955
1083 1019
1083 1147
1083 1211
1083 1275
1084 892
1084 956
1084 1020
1084 1148
1084 1212
1084 1276
1085 424
1085 701
1085 893
1085 957
1085 1021
1085 1149
1085 1213
1085 1277
1086 312
1086 682
1086 894
1086 958
1086 1022
1086 1150
1086 1214
1086 1278
1087 188
1087 303
1087 503
1087 895
1087 959
1087 1023
1087 1151
1087 1215
1087 1279
1088 0
1088 6
1088 7
1088 14
1088 64
1088 71
1088 83
1088 94
1088 128
1088 134
1088 135
1088 145
1088 150
1088 157
1088 198
1088 199
1088 209
1088 214
1088 221
1088 222
1088 256
1088 270
1088 273
1088 275
1088 285
1088 286
1088 320
1088 326
1088 327
1088 334
1088 337
1088 339
1088 350
1088 384
1088 391
1088 398
1088 399
1088 401
1088 403
1088 413
1088 448
1088 462
1088 465
1088 467
1088 477
1088 512
1088 518
1088 519
1088 526
1088 529
1088 531
1088 541
1088 576
1088 582
1088 587
1088 588
1088 589
1088 590
1088 591
1088 593
1088 595
1088 598
1088 605
1088 606
1088 640
1088 646
1088 647
1088 654
1088 655
1088 657
1088 659
1088 662
1088 669
1088 694
1088 704
1088 710
1088 711
1088 714
1088 716
1088 718
1088 719
1088 721
1088 723
1088 733
1088 734
1088 768
1088 774
1088 775
1088 778
1088 780
1088 781
1088 782
1088 783
1088 785
1088 787
1088 790
1088 796
1088 797
1088 798
1088 799
1088 800
1088 802
1088 806
1088 832
1088 838
1088 839
1088 842
1088 844
1088 845
1088 846
1088 847
1088 849
1088 851
1088 854
1088 861
1088 862
1088 896
1088 902
1088 908
1088 909
1088 910
1088 913
1088 915
1088 918
1088 925
1088 960
1088 966
1088 974
1088 977
1088 979
1088 982
1088 989
1088 1024
1088 1030
1088 1038
1088 1041
1088 1043
1088 1053
1088 1054
1088 1094
1088 1102
1088 1105
1088 1107
1088 1110
1088 1117
1088 1152
1088 1158
1088 1162
1088 1163
1088 1165
1088 1166
1088 1169
1088 1171
1088 1174
1088 1181
1088 1216
1088 1222
1088 1223
1088 1226
1088 1230
1088 1231
1088 1233
1088 1235
1088 1238
1088 1245
1089 5
1089 897
1089 961
1089 1025
1089 1153
1089 1217
1089 1270
1090 577
1090 596
1090 720
1090 898
1090 962
1090 1026
1090 1154
1090 1218
1091 213
1091 899
1091 963
1091 1027
1091 1155
1091 1219
1092 900
1092 964
1092 1028
1092 1156
1092 1220
1093 901
1093 965
1093 1029
1093 1157
1093 1221
1094 0
1094 6
1094 14
1094 19
1094 64
1094 83
1094 128
1094 134
1094 145
1094 157
1094 192
1094 198
1094 199
1094 209
1094 214
1094 221
1094 222
1094 270
1094 273
1094 275
1094 285
1094 286
1094 327
1094 334
1094 337
1094 339
1094 350
1094 384
1094 391
1094 398
1094 401
1094 403
1094 413
1094 448
1094 465
1094 467
1094 477
1094 512
1094 518
1094 519
1094 526
1094 529
1094 531
1094 541
1094 576
1094 582
1094 587
1094 588
1094 590
1094 593
1094 595
1094 598
1094 605
1094 606
1094 640
1094 646
1094 647
1094 654
1094 657
1094 659
1094 662
1094 669
1094 704
1094 710
1094 711
1094 714
1094 716
1094 718
1094 719
1094 721
1094 723
1094 733
1094 734
1094 768
1094 774
1094 775
1094 778
1094 780
1094 781
1094 782
1094 783
1094 785
1094 787
1094 790
1094 796
1094 797
1094 798
1094 799
1094 800
1094 802
1094 806
1094 832
1094 838
1094 839
1094 842
1094 844
1094 845
1094 846
1094 847
1094 849
1094 851
1094 854
1094 861
1094 862
1094 896
1094 902
1094 908
1094 910
1094 913
1094 915
1094 918
1094 925
1094 960
1094 966
1094 974
1094 977
1094 979
1094 982
1094 989
1094 1024
1094 1030
1094 1038
1094 1041
1094 1043
1094 1053
1094 1054
1094 1088
1094 1102
1094 1105
1094 1107
1094 1110
1094 1117
1094 1152
1094 1158
1094 1162
1094 1163
1094 1165
1094 1166
1094 1169
1094 1171
1094 1174
1094 1181
1094 1216
1094 1222
1094 1223
1094 1226
1094 1230
1094 1231
1094 1233
1094 1235
1094 1238
1094 1245
1095 11
1095 17
1095 28
1095 37
1095 38
1095 76
1095 77
1095 138
1095 143
1095 144
1095 158
1095 160
1095 202
1095 219
1095 246
1095 256
1095 262
1095 270
1095 273
1095 275
1095 285
1095 286
1095 308
1095 310
1095 320
1095 326
1095 327
1095 334
1095 342
1095 349
1095 350
1095 390
1095 391
1095 394
1095 395
1095 396
1095 399
1095 406
1095 411
1095 413
1095 414
1095 416
1095 421
1095 448
1095 454
1095 462
1095 465
1095 467
1095 518
1095 519
1095 522
1095 527
1095 541
1095 576
1095 583
1095 587
1095 588
1095 589
1095 591
1095 598
1095 603
1095 604
1095 605
1095 606
1095 612
1095 640
1095 646
1095 647
1095 650
1095 653
1095 655
1095 662
1095 670
1095 676
1095 694
1095 704
1095 714
1095 716
1095 734
1095 736
1095 770
1095 775
1095 778
1095 779
1095 780
1095 781
1095 790
1095 796
1095 798
1095 799
1095 800
1095 801
1095 802
1095 806
1095 833
1095 836
1095 839
1095 842
1095 843
1095 844
1095 845
1095 847
1095 854
1095 860
1095 862
1095 864
1095 884
1095 896
1095 903
1095 906
1095 907
1095 908
1095 909
1095 911
1095 918
1095 924
1095 932
1095 950
1095 960
1095 967
1095 982
1095 989
1095 1024
1095 1031
1095 1039
1095 1041
1095 1052
1095 1053
1095 1054
1095 1103
1095 1110
1095 1118
1095 1120
1095 1126
1095 1152
1095 1159
1095 1161
1095 1162
1095 1163
1095 1165
1095 1174
1095 1177
1095 1179
1095 1182
1095 1184
1095 1188
1095 1202
1095 1223
1095 1226
1095 1227
1095 1231
1095 1235
1095 1238
1095 1244
1095 1252
1095 1271
1096 904
1096 968
1096 980
1096 1032
1096 1160
1096 1224
1097 9
1097 73
1097 137
1097 201
1097 265
1097 329
1097 393
1097 457
1097 521
1097 581
1097 645
1097 713
1097 777
1097 837
1097 905
1097 968
1097 969
1097 1033
1097 1157
1097 1161
1097 1221
1097 1225
1098 163
1098 876
1098 906
1098 970
1098 1034
1098 1142
1098 1162
1098 1226
1099 263
1099 308
1099 395
1099 455
1099 580
1099 586
1099 604
1099 608
1099 610
1099 726
1099 740
1099 754
1099 772
1099 801
1099 820
1099 836
1099 848
1099 886
1099 906
1099 907
1099 940
1099 950
1099 971
1099 1035
1099 1051
1099 1116
1099 1120
1099 1124
1099 1153
1099 1163
1099 1164
1099 1167
1099 1202
1099 1227
1099 1229
1099 1271
1100 908
1100 972
1100 1036
1100 1164
1100 1228
1101 22
1101 717
1101 909
1101 973
1101 1037
1101 1165
1101 1170
1101 1229
1102 0
1102 6
1102 7
1102 14
1102 19
1102 64
1102 83
1102 94
1102 128
1102 134
1102 135
1102 145
1102 157
1102 192
1102 198
1102 199
1102 209
1102 214
1102 221
1102 222
1102 270
1102 273
1102 275
1102 285
1102 286
1102 320
1102 327
1102 334
1102 337
1102 339
1102 350
1102 384
1102 391
1102 398
1102 401
1102 403
1102 413
1102 448
1102 465
1102 467
1102 477
1102 512
1102 518
1102 519
1102 526
1102 529
1102 531
1102 541
1102 576
1102 582
1102 587
1102 588
1102 589
1102 590
1102 591
1102 593
1102 595
1102 598
1102 605
1102 606
1102 640
1102 646
1102 647
1102 654
1102 655
1102 657
1102 659
1102 662
1102 669
1102 704
1102 710
1102 711
1102 714
1102 716
1102 718
1102 719
1102 721
1102 723
1102 733
1102 734
1102 768
1102 774
1102 775
1102 778
1102 780
1102 781
1102 782
1102 783
1102 785
1102 787
1102 790
1102 796
1102 797
1102 798
1102 799
1102 800
1102 802
1102 806
1102 832
1102 838
1102 839
1102 842
1102 844
1102 845
1102 846
1102 847
1102 849
1102 851
1102 854
1102 861
1102 862
1102 896
1102 902
1102 908
1102 909
1102 910
1102 913
1102 915
1102 918
1102 925
1102 960
1102 966
1102 974
1102 977
1102 979
1102 982
1102 989
1102 1024
1102 1030
1102 1038
1102 1041
1102 1043
1102 1053
1102 1054
1102 1088
1102 1094
1102 1105
1102 1107
1102 1110
1102 1117
1102 1152
1102 1158
1102 1162
1102 1163
1102 1165
1102 1166
1102 1169
1102 1171
1102 1174
1102 1181
1102 1216
1102 1222
1102 1223
1102 1226
1102 1230
1102 1231
1102 1233
1102 1235
1102 1238
1102 1245
1103 10
1103 11
1103 17
1103 28
1103 29
1103 37
1103 74
1103 86
1103 138
1103 143
1103 144
1103 158
1103 160
1103 202
1103 207
1103 226
1103 246
1103 256
1103 262
1103 270
1103 273
1103 285
1103 286
1103 308
1103 310
1103 320
1103 326
1103 334
1103 342
1103 349
1103 350
1103 390
1103 391
1103 394
1103 395
1103 396
1103 399
1103 406
1103 411
1103 414
1103 416
1103 421
1103 448
1103 454
1103 462
1103 465
1103 467
1103 518
1103 519
1103 522
1103 527
1103 541
1103 580
1103 583
1103 586
1103 587
1103 588
1103 589
1103 591
1103 598
1103 603
1103 604
1103 606
1103 608
1103 612
1103 646
1103 647
1103 650
1103 653
1103 655
1103 662
1103 670
1103 676
1103 694
1103 714
1103 716
1103 736
1103 770
1103 779
1103 790
1103 796
1103 799
1103 800
1103 801
1103 802
1103 806
1103 820
1103 833
1103 836
1103 839
1103 842
1103 843
1103 844
1103 847
1103 854
1103 860
1103 864
1103 884
1103 896
1103 903
1103 906
1103 907
1103 908
1103 909
1103 911
1103 918
1103 924
1103 932
1103 950
1103 967
1103 975
1103 982
1103 989
1103 1024
1103 1031
1103 1039
1103 1052
1103 1053
1103 1095
1103 1110
1103 1118
1103 1120
1103 1126
1103 1153
1103 1161
1103 1163
1103 1167
1103 1174
1103 1177
1103 1179
1103 1182
1103 1184
1103 1188
1103 1202
1103 1226
1103 1227
1103 1229
1103 1231
1103 1238
1103 1244
1103 1252
1103 1271
1104 546
1104 880
1104 912
1104 976
1104 1040
1104 1111
1104 1168
1104 1232
1105 0
1105 6
1105 14
1105 19
1105 64
1105 83
1105 128
1105 134
1105 145
1105 192
1105 198
1105 199
1105 209
1105 221
1105 222
1105 270
1105 273
1105 275
1105 285
1105 286
1105 327
1105 334
1105 337
1105 339
1105 350
1105 384
1105 391
1105 398
1105 401
1105 403
1105 413
1105 448
1105 465
1105 467
1105 477
1105 512
1105 518
1105 519
1105 526
1105 529
1105 531
1105 541
1105 576
1105 582
1105 587
1105 588
1105 590
1105 593
1105 595
1105 598
1105 605
1105 606
1105 640
1105 646
1105 647
1105 654
1105 657
1105 659
1105 662
1105 669
1105 704
1105 710
1105 711
1105 714
1105 716
1105 718
1105 719
1105 721
1105 723
1105 733
1105 734
1105 768
1105 774
1105 775
1105 778
1105 780
1105 781
1105 782
1105 783
1105 785
1105 787
1105 790
1105 796
1105 797
1105 798
1105 799
1105 800
1105 802
1105 832
1105 838
1105 839
1105 842
1105 844
1105 845
1105 846
1105 847
1105 849
1105 851
1105 854
1105 861
1105 862
1105 896
1105 902
1105 910
1105 913
1105 915
1105 918
1105 925
1105 960
1105 966
1105 974
1105 977
1105 979
1105 982
1105 989
1105 1024
1105 1030
1105 1038
1105 1041
1105 1043
1105 1053
1105 1054
1105 1088
1105 1094
1105 1102
1105 1107
1105 1110
1105 1117
1105 1152
1105 1158
1105 1162
1105 1165
1105 1166
1105 1169
1105 1171
1105 1174
1105 1181
1105 1216
1105 1222
1105 1223
1105 1226
1105 1230
1105 1231
1105 1233
1105 1235
1105 1238
1105 1245
1106 649
1106 914
1106 978
1106 997
1106 1042
1106 1170
1106 1234
1107 0
1107 6
1107 14
1107 19
1107 78
1107 83
1107 128
1107 134
1107 147
1107 192
1107 198
1107 199
1107 206
1107 221
1107 270
1107 273
1107 275
1107 327
1107 337
1107 339
1107 384
1107 398
1107 401
1107 403
1107 413
1107 467
1107 477
1107 512
1107 518
1107 519
1107 526
1107 529
1107 531
1107 541
1107 576
1107 582
1107 590
1107 593
1107 595
1107 605
1107 640
1107 646
1107 647
1107 654
1107 657
1107 659
1107 662
1107 669
1107 704
1107 710
1107 711
1107 718
1107 719
1107 721
1107 723
1107 733
1107 734
1107 768
1107 774
1107 775
1107 778
1107 780
1107 781
1107 782
1107 783
1107 785
1107 787
1107 797
1107 798
1107 799
1107 832
1107 838
1107 845
1107 846
1107 849
1107 851
1107 861
1107 862
1107 896
1107 902
1107 910
1107 913
1107 915
1107 918
1107 925
1107 960
1107 966
1107 974
1107 977
1107 979
1107 989
1107 1024
1107 1030
1107 1038
1107 1041
1107 1043
1107 1054
1107 1088
1107 1094
1107 1102
1107 1105
1107 1117
1107 1152
1107 1158
1107 1162
1107 1165
1107 1166
1107 1169
1107 1171
1107 1181
1107 1216
1107 1222
1107 1223
1107 1230
1107 1233
1107 1235
1107 1238
1107 1245
1108 33
1108 916
1108 980
1108 1044
1108 1172
1108 1236
1109 917
1109 981
1109 1045
1109 1173
1109 1232
1109 1237
1110 11
1110 12
1110 13
1110 32
1110 38
1110 70
1110 76
1110 77
1110 79
1110 81
1110 93
1110 96
1110 140
1110 156
1110 158
1110 164
1110 202
1110 203
1110 205
1110 219
1110 230
1110 246
1110 256
1110 262
1110 270
1110 273
1110 275
1110 285
1110 286
1110 310
1110 320
1110 326
1110 327
1110 334
1110 337
1110 339
1110 342
1110 349
1110 350
1110 390
1110 391
1110 394
1110 396
1110 399
1110 401
1110 406
1110 411
1110 413
1110 414
1110 416
1110 421
1110 448
1110 454
1110 462
1110 465
1110 467
1110 477
1110 512
1110 518
1110 519
1110 522
1110 527
1110 531
1110 541
1110 576
1110 582
1110 583
1110 587
1110 588
1110 589
1110 591
1110 593
1110 598
1110 603
1110 605
1110 606
1110 612
1110 640
1110 646
1110 647
1110 650
1110 653
1110 655
1110 657
1110 662
1110 669
1110 670
1110 676
1110 694
1110 704
1110 711
1110 714
1110 716
1110 719
1110 721
1110 734
1110 736
1110 770
1110 775
1110 778
1110 779
1110 780
1110 781
1110 783
1110 790
1110 796
1110 797
1110 798
1110 799
1110 800
1110 802
1110 806
1110 832
1110 833
1110 839
1110 842
1110 843
1110 844
1110 845
1110 847
1110 854
1110 860
1110 862
1110 864
1110 884
1110 896
1110 903
1110 907
1110 908
1110 909
1110 911
1110 918
1110 924
1110 932
1110 960
1110 967
1110 974
1110 979
1110 982
1110 989
1110 1024
1110 1030
1110 1031
1110 1038
1110 1039
1110 1041
1110 1043
1110 1046
1110 1052
1110 1053
1110 1054
1110 1088
1110 1094
1110 1095
1110 1102
1110 1103
1110 1105
1110 1117
1110 1118
1110 1126
1110 1152
1110 1161
1110 1162
1110 1163
1110 1165
1110 1169
1110 1171
1110 1174
1110 1177
1110 1179
1110 1181
1110 1182
1110 1184
1110 1188
1110 1216
1110 1223
1110 1226
1110 1231
1110 1235
1110 1238
1110 1244
1110 1245
1110 1252
1111 546
1111 880
1111 919
1111 983
1111 1047
1111 1104
1111 1175
1111 1239
1112 752
1112 920
1112 984
1112 1048
1112 1176
1112 1240
1112 1258
1113 921
1113 985
1113 1049
1113 1177
1113 1241
1114 547
1114 922
1114 986
1114 1050
1114 1178
1114 1219
1114 1242
1115 463
1115 923
1115 987
1115 1051
1115 1179
1115 1196
1115 1243
1116 15
1116 75
1116 223
1116 263
1116 308
1116 342
1116 395
1116 411
1116 454
1116 455
1116 580
1116 586
1116 604
1116 608
1116 726
1116 754
1116 770
1116 772
1116 801
1116 820
1116 836
1116 848
1116 860
1116 886
1116 906
1116 924
1116 950
1116 971
1116 988
1116 1051
1116 1052
1116 1099
1116 1118
1116 1120
1116 1124
1116 1153
1116 1164
1116 1167
1116 1180
1116 1202
1116 1227
1116 1229
1116 1244
1116 1271
1117 0
1117 6
1117 7
1117 12
1117 14
1117 32
1117 64
1117 71
1117 79
1117 93
1117 94
1117 128
1117 134
1117 135
1117 145
1117 150
1117 157
1117 198
1117 199
1117 209
1117 214
1117 221
1117 222
1117 256
1117 270
1117 273
1117 275
1117 285
1117 286
1117 320
1117 326
1117 327
1117 334
1117 337
1117 339
1117 350
1117 384
1117 391
1117 396
1117 398
1117 399
1117 401
1117 403
1117 413
1117 414
1117 448
1117 462
1117 465
1117 467
1117 477
1117 512
1117 518
1117 519
1117 526
1117 529
1117 531
1117 541
1117 576
1117 582
1117 587
1117 588
1117 589
1117 590
1117 591
1117 593
1117 595
1117 598
1117 603
1117 605
1117 606
1117 640
1117 646
1117 647
1117 654
1117 655
1117 657
1117 659
1117 662
1117 669
1117 694
1117 704
1117 710
1117 711
1117 714
1117 716
1117 718
1117 719
1117 721
1117 723
1117 733
1117 734
1117 768
1117 774
1117 775
1117 778
1117 779
1117 780
1117 781
1117 782
1117 783
1117 785
1117 787
1117 790
1117 796
1117 797
1117 798
1117 799
1117 800
1117 802
1117 806
1117 832
1117 833
1117 838
1117 839
1117 842
1117 844
1117 845
1117 846
1117 847
1117 849
1117 851
1117 854
1117 861
1117 862
1117 896
1117 902
1117 908
1117 909
1117 910
1117 911
1117 913
1117 915
1117 918
1117 925
1117 960
1117 966
1117 974
1117 977
1117 979
1117 982
1117 989
1117 1024
1117 1030
1117 1031
1117 1038
1117 1041
1117 1043
1117 1053
1117 1054
1117 1088
1117 1094
1117 1102
1117 1105
1117 1107
1117 1110
1117 1152
1117 1158
1117 1162
1117 1163
1117 1165
1117 1166
1117 1169
1117 1171
1117 1174
1117 1181
1117 1216
1117 1222
1117 1223
1117 1226
1117 1230
1117 1231
1117 1233
1117 1235
1117 1238
1117 1245
1118 10
1118 17
1118 28
1118 29
1118 37
1118 74
1118 86
1118 143
1118 144
1118 207
1118 226
1118 228
1118 256
1118 262
1118 263
1118 286
1118 308
1118 310
1118 320
1118 326
1118 334
1118 342
1118 349
1118 350
1118 390
1118 394
1118 395
1118 396
1118 399
1118 406
1118 411
1118 414
1118 416
1118 421
1118 448
1118 454
1118 455
1118 462
1118 522
1118 527
1118 580
1118 583
1118 586
1118 587
1118 588
1118 589
1118 591
1118 603
1118 604
1118 606
1118 608
1118 612
1118 650
1118 653
1118 655
1118 670
1118 676
1118 694
1118 714
1118 736
1118 770
1118 772
1118 779
1118 796
1118 800
1118 801
1118 802
1118 806
1118 820
1118 833
1118 836
1118 842
1118 843
1118 844
1118 847
1118 848
1118 854
1118 860
1118 864
1118 884
1118 903
1118 906
1118 907
1118 908
1118 909
1118 911
1118 924
1118 926
1118 932
1118 950
1118 967
1118 982
1118 990
1118 1031
1118 1039
1118 1052
1118 1053
1118 1054
1118 1095
1118 1103
1118 1110
1118 1116
1118 1120
1118 1124
1118 1126
1118 1153
1118 1161
1118 1163
1118 1164
1118 1167
1118 1174
1118 1177
1118 1179
1118 1182
1118 1184
1118 1188
1118 1202
1118 1226
1118 1227
1118 1229
1118 1244
1118 1246
1118 1252
1118 1271
1119 927
1119 991
1119 1055
1119 1183
1119 1247
1120 10
1120 29
1120 74
1120 86
1120 139
1120 207
1120 226
1120 228
1120 256
1120 262
1120 263
1120 308
1120 310
1120 320
1120 326
1120 342
1120 349
1120 390
1120 394
1120 395
1120 396
1120 399
1120 406
1120 411
1120 414
1120 416
1120 421
1120 454
1120 455
1120 462
1120 522
1120 527
1120 580
1120 583
1120 586
1120 589
1120 591
1120 603
1120 604
1120 608
1120 612
1120 650
1120 653
1120 655
1120 670
1120 676
1120 694
1120 714
1120 736
1120 770
1120 772
1120 779
1120 801
1120 806
1120 820
1120 833
1120 836
1120 843
1120 847
1120 848
1120 860
1120 864
1120 884
1120 903
1120 906
1120 907
1120 908
1120 909
1120 911
1120 924
1120 928
1120 932
1120 950
1120 967
1120 982
1120 992
1120 1031
1120 1039
1120 1052
1120 1056
1120 1095
1120 1099
1120 1103
1120 1116
1120 1118
1120 1124
1120 1126
1120 1153
1120 1161
1120 1163
1120 1164
1120 1167
1120 1177
1120 1179
1120 1182
1120 1184
1120 1188
1120 1202
1120 1227
1120 1229
1120 1244
1120 1248
1120 1252
1120 1271
1121 500
1121 766
1121 856
1121 929
1121 993
1121 1057
1121 1185
1121 1249
1122 712
1122 930
1122 994
1122 1058
1122 1186
1122 1250
1123 931
1123 995
1123 1059
1123 1187
1123 1251
1124 15
1124 75
1124 223
1124 263
1124 308
1124 342
1124 395
1124 411
1124 454
1124 455
1124 580
1124 586
1124 604
1124 608
1124 726
1124 754
1124 770
1124 772
1124 801
1124 820
1124 836
1124 848
1124 860
1124 886
1124 906
1124 932
1124 950
1124 971
1124 996
1124 1051
1124 1060
1124 1099
1124 1116
1124 1118
1124 1120
1124 1153
1124 1164
1124 1167
1124 1188
1124 1202
1124 1227
1124 1229
1124 1252
1124 1271
1125 629
1125 933
1125 997
1125 1061
1125 1189
1125 1198
1125 1253
1126 11
1126 17
1126 28
1126 37
1126 74
1126 138
1126 143
1126 144
1126 158
1126 160
1126 202
1126 226
1126 246
1126 256
1126 262
1126 270
1126 273
1126 285
1126 286
1126 308
1126 310
1126 320
1126 326
1126 334
1126 342
1126 349
1126 350
1126 390
1126 391
1126 394
1126 395
1126 396
1126 399
1126 406
1126 411
1126 414
1126 416
1126 421
1126 448
1126 454
1126 462
1126 465
1126 467
1126 518
1126 519
1126 522
1126 527
1126 541
1126 583
1126 586
1126 587
1126 588
1126 589
1126 591
1126 598
1126 603
1126 604
1126 606
1126 608
1126 612
1126 646
1126 647
1126 650
1126 653
1126 655
1126 662
1126 670
1126 676
1126 694
1126 714
1126 716
1126 736
1126 770
1126 779
1126 781
1126 790
1126 796
1126 799
1126 800
1126 801
1126 802
1126 806
1126 833
1126 836
1126 839
1126 842
1126 843
1126 844
1126 847
1126 854
1126 860
1126 864
1126 884
1126 896
1126 903
1126 906
1126 907
1126 908
1126 909
1126 911
1126 918
1126 924
1126 932
1126 934
1126 950
1126 967
1126 982
1126 989
1126 998
1126 1024
1126 1031
1126 1039
1126 1052
1126 1053
1126 1062
1126 1095
1126 1103
1126 1110
1126 1118
1126 1120
1126 1153
1126 1161
1126 1163
1126 1167
1126 1174
1126 1177
1126 1179
1126 1182
1126 1184
1126 1188
1126 1190
1126 1202
1126 1226
1126 1227
1126 1231
1126 1238
1126 1244
1126 1252
1126 1254
1126 1271
1127 191
1127 381
1127 935
1127 993
1127 999
1127 1057
1127 1063
1127 1150
1127 1191
1127 1255
1128 420
1128 936
1128 1000
1128 1064
1128 1192
1128 1256
1129 44
1129 937
1129 1001
1129 1065
1129 1193
1129 1257
1130 938
1130 1002
1130 1066
1130 1194
1130 1258
1131 939
1131 1003
1131 1067
1131 1195
1131 1259
1132 940
1132 1004
1132 1068
1132 1196
1132 1260
1132 1279
1133 130
1133 294
1133 941
1133 1005
1133 1069
1133 1197
1133 1261
1134 614
1134 859
1134 887
1134 942
1134 1006
1134 1070
1134 1198
1134 1262
1135 502
1135 829
1135 943
1135 1007
1135 1071
1135 1199
1135 1263
1136 317
1136 360
1136 361
1136 944
1136 1008
1136 1072
1136 1200
1136 1264
1137 47
1137 536
1137 945
1137 1009
1137 1073
1137 1201
1137 1265
1138 946
1138 1010
1138 1074
1138 1202
1138 1266
1139 947
1139 1011
1139 1075
1139 1203
1139 1267
1140 948
1140 1012
1140 1076
1140 1204
1140 1268
1141 949
1141 1013
1141 1077
1141 1205
1141 1269
1142 163
1142 876
1142 950
1142 1014
1142 1078
1142 1098
1142 1206
1142 1270
1143 400
1143 434
1143 951
1143 1015
1143 1079
1143 1207
1143 1271
1144 952
1144 1016
1144 1080
1144 1208
1144 1272
1145 953
1145 1017
1145 1081
1145 1209
1145 1273
1146 954
1146 1018
1146 1048
1146 1082
1146 1210
1146 1274
1147 476
1147 883
1147 955
1147 1019
1147 1083
1147 1211
1147 1275
1148 956
1148 1020
1148 1084
1148 1204
1148 1212
1148 1276
1149 316
1149 574
1149 957
1149 1021
1149 1050
1149 1085
1149 1213
1149 1277
1150 191
1150 381
1150 958
1150 993
1150 1022
1150 1057
1150 1086
1150 1127
1150 1214
1150 1278
1151 959
1151 1023
1151 1087
1151 1215
1151 1279
1152 7
1152 12
1152 32
1152 64
1152 71
1152 79
1152 93
1152 94
1152 96
1152 135
1152 140
1152 145
1152 150
1152 156
1152 157
1152 203
1152 209
1152 214
1152 222
1152 230
1152 270
1152 273
1152 275
1152 285
1152 320
1152 326
1152 327
1152 334
1152 337
1152 339
1152 349
1152 350
1152 384
1152 390
1152 391
1152 394
1152 396
1152 398
1152 399
1152 401
1152 403
1152 413
1152 414
1152 448
1152 462
1152 465
1152 467
1152 477
1152 512
1152 518
1152 519
1152 526
1152 529
1152 531
1152 541
1152 576
1152 582
1152 583
1152 587
1152 588
1152 589
1152 590
1152 591
1152 593
1152 595
1152 598
1152 603
1152 605
1152 606
1152 612
1152 640
1152 646
1152 647
1152 650
1152 654
1152 655
1152 657
1152 659
1152 662
1152 669
1152 670
1152 694
1152 704
1152 710
1152 711
1152 714
1152 716
1152 718
1152 719
1152 721
1152 723
1152 733
1152 734
1152 736
1152 768
1152 775
1152 778
1152 779
1152 780
1152 781
1152 783
1152 785
1152 787
1152 790
1152 796
1152 797
1152 798
1152 799
1152 800
1152 802
1152 806
1152 832
1152 833
1152 838
1152 839
1152 842
1152 843
1152 844
1152 845
1152 846
1152 847
1152 849
1152 851
1152 854
1152 861
1152 862
1152 864
1152 896
1152 902
1152 903
1152 907
1152 908
1152 909
1152 910
1152 911
1152 913
1152 915
1152 918
1152 924
1152 925
1152 932
1152 960
1152 966
1152 967
1152 974
1152 977
1152 979
1152 982
1152 989
1152 1024
1152 1030
1152 1031
1152 1038
1152 1039
1152 1041
1152 1043
1152 1053
1152 1054
1152 1088
1152 1094
1152 1095
1152 1102
1152 1105
1152 1107
1152 1110
1152 1117
1152 1158
1152 1162
1152 1163
1152 1165
1152 1166
1152 1169
1152 1171
1152 1174
1152 1181
1152 1184
1152 1188
1152 1216
1152 1222
1152 1223
1152 1226
1152 1230
1152 1231
1152 1233
1152 1235
1152 1238
1152 1244
1152 1245
1152 1252
1153 15
1153 75
1153 139
1153 155
1153 223
1153 228
1153 263
1153 308
1153 342
1153 349
1153 390
1153 394
1153 395
1153 406
1153 411
1153 416
1153 421
1153 454
1153 455
1153 522
1153 527
1153 580
1153 583
1153 586
1153 604
1153 608
1153 650
1153 653
1153 676
1153 726
1153 736
1153 754
1153 770
1153 772
1153 801
1153 820
1153 836
1153 843
1153 848
1153 860
1153 864
1153 884
1153 886
1153 903
1153 906
1153 924
1153 932
1153 950
1153 961
1153 971
1153 1025
1153 1052
1153 1089
1153 1099
1153 1103
1153 1116
1153 1118
1153 1120
1153 1124
1153 1126
1153 1161
1153 1164
1153 1167
1153 1177
1153 1179
1153 1182
1153 1188
1153 1202
1153 1217
1153 1227
1153 1229
1153 1244
1153 1271
1154 45
1154 962
1154 1026
1154 1090
1154 1186
1154 1218
1155 963
1155 1027
1155 1091
1155 1219
1156 964
1156 1028
1156 1092
1156 1220
1157 9
1157 73
1157 137
1157 201
1157 265
1157 329
1157 393
1157 457
1157 521
1157 581
1157 645
1157 713
1157 777
1157 837
1157 905
1157 965
1157 968
1157 1029
1157 1033
1157 1093
1157 1097
1157 1221
1158 0
1158 6
1158 14
1158 19
1158 78
1158 83
1158 128
1158 134
1158 147
1158 192
1158 198
1158 199
1158 206
1158 221
1158 327
1158 337
1158 339
1158 384
1158 398
1158 401
1158 403
1158 413
1158 467
1158 477
1158 512
1158 518
1158 519
1158 526
1158 529
1158 531
1158 541
1158 576
1158 582
1158 590
1158 593
1158 595
1158 605
1158 640
1158 647
1158 654
1158 657
1158 659
1158 662
1158 669
1158 704
1158 710
1158 711
1158 718
1158 719
1158 721
1158 723
1158 733
1158 734
1158 768
1158 774
1158 775
1158 778
1158 780
1158 781
1158 782
1158 783
1158 785
1158 787
1158 797
1158 798
1158 799
1158 832
1158 838
1158 845
1158 846
1158 849
1158 851
1158 861
1158 862
1158 896
1158 902
1158 910
1158 913
1158 915
1158 918
1158 925
1158 960
1158 966
1158 974
1158 977
1158 979
1158 989
1158 1024
1158 1030
1158 1038
1158 1041
1158 1043
1158 1054
1158 1088
1158 1094
1158 1102
1158 1105
1158 1107
1158 1117
1158 1152
1158 1162
1158 1165
1158 1166
1158 1169
1158 1171
1158 1181
1158 1216
1158 1222
1158 1223
1158 1230
1158 1233
1158 1235
1158 1245
1159 804
1159 967
1159 1031
1159 1095
1159 1223
1160 260
1160 811
1160 922
1160 968
1160 1007
1160 1032
1160 1096
1160 1224
1161 11
1161 17
1161 28
1161 37
1161 74
1161 138
1161 143
1161 144
1161 158
1161 160
1161 202
1161 226
1161 246
1161 256
1161 262
1161 310
1161 320
1161 326
1161 334
1161 342
1161 349
1161 350
1161 390
1161 391
1161 394
1161 395
1161 396
1161 399
1161 406
1161 411
1161 414
1161 416
1161 421
1161 448
1161 454
1161 462
1161 465
1161 467
1161 518
1161 519
1161 522
1161 527
1161 541
1161 583
1161 586
1161 587
1161 588
1161 589
1161 591
1161 598
1161 603
1161 604
1161 606
1161 608
1161 612
1161 646
1161 647
1161 650
1161 653
1161 655
1161 662
1161 670
1161 676
1161 694
1161 714
1161 716
1161 736
1161 770
1161 779
1161 781
1161 790
1161 796
1161 799
1161 800
1161 801
1161 802
1161 806
1161 833
1161 836
1161 839
1161 842
1161 843
1161 844
1161 847
1161 854
1161 860
1161 864
1161 884
1161 896
1161 903
1161 906
1161 907
1161 908
1161 909
1161 911
1161 918
1161 924
1161 932
1161 950
1161 967
1161 969
1161 982
1161 989
1161 1024
1161 1031
1161 1033
1161 1039
1161 1052
1161 1053
1161 1095
1161 1097
1161 1103
1161 1110
1161 1118
1161 1120
1161 1126
1161 1153
1161 1163
1161 1167
1161 1174
1161 1177
1161 1179
1161 1182
1161 1184
1161 1188
1161 1202
1161 1225
1161 1226
1161 1227
1161 1231
1161 1238
1161 1244
1161 1252
1161 1271
1162 7
1162 12
1162 32
1162 64
1162 71
1162 79
1162 93
1162 94
1162 96
1162 135
1162 140
1162 145
1162 150
1162 156
1162 157
1162 203
1162 209
1162 214
1162 222
1162 230
1162 270
1162 273
1162 275
1162 285
1162 320
1162 326
1162 327
1162 334
1162 337
1162 339
1162 349
1162 350
1162 384
1162 390
1162 391
1162 394
1162 396
1162 398
1162 399
1162 401
1162 403
1162 413
1162 414
1162 448
1162 462
1162 465
1162 467
1162 477
1162 512
1162 518
1162 519
1162 526
1162 529
1162 531
1162 541
1162 576
1162 582
1162 583
1162 587
1162 588
1162 589
1162 590
1162 591
1162 593
1162 595
1162 598
1162 603
1162 605
1162 606
1162 612
1162 640
1162 646
1162 647
1162 650
1162 654
1162 655
1162 657
1162 659
1162 662
1162 669
1162 670
1162 694
1162 704
1162 710
1162 711
1162 714
1162 716
1162 718
1162 719
1162 721
1162 723
1162 733
1162 734
1162 736
1162 768
1162 774
1162 775
1162 778
1162 779
1162 780
1162 781
1162 783
1162 785
1162 787
1162 790
1162 796
1162 797
1162 798
1162 799
1162 800
1162 802
1162 806
1162 832
1162 833
1162 838
1162 839
1162 842
1162 843
1162 844
1162 845
1162 846
1162 847
1162 849
1162 851
1162 854
1162 861
1162 862
1162 864
1162 896
1162 902
1162 903
1162 907
1162 908
1162 909
1162 910
1162 911
1162 913
1162 915
1162 918
1162 924
1162 925
1162 932
1162 960
1162 966
1162 967
1162 970
1162 974
1162 977
1162 979
1162 982
1162 989
1162 1024
1162 1030
1162 1031
1162 1034
1162 1038
1162 1039
1162 1041
1162 1043
1162 1053
1162 1054
1162 1088
1162 1094
1162 1095
1162 1098
1162 1102
1162 1105
1162 1107
1162 1110
1162 1117
1162 1152
1162 1158
1162 1163
1162 1165
1162 1166
1162 1169
1162 1171
1162 1174
1162 1181
1162 1184
1162 1188
1162 1216
1162 1222
1162 1223
1162 1226
1162 1230
1162 1231
1162 1233
1162 1235
1162 1238
1162 1244
1162 1245
1162 1252
1163 11
1163 13
1163 38
1163 70
1163 76
1163 77
1163 81
1163 96
1163 138
1163 140
1163 156
1163 158
1163 164
1163 202
1163 203
1163 205
1163 219
1163 230
1163 246
1163 256
1163 270
1163 285
1163 286
1163 320
1163 326
1163 327
1163 334
1163 337
1163 339
1163 342
1163 349
1163 350
1163 390
1163 391
1163 394
1163 396
1163 399
1163 401
1163 406
1163 411
1163 413
1163 414
1163 416
1163 421
1163 448
1163 454
1163 462
1163 465
1163 467
1163 477
1163 512
1163 518
1163 519
1163 522
1163 527
1163 541
1163 576
1163 582
1163 583
1163 587
1163 588
1163 589
1163 591
1163 593
1163 598
1163 603
1163 604
1163 605
1163 606
1163 612
1163 640
1163 646
1163 647
1163 650
1163 653
1163 655
1163 657
1163 662
1163 669
1163 670
1163 676
1163 694
1163 704
1163 711
1163 714
1163 716
1163 719
1163 721
1163 734
1163 736
1163 770
1163 775
1163 778
1163 779
1163 780
1163 781
1163 790
1163 796
1163 797
1163 798
1163 799
1163 800
1163 802
1163 806
1163 832
1163 833
1163 836
1163 839
1163 842
1163 843
1163 844
1163 845
1163 847
1163 854
1163 860
1163 862
1163 864
1163 884
1163 896
1163 903
1163 906
1163 907
1163 908
1163 909
1163 911
1163 918
1163 924
1163 932
1163 960
1163 967
1163 971
1163 974
1163 982
1163 989
1163 1024
1163 1030
1163 1031
1163 1035
1163 1038
1163 1039
1163 1041
1163 1043
1163 1052
1163 1053
1163 1054
1163 1088
1163 1094
1163 1095
1163 1099
1163 1102
1163 1103
1163 1110
1163 1117
1163 1118
1163 1120
1163 1126
1163 1152
1163 1161
1163 1162
1163 1165
1163 1169
1163 1174
1163 1177
1163 1179
1163 1181
1163 1182
1163 1184
1163 1188
1163 1216
1163 1226
1163 1227
1163 1231
1163 1235
1163 1238
1163 1244
1163 1245
1163 1252
1164 15
1164 75
1164 155
1164 223
1164 263
1164 342
1164 395
1164 406
1164 411
1164 454
1164 455
1164 522
1164 527
1164 580
1164 586
1164 604
1164 608
1164 653
1164 676
1164 726
1164 754
1164 770
1164 772
1164 801
1164 820
1164 836
1164 848
1164 860
1164 886
1164 906
1164 950
1164 971
1164 972
1164 1036
1164 1051
1164 1052
1164 1099
1164 1100
1164 1116
1164 1118
1164 1120
1164 1124
1164 1153
1164 1167
1164 1179
1164 1202
1164 1227
1164 1228
1164 1229
1164 1271
1165 0
1165 7
1165 12
1165 32
1165 64
1165 71
1165 79
1165 93
1165 94
1165 96
1165 128
1165 134
1165 135
1165 145
1165 150
1165 156
1165 157
1165 199
1165 203
1165 209
1165 214
1165 221
1165 222
1165 270
1165 273
1165 275
1165 320
1165 326
1165 327
1165 334
1165 337
1165 339
1165 350
1165 384
1165 391
1165 396
1165 398
1165 399
1165 401
1165 403
1165 413
1165 414
1165 448
1165 462
1165 465
1165 467
1165 477
1165 512
1165 518
1165 519
1165 526
1165 529
1165 531
1165 541
1165 576
1165 582
1165 587
1165 588
1165 589
1165 590
1165 591
1165 593
1165 595
1165 598
1165 603
1165 605
1165 606
1165 612
1165 640
1165 646
1165 647
1165 654
1165 655
1165 657
1165 659
1165 662
1165 669
1165 670
1165 694
1165 704
1165 710
1165 711
1165 714
1165 716
1165 718
1165 719
1165 721
1165 723
1165 733
1165 734
1165 768
1165 774
1165 775
1165 778
1165 779
1165 780
1165 781
1165 782
1165 783
1165 785
1165 787
1165 790
1165 796
1165 797
1165 798
1165 799
1165 800
1165 802
1165 806
1165 832
1165 833
1165 838
1165 839
1165 842
1165 844
1165 845
1165 846
1165 847
1165 849
1165 851
1165 854
1165 861
1165 862
1165 896
1165 902
1165 907
1165 908
1165 909
1165 910
1165 911
1165 913
1165 915
1165 918
1165 925
1165 960
1165 966
1165 967
1165 973
1165 974
1165 977
1165 979
1165 982
1165 989
1165 1024
1165 1030
1165 1031
1165 1037
1165 1038
1165 1039
1165 1041
1165 1043
1165 1053
1165 1054
1165 1088
1165 1094
1165 1095
1165 1101
1165 1102
1165 1105
1165 1107
1165 1110
1165 1117
1165 1152
1165 1158
1165 1162
1165 1163
1165 1166
1165 1169
1165 1171
1165 1174
1165 1181
1165 1184
1165 1216
1165 1222
1165 1223
1165 1226
1165 1229
1165 1230
1165 1231
1165 1233
1165 1235
1165 1238
1165 1245
1165 1252
1166 0
1166 6
1166 14
1166 19
1166 64
1166 78
1166 83
1166 128
1166 134
1166 147
1166 192
1166 198
1166 199
1166 206
1166 209
1166 221
1166 222
1166 327
1166 337
1166 339
1166 384
1166 391
1166 398
1166 401
1166 403
1166 413
1166 465
1166 467
1166 477
1166 512
1166 518
1166 519
1166 526
1166 529
1166 531
1166 541
1166 576
1166 582
1166 590
1166 593
1166 595
1166 598
1166 605
1166 606
1166 640
1166 646
1166 647
1166 654
1166 657
1166 659
1166 662
1166 669
1166 704
1166 710
1166 711
1166 716
1166 718
1166 719
1166 721
1166 723
1166 733
1166 734
1166 768
1166 774
1166 775
1166 778
1166 780
1166 781
1166 782
1166 783
1166 785
1166 787
1166 790
1166 797
1166 798
1166 799
1166 832
1166 838
1166 839
1166 845
1166 846
1166 849
1166 851
1166 861
1166 862
1166 896
1166 902
1166 910
1166 913
1166 915
1166 918
1166 925
1166 960
1166 966
1166 974
1166 977
1166 979
1166 989
1166 1024
1166 1030
1166 1038
1166 1041
1166 1043
1166 1054
1166 1088
1166 1094
1166 1102
1166 1105
1166 1107
1166 1117
1166 1152
1166 1158
1166 1162
1166 1165
1166 1169
1166 1171
1166 1181
1166 1216
1166 1222
1166 1223
1166 1230
1166 1231
1166 1233
1166 1235
1166 1238
1166 1245
1167 15
1167 75
1167 139
1167 155
1167 223
1167 228
1167 263
1167 308
1167 342
1167 394
1167 395
1167 406
1167 411
1167 416
1167 421
1167 454
1167 455
1167 522
1167 527
1167 580
1167 583
1167 586
1167 604
1167 608
1167 650
1167 653
1167 676
1167 726
1167 736
1167 754
1167 770
1167 772
1167 801
1167 820
1167 836
1167 848
1167 860
1167 884
1167 886
1167 906
1167 932
1167 950
1167 971
1167 975
1167 1039
1167 1051
1167 1052
1167 1099
1167 1103
1167 1116
1167 1118
1167 1120
1167 1124
1167 1126
1167 1153
1167 1161
1167 1164
1167 1177
1167 1179
1167 1182
1167 1202
1167 1227
1167 1229
1167 1231
1167 1271
1168 679
1168 976
1168 1040
1168 1104
1168 1232
1169 0
1169 6
1169 7
1169 14
1169 19
1169 64
1169 71
1169 83
1169 94
1169 128
1169 134
1169 135
1169 145
1169 157
1169 198
1169 199
1169 209
1169 214
1169 221
1169 222
1169 273
1169 275
1169 320
1169 326
1169 327
1169 334
1169 337
1169 339
1169 350
1169 384
1169 391
1169 398
1169 399
1169 401
1169 403
1169 413
1169 448
1169 462
1169 465
1169 467
1169 477
1169 512
1169 518
1169 519
1169 526
1169 529
1169 531
1169 541
1169 576
1169 582
1169 587
1169 588
1169 589
1169 590
1169 591
1169 593
1169 595
1169 598
1169 605
1169 606
1169 640
1169 646
1169 647
1169 654
1169 655
1169 657
1169 659
1169 662
1169 669
1169 694
1169 704
1169 710
1169 711
1169 714
1169 716
1169 718
1169 719
1169 721
1169 723
1169 733
1169 734
1169 768
1169 774
1169 775
1169 778
1169 780
1169 781
1169 782
1169 783
1169 785
1169 787
1169 790
1169 796
1169 797
1169 798
1169 799
1169 800
1169 802
1169 806
1169 832
1169 838
1169 839
1169 842
1169 844
1169 845
1169 846
1169 847
1169 849
1169 851
1169 854
1169 861
1169 862
1169 896
1169 902
1169 908
1169 909
1169 910
1169 913
1169 915
1169 918
1169 925
1169 960
1169 966
1169 974
1169 977
1169 979
1169 982
1169 989
1169 1024
1169 1030
1169 1038
1169 1041
1169 1043
1169 1053
1169 1054
1169 1088
1169 1094
1169 1102
1169 1105
1169 1107
1169 1110
1169 1117
1169 1152
1169 1158
1169 1162
1169 1163
1169 1165
1169 1166
1169 1171
1169 1174
1169 1181
1169 1216
1169 1222
1169 1223
1169 1226
1169 1230
1169 1231
1169 1233
1169 1235
1169 1238
1169 1245
1170 22
1170 717
1170 978
1170 1042
1170 1101
1170 1106
1170 1234
1171 0
1171 6
1171 14
1171 19
1171 64
1171 83
1171 128
1171 134
1171 145
1171 192
1171 198
1171 199
1171 209
1171 221
1171 222
1171 327
1171 334
1171 337
1171 339
1171 350
1171 384
1171 391
1171 398
1171 401
1171 403
1171 413
1171 448
1171 465
1171 467
1171 477
1171 512
1171 518
1171 519
1171 526
1171 529
1171 531
1171 541
1171 576
1171 582
1171 587
1171 588
1171 590
1171 593
1171 595
1171 598
1171 605
1171 606
1171 640
1171 646
1171 647
1171 654
1171 657
1171 659
1171 662
1171 669
1171 704
1171 710
1171 711
1171 716
1171 718
1171 719
1171 721
1171 723
1171 733
1171 734
1171 768
1171 774
1171 775
1171 778
1171 780
1171 781
1171 782
1171 783
1171 785
1171 787
1171 790
1171 796
1171 797
1171 798
1171 799
1171 800
1171 802
1171 832
1171 838
1171 839
1171 842
1171 844
1171 845
1171 846
1171 849
1171 851
1171 854
1171 861
1171 862
1171 896
1171 902
1171 910
1171 913
1171 915
1171 918
1171 925
1171 960
1171 966
1171 974
1171 977
1171 979
1171 989
1171 1024
1171 1030
1171 1038
1171 1041
1171 1043
1171 1053
1171 1054
1171 1088
1171 1094
1171 1102
1171 1105
1171 1107
1171 1110
1171 1117
1171 1152
1171 1158
1171 1162
1171 1165
1171 1166
1171 1169
1171 1174
1171 1181
1171 1216
1171 1222
1171 1223
1171 1226
1171 1230
1171 1231
1171 1233
1171 1235
1171 1238
1171 1245
1172 980
1172 1044
1172 1108
1172 1210
1172 1236
1173 981
1173 1045
1173 1109
1173 1237
1174 11
1174 12
1174 13
1174 32
1174 38
1174 70
1174 76
1174 77
1174 79
1174 81
1174 93
1174 96
1174 140
1174 150
1174 156
1174 158
1174 164
1174 203
1174 205
1174 219
1174 230
1174 246
1174 256
1174 270
1174 285
1174 286
1174 320
1174 326
1174 327
1174 334
1174 337
1174 339
1174 342
1174 349
1174 350
1174 390
1174 391
1174 394
1174 396
1174 399
1174 401
1174 406
1174 411
1174 413
1174 414
1174 416
1174 421
1174 448
1174 454
1174 462
1174 465
1174 467
1174 477
1174 512
1174 518
1174 519
1174 522
1174 527
1174 531
1174 541
1174 576
1174 582
1174 583
1174 587
1174 588
1174 589
1174 591
1174 593
1174 598
1174 603
1174 605
1174 606
1174 612
1174 640
1174 646
1174 647
1174 650
1174 653
1174 655
1174 657
1174 662
1174 669
1174 670
1174 676
1174 694
1174 704
1174 711
1174 714
1174 716
1174 719
1174 721
1174 734
1174 736
1174 770
1174 775
1174 778
1174 779
1174 780
1174 781
1174 783
1174 790
1174 796
1174 797
1174 798
1174 799
1174 800
1174 802
1174 806
1174 832
1174 833
1174 839
1174 842
1174 843
1174 844
1174 845
1174 847
1174 854
1174 860
1174 862
1174 864
1174 884
1174 896
1174 903
1174 907
1174 908
1174 909
1174 911
1174 918
1174 924
1174 932
1174 960
1174 967
1174 974
1174 979
1174 982
1174 989
1174 1024
1174 1030
1174 1031
1174 1038
1174 1039
1174 1041
1174 1043
1174 1046
1174 1052
1174 1053
1174 1054
1174 1088
1174 1094
1174 1095
1174 1102
1174 1103
1174 1105
1174 1110
1174 1117
1174 1118
1174 1126
1174 1152
1174 1161
1174 1162
1174 1163
1174 1165
1174 1169
1174 1171
1174 1177
1174 1179
1174 1181
1174 1182
1174 1184
1174 1188
1174 1216
1174 1223
1174 1226
1174 1230
1174 1231
1174 1235
1174 1238
1174 1244
1174 1245
1174 1252
1175 366
1175 815
1175 983
1175 1047
1175 1111
1175 1239
1176 984
1176 1048
1176 1112
1176 1240
1177 10
1177 11
1177 17
1177 28
1177 29
1177 37
1177 74
1177 86
1177 138
1177 143
1177 144
1177 158
1177 160
1177 202
1177 207
1177 226
1177 246
1177 256
1177 262
1177 310
1177 320
1177 326
1177 334
1177 342
1177 349
1177 350
1177 390
1177 391
1177 394
1177 395
1177 396
1177 399
1177 406
1177 411
1177 414
1177 416
1177 421
1177 448
1177 454
1177 462
1177 465
1177 467
1177 518
1177 519
1177 522
1177 527
1177 541
1177 580
1177 583
1177 586
1177 587
1177 588
1177 589
1177 591
1177 598
1177 603
1177 604
1177 606
1177 608
1177 612
1177 646
1177 647
1177 650
1177 653
1177 655
1177 662
1177 670
1177 676
1177 694
1177 714
1177 716
1177 736
1177 770
1177 779
1177 790
1177 796
1177 799
1177 800
1177 801
1177 802
1177 806
1177 820
1177 833
1177 836
1177 839
1177 842
1177 843
1177 844
1177 847
1177 854
1177 860
1177 864
1177 884
1177 896
1177 903
1177 906
1177 907
1177 908
1177 909
1177 911
1177 918
1177 924
1177 932
1177 950
1177 967
1177 982
1177 985
1177 989
1177 1024
1177 1031
1177 1039
1177 1049
1177 1052
1177 1053
1177 1095
1177 1103
1177 1110
1177 1113
1177 1118
1177 1120
1177 1126
1177 1153
1177 1161
1177 1163
1177 1167
1177 1174
1177 1179
1177 1182
1177 1184
1177 1188
1177 1202
1177 1226
1177 1227
1177 1229
1177 1231
1177 1238
1177 1241
1177 1244
1177 1252
1177 1271
1178 877
1178 986
1178 1050
1178 1114
1178 1242
1179 10
1179 17
1179 28
1179 29
1179 37
1179 74
1179 86
1179 138
1179 143
1179 144
1179 160
1179 202
1179 207
1179 226
1179 262
1179 310
1179 320
1179 326
1179 334
1179 342
1179 349
1179 350
1179 390
1179 391
1179 394
1179 395
1179 396
1179 399
1179 406
1179 411
1179 414
1179 416
1179 421
1179 448
1179 454
1179 455
1179 462
1179 465
1179 522
1179 527
1179 580
1179 583
1179 586
1179 587
1179 588
1179 589
1179 591
1179 598
1179 603
1179 604
1179 606
1179 608
1179 612
1179 646
1179 650
1179 653
1179 655
1179 662
1179 670
1179 676
1179 694
1179 714
1179 716
1179 736
1179 770
1179 779
1179 790
1179 796
1179 800
1179 801
1179 802
1179 806
1179 820
1179 833
1179 836
1179 839
1179 842
1179 843
1179 844
1179 847
1179 854
1179 860
1179 864
1179 884
1179 896
1179 903
1179 906
1179 907
1179 908
1179 909
1179 911
1179 924
1179 932
1179 950
1179 967
1179 982
1179 987
1179 1031
1179 1039
1179 1051
1179 1052
1179 1053
1179 1095
1179 1103
1179 1110
1179 1115
1179 1118
1179 1120
1179 1126
1179 1153
1179 1161
1179 1163
1179 1164
1179 1167
1179 1174
1179 1177
1179 1182
1179 1184
1179 1188
1179 1202
1179 1226
1179 1227
1179 1229
1179 1231
1179 1238
1179 1243
1179 1244
1179 1252
1179 1271
1180 988
1180 1052
1180 1116
1180 1244
1181 0
1181 6
1181 7
1181 12
1181 14
1181 32
1181 64
1181 71
1181 79
1181 93
1181 94
1181 128
1181 134
1181 135
1181 145
1181 150
1181 157
1181 198
1181 199
1181 209
1181 214
1181 221
1181 222
1181 273
1181 275
1181 320
1181 326
1181 327
1181 334
1181 337
1181 339
1181 350
1181 384
1181 391
1181 396
1181 398
1181 399
1181 401
1181 403
1181 413
1181 414
1181 448
1181 462
1181 465
1181 467
1181 477
1181 512
1181 518
1181 519
1181 526
1181 529
1181 531
1181 541
1181 576
1181 582
1181 587
1181 588
1181 589
1181 590
1181 591
1181 593
1181 595
1181 598
1181 603
1181 605
1181 606
1181 640
1181 646
1181 647
1181 654
1181 655
1181 657
1181 659
1181 662
1181 669
1181 694
1181 704
1181 710
1181 711
1181 714
1181 716
1181 718
1181 719
1181 721
1181 723
1181 733
1181 734
1181 768
1181 774
1181 775
1181 778
1181 779
1181 780
1181 781
1181 782
1181 783
1181 785
1181 787
1181 790
1181 796
1181 797
1181 798
1181 799
1181 800
1181 802
1181 806
1181 832
1181 833
1181 838
1181 839
1181 842
1181 844
1181 845
1181 846
1181 847
1181 849
1181 851
1181 854
1181 861
1181 862
1181 896
1181 902
1181 908
1181 909
1181 910
1181 911
1181 913
1181 915
1181 918
1181 925
1181 960
1181 966
1181 974
1181 977
1181 979
1181 982
1181 989
1181 1024
1181 1030
1181 1031
1181 1038
1181 1041
1181 1043
1181 1053
1181 1054
1181 1088
1181 1094
1181 1102
1181 1105
1181 1107
1181 1110
1181 1117
1181 1152
1181 1158
1181 1162
1181 1163
1181 1165
1181 1166
1181 1169
1181 1171
1181 1174
1181 1216
1181 1222
1181 1223
1181 1226
1181 1230
1181 1231
1181 1233
1181 1235
1181 1238
1181 1245
1182 10
1182 11
1182 17
1182 28
1182 29
1182 37
1182 74
1182 86
1182 138
1182 143
1182 144
1182 158
1182 160
1182 202
1182 207
1182 226
1182 246
1182 256
1182 262
1182 310
1182 320
1182 326
1182 334
1182 342
1182 349
1182 350
1182 390
1182 391
1182 394
1182 395
1182 396
1182 399
1182 406
1182 411
1182 414
1182 416
1182 421
1182 448
1182 454
1182 462
1182 465
1182 467
1182 518
1182 519
1182 522
1182 527
1182 541
1182 580
1182 583
1182 586
1182 587
1182 588
1182 589
1182 591
1182 598
1182 603
1182 604
1182 606
1182 608
1182 612
1182 646
1182 647
1182 650
1182 653
1182 655
1182 662
1182 670
1182 676
1182 694
1182 714
1182 716
1182 736
1182 770
1182 779
1182 790
1182 796
1182 799
1182 800
1182 801
1182 802
1182 806
1182 820
1182 833
1182 836
1182 839
1182 842
1182 843
1182 844
1182 847
1182 854
1182 860
1182 864
1182 884
1182 896
1182 903
1182 906
1182 907
1182 908
1182 909
1182 911
1182 918
1182 924
1182 932
1182 950
1182 967
1182 982
1182 989
1182 990
1182 1024
1182 1031
1182 1039
1182 1052
1182 1053
1182 1054
1182 1095
1182 1103
1182 1110
1182 1118
1182 1120
1182 1126
1182 1153
1182 1161
1182 1163
1182 1167
1182 1174
1182 1177
1182 1179
1182 1184
1182 1188
1182 1202
1182 1226
1182 1227
1182 1229
1182 1231
1182 1238
1182 1244
1182 1246
1182 1252
1182 1271
1183 991
1183 1055
1183 1119
1183 1247
1184 11
1184 17
1184 28
1184 37
1184 38
1184 74
1184 77
1184 138
1184 143
1184 144
1184 158
1184 160
1184 202
1184 219
1184 246
1184 256
1184 262
1184 320
1184 326
1184 327
1184 334
1184 342
1184 349
1184 350
1184 390
1184 391
1184 394
1184 395
1184 396
1184 399
1184 406
1184 411
1184 413
1184 414
1184 416
1184 421
1184 448
1184 454
1184 462
1184 465
1184 467
1184 518
1184 519
1184 522
1184 527
1184 541
1184 583
1184 587
1184 588
1184 589
1184 591
1184 598
1184 603
1184 604
1184 605
1184 606
1184 612
1184 640
1184 646
1184 647
1184 650
1184 653
1184 655
1184 662
1184 670
1184 676
1184 694
1184 714
1184 716
1184 734
1184 736
1184 770
1184 775
1184 778
1184 779
1184 780
1184 781
1184 790
1184 796
1184 798
1184 799
1184 800
1184 801
1184 802
1184 806
1184 833
1184 836
1184 839
1184 842
1184 843
1184 844
1184 845
1184 847
1184 854
1184 860
1184 864
1184 884
1184 896
1184 903
1184 906
1184 907
1184 908
1184 909
1184 911
1184 918
1184 924
1184 932
1184 950
1184 967
1184 982
1184 989
1184 992
1184 1024
1184 1031
1184 1039
1184 1041
1184 1052
1184 1053
1184 1054
1184 1056
1184 1095
1184 1103
1184 1110
1184 1118
1184 1120
1184 1126
1184 1152
1184 1161
1184 1162
1184 1163
1184 1165
1184 1174
1184 1177
1184 1179
1184 1182
1184 1188
1184 1202
1184 1226
1184 1227
1184 1231
1184 1235
1184 1238
1184 1244
1184 1248
1184 1252
1184 1271
1185 355
1185 575
1185 993
1185 1057
1185 1121
1185 1249
1186 45
1186 994
1186 1058
1186 1122
1186 1154
1186 1250
1187 34
1187 542
1187 544
1187 995
1187 1059
1187 1123
1187 1251
1188 11
1188 17
1188 28
1188 37
1188 74
1188 77
1188 138
1188 143
1188 144
1188 158
1188 160
1188 202
1188 219
1188 246
1188 256
1188 262
1188 310
1188 320
1188 326
1188 327
1188 334
1188 342
1188 349
1188 350
1188 390
1188 391
1188 394
1188 395
1188 396
1188 399
1188 406
1188 411
1188 413
1188 414
1188 416
1188 421
1188 448
1188 454
1188 462
1188 465
1188 467
1188 518
1188 519
1188 522
1188 527
1188 541
1188 583
1188 586
1188 587
1188 588
1188 589
1188 591
1188 598
1188 603
1188 604
1188 605
1188 606
1188 608
1188 612
1188 640
1188 646
1188 647
1188 650
1188 653
1188 655
1188 662
1188 670
1188 676
1188 694
1188 714
1188 716
1188 734
1188 736
1188 770
1188 775
1188 778
1188 779
1188 780
1188 781
1188 790
1188 796
1188 798
1188 799
1188 800
1188 801
1188 802
1188 806
1188 833
1188 836
1188 839
1188 842
1188 843
1188 844
1188 845
1188 847
1188 854
1188 860
1188 864
1188 884
1188 896
1188 903
1188 906
1188 907
1188 908
1188 909
1188 911
1188 918
1188 924
1188 932
1188 950
1188 967
1188 982
1188 989
1188 996
1188 1024
1188 1031
1188 1039
1188 1052
1188 1053
1188 1054
1188 1060
1188 1095
1188 1103
1188 1110
1188 1118
1188 1120
1188 1124
1188 1126
1188 1152
1188 1153
1188 1161
1188 1162
1188 1163
1188 1174
1188 1177
1188 1179
1188 1182
1188 1184
1188 1202
1188 1226
1188 1227
1188 1231
1188 1235
1188 1238
1188 1244
1188 1252
1188 1271
1189 947
1189 997
1189 1061
1189 1125
1189 1253
1190 998
1190 1062
1190 1126
1190 1254
1191 999
1191 1063
1191 1127
1191 1255
1192 1000
1192 1064
1192 1128
1192 1256
1193 1001
1193 1065
1193 1129
1193 1257
1194 112
1194 1002
1194 1066
1194 1130
1194 1258
1195 471
1195 1003
1195 1067
1195 1131
1195 1259
1196 463
1196 1004
1196 1068
1196 1115
1196 1132
1196 1260
1197 224
1197 343
1197 1005
1197 1069
1197 1133
1197 1261
1198 629
1198 1006
1198 1070
1198 1125
1198 1134
1198 1262
1199 426
1199 480
1199 1007
1199 1071
1199 1135
1199 1263
1200 642
1200 874
1200 939
1200 1008
1200 1072
1200 1136
1200 1264
1201 276
1201 633
1201 1009
1201 1073
1201 1137
1201 1265
1202 15
1202 75
1202 139
1202 155
1202 223
1202 228
1202 263
1202 308
1202 342
1202 349
1202 390
1202 394
1202 395
1202 406
1202 411
1202 416
1202 421
1202 454
1202 455
1202 522
1202 527
1202 580
1202 583
1202 586
1202 604
1202 608
1202 612
1202 650
1202 653
1202 670
1202 676
1202 726
1202 736
1202 754
1202 770
1202 772
1202 801
1202 820
1202 836
1202 843
1202 848
1202 860
1202 864
1202 884
1202 886
1202 903
1202 906
1202 907
1202 924
1202 932
1202 950
1202 1010
1202 1039
1202 1052
1202 1074
1202 1095
1202 1099
1202 1103
1202 1116
1202 1118
1202 1120
1202 1124
1202 1126
1202 1138
1202 1153
1202 1161
1202 1164
1202 1167
1202 1177
1202 1179
1202 1182
1202 1184
1202 1188
1202 1227
1202 1229
1202 1244
1202 1266
1202 1271
1203 1011
1203 1075
1203 1139
1203 1267
1204 1012
1204 1076
1204 1140
1204 1148
1204 1268
1205 1013
1205 1077
1205 1141
1205 1269
1206 470
1206 1014
1206 1078
1206 1142
1206 1270
1207 1012
1207 1015
1207 1079
1207 1143
1207 1271
1208 1016
1208 1080
1208 1144
1208 1272
1209 1017
1209 1081
1209 1145
1209 1273
1210 1018
1210 1082
1210 1146
1210 1172
1210 1274
1211 1019
1211 1083
1211 1147
1211 1275
1212 1020
1212 1072
1212 1084
1212 1148
1212 1276
1213 1021
1213 1085
1213 1149
1213 1277
1214 978
1214 1022
1214 1086
1214 1150
1214 1278
1215 464
1215 824
1215 825
1215 1023
1215 1087
1215 1151
1215 1279
1216 0
1216 6
1216 7
1216 14
1216 19
1216 64
1216 83
1216 94
1216 128
1216 134
1216 135
1216 145
1216 157
1216 192
1216 198
1216 199
1216 209
1216 214
1216 221
1216 222
1216 275
1216 327
1216 337
1216 339
1216 384
1216 391
1216 398
1216 399
1216 401
1216 403
1216 413
1216 448
1216 465
1216 467
1216 477
1216 512
1216 518
1216 519
1216 526
1216 529
1216 531
1216 541
1216 576
1216 582
1216 587
1216 588
1216 589
1216 590
1216 591
1216 593
1216 595
1216 598
1216 605
1216 606
1216 640
1216 646
1216 647
1216 654
1216 655
1216 657
1216 659
1216 662
1216 669
1216 704
1216 710
1216 711
1216 714
1216 716
1216 718
1216 719
1216 721
1216 723
1216 733
1216 734
1216 768
1216 774
1216 775
1216 778
1216 780
1216 781
1216 782
1216 783
1216 785
1216 787
1216 790
1216 796
1216 797
1216 798
1216 799
1216 800
1216 802
1216 806
1216 832
1216 838
1216 839
1216 842
1216 844
1216 845
1216 846
1216 847
1216 849
1216 851
1216 854
1216 861
1216 862
1216 896
1216 902
1216 908
1216 909
1216 910
1216 913
1216 915
1216 918
1216 925
1216 960
1216 966
1216 974
1216 977
1216 979
1216 982
1216 989
1216 1024
1216 1030
1216 1038
1216 1041
1216 1043
1216 1053
1216 1054
1216 1088
1216 1094
1216 1102
1216 1105
1216 1107
1216 1110
1216 1117
1216 1152
1216 1158
1216 1162
1216 1163
1216 1165
1216 1166
1216 1169
1216 1171
1216 1174
1216 1181
1216 1222
1216 1223
1216 1226
1216 1230
1216 1231
1216 1233
1216 1235
1216 1238
1216 1245
1217 741
1217 1025
1217 1034
1217 1089
1217 1153
1218 599
1218 1026
1218 1090
1218 1154
1218 1241
1219 547
1219 1027
1219 1091
1219 1114
1219 1155
1220 204
1220 1028
1220 1092
1220 1156
1220 1249
1221 9
1221 73
1221 137
1221 201
1221 265
1221 329
1221 393
1221 457
1221 521
1221 581
1221 645
1221 713
1221 777
1221 837
1221 905
1221 968
1221 1029
1221 1033
1221 1093
1221 1097
1221 1157
1222 14
1222 19
1222 78
1222 83
1222 142
1222 147
1222 192
1222 206
1222 211
1222 384
1222 398
1222 401
1222 403
1222 413
1222 477
1222 512
1222 526
1222 529
1222 531
1222 576
1222 582
1222 590
1222 593
1222 595
1222 605
1222 640
1222 654
1222 657
1222 659
1222 669
1222 704
1222 710
1222 711
1222 718
1222 719
1222 721
1222 723
1222 733
1222 734
1222 768
1222 774
1222 775
1222 778
1222 780
1222 781
1222 782
1222 783
1222 785
1222 787
1222 797
1222 798
1222 832
1222 838
1222 845
1222 846
1222 849
1222 851
1222 861
1222 862
1222 902
1222 910
1222 913
1222 915
1222 925
1222 960
1222 966
1222 974
1222 977
1222 979
1222 1030
1222 1038
1222 1041
1222 1043
1222 1054
1222 1088
1222 1094
1222 1102
1222 1105
1222 1107
1222 1117
1222 1152
1222 1158
1222 1162
1222 1165
1222 1166
1222 1169
1222 1171
1222 1181
1222 1216
1222 1223
1222 1230
1222 1233
1222 1235
1222 1245
1223 0
1223 6
1223 14
1223 19
1223 64
1223 83
1223 128
1223 134
1223 145
1223 192
1223 198
1223 199
1223 209
1223 221
1223 222
1223 337
1223 339
1223 384
1223 391
1223 398
1223 401
1223 403
1223 413
1223 448
1223 465
1223 467
1223 477
1223 512
1223 518
1223 519
1223 526
1223 529
1223 531
1223 541
1223 576
1223 582
1223 587
1223 588
1223 590
1223 593
1223 595
1223 598
1223 605
1223 606
1223 640
1223 646
1223 647
1223 654
1223 657
1223 659
1223 662
1223 669
1223 704
1223 710
1223 711
1223 714
1223 716
1223 718
1223 719
1223 721
1223 723
1223 733
1223 734
1223 768
1223 774
1223 775
1223 778
1223 780
1223 781
1223 782
1223 783
1223 785
1223 787
1223 790
1223 796
1223 797
1223 798
1223 799
1223 800
1223 802
1223 832
1223 838
1223 839
1223 842
1223 844
1223 845
1223 846
1223 847
1223 849
1223 851
1223 854
1223 861
1223 862
1223 896
1223 902
1223 910
1223 913
1223 915
1223 918
1223 925
1223 960
1223 966
1223 974
1223 977
1223 979
1223 982
1223 989
1223 1024
1223 1030
1223 1031
1223 1038
1223 1041
1223 1043
1223 1053
1223 1054
1223 1088
1223 1094
1223 1095
1223 1102
1223 1105
1223 1107
1223 1110
1223 1117
1223 1152
1223 1158
1223 1159
1223 1162
1223 1165
1223 1166
1223 1169
1223 1171
1223 1174
1223 1181
1223 1216
1223 1222
1223 1226
1223 1230
1223 1231
1223 1233
1223 1235
1223 1238
1223 1245
1224 324
1224 898
1224 1032
1224 1096
1224 1160
1225 148
1225 1033
1225 1097
1225 1161
1226 7
1226 11
1226 12
1226 13
1226 32
1226 38
1226 70
1226 71
1226 76
1226 77
1226 79
1226 81
1226 93
1226 94
1226 96
1226 140
1226 150
1226 156
1226 164
1226 203
1226 205
1226 219
1226 230
1226 256
1226 270
1226 273
1226 285
1226 286
1226 320
1226 326
1226 334
1226 350
1226 384
1226 390
1226 391
1226 394
1226 396
1226 398
1226 399
1226 401
1226 406
1226 411
1226 413
1226 414
1226 416
1226 421
1226 448
1226 454
1226 462
1226 465
1226 467
1226 477
1226 512
1226 518
1226 519
1226 522
1226 526
1226 527
1226 529
1226 531
1226 541
1226 576
1226 582
1226 583
1226 587
1226 588
1226 589
1226 591
1226 593
1226 598
1226 603
1226 605
1226 606
1226 612
1226 640
1226 646
1226 647
1226 650
1226 653
1226 655
1226 657
1226 659
1226 662
1226 669
1226 670
1226 676
1226 694
1226 704
1226 711
1226 714
1226 716
1226 718
1226 719
1226 721
1226 733
1226 734
1226 736
1226 770
1226 775
1226 778
1226 779
1226 780
1226 781
1226 783
1226 790
1226 796
1226 797
1226 798
1226 799
1226 800
1226 802
1226 806
1226 832
1226 833
1226 839
1226 842
1226 843
1226 844
1226 845
1226 847
1226 854
1226 862
1226 864
1226 884
1226 896
1226 903
1226 907
1226 908
1226 909
1226 911
1226 918
1226 924
1226 932
1226 960
1226 967
1226 974
1226 977
1226 979
1226 982
1226 989
1226 1024
1226 1030
1226 1031
1226 1034
1226 1038
1226 1039
1226 1041
1226 1043
1226 1052
1226 1053
1226 1054
1226 1088
1226 1094
1226 1095
1226 1098
1226 1102
1226 1103
1226 1105
1226 1110
1226 1117
1226 1118
1226 1126
1226 1152
1226 1161
1226 1162
1226 1163
1226 1165
1226 1169
1226 1171
1226 1174
1226 1177
1226 1179
1226 1181
1226 1182
1226 1184
1226 1188
1226 1216
1226 1223
1226 1230
1226 1231
1226 1235
1226 1238
1226 1244
1226 1245
1226 1252
1227 10
1227 15
1227 29
1227 75
1227 86
1227 139
1227 155
1227 207
1227 223
1227 226
1227 228
1227 308
1227 310
1227 342
1227 390
1227 394
1227 395
1227 396
1227 399
1227 406
1227 411
1227 414
1227 416
1227 421
1227 454
1227 455
1227 462
1227 522
1227 527
1227 580
1227 583
1227 586
1227 589
1227 603
1227 604
1227 608
1227 612
1227 650
1227 653
1227 670
1227 676
1227 694
1227 726
1227 736
1227 754
1227 770
1227 772
1227 779
1227 801
1227 820
1227 833
1227 836
1227 843
1227 848
1227 860
1227 864
1227 884
1227 886
1227 903
1227 906
1227 907
1227 909
1227 911
1227 924
1227 932
1227 950
1227 967
1227 1031
1227 1035
1227 1039
1227 1052
1227 1095
1227 1099
1227 1103
1227 1116
1227 1118
1227 1120
1227 1124
1227 1126
1227 1153
1227 1161
1227 1163
1227 1164
1227 1167
1227 1177
1227 1179
1227 1182
1227 1184
1227 1188
1227 1202
1227 1229
1227 1244
1227 1252
1227 1271
1228 1036
1228 1100
1228 1164
1229 15
1229 75
1229 139
1229 155
1229 223
1229 228
1229 263
1229 395
1229 406
1229 411
1229 416
1229 421
1229 454
1229 455
1229 522
1229 527
1229 580
1229 586
1229 604
1229 608
1229 653
1229 676
1229 726
1229 754
1229 770
1229 772
1229 801
1229 820
1229 836
1229 848
1229 860
1229 884
1229 886
1229 906
1229 950
1229 971
1229 1037
1229 1051
1229 1052
1229 1099
1229 1101
1229 1103
1229 1116
1229 1118
1229 1120
1229 1124
1229 1153
1229 1164
1229 1165
1229 1167
1229 1177
1229 1179
1229 1182
1229 1202
1229 1227
1229 1271
1230 0
1230 6
1230 14
1230 19
1230 64
1230 78
1230 83
1230 128
1230 134
1230 147
1230 192
1230 198
1230 199
1230 206
1230 209
1230 221
1230 222
1230 337
1230 339
1230 384
1230 391
1230 398
1230 401
1230 403
1230 413
1230 448
1230 465
1230 467
1230 477
1230 512
1230 518
1230 519
1230 526
1230 529
1230 531
1230 541
1230 576
1230 582
1230 587
1230 590
1230 593
1230 595
1230 598
1230 605
1230 606
1230 640
1230 646
1230 647
1230 654
1230 657
1230 659
1230 662
1230 669
1230 704
1230 710
1230 711
1230 716
1230 718
1230 719
1230 721
1230 723
1230 733
1230 734
1230 768
1230 774
1230 775
1230 778
1230 780
1230 781
1230 782
1230 783
1230 785
1230 787
1230 790
1230 796
1230 797
1230 798
1230 799
1230 802
1230 832
1230 838
1230 839
1230 842
1230 844
1230 845
1230 846
1230 849
1230 851
1230 854
1230 861
1230 862
1230 896
1230 902
1230 910
1230 913
1230 915
1230 918
1230 925
1230 960
1230 966
1230 974
1230 977
1230 979
1230 989
1230 1024
1230 1030
1230 1038
1230 1041
1230 1043
1230 1053
1230 1054
1230 1088
1230 1094
1230 1102
1230 1105
1230 1107
1230 1117
1230 1152
1230 1158
1230 1162
1230 1165
1230 1166
1230 1169
1230 1171
1230 1174
1230 1181
1230 1216
1230 1222
1230 1223
1230 1226
1230 1231
1230 1233
1230 1235
1230 1238
1230 1245
1231 7
1231 12
1231 13
1231 32
1231 38
1231 70
1231 71
1231 76
1231 77
1231 79
1231 81
1231 93
1231 94
1231 96
1231 135
1231 140
1231 150
1231 156
1231 157
1231 164
1231 203
1231 205
1231 214
1231 219
1231 230
1231 270
1231 273
1231 275
1231 285
1231 286
1231 320
1231 327
1231 334
1231 350
1231 384
1231 390
1231 391
1231 394
1231 396
1231 398
1231 399
1231 401
1231 406
1231 413
1231 414
1231 416
1231 421
1231 448
1231 462
1231 465
1231 467
1231 477
1231 512
1231 518
1231 519
1231 522
1231 526
1231 527
1231 529
1231 531
1231 541
1231 576
1231 582
1231 583
1231 587
1231 588
1231 589
1231 591
1231 593
1231 595
1231 598
1231 603
1231 605
1231 606
1231 612
1231 640
1231 646
1231 647
1231 650
1231 653
1231 654
1231 655
1231 657
1231 659
1231 662
1231 669
1231 670
1231 676
1231 694
1231 704
1231 710
1231 711
1231 714
1231 716
1231 718
1231 719
1231 721
1231 733
1231 734
1231 736
1231 768
1231 775
1231 778
1231 779
1231 780
1231 781
1231 783
1231 790
1231 796
1231 797
1231 798
1231 799
1231 800
1231 802
1231 806
1231 832
1231 833
1231 838
1231 839
1231 842
1231 843
1231 844
1231 845
1231 847
1231 854
1231 861
1231 862
1231 864
1231 884
1231 896
1231 902
1231 903
1231 907
1231 908
1231 909
1231 910
1231 911
1231 913
1231 915
1231 918
1231 924
1231 932
1231 960
1231 966
1231 967
1231 974
1231 977
1231 979
1231 982
1231 989
1231 1024
1231 1030
1231 1031
1231 1038
1231 1039
1231 1041
1231 1043
1231 1052
1231 1053
1231 1054
1231 1088
1231 1094
1231 1095
1231 1102
1231 1103
1231 1105
1231 1110
1231 1117
1231 1126
1231 1152
1231 1161
1231 1162
1231 1163
1231 1165
1231 1166
1231 1167
1231 1169
1231 1171
1231 1174
1231 1177
1231 1179
1231 1181
1231 1182
1231 1184
1231 1188
1231 1216
1231 1223
1231 1226
1231 1230
1231 1233
1231 1235
1231 1238
1231 1244
1231 1245
1231 1252
1232 1040
1232 1104
1232 1109
1232 1168
1233 0
1233 6
1233 14
1233 19
1233 64
1233 78
1233 83
1233 128
1233 134
1233 147
1233 192
1233 198
1233 199
1233 206
1233 221
1233 384
1233 398
1233 401
1233 403
1233 413
1233 467
1233 477
1233 512
1233 518
1233 519
1233 526
1233 529
1233 531
1233 541
1233 576
1233 582
1233 590
1233 593
1233 595
1233 605
1233 640
1233 646
1233 647
1233 654
1233 657
1233 659
1233 662
1233 669
1233 704
1233 710
1233 711
1233 718
1233 719
1233 721
1233 723
1233 733
1233 734
1233 768
1233 774
1233 775
1233 778
1233 780
1233 781
1233 782
1233 783
1233 785
1233 787
1233 790
1233 797
1233 798
1233 799
1233 832
1233 838
1233 845
1233 846
1233 849
1233 851
1233 861
1233 862
1233 896
1233 902
1233 910
1233 913
1233 915
1233 918
1233 925
1233 960
1233 966
1233 974
1233 977
1233 979
1233 989
1233 1024
1233 1030
1233 1038
1233 1041
1233 1043
1233 1054
1233 1088
1233 1094
1233 1102
1233 1105
1233 1107
1233 1117
1233 1152
1233 1158
1233 1162
1233 1165
1233 1166
1233 1169
1233 1171
1233 1181
1233 1216
1233 1222
1233 1223
1233 1230
1233 1231
1233 1235
1233 1238
1233 1245
1234 695
1234 760
1234 994
1234 1042
1234 1106
1234 1170
1235 0
1235 7
1235 12
1235 32
1235 64
1235 71
1235 79
1235 93
1235 94
1235 96
1235 134
1235 135
1235 140
1235 145
1235 150
1235 156
1235 157
1235 199
1235 203
1235 209
1235 214
1235 222
1235 270
1235 273
1235 275
1235 285
1235 327
1235 337
1235 339
1235 384
1235 390
1235 391
1235 394
1235 396
1235 398
1235 399
1235 401
1235 403
1235 413
1235 414
1235 448
1235 462
1235 465
1235 467
1235 477
1235 512
1235 518
1235 519
1235 526
1235 529
1235 531
1235 541
1235 576
1235 582
1235 583
1235 587
1235 588
1235 589
1235 590
1235 591
1235 593
1235 595
1235 598
1235 603
1235 605
1235 606
1235 612
1235 640
1235 646
1235 647
1235 650
1235 654
1235 655
1235 657
1235 659
1235 662
1235 669
1235 670
1235 694
1235 704
1235 710
1235 711
1235 714
1235 716
1235 718
1235 719
1235 721
1235 723
1235 733
1235 734
1235 736
1235 768
1235 774
1235 775
1235 778
1235 779
1235 780
1235 781
1235 782
1235 783
1235 785
1235 787
1235 790
1235 796
1235 797
1235 798
1235 799
1235 800
1235 802
1235 806
1235 832
1235 833
1235 838
1235 839
1235 842
1235 843
1235 844
1235 845
1235 846
1235 847
1235 849
1235 851
1235 854
1235 861
1235 862
1235 864
1235 896
1235 902
1235 903
1235 907
1235 908
1235 909
1235 910
1235 911
1235 913
1235 915
1235 918
1235 924
1235 925
1235 960
1235 966
1235 967
1235 974
1235 977
1235 979
1235 982
1235 989
1235 1024
1235 1030
1235 1031
1235 1038
1235 1039
1235 1041
1235 1043
1235 1053
1235 1054
1235 1088
1235 1094
1235 1095
1235 1102
1235 1105
1235 1107
1235 1110
1235 1117
1235 1152
1235 1158
1235 1162
1235 1163
1235 1165
1235 1166
1235 1169
1235 1171
1235 1174
1235 1181
1235 1184
1235 1188
1235 1216
1235 1222
1235 1223
1235 1226
1235 1230
1235 1231
1235 1233
1235 1238
1235 1244
1235 1245
1235 1252
1236 818
1236 1035
1236 1044
1236 1108
1236 1172
1237 194
1237 520
1237 562
1237 1045
1237 1109
1237 1173
1238 7
1238 12
1238 13
1238 32
1238 38
1238 70
1238 71
1238 76
1238 77
1238 79
1238 81
1238 93
1238 94
1238 96
1238 135
1238 140
1238 150
1238 156
1238 157
1238 164
1238 203
1238 205
1238 214
1238 219
1238 230
1238 270
1238 273
1238 275
1238 285
1238 286
1238 320
1238 327
1238 334
1238 350
1238 384
1238 390
1238 391
1238 394
1238 396
1238 398
1238 399
1238 401
1238 413
1238 414
1238 416
1238 421
1238 448
1238 462
1238 465
1238 467
1238 477
1238 512
1238 518
1238 519
1238 522
1238 526
1238 527
1238 529
1238 531
1238 541
1238 576
1238 582
1238 583
1238 587
1238 588
1238 589
1238 591
1238 593
1238 595
1238 598
1238 603
1238 605
1238 606
1238 612
1238 640
1238 646
1238 647
1238 650
1238 653
1238 654
1238 655
1238 657
1238 659
1238 662
1238 669
1238 670
1238 694
1238 704
1238 710
1238 711
1238 714
1238 716
1238 718
1238 719
1238 721
1238 733
1238 734
1238 736
1238 768
1238 775
1238 778
1238 779
1238 780
1238 781
1238 783
1238 787
1238 790
1238 796
1238 797
1238 798
1238 799
1238 800
1238 802
1238 806
1238 832
1238 833
1238 838
1238 839
1238 842
1238 843
1238 844
1238 845
1238 847
1238 851
1238 854
1238 861
1238 862
1238 864
1238 884
1238 896
1238 902
1238 903
1238 907
1238 908
1238 909
1238 910
1238 911
1238 913
1238 915
1238 918
1238 924
1238 932
1238 960
1238 966
1238 967
1238 974
1238 977
1238 979
1238 982
1238 989
1238 1024
1238 1030
1238 1031
1238 1038
1238 1039
1238 1041
1238 1043
1238 1046
1238 1052
1238 1053
1238 1054
1238 1088
1238 1094
1238 1095
1238 1102
1238 1103
1238 1105
1238 1107
1238 1110
1238 1117
1238 1126
1238 1152
1238 1161
1238 1162
1238 1163
1238 1165
1238 1166
1238 1169
1238 1171
1238 1174
1238 1177
1238 1179
1238 1181
1238 1182
1238 1184
1238 1188
1238 1216
1238 1223
1238 1226
1238 1230
1238 1231
1238 1233
1238 1235
1238 1244
1238 1245
1238 1252
1239 875
1239 1047
1239 1111
1239 1175
1240 819
1240 827
1240 1048
1240 1112
1240 1176
1241 599
1241 1049
1241 1113
1241 1177
1241 1218
1242 235
1242 746
1242 1050
1242 1114
1242 1178
1243 1051
1243 1115
1243 1179
1244 11
1244 17
1244 28
1244 37
1244 74
1244 77
1244 138
1244 143
1244 144
1244 158
1244 160
1244 202
1244 219
1244 246
1244 256
1244 262
1244 310
1244 320
1244 326
1244 349
1244 390
1244 391
1244 394
1244 395
1244 396
1244 399
1244 406
1244 411
1244 413
1244 414
1244 416
1244 421
1244 448
1244 454
1244 462
1244 465
1244 467
1244 518
1244 519
1244 522
1244 527
1244 541
1244 583
1244 586
1244 587
1244 588
1244 589
1244 591
1244 598
1244 603
1244 604
1244 605
1244 606
1244 608
1244 612
1244 640
1244 646
1244 647
1244 650
1244 653
1244 655
1244 662
1244 670
1244 676
1244 694
1244 714
1244 716
1244 734
1244 736
1244 770
1244 775
1244 778
1244 779
1244 780
1244 781
1244 790
1244 796
1244 798
1244 799
1244 800
1244 801
1244 802
1244 806
1244 833
1244 836
1244 839
1244 842
1244 843
1244 844
1244 845
1244 847
1244 854
1244 860
1244 864
1244 884
1244 896
1244 903
1244 906
1244 907
1244 908
1244 909
1244 911
1244 918
1244 924
1244 932
1244 950
1244 967
1244 982
1244 989
1244 1024
1244 1031
1244 1039
1244 1041
1244 1052
1244 1053
1244 1054
1244 1095
1244 1103
1244 1110
1244 1116
1244 1118
1244 1120
1244 1126
1244 1152
1244 1153
1244 1161
1244 1162
1244 1163
1244 1174
1244 1177
1244 1179
1244 1180
1244 1182
1244 1184
1244 1188
1244 1202
1244 1226
1244 1227
1244 1231
1244 1235
1244 1238
1244 1252
1244 1271
1245 0
1245 6
1245 7
1245 14
1245 19
1245 64
1245 71
1245 83
1245 94
1245 128
1245 134
1245 135
1245 145
1245 150
1245 157
1245 198
1245 199
1245 209
1245 214
1245 221
1245 222
1245 273
1245 275
1245 327
1245 337
1245 339
1245 384
1245 391
1245 398
1245 399
1245 401
1245 403
1245 413
1245 448
1245 462
1245 465
1245 467
1245 477
1245 512
1245 518
1245 519
1245 526
1245 529
1245 531
1245 541
1245 576
1245 582
1245 587
1245 588
1245 589
1245 590
1245 591
1245 593
1245 595
1245 598
1245 605
1245 606
1245 640
1245 646
1245 647
1245 654
1245 655
1245 657
1245 659
1245 662
1245 669
1245 694
1245 704
1245 710
1245 711
1245 714
1245 716
1245 718
1245 719
1245 721
1245 723
1245 733
1245 734
1245 768
1245 774
1245 775
1245 778
1245 780
1245 781
1245 782
1245 783
1245 785
1245 787
1245 790
1245 796
1245 797
1245 798
1245 799
1245 800
1245 802
1245 806
1245 832
1245 838
1245 839
1245 842
1245 844
1245 845
1245 846
1245 847
1245 849
1245 851
1245 854
1245 861
1245 862
1245 896
1245 902
1245 908
1245 909
1245 910
1245 913
1245 915
1245 918
1245 925
1245 960
1245 966
1245 974
1245 977
1245 979
1245 982
1245 989
1245 1024
1245 1030
1245 1038
1245 1041
1245 1043
1245 1053
1245 1054
1245 1088
1245 1094
1245 1102
1245 1105
1245 1107
1245 1110
1245 1117
1245 1152
1245 1158
1245 1162
1245 1163
1245 1165
1245 1166
1245 1169
1245 1171
1245 1174
1245 1181
1245 1216
1245 1222
1245 1223
1245 1226
1245 1230
1245 1231
1245 1233
1245 1235
1245 1238
1246 331
1246 1054
1246 1118
1246 1182
1247 1055
1247 1119
1247 1183
1248 100
1248 1056
1248 1120
1248 1184
1249 204
1249 1057
1249 1121
1249 1185
1249 1220
1250 385
1250 610
1250 626
1250 740
1250 940
1250 1058
1250 1122
1250 1186
1251 525
1251 1059
1251 1123
1251 1187
1252 11
1252 13
1252 17
1252 28
1252 37
1252 38
1252 76
1252 77
1252 81
1252 138
1252 143
1252 144
1252 158
1252 160
1252 164
1252 202
1252 205
1252 219
1252 246
1252 256
1252 262
1252 286
1252 320
1252 326
1252 349
1252 350
1252 390
1252 391
1252 394
1252 395
1252 396
1252 399
1252 406
1252 411
1252 413
1252 414
1252 416
1252 421
1252 448
1252 454
1252 462
1252 465
1252 467
1252 477
1252 518
1252 519
1252 522
1252 527
1252 541
1252 576
1252 582
1252 583
1252 587
1252 588
1252 589
1252 591
1252 598
1252 603
1252 604
1252 605
1252 606
1252 612
1252 640
1252 646
1252 647
1252 650
1252 653
1252 655
1252 662
1252 670
1252 676
1252 694
1252 704
1252 714
1252 716
1252 734
1252 736
1252 770
1252 775
1252 778
1252 779
1252 780
1252 781
1252 790
1252 796
1252 797
1252 798
1252 799
1252 800
1252 801
1252 802
1252 806
1252 833
1252 836
1252 839
1252 842
1252 843
1252 844
1252 845
1252 847
1252 854
1252 860
1252 862
1252 864
1252 884
1252 896
1252 903
1252 906
1252 907
1252 908
1252 909
1252 911
1252 918
1252 924
1252 932
1252 950
1252 960
1252 967
1252 982
1252 989
1252 1024
1252 1030
1252 1031
1252 1039
1252 1041
1252 1052
1252 1053
1252 1054
1252 1060
1252 1095
1252 1103
1252 1110
1252 1118
1252 1120
1252 1124
1252 1126
1252 1152
1252 1161
1252 1162
1252 1163
1252 1165
1252 1174
1252 1177
1252 1179
1252 1182
1252 1184
1252 1188
1252 1226
1252 1227
1252 1231
1252 1235
1252 1238
1252 1244
1252 1271
1253 1061
1253 1125
1253 1189
1254 1062
1254 1126
1254 1190
1255 1063
1255 1127
1255 1191
1256 174
1256 919
1256 1064
1256 1128
1256 1192
1257 304
1257 1065
1257 1129
1257 1193
1258 752
1258 1066
1258 1112
1258 1130
1258 1194
1259 43
1259 1067
1259 1131
1259 1195
1259 1272
1260 652
1260 1068
1260 1132
1260 1196
1261 831
1261 1058
1261 1069
1261 1133
1261 1197
1262 56
1262 1070
1262 1074
1262 1134
1262 1198
1263 751
1263 949
1263 1071
1263 1135
1263 1199
1264 218
1264 1072
1264 1136
1264 1200
1265 115
1265 1073
1265 1076
1265 1137
1265 1201
1266 92
1266 690
1266 1074
1266 1138
1266 1202
1267 881
1267 1075
1267 1139
1267 1203
1268 195
1268 388
1268 1076
1268 1140
1268 1204
1269 945
1269 1077
1269 1141
1269 1205
1270 5
1270 1078
1270 1089
1270 1142
1270 1206
1271 10
1271 15
1271 29
1271 75
1271 86
1271 139
1271 155
1271 207
1271 223
1271 226
1271 228
1271 308
1271 390
1271 394
1271 395
1271 396
1271 406
1271 411
1271 414
1271 416
1271 421
1271 454
1271 455
1271 462
1271 522
1271 527
1271 580
1271 583
1271 586
1271 603
1271 604
1271 608
1271 612
1271 650
1271 653
1271 670
1271 676
1271 694
1271 726
1271 736
1271 754
1271 770
1271 772
1271 779
1271 801
1271 820
1271 833
1271 836
1271 843
1271 848
1271 860
1271 864
1271 884
1271 886
1271 903
1271 906
1271 907
1271 911
1271 924
1271 932
1271 950
1271 967
1271 1031
1271 1039
1271 1052
1271 1079
1271 1095
1271 1099
1271 1103
1271 1116
1271 1118
1271 1120
1271 1124
1271 1126
1271 1143
1271 1153
1271 1161
1271 1164
1271 1167
1271 1177
1271 1179
1271 1182
1271 1184
1271 1188
1271 1202
1271 1207
1271 1227
1271 1229
1271 1244
1271 1252
1272 43
1272 1080
1272 1144
1272 1208
1272 1259
1273 813
1273 1081
1273 1145
1273 1209
1274 407
1274 507
1274 1082
1274 1146
1274 1210
1275 351
1275 753
1275 1083
1275 1147
1275 1211
1276 367
1276 890
1276 1084
1276 1148
1276 1212
1277 1085
1277 1149
1277 1213
1278 1086
1278 1150
1278 1214
1279 1087
1279 1132
1279 1151
1279 1215
