0 64
0 128
0 192
1 65
1 129
1 193
1 675
1 943
2 66
2 130
2 194
2 384
3 67
3 131
3 195
3 571
3 573
4 6
4 7
4 11
4 14
4 15
4 17
4 29
4 30
4 34
4 38
4 68
4 70
4 71
4 74
4 75
4 76
4 77
4 78
4 79
4 81
4 85
4 86
4 93
4 96
4 98
4 100
4 102
4 132
4 134
4 135
4 142
4 143
4 145
4 158
4 162
4 196
4 198
4 199
4 204
4 206
4 207
4 209
4 213
4 221
4 226
4 260
4 262
4 265
4 267
4 270
4 271
4 273
4 277
4 285
4 290
4 294
4 324
4 326
4 334
4 335
4 337
4 341
4 342
4 349
4 354
4 388
4 390
4 395
4 396
4 398
4 399
4 401
4 405
4 406
4 413
4 418
4 420
4 421
4 422
4 438
4 439
4 452
4 453
4 454
4 460
4 462
4 463
4 465
4 466
4 469
4 477
4 482
4 486
4 516
4 518
4 526
4 527
4 529
4 530
4 533
4 540
4 541
4 546
4 580
4 582
4 588
4 590
4 591
4 593
4 605
4 610
4 644
4 646
4 652
4 654
4 655
4 657
4 667
4 669
4 674
4 708
4 710
4 716
4 718
4 719
4 721
4 733
4 738
4 768
4 772
4 773
4 774
4 782
4 783
4 785
4 789
4 797
4 802
4 832
4 836
4 838
4 843
4 844
4 845
4 847
4 849
4 850
4 853
4 854
4 861
4 862
4 866
4 868
4 870
4 902
4 913
4 917
4 918
4 925
4 928
4 930
4 934
4 964
4 966
4 975
4 989
4 1028
4 1030
4 1041
4 1100
4 1102
4 1103
4 1109
4 1152
4 1159
4 1164
4 1167
4 1169
4 1220
4 1222
4 1230
4 1231
4 1233
4 1243
5 69
5 133
5 197
5 419
5 1268
6 4
6 14
6 15
6 17
6 30
6 34
6 68
6 70
6 71
6 75
6 76
6 78
6 79
6 81
6 85
6 93
6 98
6 102
6 132
6 134
6 135
6 145
6 196
6 198
6 199
6 206
6 207
6 209
6 213
6 221
6 260
6 262
6 270
6 271
6 273
6 277
6 285
6 290
6 294
6 324
6 326
6 334
6 335
6 337
6 341
6 354
6 388
6 390
6 395
6 396
6 398
6 399
6 401
6 405
6 406
6 413
6 418
6 420
6 438
6 452
6 454
6 460
6 462
6 463
6 465
6 477
6 486
6 516
6 518
6 526
6 527
6 529
6 541
6 546
6 580
6 582
6 590
6 591
6 593
6 644
6 646
6 652
6 654
6 657
6 669
6 674
6 708
6 710
6 718
6 719
6 721
6 733
6 738
6 772
6 774
6 782
6 783
6 785
6 789
6 797
6 832
6 836
6 838
6 843
6 844
6 845
6 846
6 847
6 849
6 850
6 853
6 861
6 862
6 866
6 868
6 870
6 900
6 902
6 911
6 913
6 925
6 974
6 975
6 1028
6 1030
6 1038
6 1092
6 1094
6 1100
6 1102
6 1103
6 1105
6 1117
6 1156
6 1158
6 1166
6 1169
6 1181
6 1231
6 1233
6 1245
7 4
7 11
7 12
7 15
7 29
7 30
7 34
7 36
7 38
7 71
7 74
7 75
7 76
7 77
7 82
7 85
7 86
7 96
7 98
7 100
7 102
7 132
7 134
7 135
7 142
7 143
7 145
7 149
7 158
7 162
7 198
7 199
7 203
7 204
7 205
7 220
7 226
7 265
7 267
7 268
7 274
7 285
7 290
7 292
7 294
7 327
7 334
7 335
7 341
7 342
7 349
7 354
7 358
7 386
7 395
7 397
7 402
7 406
7 418
7 420
7 421
7 422
7 438
7 439
7 453
7 460
7 463
7 466
7 469
7 482
7 486
7 516
7 517
7 527
7 529
7 530
7 533
7 540
7 541
7 546
7 550
7 582
7 588
7 591
7 593
7 597
7 605
7 610
7 646
7 647
7 652
7 654
7 655
7 658
7 661
7 667
7 678
7 709
7 710
7 716
7 719
7 721
7 725
7 738
7 768
7 773
7 774
7 779
7 780
7 783
7 789
7 797
7 802
7 832
7 843
7 844
7 850
7 853
7 854
7 859
7 862
7 866
7 868
7 870
7 887
7 896
7 907
7 932
7 949
7 960
7 965
7 977
7 1031
7 1039
7 1053
7 1088
7 1093
7 1106
7 1110
7 1116
7 1120
7 1122
7 1126
7 1132
7 1174
7 1180
7 1216
7 1221
7 1248
7 1250
8 72
8 136
8 200
8 1148
9 69
9 73
9 137
9 197
9 201
9 263
9 325
9 389
9 455
9 521
9 581
9 645
9 672
9 711
9 777
9 841
9 903
9 967
9 1029
9 1095
9 1157
9 1223
10 74
10 138
10 202
11 4
11 7
11 12
11 15
11 29
11 30
11 34
11 36
11 38
11 74
11 75
11 76
11 77
11 82
11 85
11 86
11 96
11 98
11 100
11 102
11 132
11 134
11 135
11 139
11 142
11 143
11 145
11 158
11 162
11 198
11 199
11 203
11 204
11 207
11 209
11 220
11 226
11 265
11 267
11 268
11 274
11 277
11 285
11 290
11 292
11 294
11 324
11 326
11 327
11 334
11 335
11 337
11 341
11 342
11 349
11 354
11 386
11 395
11 397
11 402
11 405
11 406
11 413
11 418
11 420
11 421
11 422
11 438
11 439
11 453
11 454
11 460
11 462
11 463
11 466
11 469
11 482
11 486
11 516
11 517
11 518
11 526
11 527
11 529
11 530
11 533
11 540
11 541
11 546
11 550
11 580
11 582
11 588
11 591
11 593
11 597
11 605
11 610
11 646
11 647
11 652
11 654
11 655
11 658
11 661
11 667
11 669
11 674
11 678
11 708
11 709
11 710
11 716
11 719
11 721
11 733
11 738
11 768
11 772
11 773
11 774
11 779
11 780
11 783
11 785
11 789
11 797
11 802
11 832
11 843
11 844
11 845
11 850
11 853
11 854
11 859
11 862
11 866
11 868
11 870
11 896
11 918
11 932
11 949
11 965
11 977
11 1031
11 1039
11 1053
11 1088
11 1093
11 1106
11 1110
11 1116
11 1120
11 1122
11 1126
11 1132
11 1173
11 1174
11 1180
11 1221
11 1248
12 7
12 11
12 22
12 29
12 36
12 38
12 74
12 76
12 77
12 82
12 86
12 92
12 96
12 100
12 135
12 140
12 142
12 143
12 149
12 158
12 162
12 203
12 204
12 205
12 219
12 220
12 226
12 229
12 265
12 266
12 267
12 268
12 269
12 274
12 292
12 327
12 332
12 342
12 349
12 354
12 358
12 386
12 391
12 397
12 402
12 421
12 422
12 439
12 453
12 459
12 460
12 466
12 469
12 482
12 486
12 517
12 530
12 533
12 540
12 548
12 550
12 583
12 588
12 597
12 605
12 610
12 647
12 653
12 655
12 658
12 661
12 667
12 678
12 704
12 709
12 716
12 725
12 726
12 742
12 768
12 773
12 779
12 780
12 789
12 802
12 837
12 854
12 859
12 887
12 901
12 924
12 951
12 960
12 981
12 994
12 998
12 1058
12 1163
12 1170
12 1190
12 1216
12 1254
13 77
13 141
13 205
14 4
14 6
14 15
14 17
14 29
14 30
14 34
14 68
14 70
14 71
14 75
14 76
14 77
14 78
14 79
14 81
14 85
14 86
14 93
14 98
14 102
14 132
14 134
14 135
14 142
14 145
14 162
14 196
14 198
14 199
14 206
14 207
14 209
14 213
14 221
14 260
14 262
14 270
14 271
14 273
14 277
14 285
14 290
14 294
14 324
14 326
14 334
14 335
14 337
14 341
14 354
14 388
14 390
14 395
14 396
14 398
14 399
14 401
14 405
14 406
14 413
14 418
14 420
14 422
14 438
14 452
14 454
14 460
14 462
14 463
14 465
14 477
14 482
14 486
14 516
14 518
14 526
14 527
14 529
14 541
14 546
14 580
14 582
14 590
14 591
14 593
14 644
14 646
14 652
14 654
14 657
14 669
14 674
14 708
14 710
14 718
14 719
14 721
14 733
14 738
14 772
14 773
14 774
14 782
14 783
14 785
14 789
14 797
14 832
14 836
14 838
14 843
14 844
14 845
14 846
14 847
14 849
14 850
14 853
14 854
14 861
14 862
14 866
14 868
14 870
14 900
14 902
14 913
14 917
14 925
14 966
14 975
14 989
14 1028
14 1030
14 1038
14 1092
14 1094
14 1100
14 1102
14 1103
14 1105
14 1117
14 1156
14 1158
14 1169
14 1181
14 1222
14 1230
14 1231
14 1233
14 1245
15 4
15 6
15 7
15 11
15 14
15 17
15 29
15 30
15 34
15 38
15 68
15 70
15 71
15 74
15 75
15 76
15 77
15 78
15 79
15 81
15 82
15 85
15 86
15 93
15 96
15 98
15 100
15 102
15 132
15 134
15 135
15 142
15 143
15 145
15 158
15 162
15 196
15 198
15 199
15 204
15 206
15 207
15 209
15 213
15 221
15 226
15 260
15 262
15 265
15 267
15 270
15 271
15 273
15 277
15 285
15 290
15 294
15 324
15 326
15 334
15 335
15 337
15 341
15 342
15 349
15 354
15 388
15 390
15 395
15 396
15 398
15 399
15 401
15 405
15 406
15 413
15 418
15 420
15 421
15 422
15 438
15 439
15 452
15 453
15 454
15 460
15 462
15 463
15 465
15 466
15 469
15 477
15 482
15 486
15 516
15 518
15 526
15 527
15 529
15 530
15 533
15 540
15 541
15 546
15 550
15 580
15 582
15 588
15 590
15 591
15 593
15 597
15 605
15 610
15 644
15 646
15 652
15 654
15 655
15 657
15 667
15 669
15 674
15 708
15 710
15 716
15 718
15 719
15 721
15 733
15 738
15 768
15 772
15 773
15 774
15 779
15 782
15 783
15 785
15 789
15 797
15 802
15 832
15 836
15 838
15 843
15 844
15 845
15 847
15 849
15 850
15 853
15 854
15 861
15 862
15 866
15 868
15 870
15 913
15 917
15 918
15 925
15 928
15 930
15 934
15 964
15 966
15 989
15 1028
15 1030
15 1041
15 1100
15 1109
15 1152
15 1159
15 1164
15 1167
15 1173
15 1220
15 1222
15 1230
15 1231
15 1233
15 1243
16 80
16 144
16 208
16 663
16 814
16 980
16 1240
17 4
17 6
17 14
17 15
17 29
17 30
17 34
17 68
17 70
17 71
17 75
17 76
17 77
17 78
17 79
17 81
17 85
17 86
17 93
17 98
17 102
17 132
17 134
17 135
17 145
17 162
17 196
17 198
17 199
17 206
17 207
17 209
17 213
17 221
17 260
17 262
17 270
17 271
17 273
17 277
17 285
17 290
17 294
17 324
17 326
17 334
17 335
17 337
17 341
17 354
17 388
17 390
17 395
17 396
17 398
17 399
17 401
17 405
17 406
17 413
17 418
17 420
17 422
17 438
17 452
17 454
17 460
17 462
17 463
17 465
17 477
17 482
17 486
17 516
17 518
17 526
17 527
17 529
17 541
17 546
17 580
17 582
17 590
17 591
17 593
17 644
17 646
17 652
17 654
17 657
17 669
17 674
17 708
17 710
17 718
17 719
17 721
17 733
17 738
17 772
17 774
17 782
17 783
17 785
17 789
17 797
17 832
17 836
17 838
17 843
17 844
17 845
17 846
17 847
17 849
17 850
17 853
17 861
17 862
17 866
17 868
17 870
17 900
17 902
17 913
17 917
17 925
17 966
17 975
17 1028
17 1030
17 1038
17 1092
17 1094
17 1100
17 1102
17 1103
17 1105
17 1117
17 1156
17 1158
17 1169
17 1181
17 1222
17 1230
17 1231
17 1233
17 1245
18 82
18 146
18 210
18 1205
18 1206
19 83
19 147
19 211
20 84
20 148
20 212
20 882
21 85
21 149
21 213
21 484
22 12
22 36
22 64
22 86
22 92
22 149
22 150
22 203
22 205
22 210
22 214
22 219
22 229
22 266
22 269
22 292
22 332
22 356
22 358
22 386
22 391
22 402
22 459
22 548
22 583
22 653
22 704
22 725
22 726
22 742
22 780
22 837
22 887
22 926
22 1186
22 1246
23 87
23 151
23 215
23 400
23 828
24 88
24 152
24 216
24 1049
25 89
25 153
25 217
25 522
26 90
26 154
26 218
26 305
26 912
26 1172
26 1269
27 91
27 155
27 219
28 92
28 156
28 220
29 4
29 7
29 11
29 12
29 14
29 15
29 17
29 30
29 34
29 36
29 38
29 74
29 75
29 76
29 77
29 82
29 85
29 86
29 93
29 96
29 98
29 100
29 102
29 132
29 134
29 135
29 142
29 143
29 145
29 157
29 158
29 162
29 198
29 199
29 203
29 204
29 207
29 209
29 213
29 220
29 221
29 226
29 262
29 265
29 267
29 268
29 271
29 273
29 274
29 277
29 285
29 290
29 292
29 294
29 324
29 326
29 327
29 334
29 335
29 337
29 341
29 342
29 349
29 354
29 395
29 396
29 397
29 399
29 405
29 406
29 413
29 418
29 420
29 421
29 422
29 438
29 439
29 452
29 453
29 454
29 460
29 462
29 463
29 465
29 466
29 469
29 482
29 486
29 516
29 517
29 518
29 526
29 527
29 529
29 530
29 533
29 540
29 541
29 546
29 550
29 580
29 582
29 588
29 591
29 593
29 597
29 605
29 610
29 646
29 647
29 652
29 654
29 655
29 657
29 658
29 661
29 667
29 669
29 674
29 678
29 708
29 709
29 710
29 716
29 718
29 719
29 721
29 733
29 738
29 768
29 772
29 773
29 774
29 779
29 780
29 783
29 785
29 789
29 797
29 802
29 832
29 843
29 844
29 845
29 849
29 850
29 853
29 854
29 859
29 862
29 866
29 868
29 870
29 896
29 918
29 928
29 930
29 932
29 949
29 965
29 977
29 1031
29 1039
29 1041
29 1053
29 1088
29 1093
29 1106
29 1110
29 1116
29 1120
29 1122
29 1132
29 1164
29 1173
29 1174
29 1180
29 1221
29 1243
29 1248
30 4
30 6
30 7
30 11
30 14
30 15
30 17
30 29
30 34
30 38
30 68
30 70
30 71
30 74
30 75
30 76
30 77
30 78
30 79
30 81
30 85
30 86
30 93
30 94
30 98
30 100
30 102
30 132
30 134
30 135
30 142
30 143
30 145
30 158
30 162
30 196
30 198
30 199
30 206
30 207
30 209
30 213
30 221
30 222
30 226
30 260
30 262
30 265
30 270
30 271
30 273
30 277
30 285
30 290
30 294
30 324
30 326
30 334
30 335
30 337
30 341
30 342
30 349
30 354
30 388
30 390
30 395
30 396
30 398
30 399
30 401
30 405
30 406
30 413
30 418
30 420
30 421
30 422
30 438
30 452
30 454
30 460
30 462
30 463
30 465
30 466
30 469
30 477
30 482
30 486
30 516
30 518
30 526
30 527
30 529
30 530
30 540
30 541
30 546
30 580
30 582
30 590
30 591
30 593
30 605
30 610
30 644
30 646
30 652
30 654
30 655
30 657
30 669
30 674
30 708
30 710
30 718
30 719
30 721
30 733
30 738
30 772
30 773
30 774
30 782
30 783
30 785
30 789
30 797
30 802
30 832
30 836
30 838
30 843
30 844
30 845
30 846
30 847
30 849
30 850
30 853
30 854
30 861
30 862
30 866
30 868
30 870
30 902
30 913
30 917
30 925
30 934
30 964
30 966
30 975
30 989
30 1028
30 1030
30 1092
30 1100
30 1102
30 1103
30 1105
30 1109
30 1117
30 1152
30 1159
30 1164
30 1167
30 1169
30 1220
30 1222
30 1230
30 1231
30 1233
30 1245
31 95
31 159
31 223
31 408
31 730
32 96
32 160
32 224
32 410
32 937
33 97
33 161
33 225
33 929
33 1046
33 1097
34 4
34 6
34 7
34 11
34 14
34 15
34 17
34 29
34 30
34 38
34 68
34 70
34 74
34 75
34 76
34 77
34 78
34 79
34 81
34 82
34 85
34 86
34 93
34 96
34 98
34 100
34 102
34 132
34 134
34 135
34 142
34 143
34 145
34 158
34 162
34 196
34 198
34 199
34 204
34 206
34 207
34 209
34 213
34 221
34 226
34 260
34 262
34 265
34 267
34 268
34 270
34 271
34 273
34 277
34 285
34 290
34 294
34 324
34 326
34 327
34 334
34 335
34 337
34 341
34 342
34 349
34 354
34 388
34 390
34 395
34 396
34 399
34 401
34 405
34 406
34 413
34 418
34 420
34 421
34 422
34 438
34 439
34 452
34 453
34 454
34 460
34 462
34 463
34 465
34 466
34 469
34 477
34 482
34 486
34 516
34 518
34 526
34 527
34 529
34 530
34 533
34 540
34 541
34 546
34 550
34 580
34 582
34 588
34 590
34 591
34 593
34 597
34 605
34 610
34 644
34 646
34 647
34 652
34 654
34 655
34 657
34 667
34 669
34 674
34 708
34 710
34 716
34 718
34 719
34 721
34 733
34 738
34 768
34 772
34 773
34 774
34 779
34 782
34 783
34 785
34 789
34 797
34 802
34 832
34 836
34 838
34 843
34 844
34 845
34 847
34 849
34 850
34 853
34 854
34 859
34 861
34 862
34 866
34 868
34 870
34 896
34 913
34 917
34 918
34 928
34 930
34 932
34 934
34 964
34 966
34 977
34 989
34 1028
34 1030
34 1041
34 1100
34 1106
34 1109
34 1152
34 1159
34 1164
34 1167
34 1173
34 1174
34 1220
34 1221
34 1222
34 1230
34 1231
34 1233
34 1243
35 99
35 163
35 227
36 7
36 11
36 12
36 22
36 29
36 38
36 64
36 74
36 77
36 82
36 86
36 92
36 96
36 100
36 142
36 143
36 149
36 158
36 162
36 164
36 203
36 204
36 205
36 210
36 219
36 220
36 226
36 228
36 229
36 265
36 266
36 267
36 268
36 269
36 274
36 292
36 327
36 332
36 342
36 349
36 354
36 358
36 386
36 391
36 397
36 402
36 421
36 422
36 439
36 453
36 459
36 466
36 469
36 482
36 486
36 517
36 530
36 533
36 540
36 548
36 550
36 583
36 588
36 597
36 605
36 610
36 647
36 653
36 655
36 658
36 661
36 667
36 678
36 704
36 709
36 716
36 725
36 726
36 742
36 768
36 773
36 779
36 780
36 802
36 837
36 854
36 859
36 887
36 901
36 924
36 951
36 960
36 972
36 981
36 994
36 998
36 1058
36 1163
36 1170
36 1190
36 1254
37 101
37 165
37 229
38 4
38 7
38 11
38 12
38 15
38 29
38 30
38 34
38 36
38 74
38 75
38 76
38 77
38 82
38 85
38 86
38 96
38 98
38 100
38 102
38 132
38 134
38 135
38 142
38 143
38 145
38 149
38 158
38 162
38 166
38 198
38 199
38 203
38 204
38 205
38 220
38 226
38 230
38 265
38 267
38 268
38 274
38 285
38 290
38 292
38 294
38 327
38 334
38 335
38 341
38 342
38 349
38 354
38 358
38 386
38 395
38 397
38 402
38 406
38 418
38 420
38 421
38 422
38 438
38 439
38 453
38 459
38 460
38 463
38 466
38 469
38 482
38 486
38 517
38 527
38 529
38 530
38 533
38 540
38 541
38 546
38 550
38 582
38 588
38 591
38 593
38 597
38 605
38 610
38 646
38 647
38 652
38 654
38 655
38 658
38 661
38 667
38 678
38 709
38 710
38 716
38 719
38 721
38 725
38 738
38 768
38 773
38 774
38 779
38 780
38 783
38 789
38 797
38 802
38 832
38 843
38 844
38 850
38 853
38 854
38 859
38 862
38 866
38 868
38 870
38 887
38 896
38 907
38 932
38 949
38 960
38 965
38 977
38 1031
38 1039
38 1053
38 1088
38 1093
38 1106
38 1110
38 1116
38 1120
38 1122
38 1126
38 1132
38 1174
38 1180
38 1216
38 1221
38 1248
38 1250
39 103
39 167
39 231
39 602
40 80
40 104
40 168
40 232
40 762
41 105
41 169
41 233
41 700
42 106
42 170
42 234
42 624
42 746
42 1072
43 107
43 171
43 235
43 363
43 490
43 507
44 108
44 172
44 236
44 283
44 872
45 109
45 173
45 237
46 110
46 174
46 238
46 565
47 111
47 175
47 239
47 370
47 701
47 1249
48 112
48 176
48 240
49 113
49 177
49 241
50 114
50 178
50 242
51 115
51 179
51 243
51 1235
52 116
52 180
52 244
52 447
52 515
53 117
53 181
53 245
53 1234
54 118
54 182
54 246
54 858
55 119
55 183
55 247
55 297
56 120
56 184
56 248
56 1192
57 121
57 185
57 249
58 122
58 186
58 250
59 123
59 187
59 251
60 124
60 188
60 252
60 740
61 125
61 189
61 253
62 126
62 190
62 254
62 680
62 1020
63 127
63 191
63 255
63 563
63 830
64 0
64 22
64 36
64 92
64 128
64 149
64 192
64 203
64 205
64 210
64 219
64 229
64 256
64 266
64 269
64 332
64 356
64 358
64 386
64 391
64 402
64 459
64 548
64 583
64 653
64 704
64 725
64 726
64 742
64 837
64 887
64 901
64 908
64 914
64 924
64 926
64 1186
64 1246
65 1
65 129
65 193
65 257
65 1012
65 1236
66 2
66 130
66 194
66 258
67 3
67 131
67 195
67 259
67 642
67 1257
68 4
68 6
68 14
68 15
68 17
68 30
68 34
68 70
68 71
68 75
68 76
68 78
68 79
68 81
68 85
68 93
68 98
68 102
68 132
68 134
68 145
68 196
68 198
68 199
68 206
68 207
68 209
68 213
68 221
68 260
68 262
68 270
68 271
68 273
68 277
68 285
68 290
68 294
68 324
68 326
68 334
68 335
68 337
68 341
68 388
68 390
68 395
68 396
68 398
68 399
68 401
68 405
68 406
68 413
68 418
68 420
68 438
68 452
68 454
68 462
68 463
68 465
68 477
68 516
68 518
68 526
68 527
68 529
68 541
68 546
68 580
68 582
68 590
68 591
68 593
68 644
68 646
68 652
68 654
68 657
68 669
68 674
68 708
68 710
68 718
68 721
68 733
68 738
68 772
68 774
68 782
68 783
68 785
68 797
68 832
68 836
68 838
68 844
68 845
68 846
68 847
68 849
68 853
68 861
68 862
68 866
68 868
68 870
68 900
68 902
68 910
68 911
68 913
68 917
68 918
68 925
68 928
68 930
68 934
68 974
68 975
68 1038
68 1092
68 1094
68 1102
68 1103
68 1105
68 1117
68 1156
68 1158
68 1166
68 1169
68 1181
68 1245
69 5
69 9
69 133
69 137
69 197
69 261
69 263
69 325
69 389
69 455
69 521
69 581
69 645
69 672
69 711
69 777
69 841
69 903
69 967
69 1029
69 1095
69 1157
69 1223
70 4
70 6
70 14
70 15
70 17
70 30
70 34
70 68
70 71
70 75
70 76
70 78
70 79
70 81
70 85
70 93
70 98
70 102
70 132
70 134
70 145
70 196
70 198
70 199
70 206
70 207
70 209
70 213
70 221
70 260
70 262
70 270
70 271
70 273
70 277
70 285
70 290
70 294
70 324
70 326
70 334
70 335
70 337
70 341
70 388
70 390
70 396
70 398
70 399
70 401
70 405
70 406
70 413
70 418
70 438
70 452
70 454
70 462
70 463
70 465
70 477
70 516
70 518
70 526
70 527
70 529
70 541
70 546
70 580
70 582
70 590
70 593
70 644
70 646
70 652
70 654
70 657
70 669
70 674
70 708
70 718
70 721
70 733
70 738
70 772
70 774
70 782
70 783
70 785
70 797
70 832
70 836
70 838
70 845
70 846
70 847
70 849
70 853
70 861
70 862
70 866
70 868
70 870
70 900
70 902
70 910
70 911
70 913
70 917
70 925
70 928
70 934
70 974
70 1038
70 1092
70 1094
70 1103
70 1105
70 1117
70 1156
70 1158
70 1166
70 1169
70 1181
70 1245
71 4
71 6
71 7
71 14
71 15
71 17
71 30
71 68
71 70
71 76
71 78
71 79
71 81
71 85
71 93
71 98
71 102
71 135
71 145
71 196
71 199
71 206
71 207
71 209
71 213
71 221
71 260
71 262
71 263
71 270
71 271
71 273
71 277
71 285
71 290
71 324
71 326
71 334
71 335
71 337
71 341
71 388
71 390
71 396
71 398
71 399
71 401
71 405
71 413
71 418
71 438
71 452
71 454
71 462
71 463
71 465
71 477
71 516
71 518
71 526
71 529
71 541
71 580
71 582
71 590
71 593
71 644
71 646
71 654
71 657
71 669
71 674
71 708
71 718
71 721
71 733
71 738
71 772
71 782
71 785
71 797
71 832
71 836
71 838
71 845
71 846
71 847
71 849
71 853
71 861
71 862
71 866
71 868
71 870
71 900
71 902
71 910
71 911
71 913
71 917
71 925
71 974
71 1038
71 1094
71 1166
71 1181
72 8
72 136
72 200
72 264
73 9
73 137
73 201
73 265
74 4
74 7
74 10
74 11
74 12
74 15
74 29
74 30
74 34
74 36
74 38
74 75
74 76
74 77
74 82
74 85
74 86
74 96
74 98
74 100
74 102
74 132
74 134
74 135
74 138
74 142
74 143
74 145
74 158
74 162
74 198
74 199
74 202
74 203
74 204
74 205
74 220
74 226
74 265
74 266
74 267
74 268
74 274
74 285
74 290
74 292
74 294
74 324
74 327
74 334
74 335
74 341
74 342
74 349
74 354
74 358
74 386
74 395
74 397
74 402
74 406
74 418
74 420
74 421
74 422
74 438
74 439
74 453
74 460
74 463
74 466
74 469
74 482
74 486
74 516
74 517
74 518
74 526
74 527
74 529
74 530
74 533
74 540
74 541
74 546
74 550
74 580
74 582
74 588
74 591
74 593
74 597
74 605
74 610
74 646
74 647
74 652
74 654
74 655
74 658
74 661
74 667
74 669
74 678
74 709
74 710
74 716
74 719
74 721
74 725
74 738
74 768
74 773
74 774
74 779
74 780
74 783
74 789
74 797
74 802
74 832
74 843
74 844
74 850
74 853
74 854
74 859
74 862
74 866
74 868
74 870
74 887
74 896
74 907
74 913
74 917
74 918
74 924
74 928
74 930
74 932
74 934
74 949
74 951
74 965
74 977
74 1031
74 1039
74 1053
74 1088
74 1093
74 1106
74 1110
74 1116
74 1120
74 1122
74 1126
74 1132
74 1174
74 1180
74 1216
74 1221
74 1248
74 1250
75 4
75 6
75 7
75 11
75 14
75 15
75 17
75 29
75 30
75 34
75 38
75 68
75 70
75 74
75 76
75 77
75 78
75 79
75 81
75 82
75 85
75 86
75 93
75 96
75 98
75 100
75 102
75 132
75 134
75 135
75 139
75 142
75 143
75 145
75 158
75 162
75 196
75 198
75 199
75 203
75 204
75 206
75 207
75 209
75 213
75 221
75 226
75 260
75 262
75 265
75 267
75 268
75 270
75 271
75 273
75 277
75 285
75 290
75 294
75 324
75 326
75 327
75 334
75 335
75 337
75 341
75 342
75 349
75 354
75 390
75 395
75 396
75 399
75 401
75 405
75 406
75 413
75 418
75 420
75 421
75 422
75 438
75 439
75 452
75 453
75 454
75 460
75 462
75 463
75 465
75 466
75 469
75 477
75 482
75 486
75 516
75 518
75 526
75 527
75 529
75 530
75 533
75 540
75 541
75 546
75 550
75 580
75 582
75 588
75 590
75 591
75 593
75 597
75 605
75 610
75 644
75 646
75 647
75 652
75 654
75 655
75 657
75 658
75 667
75 669
75 674
75 708
75 710
75 716
75 718
75 719
75 721
75 733
75 738
75 768
75 772
75 773
75 774
75 779
75 783
75 785
75 789
75 797
75 802
75 832
75 836
75 838
75 843
75 844
75 845
75 847
75 849
75 850
75 853
75 854
75 859
75 861
75 862
75 866
75 868
75 870
75 896
75 900
75 902
75 907
75 911
75 913
75 917
75 918
75 925
75 928
75 930
75 932
75 934
75 949
75 964
75 966
75 977
75 989
75 1028
75 1030
75 1041
75 1053
75 1100
75 1106
75 1109
75 1152
75 1159
75 1164
75 1167
75 1173
75 1174
75 1220
75 1221
75 1222
75 1230
75 1231
75 1233
75 1243
76 4
76 6
76 7
76 11
76 12
76 14
76 15
76 17
76 29
76 30
76 34
76 38
76 68
76 70
76 71
76 74
76 75
76 77
76 78
76 79
76 81
76 85
76 86
76 93
76 96
76 98
76 100
76 102
76 132
76 134
76 135
76 140
76 142
76 143
76 145
76 158
76 162
76 196
76 198
76 199
76 204
76 206
76 207
76 209
76 213
76 221
76 226
76 260
76 262
76 265
76 267
76 268
76 270
76 271
76 273
76 277
76 285
76 290
76 294
76 324
76 326
76 334
76 335
76 337
76 341
76 342
76 349
76 354
76 388
76 390
76 395
76 396
76 398
76 399
76 401
76 405
76 406
76 413
76 418
76 420
76 421
76 422
76 438
76 439
76 452
76 453
76 454
76 460
76 462
76 463
76 465
76 466
76 469
76 477
76 482
76 486
76 516
76 518
76 526
76 527
76 529
76 530
76 533
76 540
76 541
76 546
76 580
76 582
76 588
76 590
76 591
76 593
76 605
76 610
76 644
76 646
76 652
76 654
76 655
76 657
76 667
76 669
76 674
76 708
76 710
76 718
76 719
76 721
76 733
76 738
76 772
76 773
76 774
76 782
76 783
76 785
76 789
76 797
76 802
76 832
76 836
76 838
76 843
76 844
76 845
76 847
76 849
76 850
76 853
76 854
76 861
76 862
76 866
76 868
76 870
76 896
76 900
76 902
76 911
76 913
76 917
76 918
76 925
76 928
76 930
76 932
76 934
76 949
76 964
76 966
76 975
76 989
76 1028
76 1030
76 1041
76 1100
76 1102
76 1103
76 1109
76 1152
76 1159
76 1164
76 1167
76 1169
76 1220
76 1222
76 1230
76 1231
76 1233
76 1243
77 4
77 7
77 11
77 12
77 13
77 14
77 15
77 17
77 29
77 30
77 34
77 36
77 38
77 74
77 75
77 76
77 82
77 85
77 86
77 96
77 98
77 100
77 102
77 132
77 134
77 135
77 141
77 142
77 143
77 145
77 158
77 162
77 198
77 199
77 203
77 204
77 205
77 207
77 209
77 213
77 220
77 221
77 226
77 262
77 265
77 267
77 268
77 269
77 273
77 274
77 277
77 285
77 290
77 292
77 294
77 324
77 326
77 327
77 334
77 335
77 337
77 341
77 342
77 349
77 354
77 395
77 396
77 397
77 399
77 405
77 406
77 413
77 418
77 420
77 421
77 422
77 438
77 439
77 452
77 453
77 454
77 460
77 462
77 463
77 465
77 466
77 469
77 482
77 486
77 516
77 517
77 518
77 526
77 527
77 529
77 530
77 533
77 540
77 541
77 546
77 550
77 580
77 582
77 588
77 591
77 593
77 597
77 605
77 610
77 646
77 647
77 652
77 654
77 655
77 657
77 658
77 661
77 667
77 669
77 674
77 678
77 708
77 709
77 710
77 716
77 718
77 719
77 721
77 733
77 738
77 768
77 772
77 773
77 774
77 779
77 780
77 783
77 785
77 789
77 797
77 802
77 832
77 843
77 844
77 845
77 849
77 850
77 853
77 854
77 859
77 862
77 866
77 868
77 870
77 896
77 902
77 907
77 913
77 917
77 918
77 925
77 928
77 930
77 932
77 934
77 949
77 951
77 965
77 977
77 1031
77 1039
77 1041
77 1053
77 1088
77 1093
77 1106
77 1110
77 1116
77 1120
77 1122
77 1132
77 1173
77 1174
77 1180
77 1221
77 1243
77 1248
78 4
78 6
78 14
78 15
78 17
78 30
78 34
78 68
78 70
78 71
78 75
78 76
78 79
78 81
78 85
78 93
78 98
78 102
78 132
78 134
78 142
78 145
78 196
78 199
78 206
78 207
78 209
78 213
78 221
78 260
78 262
78 270
78 271
78 273
78 277
78 285
78 290
78 294
78 324
78 326
78 334
78 335
78 337
78 341
78 388
78 390
78 395
78 396
78 398
78 399
78 401
78 405
78 406
78 413
78 418
78 438
78 452
78 454
78 462
78 463
78 465
78 477
78 516
78 518
78 526
78 527
78 529
78 541
78 546
78 580
78 582
78 590
78 593
78 644
78 646
78 652
78 654
78 657
78 669
78 674
78 708
78 718
78 721
78 733
78 738
78 772
78 774
78 782
78 783
78 785
78 797
78 832
78 836
78 838
78 845
78 846
78 847
78 849
78 853
78 861
78 862
78 866
78 868
78 870
78 900
78 902
78 910
78 911
78 913
78 917
78 925
78 928
78 934
78 974
78 1038
78 1092
78 1094
78 1103
78 1105
78 1117
78 1156
78 1158
78 1166
78 1169
78 1181
78 1245
79 4
79 6
79 14
79 15
79 17
79 30
79 34
79 68
79 70
79 71
79 75
79 76
79 78
79 81
79 85
79 93
79 98
79 102
79 132
79 134
79 143
79 145
79 196
79 199
79 206
79 207
79 209
79 213
79 221
79 260
79 262
79 270
79 271
79 273
79 277
79 285
79 290
79 294
79 324
79 326
79 334
79 335
79 337
79 341
79 388
79 390
79 395
79 396
79 398
79 399
79 401
79 405
79 406
79 413
79 418
79 438
79 452
79 454
79 462
79 463
79 465
79 477
79 516
79 518
79 526
79 527
79 529
79 541
79 546
79 580
79 582
79 590
79 593
79 644
79 646
79 652
79 654
79 657
79 669
79 674
79 708
79 718
79 721
79 733
79 738
79 772
79 774
79 782
79 783
79 785
79 797
79 832
79 836
79 838
79 844
79 845
79 846
79 847
79 849
79 853
79 861
79 862
79 866
79 868
79 870
79 900
79 902
79 910
79 911
79 913
79 917
79 925
79 928
79 930
79 934
79 974
79 1038
79 1092
79 1094
79 1102
79 1103
79 1105
79 1117
79 1156
79 1158
79 1166
79 1169
79 1181
79 1245
80 16
80 40
80 144
80 208
80 272
80 762
81 4
81 6
81 14
81 15
81 17
81 30
81 34
81 68
81 70
81 71
81 75
81 76
81 78
81 79
81 85
81 93
81 98
81 102
81 132
81 134
81 145
81 196
81 198
81 199
81 206
81 207
81 209
81 213
81 221
81 260
81 262
81 270
81 271
81 273
81 277
81 285
81 290
81 294
81 324
81 326
81 334
81 335
81 337
81 341
81 388
81 390
81 395
81 396
81 398
81 399
81 401
81 405
81 406
81 413
81 418
81 420
81 438
81 452
81 454
81 462
81 463
81 465
81 477
81 516
81 518
81 526
81 527
81 529
81 541
81 546
81 580
81 582
81 590
81 591
81 593
81 644
81 646
81 652
81 654
81 657
81 669
81 674
81 708
81 710
81 718
81 721
81 733
81 738
81 772
81 774
81 782
81 783
81 785
81 797
81 832
81 836
81 838
81 844
81 845
81 846
81 847
81 849
81 853
81 861
81 862
81 866
81 868
81 870
81 900
81 902
81 910
81 911
81 913
81 917
81 918
81 925
81 928
81 930
81 934
81 974
81 975
81 1038
81 1092
81 1094
81 1102
81 1103
81 1105
81 1117
81 1156
81 1158
81 1166
81 1169
81 1181
81 1245
82 7
82 11
82 12
82 15
82 18
82 29
82 34
82 36
82 38
82 74
82 75
82 77
82 86
82 92
82 96
82 100
82 132
82 134
82 135
82 142
82 143
82 146
82 149
82 158
82 162
82 198
82 203
82 204
82 205
82 210
82 220
82 226
82 229
82 265
82 267
82 268
82 274
82 285
82 292
82 294
82 327
82 335
82 342
82 349
82 354
82 358
82 386
82 395
82 397
82 402
82 406
82 420
82 421
82 422
82 438
82 439
82 453
82 459
82 460
82 466
82 469
82 482
82 486
82 517
82 527
82 530
82 533
82 540
82 546
82 548
82 550
82 588
82 591
82 597
82 605
82 610
82 647
82 652
82 655
82 658
82 661
82 667
82 678
82 709
82 710
82 716
82 719
82 725
82 738
82 742
82 768
82 773
82 774
82 779
82 780
82 783
82 789
82 802
82 843
82 844
82 850
82 854
82 859
82 868
82 870
82 887
82 896
82 901
82 907
82 918
82 924
82 928
82 930
82 932
82 934
82 949
82 951
82 960
82 965
82 998
82 1031
82 1058
82 1088
82 1093
82 1110
82 1116
82 1120
82 1126
82 1132
82 1180
82 1216
82 1248
82 1250
82 1254
83 19
83 147
83 211
83 222
83 275
84 20
84 148
84 212
84 276
84 287
85 4
85 6
85 7
85 11
85 14
85 15
85 17
85 21
85 29
85 30
85 34
85 38
85 68
85 70
85 71
85 74
85 75
85 76
85 77
85 78
85 79
85 81
85 86
85 93
85 98
85 100
85 102
85 132
85 134
85 135
85 142
85 143
85 145
85 149
85 162
85 196
85 198
85 199
85 206
85 207
85 209
85 213
85 221
85 226
85 260
85 262
85 265
85 270
85 271
85 273
85 277
85 285
85 290
85 294
85 324
85 326
85 334
85 335
85 337
85 341
85 342
85 349
85 354
85 388
85 390
85 395
85 396
85 398
85 399
85 401
85 405
85 406
85 413
85 418
85 420
85 421
85 422
85 438
85 452
85 454
85 460
85 462
85 463
85 465
85 466
85 469
85 477
85 482
85 486
85 516
85 518
85 526
85 527
85 529
85 530
85 540
85 541
85 546
85 580
85 582
85 590
85 591
85 593
85 605
85 610
85 644
85 646
85 652
85 654
85 655
85 657
85 669
85 674
85 708
85 710
85 718
85 719
85 721
85 733
85 738
85 772
85 773
85 774
85 782
85 783
85 785
85 789
85 797
85 802
85 832
85 836
85 838
85 843
85 844
85 845
85 846
85 847
85 849
85 850
85 853
85 854
85 861
85 862
85 866
85 868
85 870
85 896
85 900
85 902
85 910
85 911
85 913
85 917
85 918
85 925
85 928
85 930
85 932
85 934
85 949
85 964
85 966
85 975
85 989
85 1028
85 1030
85 1041
85 1092
85 1100
85 1102
85 1103
85 1105
85 1109
85 1117
85 1152
85 1159
85 1164
85 1167
85 1169
85 1220
85 1222
85 1230
85 1231
85 1233
85 1245
86 4
86 7
86 11
86 12
86 14
86 15
86 17
86 22
86 29
86 30
86 34
86 36
86 38
86 74
86 75
86 76
86 77
86 82
86 85
86 96
86 98
86 100
86 102
86 132
86 134
86 135
86 142
86 143
86 145
86 150
86 158
86 162
86 198
86 199
86 203
86 204
86 207
86 209
86 213
86 214
86 220
86 221
86 226
86 262
86 265
86 267
86 268
86 274
86 277
86 278
86 285
86 290
86 292
86 294
86 324
86 326
86 327
86 334
86 335
86 337
86 341
86 342
86 349
86 354
86 395
86 396
86 397
86 399
86 405
86 406
86 413
86 418
86 420
86 421
86 422
86 438
86 439
86 452
86 453
86 454
86 460
86 462
86 463
86 466
86 469
86 482
86 486
86 516
86 517
86 518
86 526
86 527
86 529
86 530
86 533
86 540
86 541
86 546
86 550
86 580
86 582
86 588
86 591
86 593
86 597
86 605
86 610
86 646
86 647
86 652
86 654
86 655
86 658
86 661
86 667
86 669
86 674
86 678
86 708
86 709
86 710
86 716
86 718
86 719
86 721
86 733
86 738
86 768
86 772
86 773
86 774
86 779
86 780
86 783
86 785
86 789
86 797
86 802
86 832
86 843
86 844
86 845
86 849
86 850
86 853
86 854
86 859
86 862
86 866
86 868
86 870
86 896
86 902
86 907
86 913
86 917
86 918
86 925
86 928
86 930
86 932
86 934
86 949
86 951
86 965
86 977
86 1031
86 1039
86 1041
86 1053
86 1088
86 1093
86 1106
86 1110
86 1116
86 1120
86 1122
86 1126
86 1132
86 1173
86 1174
86 1180
86 1221
86 1243
86 1248
87 23
87 151
87 215
87 279
87 729
88 24
88 152
88 216
88 280
88 295
88 426
88 690
88 743
89 25
89 99
89 153
89 193
89 217
89 281
90 26
90 154
90 218
90 282
90 852
90 1113
91 27
91 155
91 219
91 283
92 12
92 22
92 28
92 36
92 64
92 82
92 96
92 149
92 156
92 158
92 203
92 204
92 205
92 210
92 219
92 220
92 229
92 266
92 267
92 268
92 269
92 274
92 284
92 292
92 327
92 332
92 358
92 386
92 391
92 397
92 402
92 439
92 453
92 459
92 517
92 533
92 548
92 550
92 583
92 588
92 597
92 610
92 647
92 653
92 658
92 661
92 667
92 678
92 704
92 709
92 716
92 725
92 726
92 742
92 768
92 779
92 780
92 837
92 859
92 887
92 901
92 907
92 924
92 926
92 951
92 972
92 981
92 1162
92 1170
92 1190
92 1246
93 4
93 6
93 14
93 15
93 17
93 29
93 30
93 34
93 68
93 70
93 71
93 75
93 76
93 78
93 79
93 81
93 85
93 98
93 102
93 132
93 134
93 145
93 157
93 196
93 199
93 206
93 207
93 209
93 213
93 221
93 260
93 262
93 270
93 271
93 273
93 277
93 285
93 290
93 294
93 324
93 326
93 334
93 335
93 337
93 341
93 388
93 390
93 395
93 396
93 398
93 399
93 401
93 405
93 406
93 413
93 418
93 438
93 452
93 454
93 462
93 463
93 465
93 477
93 516
93 518
93 526
93 527
93 529
93 541
93 546
93 580
93 582
93 590
93 593
93 644
93 646
93 652
93 654
93 657
93 669
93 674
93 708
93 718
93 721
93 733
93 738
93 772
93 774
93 782
93 783
93 785
93 797
93 832
93 836
93 838
93 844
93 845
93 846
93 847
93 849
93 853
93 861
93 862
93 866
93 868
93 870
93 900
93 902
93 910
93 911
93 913
93 917
93 925
93 928
93 930
93 934
93 974
93 975
93 1038
93 1092
93 1094
93 1102
93 1103
93 1105
93 1117
93 1156
93 1158
93 1166
93 1169
93 1181
93 1245
94 30
94 158
94 222
94 230
94 286
95 31
95 159
95 223
95 287
95 578
96 4
96 7
96 11
96 12
96 15
96 29
96 32
96 34
96 36
96 38
96 74
96 75
96 76
96 77
96 82
96 86
96 92
96 100
96 132
96 134
96 135
96 142
96 143
96 149
96 158
96 160
96 162
96 198
96 203
96 204
96 205
96 220
96 224
96 226
96 229
96 265
96 267
96 268
96 274
96 285
96 288
96 292
96 294
96 327
96 335
96 341
96 342
96 349
96 354
96 358
96 386
96 395
96 397
96 402
96 406
96 418
96 420
96 421
96 422
96 438
96 439
96 453
96 459
96 460
96 463
96 466
96 469
96 482
96 486
96 517
96 527
96 530
96 533
96 540
96 546
96 548
96 550
96 582
96 588
96 591
96 593
96 597
96 605
96 610
96 646
96 647
96 652
96 654
96 655
96 658
96 661
96 667
96 678
96 709
96 710
96 716
96 719
96 725
96 738
96 742
96 768
96 773
96 774
96 779
96 780
96 783
96 789
96 797
96 802
96 832
96 843
96 844
96 850
96 854
96 859
96 862
96 866
96 868
96 870
96 887
96 896
96 901
96 907
96 917
96 918
96 924
96 928
96 930
96 932
96 934
96 949
96 951
96 960
96 965
96 998
96 1031
96 1039
96 1053
96 1088
96 1093
96 1110
96 1116
96 1120
96 1122
96 1126
96 1132
96 1180
96 1216
96 1248
96 1250
97 33
97 161
97 225
97 289
97 905
98 4
98 6
98 7
98 11
98 14
98 15
98 17
98 29
98 30
98 34
98 38
98 68
98 70
98 71
98 74
98 75
98 76
98 77
98 78
98 79
98 81
98 85
98 86
98 93
98 100
98 102
98 132
98 134
98 135
98 142
98 143
98 145
98 158
98 162
98 196
98 198
98 199
98 204
98 206
98 207
98 209
98 213
98 221
98 226
98 260
98 262
98 265
98 270
98 271
98 273
98 277
98 285
98 290
98 294
98 324
98 326
98 334
98 335
98 337
98 341
98 342
98 349
98 354
98 388
98 390
98 395
98 396
98 398
98 399
98 401
98 405
98 406
98 413
98 418
98 420
98 421
98 422
98 438
98 439
98 452
98 454
98 460
98 462
98 463
98 465
98 466
98 469
98 477
98 482
98 486
98 516
98 518
98 526
98 527
98 529
98 530
98 540
98 541
98 546
98 580
98 582
98 590
98 591
98 593
98 605
98 610
98 644
98 646
98 652
98 654
98 655
98 657
98 669
98 674
98 708
98 710
98 718
98 719
98 721
98 733
98 738
98 772
98 773
98 774
98 782
98 783
98 785
98 789
98 797
98 802
98 832
98 836
98 838
98 843
98 844
98 845
98 846
98 847
98 849
98 850
98 853
98 854
98 861
98 862
98 866
98 868
98 870
98 896
98 900
98 902
98 910
98 911
98 913
98 917
98 918
98 925
98 928
98 930
98 932
98 934
98 949
98 964
98 966
98 975
98 989
98 1028
98 1030
98 1041
98 1092
98 1100
98 1102
98 1103
98 1105
98 1109
98 1152
98 1159
98 1164
98 1167
98 1169
98 1220
98 1222
98 1230
98 1231
98 1233
98 1243
98 1245
99 35
99 89
99 163
99 193
99 227
99 291
100 4
100 7
100 11
100 12
100 15
100 29
100 30
100 34
100 36
100 38
100 74
100 75
100 76
100 77
100 82
100 85
100 86
100 96
100 98
100 102
100 132
100 134
100 135
100 142
100 143
100 145
100 149
100 158
100 162
100 164
100 198
100 199
100 203
100 204
100 205
100 220
100 226
100 228
100 265
100 267
100 268
100 274
100 285
100 290
100 292
100 294
100 327
100 334
100 335
100 341
100 342
100 349
100 354
100 358
100 386
100 395
100 397
100 402
100 406
100 418
100 420
100 421
100 422
100 438
100 439
100 453
100 459
100 460
100 463
100 466
100 469
100 482
100 486
100 516
100 517
100 527
100 529
100 530
100 533
100 540
100 541
100 546
100 550
100 582
100 588
100 591
100 593
100 597
100 605
100 610
100 646
100 647
100 652
100 654
100 655
100 658
100 661
100 667
100 678
100 709
100 710
100 716
100 719
100 721
100 725
100 738
100 768
100 773
100 774
100 779
100 780
100 783
100 789
100 797
100 802
100 832
100 843
100 844
100 850
100 853
100 854
100 859
100 862
100 866
100 868
100 870
100 887
100 896
100 901
100 907
100 913
100 917
100 918
100 924
100 928
100 930
100 932
100 934
100 949
100 951
100 960
100 965
100 977
100 1031
100 1039
100 1053
100 1088
100 1093
100 1106
100 1110
100 1116
100 1120
100 1122
100 1126
100 1132
100 1174
100 1180
100 1216
100 1221
100 1248
100 1250
101 37
101 165
101 214
101 229
101 278
101 293
101 356
101 576
101 594
101 834
101 908
101 914
102 4
102 6
102 7
102 11
102 14
102 15
102 17
102 29
102 30
102 34
102 38
102 68
102 70
102 71
102 74
102 75
102 76
102 77
102 78
102 79
102 81
102 85
102 86
102 93
102 98
102 100
102 132
102 134
102 135
102 142
102 143
102 145
102 158
102 162
102 166
102 196
102 198
102 199
102 204
102 206
102 207
102 209
102 213
102 221
102 226
102 230
102 260
102 262
102 265
102 270
102 271
102 273
102 277
102 285
102 290
102 294
102 324
102 326
102 334
102 335
102 337
102 341
102 342
102 349
102 354
102 388
102 390
102 395
102 396
102 398
102 399
102 401
102 405
102 406
102 413
102 418
102 420
102 421
102 422
102 438
102 439
102 452
102 454
102 460
102 462
102 463
102 465
102 466
102 469
102 477
102 482
102 486
102 516
102 518
102 526
102 527
102 529
102 530
102 533
102 540
102 541
102 546
102 580
102 582
102 590
102 591
102 593
102 605
102 610
102 644
102 646
102 652
102 654
102 655
102 657
102 669
102 674
102 708
102 710
102 718
102 719
102 721
102 733
102 738
102 772
102 773
102 774
102 782
102 783
102 785
102 789
102 797
102 802
102 832
102 836
102 838
102 843
102 844
102 845
102 846
102 847
102 849
102 850
102 853
102 854
102 861
102 862
102 866
102 868
102 870
102 896
102 900
102 902
102 911
102 913
102 917
102 918
102 925
102 928
102 930
102 932
102 934
102 949
102 964
102 966
102 975
102 989
102 1028
102 1030
102 1041
102 1100
102 1102
102 1103
102 1105
102 1109
102 1152
102 1159
102 1164
102 1167
102 1169
102 1220
102 1222
102 1230
102 1231
102 1233
102 1243
103 39
103 167
103 231
103 295
103 741
104 40
104 168
104 232
104 296
104 538
105 41
105 169
105 233
105 297
105 1108
106 42
106 170
106 234
106 298
106 620
106 1217
107 43
107 171
107 235
107 299
107 304
107 1147
108 44
108 172
108 236
108 300
108 544
109 45
109 173
109 237
109 301
110 46
110 174
110 238
110 302
110 626
111 47
111 175
111 239
111 303
111 795
112 48
112 176
112 240
112 304
113 49
113 177
113 241
113 305
113 1032
114 50
114 178
114 242
114 306
115 51
115 179
115 243
115 307
116 52
116 180
116 244
116 308
116 612
117 53
117 181
117 245
117 309
118 54
118 182
118 246
118 310
118 748
118 857
119 55
119 183
119 247
119 311
119 353
120 56
120 184
120 248
120 312
120 867
121 57
121 185
121 249
121 313
121 607
121 618
122 58
122 186
122 250
122 314
122 379
123 59
123 187
123 251
123 315
124 60
124 188
124 252
124 316
124 340
125 61
125 189
125 253
125 317
126 62
126 190
126 254
126 318
126 433
126 617
126 899
126 976
127 63
127 148
127 191
127 255
127 319
127 444
128 0
128 64
128 192
128 256
128 320
129 1
129 65
129 193
129 257
129 321
130 2
130 66
130 194
130 258
130 322
130 501
130 999
131 3
131 67
131 195
131 259
131 323
131 684
131 1025
131 1070
132 4
132 6
132 7
132 11
132 14
132 15
132 17
132 29
132 30
132 34
132 38
132 68
132 70
132 74
132 75
132 76
132 77
132 78
132 79
132 81
132 82
132 85
132 86
132 93
132 96
132 98
132 100
132 102
132 134
132 135
132 142
132 143
132 145
132 158
132 162
132 196
132 198
132 199
132 204
132 206
132 207
132 209
132 213
132 221
132 226
132 260
132 262
132 265
132 267
132 268
132 270
132 271
132 273
132 277
132 285
132 290
132 294
132 324
132 326
132 327
132 334
132 335
132 337
132 341
132 342
132 349
132 354
132 388
132 390
132 395
132 396
132 399
132 401
132 405
132 406
132 413
132 418
132 420
132 421
132 422
132 438
132 439
132 452
132 453
132 454
132 460
132 462
132 463
132 465
132 466
132 469
132 477
132 482
132 486
132 516
132 518
132 526
132 527
132 529
132 530
132 533
132 540
132 541
132 546
132 550
132 580
132 582
132 588
132 590
132 591
132 593
132 597
132 605
132 610
132 644
132 646
132 652
132 654
132 655
132 657
132 667
132 669
132 674
132 708
132 710
132 716
132 718
132 719
132 721
132 733
132 738
132 768
132 772
132 773
132 774
132 779
132 782
132 783
132 785
132 789
132 797
132 802
132 832
132 836
132 838
132 843
132 844
132 845
132 847
132 849
132 850
132 853
132 854
132 859
132 861
132 862
132 866
132 868
132 870
132 896
132 900
132 902
132 907
132 911
132 913
132 917
132 918
132 925
132 928
132 930
132 932
132 934
132 949
132 964
132 965
132 966
132 974
132 975
132 977
132 989
132 1028
132 1030
132 1041
132 1100
132 1109
132 1152
132 1159
132 1164
132 1167
132 1173
132 1220
132 1221
132 1222
132 1230
132 1231
132 1233
132 1243
133 5
133 69
133 197
133 261
133 279
133 325
133 973
133 1260
134 4
134 6
134 7
134 11
134 14
134 15
134 17
134 29
134 30
134 34
134 38
134 68
134 70
134 74
134 75
134 76
134 77
134 78
134 79
134 81
134 82
134 85
134 86
134 93
134 96
134 98
134 100
134 102
134 132
134 135
134 142
134 143
134 145
134 158
134 162
134 196
134 198
134 199
134 204
134 206
134 207
134 209
134 213
134 220
134 221
134 226
134 260
134 262
134 265
134 267
134 268
134 270
134 271
134 273
134 277
134 285
134 290
134 294
134 324
134 326
134 327
134 334
134 335
134 337
134 341
134 342
134 349
134 354
134 390
134 395
134 396
134 399
134 401
134 405
134 406
134 413
134 418
134 420
134 421
134 422
134 438
134 439
134 452
134 453
134 454
134 460
134 462
134 463
134 465
134 466
134 469
134 477
134 482
134 486
134 516
134 517
134 518
134 526
134 527
134 529
134 530
134 533
134 540
134 541
134 546
134 550
134 580
134 582
134 588
134 590
134 591
134 593
134 597
134 605
134 610
134 644
134 646
134 647
134 652
134 654
134 655
134 657
134 658
134 667
134 669
134 674
134 708
134 710
134 716
134 718
134 719
134 721
134 733
134 738
134 768
134 772
134 773
134 774
134 779
134 783
134 785
134 789
134 797
134 802
134 832
134 836
134 838
134 843
134 844
134 845
134 847
134 849
134 850
134 853
134 854
134 859
134 861
134 862
134 866
134 868
134 870
134 896
134 900
134 902
134 907
134 913
134 917
134 918
134 925
134 928
134 930
134 932
134 934
134 949
134 951
134 960
134 964
134 965
134 966
134 975
134 977
134 989
134 998
134 1028
134 1039
134 1041
134 1053
134 1106
134 1109
134 1122
134 1152
134 1159
134 1164
134 1167
134 1173
134 1174
134 1220
134 1221
134 1222
134 1230
134 1231
134 1243
135 4
135 6
135 7
135 11
135 12
135 14
135 15
135 17
135 29
135 30
135 34
135 38
135 71
135 74
135 75
135 76
135 77
135 82
135 85
135 86
135 96
135 98
135 100
135 102
135 132
135 134
135 142
135 143
135 145
135 158
135 162
135 198
135 199
135 204
135 207
135 209
135 213
135 220
135 221
135 226
135 262
135 263
135 265
135 267
135 268
135 271
135 273
135 274
135 277
135 285
135 290
135 292
135 294
135 324
135 326
135 327
135 334
135 335
135 337
135 341
135 342
135 349
135 354
135 390
135 395
135 396
135 397
135 399
135 405
135 406
135 413
135 418
135 420
135 421
135 422
135 438
135 439
135 452
135 453
135 454
135 460
135 462
135 463
135 465
135 466
135 469
135 477
135 482
135 486
135 516
135 517
135 518
135 526
135 527
135 529
135 530
135 533
135 540
135 541
135 546
135 550
135 580
135 582
135 588
135 591
135 593
135 597
135 605
135 610
135 646
135 647
135 652
135 654
135 655
135 657
135 658
135 661
135 667
135 669
135 674
135 678
135 708
135 709
135 710
135 716
135 718
135 719
135 721
135 733
135 738
135 768
135 772
135 773
135 774
135 779
135 780
135 783
135 785
135 789
135 797
135 802
135 832
135 843
135 844
135 845
135 847
135 849
135 850
135 853
135 854
135 859
135 862
135 866
135 868
135 870
135 896
135 902
135 907
135 913
135 917
135 918
135 925
135 928
135 930
135 932
135 934
135 949
135 951
135 960
135 964
135 965
135 966
135 975
135 977
135 989
135 994
135 998
135 1031
135 1039
135 1041
135 1053
135 1106
135 1110
135 1116
135 1120
135 1122
135 1164
135 1173
135 1174
135 1180
135 1221
135 1243
136 8
136 72
136 200
136 243
136 251
136 264
136 328
136 367
137 9
137 69
137 73
137 197
137 201
137 263
137 265
137 325
137 329
137 389
137 455
137 521
137 581
137 645
137 672
137 711
137 777
137 841
137 903
137 967
137 1029
137 1095
137 1157
137 1223
138 10
138 74
138 202
138 266
138 330
138 1057
139 11
139 75
139 203
139 267
139 331
140 12
140 76
140 204
140 268
140 332
140 493
140 824
141 13
141 77
141 205
141 269
141 333
141 461
142 4
142 7
142 11
142 12
142 14
142 15
142 29
142 30
142 34
142 36
142 38
142 74
142 75
142 76
142 77
142 78
142 82
142 85
142 86
142 96
142 98
142 100
142 102
142 132
142 134
142 135
142 143
142 145
142 158
142 162
142 198
142 199
142 203
142 204
142 206
142 207
142 209
142 213
142 220
142 226
142 265
142 267
142 268
142 270
142 274
142 277
142 285
142 290
142 292
142 294
142 324
142 326
142 327
142 334
142 335
142 337
142 341
142 342
142 349
142 354
142 395
142 397
142 402
142 405
142 406
142 413
142 418
142 420
142 421
142 422
142 438
142 439
142 452
142 453
142 454
142 460
142 462
142 463
142 466
142 469
142 482
142 486
142 516
142 517
142 518
142 526
142 527
142 529
142 530
142 533
142 540
142 541
142 546
142 550
142 580
142 582
142 588
142 591
142 593
142 597
142 605
142 610
142 646
142 647
142 652
142 654
142 655
142 658
142 661
142 667
142 669
142 674
142 678
142 708
142 709
142 710
142 716
142 719
142 721
142 733
142 738
142 768
142 772
142 773
142 774
142 779
142 780
142 783
142 785
142 789
142 797
142 802
142 832
142 843
142 844
142 845
142 850
142 853
142 854
142 859
142 862
142 866
142 868
142 870
142 896
142 902
142 907
142 913
142 917
142 918
142 925
142 928
142 930
142 932
142 934
142 949
142 951
142 960
142 964
142 965
142 966
142 975
142 977
142 981
142 989
142 994
142 998
142 1031
142 1039
142 1053
142 1088
142 1093
142 1106
142 1110
142 1116
142 1120
142 1122
142 1126
142 1132
142 1173
142 1174
142 1180
142 1221
142 1248
143 4
143 7
143 11
143 12
143 15
143 29
143 30
143 34
143 36
143 38
143 74
143 75
143 76
143 77
143 79
143 82
143 85
143 86
143 96
143 98
143 100
143 102
143 132
143 134
143 135
143 142
143 145
143 149
143 158
143 162
143 198
143 199
143 203
143 204
143 205
143 207
143 220
143 226
143 265
143 267
143 268
143 271
143 274
143 285
143 290
143 292
143 294
143 327
143 334
143 335
143 341
143 342
143 349
143 354
143 358
143 386
143 395
143 397
143 402
143 406
143 418
143 420
143 421
143 422
143 438
143 439
143 453
143 459
143 460
143 463
143 466
143 469
143 482
143 486
143 517
143 527
143 529
143 530
143 533
143 540
143 541
143 546
143 548
143 550
143 582
143 588
143 591
143 593
143 597
143 605
143 610
143 646
143 647
143 652
143 654
143 655
143 658
143 661
143 667
143 678
143 709
143 710
143 716
143 719
143 721
143 725
143 738
143 768
143 773
143 774
143 779
143 780
143 783
143 789
143 797
143 802
143 832
143 843
143 844
143 850
143 854
143 859
143 862
143 866
143 868
143 870
143 887
143 896
143 901
143 907
143 913
143 917
143 918
143 924
143 928
143 930
143 932
143 934
143 949
143 951
143 960
143 964
143 965
143 966
143 977
143 981
143 989
143 994
143 998
143 1031
143 1039
143 1053
143 1088
143 1093
143 1106
143 1110
143 1116
143 1120
143 1122
143 1126
143 1132
143 1174
143 1180
143 1216
143 1221
143 1248
143 1250
144 16
144 80
144 208
144 272
144 336
144 753
145 4
145 6
145 7
145 11
145 14
145 15
145 17
145 29
145 30
145 34
145 38
145 68
145 70
145 71
145 74
145 75
145 76
145 77
145 78
145 79
145 81
145 85
145 86
145 93
145 98
145 100
145 102
145 132
145 134
145 135
145 142
145 143
145 162
145 196
145 198
145 199
145 204
145 206
145 207
145 209
145 213
145 221
145 226
145 260
145 262
145 265
145 270
145 271
145 273
145 277
145 285
145 290
145 294
145 324
145 326
145 334
145 335
145 337
145 341
145 342
145 349
145 354
145 388
145 390
145 395
145 396
145 398
145 399
145 401
145 405
145 406
145 413
145 418
145 420
145 421
145 422
145 438
145 452
145 454
145 460
145 462
145 463
145 465
145 466
145 469
145 477
145 482
145 486
145 516
145 518
145 526
145 527
145 529
145 530
145 540
145 541
145 546
145 580
145 582
145 590
145 591
145 593
145 605
145 610
145 644
145 646
145 652
145 654
145 655
145 657
145 669
145 674
145 708
145 710
145 718
145 719
145 721
145 733
145 738
145 772
145 773
145 774
145 782
145 783
145 785
145 789
145 797
145 802
145 832
145 836
145 838
145 843
145 844
145 845
145 846
145 847
145 849
145 850
145 853
145 854
145 861
145 862
145 866
145 868
145 870
145 896
145 900
145 902
145 910
145 911
145 913
145 917
145 918
145 925
145 928
145 930
145 932
145 934
145 949
145 964
145 965
145 966
145 974
145 975
145 977
145 989
145 1028
145 1030
145 1041
145 1092
145 1100
145 1102
145 1103
145 1105
145 1109
145 1152
145 1159
145 1164
145 1167
145 1169
145 1220
145 1222
145 1230
145 1231
145 1233
145 1243
145 1245
146 18
146 82
146 210
146 274
146 338
147 19
147 83
147 211
147 227
147 275
147 339
148 20
148 84
148 127
148 212
148 276
148 340
148 444
149 7
149 12
149 21
149 22
149 36
149 38
149 64
149 82
149 85
149 92
149 96
149 100
149 143
149 158
149 203
149 204
149 205
149 210
149 213
149 219
149 220
149 229
149 265
149 266
149 267
149 268
149 269
149 274
149 277
149 292
149 327
149 332
149 341
149 349
149 358
149 386
149 391
149 397
149 402
149 421
149 439
149 453
149 459
149 466
149 517
149 533
149 540
149 548
149 550
149 583
149 588
149 597
149 610
149 647
149 653
149 658
149 661
149 667
149 678
149 704
149 709
149 716
149 725
149 726
149 742
149 768
149 779
149 780
149 837
149 859
149 887
149 901
149 907
149 924
149 926
149 949
149 951
149 960
149 965
149 972
149 981
149 994
149 998
149 1162
149 1163
149 1170
149 1190
150 22
150 86
150 214
150 278
150 342
150 801
150 1065
151 23
151 87
151 215
151 279
151 343
151 939
152 24
152 88
152 216
152 280
152 344
152 362
152 666
152 819
153 25
153 89
153 217
153 281
153 345
154 26
154 90
154 218
154 282
154 346
154 369
154 596
154 1075
155 27
155 91
155 219
155 283
155 347
155 352
156 28
156 92
156 163
156 220
156 284
156 348
156 1176
156 1193
157 29
157 93
157 221
157 285
157 349
157 586
157 1042
158 4
158 7
158 11
158 12
158 15
158 29
158 30
158 34
158 36
158 38
158 74
158 75
158 76
158 77
158 82
158 86
158 92
158 94
158 96
158 98
158 100
158 102
158 132
158 134
158 135
158 142
158 143
158 149
158 162
158 198
158 203
158 204
158 205
158 220
158 222
158 226
158 229
158 265
158 267
158 268
158 274
158 285
158 286
158 292
158 294
158 327
158 335
158 341
158 342
158 349
158 350
158 354
158 358
158 386
158 395
158 397
158 402
158 406
158 418
158 420
158 421
158 422
158 438
158 439
158 453
158 459
158 460
158 463
158 466
158 469
158 482
158 486
158 517
158 527
158 530
158 533
158 540
158 546
158 548
158 550
158 582
158 588
158 591
158 593
158 597
158 605
158 610
158 646
158 647
158 652
158 654
158 655
158 658
158 661
158 667
158 678
158 709
158 710
158 716
158 719
158 721
158 725
158 738
158 742
158 768
158 773
158 774
158 779
158 780
158 783
158 789
158 797
158 802
158 832
158 843
158 844
158 850
158 854
158 859
158 862
158 866
158 868
158 870
158 887
158 896
158 901
158 907
158 917
158 918
158 924
158 928
158 930
158 932
158 934
158 949
158 951
158 960
158 964
158 965
158 966
158 972
158 977
158 981
158 989
158 994
158 998
158 1031
158 1039
158 1053
158 1088
158 1093
158 1110
158 1116
158 1120
158 1122
158 1126
158 1132
158 1180
158 1216
158 1248
158 1250
159 31
159 95
159 223
159 287
159 351
160 32
160 96
160 224
160 288
160 352
161 33
161 97
161 225
161 289
161 353
161 481
161 485
161 1139
162 4
162 7
162 11
162 12
162 14
162 15
162 17
162 29
162 30
162 34
162 36
162 38
162 74
162 75
162 76
162 77
162 82
162 85
162 86
162 96
162 98
162 100
162 102
162 132
162 134
162 135
162 142
162 143
162 145
162 158
162 198
162 199
162 203
162 204
162 207
162 209
162 213
162 220
162 221
162 226
162 262
162 265
162 267
162 268
162 274
162 277
162 285
162 290
162 292
162 294
162 324
162 326
162 327
162 334
162 335
162 337
162 341
162 342
162 349
162 354
162 395
162 396
162 397
162 399
162 405
162 406
162 413
162 418
162 420
162 421
162 422
162 438
162 439
162 452
162 453
162 454
162 460
162 462
162 463
162 466
162 469
162 482
162 486
162 516
162 517
162 518
162 526
162 527
162 529
162 530
162 533
162 540
162 541
162 546
162 550
162 580
162 582
162 588
162 591
162 593
162 597
162 605
162 610
162 646
162 647
162 652
162 654
162 655
162 658
162 661
162 667
162 669
162 674
162 678
162 708
162 709
162 710
162 716
162 718
162 719
162 721
162 733
162 738
162 768
162 772
162 773
162 774
162 779
162 780
162 783
162 785
162 789
162 797
162 802
162 832
162 843
162 844
162 845
162 849
162 850
162 853
162 854
162 859
162 862
162 866
162 868
162 870
162 896
162 902
162 907
162 913
162 917
162 918
162 925
162 928
162 930
162 932
162 934
162 949
162 951
162 960
162 964
162 965
162 966
162 975
162 977
162 989
162 994
162 998
162 1031
162 1039
162 1041
162 1053
162 1088
162 1093
162 1106
162 1110
162 1116
162 1120
162 1122
162 1126
162 1132
162 1173
162 1174
162 1180
162 1221
162 1243
162 1248
163 35
163 99
163 156
163 227
163 291
163 355
163 1176
163 1193
164 36
164 100
164 228
164 258
164 292
164 356
165 37
165 101
165 229
165 293
165 357
165 942
165 1211
166 38
166 102
166 230
166 294
166 338
166 358
166 715
167 39
167 103
167 231
167 295
167 311
167 312
167 359
168 40
168 104
168 232
168 296
168 360
169 41
169 105
169 189
169 233
169 297
169 361
169 555
170 42
170 106
170 234
170 298
170 362
170 616
170 1265
170 1273
171 43
171 107
171 235
171 299
171 363
171 592
171 703
171 817
172 44
172 108
172 236
172 296
172 300
172 364
172 650
173 45
173 109
173 237
173 301
173 365
173 494
173 633
173 1048
174 46
174 110
174 238
174 302
174 366
175 47
175 111
175 177
175 239
175 303
175 367
175 792
176 48
176 112
176 240
176 304
176 368
177 49
177 113
177 175
177 241
177 305
177 369
177 792
178 50
178 114
178 242
178 250
178 306
178 307
178 370
178 449
178 472
178 1146
179 51
179 115
179 243
179 307
179 371
179 759
179 1123
180 52
180 116
180 244
180 308
180 372
181 53
181 117
181 245
181 309
181 373
181 585
182 54
182 118
182 246
182 310
182 374
182 502
182 664
182 1204
183 55
183 119
183 247
183 311
183 346
183 375
183 509
184 56
184 120
184 248
184 312
184 376
185 57
185 121
185 241
185 249
185 313
185 377
185 1066
186 58
186 122
186 250
186 314
186 378
187 59
187 123
187 251
187 315
187 379
188 60
188 124
188 252
188 316
188 380
188 755
188 1258
189 61
189 125
189 169
189 253
189 317
189 381
189 555
190 62
190 126
190 191
190 254
190 318
190 382
191 63
191 127
191 190
191 255
191 319
191 383
192 0
192 64
192 128
192 256
192 320
192 384
193 1
193 65
193 89
193 99
193 129
193 257
193 321
193 385
194 2
194 66
194 130
194 258
194 286
194 322
194 386
195 3
195 67
195 131
195 259
195 323
195 387
195 1047
196 4
196 6
196 14
196 15
196 17
196 30
196 34
196 68
196 70
196 71
196 75
196 76
196 78
196 79
196 81
196 85
196 93
196 98
196 102
196 132
196 134
196 145
196 198
196 199
196 206
196 207
196 209
196 213
196 221
196 260
196 262
196 270
196 271
196 273
196 277
196 285
196 290
196 294
196 324
196 326
196 334
196 335
196 337
196 341
196 388
196 390
196 395
196 396
196 398
196 399
196 401
196 405
196 406
196 413
196 418
196 420
196 438
196 452
196 454
196 462
196 463
196 465
196 477
196 516
196 518
196 526
196 527
196 529
196 541
196 546
196 580
196 582
196 590
196 591
196 593
196 644
196 646
196 652
196 654
196 657
196 669
196 674
196 708
196 710
196 718
196 721
196 733
196 738
196 772
196 774
196 782
196 783
196 785
196 797
196 832
196 836
196 838
196 844
196 845
196 846
196 847
196 849
196 853
196 861
196 862
196 866
196 868
196 870
196 900
196 902
196 910
196 911
196 913
196 917
196 918
196 925
196 928
196 930
196 934
196 964
196 966
196 974
196 975
196 989
196 1028
196 1030
196 1038
196 1041
196 1092
196 1094
196 1102
196 1103
196 1105
196 1117
196 1156
196 1158
196 1166
196 1169
196 1181
196 1245
197 5
197 9
197 69
197 133
197 137
197 261
197 263
197 325
197 389
197 455
197 521
197 581
197 645
197 672
197 711
197 777
197 841
197 903
197 967
197 1029
197 1095
197 1157
197 1223
198 4
198 6
198 7
198 11
198 14
198 15
198 17
198 29
198 30
198 34
198 38
198 68
198 70
198 74
198 75
198 76
198 77
198 81
198 82
198 85
198 86
198 96
198 98
198 100
198 102
198 132
198 134
198 135
198 142
198 143
198 145
198 158
198 162
198 196
198 199
198 204
198 206
198 207
198 209
198 213
198 220
198 221
198 226
198 260
198 262
198 265
198 267
198 268
198 270
198 271
198 273
198 274
198 277
198 285
198 290
198 294
198 324
198 326
198 327
198 334
198 335
198 337
198 341
198 342
198 349
198 354
198 390
198 395
198 396
198 397
198 399
198 401
198 405
198 406
198 413
198 418
198 420
198 421
198 422
198 438
198 439
198 452
198 453
198 454
198 460
198 462
198 463
198 465
198 466
198 469
198 477
198 482
198 486
198 516
198 517
198 518
198 526
198 527
198 529
198 530
198 533
198 540
198 541
198 546
198 550
198 580
198 582
198 588
198 591
198 593
198 597
198 605
198 610
198 644
198 646
198 647
198 652
198 654
198 655
198 657
198 658
198 667
198 669
198 674
198 678
198 708
198 710
198 716
198 718
198 719
198 721
198 733
198 738
198 768
198 772
198 773
198 774
198 779
198 783
198 785
198 789
198 797
198 802
198 832
198 836
198 838
198 843
198 844
198 845
198 847
198 849
198 850
198 853
198 854
198 859
198 861
198 862
198 866
198 868
198 870
198 896
198 900
198 902
198 907
198 913
198 917
198 918
198 925
198 928
198 930
198 932
198 934
198 949
198 951
198 960
198 964
198 965
198 966
198 975
198 977
198 989
198 998
198 1028
198 1030
198 1031
198 1038
198 1039
198 1041
198 1053
198 1058
198 1106
198 1109
198 1122
198 1152
198 1159
198 1164
198 1167
198 1173
198 1174
198 1220
198 1221
198 1222
198 1243
199 4
199 6
199 7
199 11
199 14
199 15
199 17
199 29
199 30
199 34
199 38
199 68
199 70
199 71
199 74
199 75
199 76
199 77
199 78
199 79
199 81
199 85
199 86
199 93
199 98
199 100
199 102
199 132
199 134
199 135
199 142
199 143
199 145
199 162
199 196
199 198
199 206
199 207
199 209
199 213
199 221
199 226
199 260
199 262
199 263
199 265
199 270
199 271
199 273
199 277
199 285
199 290
199 294
199 324
199 326
199 327
199 334
199 335
199 337
199 341
199 342
199 349
199 354
199 388
199 390
199 391
199 395
199 396
199 398
199 399
199 401
199 405
199 406
199 413
199 418
199 420
199 421
199 422
199 438
199 452
199 454
199 460
199 462
199 463
199 465
199 466
199 469
199 477
199 482
199 486
199 516
199 518
199 526
199 527
199 529
199 530
199 540
199 541
199 546
199 580
199 582
199 590
199 591
199 593
199 605
199 610
199 644
199 646
199 652
199 654
199 655
199 657
199 669
199 674
199 708
199 710
199 718
199 719
199 721
199 733
199 738
199 772
199 773
199 774
199 782
199 783
199 785
199 789
199 797
199 802
199 832
199 836
199 838
199 843
199 844
199 845
199 846
199 847
199 849
199 850
199 853
199 854
199 861
199 862
199 866
199 868
199 870
199 896
199 900
199 902
199 910
199 911
199 913
199 917
199 918
199 925
199 928
199 930
199 932
199 934
199 949
199 964
199 966
199 974
199 975
199 977
199 989
199 1028
199 1030
199 1031
199 1038
199 1039
199 1041
199 1053
199 1092
199 1100
199 1102
199 1103
199 1105
199 1109
199 1117
199 1152
199 1159
199 1164
199 1167
199 1169
199 1220
199 1222
199 1230
199 1231
199 1233
199 1245
200 8
200 72
200 136
200 225
200 264
200 328
200 392
201 9
201 73
201 137
201 265
201 329
201 393
202 10
202 74
202 138
202 266
202 330
202 394
203 7
203 11
203 12
203 22
203 29
203 36
203 38
203 64
203 74
203 75
203 77
203 82
203 86
203 92
203 96
203 100
203 139
203 142
203 143
203 149
203 158
203 162
203 204
203 205
203 210
203 219
203 220
203 226
203 229
203 265
203 266
203 267
203 268
203 269
203 274
203 292
203 327
203 331
203 332
203 342
203 349
203 354
203 358
203 386
203 391
203 395
203 397
203 402
203 421
203 422
203 439
203 453
203 459
203 466
203 469
203 482
203 486
203 517
203 530
203 533
203 540
203 548
203 550
203 583
203 588
203 597
203 605
203 610
203 647
203 653
203 655
203 658
203 661
203 667
203 678
203 704
203 709
203 716
203 725
203 726
203 742
203 768
203 773
203 779
203 780
203 802
203 837
203 854
203 859
203 887
203 901
203 907
203 924
203 926
203 949
203 951
203 960
203 965
203 972
203 981
203 994
203 998
203 1031
203 1039
203 1053
203 1058
203 1163
203 1170
203 1190
203 1254
204 4
204 7
204 11
204 12
204 15
204 29
204 34
204 36
204 38
204 74
204 75
204 76
204 77
204 82
204 86
204 92
204 96
204 98
204 100
204 102
204 132
204 134
204 135
204 140
204 142
204 143
204 145
204 149
204 158
204 162
204 198
204 203
204 205
204 220
204 226
204 229
204 265
204 267
204 268
204 274
204 285
204 292
204 294
204 327
204 332
204 335
204 341
204 342
204 349
204 354
204 358
204 386
204 395
204 396
204 397
204 402
204 406
204 418
204 420
204 421
204 422
204 438
204 439
204 453
204 459
204 460
204 463
204 466
204 469
204 482
204 486
204 517
204 527
204 530
204 533
204 540
204 546
204 548
204 550
204 582
204 588
204 591
204 593
204 597
204 605
204 610
204 646
204 647
204 652
204 654
204 655
204 658
204 661
204 667
204 678
204 709
204 710
204 716
204 719
204 721
204 725
204 738
204 742
204 768
204 773
204 774
204 779
204 780
204 783
204 789
204 797
204 802
204 832
204 843
204 844
204 850
204 854
204 859
204 862
204 866
204 868
204 870
204 887
204 896
204 901
204 907
204 917
204 918
204 924
204 928
204 930
204 932
204 934
204 949
204 951
204 960
204 964
204 965
204 966
204 972
204 977
204 981
204 989
204 994
204 998
204 1028
204 1031
204 1039
204 1041
204 1053
204 1058
204 1088
204 1093
204 1106
204 1110
204 1116
204 1120
204 1122
204 1126
204 1132
204 1180
204 1216
204 1248
204 1250
205 7
205 12
205 13
205 22
205 36
205 38
205 64
205 74
205 77
205 82
205 92
205 96
205 100
205 141
205 143
205 149
205 158
205 203
205 204
205 210
205 219
205 220
205 226
205 229
205 265
205 266
205 267
205 268
205 269
205 274
205 292
205 327
205 332
205 333
205 342
205 349
205 358
205 386
205 391
205 397
205 402
205 421
205 439
205 453
205 459
205 466
205 469
205 517
205 533
205 540
205 548
205 550
205 583
205 588
205 597
205 605
205 610
205 647
205 653
205 658
205 661
205 667
205 678
205 704
205 709
205 716
205 725
205 726
205 742
205 768
205 779
205 780
205 802
205 837
205 859
205 887
205 901
205 907
205 924
205 926
205 949
205 951
205 960
205 965
205 972
205 981
205 994
205 998
205 1031
205 1058
205 1162
205 1163
205 1170
205 1190
205 1254
206 4
206 6
206 14
206 15
206 17
206 30
206 34
206 68
206 70
206 71
206 75
206 76
206 78
206 79
206 81
206 85
206 93
206 98
206 102
206 132
206 134
206 142
206 145
206 196
206 198
206 199
206 207
206 209
206 213
206 221
206 260
206 262
206 270
206 271
206 273
206 277
206 285
206 290
206 294
206 324
206 326
206 334
206 335
206 337
206 341
206 388
206 390
206 395
206 396
206 398
206 399
206 401
206 405
206 406
206 413
206 418
206 420
206 438
206 452
206 454
206 462
206 463
206 465
206 477
206 516
206 518
206 526
206 527
206 529
206 541
206 546
206 580
206 582
206 590
206 591
206 593
206 644
206 646
206 652
206 654
206 657
206 669
206 674
206 708
206 710
206 718
206 721
206 733
206 738
206 772
206 774
206 782
206 783
206 785
206 797
206 832
206 836
206 838
206 844
206 845
206 846
206 847
206 849
206 853
206 861
206 862
206 866
206 868
206 870
206 900
206 902
206 910
206 911
206 913
206 917
206 918
206 925
206 928
206 930
206 934
206 964
206 966
206 974
206 975
206 989
206 1028
206 1030
206 1038
206 1041
206 1092
206 1094
206 1102
206 1103
206 1105
206 1117
206 1156
206 1158
206 1166
206 1169
206 1181
206 1245
207 4
207 6
207 11
207 14
207 15
207 17
207 29
207 30
207 34
207 68
207 70
207 71
207 75
207 76
207 77
207 78
207 79
207 81
207 85
207 86
207 93
207 98
207 102
207 132
207 134
207 135
207 142
207 143
207 145
207 162
207 196
207 198
207 199
207 206
207 209
207 213
207 221
207 226
207 260
207 262
207 270
207 271
207 273
207 277
207 285
207 290
207 294
207 324
207 326
207 334
207 335
207 337
207 341
207 342
207 354
207 388
207 390
207 395
207 396
207 398
207 399
207 401
207 405
207 406
207 413
207 418
207 420
207 422
207 438
207 452
207 454
207 460
207 462
207 463
207 465
207 469
207 477
207 482
207 486
207 516
207 518
207 526
207 527
207 529
207 530
207 541
207 546
207 580
207 582
207 590
207 591
207 593
207 605
207 644
207 646
207 652
207 654
207 655
207 657
207 669
207 674
207 708
207 710
207 718
207 719
207 721
207 733
207 738
207 772
207 773
207 774
207 782
207 783
207 785
207 789
207 797
207 802
207 832
207 836
207 838
207 843
207 844
207 845
207 846
207 847
207 849
207 850
207 853
207 854
207 861
207 862
207 866
207 868
207 870
207 896
207 900
207 902
207 910
207 911
207 913
207 917
207 918
207 925
207 928
207 930
207 932
207 934
207 964
207 966
207 974
207 975
207 977
207 989
207 1028
207 1030
207 1038
207 1039
207 1041
207 1053
207 1092
207 1100
207 1102
207 1103
207 1105
207 1109
207 1117
207 1152
207 1156
207 1158
207 1159
207 1167
207 1169
207 1181
207 1220
207 1222
207 1230
207 1231
207 1233
207 1245
208 16
208 80
208 144
208 272
208 336
208 400
208 560
209 4
209 6
209 11
209 14
209 15
209 17
209 29
209 30
209 34
209 68
209 70
209 71
209 75
209 76
209 77
209 78
209 79
209 81
209 85
209 86
209 93
209 98
209 102
209 132
209 134
209 135
209 142
209 145
209 162
209 196
209 198
209 199
209 206
209 207
209 213
209 221
209 260
209 262
209 270
209 271
209 273
209 277
209 285
209 290
209 294
209 324
209 326
209 334
209 335
209 337
209 341
209 354
209 388
209 390
209 395
209 396
209 398
209 399
209 401
209 405
209 406
209 413
209 418
209 420
209 422
209 438
209 452
209 454
209 460
209 462
209 463
209 465
209 469
209 477
209 482
209 486
209 516
209 518
209 526
209 527
209 529
209 530
209 541
209 546
209 580
209 582
209 590
209 591
209 593
209 605
209 644
209 646
209 652
209 654
209 655
209 657
209 669
209 674
209 708
209 710
209 718
209 719
209 721
209 733
209 738
209 772
209 773
209 774
209 782
209 783
209 785
209 789
209 797
209 832
209 836
209 838
209 843
209 844
209 845
209 846
209 847
209 849
209 850
209 853
209 854
209 861
209 862
209 866
209 868
209 870
209 896
209 900
209 902
209 910
209 911
209 913
209 917
209 918
209 925
209 928
209 930
209 932
209 934
209 964
209 966
209 974
209 975
209 977
209 989
209 1028
209 1030
209 1038
209 1039
209 1041
209 1053
209 1092
209 1100
209 1102
209 1103
209 1105
209 1117
209 1152
209 1156
209 1158
209 1159
209 1167
209 1169
209 1181
209 1220
209 1222
209 1230
209 1231
209 1233
209 1245
210 18
210 22
210 36
210 64
210 82
210 92
210 146
210 149
210 203
210 205
210 219
210 229
210 266
210 269
210 274
210 332
210 338
210 356
210 358
210 386
210 391
210 402
210 459
210 548
210 583
210 653
210 704
210 725
210 726
210 742
210 780
210 837
210 887
210 901
210 908
210 914
210 924
210 926
210 972
210 981
210 1062
210 1186
210 1246
211 19
211 83
211 147
211 275
211 339
211 403
211 448
211 512
211 1229
212 20
212 84
212 148
212 276
212 340
212 404
212 723
213 4
213 6
213 14
213 15
213 17
213 21
213 29
213 30
213 34
213 68
213 70
213 71
213 75
213 76
213 77
213 78
213 79
213 81
213 85
213 86
213 93
213 98
213 102
213 132
213 134
213 135
213 142
213 145
213 149
213 162
213 196
213 198
213 199
213 206
213 207
213 209
213 221
213 260
213 262
213 270
213 271
213 273
213 277
213 285
213 290
213 294
213 324
213 326
213 334
213 335
213 337
213 341
213 354
213 388
213 390
213 395
213 396
213 398
213 399
213 401
213 405
213 406
213 413
213 418
213 420
213 422
213 438
213 452
213 454
213 460
213 462
213 463
213 465
213 477
213 482
213 486
213 516
213 518
213 526
213 527
213 529
213 541
213 546
213 580
213 582
213 590
213 591
213 593
213 644
213 646
213 652
213 654
213 655
213 657
213 669
213 674
213 708
213 710
213 718
213 719
213 721
213 733
213 738
213 772
213 773
213 774
213 782
213 783
213 785
213 789
213 797
213 832
213 836
213 838
213 843
213 844
213 845
213 846
213 847
213 849
213 850
213 853
213 854
213 861
213 862
213 866
213 868
213 870
213 896
213 900
213 902
213 910
213 911
213 913
213 917
213 918
213 925
213 928
213 930
213 932
213 934
213 964
213 966
213 974
213 975
213 977
213 989
213 1028
213 1030
213 1038
213 1039
213 1041
213 1053
213 1092
213 1094
213 1100
213 1102
213 1103
213 1105
213 1117
213 1156
213 1158
213 1159
213 1169
213 1181
213 1220
213 1222
213 1230
213 1231
213 1233
213 1245
214 22
214 86
214 101
214 150
214 278
214 293
214 342
214 356
214 406
214 576
214 594
214 806
214 834
214 863
214 908
214 914
214 1045
214 1062
215 23
215 87
215 151
215 279
215 343
215 407
216 24
216 88
216 152
216 280
216 344
216 408
216 984
217 25
217 89
217 153
217 281
217 345
217 409
218 26
218 90
218 154
218 282
218 346
218 410
218 556
218 1111
219 12
219 22
219 27
219 36
219 64
219 91
219 92
219 149
219 155
219 203
219 205
219 210
219 229
219 266
219 269
219 274
219 283
219 292
219 332
219 347
219 356
219 358
219 386
219 391
219 397
219 402
219 411
219 459
219 517
219 548
219 583
219 653
219 661
219 678
219 704
219 709
219 725
219 726
219 742
219 780
219 837
219 887
219 901
219 908
219 914
219 924
219 926
219 951
219 972
219 981
219 994
219 1058
219 1062
219 1162
219 1186
219 1246
220 7
220 11
220 12
220 28
220 29
220 36
220 38
220 74
220 77
220 82
220 86
220 92
220 96
220 100
220 134
220 135
220 142
220 143
220 149
220 156
220 158
220 162
220 198
220 203
220 204
220 205
220 226
220 229
220 265
220 266
220 267
220 268
220 269
220 274
220 284
220 292
220 327
220 332
220 342
220 348
220 349
220 354
220 358
220 386
220 395
220 397
220 402
220 412
220 420
220 421
220 422
220 439
220 453
220 459
220 460
220 466
220 469
220 482
220 486
220 517
220 530
220 533
220 540
220 546
220 548
220 550
220 583
220 588
220 591
220 597
220 605
220 610
220 647
220 653
220 655
220 658
220 661
220 667
220 678
220 704
220 709
220 710
220 716
220 719
220 725
220 742
220 768
220 773
220 774
220 779
220 780
220 789
220 802
220 837
220 843
220 844
220 850
220 854
220 859
220 887
220 896
220 901
220 907
220 918
220 924
220 928
220 930
220 932
220 949
220 951
220 960
220 965
220 972
220 977
220 981
220 994
220 998
220 1031
220 1039
220 1041
220 1053
220 1058
220 1088
220 1093
220 1110
220 1126
220 1132
220 1163
220 1170
220 1190
220 1216
220 1248
220 1250
220 1254
221 4
221 6
221 14
221 15
221 17
221 29
221 30
221 34
221 68
221 70
221 71
221 75
221 76
221 77
221 78
221 79
221 81
221 85
221 86
221 93
221 98
221 102
221 132
221 134
221 135
221 145
221 157
221 162
221 196
221 198
221 199
221 206
221 207
221 209
221 213
221 260
221 262
221 270
221 271
221 273
221 277
221 285
221 290
221 294
221 324
221 326
221 334
221 335
221 337
221 341
221 349
221 354
221 388
221 390
221 395
221 396
221 398
221 399
221 401
221 405
221 406
221 413
221 418
221 420
221 422
221 438
221 452
221 454
221 460
221 462
221 463
221 465
221 477
221 482
221 486
221 516
221 518
221 526
221 527
221 529
221 541
221 546
221 580
221 582
221 590
221 591
221 593
221 644
221 646
221 652
221 654
221 657
221 669
221 674
221 708
221 710
221 718
221 719
221 721
221 733
221 738
221 772
221 773
221 774
221 782
221 783
221 785
221 789
221 797
221 832
221 836
221 838
221 843
221 844
221 845
221 846
221 847
221 849
221 850
221 853
221 854
221 861
221 862
221 866
221 868
221 870
221 896
221 900
221 902
221 910
221 911
221 913
221 917
221 918
221 925
221 928
221 930
221 932
221 934
221 964
221 966
221 974
221 975
221 977
221 989
221 1028
221 1030
221 1038
221 1039
221 1041
221 1053
221 1092
221 1094
221 1100
221 1102
221 1103
221 1105
221 1117
221 1156
221 1158
221 1169
221 1181
221 1222
221 1230
221 1231
221 1233
221 1245
222 30
222 83
222 94
222 158
222 286
222 350
222 414
223 31
223 95
223 159
223 287
223 351
223 415
223 1051
224 32
224 96
224 160
224 288
224 352
224 394
224 416
225 33
225 97
225 161
225 200
225 289
225 353
225 417
226 4
226 7
226 11
226 12
226 15
226 29
226 30
226 34
226 36
226 38
226 74
226 75
226 76
226 77
226 82
226 85
226 86
226 96
226 98
226 100
226 102
226 132
226 134
226 135
226 142
226 143
226 145
226 158
226 162
226 198
226 199
226 203
226 204
226 205
226 207
226 220
226 265
226 267
226 268
226 274
226 285
226 290
226 292
226 294
226 324
226 326
226 327
226 334
226 335
226 341
226 342
226 349
226 354
226 386
226 395
226 397
226 402
226 406
226 418
226 420
226 421
226 422
226 438
226 439
226 453
226 460
226 462
226 463
226 466
226 469
226 482
226 486
226 516
226 517
226 518
226 526
226 527
226 529
226 530
226 533
226 540
226 541
226 546
226 550
226 580
226 582
226 588
226 591
226 593
226 597
226 605
226 610
226 646
226 647
226 652
226 654
226 655
226 658
226 661
226 667
226 669
226 678
226 709
226 710
226 716
226 719
226 721
226 725
226 738
226 768
226 773
226 774
226 779
226 780
226 783
226 789
226 797
226 802
226 832
226 843
226 844
226 850
226 853
226 854
226 859
226 862
226 866
226 868
226 870
226 887
226 896
226 907
226 913
226 917
226 918
226 924
226 928
226 930
226 932
226 934
226 949
226 951
226 960
226 964
226 965
226 966
226 977
226 981
226 989
226 994
226 998
226 1028
226 1030
226 1031
226 1039
226 1041
226 1053
226 1058
226 1088
226 1093
226 1106
226 1110
226 1116
226 1120
226 1122
226 1126
226 1132
226 1173
226 1174
226 1180
226 1216
226 1221
226 1248
226 1250
227 35
227 99
227 147
227 163
227 291
227 355
227 419
228 36
228 100
228 164
228 292
228 356
228 420
229 12
229 22
229 36
229 37
229 64
229 82
229 92
229 96
229 101
229 149
229 158
229 165
229 203
229 204
229 205
229 210
229 219
229 220
229 266
229 267
229 268
229 269
229 274
229 292
229 293
229 327
229 332
229 357
229 358
229 386
229 391
229 397
229 402
229 421
229 439
229 453
229 459
229 517
229 533
229 548
229 550
229 583
229 588
229 597
229 647
229 653
229 658
229 661
229 667
229 678
229 704
229 709
229 716
229 725
229 726
229 742
229 768
229 779
229 780
229 837
229 859
229 887
229 901
229 907
229 924
229 926
229 951
229 960
229 965
229 972
229 981
229 994
229 998
229 1058
229 1162
229 1170
229 1190
229 1246
230 38
230 94
230 102
230 166
230 294
230 358
230 422
231 39
231 103
231 167
231 295
231 359
231 423
231 606
232 40
232 104
232 168
232 296
232 360
232 424
233 41
233 105
233 169
233 297
233 361
233 425
233 771
234 42
234 106
234 170
234 298
234 362
234 366
234 426
235 43
235 107
235 171
235 299
235 363
235 427
236 44
236 108
236 172
236 300
236 364
236 428
236 915
237 45
237 109
237 173
237 301
237 365
237 429
238 46
238 110
238 174
238 302
238 328
238 366
238 430
239 47
239 111
239 175
239 303
239 367
239 431
239 890
240 48
240 112
240 176
240 304
240 336
240 368
240 432
240 692
241 49
241 113
241 177
241 185
241 305
241 369
241 433
241 1066
242 50
242 114
242 178
242 306
242 370
242 434
242 536
242 1130
243 51
243 115
243 136
243 179
243 251
243 307
243 367
243 371
243 435
244 52
244 116
244 180
244 308
244 372
244 436
244 467
244 963
245 53
245 117
245 181
245 309
245 373
245 437
245 1077
246 54
246 118
246 182
246 310
246 374
246 438
247 55
247 119
247 183
247 311
247 375
247 439
248 56
248 120
248 184
248 312
248 376
248 378
248 440
249 57
249 121
249 185
249 313
249 377
249 441
249 442
249 1021
250 58
250 122
250 178
250 186
250 307
250 314
250 378
250 442
250 449
250 472
250 1146
251 59
251 123
251 136
251 187
251 243
251 315
251 367
251 379
251 443
252 60
252 124
252 188
252 316
252 380
252 444
252 954
253 61
253 125
253 189
253 317
253 381
253 445
253 702
254 62
254 126
254 190
254 318
254 382
254 446
254 735
255 63
255 127
255 191
255 319
255 383
255 447
256 64
256 128
256 192
256 320
256 384
256 448
257 65
257 129
257 193
257 321
257 385
257 449
257 744
257 947
257 1135
257 1151
258 66
258 130
258 164
258 194
258 322
258 386
258 450
259 67
259 131
259 195
259 323
259 387
259 451
260 4
260 6
260 14
260 15
260 17
260 30
260 34
260 68
260 70
260 71
260 75
260 76
260 78
260 79
260 81
260 85
260 93
260 98
260 102
260 132
260 134
260 145
260 196
260 198
260 199
260 206
260 207
260 209
260 213
260 221
260 262
260 270
260 271
260 273
260 277
260 285
260 290
260 294
260 324
260 326
260 334
260 335
260 337
260 341
260 388
260 390
260 395
260 396
260 398
260 399
260 401
260 405
260 406
260 413
260 418
260 420
260 438
260 452
260 454
260 460
260 462
260 463
260 465
260 477
260 516
260 518
260 526
260 527
260 529
260 541
260 546
260 580
260 582
260 590
260 591
260 593
260 644
260 646
260 652
260 654
260 657
260 669
260 674
260 708
260 710
260 718
260 719
260 721
260 733
260 738
260 772
260 774
260 782
260 783
260 785
260 789
260 797
260 832
260 836
260 838
260 843
260 844
260 845
260 846
260 847
260 849
260 850
260 853
260 861
260 862
260 866
260 868
260 870
260 900
260 902
260 910
260 911
260 913
260 917
260 918
260 925
260 928
260 930
260 934
260 964
260 966
260 974
260 975
260 977
260 989
260 1028
260 1030
260 1038
260 1041
260 1092
260 1094
260 1100
260 1102
260 1103
260 1105
260 1109
260 1117
260 1156
260 1158
260 1166
260 1169
260 1181
260 1233
260 1245
261 69
261 133
261 197
261 325
261 389
261 453
262 4
262 6
262 14
262 15
262 17
262 29
262 30
262 34
262 68
262 70
262 71
262 75
262 76
262 77
262 78
262 79
262 81
262 85
262 86
262 93
262 98
262 102
262 132
262 134
262 135
262 145
262 162
262 196
262 198
262 199
262 206
262 207
262 209
262 213
262 221
262 260
262 270
262 271
262 273
262 277
262 285
262 290
262 294
262 324
262 326
262 334
262 335
262 337
262 341
262 354
262 388
262 390
262 395
262 396
262 398
262 399
262 401
262 405
262 406
262 413
262 418
262 420
262 422
262 438
262 452
262 454
262 460
262 462
262 463
262 465
262 477
262 482
262 486
262 516
262 518
262 526
262 527
262 529
262 541
262 546
262 580
262 582
262 590
262 591
262 593
262 644
262 646
262 652
262 654
262 657
262 669
262 674
262 708
262 710
262 718
262 719
262 721
262 733
262 738
262 772
262 773
262 774
262 782
262 783
262 785
262 789
262 797
262 832
262 836
262 838
262 843
262 844
262 845
262 846
262 847
262 849
262 850
262 853
262 854
262 861
262 862
262 866
262 868
262 870
262 896
262 900
262 902
262 910
262 911
262 913
262 917
262 918
262 925
262 928
262 930
262 932
262 934
262 964
262 966
262 974
262 975
262 977
262 989
262 1028
262 1030
262 1038
262 1039
262 1041
262 1053
262 1092
262 1094
262 1100
262 1102
262 1103
262 1105
262 1106
262 1109
262 1117
262 1122
262 1156
262 1158
262 1169
262 1181
262 1222
262 1230
262 1231
262 1233
262 1245
263 9
263 69
263 71
263 135
263 137
263 197
263 199
263 325
263 327
263 389
263 391
263 455
263 521
263 581
263 645
263 672
263 711
263 777
263 841
263 903
263 967
263 1029
263 1095
263 1157
263 1223
264 72
264 136
264 200
264 328
264 392
264 456
264 458
265 4
265 7
265 11
265 12
265 15
265 29
265 30
265 34
265 36
265 38
265 73
265 74
265 75
265 76
265 77
265 82
265 85
265 86
265 96
265 98
265 100
265 102
265 132
265 134
265 135
265 137
265 142
265 143
265 145
265 149
265 158
265 162
265 198
265 199
265 201
265 203
265 204
265 205
265 220
265 226
265 267
265 268
265 274
265 285
265 290
265 292
265 294
265 327
265 329
265 334
265 335
265 341
265 342
265 349
265 354
265 358
265 386
265 393
265 395
265 397
265 402
265 406
265 418
265 420
265 421
265 422
265 438
265 439
265 453
265 457
265 459
265 460
265 463
265 466
265 469
265 482
265 486
265 517
265 527
265 529
265 530
265 533
265 540
265 541
265 546
265 550
265 582
265 588
265 591
265 593
265 597
265 605
265 610
265 646
265 647
265 652
265 654
265 655
265 658
265 661
265 667
265 678
265 709
265 710
265 716
265 719
265 721
265 725
265 738
265 768
265 773
265 774
265 779
265 780
265 783
265 789
265 797
265 802
265 832
265 843
265 844
265 850
265 853
265 854
265 859
265 862
265 866
265 868
265 870
265 887
265 896
265 901
265 907
265 913
265 917
265 918
265 924
265 928
265 930
265 932
265 934
265 949
265 951
265 960
265 964
265 965
265 966
265 977
265 981
265 989
265 994
265 998
265 1028
265 1030
265 1031
265 1039
265 1041
265 1053
265 1058
265 1088
265 1093
265 1100
265 1106
265 1109
265 1110
265 1116
265 1120
265 1122
265 1126
265 1132
265 1174
265 1180
265 1216
265 1221
265 1248
265 1250
266 12
266 22
266 36
266 64
266 74
266 92
266 138
266 149
266 202
266 203
266 205
266 210
266 219
266 220
266 229
266 268
266 269
266 274
266 292
266 327
266 330
266 332
266 358
266 386
266 391
266 394
266 397
266 402
266 458
266 459
266 517
266 548
266 583
266 597
266 647
266 653
266 658
266 661
266 678
266 704
266 709
266 725
266 726
266 742
266 780
266 837
266 859
266 887
266 901
266 907
266 914
266 924
266 926
266 951
266 960
266 972
266 981
266 994
266 998
266 1058
266 1062
266 1162
266 1186
266 1246
267 4
267 7
267 11
267 12
267 15
267 29
267 34
267 36
267 38
267 74
267 75
267 76
267 77
267 82
267 86
267 92
267 96
267 100
267 132
267 134
267 135
267 139
267 142
267 143
267 149
267 158
267 162
267 198
267 203
267 204
267 205
267 220
267 226
267 229
267 265
267 268
267 274
267 285
267 292
267 294
267 327
267 331
267 335
267 341
267 342
267 349
267 354
267 358
267 386
267 395
267 397
267 402
267 406
267 418
267 420
267 421
267 422
267 438
267 439
267 453
267 459
267 460
267 466
267 469
267 482
267 486
267 517
267 527
267 530
267 533
267 540
267 546
267 548
267 550
267 582
267 588
267 591
267 593
267 597
267 605
267 610
267 646
267 647
267 652
267 655
267 658
267 661
267 667
267 678
267 709
267 710
267 716
267 719
267 725
267 738
267 742
267 768
267 773
267 774
267 779
267 780
267 783
267 789
267 797
267 802
267 832
267 843
267 844
267 850
267 854
267 859
267 862
267 866
267 868
267 870
267 887
267 896
267 901
267 907
267 917
267 918
267 924
267 928
267 930
267 932
267 934
267 949
267 951
267 960
267 964
267 965
267 966
267 972
267 977
267 981
267 989
267 994
267 998
267 1031
267 1039
267 1041
267 1053
267 1058
267 1088
267 1093
267 1106
267 1109
267 1110
267 1116
267 1120
267 1122
267 1126
267 1132
267 1180
267 1216
267 1248
267 1250
267 1254
268 7
268 11
268 12
268 29
268 34
268 36
268 38
268 74
268 75
268 76
268 77
268 82
268 86
268 92
268 96
268 100
268 132
268 134
268 135
268 140
268 142
268 143
268 149
268 158
268 162
268 198
268 203
268 204
268 205
268 220
268 226
268 229
268 265
268 266
268 267
268 274
268 285
268 292
268 294
268 327
268 332
268 335
268 342
268 349
268 354
268 358
268 386
268 395
268 396
268 397
268 402
268 406
268 420
268 421
268 422
268 439
268 453
268 459
268 460
268 466
268 469
268 482
268 486
268 517
268 527
268 530
268 533
268 540
268 546
268 548
268 550
268 588
268 591
268 597
268 605
268 610
268 647
268 652
268 655
268 658
268 661
268 667
268 678
268 709
268 710
268 716
268 719
268 725
268 742
268 768
268 773
268 774
268 779
268 780
268 783
268 789
268 802
268 843
268 844
268 850
268 854
268 859
268 868
268 870
268 887
268 896
268 901
268 907
268 918
268 924
268 928
268 930
268 932
268 934
268 949
268 951
268 960
268 965
268 972
268 977
268 981
268 994
268 998
268 1031
268 1039
268 1041
268 1053
268 1058
268 1088
268 1093
268 1106
268 1109
268 1110
268 1116
268 1120
268 1122
268 1126
268 1132
268 1180
268 1216
268 1248
268 1250
268 1254
269 12
269 22
269 36
269 64
269 77
269 92
269 141
269 149
269 203
269 205
269 210
269 219
269 220
269 229
269 266
269 274
269 292
269 332
269 333
269 358
269 386
269 391
269 397
269 402
269 459
269 461
269 517
269 548
269 583
269 647
269 653
269 658
269 661
269 678
269 704
269 709
269 725
269 726
269 742
269 780
269 837
269 887
269 901
269 914
269 924
269 926
269 951
269 960
269 972
269 981
269 994
269 998
269 1058
269 1062
269 1162
269 1186
269 1246
270 4
270 6
270 14
270 15
270 17
270 30
270 34
270 68
270 70
270 71
270 75
270 76
270 78
270 79
270 81
270 85
270 93
270 98
270 102
270 132
270 134
270 142
270 145
270 196
270 198
270 199
270 206
270 207
270 209
270 213
270 221
270 260
270 262
270 271
270 273
270 277
270 285
270 290
270 294
270 324
270 326
270 334
270 335
270 337
270 341
270 388
270 390
270 395
270 396
270 398
270 399
270 401
270 405
270 406
270 413
270 418
270 420
270 438
270 452
270 454
270 462
270 463
270 465
270 477
270 516
270 518
270 526
270 527
270 529
270 541
270 546
270 580
270 582
270 590
270 591
270 593
270 644
270 646
270 652
270 654
270 657
270 669
270 674
270 708
270 710
270 718
270 719
270 721
270 733
270 738
270 772
270 774
270 782
270 783
270 785
270 797
270 832
270 836
270 838
270 843
270 844
270 845
270 846
270 847
270 849
270 853
270 861
270 862
270 866
270 868
270 870
270 900
270 902
270 910
270 911
270 913
270 917
270 918
270 925
270 928
270 930
270 934
270 964
270 966
270 974
270 975
270 989
270 1028
270 1030
270 1038
270 1041
270 1092
270 1094
270 1100
270 1102
270 1103
270 1105
270 1109
270 1117
270 1156
270 1158
270 1166
270 1169
270 1181
270 1245
271 4
271 6
271 14
271 15
271 17
271 29
271 30
271 34
271 68
271 70
271 71
271 75
271 76
271 78
271 79
271 81
271 85
271 93
271 98
271 102
271 132
271 134
271 135
271 143
271 145
271 196
271 198
271 199
271 206
271 207
271 209
271 213
271 221
271 260
271 262
271 270
271 273
271 277
271 285
271 290
271 294
271 324
271 326
271 334
271 335
271 337
271 341
271 354
271 388
271 390
271 395
271 396
271 398
271 399
271 401
271 405
271 406
271 413
271 418
271 420
271 422
271 438
271 452
271 454
271 460
271 462
271 463
271 465
271 477
271 486
271 516
271 518
271 526
271 527
271 529
271 541
271 546
271 580
271 582
271 590
271 591
271 593
271 644
271 646
271 652
271 654
271 657
271 669
271 674
271 708
271 710
271 718
271 719
271 721
271 733
271 738
271 772
271 774
271 782
271 783
271 785
271 789
271 797
271 832
271 836
271 838
271 843
271 844
271 845
271 846
271 847
271 849
271 850
271 853
271 861
271 862
271 866
271 868
271 870
271 896
271 900
271 902
271 910
271 911
271 913
271 917
271 918
271 925
271 928
271 930
271 932
271 934
271 964
271 966
271 974
271 975
271 977
271 989
271 1028
271 1030
271 1038
271 1041
271 1053
271 1092
271 1094
271 1100
271 1102
271 1103
271 1105
271 1106
271 1109
271 1117
271 1156
271 1158
271 1169
271 1181
271 1230
271 1231
271 1233
271 1245
272 80
272 144
272 208
272 336
272 400
272 464
273 4
273 6
273 14
273 15
273 17
273 29
273 30
273 34
273 68
273 70
273 71
273 75
273 76
273 77
273 78
273 79
273 81
273 85
273 93
273 98
273 102
273 132
273 134
273 135
273 145
273 196
273 198
273 199
273 206
273 207
273 209
273 213
273 221
273 260
273 262
273 270
273 271
273 277
273 285
273 290
273 294
273 324
273 326
273 334
273 335
273 337
273 341
273 354
273 388
273 390
273 395
273 396
273 398
273 399
273 401
273 405
273 406
273 413
273 418
273 420
273 422
273 438
273 452
273 454
273 460
273 462
273 463
273 465
273 477
273 486
273 516
273 518
273 526
273 527
273 529
273 541
273 546
273 580
273 582
273 590
273 591
273 593
273 644
273 646
273 652
273 654
273 657
273 669
273 674
273 708
273 710
273 718
273 719
273 721
273 733
273 738
273 772
273 774
273 782
273 783
273 785
273 789
273 797
273 832
273 836
273 838
273 843
273 844
273 845
273 846
273 847
273 849
273 850
273 853
273 861
273 862
273 866
273 868
273 870
273 896
273 900
273 902
273 910
273 911
273 913
273 917
273 918
273 925
273 928
273 930
273 932
273 934
273 964
273 966
273 974
273 975
273 977
273 989
273 1028
273 1030
273 1038
273 1039
273 1041
273 1053
273 1092
273 1094
273 1100
273 1102
273 1103
273 1105
273 1106
273 1109
273 1117
273 1156
273 1158
273 1169
273 1181
273 1222
273 1230
273 1231
273 1233
273 1245
274 7
274 11
274 12
274 29
274 36
274 38
274 74
274 77
274 82
274 86
274 92
274 96
274 100
274 135
274 142
274 143
274 146
274 149
274 158
274 162
274 198
274 203
274 204
274 205
274 210
274 219
274 220
274 226
274 229
274 265
274 266
274 267
274 268
274 269
274 292
274 327
274 332
274 338
274 342
274 349
274 354
274 358
274 386
274 391
274 397
274 402
274 420
274 421
274 422
274 439
274 453
274 459
274 460
274 466
274 469
274 482
274 486
274 517
274 530
274 533
274 540
274 548
274 550
274 583
274 588
274 591
274 597
274 605
274 610
274 647
274 653
274 655
274 658
274 661
274 667
274 678
274 704
274 709
274 710
274 716
274 719
274 725
274 726
274 742
274 768
274 773
274 779
274 780
274 789
274 802
274 837
274 843
274 850
274 854
274 859
274 887
274 896
274 901
274 907
274 918
274 924
274 932
274 949
274 951
274 960
274 965
274 972
274 977
274 981
274 994
274 998
274 1031
274 1039
274 1053
274 1058
274 1088
274 1093
274 1106
274 1110
274 1116
274 1120
274 1122
274 1126
274 1132
274 1163
274 1170
274 1190
274 1216
274 1250
274 1254
275 83
275 147
275 211
275 339
275 403
275 467
275 542
275 668
275 820
276 84
276 148
276 212
276 303
276 340
276 404
276 468
276 1000
277 4
277 6
277 11
277 14
277 15
277 17
277 29
277 30
277 34
277 68
277 70
277 71
277 75
277 76
277 77
277 78
277 79
277 81
277 85
277 86
277 93
277 98
277 102
277 132
277 134
277 135
277 142
277 145
277 149
277 162
277 196
277 198
277 199
277 206
277 207
277 209
277 213
277 221
277 260
277 262
277 270
277 271
277 273
277 285
277 290
277 294
277 324
277 326
277 334
277 335
277 337
277 341
277 354
277 388
277 390
277 395
277 396
277 398
277 399
277 401
277 405
277 406
277 413
277 418
277 420
277 422
277 438
277 452
277 454
277 460
277 462
277 463
277 465
277 469
277 477
277 482
277 486
277 516
277 518
277 526
277 527
277 529
277 530
277 541
277 546
277 580
277 582
277 590
277 591
277 593
277 605
277 644
277 646
277 652
277 654
277 655
277 657
277 669
277 674
277 708
277 710
277 718
277 719
277 721
277 733
277 738
277 772
277 773
277 774
277 782
277 783
277 785
277 789
277 797
277 832
277 836
277 838
277 843
277 844
277 845
277 846
277 847
277 849
277 850
277 853
277 854
277 861
277 862
277 866
277 868
277 870
277 896
277 900
277 902
277 910
277 911
277 913
277 917
277 918
277 925
277 928
277 930
277 932
277 934
277 964
277 966
277 974
277 975
277 977
277 989
277 1028
277 1030
277 1038
277 1039
277 1041
277 1053
277 1092
277 1094
277 1100
277 1102
277 1103
277 1105
277 1106
277 1109
277 1116
277 1117
277 1122
277 1152
277 1156
277 1158
277 1159
277 1167
277 1169
277 1181
277 1220
277 1222
277 1230
277 1231
277 1233
277 1245
278 86
278 101
278 150
278 214
278 293
278 342
278 356
278 406
278 470
278 576
278 594
278 806
278 834
278 863
278 908
278 1045
278 1062
278 1107
279 87
279 133
279 151
279 215
279 343
279 407
279 471
279 973
279 1260
280 88
280 152
280 216
280 344
280 408
280 472
280 895
281 89
281 153
281 217
281 345
281 409
281 473
281 807
281 1255
282 90
282 154
282 218
282 346
282 410
282 474
283 44
283 91
283 155
283 219
283 347
283 411
283 475
283 872
284 92
284 156
284 220
284 348
284 412
284 476
285 4
285 6
285 7
285 11
285 14
285 15
285 17
285 29
285 30
285 34
285 38
285 68
285 70
285 71
285 74
285 75
285 76
285 77
285 78
285 79
285 81
285 82
285 85
285 86
285 93
285 96
285 98
285 100
285 102
285 132
285 134
285 135
285 142
285 143
285 145
285 157
285 158
285 162
285 196
285 198
285 199
285 204
285 206
285 207
285 209
285 213
285 221
285 226
285 260
285 262
285 265
285 267
285 268
285 270
285 271
285 273
285 277
285 290
285 294
285 324
285 326
285 327
285 334
285 335
285 337
285 341
285 342
285 349
285 354
285 388
285 390
285 395
285 396
285 399
285 401
285 405
285 406
285 413
285 418
285 420
285 421
285 422
285 438
285 439
285 452
285 453
285 454
285 460
285 462
285 463
285 465
285 466
285 469
285 477
285 482
285 486
285 516
285 518
285 526
285 527
285 529
285 530
285 533
285 540
285 541
285 546
285 550
285 580
285 582
285 588
285 590
285 591
285 593
285 597
285 605
285 610
285 644
285 646
285 652
285 654
285 655
285 657
285 667
285 669
285 674
285 708
285 710
285 716
285 718
285 719
285 721
285 733
285 738
285 768
285 772
285 773
285 774
285 779
285 782
285 783
285 785
285 789
285 797
285 802
285 832
285 836
285 838
285 843
285 844
285 845
285 847
285 849
285 850
285 853
285 854
285 859
285 861
285 862
285 866
285 868
285 870
285 896
285 900
285 902
285 907
285 911
285 913
285 917
285 918
285 925
285 928
285 930
285 932
285 934
285 949
285 964
285 965
285 966
285 974
285 975
285 977
285 989
285 1028
285 1030
285 1031
285 1038
285 1039
285 1041
285 1053
285 1088
285 1092
285 1093
285 1094
285 1100
285 1102
285 1103
285 1105
285 1106
285 1109
285 1110
285 1116
285 1117
285 1120
285 1122
285 1126
285 1132
285 1152
285 1159
285 1164
285 1167
285 1173
285 1220
285 1221
285 1222
285 1230
285 1231
285 1233
285 1243
286 94
286 158
286 194
286 222
286 350
286 414
286 478
287 84
287 95
287 159
287 223
287 351
287 415
287 479
288 96
288 160
288 224
288 352
288 416
288 480
289 97
289 161
289 225
289 321
289 353
289 417
289 481
289 1004
290 4
290 6
290 7
290 11
290 14
290 15
290 17
290 29
290 30
290 34
290 38
290 68
290 70
290 71
290 74
290 75
290 76
290 77
290 78
290 79
290 81
290 85
290 86
290 93
290 98
290 100
290 102
290 132
290 134
290 135
290 142
290 143
290 145
290 162
290 196
290 198
290 199
290 206
290 207
290 209
290 213
290 221
290 226
290 260
290 262
290 265
290 270
290 271
290 273
290 277
290 285
290 294
290 324
290 326
290 334
290 335
290 337
290 341
290 342
290 349
290 354
290 388
290 390
290 395
290 396
290 398
290 399
290 401
290 405
290 406
290 413
290 418
290 420
290 421
290 422
290 438
290 452
290 454
290 460
290 462
290 463
290 465
290 466
290 469
290 477
290 482
290 486
290 516
290 518
290 526
290 527
290 529
290 530
290 540
290 541
290 546
290 580
290 582
290 590
290 591
290 593
290 605
290 610
290 644
290 646
290 652
290 654
290 655
290 657
290 669
290 674
290 708
290 710
290 718
290 719
290 721
290 733
290 738
290 772
290 773
290 774
290 782
290 783
290 785
290 789
290 797
290 802
290 832
290 836
290 838
290 843
290 844
290 845
290 846
290 847
290 849
290 850
290 853
290 854
290 861
290 862
290 866
290 868
290 870
290 896
290 900
290 902
290 910
290 911
290 913
290 917
290 918
290 925
290 928
290 930
290 932
290 934
290 949
290 964
290 966
290 974
290 975
290 977
290 989
290 1028
290 1030
290 1031
290 1038
290 1039
290 1041
290 1053
290 1092
290 1094
290 1100
290 1102
290 1103
290 1105
290 1106
290 1109
290 1110
290 1116
290 1117
290 1120
290 1122
290 1152
290 1159
290 1164
290 1167
290 1169
290 1220
290 1222
290 1230
290 1231
290 1233
290 1245
291 99
291 163
291 227
291 355
291 419
291 483
292 7
292 11
292 12
292 22
292 29
292 36
292 38
292 74
292 77
292 82
292 86
292 92
292 96
292 100
292 135
292 142
292 143
292 149
292 158
292 162
292 164
292 203
292 204
292 205
292 219
292 220
292 226
292 228
292 229
292 265
292 266
292 267
292 268
292 269
292 274
292 327
292 332
292 342
292 349
292 354
292 356
292 358
292 386
292 391
292 397
292 402
292 420
292 421
292 422
292 439
292 453
292 459
292 460
292 466
292 469
292 482
292 484
292 486
292 517
292 530
292 533
292 540
292 548
292 550
292 583
292 588
292 597
292 605
292 610
292 647
292 653
292 655
292 658
292 661
292 667
292 678
292 704
292 709
292 716
292 725
292 726
292 742
292 768
292 773
292 779
292 780
292 789
292 802
292 837
292 854
292 859
292 887
292 896
292 901
292 907
292 924
292 932
292 949
292 951
292 960
292 965
292 972
292 977
292 981
292 994
292 998
292 1031
292 1039
292 1053
292 1058
292 1088
292 1093
292 1106
292 1110
292 1116
292 1120
292 1122
292 1126
292 1132
292 1163
292 1170
292 1190
292 1216
292 1254
293 101
293 165
293 214
293 229
293 278
293 356
293 357
293 421
293 485
293 576
293 594
293 834
293 908
293 914
293 1045
293 1062
294 4
294 6
294 7
294 11
294 14
294 15
294 17
294 29
294 30
294 34
294 38
294 68
294 70
294 74
294 75
294 76
294 77
294 78
294 79
294 81
294 82
294 85
294 86
294 93
294 96
294 98
294 100
294 102
294 132
294 134
294 135
294 142
294 143
294 145
294 158
294 162
294 166
294 196
294 198
294 199
294 204
294 206
294 207
294 209
294 213
294 221
294 226
294 230
294 260
294 262
294 265
294 267
294 268
294 270
294 271
294 273
294 277
294 285
294 290
294 324
294 326
294 327
294 334
294 335
294 337
294 341
294 342
294 349
294 354
294 358
294 388
294 390
294 395
294 396
294 399
294 401
294 405
294 406
294 413
294 418
294 420
294 421
294 422
294 438
294 439
294 452
294 453
294 454
294 460
294 462
294 463
294 465
294 466
294 469
294 477
294 482
294 486
294 516
294 518
294 526
294 527
294 529
294 530
294 533
294 540
294 541
294 546
294 550
294 580
294 582
294 588
294 590
294 591
294 593
294 597
294 605
294 610
294 644
294 646
294 647
294 652
294 654
294 655
294 657
294 667
294 669
294 674
294 708
294 710
294 716
294 718
294 719
294 721
294 733
294 738
294 768
294 772
294 773
294 774
294 779
294 782
294 783
294 785
294 789
294 797
294 802
294 832
294 836
294 838
294 843
294 844
294 845
294 847
294 849
294 850
294 853
294 854
294 859
294 861
294 862
294 866
294 868
294 870
294 896
294 900
294 902
294 907
294 911
294 913
294 917
294 918
294 925
294 928
294 930
294 932
294 934
294 949
294 960
294 964
294 965
294 966
294 974
294 975
294 977
294 989
294 1028
294 1030
294 1031
294 1038
294 1039
294 1041
294 1053
294 1088
294 1092
294 1093
294 1094
294 1100
294 1102
294 1103
294 1105
294 1106
294 1109
294 1110
294 1116
294 1117
294 1120
294 1122
294 1126
294 1132
294 1152
294 1159
294 1164
294 1167
294 1173
294 1174
294 1220
294 1221
294 1222
294 1230
294 1231
294 1233
294 1243
295 88
295 103
295 167
295 231
295 359
295 423
295 426
295 487
295 690
295 743
296 104
296 168
296 172
296 232
296 360
296 424
296 488
296 650
297 55
297 105
297 169
297 233
297 361
297 425
297 489
298 106
298 170
298 234
298 343
298 362
298 426
298 490
298 579
298 1059
299 107
299 171
299 235
299 363
299 427
299 491
300 108
300 172
300 236
300 364
300 428
300 492
300 514
301 109
301 173
301 237
301 365
301 429
301 493
302 110
302 174
302 238
302 359
302 366
302 430
302 494
302 1016
302 1040
303 111
303 175
303 239
303 276
303 367
303 431
303 495
303 1000
304 107
304 112
304 176
304 240
304 368
304 432
304 496
304 1147
305 26
305 113
305 177
305 241
305 369
305 433
305 497
305 912
305 1172
305 1269
306 114
306 178
306 242
306 370
306 434
306 498
306 1244
306 1247
307 115
307 178
307 179
307 243
307 250
307 371
307 435
307 449
307 472
307 499
307 1146
308 116
308 180
308 244
308 372
308 436
308 500
308 732
309 117
309 181
309 245
309 373
309 437
309 474
309 501
309 874
310 118
310 182
310 246
310 374
310 438
310 502
310 503
311 119
311 167
311 183
311 247
311 312
311 375
311 439
311 503
312 120
312 167
312 184
312 248
312 311
312 376
312 440
312 504
313 121
313 185
313 249
313 377
313 441
313 505
313 931
313 991
313 1133
314 122
314 186
314 250
314 315
314 378
314 442
314 506
314 1001
315 123
315 187
315 251
315 314
315 379
315 443
315 507
315 1001
316 124
316 188
316 252
316 380
316 444
316 508
317 125
317 189
317 253
317 381
317 445
317 509
317 1210
318 126
318 190
318 254
318 382
318 446
318 510
318 1275
319 127
319 191
319 255
319 383
319 447
319 511
320 128
320 192
320 256
320 384
320 448
320 512
321 129
321 193
321 257
321 289
321 385
321 449
321 513
321 1004
322 130
322 194
322 258
322 386
322 450
322 514
322 1165
323 131
323 195
323 259
323 387
323 451
323 515
323 728
323 1145
324 4
324 6
324 11
324 14
324 15
324 17
324 29
324 30
324 34
324 68
324 70
324 71
324 74
324 75
324 76
324 77
324 78
324 79
324 81
324 85
324 86
324 93
324 98
324 102
324 132
324 134
324 135
324 142
324 145
324 162
324 196
324 198
324 199
324 206
324 207
324 209
324 213
324 221
324 226
324 260
324 262
324 270
324 271
324 273
324 277
324 285
324 290
324 294
324 326
324 334
324 335
324 337
324 341
324 342
324 354
324 388
324 390
324 395
324 396
324 398
324 399
324 401
324 405
324 406
324 413
324 418
324 420
324 422
324 438
324 452
324 454
324 460
324 462
324 463
324 465
324 469
324 477
324 482
324 486
324 516
324 518
324 526
324 527
324 529
324 530
324 541
324 546
324 580
324 582
324 590
324 591
324 593
324 605
324 644
324 646
324 652
324 654
324 655
324 657
324 669
324 674
324 708
324 710
324 718
324 719
324 721
324 733
324 738
324 772
324 773
324 774
324 782
324 783
324 785
324 789
324 797
324 802
324 832
324 836
324 838
324 843
324 844
324 845
324 846
324 847
324 849
324 850
324 853
324 854
324 861
324 862
324 866
324 868
324 870
324 896
324 900
324 902
324 910
324 911
324 913
324 917
324 918
324 925
324 928
324 930
324 932
324 934
324 964
324 966
324 974
324 975
324 977
324 989
324 1028
324 1030
324 1038
324 1039
324 1041
324 1053
324 1092
324 1094
324 1100
324 1102
324 1103
324 1105
324 1106
324 1109
324 1116
324 1117
324 1122
324 1152
324 1156
324 1158
324 1159
324 1164
324 1166
324 1167
324 1169
324 1173
324 1174
324 1181
324 1220
324 1222
324 1230
324 1231
324 1233
324 1245
325 9
325 69
325 133
325 137
325 197
325 261
325 263
325 389
325 453
325 455
325 517
325 521
325 581
325 645
325 672
325 711
325 777
325 841
325 903
325 967
325 1029
325 1095
325 1157
325 1223
326 4
326 6
326 11
326 14
326 15
326 17
326 29
326 30
326 34
326 68
326 70
326 71
326 75
326 76
326 77
326 78
326 79
326 81
326 85
326 86
326 93
326 98
326 102
326 132
326 134
326 135
326 142
326 145
326 162
326 196
326 198
326 199
326 206
326 207
326 209
326 213
326 221
326 226
326 260
326 262
326 270
326 271
326 273
326 277
326 285
326 290
326 294
326 324
326 334
326 335
326 337
326 341
326 342
326 354
326 388
326 390
326 395
326 396
326 398
326 399
326 401
326 405
326 406
326 413
326 418
326 420
326 422
326 438
326 452
326 454
326 460
326 462
326 463
326 465
326 469
326 477
326 482
326 486
326 516
326 518
326 526
326 527
326 529
326 530
326 541
326 546
326 580
326 582
326 590
326 591
326 593
326 605
326 644
326 646
326 652
326 654
326 655
326 657
326 669
326 674
326 708
326 710
326 718
326 719
326 721
326 733
326 738
326 772
326 773
326 774
326 782
326 783
326 785
326 789
326 797
326 802
326 832
326 836
326 838
326 843
326 844
326 845
326 846
326 847
326 849
326 850
326 853
326 854
326 861
326 862
326 866
326 868
326 870
326 896
326 900
326 902
326 910
326 911
326 913
326 917
326 918
326 925
326 928
326 930
326 932
326 934
326 964
326 966
326 974
326 975
326 977
326 989
326 1028
326 1030
326 1038
326 1039
326 1041
326 1053
326 1092
326 1094
326 1100
326 1102
326 1103
326 1105
326 1106
326 1109
326 1116
326 1117
326 1122
326 1152
326 1156
326 1158
326 1159
326 1164
326 1166
326 1167
326 1169
326 1173
326 1174
326 1181
326 1220
326 1222
326 1230
326 1231
326 1233
326 1245
327 7
327 11
327 12
327 29
327 34
327 36
327 38
327 74
327 75
327 77
327 82
327 86
327 92
327 96
327 100
327 132
327 134
327 135
327 142
327 143
327 149
327 158
327 162
327 198
327 199
327 203
327 204
327 205
327 220
327 226
327 229
327 263
327 265
327 266
327 267
327 268
327 274
327 285
327 292
327 294
327 335
327 342
327 349
327 354
327 358
327 386
327 391
327 395
327 397
327 402
327 406
327 420
327 421
327 422
327 439
327 453
327 455
327 459
327 460
327 466
327 469
327 482
327 486
327 517
327 519
327 527
327 530
327 533
327 540
327 546
327 548
327 550
327 588
327 591
327 597
327 605
327 610
327 647
327 652
327 655
327 658
327 661
327 667
327 678
327 709
327 710
327 716
327 719
327 725
327 742
327 768
327 773
327 774
327 779
327 780
327 783
327 789
327 802
327 843
327 844
327 850
327 854
327 859
327 868
327 870
327 887
327 896
327 901
327 907
327 918
327 924
327 928
327 930
327 932
327 934
327 949
327 951
327 960
327 965
327 972
327 977
327 981
327 994
327 998
327 1031
327 1039
327 1041
327 1053
327 1058
327 1088
327 1093
327 1106
327 1109
327 1110
327 1116
327 1120
327 1122
327 1126
327 1132
327 1162
327 1163
327 1164
327 1170
327 1173
327 1174
327 1180
327 1190
327 1216
327 1248
327 1250
327 1254
328 136
328 200
328 238
328 264
328 392
328 456
328 520
329 137
329 201
329 265
329 393
329 457
329 521
330 138
330 202
330 266
330 394
330 458
330 522
330 993
331 139
331 203
331 267
331 395
331 457
331 459
331 523
332 12
332 22
332 36
332 64
332 92
332 140
332 149
332 203
332 204
332 205
332 210
332 219
332 220
332 229
332 266
332 268
332 269
332 274
332 292
332 358
332 386
332 391
332 396
332 397
332 402
332 459
332 460
332 517
332 524
332 548
332 583
332 647
332 653
332 658
332 661
332 678
332 704
332 709
332 725
332 726
332 742
332 780
332 837
332 887
332 901
332 914
332 924
332 926
332 951
332 960
332 972
332 981
332 994
332 998
332 1058
332 1062
332 1162
332 1163
332 1170
332 1186
332 1190
332 1246
333 141
333 205
333 269
333 397
333 461
333 525
334 4
334 6
334 7
334 11
334 14
334 15
334 17
334 29
334 30
334 34
334 38
334 68
334 70
334 71
334 74
334 75
334 76
334 77
334 78
334 79
334 81
334 85
334 86
334 93
334 98
334 100
334 102
334 132
334 134
334 135
334 142
334 143
334 145
334 162
334 196
334 198
334 199
334 206
334 207
334 209
334 213
334 221
334 226
334 260
334 262
334 265
334 270
334 271
334 273
334 277
334 285
334 290
334 294
334 324
334 326
334 335
334 337
334 341
334 342
334 349
334 354
334 388
334 390
334 395
334 396
334 398
334 399
334 401
334 405
334 406
334 413
334 418
334 420
334 421
334 422
334 438
334 452
334 454
334 460
334 462
334 463
334 465
334 466
334 469
334 477
334 482
334 486
334 516
334 518
334 526
334 527
334 529
334 530
334 540
334 541
334 546
334 580
334 582
334 590
334 591
334 593
334 605
334 610
334 644
334 646
334 652
334 654
334 655
334 657
334 669
334 674
334 708
334 710
334 718
334 719
334 721
334 733
334 738
334 772
334 773
334 774
334 782
334 783
334 785
334 789
334 797
334 802
334 832
334 836
334 838
334 843
334 844
334 845
334 846
334 847
334 849
334 850
334 853
334 854
334 861
334 862
334 866
334 868
334 870
334 896
334 900
334 902
334 910
334 911
334 913
334 917
334 918
334 925
334 928
334 930
334 932
334 934
334 949
334 964
334 966
334 974
334 975
334 977
334 989
334 1028
334 1030
334 1031
334 1038
334 1039
334 1041
334 1053
334 1092
334 1094
334 1100
334 1102
334 1103
334 1105
334 1106
334 1109
334 1110
334 1116
334 1117
334 1120
334 1122
334 1152
334 1156
334 1158
334 1159
334 1164
334 1166
334 1167
334 1169
334 1173
334 1174
334 1180
334 1181
334 1220
334 1222
334 1230
334 1231
334 1233
334 1245
335 4
335 6
335 7
335 11
335 14
335 15
335 17
335 29
335 30
335 34
335 38
335 68
335 70
335 71
335 74
335 75
335 76
335 77
335 78
335 79
335 81
335 82
335 85
335 86
335 93
335 96
335 98
335 100
335 102
335 132
335 134
335 135
335 142
335 143
335 145
335 158
335 162
335 196
335 198
335 199
335 204
335 206
335 207
335 209
335 213
335 221
335 226
335 260
335 262
335 265
335 267
335 268
335 270
335 271
335 273
335 277
335 285
335 290
335 294
335 324
335 326
335 327
335 334
335 337
335 341
335 342
335 349
335 354
335 388
335 390
335 395
335 396
335 398
335 399
335 401
335 405
335 406
335 413
335 418
335 420
335 421
335 422
335 438
335 439
335 452
335 453
335 454
335 460
335 462
335 463
335 465
335 466
335 469
335 477
335 482
335 486
335 516
335 518
335 526
335 527
335 529
335 530
335 533
335 540
335 541
335 546
335 550
335 580
335 582
335 588
335 590
335 591
335 593
335 597
335 605
335 610
335 644
335 646
335 652
335 654
335 655
335 657
335 667
335 669
335 674
335 708
335 710
335 716
335 718
335 719
335 721
335 733
335 738
335 768
335 772
335 773
335 774
335 779
335 782
335 783
335 785
335 789
335 797
335 802
335 832
335 836
335 838
335 843
335 844
335 845
335 847
335 849
335 850
335 853
335 854
335 861
335 862
335 866
335 868
335 870
335 896
335 900
335 902
335 907
335 911
335 913
335 917
335 918
335 925
335 928
335 930
335 932
335 934
335 949
335 964
335 965
335 966
335 974
335 975
335 977
335 989
335 1028
335 1030
335 1031
335 1038
335 1039
335 1041
335 1053
335 1088
335 1092
335 1093
335 1094
335 1100
335 1102
335 1103
335 1105
335 1106
335 1109
335 1110
335 1116
335 1117
335 1120
335 1122
335 1126
335 1132
335 1152
335 1156
335 1158
335 1159
335 1164
335 1166
335 1167
335 1169
335 1173
335 1174
335 1180
335 1181
335 1220
335 1222
335 1230
335 1231
335 1233
335 1243
336 144
336 208
336 240
336 272
336 400
336 464
336 528
336 692
337 4
337 6
337 11
337 14
337 15
337 17
337 29
337 30
337 34
337 68
337 70
337 71
337 75
337 76
337 77
337 78
337 79
337 81
337 85
337 86
337 93
337 98
337 102
337 132
337 134
337 135
337 142
337 145
337 162
337 196
337 198
337 199
337 206
337 207
337 209
337 213
337 221
337 260
337 262
337 270
337 271
337 273
337 277
337 285
337 290
337 294
337 324
337 326
337 334
337 335
337 341
337 354
337 388
337 390
337 395
337 396
337 398
337 399
337 401
337 405
337 406
337 413
337 418
337 420
337 422
337 438
337 452
337 454
337 460
337 462
337 463
337 465
337 477
337 482
337 486
337 516
337 518
337 526
337 527
337 529
337 530
337 541
337 546
337 580
337 582
337 590
337 591
337 593
337 644
337 646
337 652
337 654
337 655
337 657
337 669
337 674
337 708
337 710
337 718
337 719
337 721
337 733
337 738
337 772
337 773
337 774
337 782
337 783
337 785
337 789
337 797
337 832
337 836
337 838
337 843
337 844
337 845
337 846
337 847
337 849
337 850
337 853
337 854
337 861
337 862
337 866
337 868
337 870
337 896
337 900
337 902
337 910
337 911
337 913
337 917
337 918
337 925
337 928
337 930
337 932
337 934
337 964
337 966
337 974
337 975
337 977
337 989
337 1028
337 1030
337 1038
337 1039
337 1041
337 1053
337 1092
337 1094
337 1100
337 1102
337 1103
337 1105
337 1106
337 1109
337 1117
337 1122
337 1152
337 1156
337 1158
337 1159
337 1164
337 1166
337 1167
337 1169
337 1173
337 1174
337 1181
337 1220
337 1222
337 1230
337 1231
337 1233
337 1245
338 146
338 166
338 210
338 274
338 402
338 466
338 530
338 715
339 147
339 211
339 275
339 403
339 467
339 531
339 897
339 1202
340 124
340 148
340 212
340 276
340 404
340 468
340 532
341 4
341 6
341 7
341 11
341 14
341 15
341 17
341 29
341 30
341 34
341 38
341 68
341 70
341 71
341 74
341 75
341 76
341 77
341 78
341 79
341 81
341 85
341 86
341 93
341 96
341 98
341 100
341 102
341 132
341 134
341 135
341 142
341 143
341 145
341 149
341 158
341 162
341 196
341 198
341 199
341 204
341 206
341 207
341 209
341 213
341 221
341 226
341 260
341 262
341 265
341 267
341 270
341 271
341 273
341 277
341 285
341 290
341 294
341 324
341 326
341 334
341 335
341 337
341 342
341 349
341 354
341 388
341 390
341 395
341 396
341 398
341 399
341 401
341 405
341 406
341 413
341 418
341 420
341 421
341 422
341 438
341 439
341 452
341 454
341 460
341 462
341 463
341 465
341 466
341 469
341 477
341 482
341 486
341 516
341 518
341 526
341 527
341 529
341 530
341 533
341 540
341 541
341 546
341 580
341 582
341 588
341 590
341 591
341 593
341 605
341 610
341 644
341 646
341 652
341 654
341 655
341 657
341 669
341 674
341 708
341 710
341 718
341 719
341 721
341 733
341 738
341 772
341 773
341 774
341 782
341 783
341 785
341 789
341 797
341 802
341 832
341 836
341 838
341 843
341 844
341 845
341 846
341 847
341 849
341 850
341 853
341 854
341 861
341 862
341 866
341 868
341 870
341 896
341 900
341 902
341 911
341 913
341 917
341 918
341 925
341 928
341 930
341 932
341 934
341 949
341 964
341 965
341 966
341 974
341 975
341 977
341 989
341 1028
341 1030
341 1031
341 1038
341 1039
341 1041
341 1053
341 1088
341 1092
341 1093
341 1094
341 1100
341 1102
341 1103
341 1105
341 1106
341 1109
341 1110
341 1116
341 1117
341 1120
341 1122
341 1132
341 1152
341 1156
341 1158
341 1159
341 1164
341 1166
341 1167
341 1169
341 1173
341 1174
341 1180
341 1181
341 1220
341 1222
341 1230
341 1231
341 1233
341 1243
342 4
342 7
342 11
342 12
342 15
342 29
342 30
342 34
342 36
342 38
342 74
342 75
342 76
342 77
342 82
342 85
342 86
342 96
342 98
342 100
342 102
342 132
342 134
342 135
342 142
342 143
342 145
342 150
342 158
342 162
342 198
342 199
342 203
342 204
342 205
342 207
342 214
342 220
342 226
342 265
342 267
342 268
342 274
342 278
342 285
342 290
342 292
342 294
342 324
342 326
342 327
342 334
342 335
342 341
342 349
342 354
342 386
342 395
342 397
342 402
342 406
342 418
342 420
342 421
342 422
342 438
342 439
342 453
342 460
342 462
342 463
342 466
342 469
342 470
342 482
342 486
342 516
342 517
342 518
342 526
342 527
342 529
342 530
342 533
342 534
342 540
342 541
342 546
342 550
342 580
342 582
342 588
342 591
342 593
342 597
342 605
342 610
342 646
342 647
342 652
342 654
342 655
342 658
342 661
342 667
342 669
342 678
342 709
342 710
342 716
342 719
342 721
342 725
342 738
342 768
342 773
342 774
342 779
342 780
342 783
342 789
342 797
342 802
342 832
342 843
342 844
342 850
342 853
342 854
342 859
342 862
342 866
342 868
342 870
342 887
342 896
342 907
342 913
342 917
342 918
342 924
342 928
342 930
342 932
342 934
342 949
342 951
342 960
342 964
342 965
342 966
342 977
342 981
342 989
342 994
342 998
342 1028
342 1030
342 1031
342 1039
342 1041
342 1053
342 1058
342 1088
342 1093
342 1100
342 1106
342 1109
342 1110
342 1116
342 1120
342 1122
342 1126
342 1132
342 1152
342 1159
342 1163
342 1164
342 1167
342 1170
342 1173
342 1174
342 1180
342 1190
342 1216
342 1221
342 1248
342 1250
343 151
343 215
343 279
343 298
343 407
343 471
343 535
343 579
343 1059
344 152
344 216
344 280
344 408
344 472
344 536
345 153
345 217
345 281
345 409
345 473
345 537
345 808
345 1013
345 1060
346 154
346 183
346 218
346 282
346 410
346 474
346 509
346 538
347 155
347 219
347 283
347 411
347 475
347 539
347 547
347 1189
348 156
348 220
348 284
348 412
348 416
348 476
348 540
349 4
349 7
349 11
349 12
349 15
349 29
349 30
349 34
349 36
349 38
349 74
349 75
349 76
349 77
349 82
349 85
349 86
349 96
349 98
349 100
349 102
349 132
349 134
349 135
349 142
349 143
349 145
349 149
349 157
349 158
349 162
349 198
349 199
349 203
349 204
349 205
349 220
349 221
349 226
349 265
349 267
349 268
349 274
349 285
349 290
349 292
349 294
349 327
349 334
349 335
349 341
349 342
349 354
349 358
349 386
349 395
349 397
349 402
349 406
349 413
349 418
349 420
349 421
349 422
349 438
349 439
349 453
349 460
349 463
349 466
349 469
349 477
349 482
349 486
349 516
349 517
349 518
349 527
349 529
349 530
349 533
349 540
349 541
349 546
349 550
349 582
349 588
349 591
349 593
349 597
349 605
349 610
349 646
349 647
349 652
349 654
349 655
349 658
349 661
349 667
349 678
349 709
349 710
349 716
349 719
349 721
349 725
349 738
349 768
349 773
349 774
349 779
349 780
349 783
349 789
349 797
349 802
349 832
349 843
349 844
349 850
349 853
349 854
349 859
349 862
349 866
349 868
349 870
349 887
349 896
349 901
349 907
349 913
349 917
349 918
349 924
349 928
349 930
349 932
349 934
349 949
349 951
349 960
349 964
349 965
349 966
349 977
349 981
349 989
349 994
349 998
349 1028
349 1030
349 1031
349 1039
349 1041
349 1053
349 1058
349 1088
349 1093
349 1100
349 1106
349 1109
349 1110
349 1116
349 1120
349 1122
349 1126
349 1132
349 1152
349 1159
349 1163
349 1164
349 1167
349 1170
349 1173
349 1174
349 1180
349 1190
349 1216
349 1221
349 1248
349 1250
350 158
350 222
350 286
350 414
350 478
350 542
350 796
351 159
351 223
351 287
351 415
351 479
351 543
351 561
351 629
351 805
351 1239
352 155
352 160
352 224
352 288
352 416
352 480
352 544
353 119
353 161
353 225
353 289
353 417
353 481
353 545
354 4
354 6
354 7
354 11
354 12
354 14
354 15
354 17
354 29
354 30
354 34
354 36
354 38
354 74
354 75
354 76
354 77
354 82
354 85
354 86
354 96
354 98
354 100
354 102
354 132
354 134
354 135
354 142
354 143
354 145
354 158
354 162
354 198
354 199
354 203
354 204
354 207
354 209
354 213
354 220
354 221
354 226
354 262
354 265
354 267
354 268
354 271
354 273
354 274
354 277
354 285
354 290
354 292
354 294
354 324
354 326
354 327
354 334
354 335
354 337
354 341
354 342
354 349
354 395
354 396
354 397
354 399
354 405
354 406
354 413
354 418
354 420
354 421
354 422
354 438
354 439
354 452
354 453
354 454
354 460
354 462
354 463
354 465
354 466
354 469
354 477
354 482
354 486
354 516
354 517
354 518
354 526
354 527
354 529
354 530
354 533
354 540
354 541
354 546
354 550
354 580
354 582
354 588
354 591
354 593
354 597
354 605
354 610
354 646
354 647
354 652
354 654
354 655
354 657
354 658
354 661
354 667
354 669
354 674
354 678
354 708
354 709
354 710
354 716
354 718
354 719
354 721
354 733
354 738
354 768
354 772
354 773
354 774
354 779
354 780
354 783
354 785
354 789
354 797
354 802
354 832
354 843
354 844
354 845
354 849
354 850
354 853
354 854
354 859
354 862
354 866
354 868
354 870
354 896
354 902
354 907
354 913
354 917
354 918
354 925
354 928
354 930
354 932
354 934
354 949
354 951
354 960
354 964
354 965
354 966
354 975
354 977
354 989
354 994
354 998
354 1028
354 1030
354 1031
354 1039
354 1041
354 1053
354 1058
354 1088
354 1093
354 1100
354 1102
354 1103
354 1105
354 1106
354 1109
354 1110
354 1116
354 1120
354 1122
354 1126
354 1132
354 1152
354 1159
354 1163
354 1164
354 1167
354 1169
354 1173
354 1174
354 1180
354 1221
354 1243
354 1248
355 163
355 227
355 291
355 419
355 483
355 547
355 1091
356 22
356 64
356 101
356 164
356 210
356 214
356 219
356 228
356 278
356 292
356 293
356 391
356 420
356 484
356 548
356 583
356 594
356 704
356 726
356 834
356 837
356 908
356 914
356 926
356 1045
356 1062
356 1186
357 165
357 229
357 293
357 421
357 485
357 549
358 7
358 12
358 22
358 36
358 38
358 64
358 74
358 82
358 92
358 96
358 100
358 143
358 149
358 158
358 166
358 203
358 204
358 205
358 210
358 219
358 220
358 229
358 230
358 265
358 266
358 267
358 268
358 269
358 274
358 292
358 294
358 327
358 332
358 349
358 386
358 391
358 397
358 402
358 421
358 422
358 439
358 453
358 459
358 466
358 486
358 517
358 533
358 540
358 548
358 550
358 583
358 588
358 597
358 610
358 647
358 653
358 658
358 661
358 667
358 678
358 704
358 709
358 716
358 725
358 726
358 742
358 768
358 779
358 780
358 837
358 859
358 887
358 901
358 907
358 924
358 926
358 949
358 951
358 960
358 965
358 972
358 981
358 994
358 998
358 1031
358 1058
358 1088
358 1093
358 1110
358 1120
358 1126
358 1132
358 1162
358 1163
358 1170
358 1180
358 1186
358 1190
359 167
359 231
359 295
359 302
359 423
359 487
359 551
359 1016
359 1040
360 168
360 232
360 296
360 374
360 424
360 488
360 552
360 800
361 169
361 233
361 297
361 425
361 489
361 553
361 996
362 152
362 170
362 234
362 298
362 426
362 490
362 554
362 666
362 819
363 43
363 171
363 235
363 299
363 427
363 490
363 491
363 507
363 555
364 172
364 236
364 300
364 428
364 492
364 556
364 822
365 173
365 237
365 301
365 429
365 493
365 557
366 174
366 234
366 238
366 302
366 430
366 494
366 558
367 136
367 175
367 239
367 243
367 251
367 303
367 431
367 495
367 559
368 176
368 240
368 304
368 432
368 496
368 560
368 952
369 154
369 177
369 241
369 305
369 433
369 497
369 561
369 596
369 1075
370 47
370 178
370 242
370 306
370 434
370 498
370 562
370 701
370 1249
371 179
371 243
371 307
371 435
371 499
371 563
372 180
372 244
372 308
372 436
372 500
372 564
373 181
373 245
373 309
373 437
373 501
373 565
373 613
374 182
374 246
374 310
374 360
374 438
374 502
374 566
374 800
375 183
375 247
375 311
375 439
375 503
375 567
376 184
376 248
376 312
376 440
376 504
376 568
376 1251
377 185
377 249
377 313
377 441
377 505
377 528
377 569
377 1018
377 1027
378 186
378 248
378 250
378 314
378 442
378 506
378 570
379 122
379 187
379 251
379 315
379 443
379 507
379 571
380 188
380 252
380 316
380 444
380 508
380 572
380 736
381 189
381 253
381 317
381 445
381 509
381 573
381 720
382 190
382 254
382 318
382 446
382 510
382 574
383 191
383 255
383 319
383 447
383 511
383 575
384 2
384 192
384 256
384 320
384 448
384 512
384 576
385 193
385 257
385 321
385 449
385 513
385 577
385 754
386 7
386 11
386 12
386 22
386 36
386 38
386 64
386 74
386 82
386 92
386 96
386 100
386 143
386 149
386 158
386 194
386 203
386 204
386 205
386 210
386 219
386 220
386 226
386 229
386 258
386 265
386 266
386 267
386 268
386 269
386 274
386 292
386 322
386 327
386 332
386 342
386 349
386 358
386 391
386 397
386 402
386 421
386 439
386 450
386 453
386 459
386 466
386 469
386 514
386 517
386 530
386 533
386 540
386 548
386 550
386 578
386 583
386 588
386 597
386 605
386 610
386 647
386 653
386 658
386 661
386 667
386 678
386 704
386 709
386 716
386 725
386 726
386 742
386 768
386 779
386 780
386 802
386 837
386 859
386 887
386 901
386 907
386 924
386 926
386 949
386 951
386 960
386 965
386 972
386 981
386 994
386 998
386 1031
386 1058
386 1088
386 1093
386 1110
386 1116
386 1120
386 1126
386 1132
386 1162
386 1163
386 1170
386 1180
386 1186
386 1190
386 1216
386 1246
386 1248
386 1250
386 1254
387 195
387 259
387 323
387 451
387 515
387 579
387 696
388 4
388 6
388 14
388 15
388 17
388 30
388 34
388 68
388 70
388 71
388 76
388 78
388 79
388 81
388 85
388 93
388 98
388 102
388 132
388 145
388 196
388 199
388 206
388 207
388 209
388 213
388 221
388 260
388 262
388 270
388 271
388 273
388 277
388 285
388 290
388 294
388 324
388 326
388 334
388 335
388 337
388 341
388 390
388 396
388 398
388 399
388 401
388 405
388 406
388 413
388 418
388 438
388 452
388 454
388 462
388 463
388 465
388 477
388 516
388 518
388 526
388 529
388 541
388 580
388 582
388 590
388 593
388 644
388 646
388 654
388 657
388 669
388 674
388 708
388 718
388 721
388 733
388 738
388 772
388 782
388 785
388 797
388 832
388 836
388 838
388 845
388 846
388 847
388 849
388 853
388 861
388 862
388 866
388 868
388 870
388 900
388 902
388 910
388 911
388 913
388 917
388 925
388 934
388 964
388 966
388 974
388 975
388 989
388 1028
388 1030
388 1038
388 1092
388 1094
388 1100
388 1102
388 1103
388 1105
388 1109
388 1117
388 1152
388 1156
388 1158
388 1159
388 1166
388 1167
388 1169
388 1181
388 1220
388 1222
388 1230
388 1231
388 1233
388 1245
389 9
389 69
389 137
389 197
389 261
389 263
389 325
389 453
389 455
389 517
389 521
389 581
389 645
389 672
389 711
389 777
389 841
389 903
389 967
389 1029
389 1095
389 1157
389 1223
390 4
390 6
390 14
390 15
390 17
390 30
390 34
390 68
390 70
390 71
390 75
390 76
390 78
390 79
390 81
390 85
390 93
390 98
390 102
390 132
390 134
390 135
390 145
390 196
390 198
390 199
390 206
390 207
390 209
390 213
390 221
390 260
390 262
390 270
390 271
390 273
390 277
390 285
390 290
390 294
390 324
390 326
390 334
390 335
390 337
390 341
390 388
390 395
390 396
390 398
390 399
390 401
390 405
390 406
390 413
390 418
390 420
390 438
390 452
390 454
390 460
390 462
390 463
390 465
390 477
390 516
390 518
390 526
390 527
390 529
390 541
390 546
390 580
390 582
390 590
390 591
390 593
390 644
390 646
390 652
390 654
390 657
390 669
390 674
390 708
390 710
390 718
390 719
390 721
390 733
390 738
390 772
390 774
390 782
390 783
390 785
390 789
390 797
390 832
390 836
390 838
390 843
390 844
390 845
390 846
390 847
390 849
390 850
390 853
390 861
390 862
390 866
390 868
390 870
390 896
390 900
390 902
390 910
390 911
390 913
390 917
390 918
390 925
390 928
390 930
390 932
390 934
390 964
390 966
390 974
390 975
390 977
390 989
390 1028
390 1030
390 1038
390 1041
390 1092
390 1094
390 1100
390 1102
390 1103
390 1105
390 1109
390 1117
390 1152
390 1156
390 1158
390 1159
390 1164
390 1166
390 1167
390 1169
390 1173
390 1174
390 1181
390 1220
390 1221
390 1222
390 1230
390 1231
390 1233
390 1243
390 1245
391 12
391 22
391 36
391 64
391 92
391 149
391 199
391 203
391 205
391 210
391 219
391 229
391 263
391 266
391 269
391 274
391 292
391 327
391 332
391 356
391 358
391 386
391 397
391 402
391 455
391 459
391 519
391 548
391 583
391 653
391 661
391 678
391 704
391 709
391 725
391 726
391 742
391 780
391 837
391 887
391 901
391 908
391 914
391 924
391 926
391 972
391 981
391 994
391 1058
391 1062
391 1162
391 1163
391 1170
391 1186
391 1190
391 1246
391 1254
392 200
392 264
392 328
392 456
392 520
392 584
393 201
393 265
393 329
393 457
393 521
393 585
394 202
394 224
394 266
394 330
394 458
394 522
394 586
395 4
395 6
395 7
395 11
395 14
395 15
395 17
395 29
395 30
395 34
395 38
395 68
395 74
395 75
395 76
395 77
395 78
395 79
395 81
395 82
395 85
395 86
395 93
395 96
395 98
395 100
395 102
395 132
395 134
395 135
395 142
395 143
395 145
395 158
395 162
395 196
395 198
395 199
395 203
395 204
395 206
395 207
395 209
395 213
395 220
395 221
395 226
395 260
395 262
395 265
395 267
395 268
395 270
395 271
395 273
395 277
395 285
395 290
395 294
395 324
395 326
395 327
395 331
395 334
395 335
395 337
395 341
395 342
395 349
395 354
395 390
395 396
395 399
395 401
395 405
395 406
395 413
395 418
395 420
395 421
395 422
395 438
395 439
395 452
395 453
395 454
395 459
395 460
395 462
395 463
395 465
395 466
395 469
395 477
395 482
395 486
395 516
395 517
395 518
395 523
395 526
395 527
395 529
395 530
395 533
395 540
395 541
395 546
395 550
395 580
395 582
395 587
395 588
395 590
395 591
395 593
395 597
395 605
395 610
395 644
395 646
395 647
395 652
395 654
395 655
395 657
395 658
395 667
395 669
395 674
395 708
395 710
395 716
395 718
395 719
395 721
395 733
395 738
395 768
395 772
395 773
395 774
395 779
395 783
395 785
395 789
395 797
395 802
395 832
395 836
395 838
395 843
395 844
395 845
395 847
395 849
395 850
395 853
395 854
395 859
395 861
395 862
395 866
395 868
395 870
395 896
395 900
395 902
395 907
395 913
395 917
395 918
395 925
395 928
395 930
395 932
395 934
395 949
395 951
395 960
395 964
395 965
395 966
395 975
395 977
395 989
395 998
395 1028
395 1030
395 1031
395 1038
395 1039
395 1041
395 1053
395 1088
395 1092
395 1093
395 1094
395 1100
395 1102
395 1103
395 1105
395 1106
395 1109
395 1110
395 1116
395 1117
395 1120
395 1122
395 1126
395 1132
395 1152
395 1156
395 1158
395 1159
395 1164
395 1167
395 1169
395 1173
395 1174
395 1180
395 1181
395 1216
395 1220
395 1221
395 1222
395 1230
395 1231
395 1233
395 1243
395 1245
395 1248
395 1250
396 4
396 6
396 14
396 15
396 17
396 29
396 30
396 34
396 68
396 70
396 71
396 75
396 76
396 77
396 78
396 79
396 81
396 85
396 86
396 93
396 98
396 102
396 132
396 134
396 135
396 145
396 162
396 196
396 198
396 199
396 204
396 206
396 207
396 209
396 213
396 221
396 260
396 262
396 268
396 270
396 271
396 273
396 277
396 285
396 290
396 294
396 324
396 326
396 332
396 334
396 335
396 337
396 341
396 354
396 388
396 390
396 395
396 398
396 399
396 401
396 405
396 406
396 413
396 418
396 420
396 422
396 438
396 452
396 454
396 460
396 462
396 463
396 465
396 477
396 482
396 486
396 516
396 518
396 524
396 526
396 527
396 529
396 541
396 546
396 580
396 582
396 588
396 590
396 591
396 593
396 644
396 646
396 652
396 654
396 655
396 657
396 669
396 674
396 708
396 710
396 718
396 719
396 721
396 733
396 738
396 772
396 773
396 774
396 782
396 783
396 785
396 789
396 797
396 832
396 836
396 838
396 843
396 844
396 845
396 846
396 847
396 849
396 850
396 853
396 854
396 861
396 862
396 866
396 868
396 870
396 896
396 900
396 902
396 910
396 911
396 913
396 917
396 918
396 925
396 928
396 930
396 932
396 934
396 964
396 966
396 974
396 975
396 977
396 989
396 1028
396 1030
396 1038
396 1039
396 1041
396 1053
396 1092
396 1094
396 1100
396 1102
396 1103
396 1105
396 1106
396 1109
396 1117
396 1122
396 1152
396 1156
396 1158
396 1159
396 1164
396 1166
396 1167
396 1169
396 1173
396 1174
396 1181
396 1220
396 1221
396 1222
396 1230
396 1231
396 1233
396 1243
396 1245
397 7
397 11
397 12
397 29
397 36
397 38
397 74
397 77
397 82
397 86
397 92
397 96
397 100
397 135
397 142
397 143
397 149
397 158
397 162
397 198
397 203
397 204
397 205
397 219
397 220
397 226
397 229
397 265
397 266
397 267
397 268
397 269
397 274
397 292
397 327
397 332
397 333
397 342
397 349
397 354
397 358
397 386
397 391
397 402
397 420
397 421
397 422
397 439
397 453
397 459
397 460
397 461
397 466
397 469
397 482
397 486
397 517
397 525
397 530
397 533
397 540
397 548
397 550
397 583
397 588
397 589
397 591
397 597
397 605
397 610
397 647
397 653
397 655
397 658
397 661
397 667
397 678
397 704
397 709
397 710
397 716
397 719
397 725
397 726
397 742
397 768
397 773
397 779
397 780
397 789
397 802
397 837
397 843
397 850
397 854
397 859
397 887
397 896
397 901
397 907
397 918
397 924
397 932
397 949
397 951
397 960
397 965
397 972
397 977
397 981
397 994
397 998
397 1031
397 1039
397 1053
397 1058
397 1088
397 1093
397 1106
397 1110
397 1116
397 1120
397 1122
397 1126
397 1132
397 1162
397 1163
397 1170
397 1173
397 1174
397 1180
397 1186
397 1190
397 1216
397 1221
397 1246
397 1248
397 1250
397 1254
398 4
398 6
398 14
398 15
398 17
398 30
398 68
398 70
398 71
398 76
398 78
398 79
398 81
398 85
398 93
398 98
398 102
398 145
398 196
398 199
398 206
398 207
398 209
398 213
398 221
398 260
398 262
398 270
398 271
398 273
398 277
398 290
398 324
398 326
398 334
398 335
398 337
398 341
398 388
398 390
398 396
398 399
398 401
398 405
398 413
398 418
398 438
398 452
398 454
398 462
398 463
398 465
398 477
398 516
398 518
398 526
398 529
398 541
398 580
398 582
398 590
398 593
398 644
398 646
398 654
398 657
398 669
398 674
398 708
398 718
398 721
398 733
398 738
398 772
398 782
398 785
398 797
398 832
398 836
398 838
398 845
398 846
398 847
398 849
398 853
398 861
398 862
398 866
398 900
398 902
398 910
398 911
398 913
398 917
398 925
398 964
398 966
398 974
398 975
398 989
398 1028
398 1030
398 1038
398 1092
398 1094
398 1100
398 1102
398 1103
398 1105
398 1117
398 1152
398 1156
398 1158
398 1159
398 1166
398 1167
398 1169
398 1181
398 1220
398 1222
398 1230
398 1231
398 1233
398 1245
399 4
399 6
399 14
399 15
399 17
399 29
399 30
399 34
399 68
399 70
399 71
399 75
399 76
399 77
399 78
399 79
399 81
399 85
399 86
399 93
399 98
399 102
399 132
399 134
399 135
399 145
399 162
399 196
399 198
399 199
399 206
399 207
399 209
399 213
399 221
399 260
399 262
399 270
399 271
399 273
399 277
399 285
399 290
399 294
399 324
399 326
399 334
399 335
399 337
399 341
399 354
399 388
399 390
399 395
399 396
399 398
399 401
399 405
399 406
399 413
399 418
399 420
399 422
399 438
399 452
399 454
399 460
399 462
399 463
399 465
399 477
399 482
399 486
399 516
399 518
399 526
399 527
399 529
399 541
399 546
399 580
399 582
399 590
399 591
399 593
399 644
399 646
399 652
399 654
399 657
399 669
399 674
399 708
399 710
399 718
399 719
399 721
399 733
399 738
399 772
399 774
399 782
399 783
399 785
399 789
399 797
399 832
399 836
399 838
399 843
399 844
399 845
399 846
399 847
399 849
399 850
399 853
399 861
399 862
399 866
399 868
399 870
399 896
399 900
399 902
399 910
399 911
399 913
399 917
399 918
399 925
399 928
399 930
399 932
399 934
399 964
399 966
399 974
399 975
399 977
399 989
399 1028
399 1030
399 1038
399 1039
399 1041
399 1053
399 1092
399 1094
399 1100
399 1102
399 1103
399 1105
399 1106
399 1109
399 1117
399 1122
399 1152
399 1156
399 1158
399 1159
399 1164
399 1166
399 1167
399 1169
399 1173
399 1174
399 1181
399 1220
399 1221
399 1222
399 1230
399 1231
399 1233
399 1243
399 1245
400 23
400 208
400 272
400 336
400 464
400 528
400 592
400 828
401 4
401 6
401 14
401 15
401 17
401 30
401 34
401 68
401 70
401 71
401 75
401 76
401 78
401 79
401 81
401 85
401 93
401 98
401 102
401 132
401 134
401 145
401 196
401 198
401 199
401 206
401 207
401 209
401 213
401 221
401 260
401 262
401 270
401 271
401 273
401 277
401 285
401 290
401 294
401 324
401 326
401 334
401 335
401 337
401 341
401 388
401 390
401 395
401 396
401 398
401 399
401 405
401 406
401 413
401 418
401 420
401 438
401 452
401 454
401 462
401 463
401 465
401 477
401 516
401 518
401 526
401 527
401 529
401 541
401 546
401 580
401 582
401 590
401 591
401 593
401 644
401 646
401 652
401 654
401 657
401 669
401 674
401 708
401 710
401 718
401 721
401 733
401 738
401 772
401 774
401 782
401 783
401 785
401 797
401 832
401 836
401 838
401 844
401 845
401 846
401 847
401 849
401 853
401 861
401 862
401 866
401 868
401 870
401 900
401 902
401 910
401 911
401 913
401 917
401 918
401 925
401 928
401 930
401 934
401 964
401 966
401 974
401 975
401 989
401 1028
401 1030
401 1038
401 1041
401 1092
401 1094
401 1100
401 1102
401 1103
401 1105
401 1109
401 1117
401 1152
401 1156
401 1158
401 1159
401 1164
401 1166
401 1167
401 1169
401 1181
401 1220
401 1222
401 1230
401 1231
401 1233
401 1243
401 1245
402 7
402 11
402 12
402 22
402 36
402 38
402 64
402 74
402 82
402 92
402 96
402 100
402 142
402 143
402 149
402 158
402 203
402 204
402 205
402 210
402 219
402 220
402 226
402 229
402 265
402 266
402 267
402 268
402 269
402 274
402 292
402 327
402 332
402 338
402 342
402 349
402 358
402 386
402 391
402 397
402 421
402 439
402 453
402 459
402 466
402 469
402 517
402 530
402 533
402 540
402 548
402 550
402 583
402 588
402 594
402 597
402 605
402 610
402 647
402 653
402 658
402 661
402 667
402 678
402 704
402 709
402 716
402 725
402 726
402 742
402 768
402 779
402 780
402 802
402 837
402 859
402 887
402 901
402 907
402 924
402 926
402 949
402 951
402 960
402 965
402 972
402 981
402 994
402 998
402 1031
402 1058
402 1088
402 1093
402 1110
402 1116
402 1120
402 1126
402 1132
402 1162
402 1163
402 1170
402 1180
402 1186
402 1190
402 1216
402 1246
402 1248
402 1250
402 1254
403 211
403 275
403 339
403 428
403 467
403 531
403 595
404 212
404 276
404 340
404 429
404 468
404 532
404 596
405 4
405 6
405 11
405 14
405 15
405 17
405 29
405 30
405 34
405 68
405 70
405 71
405 75
405 76
405 77
405 78
405 79
405 81
405 85
405 86
405 93
405 98
405 102
405 132
405 134
405 135
405 142
405 145
405 162
405 196
405 198
405 199
405 206
405 207
405 209
405 213
405 221
405 260
405 262
405 270
405 271
405 273
405 277
405 285
405 290
405 294
405 324
405 326
405 334
405 335
405 337
405 341
405 354
405 388
405 390
405 395
405 396
405 398
405 399
405 401
405 406
405 413
405 418
405 420
405 422
405 438
405 452
405 454
405 460
405 462
405 463
405 465
405 469
405 477
405 482
405 486
405 516
405 518
405 526
405 527
405 529
405 530
405 533
405 541
405 546
405 580
405 582
405 590
405 591
405 593
405 597
405 605
405 644
405 646
405 652
405 654
405 655
405 657
405 669
405 674
405 708
405 710
405 718
405 719
405 721
405 733
405 738
405 772
405 773
405 774
405 782
405 783
405 785
405 789
405 797
405 832
405 836
405 838
405 843
405 844
405 845
405 846
405 847
405 849
405 850
405 853
405 854
405 861
405 862
405 866
405 868
405 870
405 896
405 900
405 902
405 910
405 911
405 913
405 917
405 918
405 925
405 928
405 930
405 932
405 934
405 964
405 966
405 974
405 975
405 977
405 989
405 1028
405 1030
405 1038
405 1039
405 1041
405 1053
405 1092
405 1094
405 1100
405 1102
405 1103
405 1105
405 1106
405 1109
405 1117
405 1122
405 1152
405 1156
405 1158
405 1159
405 1164
405 1166
405 1167
405 1169
405 1173
405 1174
405 1181
405 1220
405 1221
405 1222
405 1230
405 1231
405 1233
405 1243
405 1245
406 4
406 6
406 7
406 11
406 14
406 15
406 17
406 29
406 30
406 34
406 38
406 68
406 70
406 74
406 75
406 76
406 77
406 78
406 79
406 81
406 82
406 85
406 86
406 93
406 96
406 98
406 100
406 102
406 132
406 134
406 135
406 142
406 143
406 145
406 158
406 162
406 196
406 198
406 199
406 204
406 206
406 207
406 209
406 213
406 214
406 221
406 226
406 260
406 262
406 265
406 267
406 268
406 270
406 271
406 273
406 277
406 278
406 285
406 290
406 294
406 324
406 326
406 327
406 334
406 335
406 337
406 341
406 342
406 349
406 354
406 388
406 390
406 395
406 396
406 399
406 401
406 405
406 413
406 418
406 420
406 421
406 422
406 438
406 439
406 452
406 453
406 454
406 460
406 462
406 463
406 465
406 466
406 469
406 470
406 477
406 482
406 486
406 516
406 518
406 526
406 527
406 529
406 530
406 533
406 534
406 540
406 541
406 546
406 550
406 580
406 582
406 588
406 590
406 591
406 593
406 597
406 598
406 605
406 610
406 644
406 646
406 652
406 654
406 655
406 657
406 667
406 669
406 674
406 708
406 710
406 716
406 718
406 719
406 721
406 733
406 738
406 768
406 772
406 773
406 774
406 779
406 782
406 783
406 785
406 789
406 797
406 802
406 832
406 836
406 838
406 843
406 844
406 845
406 847
406 849
406 850
406 853
406 854
406 859
406 861
406 862
406 866
406 868
406 870
406 896
406 900
406 902
406 907
406 911
406 913
406 917
406 918
406 925
406 928
406 930
406 932
406 934
406 949
406 964
406 965
406 966
406 974
406 975
406 977
406 989
406 1028
406 1030
406 1031
406 1038
406 1039
406 1041
406 1053
406 1088
406 1092
406 1093
406 1094
406 1100
406 1102
406 1103
406 1105
406 1106
406 1109
406 1110
406 1116
406 1117
406 1120
406 1122
406 1126
406 1132
406 1152
406 1156
406 1158
406 1159
406 1164
406 1166
406 1167
406 1169
406 1173
406 1174
406 1180
406 1181
406 1216
406 1220
406 1221
406 1222
406 1230
406 1231
406 1233
406 1243
406 1245
406 1248
406 1250
407 215
407 279
407 343
407 471
407 535
407 599
407 1175
408 31
408 216
408 280
408 344
408 472
408 536
408 600
408 730
409 217
409 281
409 345
409 473
409 537
409 601
410 32
410 218
410 282
410 346
410 474
410 538
410 602
410 937
411 219
411 283
411 347
411 475
411 539
411 603
412 220
412 284
412 348
412 476
412 540
412 604
413 4
413 6
413 11
413 14
413 15
413 17
413 29
413 30
413 34
413 68
413 70
413 71
413 75
413 76
413 77
413 78
413 79
413 81
413 85
413 86
413 93
413 98
413 102
413 132
413 134
413 135
413 142
413 145
413 162
413 196
413 198
413 199
413 206
413 207
413 209
413 213
413 221
413 260
413 262
413 270
413 271
413 273
413 277
413 285
413 290
413 294
413 324
413 326
413 334
413 335
413 337
413 341
413 349
413 354
413 388
413 390
413 395
413 396
413 398
413 399
413 401
413 405
413 406
413 418
413 420
413 422
413 438
413 452
413 454
413 460
413 462
413 463
413 465
413 477
413 482
413 486
413 516
413 518
413 526
413 527
413 529
413 530
413 541
413 546
413 580
413 582
413 590
413 591
413 593
413 605
413 644
413 646
413 652
413 654
413 655
413 657
413 669
413 674
413 708
413 710
413 718
413 719
413 721
413 733
413 738
413 772
413 773
413 774
413 782
413 783
413 785
413 789
413 797
413 832
413 836
413 838
413 843
413 844
413 845
413 846
413 847
413 849
413 850
413 853
413 854
413 861
413 862
413 866
413 868
413 870
413 896
413 900
413 902
413 910
413 911
413 913
413 917
413 918
413 925
413 928
413 930
413 932
413 934
413 964
413 966
413 974
413 975
413 977
413 989
413 1028
413 1030
413 1038
413 1039
413 1041
413 1053
413 1092
413 1094
413 1100
413 1102
413 1103
413 1105
413 1106
413 1109
413 1117
413 1122
413 1152
413 1156
413 1158
413 1159
413 1164
413 1166
413 1167
413 1169
413 1173
413 1174
413 1181
413 1220
413 1221
413 1222
413 1230
413 1231
413 1233
413 1243
413 1245
414 222
414 286
414 350
414 470
414 478
414 542
414 606
415 223
415 287
415 351
415 478
415 479
415 543
415 607
415 608
415 662
416 224
416 288
416 348
416 352
416 480
416 544
416 608
417 225
417 289
417 353
417 481
417 545
417 609
417 833
418 4
418 6
418 7
418 11
418 14
418 15
418 17
418 29
418 30
418 34
418 38
418 68
418 70
418 71
418 74
418 75
418 76
418 77
418 78
418 79
418 81
418 85
418 86
418 93
418 96
418 98
418 100
418 102
418 132
418 134
418 135
418 142
418 143
418 145
418 158
418 162
418 196
418 198
418 199
418 204
418 206
418 207
418 209
418 213
418 221
418 226
418 260
418 262
418 265
418 267
418 270
418 271
418 273
418 277
418 285
418 290
418 294
418 324
418 326
418 334
418 335
418 337
418 341
418 342
418 349
418 354
418 388
418 390
418 395
418 396
418 398
418 399
418 401
418 405
418 406
418 413
418 420
418 421
418 422
418 438
418 439
418 452
418 453
418 454
418 460
418 462
418 463
418 465
418 466
418 469
418 477
418 482
418 486
418 516
418 518
418 526
418 527
418 529
418 530
418 533
418 540
418 541
418 546
418 580
418 582
418 588
418 590
418 591
418 593
418 605
418 610
418 644
418 646
418 652
418 654
418 655
418 657
418 667
418 669
418 674
418 708
418 710
418 716
418 718
418 719
418 721
418 733
418 738
418 768
418 772
418 773
418 774
418 782
418 783
418 785
418 789
418 797
418 802
418 832
418 836
418 838
418 843
418 844
418 845
418 847
418 849
418 850
418 853
418 854
418 861
418 862
418 866
418 868
418 870
418 896
418 900
418 902
418 911
418 913
418 917
418 918
418 925
418 928
418 930
418 932
418 934
418 949
418 964
418 965
418 966
418 974
418 975
418 977
418 989
418 1028
418 1030
418 1031
418 1038
418 1039
418 1041
418 1053
418 1088
418 1092
418 1093
418 1094
418 1100
418 1102
418 1103
418 1105
418 1106
418 1109
418 1110
418 1116
418 1117
418 1120
418 1122
418 1126
418 1132
418 1152
418 1156
418 1158
418 1159
418 1164
418 1166
418 1167
418 1169
418 1173
418 1174
418 1180
418 1181
418 1220
418 1221
418 1222
418 1230
418 1231
418 1233
418 1243
418 1245
418 1248
419 5
419 227
419 291
419 355
419 483
419 547
419 611
419 1268
420 4
420 6
420 7
420 11
420 14
420 15
420 17
420 29
420 30
420 34
420 38
420 68
420 74
420 75
420 76
420 77
420 81
420 82
420 85
420 86
420 96
420 98
420 100
420 102
420 132
420 134
420 135
420 142
420 143
420 145
420 158
420 162
420 196
420 198
420 199
420 204
420 206
420 207
420 209
420 213
420 220
420 221
420 226
420 228
420 260
420 262
420 265
420 267
420 268
420 270
420 271
420 273
420 274
420 277
420 285
420 290
420 292
420 294
420 324
420 326
420 327
420 334
420 335
420 337
420 341
420 342
420 349
420 354
420 356
420 390
420 395
420 396
420 397
420 399
420 401
420 405
420 406
420 413
420 418
420 421
420 422
420 438
420 439
420 452
420 453
420 454
420 460
420 462
420 463
420 465
420 466
420 469
420 477
420 482
420 484
420 486
420 516
420 517
420 518
420 526
420 527
420 529
420 530
420 533
420 540
420 541
420 546
420 548
420 550
420 580
420 582
420 588
420 591
420 593
420 597
420 605
420 610
420 612
420 644
420 646
420 647
420 652
420 654
420 655
420 657
420 658
420 661
420 667
420 669
420 674
420 678
420 708
420 709
420 710
420 716
420 718
420 719
420 721
420 733
420 738
420 768
420 772
420 773
420 774
420 779
420 783
420 785
420 789
420 797
420 802
420 832
420 836
420 838
420 843
420 844
420 845
420 847
420 849
420 850
420 853
420 854
420 859
420 861
420 862
420 866
420 868
420 870
420 896
420 900
420 902
420 907
420 913
420 917
420 918
420 925
420 928
420 930
420 932
420 934
420 949
420 951
420 960
420 964
420 965
420 966
420 975
420 977
420 989
420 998
420 1028
420 1030
420 1031
420 1039
420 1041
420 1053
420 1058
420 1088
420 1092
420 1093
420 1100
420 1102
420 1103
420 1105
420 1106
420 1109
420 1110
420 1116
420 1117
420 1120
420 1122
420 1126
420 1132
420 1152
420 1156
420 1158
420 1159
420 1164
420 1167
420 1169
420 1173
420 1174
420 1180
420 1181
420 1216
420 1220
420 1221
420 1222
420 1230
420 1231
420 1233
420 1243
420 1245
420 1248
420 1250
420 1254
421 4
421 7
421 11
421 12
421 15
421 29
421 30
421 34
421 36
421 38
421 74
421 75
421 76
421 77
421 82
421 85
421 86
421 96
421 98
421 100
421 102
421 132
421 134
421 135
421 142
421 143
421 145
421 149
421 158
421 162
421 198
421 199
421 203
421 204
421 205
421 220
421 226
421 229
421 265
421 267
421 268
421 274
421 285
421 290
421 292
421 293
421 294
421 327
421 334
421 335
421 341
421 342
421 349
421 354
421 357
421 358
421 386
421 395
421 397
421 402
421 406
421 418
421 420
421 422
421 438
421 439
421 453
421 459
421 460
421 463
421 466
421 469
421 482
421 485
421 486
421 517
421 527
421 529
421 530
421 533
421 540
421 541
421 546
421 548
421 549
421 550
421 582
421 588
421 591
421 593
421 597
421 605
421 610
421 613
421 646
421 647
421 652
421 654
421 655
421 658
421 661
421 667
421 678
421 709
421 710
421 716
421 719
421 721
421 725
421 738
421 768
421 773
421 774
421 779
421 780
421 783
421 789
421 797
421 802
421 832
421 843
421 844
421 850
421 854
421 859
421 862
421 866
421 868
421 870
421 887
421 896
421 901
421 907
421 913
421 917
421 918
421 924
421 928
421 930
421 932
421 934
421 949
421 951
421 960
421 964
421 965
421 966
421 977
421 981
421 989
421 994
421 998
421 1028
421 1030
421 1031
421 1039
421 1041
421 1053
421 1058
421 1088
421 1093
421 1100
421 1106
421 1109
421 1110
421 1116
421 1120
421 1122
421 1126
421 1132
421 1152
421 1159
421 1163
421 1164
421 1167
421 1170
421 1173
421 1174
421 1180
421 1190
421 1216
421 1220
421 1221
421 1222
421 1230
421 1231
421 1233
421 1243
421 1248
421 1250
421 1254
422 4
422 7
422 11
422 12
422 14
422 15
422 17
422 29
422 30
422 34
422 36
422 38
422 74
422 75
422 76
422 77
422 82
422 85
422 86
422 96
422 98
422 100
422 102
422 132
422 134
422 135
422 142
422 143
422 145
422 158
422 162
422 198
422 199
422 203
422 204
422 207
422 209
422 213
422 220
422 221
422 226
422 230
422 262
422 265
422 267
422 268
422 271
422 273
422 274
422 277
422 285
422 290
422 292
422 294
422 324
422 326
422 327
422 334
422 335
422 337
422 341
422 342
422 349
422 354
422 358
422 395
422 396
422 397
422 399
422 405
422 406
422 413
422 418
422 420
422 421
422 438
422 439
422 452
422 453
422 454
422 460
422 462
422 463
422 465
422 466
422 469
422 482
422 486
422 516
422 517
422 518
422 526
422 527
422 529
422 530
422 533
422 540
422 541
422 546
422 550
422 580
422 582
422 588
422 591
422 593
422 597
422 605
422 610
422 614
422 646
422 647
422 652
422 654
422 655
422 657
422 658
422 661
422 667
422 669
422 674
422 678
422 708
422 709
422 710
422 716
422 718
422 719
422 721
422 733
422 738
422 768
422 772
422 773
422 774
422 779
422 780
422 783
422 785
422 789
422 797
422 802
422 832
422 843
422 844
422 845
422 849
422 850
422 853
422 854
422 859
422 862
422 866
422 868
422 870
422 896
422 902
422 907
422 913
422 917
422 918
422 925
422 928
422 930
422 932
422 934
422 949
422 951
422 960
422 964
422 965
422 966
422 975
422 977
422 989
422 994
422 998
422 1028
422 1030
422 1031
422 1039
422 1041
422 1053
422 1058
422 1088
422 1093
422 1100
422 1102
422 1103
422 1106
422 1109
422 1110
422 1116
422 1120
422 1122
422 1126
422 1132
422 1152
422 1159
422 1163
422 1164
422 1167
422 1169
422 1173
422 1174
422 1180
422 1216
422 1220
422 1221
422 1222
422 1230
422 1231
422 1233
422 1243
422 1248
422 1250
422 1254
423 231
423 295
423 359
423 487
423 551
423 615
424 232
424 296
424 360
424 488
424 552
424 616
425 233
425 297
425 361
425 489
425 539
425 553
425 617
425 1232
425 1241
426 88
426 234
426 295
426 298
426 362
426 490
426 554
426 618
426 690
426 743
427 235
427 299
427 363
427 491
427 555
427 619
427 880
428 236
428 300
428 364
428 403
428 492
428 556
428 620
429 237
429 301
429 365
429 404
429 493
429 557
429 621
430 238
430 302
430 366
430 494
430 558
430 622
431 239
431 303
431 367
431 495
431 559
431 562
431 584
431 623
432 240
432 304
432 368
432 496
432 560
432 624
433 126
433 241
433 305
433 369
433 497
433 561
433 617
433 625
433 899
433 976
434 242
434 306
434 370
434 436
434 498
434 562
434 626
434 1160
435 243
435 307
435 371
435 499
435 563
435 627
435 1007
436 244
436 308
436 372
436 434
436 500
436 564
436 628
436 1160
437 245
437 309
437 373
437 501
437 565
437 629
437 787
438 4
438 6
438 7
438 11
438 14
438 15
438 17
438 29
438 30
438 34
438 38
438 68
438 70
438 71
438 74
438 75
438 76
438 77
438 78
438 79
438 81
438 82
438 85
438 86
438 93
438 96
438 98
438 100
438 102
438 132
438 134
438 135
438 142
438 143
438 145
438 158
438 162
438 196
438 198
438 199
438 204
438 206
438 207
438 209
438 213
438 221
438 226
438 246
438 260
438 262
438 265
438 267
438 270
438 271
438 273
438 277
438 285
438 290
438 294
438 310
438 324
438 326
438 334
438 335
438 337
438 341
438 342
438 349
438 354
438 374
438 388
438 390
438 395
438 396
438 398
438 399
438 401
438 405
438 406
438 413
438 418
438 420
438 421
438 422
438 439
438 452
438 453
438 454
438 460
438 462
438 463
438 465
438 466
438 469
438 477
438 482
438 486
438 502
438 516
438 518
438 526
438 527
438 529
438 530
438 533
438 540
438 541
438 546
438 550
438 566
438 580
438 582
438 588
438 590
438 591
438 593
438 597
438 605
438 610
438 630
438 644
438 646
438 652
438 654
438 655
438 657
438 667
438 669
438 674
438 708
438 710
438 716
438 718
438 719
438 721
438 733
438 738
438 768
438 772
438 773
438 774
438 779
438 782
438 783
438 785
438 789
438 797
438 802
438 832
438 836
438 838
438 843
438 844
438 845
438 847
438 849
438 850
438 853
438 854
438 861
438 862
438 866
438 868
438 870
438 896
438 900
438 902
438 907
438 911
438 913
438 917
438 918
438 925
438 928
438 930
438 932
438 934
438 949
438 964
438 965
438 966
438 974
438 975
438 977
438 989
438 1028
438 1030
438 1031
438 1038
438 1039
438 1041
438 1053
438 1088
438 1092
438 1093
438 1094
438 1100
438 1102
438 1103
438 1105
438 1106
438 1109
438 1110
438 1116
438 1117
438 1120
438 1122
438 1126
438 1132
438 1152
438 1156
438 1158
438 1159
438 1164
438 1166
438 1167
438 1169
438 1173
438 1174
438 1180
438 1181
438 1220
438 1221
438 1222
438 1230
438 1231
438 1233
438 1243
438 1245
438 1248
438 1250
439 4
439 7
439 11
439 12
439 15
439 29
439 34
439 36
439 38
439 74
439 75
439 76
439 77
439 82
439 86
439 92
439 96
439 98
439 100
439 102
439 132
439 134
439 135
439 142
439 143
439 149
439 158
439 162
439 198
439 203
439 204
439 205
439 220
439 226
439 229
439 247
439 265
439 267
439 268
439 274
439 285
439 292
439 294
439 311
439 327
439 335
439 341
439 342
439 349
439 354
439 358
439 375
439 386
439 395
439 397
439 402
439 406
439 418
439 420
439 421
439 422
439 438
439 453
439 459
439 460
439 463
439 466
439 469
439 482
439 486
439 503
439 517
439 527
439 530
439 533
439 540
439 546
439 548
439 550
439 567
439 582
439 588
439 591
439 593
439 597
439 605
439 610
439 631
439 646
439 647
439 652
439 654
439 655
439 658
439 661
439 667
439 678
439 709
439 710
439 716
439 719
439 721
439 725
439 738
439 742
439 768
439 773
439 774
439 779
439 780
439 783
439 789
439 797
439 802
439 832
439 843
439 844
439 850
439 854
439 859
439 862
439 866
439 868
439 870
439 887
439 896
439 901
439 907
439 917
439 918
439 924
439 928
439 930
439 932
439 934
439 949
439 951
439 960
439 964
439 965
439 966
439 972
439 977
439 981
439 989
439 994
439 998
439 1028
439 1031
439 1039
439 1041
439 1053
439 1058
439 1088
439 1093
439 1106
439 1109
439 1110
439 1116
439 1120
439 1122
439 1126
439 1132
439 1152
439 1159
439 1163
439 1164
439 1167
439 1170
439 1173
439 1174
439 1180
439 1190
439 1216
439 1220
439 1221
439 1222
439 1230
439 1243
439 1248
439 1250
439 1254
440 248
440 312
440 376
440 504
440 568
440 632
441 249
441 313
441 377
441 505
441 569
441 633
441 756
442 249
442 250
442 314
442 378
442 506
442 570
442 634
442 1021
443 251
443 315
443 379
443 507
443 571
443 635
443 750
444 127
444 148
444 252
444 316
444 380
444 508
444 572
444 636
445 253
445 317
445 381
445 509
445 573
445 637
446 254
446 318
446 382
446 491
446 510
446 574
446 638
446 1140
447 52
447 255
447 319
447 383
447 511
447 515
447 575
447 639
448 211
448 256
448 320
448 384
448 512
448 576
448 640
448 1229
449 178
449 250
449 257
449 307
449 321
449 385
449 472
449 513
449 577
449 641
449 1146
450 258
450 322
450 386
450 479
450 514
450 578
450 642
451 259
451 323
451 387
451 499
451 515
451 579
451 643
452 4
452 6
452 14
452 15
452 17
452 29
452 30
452 34
452 68
452 70
452 71
452 75
452 76
452 77
452 78
452 79
452 81
452 85
452 86
452 93
452 98
452 102
452 132
452 134
452 135
452 142
452 145
452 162
452 196
452 198
452 199
452 206
452 207
452 209
452 213
452 221
452 260
452 262
452 270
452 271
452 273
452 277
452 285
452 290
452 294
452 324
452 326
452 334
452 335
452 337
452 341
452 354
452 388
452 390
452 395
452 396
452 398
452 399
452 401
452 405
452 406
452 413
452 418
452 420
452 422
452 438
452 454
452 460
452 462
452 463
452 465
452 477
452 482
452 486
452 516
452 518
452 526
452 527
452 529
452 541
452 546
452 580
452 582
452 590
452 591
452 593
452 644
452 646
452 652
452 654
452 655
452 657
452 669
452 674
452 708
452 710
452 718
452 719
452 721
452 733
452 738
452 772
452 773
452 774
452 782
452 783
452 785
452 789
452 797
452 832
452 836
452 838
452 843
452 844
452 845
452 846
452 847
452 849
452 850
452 853
452 854
452 861
452 862
452 866
452 868
452 870
452 896
452 900
452 902
452 910
452 911
452 913
452 917
452 918
452 925
452 928
452 930
452 932
452 934
452 964
452 966
452 974
452 975
452 977
452 989
452 1028
452 1030
452 1038
452 1039
452 1041
452 1053
452 1092
452 1094
452 1100
452 1102
452 1103
452 1105
452 1106
452 1109
452 1117
452 1122
452 1152
452 1156
452 1158
452 1159
452 1164
452 1166
452 1167
452 1169
452 1173
452 1174
452 1181
452 1220
452 1221
452 1222
452 1230
452 1231
452 1233
452 1243
452 1245
453 4
453 7
453 11
453 12
453 15
453 29
453 34
453 36
453 38
453 74
453 75
453 76
453 77
453 82
453 86
453 92
453 96
453 100
453 132
453 134
453 135
453 142
453 143
453 149
453 158
453 162
453 198
453 203
453 204
453 205
453 220
453 226
453 229
453 261
453 265
453 267
453 268
453 274
453 285
453 292
453 294
453 325
453 327
453 335
453 342
453 349
453 354
453 358
453 386
453 389
453 395
453 397
453 402
453 406
453 418
453 420
453 421
453 422
453 438
453 439
453 459
453 460
453 466
453 469
453 482
453 486
453 517
453 527
453 530
453 533
453 540
453 546
453 548
453 550
453 581
453 582
453 588
453 591
453 593
453 597
453 605
453 610
453 645
453 646
453 647
453 652
453 655
453 658
453 661
453 667
453 678
453 709
453 710
453 716
453 719
453 725
453 738
453 742
453 768
453 773
453 774
453 779
453 780
453 783
453 789
453 797
453 802
453 843
453 844
453 850
453 854
453 859
453 862
453 866
453 868
453 870
453 887
453 896
453 901
453 907
453 917
453 918
453 924
453 928
453 930
453 932
453 934
453 949
453 951
453 960
453 964
453 965
453 966
453 972
453 977
453 981
453 989
453 994
453 998
453 1031
453 1039
453 1041
453 1053
453 1058
453 1088
453 1093
453 1106
453 1109
453 1110
453 1116
453 1120
453 1122
453 1126
453 1132
453 1152
453 1159
453 1163
453 1164
453 1167
453 1170
453 1173
453 1174
453 1180
453 1190
453 1216
453 1220
453 1221
453 1222
453 1243
453 1248
453 1250
453 1254
454 4
454 6
454 11
454 14
454 15
454 17
454 29
454 30
454 34
454 68
454 70
454 71
454 75
454 76
454 77
454 78
454 79
454 81
454 85
454 86
454 93
454 98
454 102
454 132
454 134
454 135
454 142
454 145
454 162
454 196
454 198
454 199
454 206
454 207
454 209
454 213
454 221
454 260
454 262
454 270
454 271
454 273
454 277
454 285
454 290
454 294
454 324
454 326
454 334
454 335
454 337
454 341
454 354
454 388
454 390
454 395
454 396
454 398
454 399
454 401
454 405
454 406
454 413
454 418
454 420
454 422
454 438
454 452
454 460
454 462
454 463
454 465
454 469
454 477
454 482
454 486
454 516
454 518
454 526
454 527
454 529
454 530
454 541
454 546
454 580
454 582
454 590
454 591
454 593
454 605
454 644
454 646
454 652
454 654
454 655
454 657
454 669
454 674
454 708
454 710
454 718
454 719
454 721
454 733
454 738
454 772
454 773
454 774
454 782
454 783
454 785
454 789
454 797
454 832
454 836
454 838
454 843
454 844
454 845
454 846
454 847
454 849
454 850
454 853
454 854
454 861
454 862
454 866
454 868
454 870
454 896
454 900
454 902
454 910
454 911
454 913
454 917
454 918
454 925
454 928
454 930
454 932
454 934
454 964
454 966
454 974
454 975
454 977
454 989
454 1028
454 1030
454 1038
454 1039
454 1041
454 1053
454 1092
454 1094
454 1100
454 1102
454 1103
454 1105
454 1106
454 1109
454 1117
454 1122
454 1152
454 1156
454 1158
454 1159
454 1164
454 1166
454 1167
454 1169
454 1173
454 1174
454 1181
454 1220
454 1221
454 1222
454 1230
454 1231
454 1233
454 1243
454 1245
455 9
455 69
455 137
455 197
455 263
455 325
455 327
455 389
455 391
455 519
455 521
455 581
455 583
455 645
455 647
455 672
455 711
455 777
455 841
455 903
455 967
455 1029
455 1095
455 1157
455 1223
456 264
456 328
456 392
456 520
456 584
456 648
457 265
457 329
457 331
457 393
457 521
457 585
457 649
458 264
458 266
458 330
458 394
458 522
458 586
458 650
459 12
459 22
459 36
459 38
459 64
459 82
459 92
459 96
459 100
459 143
459 149
459 158
459 203
459 204
459 205
459 210
459 219
459 220
459 229
459 265
459 266
459 267
459 268
459 269
459 274
459 292
459 327
459 331
459 332
459 358
459 386
459 391
459 395
459 397
459 402
459 421
459 439
459 453
459 517
459 523
459 533
459 548
459 550
459 583
459 587
459 588
459 597
459 610
459 647
459 651
459 653
459 658
459 661
459 667
459 678
459 704
459 709
459 716
459 725
459 726
459 742
459 768
459 779
459 780
459 837
459 859
459 887
459 901
459 907
459 924
459 926
459 951
459 960
459 965
459 972
459 981
459 994
459 998
459 1058
459 1088
459 1093
459 1110
459 1126
459 1132
459 1162
459 1163
459 1170
459 1186
459 1190
459 1216
459 1246
459 1248
459 1250
459 1254
460 4
460 6
460 7
460 11
460 12
460 14
460 15
460 17
460 29
460 30
460 34
460 38
460 74
460 75
460 76
460 77
460 82
460 85
460 86
460 96
460 98
460 100
460 102
460 132
460 134
460 135
460 142
460 143
460 145
460 158
460 162
460 198
460 199
460 204
460 207
460 209
460 213
460 220
460 221
460 226
460 260
460 262
460 265
460 267
460 268
460 271
460 273
460 274
460 277
460 285
460 290
460 292
460 294
460 324
460 326
460 327
460 332
460 334
460 335
460 337
460 341
460 342
460 349
460 354
460 390
460 395
460 396
460 397
460 399
460 405
460 406
460 413
460 418
460 420
460 421
460 422
460 438
460 439
460 452
460 453
460 454
460 462
460 463
460 465
460 466
460 469
460 477
460 482
460 486
460 516
460 517
460 518
460 524
460 526
460 527
460 529
460 530
460 533
460 540
460 541
460 546
460 550
460 580
460 582
460 588
460 591
460 593
460 597
460 605
460 610
460 644
460 646
460 647
460 652
460 654
460 655
460 657
460 658
460 661
460 667
460 669
460 674
460 678
460 708
460 709
460 710
460 716
460 718
460 719
460 721
460 733
460 738
460 768
460 772
460 773
460 774
460 779
460 783
460 785
460 789
460 797
460 802
460 832
460 838
460 843
460 844
460 845
460 847
460 849
460 850
460 853
460 854
460 859
460 862
460 866
460 868
460 870
460 896
460 902
460 907
460 913
460 917
460 918
460 925
460 928
460 930
460 932
460 934
460 949
460 951
460 960
460 964
460 965
460 966
460 975
460 977
460 989
460 994
460 998
460 1028
460 1030
460 1031
460 1039
460 1041
460 1053
460 1058
460 1088
460 1092
460 1093
460 1100
460 1102
460 1103
460 1105
460 1106
460 1109
460 1110
460 1116
460 1117
460 1120
460 1122
460 1126
460 1132
460 1152
460 1156
460 1159
460 1163
460 1164
460 1167
460 1169
460 1173
460 1174
460 1180
460 1216
460 1220
460 1221
460 1222
460 1230
460 1231
460 1233
460 1243
460 1245
460 1248
460 1250
460 1254
461 141
461 269
461 333
461 397
461 525
461 589
461 653
462 4
462 6
462 11
462 14
462 15
462 17
462 29
462 30
462 34
462 68
462 70
462 71
462 75
462 76
462 77
462 78
462 79
462 81
462 85
462 86
462 93
462 98
462 102
462 132
462 134
462 135
462 142
462 145
462 162
462 196
462 198
462 199
462 206
462 207
462 209
462 213
462 221
462 226
462 260
462 262
462 270
462 271
462 273
462 277
462 285
462 290
462 294
462 324
462 326
462 334
462 335
462 337
462 341
462 342
462 354
462 388
462 390
462 395
462 396
462 398
462 399
462 401
462 405
462 406
462 413
462 418
462 420
462 422
462 438
462 452
462 454
462 460
462 463
462 465
462 469
462 477
462 482
462 486
462 516
462 518
462 526
462 527
462 529
462 530
462 541
462 546
462 580
462 582
462 590
462 591
462 593
462 605
462 644
462 646
462 652
462 654
462 655
462 657
462 669
462 674
462 708
462 710
462 718
462 719
462 721
462 733
462 738
462 772
462 773
462 774
462 782
462 783
462 785
462 789
462 797
462 802
462 832
462 836
462 838
462 843
462 844
462 845
462 846
462 847
462 849
462 850
462 853
462 854
462 861
462 862
462 866
462 868
462 870
462 896
462 900
462 902
462 910
462 911
462 913
462 917
462 918
462 925
462 928
462 930
462 932
462 934
462 964
462 966
462 974
462 975
462 977
462 989
462 1028
462 1030
462 1038
462 1039
462 1041
462 1053
462 1092
462 1094
462 1100
462 1102
462 1103
462 1105
462 1106
462 1109
462 1116
462 1117
462 1122
462 1152
462 1156
462 1158
462 1159
462 1164
462 1166
462 1167
462 1169
462 1173
462 1174
462 1181
462 1220
462 1221
462 1222
462 1230
462 1231
462 1233
462 1243
462 1245
463 4
463 6
463 7
463 11
463 14
463 15
463 17
463 29
463 30
463 34
463 38
463 68
463 70
463 71
463 74
463 75
463 76
463 77
463 78
463 79
463 81
463 85
463 86
463 93
463 96
463 98
463 100
463 102
463 132
463 134
463 135
463 142
463 143
463 145
463 158
463 162
463 196
463 198
463 199
463 204
463 206
463 207
463 209
463 213
463 221
463 226
463 260
463 262
463 265
463 270
463 271
463 273
463 277
463 285
463 290
463 294
463 324
463 326
463 334
463 335
463 337
463 341
463 342
463 349
463 354
463 388
463 390
463 395
463 396
463 398
463 399
463 401
463 405
463 406
463 413
463 418
463 420
463 421
463 422
463 438
463 439
463 452
463 454
463 460
463 462
463 465
463 466
463 469
463 477
463 482
463 486
463 516
463 518
463 526
463 527
463 529
463 530
463 533
463 540
463 541
463 546
463 580
463 582
463 588
463 590
463 591
463 593
463 605
463 610
463 644
463 646
463 652
463 654
463 655
463 657
463 669
463 674
463 708
463 710
463 718
463 719
463 721
463 733
463 738
463 772
463 773
463 774
463 782
463 783
463 785
463 789
463 797
463 802
463 832
463 836
463 838
463 843
463 844
463 845
463 846
463 847
463 849
463 850
463 853
463 854
463 861
463 862
463 866
463 868
463 870
463 896
463 900
463 902
463 911
463 913
463 917
463 918
463 925
463 928
463 930
463 932
463 934
463 949
463 964
463 965
463 966
463 974
463 975
463 977
463 989
463 1028
463 1030
463 1031
463 1038
463 1039
463 1041
463 1053
463 1088
463 1092
463 1093
463 1094
463 1100
463 1102
463 1103
463 1105
463 1106
463 1109
463 1110
463 1116
463 1117
463 1120
463 1122
463 1132
463 1152
463 1156
463 1158
463 1159
463 1164
463 1166
463 1167
463 1169
463 1173
463 1174
463 1180
463 1181
463 1220
463 1221
463 1222
463 1230
463 1231
463 1233
463 1243
463 1245
463 1248
464 272
464 336
464 400
464 528
464 592
464 656
465 4
465 6
465 14
465 15
465 17
465 29
465 30
465 34
465 68
465 70
465 71
465 75
465 76
465 77
465 78
465 79
465 81
465 85
465 93
465 98
465 102
465 132
465 134
465 135
465 145
465 196
465 198
465 199
465 206
465 207
465 209
465 213
465 221
465 260
465 262
465 270
465 271
465 273
465 277
465 285
465 290
465 294
465 324
465 326
465 334
465 335
465 337
465 341
465 354
465 388
465 390
465 395
465 396
465 398
465 399
465 401
465 405
465 406
465 413
465 418
465 420
465 422
465 438
465 452
465 454
465 460
465 462
465 463
465 477
465 482
465 486
465 516
465 518
465 526
465 527
465 529
465 541
465 546
465 580
465 582
465 590
465 591
465 593
465 644
465 646
465 652
465 654
465 657
465 669
465 674
465 708
465 710
465 718
465 719
465 721
465 733
465 738
465 772
465 774
465 782
465 783
465 785
465 789
465 797
465 832
465 836
465 838
465 843
465 844
465 845
465 846
465 847
465 849
465 850
465 853
465 861
465 862
465 866
465 868
465 870
465 896
465 900
465 902
465 910
465 911
465 913
465 917
465 918
465 925
465 928
465 930
465 932
465 934
465 964
465 966
465 974
465 975
465 977
465 989
465 1028
465 1030
465 1038
465 1039
465 1041
465 1053
465 1092
465 1094
465 1100
465 1102
465 1103
465 1105
465 1106
465 1109
465 1117
465 1152
465 1156
465 1158
465 1159
465 1164
465 1166
465 1167
465 1169
465 1173
465 1174
465 1181
465 1220
465 1221
465 1222
465 1230
465 1231
465 1233
465 1243
465 1245
466 4
466 7
466 11
466 12
466 15
466 29
466 30
466 34
466 36
466 38
466 74
466 75
466 76
466 77
466 82
466 85
466 86
466 96
466 98
466 100
466 102
466 132
466 134
466 135
466 142
466 143
466 145
466 149
466 158
466 162
466 198
466 199
466 203
466 204
466 205
466 220
466 226
466 265
466 267
466 268
466 274
466 285
466 290
466 292
466 294
466 327
466 334
466 335
466 338
466 341
466 342
466 349
466 354
466 358
466 386
466 395
466 397
466 402
466 406
466 418
466 420
466 421
466 422
466 438
466 439
466 453
466 460
466 463
466 469
466 482
466 486
466 516
466 517
466 518
466 526
466 527
466 529
466 530
466 533
466 540
466 541
466 546
466 550
466 582
466 588
466 591
466 593
466 594
466 597
466 605
466 610
466 646
466 647
466 652
466 654
466 655
466 658
466 661
466 667
466 678
466 709
466 710
466 716
466 719
466 721
466 725
466 738
466 768
466 773
466 774
466 779
466 780
466 783
466 789
466 797
466 802
466 832
466 843
466 844
466 850
466 853
466 854
466 859
466 862
466 866
466 868
466 870
466 887
466 896
466 901
466 907
466 913
466 917
466 918
466 924
466 928
466 930
466 932
466 934
466 949
466 951
466 960
466 964
466 965
466 966
466 977
466 981
466 989
466 994
466 998
466 1028
466 1030
466 1031
466 1039
466 1041
466 1053
466 1058
466 1088
466 1093
466 1100
466 1106
466 1109
466 1110
466 1116
466 1120
466 1122
466 1126
466 1132
466 1152
466 1159
466 1163
466 1164
466 1167
466 1170
466 1173
466 1174
466 1180
466 1190
466 1216
466 1220
466 1221
466 1222
466 1230
466 1231
466 1233
466 1243
466 1248
466 1250
466 1254
467 244
467 275
467 339
467 403
467 531
467 595
467 659
467 963
468 276
468 340
468 404
468 532
468 596
468 601
468 660
468 922
469 4
469 7
469 11
469 12
469 15
469 29
469 30
469 34
469 36
469 38
469 74
469 75
469 76
469 77
469 82
469 85
469 86
469 96
469 98
469 100
469 102
469 132
469 134
469 135
469 142
469 143
469 145
469 158
469 162
469 198
469 199
469 203
469 204
469 205
469 207
469 209
469 220
469 226
469 265
469 267
469 268
469 274
469 277
469 285
469 290
469 292
469 294
469 324
469 326
469 327
469 334
469 335
469 341
469 342
469 349
469 354
469 386
469 395
469 397
469 402
469 405
469 406
469 418
469 420
469 421
469 422
469 438
469 439
469 453
469 454
469 460
469 462
469 463
469 466
469 482
469 486
469 516
469 517
469 518
469 526
469 527
469 529
469 530
469 533
469 540
469 541
469 546
469 550
469 580
469 582
469 588
469 591
469 593
469 597
469 605
469 610
469 646
469 647
469 652
469 654
469 655
469 658
469 661
469 667
469 669
469 678
469 708
469 709
469 710
469 716
469 719
469 721
469 725
469 733
469 738
469 768
469 773
469 774
469 779
469 780
469 783
469 785
469 789
469 797
469 802
469 832
469 843
469 844
469 850
469 853
469 854
469 859
469 862
469 866
469 868
469 870
469 887
469 896
469 907
469 913
469 917
469 918
469 924
469 925
469 928
469 930
469 932
469 934
469 949
469 951
469 960
469 964
469 965
469 966
469 977
469 981
469 989
469 994
469 998
469 1028
469 1030
469 1031
469 1039
469 1041
469 1053
469 1058
469 1088
469 1093
469 1100
469 1106
469 1109
469 1110
469 1116
469 1120
469 1122
469 1126
469 1132
469 1152
469 1159
469 1163
469 1164
469 1167
469 1170
469 1173
469 1174
469 1180
469 1190
469 1216
469 1220
469 1221
469 1222
469 1230
469 1231
469 1233
469 1243
469 1248
469 1250
469 1254
470 278
470 342
470 406
470 414
470 534
470 598
470 662
471 279
471 343
471 407
471 535
471 599
471 663
471 761
472 178
472 250
472 280
472 307
472 344
472 408
472 449
472 536
472 600
472 664
472 1146
473 281
473 345
473 409
473 532
473 537
473 601
473 665
473 752
473 1182
474 282
474 309
474 346
474 410
474 538
474 602
474 666
474 874
475 283
475 347
475 411
475 539
475 603
475 667
475 823
476 284
476 348
476 412
476 540
476 604
476 668
477 4
477 6
477 14
477 15
477 17
477 30
477 34
477 68
477 70
477 71
477 75
477 76
477 78
477 79
477 81
477 85
477 93
477 98
477 102
477 132
477 134
477 135
477 145
477 196
477 198
477 199
477 206
477 207
477 209
477 213
477 221
477 260
477 262
477 270
477 271
477 273
477 277
477 285
477 290
477 294
477 324
477 326
477 334
477 335
477 337
477 341
477 349
477 354
477 388
477 390
477 395
477 396
477 398
477 399
477 401
477 405
477 406
477 413
477 418
477 420
477 438
477 452
477 454
477 460
477 462
477 463
477 465
477 486
477 516
477 518
477 526
477 527
477 529
477 541
477 546
477 580
477 582
477 590
477 591
477 593
477 605
477 644
477 646
477 652
477 654
477 657
477 669
477 674
477 708
477 710
477 718
477 719
477 721
477 733
477 738
477 772
477 774
477 782
477 783
477 785
477 789
477 797
477 832
477 836
477 838
477 843
477 844
477 845
477 846
477 847
477 849
477 850
477 853
477 861
477 862
477 866
477 868
477 870
477 896
477 900
477 902
477 910
477 911
477 913
477 917
477 918
477 925
477 928
477 930
477 932
477 934
477 964
477 966
477 974
477 975
477 977
477 989
477 1028
477 1030
477 1038
477 1041
477 1092
477 1094
477 1100
477 1102
477 1103
477 1105
477 1106
477 1109
477 1117
477 1152
477 1156
477 1158
477 1159
477 1164
477 1166
477 1167
477 1169
477 1173
477 1174
477 1181
477 1220
477 1221
477 1222
477 1230
477 1231
477 1233
477 1243
477 1245
478 286
478 350
478 414
478 415
478 542
478 606
478 608
478 662
478 670
479 287
479 351
479 415
479 450
479 543
479 607
479 671
480 288
480 352
480 416
480 544
480 608
480 672
481 161
481 289
481 353
481 417
481 485
481 545
481 609
481 673
481 1139
482 4
482 7
482 11
482 12
482 14
482 15
482 17
482 29
482 30
482 34
482 36
482 38
482 74
482 75
482 76
482 77
482 82
482 85
482 86
482 96
482 98
482 100
482 102
482 132
482 134
482 135
482 142
482 143
482 145
482 158
482 162
482 198
482 199
482 203
482 204
482 207
482 209
482 213
482 220
482 221
482 226
482 262
482 265
482 267
482 268
482 274
482 277
482 285
482 290
482 292
482 294
482 324
482 326
482 327
482 334
482 335
482 337
482 341
482 342
482 349
482 354
482 395
482 396
482 397
482 399
482 405
482 406
482 413
482 418
482 420
482 421
482 422
482 438
482 439
482 452
482 453
482 454
482 460
482 462
482 463
482 465
482 466
482 469
482 486
482 516
482 517
482 518
482 526
482 527
482 529
482 530
482 533
482 540
482 541
482 546
482 550
482 580
482 582
482 588
482 591
482 593
482 597
482 605
482 610
482 646
482 647
482 652
482 654
482 655
482 658
482 661
482 667
482 669
482 674
482 678
482 708
482 709
482 710
482 716
482 718
482 719
482 721
482 733
482 738
482 768
482 772
482 773
482 774
482 779
482 780
482 783
482 785
482 789
482 797
482 802
482 832
482 843
482 844
482 845
482 849
482 850
482 853
482 854
482 859
482 862
482 866
482 868
482 870
482 896
482 902
482 907
482 913
482 917
482 918
482 925
482 928
482 930
482 932
482 934
482 949
482 951
482 960
482 964
482 965
482 966
482 975
482 977
482 989
482 994
482 998
482 1028
482 1030
482 1031
482 1039
482 1041
482 1053
482 1058
482 1088
482 1093
482 1100
482 1102
482 1103
482 1106
482 1109
482 1110
482 1116
482 1120
482 1122
482 1126
482 1132
482 1152
482 1159
482 1163
482 1164
482 1167
482 1169
482 1173
482 1174
482 1180
482 1190
482 1216
482 1220
482 1221
482 1222
482 1230
482 1231
482 1233
482 1243
482 1248
482 1250
482 1254
483 291
483 355
483 419
483 547
483 611
483 675
483 1262
484 21
484 292
484 356
484 420
484 548
484 612
484 676
485 161
485 293
485 357
485 421
485 481
485 549
485 613
485 677
485 1139
486 4
486 6
486 7
486 11
486 12
486 14
486 15
486 17
486 29
486 30
486 34
486 36
486 38
486 74
486 75
486 76
486 77
486 82
486 85
486 86
486 96
486 98
486 100
486 102
486 132
486 134
486 135
486 142
486 143
486 145
486 158
486 162
486 198
486 199
486 203
486 204
486 207
486 209
486 213
486 220
486 221
486 226
486 262
486 265
486 267
486 268
486 271
486 273
486 274
486 277
486 285
486 290
486 292
486 294
486 324
486 326
486 327
486 334
486 335
486 337
486 341
486 342
486 349
486 354
486 358
486 395
486 396
486 397
486 399
486 405
486 406
486 413
486 418
486 420
486 421
486 422
486 438
486 439
486 452
486 453
486 454
486 460
486 462
486 463
486 465
486 466
486 469
486 477
486 482
486 516
486 517
486 518
486 526
486 527
486 529
486 530
486 533
486 540
486 541
486 546
486 550
486 580
486 582
486 588
486 591
486 593
486 597
486 605
486 610
486 614
486 646
486 647
486 652
486 654
486 655
486 657
486 658
486 661
486 667
486 669
486 674
486 678
486 708
486 709
486 710
486 716
486 718
486 719
486 721
486 733
486 738
486 768
486 772
486 773
486 774
486 779
486 780
486 783
486 785
486 789
486 797
486 802
486 832
486 843
486 844
486 845
486 849
486 850
486 853
486 854
486 859
486 862
486 866
486 868
486 870
486 896
486 902
486 907
486 913
486 917
486 918
486 925
486 928
486 930
486 932
486 934
486 949
486 951
486 960
486 964
486 965
486 966
486 975
486 977
486 989
486 994
486 998
486 1028
486 1030
486 1031
486 1039
486 1041
486 1053
486 1058
486 1088
486 1093
486 1100
486 1102
486 1103
486 1105
486 1106
486 1109
486 1110
486 1116
486 1120
486 1122
486 1126
486 1132
486 1152
486 1159
486 1163
486 1164
486 1167
486 1169
486 1173
486 1174
486 1180
486 1216
486 1220
486 1221
486 1222
486 1230
486 1231
486 1233
486 1243
486 1248
486 1250
486 1254
487 295
487 359
487 423
487 551
487 615
487 679
487 1011
487 1201
488 296
488 360
488 424
488 552
488 616
488 680
489 297
489 361
489 425
489 549
489 553
489 617
489 681
489 916
489 958
490 43
490 298
490 362
490 363
490 426
490 507
490 554
490 618
490 682
491 299
491 363
491 427
491 446
491 555
491 619
491 683
491 1140
492 300
492 364
492 428
492 556
492 620
492 684
493 140
493 301
493 365
493 429
493 557
493 621
493 685
493 824
494 173
494 302
494 366
494 430
494 558
494 622
494 633
494 686
494 1048
495 303
495 367
495 431
495 559
495 623
495 687
495 784
495 956
496 304
496 368
496 432
496 560
496 624
496 688
497 305
497 369
497 433
497 561
497 625
497 689
497 714
497 1191
498 306
498 370
498 434
498 562
498 626
498 690
498 821
498 1008
499 307
499 371
499 435
499 451
499 563
499 627
499 691
500 308
500 372
500 436
500 564
500 628
500 692
501 130
501 309
501 373
501 437
501 565
501 629
501 693
501 999
502 182
502 310
502 374
502 438
502 566
502 630
502 664
502 694
502 1204
503 310
503 311
503 375
503 439
503 567
503 631
503 695
504 312
504 376
504 440
504 568
504 632
504 696
505 313
505 377
505 441
505 569
505 633
505 697
506 314
506 378
506 442
506 570
506 634
506 641
506 698
507 43
507 315
507 363
507 379
507 443
507 490
507 571
507 635
507 699
508 316
508 380
508 444
508 572
508 636
508 700
508 920
508 1177
508 1277
509 183
509 317
509 346
509 381
509 445
509 573
509 637
509 701
510 318
510 382
510 446
510 574
510 638
510 702
510 1017
511 319
511 383
511 447
511 575
511 639
511 691
511 703
512 211
512 320
512 384
512 448
512 576
512 640
512 704
512 1229
513 321
513 385
513 449
513 577
513 641
513 705
513 1010
514 300
514 322
514 386
514 450
514 578
514 642
514 706
515 52
515 323
515 387
515 447
515 451
515 579
515 643
515 707
516 4
516 6
516 7
516 11
516 14
516 15
516 17
516 29
516 30
516 34
516 68
516 70
516 71
516 74
516 75
516 76
516 77
516 78
516 79
516 81
516 85
516 86
516 93
516 98
516 100
516 102
516 132
516 134
516 135
516 142
516 145
516 162
516 196
516 198
516 199
516 206
516 207
516 209
516 213
516 221
516 226
516 260
516 262
516 270
516 271
516 273
516 277
516 285
516 290
516 294
516 324
516 326
516 334
516 335
516 337
516 341
516 342
516 349
516 354
516 388
516 390
516 395
516 396
516 398
516 399
516 401
516 405
516 406
516 413
516 418
516 420
516 422
516 438
516 452
516 454
516 460
516 462
516 463
516 465
516 466
516 469
516 477
516 482
516 486
516 518
516 526
516 527
516 529
516 530
516 540
516 541
516 546
516 580
516 582
516 590
516 591
516 593
516 605
516 644
516 646
516 652
516 654
516 655
516 657
516 669
516 674
516 708
516 710
516 718
516 719
516 721
516 733
516 738
516 772
516 773
516 774
516 782
516 783
516 785
516 789
516 797
516 802
516 832
516 836
516 838
516 843
516 844
516 845
516 846
516 847
516 849
516 850
516 853
516 854
516 861
516 862
516 866
516 868
516 870
516 896
516 900
516 902
516 910
516 911
516 913
516 917
516 918
516 925
516 928
516 930
516 932
516 934
516 949
516 964
516 966
516 974
516 975
516 977
516 989
516 1028
516 1030
516 1031
516 1038
516 1039
516 1041
516 1053
516 1092
516 1094
516 1100
516 1102
516 1103
516 1105
516 1106
516 1109
516 1116
516 1117
516 1120
516 1122
516 1152
516 1156
516 1158
516 1159
516 1164
516 1166
516 1167
516 1169
516 1173
516 1174
516 1180
516 1181
516 1220
516 1221
516 1222
516 1230
516 1231
516 1233
516 1243
516 1245
517 7
517 11
517 12
517 29
517 36
517 38
517 74
517 77
517 82
517 86
517 92
517 96
517 100
517 134
517 135
517 142
517 143
517 149
517 158
517 162
517 198
517 203
517 204
517 205
517 219
517 220
517 226
517 229
517 265
517 266
517 267
517 268
517 269
517 274
517 292
517 325
517 327
517 332
517 342
517 349
517 354
517 358
517 386
517 389
517 395
517 397
517 402
517 420
517 421
517 422
517 439
517 453
517 459
517 460
517 466
517 469
517 482
517 486
517 530
517 533
517 540
517 548
517 550
517 581
517 583
517 588
517 591
517 597
517 605
517 610
517 645
517 647
517 653
517 655
517 658
517 661
517 667
517 678
517 704
517 709
517 710
517 716
517 719
517 725
517 742
517 768
517 773
517 774
517 779
517 780
517 789
517 802
517 837
517 843
517 844
517 850
517 854
517 859
517 887
517 896
517 901
517 907
517 918
517 924
517 928
517 930
517 932
517 949
517 951
517 960
517 965
517 972
517 977
517 981
517 994
517 998
517 1031
517 1039
517 1041
517 1053
517 1058
517 1088
517 1093
517 1106
517 1110
517 1116
517 1120
517 1122
517 1126
517 1132
517 1162
517 1163
517 1170
517 1173
517 1174
517 1180
517 1186
517 1190
517 1216
517 1221
517 1243
517 1246
517 1248
517 1250
517 1254
518 4
518 6
518 11
518 14
518 15
518 17
518 29
518 30
518 34
518 68
518 70
518 71
518 74
518 75
518 76
518 77
518 78
518 79
518 81
518 85
518 86
518 93
518 98
518 102
518 132
518 134
518 135
518 142
518 145
518 162
518 196
518 198
518 199
518 206
518 207
518 209
518 213
518 221
518 226
518 260
518 262
518 270
518 271
518 273
518 277
518 285
518 290
518 294
518 324
518 326
518 334
518 335
518 337
518 341
518 342
518 349
518 354
518 388
518 390
518 395
518 396
518 398
518 399
518 401
518 405
518 406
518 413
518 418
518 420
518 422
518 438
518 452
518 454
518 460
518 462
518 463
518 465
518 466
518 469
518 477
518 482
518 486
518 516
518 526
518 527
518 529
518 530
518 541
518 546
518 580
518 582
518 590
518 591
518 593
518 605
518 644
518 646
518 652
518 654
518 655
518 657
518 669
518 674
518 708
518 710
518 718
518 719
518 721
518 733
518 738
518 772
518 773
518 774
518 782
518 783
518 785
518 789
518 797
518 802
518 832
518 836
518 838
518 843
518 844
518 845
518 846
518 847
518 849
518 850
518 853
518 854
518 861
518 862
518 866
518 868
518 870
518 896
518 900
518 902
518 910
518 911
518 913
518 917
518 918
518 925
518 928
518 930
518 932
518 934
518 949
518 964
518 966
518 974
518 975
518 977
518 989
518 1028
518 1030
518 1031
518 1038
518 1039
518 1041
518 1053
518 1092
518 1094
518 1100
518 1102
518 1103
518 1105
518 1106
518 1109
518 1116
518 1117
518 1120
518 1122
518 1152
518 1156
518 1158
518 1159
518 1164
518 1166
518 1167
518 1169
518 1173
518 1174
518 1180
518 1181
518 1220
518 1221
518 1222
518 1230
518 1231
518 1233
518 1243
518 1245
519 327
519 391
519 455
519 583
519 647
519 711
519 1036
519 1090
520 328
520 392
520 456
520 584
520 648
520 712
521 9
521 69
521 137
521 197
521 263
521 325
521 329
521 389
521 393
521 455
521 457
521 581
521 585
521 645
521 649
521 672
521 711
521 713
521 777
521 841
521 903
521 967
521 1029
521 1095
521 1157
521 1223
522 25
522 330
522 394
522 458
522 586
522 650
522 714
523 331
523 395
523 459
523 587
523 651
523 715
524 332
524 396
524 460
524 588
524 652
524 716
525 333
525 397
525 461
525 589
525 653
525 717
525 990
526 4
526 6
526 11
526 14
526 15
526 17
526 29
526 30
526 34
526 68
526 70
526 71
526 74
526 75
526 76
526 77
526 78
526 79
526 81
526 85
526 86
526 93
526 98
526 102
526 132
526 134
526 135
526 142
526 145
526 162
526 196
526 198
526 199
526 206
526 207
526 209
526 213
526 221
526 226
526 260
526 262
526 270
526 271
526 273
526 277
526 285
526 290
526 294
526 324
526 326
526 334
526 335
526 337
526 341
526 342
526 354
526 388
526 390
526 395
526 396
526 398
526 399
526 401
526 405
526 406
526 413
526 418
526 420
526 422
526 438
526 452
526 454
526 460
526 462
526 463
526 465
526 466
526 469
526 477
526 482
526 486
526 516
526 518
526 527
526 529
526 530
526 541
526 546
526 580
526 582
526 590
526 591
526 593
526 605
526 644
526 646
526 652
526 654
526 655
526 657
526 669
526 674
526 708
526 710
526 718
526 719
526 721
526 733
526 738
526 772
526 773
526 774
526 782
526 783
526 785
526 789
526 797
526 802
526 832
526 836
526 838
526 843
526 844
526 845
526 846
526 847
526 849
526 850
526 853
526 854
526 861
526 862
526 866
526 868
526 870
526 896
526 900
526 902
526 910
526 911
526 913
526 917
526 918
526 925
526 928
526 930
526 932
526 934
526 964
526 966
526 974
526 975
526 977
526 989
526 1028
526 1030
526 1031
526 1038
526 1039
526 1041
526 1053
526 1092
526 1094
526 1100
526 1102
526 1103
526 1105
526 1106
526 1109
526 1116
526 1117
526 1120
526 1122
526 1152
526 1156
526 1158
526 1159
526 1164
526 1166
526 1167
526 1169
526 1173
526 1174
526 1180
526 1181
526 1220
526 1221
526 1222
526 1230
526 1231
526 1233
526 1243
526 1245
527 4
527 6
527 7
527 11
527 14
527 15
527 17
527 29
527 30
527 34
527 38
527 68
527 70
527 74
527 75
527 76
527 77
527 78
527 79
527 81
527 82
527 85
527 86
527 93
527 96
527 98
527 100
527 102
527 132
527 134
527 135
527 142
527 143
527 145
527 158
527 162
527 196
527 198
527 199
527 204
527 206
527 207
527 209
527 213
527 221
527 226
527 260
527 262
527 265
527 267
527 268
527 270
527 271
527 273
527 277
527 285
527 290
527 294
527 324
527 326
527 327
527 334
527 335
527 337
527 341
527 342
527 349
527 354
527 390
527 395
527 396
527 399
527 401
527 405
527 406
527 413
527 418
527 420
527 421
527 422
527 438
527 439
527 452
527 453
527 454
527 460
527 462
527 463
527 465
527 466
527 469
527 477
527 482
527 486
527 516
527 518
527 526
527 529
527 530
527 533
527 540
527 541
527 546
527 550
527 580
527 582
527 588
527 590
527 591
527 593
527 597
527 605
527 610
527 644
527 646
527 647
527 652
527 654
527 655
527 657
527 658
527 667
527 669
527 674
527 708
527 710
527 716
527 718
527 719
527 721
527 733
527 738
527 768
527 772
527 773
527 774
527 779
527 782
527 783
527 785
527 789
527 797
527 802
527 832
527 836
527 838
527 843
527 844
527 845
527 847
527 849
527 850
527 853
527 854
527 859
527 861
527 862
527 866
527 868
527 870
527 896
527 900
527 902
527 907
527 911
527 913
527 917
527 918
527 925
527 928
527 930
527 932
527 934
527 949
527 960
527 964
527 965
527 966
527 974
527 975
527 977
527 989
527 1028
527 1030
527 1031
527 1038
527 1039
527 1041
527 1053
527 1088
527 1092
527 1093
527 1094
527 1100
527 1102
527 1103
527 1105
527 1106
527 1109
527 1110
527 1116
527 1117
527 1120
527 1122
527 1126
527 1132
527 1152
527 1156
527 1158
527 1159
527 1164
527 1167
527 1169
527 1173
527 1174
527 1180
527 1181
527 1216
527 1220
527 1221
527 1222
527 1230
527 1231
527 1233
527 1243
527 1245
527 1248
527 1250
528 336
528 377
528 400
528 464
528 592
528 656
528 720
528 1018
528 1027
529 4
529 6
529 7
529 11
529 14
529 15
529 17
529 29
529 30
529 34
529 38
529 68
529 70
529 71
529 74
529 75
529 76
529 77
529 78
529 79
529 81
529 85
529 86
529 93
529 98
529 100
529 102
529 132
529 134
529 135
529 142
529 143
529 145
529 162
529 196
529 198
529 199
529 206
529 207
529 209
529 213
529 221
529 226
529 260
529 262
529 265
529 270
529 271
529 273
529 277
529 285
529 290
529 294
529 324
529 326
529 334
529 335
529 337
529 341
529 342
529 349
529 354
529 388
529 390
529 395
529 396
529 398
529 399
529 401
529 405
529 406
529 413
529 418
529 420
529 421
529 422
529 438
529 452
529 454
529 460
529 462
529 463
529 465
529 466
529 469
529 477
529 482
529 486
529 516
529 518
529 526
529 527
529 530
529 540
529 541
529 546
529 580
529 582
529 590
529 591
529 593
529 605
529 610
529 644
529 646
529 652
529 654
529 655
529 657
529 669
529 674
529 708
529 710
529 718
529 719
529 721
529 733
529 738
529 772
529 773
529 774
529 782
529 783
529 785
529 789
529 797
529 802
529 832
529 836
529 838
529 843
529 844
529 845
529 846
529 847
529 849
529 850
529 853
529 854
529 861
529 862
529 866
529 868
529 870
529 896
529 900
529 902
529 910
529 911
529 913
529 917
529 918
529 925
529 928
529 930
529 932
529 934
529 949
529 964
529 966
529 974
529 975
529 977
529 989
529 1028
529 1030
529 1031
529 1038
529 1039
529 1041
529 1053
529 1092
529 1094
529 1100
529 1102
529 1103
529 1105
529 1106
529 1109
529 1110
529 1116
529 1117
529 1120
529 1122
529 1152
529 1156
529 1158
529 1159
529 1164
529 1166
529 1167
529 1169
529 1173
529 1174
529 1180
529 1181
529 1220
529 1221
529 1222
529 1230
529 1231
529 1233
529 1243
529 1245
530 4
530 7
530 11
530 12
530 15
530 29
530 30
530 34
530 36
530 38
530 74
530 75
530 76
530 77
530 82
530 85
530 86
530 96
530 98
530 100
530 102
530 132
530 134
530 135
530 142
530 143
530 145
530 158
530 162
530 198
530 199
530 203
530 204
530 207
530 209
530 220
530 226
530 265
530 267
530 268
530 274
530 277
530 285
530 290
530 292
530 294
530 324
530 326
530 327
530 334
530 335
530 337
530 338
530 341
530 342
530 349
530 354
530 386
530 395
530 397
530 402
530 405
530 406
530 413
530 418
530 420
530 421
530 422
530 438
530 439
530 453
530 454
530 460
530 462
530 463
530 466
530 469
530 482
530 486
530 516
530 517
530 518
530 526
530 527
530 529
530 533
530 540
530 541
530 546
530 550
530 580
530 582
530 588
530 591
530 593
530 594
530 597
530 605
530 610
530 646
530 647
530 652
530 654
530 655
530 658
530 661
530 667
530 669
530 674
530 678
530 708
530 709
530 710
530 716
530 719
530 721
530 722
530 733
530 738
530 768
530 772
530 773
530 774
530 779
530 780
530 783
530 785
530 789
530 797
530 802
530 832
530 843
530 844
530 850
530 853
530 854
530 859
530 862
530 866
530 868
530 870
530 896
530 907
530 913
530 917
530 918
530 924
530 925
530 928
530 930
530 932
530 934
530 949
530 951
530 960
530 964
530 965
530 966
530 975
530 977
530 981
530 989
530 994
530 998
530 1028
530 1030
530 1031
530 1039
530 1041
530 1053
530 1058
530 1088
530 1093
530 1100
530 1106
530 1109
530 1110
530 1116
530 1120
530 1122
530 1126
530 1132
530 1152
530 1159
530 1163
530 1164
530 1167
530 1170
530 1173
530 1174
530 1180
530 1190
530 1216
530 1220
530 1221
530 1222
530 1230
530 1231
530 1233
530 1243
530 1248
530 1250
530 1254
531 339
531 403
531 467
531 595
531 659
531 723
532 340
532 404
532 468
532 473
532 596
532 660
532 724
532 752
532 1182
533 4
533 7
533 11
533 12
533 15
533 29
533 34
533 36
533 38
533 74
533 75
533 76
533 77
533 82
533 86
533 92
533 96
533 100
533 102
533 132
533 134
533 135
533 142
533 143
533 149
533 158
533 162
533 198
533 203
533 204
533 205
533 220
533 226
533 229
533 265
533 267
533 268
533 274
533 285
533 292
533 294
533 327
533 335
533 341
533 342
533 349
533 354
533 358
533 386
533 395
533 397
533 402
533 405
533 406
533 418
533 420
533 421
533 422
533 438
533 439
533 453
533 459
533 460
533 463
533 466
533 469
533 482
533 486
533 517
533 527
533 530
533 540
533 546
533 548
533 550
533 582
533 588
533 591
533 593
533 597
533 605
533 610
533 646
533 647
533 652
533 654
533 655
533 658
533 661
533 667
533 678
533 709
533 710
533 716
533 719
533 721
533 725
533 738
533 742
533 768
533 773
533 774
533 779
533 780
533 783
533 789
533 797
533 802
533 832
533 843
533 844
533 850
533 854
533 859
533 862
533 866
533 868
533 870
533 887
533 896
533 901
533 907
533 917
533 918
533 924
533 928
533 930
533 932
533 934
533 949
533 951
533 960
533 964
533 965
533 966
533 972
533 977
533 981
533 989
533 994
533 998
533 1031
533 1039
533 1041
533 1053
533 1058
533 1088
533 1093
533 1106
533 1109
533 1110
533 1116
533 1120
533 1122
533 1126
533 1132
533 1152
533 1159
533 1163
533 1164
533 1167
533 1170
533 1173
533 1174
533 1180
533 1190
533 1216
533 1220
533 1221
533 1222
533 1230
533 1243
533 1248
533 1250
533 1254
534 342
534 406
534 470
534 598
534 662
534 726
535 343
535 407
535 471
535 599
535 663
535 727
536 242
536 344
536 408
536 472
536 600
536 664
536 728
536 1130
537 345
537 409
537 473
537 601
537 665
537 729
537 1063
538 104
538 346
538 410
538 474
538 602
538 666
538 730
539 347
539 411
539 425
539 475
539 603
539 667
539 731
539 1232
539 1241
540 4
540 7
540 11
540 12
540 15
540 29
540 30
540 34
540 36
540 38
540 74
540 75
540 76
540 77
540 82
540 85
540 86
540 96
540 98
540 100
540 102
540 132
540 134
540 135
540 142
540 143
540 145
540 149
540 158
540 162
540 198
540 199
540 203
540 204
540 205
540 220
540 226
540 265
540 267
540 268
540 274
540 285
540 290
540 292
540 294
540 327
540 334
540 335
540 341
540 342
540 348
540 349
540 354
540 358
540 386
540 395
540 397
540 402
540 406
540 412
540 418
540 420
540 421
540 422
540 438
540 439
540 453
540 460
540 463
540 466
540 469
540 476
540 482
540 486
540 516
540 517
540 527
540 529
540 530
540 533
540 541
540 546
540 550
540 582
540 588
540 591
540 593
540 597
540 604
540 605
540 610
540 646
540 647
540 652
540 654
540 655
540 658
540 661
540 667
540 668
540 678
540 709
540 710
540 716
540 719
540 721
540 725
540 732
540 738
540 768
540 773
540 774
540 779
540 780
540 783
540 789
540 797
540 802
540 832
540 843
540 844
540 850
540 853
540 854
540 859
540 862
540 866
540 868
540 870
540 887
540 896
540 901
540 907
540 913
540 917
540 918
540 924
540 928
540 930
540 932
540 934
540 949
540 951
540 960
540 964
540 965
540 966
540 977
540 981
540 989
540 994
540 998
540 1028
540 1030
540 1031
540 1039
540 1041
540 1053
540 1058
540 1088
540 1093
540 1100
540 1106
540 1109
540 1110
540 1116
540 1120
540 1122
540 1126
540 1132
540 1152
540 1159
540 1163
540 1164
540 1167
540 1170
540 1173
540 1174
540 1180
540 1190
540 1216
540 1220
540 1221
540 1222
540 1230
540 1231
540 1233
540 1243
540 1248
540 1250
540 1254
541 4
541 6
541 7
541 11
541 14
541 15
541 17
541 29
541 30
541 34
541 38
541 68
541 70
541 71
541 74
541 75
541 76
541 77
541 78
541 79
541 81
541 85
541 86
541 93
541 98
541 100
541 102
541 132
541 134
541 135
541 142
541 143
541 145
541 162
541 196
541 198
541 199
541 206
541 207
541 209
541 213
541 221
541 226
541 260
541 262
541 265
541 270
541 271
541 273
541 277
541 285
541 290
541 294
541 324
541 326
541 334
541 335
541 337
541 341
541 342
541 349
541 354
541 388
541 390
541 395
541 396
541 398
541 399
541 401
541 405
541 406
541 413
541 418
541 420
541 421
541 422
541 438
541 452
541 454
541 460
541 462
541 463
541 465
541 466
541 469
541 477
541 482
541 486
541 516
541 518
541 526
541 527
541 529
541 530
541 540
541 546
541 580
541 582
541 590
541 591
541 593
541 605
541 610
541 644
541 646
541 652
541 654
541 655
541 657
541 669
541 674
541 708
541 710
541 718
541 719
541 721
541 733
541 738
541 772
541 773
541 774
541 782
541 783
541 785
541 789
541 797
541 802
541 832
541 836
541 838
541 843
541 844
541 845
541 846
541 847
541 849
541 850
541 853
541 854
541 861
541 862
541 866
541 868
541 870
541 896
541 900
541 902
541 910
541 911
541 913
541 917
541 918
541 925
541 928
541 930
541 932
541 934
541 949
541 964
541 966
541 974
541 975
541 977
541 989
541 1028
541 1030
541 1031
541 1038
541 1039
541 1041
541 1053
541 1092
541 1094
541 1100
541 1102
541 1103
541 1105
541 1106
541 1109
541 1110
541 1116
541 1117
541 1120
541 1122
541 1152
541 1156
541 1158
541 1159
541 1164
541 1166
541 1167
541 1169
541 1173
541 1174
541 1180
541 1181
541 1220
541 1221
541 1222
541 1230
541 1231
541 1233
541 1243
541 1245
542 275
542 350
542 414
542 478
542 606
542 668
542 670
542 734
542 820
543 351
543 415
543 479
543 607
543 671
543 735
543 803
544 108
544 352
544 416
544 480
544 608
544 672
544 736
545 353
545 417
545 481
545 609
545 673
545 737
545 1197
546 4
546 6
546 7
546 11
546 14
546 15
546 17
546 29
546 30
546 34
546 38
546 68
546 70
546 74
546 75
546 76
546 77
546 78
546 79
546 81
546 82
546 85
546 86
546 93
546 96
546 98
546 100
546 102
546 132
546 134
546 135
546 142
546 143
546 145
546 158
546 162
546 196
546 198
546 199
546 204
546 206
546 207
546 209
546 213
546 220
546 221
546 226
546 260
546 262
546 265
546 267
546 268
546 270
546 271
546 273
546 277
546 285
546 290
546 294
546 324
546 326
546 327
546 334
546 335
546 337
546 341
546 342
546 349
546 354
546 390
546 395
546 396
546 399
546 401
546 405
546 406
546 413
546 418
546 420
546 421
546 422
546 438
546 439
546 452
546 453
546 454
546 460
546 462
546 463
546 465
546 466
546 469
546 477
546 482
546 486
546 516
546 518
546 526
546 527
546 529
546 530
546 533
546 540
546 541
546 550
546 580
546 582
546 588
546 590
546 591
546 593
546 597
546 605
546 610
546 644
546 646
546 647
546 652
546 654
546 655
546 657
546 658
546 667
546 669
546 674
546 708
546 710
546 716
546 718
546 719
546 721
546 733
546 738
546 768
546 772
546 773
546 774
546 779
546 783
546 785
546 789
546 797
546 802
546 832
546 836
546 838
546 843
546 844
546 845
546 847
546 849
546 850
546 853
546 854
546 859
546 861
546 862
546 866
546 868
546 870
546 896
546 900
546 902
546 907
546 913
546 917
546 918
546 925
546 928
546 930
546 932
546 934
546 949
546 960
546 964
546 965
546 966
546 975
546 977
546 989
546 1028
546 1030
546 1031
546 1038
546 1039
546 1041
546 1053
546 1088
546 1092
546 1093
546 1094
546 1100
546 1102
546 1103
546 1105
546 1106
546 1109
546 1110
546 1116
546 1117
546 1120
546 1122
546 1126
546 1132
546 1152
546 1156
546 1158
546 1159
546 1164
546 1167
546 1169
546 1173
546 1174
546 1180
546 1181
546 1216
546 1220
546 1221
546 1222
546 1230
546 1231
546 1233
546 1243
546 1245
546 1248
546 1250
547 347
547 355
547 419
547 483
547 611
547 675
547 739
547 1189
548 12
548 22
548 36
548 64
548 82
548 92
548 96
548 143
548 149
548 158
548 203
548 204
548 205
548 210
548 219
548 220
548 229
548 266
548 267
548 268
548 269
548 274
548 292
548 327
548 332
548 356
548 358
548 386
548 391
548 397
548 402
548 420
548 421
548 439
548 453
548 459
548 484
548 517
548 533
548 550
548 583
548 588
548 597
548 610
548 612
548 647
548 653
548 658
548 661
548 667
548 676
548 678
548 704
548 709
548 716
548 725
548 726
548 740
548 742
548 768
548 779
548 780
548 837
548 859
548 887
548 901
548 907
548 924
548 926
548 951
548 960
548 965
548 972
548 981
548 994
548 998
548 1058
548 1088
548 1093
548 1110
548 1126
548 1132
548 1162
548 1163
548 1170
548 1186
548 1190
548 1216
548 1246
548 1248
548 1250
548 1254
549 357
549 421
549 485
549 489
549 613
549 677
549 741
549 916
549 958
550 7
550 11
550 12
550 15
550 29
550 34
550 36
550 38
550 74
550 75
550 77
550 82
550 86
550 92
550 96
550 100
550 132
550 134
550 135
550 142
550 143
550 149
550 158
550 162
550 198
550 203
550 204
550 205
550 220
550 226
550 229
550 265
550 267
550 268
550 274
550 285
550 292
550 294
550 327
550 335
550 342
550 349
550 354
550 358
550 386
550 395
550 397
550 402
550 406
550 420
550 421
550 422
550 438
550 439
550 453
550 459
550 460
550 466
550 469
550 482
550 486
550 517
550 527
550 530
550 533
550 540
550 546
550 548
550 588
550 591
550 597
550 605
550 610
550 614
550 647
550 652
550 655
550 658
550 661
550 667
550 678
550 709
550 710
550 716
550 719
550 725
550 738
550 742
550 768
550 773
550 774
550 779
550 780
550 783
550 789
550 802
550 843
550 844
550 850
550 854
550 859
550 868
550 870
550 887
550 896
550 901
550 907
550 918
550 924
550 928
550 930
550 932
550 934
550 949
550 951
550 960
550 964
550 965
550 972
550 977
550 981
550 994
550 998
550 1031
550 1039
550 1041
550 1053
550 1058
550 1088
550 1093
550 1106
550 1109
550 1110
550 1116
550 1120
550 1122
550 1126
550 1132
550 1152
550 1162
550 1163
550 1164
550 1167
550 1170
550 1173
550 1174
550 1180
550 1190
550 1216
550 1221
550 1243
550 1248
550 1250
550 1254
551 359
551 423
551 487
551 615
551 679
551 743
551 1068
552 360
552 424
552 488
552 616
552 680
552 744
553 361
553 425
553 489
553 617
553 681
553 745
554 362
554 426
554 490
554 569
554 618
554 682
554 746
554 959
555 169
555 189
555 363
555 427
555 491
555 619
555 683
555 747
556 218
556 364
556 428
556 492
556 620
556 684
556 748
556 1111
557 365
557 429
557 493
557 621
557 685
557 749
558 366
558 430
558 494
558 622
558 686
558 750
558 794
558 891
558 1187
559 367
559 431
559 495
559 623
559 687
559 751
560 208
560 368
560 432
560 496
560 624
560 688
560 752
561 351
561 369
561 433
561 497
561 625
561 629
561 689
561 753
561 805
561 1239
562 370
562 431
562 434
562 498
562 584
562 626
562 690
562 754
563 63
563 371
563 435
563 499
563 627
563 691
563 755
563 830
564 372
564 436
564 500
564 628
564 692
564 756
565 46
565 373
565 437
565 501
565 629
565 693
565 757
566 374
566 438
566 502
566 630
566 694
566 758
566 962
567 375
567 439
567 503
567 631
567 695
567 759
567 919
568 376
568 440
568 504
568 621
568 632
568 681
568 696
568 760
568 1136
568 1200
569 377
569 441
569 505
569 554
569 633
569 697
569 761
569 959
570 378
570 442
570 506
570 634
570 698
570 762
570 875
571 3
571 379
571 443
571 507
571 573
571 635
571 699
571 763
572 380
572 444
572 508
572 636
572 700
572 764
572 1225
573 3
573 381
573 445
573 509
573 571
573 637
573 701
573 765
574 382
574 446
574 510
574 638
574 702
574 766
575 383
575 447
575 511
575 639
575 703
575 767
575 1263
576 101
576 214
576 278
576 293
576 384
576 448
576 512
576 594
576 640
576 704
576 768
576 806
576 834
576 863
576 1045
576 1107
577 385
577 449
577 513
577 641
577 705
577 745
577 769
578 95
578 386
578 450
578 514
578 642
578 706
578 770
579 298
579 343
579 387
579 451
579 515
579 643
579 707
579 771
579 1059
580 4
580 6
580 11
580 14
580 15
580 17
580 29
580 30
580 34
580 68
580 70
580 71
580 74
580 75
580 76
580 77
580 78
580 79
580 81
580 85
580 86
580 93
580 98
580 102
580 132
580 134
580 135
580 142
580 145
580 162
580 196
580 198
580 199
580 206
580 207
580 209
580 213
580 221
580 226
580 260
580 262
580 270
580 271
580 273
580 277
580 285
580 290
580 294
580 324
580 326
580 334
580 335
580 337
580 341
580 342
580 354
580 388
580 390
580 395
580 396
580 398
580 399
580 401
580 405
580 406
580 413
580 418
580 420
580 422
580 438
580 452
580 454
580 460
580 462
580 463
580 465
580 469
580 477
580 482
580 486
580 516
580 518
580 526
580 527
580 529
580 530
580 541
580 546
580 582
580 590
580 591
580 593
580 605
580 644
580 646
580 652
580 654
580 655
580 657
580 669
580 674
580 708
580 710
580 718
580 719
580 721
580 733
580 738
580 772
580 773
580 774
580 782
580 783
580 785
580 789
580 797
580 802
580 832
580 836
580 838
580 843
580 844
580 845
580 846
580 847
580 849
580 850
580 853
580 854
580 861
580 862
580 866
580 868
580 870
580 896
580 900
580 902
580 910
580 911
580 913
580 917
580 918
580 925
580 928
580 930
580 932
580 934
580 964
580 966
580 974
580 975
580 977
580 989
580 1028
580 1030
580 1031
580 1038
580 1039
580 1041
580 1053
580 1092
580 1094
580 1100
580 1102
580 1103
580 1105
580 1106
580 1109
580 1116
580 1117
580 1122
580 1152
580 1156
580 1158
580 1159
580 1164
580 1166
580 1167
580 1169
580 1173
580 1174
580 1181
580 1220
580 1221
580 1222
580 1230
580 1231
580 1233
580 1243
580 1245
581 9
581 69
581 137
581 197
581 263
581 325
581 389
581 453
581 455
581 517
581 521
581 645
581 672
581 709
581 711
581 773
581 777
581 841
581 903
581 967
581 1029
581 1095
581 1157
581 1223
582 4
582 6
582 7
582 11
582 14
582 15
582 17
582 29
582 30
582 34
582 38
582 68
582 70
582 71
582 74
582 75
582 76
582 77
582 78
582 79
582 81
582 85
582 86
582 93
582 96
582 98
582 100
582 102
582 132
582 134
582 135
582 142
582 143
582 145
582 158
582 162
582 196
582 198
582 199
582 204
582 206
582 207
582 209
582 213
582 221
582 226
582 260
582 262
582 265
582 267
582 270
582 271
582 273
582 277
582 285
582 290
582 294
582 324
582 326
582 334
582 335
582 337
582 341
582 342
582 349
582 354
582 388
582 390
582 395
582 396
582 398
582 399
582 401
582 405
582 406
582 413
582 418
582 420
582 421
582 422
582 438
582 439
582 452
582 453
582 454
582 460
582 462
582 463
582 465
582 466
582 469
582 477
582 482
582 486
582 516
582 518
582 526
582 527
582 529
582 530
582 533
582 540
582 541
582 546
582 580
582 588
582 590
582 591
582 593
582 605
582 610
582 644
582 646
582 652
582 654
582 655
582 657
582 667
582 669
582 674
582 708
582 710
582 716
582 718
582 719
582 721
582 733
582 738
582 768
582 772
582 773
582 774
582 779
582 782
582 783
582 785
582 789
582 797
582 802
582 832
582 836
582 838
582 843
582 844
582 845
582 847
582 849
582 850
582 853
582 854
582 861
582 862
582 866
582 868
582 870
582 896
582 900
582 902
582 911
582 913
582 917
582 918
582 925
582 928
582 930
582 932
582 934
582 949
582 964
582 965
582 966
582 974
582 975
582 977
582 989
582 1028
582 1030
582 1031
582 1038
582 1039
582 1041
582 1053
582 1088
582 1092
582 1093
582 1094
582 1100
582 1102
582 1103
582 1105
582 1106
582 1109
582 1110
582 1116
582 1117
582 1120
582 1122
582 1126
582 1132
582 1152
582 1156
582 1158
582 1159
582 1164
582 1166
582 1167
582 1169
582 1173
582 1174
582 1180
582 1181
582 1220
582 1221
582 1222
582 1230
582 1231
582 1233
582 1243
582 1245
582 1248
583 12
583 22
583 36
583 64
583 92
583 149
583 203
583 205
583 210
583 219
583 220
583 229
583 266
583 269
583 274
583 292
583 332
583 356
583 358
583 386
583 391
583 397
583 402
583 455
583 459
583 517
583 519
583 548
583 647
583 653
583 661
583 678
583 704
583 709
583 711
583 725
583 726
583 742
583 775
583 780
583 837
583 887
583 901
583 908
583 914
583 924
583 926
583 951
583 972
583 981
583 994
583 998
583 1058
583 1062
583 1162
583 1163
583 1170
583 1186
583 1190
583 1246
583 1254
584 392
584 431
584 456
584 520
584 562
584 648
584 712
584 776
585 181
585 393
585 457
585 521
585 649
585 713
585 777
586 157
586 394
586 458
586 522
586 650
586 714
586 778
586 1042
587 395
587 459
587 523
587 651
587 715
587 779
588 4
588 7
588 11
588 12
588 15
588 29
588 34
588 36
588 38
588 74
588 75
588 76
588 77
588 82
588 86
588 92
588 96
588 100
588 132
588 134
588 135
588 142
588 143
588 149
588 158
588 162
588 198
588 203
588 204
588 205
588 220
588 226
588 229
588 265
588 267
588 268
588 274
588 285
588 292
588 294
588 327
588 335
588 341
588 342
588 349
588 354
588 358
588 386
588 395
588 396
588 397
588 402
588 406
588 418
588 420
588 421
588 422
588 438
588 439
588 453
588 459
588 460
588 463
588 466
588 469
588 482
588 486
588 517
588 524
588 527
588 530
588 533
588 540
588 546
588 548
588 550
588 582
588 591
588 593
588 597
588 605
588 610
588 646
588 647
588 652
588 654
588 655
588 658
588 661
588 667
588 678
588 709
588 710
588 716
588 719
588 725
588 738
588 742
588 768
588 773
588 774
588 779
588 780
588 783
588 789
588 797
588 802
588 832
588 843
588 844
588 850
588 854
588 859
588 862
588 866
588 868
588 870
588 887
588 896
588 901
588 907
588 917
588 918
588 924
588 928
588 930
588 932
588 934
588 949
588 951
588 960
588 964
588 965
588 966
588 972
588 977
588 981
588 989
588 994
588 998
588 1031
588 1039
588 1041
588 1053
588 1058
588 1088
588 1093
588 1106
588 1109
588 1110
588 1116
588 1120
588 1122
588 1126
588 1132
588 1152
588 1159
588 1163
588 1164
588 1167
588 1170
588 1173
588 1174
588 1180
588 1190
588 1216
588 1220
588 1221
588 1222
588 1243
588 1248
588 1250
588 1254
589 397
589 461
589 525
589 653
589 717
589 781
590 4
590 6
590 14
590 15
590 17
590 30
590 34
590 68
590 70
590 71
590 75
590 76
590 78
590 79
590 81
590 85
590 93
590 98
590 102
590 132
590 134
590 145
590 196
590 199
590 206
590 207
590 209
590 213
590 221
590 260
590 262
590 270
590 271
590 273
590 277
590 285
590 290
590 294
590 324
590 326
590 334
590 335
590 337
590 341
590 388
590 390
590 395
590 396
590 398
590 399
590 401
590 405
590 406
590 413
590 418
590 438
590 452
590 454
590 462
590 463
590 465
590 477
590 516
590 518
590 526
590 527
590 529
590 541
590 546
590 580
590 582
590 593
590 644
590 646
590 652
590 654
590 657
590 669
590 674
590 708
590 718
590 721
590 733
590 738
590 772
590 774
590 782
590 783
590 785
590 797
590 832
590 836
590 838
590 844
590 845
590 846
590 847
590 849
590 853
590 861
590 862
590 866
590 868
590 870
590 900
590 902
590 910
590 911
590 913
590 917
590 925
590 928
590 930
590 934
590 964
590 966
590 974
590 975
590 989
590 1028
590 1030
590 1038
590 1041
590 1092
590 1094
590 1100
590 1102
590 1103
590 1105
590 1109
590 1117
590 1152
590 1156
590 1158
590 1159
590 1164
590 1166
590 1167
590 1169
590 1181
590 1220
590 1222
590 1230
590 1231
590 1233
590 1243
590 1245
591 4
591 6
591 7
591 11
591 14
591 15
591 17
591 29
591 30
591 34
591 38
591 68
591 74
591 75
591 76
591 77
591 81
591 82
591 85
591 86
591 96
591 98
591 100
591 102
591 132
591 134
591 135
591 142
591 143
591 145
591 158
591 162
591 196
591 198
591 199
591 204
591 206
591 207
591 209
591 213
591 220
591 221
591 226
591 260
591 262
591 265
591 267
591 268
591 270
591 271
591 273
591 274
591 277
591 285
591 290
591 294
591 324
591 326
591 327
591 334
591 335
591 337
591 341
591 342
591 349
591 354
591 390
591 395
591 396
591 397
591 399
591 401
591 405
591 406
591 413
591 418
591 420
591 421
591 422
591 438
591 439
591 452
591 453
591 454
591 460
591 462
591 463
591 465
591 466
591 469
591 477
591 482
591 486
591 516
591 517
591 518
591 526
591 527
591 529
591 530
591 533
591 540
591 541
591 546
591 550
591 580
591 582
591 588
591 593
591 597
591 605
591 610
591 644
591 646
591 647
591 652
591 654
591 655
591 657
591 658
591 661
591 667
591 669
591 674
591 678
591 708
591 710
591 716
591 718
591 719
591 721
591 733
591 738
591 768
591 772
591 773
591 774
591 779
591 783
591 785
591 789
591 797
591 802
591 832
591 836
591 838
591 843
591 844
591 845
591 847
591 849
591 850
591 853
591 854
591 859
591 861
591 862
591 866
591 868
591 870
591 896
591 900
591 902
591 907
591 913
591 917
591 918
591 925
591 928
591 930
591 932
591 934
591 949
591 951
591 960
591 964
591 965
591 966
591 975
591 977
591 989
591 998
591 1028
591 1030
591 1031
591 1038
591 1039
591 1041
591 1053
591 1058
591 1088
591 1092
591 1093
591 1094
591 1100
591 1102
591 1103
591 1105
591 1106
591 1109
591 1110
591 1116
591 1117
591 1120
591 1122
591 1126
591 1132
591 1152
591 1156
591 1158
591 1159
591 1164
591 1167
591 1169
591 1173
591 1174
591 1180
591 1181
591 1216
591 1220
591 1221
591 1222
591 1230
591 1231
591 1233
591 1243
591 1245
591 1248
591 1250
591 1254
592 171
592 400
592 464
592 528
592 656
592 703
592 720
592 784
592 817
593 4
593 6
593 7
593 11
593 14
593 15
593 17
593 29
593 30
593 34
593 38
593 68
593 70
593 71
593 74
593 75
593 76
593 77
593 78
593 79
593 81
593 85
593 86
593 93
593 96
593 98
593 100
593 102
593 132
593 134
593 135
593 142
593 143
593 145
593 158
593 162
593 196
593 198
593 199
593 204
593 206
593 207
593 209
593 213
593 221
593 226
593 260
593 262
593 265
593 267
593 270
593 271
593 273
593 277
593 285
593 290
593 294
593 324
593 326
593 334
593 335
593 337
593 341
593 342
593 349
593 354
593 388
593 390
593 395
593 396
593 398
593 399
593 401
593 405
593 406
593 413
593 418
593 420
593 421
593 422
593 438
593 439
593 452
593 453
593 454
593 460
593 462
593 463
593 465
593 466
593 469
593 477
593 482
593 486
593 516
593 518
593 526
593 527
593 529
593 530
593 533
593 540
593 541
593 546
593 580
593 582
593 588
593 590
593 591
593 605
593 610
593 644
593 646
593 652
593 654
593 655
593 657
593 667
593 669
593 674
593 708
593 710
593 718
593 719
593 721
593 733
593 738
593 772
593 773
593 774
593 782
593 783
593 785
593 789
593 797
593 802
593 832
593 836
593 838
593 843
593 844
593 845
593 847
593 849
593 850
593 853
593 854
593 861
593 862
593 866
593 868
593 870
593 896
593 900
593 902
593 911
593 913
593 917
593 918
593 925
593 928
593 930
593 932
593 934
593 949
593 964
593 965
593 966
593 974
593 975
593 977
593 989
593 1028
593 1030
593 1031
593 1038
593 1039
593 1041
593 1053
593 1088
593 1092
593 1093
593 1094
593 1100
593 1102
593 1103
593 1105
593 1106
593 1109
593 1110
593 1116
593 1117
593 1120
593 1122
593 1126
593 1132
593 1152
593 1156
593 1158
593 1159
593 1164
593 1166
593 1167
593 1169
593 1173
593 1174
593 1180
593 1181
593 1220
593 1221
593 1222
593 1230
593 1231
593 1233
593 1243
593 1245
593 1248
594 101
594 214
594 278
594 293
594 356
594 402
594 466
594 530
594 576
594 658
594 722
594 786
594 806
594 834
594 863
594 908
594 1045
594 1062
594 1107
595 403
595 467
595 531
595 659
595 723
595 787
596 154
596 369
596 404
596 468
596 532
596 660
596 724
596 788
596 1075
597 7
597 11
597 12
597 15
597 29
597 34
597 36
597 38
597 74
597 75
597 77
597 82
597 86
597 92
597 96
597 100
597 132
597 134
597 135
597 142
597 143
597 149
597 158
597 162
597 198
597 203
597 204
597 205
597 220
597 226
597 229
597 265
597 266
597 267
597 268
597 274
597 285
597 292
597 294
597 327
597 335
597 342
597 349
597 354
597 358
597 386
597 395
597 397
597 402
597 405
597 406
597 420
597 421
597 422
597 438
597 439
597 453
597 459
597 460
597 466
597 469
597 482
597 486
597 517
597 527
597 530
597 533
597 540
597 546
597 548
597 550
597 588
597 591
597 605
597 610
597 647
597 652
597 655
597 658
597 661
597 667
597 678
597 709
597 710
597 716
597 719
597 725
597 738
597 742
597 768
597 773
597 774
597 779
597 780
597 783
597 789
597 802
597 843
597 844
597 850
597 854
597 859
597 868
597 870
597 887
597 896
597 901
597 907
597 918
597 924
597 928
597 930
597 932
597 934
597 949
597 951
597 960
597 965
597 972
597 977
597 981
597 994
597 998
597 1031
597 1039
597 1041
597 1053
597 1058
597 1088
597 1093
597 1106
597 1109
597 1110
597 1116
597 1120
597 1122
597 1126
597 1132
597 1162
597 1163
597 1164
597 1170
597 1173
597 1174
597 1180
597 1190
597 1216
597 1221
597 1243
597 1248
597 1250
597 1254
598 406
598 470
598 534
598 662
598 726
598 790
599 407
599 471
599 535
599 663
599 727
599 791
599 1080
599 1215
600 408
600 472
600 536
600 664
600 728
600 792
601 409
601 468
601 473
601 537
601 660
601 665
601 729
601 793
601 922
602 39
602 410
602 474
602 538
602 666
602 730
602 794
603 411
603 475
603 539
603 667
603 731
603 770
603 795
604 412
604 476
604 540
604 668
604 732
604 796
605 4
605 7
605 11
605 12
605 15
605 29
605 30
605 34
605 36
605 38
605 74
605 75
605 76
605 77
605 82
605 85
605 86
605 96
605 98
605 100
605 102
605 132
605 134
605 135
605 142
605 143
605 145
605 158
605 162
605 198
605 199
605 203
605 204
605 205
605 207
605 209
605 220
605 226
605 265
605 267
605 268
605 274
605 277
605 285
605 290
605 292
605 294
605 324
605 326
605 327
605 334
605 335
605 341
605 342
605 349
605 354
605 386
605 395
605 397
605 402
605 405
605 406
605 413
605 418
605 420
605 421
605 422
605 438
605 439
605 453
605 454
605 460
605 462
605 463
605 466
605 469
605 477
605 482
605 486
605 516
605 517
605 518
605 526
605 527
605 529
605 530
605 533
605 540
605 541
605 546
605 550
605 580
605 582
605 588
605 591
605 593
605 597
605 610
605 646
605 647
605 652
605 654
605 655
605 658
605 661
605 667
605 669
605 678
605 708
605 709
605 710
605 716
605 719
605 721
605 733
605 738
605 768
605 773
605 774
605 779
605 780
605 783
605 785
605 789
605 797
605 802
605 832
605 843
605 844
605 850
605 853
605 854
605 859
605 862
605 866
605 868
605 870
605 896
605 907
605 913
605 917
605 918
605 924
605 925
605 928
605 930
605 932
605 934
605 949
605 951
605 960
605 964
605 965
605 966
605 975
605 977
605 981
605 989
605 994
605 998
605 1028
605 1030
605 1031
605 1039
605 1041
605 1053
605 1058
605 1088
605 1093
605 1100
605 1106
605 1109
605 1110
605 1116
605 1120
605 1122
605 1126
605 1132
605 1152
605 1159
605 1163
605 1164
605 1167
605 1170
605 1173
605 1174
605 1180
605 1190
605 1216
605 1220
605 1221
605 1222
605 1230
605 1231
605 1233
605 1243
605 1248
605 1250
605 1254
606 231
606 414
606 478
606 542
606 670
606 734
606 798
607 121
607 415
607 479
607 543
607 618
607 671
607 735
607 799
608 415
608 416
608 478
608 480
608 544
608 662
608 672
608 736
608 800
609 417
609 481
609 545
609 673
609 737
609 801
609 1137
610 4
610 7
610 11
610 12
610 15
610 29
610 30
610 34
610 36
610 38
610 74
610 75
610 76
610 77
610 82
610 85
610 86
610 92
610 96
610 98
610 100
610 102
610 132
610 134
610 135
610 142
610 143
610 145
610 149
610 158
610 162
610 198
610 199
610 203
610 204
610 205
610 220
610 226
610 265
610 267
610 268
610 274
610 285
610 290
610 292
610 294
610 327
610 334
610 335
610 341
610 342
610 349
610 354
610 358
610 386
610 395
610 397
610 402
610 406
610 418
610 420
610 421
610 422
610 438
610 439
610 453
610 459
610 460
610 463
610 466
610 469
610 482
610 486
610 517
610 527
610 529
610 530
610 533
610 540
610 541
610 546
610 548
610 550
610 582
610 588
610 591
610 593
610 597
610 605
610 646
610 647
610 652
610 654
610 655
610 658
610 661
610 667
610 674
610 678
610 709
610 710
610 716
610 719
610 721
610 725
610 738
610 768
610 773
610 774
610 779
610 780
610 783
610 789
610 797
610 802
610 832
610 843
610 844
610 850
610 854
610 859
610 862
610 866
610 868
610 870
610 887
610 896
610 901
610 907
610 913
610 917
610 918
610 924
610 928
610 930
610 932
610 934
610 949
610 951
610 960
610 964
610 965
610 966
610 977
610 981
610 989
610 994
610 998
610 1028
610 1030
610 1031
610 1039
610 1041
610 1053
610 1058
610 1088
610 1093
610 1100
610 1106
610 1109
610 1110
610 1116
610 1120
610 1122
610 1126
610 1132
610 1152
610 1159
610 1163
610 1164
610 1167
610 1170
610 1173
610 1174
610 1180
610 1190
610 1216
610 1220
610 1221
610 1222
610 1230
610 1231
610 1233
610 1243
610 1248
610 1250
610 1254
611 419
611 483
611 547
611 675
611 739
611 803
611 1131
611 1242
611 1267
612 116
612 420
612 484
612 548
612 676
612 740
612 804
613 373
613 421
613 485
613 549
613 677
613 741
613 805
614 422
614 486
614 550
614 678
614 742
614 806
615 423
615 487
615 551
615 679
615 743
615 807
616 170
616 424
616 488
616 552
616 680
616 744
616 808
616 1265
616 1273
617 126
617 425
617 433
617 489
617 553
617 681
617 745
617 809
617 899
617 976
618 121
618 426
618 490
618 554
618 607
618 682
618 746
618 810
619 427
619 491
619 555
619 683
619 747
619 811
619 1044
620 106
620 428
620 492
620 556
620 684
620 748
620 812
620 1217
621 429
621 493
621 557
621 568
621 681
621 685
621 749
621 813
621 1136
621 1200
622 430
622 494
622 558
622 686
622 750
622 814
623 431
623 495
623 559
623 687
623 751
623 815
624 42
624 432
624 496
624 560
624 688
624 746
624 752
624 816
624 1072
625 433
625 497
625 561
625 689
625 753
625 817
626 110
626 434
626 498
626 562
626 690
626 754
626 818
627 435
627 499
627 563
627 691
627 755
627 819
628 436
628 500
628 564
628 692
628 756
628 820
628 1214
629 351
629 437
629 501
629 561
629 565
629 693
629 757
629 805
629 821
629 1239
630 438
630 502
630 566
630 694
630 758
630 822
630 1228
631 439
631 503
631 567
631 695
631 759
631 823
632 440
632 504
632 568
632 696
632 760
632 824
632 881
633 173
633 441
633 494
633 505
633 569
633 697
633 761
633 825
633 1048
634 442
634 506
634 570
634 698
634 762
634 826
634 1073
635 443
635 507
635 571
635 699
635 763
635 827
636 444
636 508
636 572
636 700
636 764
636 828
636 1023
637 445
637 509
637 573
637 701
637 765
637 829
638 446
638 510
638 574
638 702
638 766
638 830
639 447
639 511
639 575
639 703
639 767
639 831
639 1003
640 448
640 512
640 576
640 704
640 768
640 832
641 449
641 506
641 513
641 577
641 705
641 769
641 833
642 67
642 450
642 514
642 578
642 706
642 770
642 834
642 1257
643 451
643 515
643 579
643 707
643 771
643 835
643 995
643 1198
644 4
644 6
644 14
644 15
644 17
644 30
644 34
644 68
644 70
644 71
644 75
644 76
644 78
644 79
644 81
644 85
644 93
644 98
644 102
644 132
644 134
644 145
644 196
644 198
644 199
644 206
644 207
644 209
644 213
644 221
644 260
644 262
644 270
644 271
644 273
644 277
644 285
644 290
644 294
644 324
644 326
644 334
644 335
644 337
644 341
644 388
644 390
644 395
644 396
644 398
644 399
644 401
644 405
644 406
644 413
644 418
644 420
644 438
644 452
644 454
644 460
644 462
644 463
644 465
644 477
644 516
644 518
644 526
644 527
644 529
644 541
644 546
644 580
644 582
644 590
644 591
644 593
644 646
644 652
644 654
644 657
644 669
644 674
644 708
644 710
644 718
644 719
644 721
644 733
644 738
644 772
644 774
644 782
644 783
644 785
644 789
644 797
644 832
644 836
644 838
644 843
644 844
644 845
644 846
644 847
644 849
644 850
644 853
644 861
644 862
644 866
644 868
644 870
644 900
644 902
644 910
644 911
644 913
644 917
644 918
644 925
644 928
644 930
644 934
644 964
644 966
644 974
644 975
644 977
644 989
644 1028
644 1030
644 1038
644 1041
644 1092
644 1094
644 1100
644 1102
644 1103
644 1105
644 1109
644 1117
644 1152
644 1156
644 1158
644 1159
644 1164
644 1166
644 1167
644 1169
644 1173
644 1174
644 1181
644 1220
644 1221
644 1222
644 1230
644 1231
644 1233
644 1243
644 1245
645 9
645 69
645 137
645 197
645 263
645 325
645 389
645 453
645 455
645 517
645 521
645 581
645 672
645 709
645 711
645 773
645 777
645 837
645 841
645 903
645 967
645 1029
645 1095
645 1157
645 1223
646 4
646 6
646 7
646 11
646 14
646 15
646 17
646 29
646 30
646 34
646 38
646 68
646 70
646 71
646 74
646 75
646 76
646 77
646 78
646 79
646 81
646 85
646 86
646 93
646 96
646 98
646 100
646 102
646 132
646 134
646 135
646 142
646 143
646 145
646 158
646 162
646 196
646 198
646 199
646 204
646 206
646 207
646 209
646 213
646 221
646 226
646 260
646 262
646 265
646 267
646 270
646 271
646 273
646 277
646 285
646 290
646 294
646 324
646 326
646 334
646 335
646 337
646 341
646 342
646 349
646 354
646 388
646 390
646 395
646 396
646 398
646 399
646 401
646 405
646 406
646 413
646 418
646 420
646 421
646 422
646 438
646 439
646 452
646 453
646 454
646 460
646 462
646 463
646 465
646 466
646 469
646 477
646 482
646 486
646 516
646 518
646 526
646 527
646 529
646 530
646 533
646 540
646 541
646 546
646 580
646 582
646 588
646 590
646 591
646 593
646 605
646 610
646 644
646 652
646 654
646 655
646 657
646 667
646 669
646 674
646 708
646 710
646 716
646 718
646 719
646 721
646 733
646 738
646 768
646 772
646 773
646 774
646 782
646 783
646 785
646 789
646 797
646 802
646 832
646 836
646 838
646 843
646 844
646 845
646 847
646 849
646 850
646 853
646 854
646 861
646 862
646 866
646 868
646 870
646 896
646 900
646 902
646 911
646 913
646 917
646 918
646 925
646 928
646 930
646 932
646 934
646 949
646 964
646 965
646 966
646 974
646 975
646 977
646 989
646 1028
646 1030
646 1031
646 1038
646 1039
646 1041
646 1053
646 1088
646 1092
646 1093
646 1094
646 1100
646 1102
646 1103
646 1105
646 1106
646 1109
646 1110
646 1116
646 1117
646 1120
646 1122
646 1126
646 1132
646 1152
646 1156
646 1158
646 1159
646 1164
646 1166
646 1167
646 1169
646 1173
646 1174
646 1180
646 1181
646 1220
646 1221
646 1222
646 1230
646 1231
646 1233
646 1243
646 1245
646 1248
647 7
647 11
647 12
647 29
647 34
647 36
647 38
647 74
647 75
647 77
647 82
647 86
647 92
647 96
647 100
647 134
647 135
647 142
647 143
647 149
647 158
647 162
647 198
647 203
647 204
647 205
647 220
647 226
647 229
647 265
647 266
647 267
647 268
647 269
647 274
647 292
647 294
647 327
647 332
647 342
647 349
647 354
647 358
647 386
647 395
647 397
647 402
647 420
647 421
647 422
647 439
647 453
647 455
647 459
647 460
647 466
647 469
647 482
647 486
647 517
647 519
647 527
647 530
647 533
647 540
647 546
647 548
647 550
647 583
647 588
647 591
647 597
647 605
647 610
647 652
647 653
647 655
647 658
647 661
647 667
647 678
647 709
647 710
647 711
647 716
647 719
647 725
647 742
647 768
647 773
647 774
647 775
647 779
647 780
647 783
647 789
647 802
647 837
647 839
647 843
647 844
647 850
647 854
647 859
647 887
647 896
647 901
647 907
647 918
647 924
647 928
647 930
647 932
647 949
647 951
647 960
647 965
647 972
647 977
647 981
647 994
647 998
647 1031
647 1039
647 1041
647 1053
647 1058
647 1088
647 1093
647 1106
647 1110
647 1116
647 1120
647 1122
647 1126
647 1132
647 1162
647 1163
647 1164
647 1170
647 1173
647 1174
647 1180
647 1190
647 1216
647 1221
647 1243
647 1248
647 1250
647 1254
648 456
648 520
648 584
648 712
648 776
648 840
649 457
649 521
649 585
649 713
649 777
649 841
650 172
650 296
650 458
650 522
650 586
650 714
650 778
650 842
651 459
651 523
651 587
651 715
651 779
651 840
651 843
652 4
652 6
652 7
652 11
652 14
652 15
652 17
652 29
652 30
652 34
652 38
652 68
652 70
652 74
652 75
652 76
652 77
652 78
652 79
652 81
652 82
652 85
652 86
652 93
652 96
652 98
652 100
652 102
652 132
652 134
652 135
652 142
652 143
652 145
652 158
652 162
652 196
652 198
652 199
652 204
652 206
652 207
652 209
652 213
652 221
652 226
652 260
652 262
652 265
652 267
652 268
652 270
652 271
652 273
652 277
652 285
652 290
652 294
652 324
652 326
652 327
652 334
652 335
652 337
652 341
652 342
652 349
652 354
652 390
652 395
652 396
652 399
652 401
652 405
652 406
652 413
652 418
652 420
652 421
652 422
652 438
652 439
652 452
652 453
652 454
652 460
652 462
652 463
652 465
652 466
652 469
652 477
652 482
652 486
652 516
652 518
652 524
652 526
652 527
652 529
652 530
652 533
652 540
652 541
652 546
652 550
652 580
652 582
652 588
652 590
652 591
652 593
652 597
652 605
652 610
652 644
652 646
652 647
652 654
652 655
652 657
652 658
652 667
652 669
652 674
652 708
652 710
652 716
652 718
652 719
652 721
652 733
652 738
652 768
652 772
652 773
652 774
652 779
652 780
652 782
652 783
652 785
652 789
652 797
652 802
652 832
652 836
652 838
652 843
652 844
652 845
652 847
652 849
652 850
652 853
652 854
652 859
652 861
652 862
652 866
652 868
652 870
652 896
652 900
652 902
652 907
652 911
652 913
652 917
652 918
652 925
652 928
652 930
652 932
652 934
652 949
652 960
652 964
652 965
652 966
652 974
652 975
652 977
652 989
652 1028
652 1030
652 1031
652 1038
652 1039
652 1041
652 1053
652 1088
652 1092
652 1093
652 1094
652 1100
652 1102
652 1103
652 1105
652 1106
652 1109
652 1110
652 1116
652 1117
652 1120
652 1122
652 1126
652 1132
652 1152
652 1156
652 1158
652 1159
652 1164
652 1167
652 1169
652 1173
652 1174
652 1180
652 1181
652 1216
652 1220
652 1221
652 1222
652 1230
652 1231
652 1233
652 1243
652 1245
652 1248
652 1250
653 12
653 22
653 36
653 64
653 92
653 149
653 203
653 205
653 210
653 219
653 220
653 229
653 266
653 269
653 274
653 292
653 332
653 358
653 386
653 391
653 397
653 402
653 459
653 461
653 517
653 525
653 548
653 583
653 589
653 647
653 658
653 661
653 678
653 704
653 709
653 717
653 725
653 726
653 742
653 780
653 781
653 837
653 845
653 887
653 901
653 914
653 924
653 926
653 951
653 960
653 972
653 981
653 994
653 998
653 1058
653 1062
653 1162
653 1163
653 1170
653 1186
653 1190
653 1216
653 1246
653 1254
654 4
654 6
654 7
654 11
654 14
654 15
654 17
654 29
654 30
654 34
654 38
654 68
654 70
654 71
654 74
654 75
654 76
654 77
654 78
654 79
654 81
654 85
654 86
654 93
654 96
654 98
654 100
654 102
654 132
654 134
654 135
654 142
654 143
654 145
654 158
654 162
654 196
654 198
654 199
654 204
654 206
654 207
654 209
654 213
654 221
654 226
654 260
654 262
654 265
654 270
654 271
654 273
654 277
654 285
654 290
654 294
654 324
654 326
654 334
654 335
654 337
654 341
654 342
654 349
654 354
654 388
654 390
654 395
654 396
654 398
654 399
654 401
654 405
654 406
654 413
654 418
654 420
654 421
654 422
654 438
654 439
654 452
654 454
654 460
654 462
654 463
654 465
654 466
654 469
654 477
654 482
654 486
654 516
654 518
654 526
654 527
654 529
654 530
654 533
654 540
654 541
654 546
654 580
654 582
654 588
654 590
654 591
654 593
654 605
654 610
654 644
654 646
654 652
654 655
654 657
654 669
654 674
654 708
654 710
654 718
654 719
654 721
654 733
654 738
654 772
654 773
654 774
654 782
654 783
654 785
654 789
654 797
654 802
654 832
654 836
654 838
654 843
654 844
654 845
654 846
654 847
654 849
654 850
654 853
654 854
654 861
654 862
654 866
654 868
654 870
654 896
654 900
654 902
654 911
654 913
654 917
654 918
654 925
654 928
654 930
654 932
654 934
654 949
654 964
654 965
654 966
654 974
654 975
654 977
654 989
654 1028
654 1030
654 1031
654 1038
654 1039
654 1041
654 1053
654 1088
654 1092
654 1093
654 1094
654 1100
654 1102
654 1103
654 1105
654 1106
654 1109
654 1110
654 1116
654 1117
654 1120
654 1122
654 1132
654 1152
654 1156
654 1158
654 1159
654 1164
654 1166
654 1167
654 1169
654 1173
654 1174
654 1180
654 1181
654 1220
654 1221
654 1222
654 1230
654 1231
654 1233
654 1243
654 1245
654 1248
655 4
655 7
655 11
655 12
655 15
655 29
655 30
655 34
655 36
655 38
655 74
655 75
655 76
655 77
655 82
655 85
655 86
655 96
655 98
655 100
655 102
655 132
655 134
655 135
655 142
655 143
655 145
655 158
655 162
655 198
655 199
655 203
655 204
655 207
655 209
655 213
655 220
655 226
655 265
655 267
655 268
655 274
655 277
655 285
655 290
655 292
655 294
655 324
655 326
655 327
655 334
655 335
655 337
655 341
655 342
655 349
655 354
655 395
655 396
655 397
655 405
655 406
655 413
655 418
655 420
655 421
655 422
655 438
655 439
655 452
655 453
655 454
655 460
655 462
655 463
655 466
655 469
655 482
655 486
655 516
655 517
655 518
655 526
655 527
655 529
655 530
655 533
655 540
655 541
655 546
655 550
655 580
655 582
655 588
655 591
655 593
655 597
655 605
655 610
655 646
655 647
655 652
655 654
655 658
655 661
655 667
655 669
655 674
655 678
655 708
655 709
655 710
655 716
655 719
655 721
655 733
655 738
655 768
655 772
655 773
655 774
655 779
655 780
655 783
655 785
655 789
655 797
655 802
655 832
655 843
655 844
655 845
655 847
655 849
655 850
655 853
655 854
655 859
655 862
655 866
655 868
655 870
655 896
655 902
655 907
655 913
655 917
655 918
655 925
655 928
655 930
655 932
655 934
655 949
655 951
655 960
655 964
655 965
655 966
655 975
655 977
655 981
655 989
655 994
655 998
655 1028
655 1030
655 1031
655 1039
655 1041
655 1053
655 1058
655 1088
655 1093
655 1100
655 1102
655 1106
655 1109
655 1110
655 1116
655 1120
655 1122
655 1126
655 1132
655 1152
655 1159
655 1163
655 1164
655 1167
655 1170
655 1173
655 1174
655 1180
655 1190
655 1216
655 1220
655 1221
655 1222
655 1230
655 1231
655 1233
655 1243
655 1248
655 1250
655 1254
656 464
656 528
656 592
656 720
656 784
656 848
656 948
657 4
657 6
657 14
657 15
657 17
657 29
657 30
657 34
657 68
657 70
657 71
657 75
657 76
657 77
657 78
657 79
657 81
657 85
657 93
657 98
657 102
657 132
657 134
657 135
657 145
657 196
657 198
657 199
657 206
657 207
657 209
657 213
657 221
657 260
657 262
657 270
657 271
657 273
657 277
657 285
657 290
657 294
657 324
657 326
657 334
657 335
657 337
657 341
657 354
657 388
657 390
657 395
657 396
657 398
657 399
657 401
657 405
657 406
657 413
657 418
657 420
657 422
657 438
657 452
657 454
657 460
657 462
657 463
657 465
657 477
657 486
657 516
657 518
657 526
657 527
657 529
657 541
657 546
657 580
657 582
657 590
657 591
657 593
657 644
657 646
657 652
657 654
657 669
657 674
657 708
657 710
657 718
657 719
657 721
657 733
657 738
657 772
657 774
657 782
657 783
657 785
657 789
657 797
657 832
657 836
657 838
657 843
657 844
657 845
657 846
657 847
657 849
657 850
657 853
657 861
657 862
657 866
657 868
657 870
657 896
657 900
657 902
657 910
657 911
657 913
657 917
657 918
657 925
657 928
657 930
657 932
657 934
657 964
657 966
657 974
657 975
657 977
657 989
657 1028
657 1030
657 1038
657 1041
657 1053
657 1092
657 1094
657 1100
657 1102
657 1103
657 1105
657 1106
657 1109
657 1117
657 1152
657 1156
657 1158
657 1159
657 1164
657 1166
657 1167
657 1169
657 1173
657 1174
657 1181
657 1220
657 1221
657 1222
657 1230
657 1231
657 1233
657 1243
657 1245
658 7
658 11
658 12
658 29
658 36
658 38
658 74
658 75
658 77
658 82
658 86
658 92
658 96
658 100
658 134
658 135
658 142
658 143
658 149
658 158
658 162
658 198
658 203
658 204
658 205
658 220
658 226
658 229
658 265
658 266
658 267
658 268
658 269
658 274
658 292
658 327
658 332
658 342
658 349
658 354
658 358
658 386
658 395
658 397
658 402
658 420
658 421
658 422
658 439
658 453
658 459
658 460
658 466
658 469
658 482
658 486
658 517
658 527
658 530
658 533
658 540
658 546
658 548
658 550
658 588
658 591
658 594
658 597
658 605
658 610
658 647
658 652
658 653
658 655
658 661
658 667
658 678
658 709
658 710
658 716
658 719
658 722
658 725
658 742
658 768
658 773
658 774
658 779
658 780
658 783
658 786
658 789
658 802
658 837
658 843
658 844
658 850
658 854
658 859
658 887
658 896
658 901
658 907
658 918
658 924
658 928
658 930
658 932
658 949
658 951
658 960
658 965
658 972
658 977
658 981
658 994
658 998
658 1031
658 1039
658 1041
658 1053
658 1058
658 1088
658 1093
658 1106
658 1110
658 1116
658 1120
658 1122
658 1126
658 1132
658 1162
658 1163
658 1164
658 1170
658 1173
658 1174
658 1180
658 1190
658 1216
658 1221
658 1243
658 1246
658 1248
658 1250
658 1254
659 467
659 531
659 595
659 723
659 787
659 851
659 1078
660 468
660 532
660 596
660 601
660 724
660 788
660 852
660 922
661 7
661 11
661 12
661 29
661 36
661 38
661 74
661 77
661 82
661 86
661 92
661 96
661 100
661 135
661 142
661 143
661 149
661 158
661 162
661 203
661 204
661 205
661 219
661 220
661 226
661 229
661 265
661 266
661 267
661 268
661 269
661 274
661 292
661 327
661 332
661 342
661 349
661 354
661 358
661 386
661 391
661 397
661 402
661 420
661 421
661 422
661 439
661 453
661 459
661 460
661 466
661 469
661 482
661 486
661 517
661 530
661 533
661 540
661 548
661 550
661 583
661 588
661 591
661 597
661 605
661 610
661 647
661 653
661 655
661 658
661 667
661 678
661 704
661 709
661 710
661 716
661 719
661 725
661 726
661 742
661 768
661 773
661 779
661 780
661 789
661 802
661 837
661 843
661 850
661 853
661 854
661 859
661 887
661 896
661 901
661 907
661 924
661 932
661 949
661 951
661 960
661 965
661 972
661 977
661 981
661 994
661 998
661 1031
661 1039
661 1053
661 1058
661 1088
661 1093
661 1106
661 1110
661 1116
661 1120
661 1122
661 1126
661 1132
661 1162
661 1163
661 1170
661 1173
661 1174
661 1180
661 1186
661 1190
661 1216
661 1221
661 1246
661 1248
661 1250
661 1254
662 415
662 470
662 478
662 534
662 598
662 608
662 726
662 790
662 854
663 16
663 471
663 535
663 599
663 727
663 791
663 814
663 855
663 980
663 1240
664 182
664 472
664 502
664 536
664 600
664 728
664 792
664 856
664 1204
665 473
665 537
665 601
665 729
665 791
665 793
665 857
666 152
666 362
666 474
666 538
666 602
666 730
666 794
666 819
666 858
667 4
667 7
667 11
667 12
667 15
667 29
667 34
667 36
667 38
667 74
667 75
667 76
667 77
667 82
667 86
667 92
667 96
667 100
667 132
667 134
667 135
667 142
667 143
667 149
667 158
667 162
667 198
667 203
667 204
667 205
667 220
667 226
667 229
667 265
667 267
667 268
667 274
667 285
667 292
667 294
667 327
667 335
667 342
667 349
667 354
667 358
667 386
667 395
667 397
667 402
667 406
667 418
667 420
667 421
667 422
667 438
667 439
667 453
667 459
667 460
667 466
667 469
667 475
667 482
667 486
667 517
667 527
667 530
667 533
667 539
667 540
667 546
667 548
667 550
667 582
667 588
667 591
667 593
667 597
667 603
667 605
667 610
667 646
667 647
667 652
667 655
667 658
667 661
667 678
667 709
667 710
667 716
667 719
667 725
667 731
667 738
667 742
667 768
667 773
667 774
667 779
667 780
667 783
667 789
667 795
667 797
667 802
667 843
667 844
667 850
667 854
667 859
667 862
667 866
667 868
667 870
667 887
667 896
667 901
667 907
667 917
667 918
667 924
667 928
667 930
667 932
667 934
667 949
667 951
667 960
667 964
667 965
667 966
667 972
667 977
667 981
667 989
667 994
667 998
667 1031
667 1039
667 1041
667 1053
667 1058
667 1088
667 1093
667 1106
667 1109
667 1110
667 1116
667 1120
667 1122
667 1126
667 1132
667 1152
667 1159
667 1163
667 1164
667 1167
667 1170
667 1173
667 1174
667 1180
667 1190
667 1216
667 1220
667 1221
667 1222
667 1243
667 1248
667 1250
667 1254
668 275
668 476
668 540
668 542
668 604
668 732
668 796
668 820
668 860
669 4
669 6
669 11
669 14
669 15
669 17
669 29
669 30
669 34
669 68
669 70
669 71
669 74
669 75
669 76
669 77
669 78
669 79
669 81
669 85
669 86
669 93
669 98
669 102
669 132
669 134
669 135
669 142
669 145
669 162
669 196
669 198
669 199
669 206
669 207
669 209
669 213
669 221
669 226
669 260
669 262
669 270
669 271
669 273
669 277
669 285
669 290
669 294
669 324
669 326
669 334
669 335
669 337
669 341
669 342
669 354
669 388
669 390
669 395
669 396
669 398
669 399
669 401
669 405
669 406
669 413
669 418
669 420
669 422
669 438
669 452
669 454
669 460
669 462
669 463
669 465
669 469
669 477
669 482
669 486
669 516
669 518
669 526
669 527
669 529
669 530
669 541
669 546
669 580
669 582
669 590
669 591
669 593
669 605
669 644
669 646
669 652
669 654
669 655
669 657
669 674
669 708
669 710
669 718
669 719
669 721
669 733
669 738
669 772
669 773
669 774
669 782
669 783
669 785
669 789
669 797
669 802
669 832
669 836
669 838
669 843
669 844
669 845
669 846
669 847
669 849
669 850
669 853
669 854
669 861
669 862
669 866
669 868
669 870
669 896
669 900
669 902
669 910
669 911
669 913
669 917
669 918
669 925
669 928
669 930
669 932
669 934
669 964
669 966
669 974
669 975
669 977
669 989
669 1028
669 1030
669 1031
669 1038
669 1039
669 1041
669 1053
669 1092
669 1094
669 1100
669 1102
669 1103
669 1105
669 1106
669 1109
669 1116
669 1117
669 1122
669 1152
669 1156
669 1158
669 1159
669 1164
669 1166
669 1167
669 1169
669 1173
669 1174
669 1181
669 1220
669 1221
669 1222
669 1230
669 1231
669 1233
669 1243
669 1245
670 478
670 542
670 606
670 734
670 798
670 862
670 970
671 479
671 543
671 607
671 735
671 799
671 863
672 9
672 69
672 137
672 197
672 263
672 325
672 389
672 455
672 480
672 521
672 544
672 581
672 608
672 645
672 711
672 736
672 777
672 800
672 841
672 864
672 903
672 967
672 1029
672 1095
672 1157
672 1223
673 481
673 545
673 609
673 737
673 801
673 865
674 4
674 6
674 11
674 14
674 15
674 17
674 29
674 30
674 34
674 68
674 70
674 71
674 75
674 76
674 77
674 78
674 79
674 81
674 85
674 86
674 93
674 98
674 102
674 132
674 134
674 135
674 142
674 145
674 162
674 196
674 198
674 199
674 206
674 207
674 209
674 213
674 221
674 260
674 262
674 270
674 271
674 273
674 277
674 285
674 290
674 294
674 324
674 326
674 334
674 335
674 337
674 341
674 354
674 388
674 390
674 395
674 396
674 398
674 399
674 401
674 405
674 406
674 413
674 418
674 420
674 422
674 438
674 452
674 454
674 460
674 462
674 463
674 465
674 477
674 482
674 486
674 516
674 518
674 526
674 527
674 529
674 530
674 541
674 546
674 580
674 582
674 590
674 591
674 593
674 610
674 644
674 646
674 652
674 654
674 655
674 657
674 669
674 708
674 710
674 718
674 719
674 721
674 733
674 738
674 772
674 773
674 774
674 782
674 783
674 785
674 789
674 797
674 802
674 832
674 836
674 838
674 843
674 844
674 845
674 846
674 847
674 849
674 850
674 853
674 854
674 861
674 862
674 866
674 868
674 870
674 896
674 900
674 902
674 910
674 911
674 913
674 917
674 918
674 925
674 928
674 930
674 932
674 934
674 964
674 966
674 974
674 975
674 977
674 989
674 1028
674 1030
674 1038
674 1039
674 1041
674 1053
674 1092
674 1094
674 1100
674 1102
674 1103
674 1105
674 1106
674 1109
674 1117
674 1122
674 1152
674 1156
674 1158
674 1159
674 1164
674 1166
674 1167
674 1169
674 1173
674 1174
674 1181
674 1220
674 1221
674 1222
674 1230
674 1231
674 1233
674 1243
674 1245
675 1
675 483
675 547
675 611
675 739
675 803
675 867
675 943
676 484
676 548
676 612
676 740
676 804
676 868
677 485
677 549
677 613
677 741
677 805
677 869
678 7
678 11
678 12
678 29
678 36
678 38
678 74
678 77
678 82
678 86
678 92
678 96
678 100
678 135
678 142
678 143
678 149
678 158
678 162
678 198
678 203
678 204
678 205
678 219
678 220
678 226
678 229
678 265
678 266
678 267
678 268
678 269
678 274
678 292
678 327
678 332
678 342
678 349
678 354
678 358
678 386
678 391
678 397
678 402
678 420
678 421
678 422
678 439
678 453
678 459
678 460
678 466
678 469
678 482
678 486
678 517
678 530
678 533
678 540
678 548
678 550
678 583
678 588
678 591
678 597
678 605
678 610
678 614
678 647
678 653
678 655
678 658
678 661
678 667
678 704
678 709
678 710
678 716
678 719
678 725
678 726
678 742
678 768
678 773
678 779
678 780
678 789
678 802
678 806
678 837
678 843
678 850
678 854
678 859
678 870
678 887
678 896
678 901
678 907
678 918
678 924
678 932
678 949
678 951
678 960
678 965
678 972
678 977
678 981
678 994
678 998
678 1031
678 1039
678 1053
678 1058
678 1088
678 1093
678 1106
678 1110
678 1116
678 1120
678 1122
678 1126
678 1132
678 1162
678 1163
678 1170
678 1173
678 1174
678 1180
678 1186
678 1190
678 1216
678 1221
678 1246
678 1248
678 1250
678 1254
679 487
679 551
679 615
679 743
679 758
679 807
679 871
680 62
680 488
680 552
680 616
680 744
680 808
680 872
680 1020
681 489
681 553
681 568
681 617
681 621
681 745
681 809
681 873
681 1136
681 1200
682 490
682 554
682 618
682 746
682 810
682 874
683 491
683 555
683 619
683 747
683 811
683 875
684 131
684 492
684 556
684 620
684 748
684 812
684 876
684 1025
684 1070
685 493
685 557
685 621
685 749
685 813
685 877
686 494
686 558
686 622
686 750
686 809
686 814
686 878
687 495
687 559
687 623
687 751
687 815
687 879
688 496
688 560
688 624
688 752
688 816
688 880
688 985
688 1209
689 497
689 561
689 625
689 753
689 817
689 881
690 88
690 295
690 426
690 498
690 562
690 626
690 743
690 754
690 818
690 882
691 499
691 511
691 563
691 627
691 755
691 819
691 883
692 240
692 336
692 500
692 564
692 628
692 756
692 820
692 884
693 501
693 565
693 629
693 757
693 821
693 885
694 502
694 566
694 630
694 758
694 822
694 886
695 503
695 567
695 631
695 759
695 823
695 887
695 1033
695 1271
696 387
696 504
696 568
696 632
696 760
696 824
696 888
697 505
697 569
697 633
697 761
697 825
697 889
698 506
698 570
698 634
698 762
698 826
698 890
699 507
699 571
699 635
699 763
699 827
699 891
700 41
700 508
700 572
700 636
700 764
700 828
700 892
701 47
701 370
701 509
701 573
701 637
701 765
701 829
701 893
701 1249
702 253
702 510
702 574
702 638
702 766
702 830
702 894
703 171
703 511
703 575
703 592
703 639
703 767
703 817
703 831
703 895
704 12
704 22
704 36
704 64
704 92
704 149
704 203
704 205
704 210
704 219
704 220
704 229
704 266
704 269
704 274
704 292
704 332
704 356
704 358
704 386
704 391
704 397
704 402
704 459
704 512
704 517
704 548
704 576
704 583
704 640
704 653
704 661
704 678
704 709
704 725
704 726
704 742
704 768
704 780
704 832
704 837
704 887
704 896
704 901
704 908
704 914
704 924
704 926
704 951
704 972
704 981
704 994
704 998
704 1058
704 1062
704 1162
704 1163
704 1170
704 1186
704 1190
704 1246
704 1254
705 513
705 577
705 641
705 769
705 833
705 897
705 1006
706 514
706 578
706 642
706 770
706 834
706 898
707 515
707 579
707 643
707 771
707 835
707 899
708 4
708 6
708 11
708 14
708 15
708 17
708 29
708 30
708 34
708 68
708 70
708 71
708 75
708 76
708 77
708 78
708 79
708 81
708 85
708 86
708 93
708 98
708 102
708 132
708 134
708 135
708 142
708 145
708 162
708 196
708 198
708 199
708 206
708 207
708 209
708 213
708 221
708 260
708 262
708 270
708 271
708 273
708 277
708 285
708 290
708 294
708 324
708 326
708 334
708 335
708 337
708 341
708 354
708 388
708 390
708 395
708 396
708 398
708 399
708 401
708 405
708 406
708 413
708 418
708 420
708 422
708 438
708 452
708 454
708 460
708 462
708 463
708 465
708 469
708 477
708 482
708 486
708 516
708 518
708 526
708 527
708 529
708 530
708 541
708 546
708 580
708 582
708 590
708 591
708 593
708 605
708 644
708 646
708 652
708 654
708 655
708 657
708 669
708 674
708 710
708 718
708 719
708 721
708 733
708 738
708 772
708 773
708 774
708 782
708 783
708 785
708 789
708 797
708 832
708 836
708 838
708 843
708 844
708 845
708 846
708 847
708 849
708 850
708 853
708 854
708 861
708 862
708 866
708 868
708 870
708 896
708 900
708 902
708 910
708 911
708 913
708 917
708 918
708 925
708 928
708 930
708 932
708 934
708 964
708 966
708 974
708 975
708 977
708 989
708 1028
708 1030
708 1038
708 1039
708 1041
708 1053
708 1092
708 1094
708 1100
708 1102
708 1103
708 1105
708 1106
708 1109
708 1117
708 1122
708 1152
708 1156
708 1158
708 1159
708 1164
708 1166
708 1167
708 1169
708 1173
708 1174
708 1181
708 1220
708 1221
708 1222
708 1230
708 1231
708 1233
708 1243
708 1245
709 7
709 11
709 12
709 29
709 36
709 38
709 74
709 77
709 82
709 86
709 92
709 96
709 100
709 135
709 142
709 143
709 149
709 158
709 162
709 203
709 204
709 205
709 219
709 220
709 226
709 229
709 265
709 266
709 267
709 268
709 269
709 274
709 292
709 327
709 332
709 342
709 349
709 354
709 358
709 386
709 391
709 397
709 402
709 420
709 421
709 422
709 439
709 453
709 459
709 460
709 466
709 469
709 482
709 486
709 517
709 530
709 533
709 540
709 548
709 550
709 581
709 583
709 588
709 597
709 605
709 610
709 645
709 647
709 653
709 655
709 658
709 661
709 667
709 678
709 704
709 710
709 716
709 719
709 725
709 726
709 742
709 768
709 773
709 779
709 780
709 789
709 802
709 837
709 843
709 850
709 854
709 859
709 887
709 896
709 901
709 907
709 924
709 932
709 949
709 951
709 960
709 965
709 972
709 977
709 981
709 994
709 998
709 1031
709 1039
709 1053
709 1058
709 1088
709 1093
709 1106
709 1110
709 1116
709 1120
709 1122
709 1126
709 1132
709 1162
709 1163
709 1170
709 1173
709 1174
709 1180
709 1186
709 1190
709 1216
709 1221
709 1246
709 1248
709 1250
709 1254
710 4
710 6
710 7
710 11
710 14
710 15
710 17
710 29
710 30
710 34
710 38
710 68
710 74
710 75
710 76
710 77
710 81
710 82
710 85
710 86
710 96
710 98
710 100
710 102
710 132
710 134
710 135
710 142
710 143
710 145
710 158
710 162
710 196
710 198
710 199
710 204
710 206
710 207
710 209
710 213
710 220
710 221
710 226
710 260
710 262
710 265
710 267
710 268
710 270
710 271
710 273
710 274
710 277
710 285
710 290
710 294
710 324
710 326
710 327
710 334
710 335
710 337
710 341
710 342
710 349
710 354
710 390
710 395
710 396
710 397
710 399
710 401
710 405
710 406
710 413
710 418
710 420
710 421
710 422
710 438
710 439
710 452
710 453
710 454
710 460
710 462
710 463
710 465
710 466
710 469
710 477
710 482
710 486
710 516
710 517
710 518
710 526
710 527
710 529
710 530
710 533
710 540
710 541
710 546
710 550
710 580
710 582
710 588
710 591
710 593
710 597
710 605
710 610
710 644
710 646
710 647
710 652
710 654
710 655
710 657
710 658
710 661
710 667
710 669
710 674
710 678
710 708
710 709
710 716
710 718
710 719
710 721
710 733
710 738
710 768
710 772
710 773
710 774
710 779
710 783
710 785
710 789
710 797
710 802
710 832
710 836
710 838
710 843
710 844
710 845
710 847
710 849
710 850
710 853
710 854
710 859
710 861
710 862
710 866
710 868
710 870
710 896
710 900
710 902
710 907
710 913
710 917
710 918
710 925
710 928
710 930
710 932
710 934
710 949
710 951
710 960
710 964
710 965
710 966
710 975
710 977
710 989
710 998
710 1028
710 1030
710 1031
710 1039
710 1041
710 1053
710 1058
710 1088
710 1092
710 1093
710 1100
710 1102
710 1103
710 1105
710 1106
710 1109
710 1110
710 1116
710 1117
710 1120
710 1122
710 1126
710 1132
710 1152
710 1156
710 1158
710 1159
710 1164
710 1167
710 1169
710 1173
710 1174
710 1180
710 1181
710 1216
710 1220
710 1221
710 1222
710 1230
710 1231
710 1233
710 1243
710 1245
710 1248
710 1250
710 1254
711 9
711 69
711 137
711 197
711 263
711 325
711 389
711 455
711 519
711 521
711 581
711 583
711 645
711 647
711 672
711 775
711 777
711 839
711 841
711 903
711 967
711 1029
711 1095
711 1157
711 1223
712 520
712 584
712 648
712 776
712 840
712 904
713 521
713 585
713 649
713 777
713 841
713 905
714 497
714 522
714 586
714 650
714 778
714 842
714 906
714 1191
715 166
715 338
715 523
715 587
715 651
715 779
715 843
715 907
716 4
716 7
716 11
716 12
716 15
716 29
716 34
716 36
716 38
716 74
716 75
716 77
716 82
716 86
716 92
716 96
716 100
716 132
716 134
716 135
716 142
716 143
716 149
716 158
716 162
716 198
716 203
716 204
716 205
716 220
716 226
716 229
716 265
716 267
716 268
716 274
716 285
716 292
716 294
716 327
716 335
716 342
716 349
716 354
716 358
716 386
716 395
716 397
716 402
716 406
716 418
716 420
716 421
716 422
716 438
716 439
716 453
716 459
716 460
716 466
716 469
716 482
716 486
716 517
716 524
716 527
716 530
716 533
716 540
716 546
716 548
716 550
716 582
716 588
716 591
716 597
716 605
716 610
716 646
716 647
716 652
716 655
716 658
716 661
716 667
716 678
716 709
716 710
716 719
716 725
716 738
716 742
716 768
716 773
716 774
716 779
716 780
716 783
716 789
716 797
716 802
716 843
716 844
716 850
716 854
716 859
716 862
716 866
716 868
716 870
716 887
716 896
716 901
716 907
716 908
716 917
716 918
716 924
716 928
716 930
716 932
716 934
716 949
716 951
716 960
716 964
716 965
716 972
716 977
716 981
716 989
716 994
716 998
716 1031
716 1039
716 1041
716 1053
716 1058
716 1088
716 1093
716 1106
716 1109
716 1110
716 1116
716 1120
716 1122
716 1126
716 1132
716 1152
716 1159
716 1163
716 1164
716 1167
716 1170
716 1173
716 1174
716 1180
716 1190
716 1216
716 1220
716 1221
716 1243
716 1248
716 1250
716 1254
717 525
717 589
717 653
717 781
717 845
717 909
717 1237
718 4
718 6
718 14
718 15
718 17
718 29
718 30
718 34
718 68
718 70
718 71
718 75
718 76
718 77
718 78
718 79
718 81
718 85
718 86
718 93
718 98
718 102
718 132
718 134
718 135
718 145
718 162
718 196
718 198
718 199
718 206
718 207
718 209
718 213
718 221
718 260
718 262
718 270
718 271
718 273
718 277
718 285
718 290
718 294
718 324
718 326
718 334
718 335
718 337
718 341
718 354
718 388
718 390
718 395
718 396
718 398
718 399
718 401
718 405
718 406
718 413
718 418
718 420
718 422
718 438
718 452
718 454
718 460
718 462
718 463
718 465
718 477
718 482
718 486
718 516
718 518
718 526
718 527
718 529
718 541
718 546
718 580
718 582
718 590
718 591
718 593
718 644
718 646
718 652
718 654
718 657
718 669
718 674
718 708
718 710
718 719
718 721
718 733
718 738
718 772
718 774
718 782
718 783
718 785
718 789
718 797
718 832
718 836
718 838
718 843
718 844
718 845
718 846
718 847
718 849
718 850
718 853
718 861
718 862
718 866
718 868
718 870
718 896
718 900
718 902
718 910
718 911
718 913
718 917
718 918
718 925
718 928
718 930
718 932
718 934
718 964
718 966
718 974
718 975
718 977
718 989
718 1028
718 1030
718 1038
718 1039
718 1041
718 1053
718 1092
718 1094
718 1100
718 1102
718 1103
718 1105
718 1106
718 1109
718 1117
718 1122
718 1152
718 1156
718 1158
718 1159
718 1164
718 1166
718 1167
718 1169
718 1173
718 1174
718 1181
718 1220
718 1221
718 1222
718 1230
718 1231
718 1233
718 1243
718 1245
719 4
719 6
719 7
719 11
719 14
719 15
719 17
719 29
719 30
719 34
719 38
719 74
719 75
719 76
719 77
719 82
719 85
719 86
719 96
719 98
719 100
719 102
719 132
719 134
719 135
719 142
719 143
719 145
719 158
719 162
719 198
719 199
719 204
719 207
719 209
719 213
719 220
719 221
719 226
719 260
719 262
719 265
719 267
719 268
719 270
719 271
719 273
719 274
719 277
719 285
719 290
719 294
719 324
719 326
719 327
719 334
719 335
719 337
719 341
719 342
719 349
719 354
719 390
719 395
719 396
719 397
719 399
719 405
719 406
719 413
719 418
719 420
719 421
719 422
719 438
719 439
719 452
719 453
719 454
719 460
719 462
719 463
719 465
719 466
719 469
719 477
719 482
719 486
719 516
719 517
719 518
719 526
719 527
719 529
719 530
719 533
719 540
719 541
719 546
719 550
719 580
719 582
719 588
719 591
719 593
719 597
719 605
719 610
719 644
719 646
719 647
719 652
719 654
719 655
719 657
719 658
719 661
719 667
719 669
719 674
719 678
719 708
719 709
719 710
719 716
719 718
719 721
719 733
719 738
719 768
719 772
719 773
719 774
719 779
719 783
719 785
719 789
719 797
719 802
719 832
719 836
719 838
719 843
719 844
719 845
719 847
719 849
719 850
719 853
719 854
719 859
719 861
719 862
719 866
719 868
719 870
719 896
719 902
719 907
719 911
719 913
719 917
719 918
719 925
719 928
719 930
719 932
719 934
719 949
719 951
719 960
719 964
719 965
719 966
719 975
719 977
719 989
719 994
719 998
719 1028
719 1030
719 1031
719 1039
719 1041
719 1053
719 1058
719 1088
719 1092
719 1093
719 1100
719 1102
719 1103
719 1105
719 1106
719 1109
719 1110
719 1116
719 1117
719 1120
719 1122
719 1126
719 1132
719 1152
719 1156
719 1158
719 1159
719 1164
719 1167
719 1169
719 1173
719 1174
719 1180
719 1181
719 1216
719 1220
719 1221
719 1222
719 1230
719 1231
719 1233
719 1243
719 1245
719 1248
719 1250
719 1254
720 381
720 528
720 592
720 656
720 784
720 848
720 912
721 4
721 6
721 7
721 11
721 14
721 15
721 17
721 29
721 30
721 34
721 38
721 68
721 70
721 71
721 74
721 75
721 76
721 77
721 78
721 79
721 81
721 85
721 86
721 93
721 98
721 100
721 102
721 132
721 134
721 135
721 142
721 143
721 145
721 158
721 162
721 196
721 198
721 199
721 204
721 206
721 207
721 209
721 213
721 221
721 226
721 260
721 262
721 265
721 270
721 271
721 273
721 277
721 285
721 290
721 294
721 324
721 326
721 334
721 335
721 337
721 341
721 342
721 349
721 354
721 388
721 390
721 395
721 396
721 398
721 399
721 401
721 405
721 406
721 413
721 418
721 420
721 421
721 422
721 438
721 439
721 452
721 454
721 460
721 462
721 463
721 465
721 466
721 469
721 477
721 482
721 486
721 516
721 518
721 526
721 527
721 529
721 530
721 533
721 540
721 541
721 546
721 580
721 582
721 590
721 591
721 593
721 605
721 610
721 644
721 646
721 652
721 654
721 655
721 657
721 669
721 674
721 708
721 710
721 718
721 719
721 733
721 738
721 772
721 773
721 774
721 782
721 783
721 785
721 789
721 797
721 802
721 832
721 836
721 838
721 843
721 844
721 845
721 846
721 847
721 849
721 850
721 853
721 854
721 861
721 862
721 866
721 868
721 870
721 896
721 900
721 902
721 911
721 913
721 917
721 918
721 925
721 928
721 930
721 932
721 934
721 949
721 964
721 965
721 966
721 974
721 975
721 977
721 989
721 1028
721 1030
721 1031
721 1038
721 1039
721 1041
721 1053
721 1088
721 1092
721 1093
721 1094
721 1100
721 1102
721 1103
721 1105
721 1106
721 1109
721 1110
721 1116
721 1117
721 1120
721 1122
721 1132
721 1152
721 1156
721 1158
721 1159
721 1164
721 1166
721 1167
721 1169
721 1173
721 1174
721 1180
721 1181
721 1220
721 1221
721 1222
721 1230
721 1231
721 1233
721 1243
721 1245
721 1248
722 530
722 594
722 658
722 786
722 850
722 906
722 914
722 1171
723 212
723 531
723 595
723 659
723 787
723 851
723 915
724 532
724 596
724 660
724 769
724 788
724 852
724 916
724 1121
725 7
725 12
725 22
725 36
725 38
725 64
725 74
725 82
725 92
725 96
725 100
725 143
725 149
725 158
725 203
725 204
725 205
725 210
725 219
725 220
725 226
725 229
725 265
725 266
725 267
725 268
725 269
725 274
725 292
725 327
725 332
725 342
725 349
725 358
725 386
725 391
725 397
725 402
725 421
725 439
725 453
725 459
725 466
725 469
725 517
725 533
725 540
725 548
725 550
725 583
725 588
725 597
725 610
725 647
725 653
725 658
725 661
725 667
725 678
725 704
725 709
725 716
725 726
725 742
725 768
725 779
725 780
725 789
725 802
725 837
725 853
725 859
725 887
725 901
725 907
725 917
725 924
725 926
725 949
725 951
725 960
725 965
725 972
725 981
725 994
725 998
725 1031
725 1058
725 1088
725 1093
725 1110
725 1116
725 1120
725 1126
725 1132
725 1162
725 1163
725 1170
725 1180
725 1186
725 1190
725 1216
725 1246
725 1248
725 1250
725 1254
726 12
726 22
726 36
726 64
726 92
726 149
726 203
726 205
726 210
726 219
726 229
726 266
726 269
726 274
726 292
726 332
726 356
726 358
726 386
726 391
726 397
726 402
726 459
726 534
726 548
726 583
726 598
726 653
726 661
726 662
726 678
726 704
726 709
726 725
726 742
726 780
726 790
726 837
726 854
726 887
726 901
726 908
726 914
726 918
726 924
726 926
726 972
726 981
726 994
726 1058
726 1062
726 1162
726 1163
726 1170
726 1186
726 1190
726 1246
726 1254
727 535
727 599
727 663
727 791
727 810
727 855
727 919
728 323
728 536
728 600
728 664
728 792
728 856
728 920
728 1145
729 87
729 537
729 601
729 665
729 793
729 857
729 921
730 31
730 408
730 538
730 602
730 666
730 794
730 858
730 922
731 539
731 603
731 667
731 795
731 859
731 923
732 308
732 540
732 604
732 668
732 796
732 860
732 924
733 4
733 6
733 11
733 14
733 15
733 17
733 29
733 30
733 34
733 68
733 70
733 71
733 75
733 76
733 77
733 78
733 79
733 81
733 85
733 86
733 93
733 98
733 102
733 132
733 134
733 135
733 142
733 145
733 162
733 196
733 198
733 199
733 206
733 207
733 209
733 213
733 221
733 260
733 262
733 270
733 271
733 273
733 277
733 285
733 290
733 294
733 324
733 326
733 334
733 335
733 337
733 341
733 354
733 388
733 390
733 395
733 396
733 398
733 399
733 401
733 405
733 406
733 413
733 418
733 420
733 422
733 438
733 452
733 454
733 460
733 462
733 463
733 465
733 469
733 477
733 482
733 486
733 516
733 518
733 526
733 527
733 529
733 530
733 541
733 546
733 580
733 582
733 590
733 591
733 593
733 605
733 644
733 646
733 652
733 654
733 655
733 657
733 669
733 674
733 708
733 710
733 718
733 719
733 721
733 738
733 772
733 773
733 774
733 782
733 783
733 785
733 789
733 797
733 832
733 836
733 838
733 843
733 844
733 845
733 846
733 847
733 849
733 850
733 853
733 854
733 861
733 862
733 866
733 868
733 870
733 896
733 900
733 902
733 910
733 911
733 913
733 917
733 918
733 925
733 928
733 930
733 932
733 934
733 964
733 966
733 974
733 975
733 977
733 989
733 1028
733 1030
733 1038
733 1039
733 1041
733 1053
733 1092
733 1094
733 1100
733 1102
733 1103
733 1105
733 1106
733 1109
733 1116
733 1117
733 1122
733 1152
733 1156
733 1158
733 1159
733 1164
733 1166
733 1167
733 1169
733 1173
733 1174
733 1181
733 1220
733 1221
733 1222
733 1230
733 1231
733 1233
733 1243
733 1245
734 542
734 606
734 670
734 798
734 862
734 926
734 1056
735 254
735 543
735 607
735 671
735 799
735 863
735 927
736 380
736 544
736 608
736 672
736 800
736 864
736 928
737 545
737 609
737 673
737 801
737 865
737 929
738 4
738 6
738 7
738 11
738 14
738 15
738 17
738 29
738 30
738 34
738 38
738 68
738 70
738 71
738 74
738 75
738 76
738 77
738 78
738 79
738 81
738 82
738 85
738 86
738 93
738 96
738 98
738 100
738 102
738 132
738 134
738 135
738 142
738 143
738 145
738 158
738 162
738 196
738 198
738 199
738 204
738 206
738 207
738 209
738 213
738 221
738 226
738 260
738 262
738 265
738 267
738 270
738 271
738 273
738 277
738 285
738 290
738 294
738 324
738 326
738 334
738 335
738 337
738 341
738 342
738 349
738 354
738 388
738 390
738 395
738 396
738 398
738 399
738 401
738 405
738 406
738 413
738 418
738 420
738 421
738 422
738 438
738 439
738 452
738 453
738 454
738 460
738 462
738 463
738 465
738 466
738 469
738 477
738 482
738 486
738 516
738 518
738 526
738 527
738 529
738 530
738 533
738 540
738 541
738 546
738 550
738 580
738 582
738 588
738 590
738 591
738 593
738 597
738 605
738 610
738 644
738 646
738 652
738 654
738 655
738 657
738 667
738 669
738 674
738 708
738 710
738 716
738 718
738 719
738 721
738 733
738 768
738 772
738 773
738 774
738 779
738 782
738 783
738 785
738 789
738 797
738 802
738 832
738 836
738 838
738 843
738 844
738 845
738 847
738 849
738 850
738 853
738 854
738 861
738 862
738 866
738 868
738 870
738 896
738 900
738 902
738 907
738 911
738 913
738 917
738 918
738 925
738 928
738 930
738 932
738 934
738 949
738 964
738 965
738 966
738 974
738 975
738 977
738 989
738 1028
738 1030
738 1031
738 1038
738 1039
738 1041
738 1053
738 1088
738 1092
738 1093
738 1094
738 1100
738 1102
738 1103
738 1105
738 1106
738 1109
738 1110
738 1116
738 1117
738 1120
738 1122
738 1126
738 1132
738 1152
738 1156
738 1158
738 1159
738 1164
738 1166
738 1167
738 1169
738 1173
738 1174
738 1180
738 1181
738 1220
738 1221
738 1222
738 1230
738 1231
738 1233
738 1243
738 1245
738 1248
738 1250
739 547
739 611
739 675
739 803
739 867
739 931
740 60
740 548
740 612
740 676
740 804
740 868
740 932
741 103
741 549
741 613
741 677
741 805
741 869
741 933
742 12
742 22
742 36
742 64
742 82
742 92
742 96
742 149
742 158
742 203
742 204
742 205
742 210
742 219
742 220
742 229
742 266
742 267
742 268
742 269
742 274
742 292
742 327
742 332
742 358
742 386
742 391
742 397
742 402
742 439
742 453
742 459
742 517
742 533
742 548
742 550
742 583
742 588
742 597
742 614
742 647
742 653
742 658
742 661
742 667
742 678
742 704
742 709
742 716
742 725
742 726
742 768
742 779
742 780
742 806
742 837
742 859
742 870
742 887
742 901
742 907
742 914
742 924
742 926
742 934
742 951
742 960
742 965
742 972
742 981
742 994
742 998
742 1058
742 1088
742 1093
742 1126
742 1132
742 1162
742 1163
742 1170
742 1186
742 1190
742 1216
742 1246
742 1248
742 1250
742 1254
743 88
743 295
743 426
743 551
743 615
743 679
743 690
743 807
743 871
743 935
744 257
744 552
744 616
744 680
744 808
744 872
744 936
744 947
744 1135
744 1151
745 553
745 577
745 617
745 681
745 809
745 873
745 937
746 42
746 554
746 618
746 624
746 682
746 810
746 874
746 938
746 1072
747 555
747 619
747 683
747 811
747 875
747 939
748 118
748 556
748 620
748 684
748 812
748 857
748 876
748 940
749 557
749 621
749 685
749 813
749 877
749 941
750 443
750 558
750 622
750 686
750 814
750 878
750 942
751 559
751 623
751 687
751 815
751 879
751 892
751 943
752 473
752 532
752 560
752 624
752 688
752 816
752 880
752 944
752 1182
753 144
753 561
753 625
753 689
753 817
753 881
753 945
754 385
754 562
754 626
754 690
754 818
754 882
754 946
755 188
755 563
755 627
755 691
755 819
755 883
755 947
755 1258
756 441
756 564
756 628
756 692
756 820
756 884
756 948
757 565
757 629
757 693
757 821
757 885
757 893
757 949
758 566
758 630
758 679
758 694
758 822
758 886
758 950
759 179
759 567
759 631
759 695
759 823
759 887
759 951
759 1123
760 568
760 632
760 696
760 824
760 888
760 952
761 471
761 569
761 633
761 697
761 825
761 889
761 953
762 40
762 80
762 570
762 634
762 698
762 826
762 890
762 954
763 571
763 635
763 699
763 827
763 891
763 955
764 572
764 636
764 700
764 828
764 892
764 956
765 573
765 637
765 701
765 829
765 893
765 957
766 574
766 638
766 702
766 830
766 894
766 958
767 575
767 639
767 703
767 831
767 895
767 959
767 1263
768 4
768 7
768 11
768 12
768 15
768 29
768 34
768 36
768 38
768 74
768 75
768 77
768 82
768 86
768 92
768 96
768 100
768 132
768 134
768 135
768 142
768 143
768 149
768 158
768 162
768 198
768 203
768 204
768 205
768 220
768 226
768 229
768 265
768 267
768 268
768 274
768 285
768 292
768 294
768 327
768 335
768 342
768 349
768 354
768 358
768 386
768 395
768 397
768 402
768 406
768 418
768 420
768 421
768 422
768 438
768 439
768 453
768 459
768 460
768 466
768 469
768 482
768 486
768 517
768 527
768 530
768 533
768 540
768 546
768 548
768 550
768 576
768 582
768 588
768 591
768 597
768 605
768 610
768 640
768 646
768 647
768 652
768 655
768 658
768 661
768 667
768 678
768 704
768 709
768 710
768 716
768 719
768 725
768 738
768 742
768 773
768 774
768 779
768 780
768 783
768 789
768 797
768 802
768 832
768 843
768 844
768 850
768 854
768 859
768 862
768 866
768 868
768 870
768 887
768 896
768 901
768 907
768 918
768 924
768 928
768 930
768 932
768 934
768 949
768 951
768 960
768 964
768 965
768 972
768 977
768 981
768 989
768 994
768 998
768 1031
768 1039
768 1041
768 1053
768 1058
768 1088
768 1093
768 1106
768 1109
768 1110
768 1116
768 1120
768 1122
768 1126
768 1132
768 1152
768 1159
768 1162
768 1163
768 1164
768 1167
768 1170
768 1173
768 1174
768 1180
768 1190
768 1216
768 1220
768 1221
768 1243
768 1248
768 1250
768 1254
769 577
769 641
769 705
769 724
769 833
769 897
769 961
769 1121
770 578
770 603
770 642
770 706
770 834
770 898
770 962
771 233
771 579
771 643
771 707
771 835
771 899
771 963
772 4
772 6
772 11
772 14
772 15
772 17
772 29
772 30
772 34
772 68
772 70
772 71
772 75
772 76
772 77
772 78
772 79
772 81
772 85
772 86
772 93
772 98
772 102
772 132
772 134
772 135
772 142
772 145
772 162
772 196
772 198
772 199
772 206
772 207
772 209
772 213
772 221
772 260
772 262
772 270
772 271
772 273
772 277
772 285
772 290
772 294
772 324
772 326
772 334
772 335
772 337
772 341
772 354
772 388
772 390
772 395
772 396
772 398
772 399
772 401
772 405
772 406
772 413
772 418
772 420
772 422
772 438
772 452
772 454
772 460
772 462
772 463
772 465
772 477
772 482
772 486
772 516
772 518
772 526
772 527
772 529
772 530
772 541
772 546
772 580
772 582
772 590
772 591
772 593
772 644
772 646
772 652
772 654
772 655
772 657
772 669
772 674
772 708
772 710
772 718
772 719
772 721
772 733
772 738
772 773
772 774
772 782
772 783
772 785
772 789
772 797
772 832
772 836
772 838
772 843
772 844
772 845
772 846
772 847
772 849
772 850
772 853
772 854
772 861
772 862
772 866
772 868
772 870
772 896
772 900
772 902
772 910
772 911
772 913
772 917
772 918
772 925
772 928
772 930
772 932
772 934
772 964
772 966
772 974
772 975
772 977
772 989
772 1028
772 1030
772 1038
772 1039
772 1041
772 1053
772 1092
772 1094
772 1100
772 1102
772 1103
772 1105
772 1106
772 1109
772 1117
772 1122
772 1152
772 1156
772 1158
772 1159
772 1164
772 1166
772 1167
772 1169
772 1173
772 1174
772 1181
772 1220
772 1221
772 1222
772 1230
772 1231
772 1233
772 1243
772 1245
773 4
773 7
773 11
773 12
773 14
773 15
773 29
773 30
773 34
773 36
773 38
773 74
773 75
773 76
773 77
773 82
773 85
773 86
773 96
773 98
773 100
773 102
773 132
773 134
773 135
773 142
773 143
773 145
773 158
773 162
773 198
773 199
773 203
773 204
773 207
773 209
773 213
773 220
773 221
773 226
773 262
773 265
773 267
773 268
773 274
773 277
773 285
773 290
773 292
773 294
773 324
773 326
773 327
773 334
773 335
773 337
773 341
773 342
773 349
773 354
773 395
773 396
773 397
773 405
773 406
773 413
773 418
773 420
773 421
773 422
773 438
773 439
773 452
773 453
773 454
773 460
773 462
773 463
773 466
773 469
773 482
773 486
773 516
773 517
773 518
773 526
773 527
773 529
773 530
773 533
773 540
773 541
773 546
773 550
773 580
773 581
773 582
773 588
773 591
773 593
773 597
773 605
773 610
773 645
773 646
773 647
773 652
773 654
773 655
773 658
773 661
773 667
773 669
773 674
773 678
773 708
773 709
773 710
773 716
773 719
773 721
773 733
773 738
773 768
773 772
773 774
773 779
773 780
773 783
773 785
773 789
773 797
773 802
773 832
773 837
773 843
773 844
773 845
773 849
773 850
773 853
773 854
773 859
773 862
773 866
773 868
773 870
773 896
773 901
773 902
773 907
773 913
773 917
773 918
773 925
773 928
773 930
773 932
773 934
773 949
773 951
773 960
773 964
773 965
773 966
773 975
773 977
773 989
773 994
773 998
773 1028
773 1030
773 1031
773 1039
773 1041
773 1053
773 1058
773 1088
773 1093
773 1100
773 1102
773 1106
773 1109
773 1110
773 1116
773 1120
773 1122
773 1126
773 1132
773 1152
773 1159
773 1163
773 1164
773 1167
773 1169
773 1170
773 1173
773 1174
773 1180
773 1190
773 1216
773 1220
773 1221
773 1222
773 1230
773 1231
773 1233
773 1243
773 1248
773 1250
773 1254
774 4
774 6
774 7
774 11
774 14
774 15
774 17
774 29
774 30
774 34
774 38
774 68
774 70
774 74
774 75
774 76
774 77
774 78
774 79
774 81
774 82
774 85
774 86
774 93
774 96
774 98
774 100
774 102
774 132
774 134
774 135
774 142
774 143
774 145
774 158
774 162
774 196
774 198
774 199
774 204
774 206
774 207
774 209
774 213
774 220
774 221
774 226
774 260
774 262
774 265
774 267
774 268
774 270
774 271
774 273
774 277
774 285
774 290
774 294
774 324
774 326
774 327
774 334
774 335
774 337
774 341
774 342
774 349
774 354
774 390
774 395
774 396
774 399
774 401
774 405
774 406
774 413
774 418
774 420
774 421
774 422
774 438
774 439
774 452
774 453
774 454
774 460
774 462
774 463
774 465
774 466
774 469
774 477
774 482
774 486
774 516
774 517
774 518
774 526
774 527
774 529
774 530
774 533
774 540
774 541
774 546
774 550
774 580
774 582
774 588
774 590
774 591
774 593
774 597
774 605
774 610
774 644
774 646
774 647
774 652
774 654
774 655
774 657
774 658
774 667
774 669
774 674
774 708
774 710
774 716
774 718
774 719
774 721
774 733
774 738
774 768
774 772
774 773
774 779
774 783
774 785
774 789
774 797
774 802
774 832
774 836
774 838
774 843
774 844
774 845
774 847
774 849
774 850
774 853
774 854
774 859
774 861
774 862
774 866
774 868
774 870
774 896
774 900
774 902
774 907
774 913
774 917
774 918
774 925
774 928
774 930
774 932
774 934
774 949
774 951
774 960
774 964
774 965
774 966
774 975
774 977
774 989
774 998
774 1028
774 1030
774 1031
774 1038
774 1039
774 1041
774 1053
774 1088
774 1092
774 1093
774 1094
774 1100
774 1102
774 1103
774 1105
774 1106
774 1109
774 1110
774 1116
774 1117
774 1120
774 1122
774 1126
774 1132
774 1152
774 1156
774 1158
774 1159
774 1164
774 1167
774 1169
774 1173
774 1174
774 1180
774 1181
774 1216
774 1220
774 1221
774 1222
774 1230
774 1231
774 1233
774 1243
774 1245
774 1248
774 1250
775 583
775 647
775 711
775 839
775 903
775 967
775 1118
776 584
776 648
776 712
776 840
776 904
776 968
777 9
777 69
777 137
777 197
777 263
777 325
777 389
777 455
777 521
777 581
777 585
777 645
777 649
777 672
777 711
777 713
777 841
777 903
777 905
777 967
777 969
777 1029
777 1095
777 1157
777 1223
778 586
778 650
778 714
778 842
778 906
778 970
778 1061
779 7
779 11
779 12
779 15
779 29
779 34
779 36
779 38
779 74
779 75
779 77
779 82
779 86
779 92
779 96
779 100
779 132
779 134
779 135
779 142
779 143
779 149
779 158
779 162
779 198
779 203
779 204
779 205
779 220
779 226
779 229
779 265
779 267
779 268
779 274
779 285
779 292
779 294
779 327
779 335
779 342
779 349
779 354
779 358
779 386
779 395
779 397
779 402
779 406
779 420
779 421
779 422
779 438
779 439
779 453
779 459
779 460
779 466
779 469
779 482
779 486
779 517
779 527
779 530
779 533
779 540
779 546
779 548
779 550
779 582
779 587
779 588
779 591
779 597
779 605
779 610
779 647
779 651
779 652
779 655
779 658
779 661
779 667
779 678
779 709
779 710
779 715
779 716
779 719
779 725
779 738
779 742
779 768
779 773
779 774
779 780
779 783
779 789
779 802
779 843
779 844
779 850
779 854
779 859
779 866
779 868
779 870
779 887
779 896
779 901
779 907
779 918
779 924
779 928
779 930
779 932
779 934
779 949
779 951
779 960
779 964
779 965
779 971
779 972
779 977
779 981
779 989
779 994
779 998
779 1031
779 1039
779 1041
779 1053
779 1058
779 1088
779 1093
779 1106
779 1109
779 1110
779 1116
779 1120
779 1122
779 1126
779 1132
779 1152
779 1159
779 1162
779 1163
779 1164
779 1167
779 1170
779 1173
779 1174
779 1180
779 1190
779 1216
779 1220
779 1221
779 1243
779 1248
779 1250
779 1254
780 7
780 11
780 12
780 22
780 29
780 36
780 38
780 74
780 77
780 82
780 86
780 92
780 96
780 100
780 135
780 142
780 143
780 149
780 158
780 162
780 203
780 204
780 205
780 210
780 219
780 220
780 226
780 229
780 265
780 266
780 267
780 268
780 269
780 274
780 292
780 327
780 332
780 342
780 349
780 354
780 358
780 386
780 391
780 397
780 402
780 421
780 422
780 439
780 453
780 459
780 466
780 469
780 482
780 486
780 517
780 530
780 533
780 540
780 548
780 550
780 583
780 588
780 597
780 605
780 610
780 647
780 652
780 653
780 655
780 658
780 661
780 667
780 678
780 704
780 709
780 716
780 725
780 726
780 742
780 768
780 773
780 779
780 802
780 837
780 844
780 854
780 859
780 887
780 896
780 901
780 907
780 908
780 924
780 926
780 932
780 949
780 951
780 960
780 965
780 972
780 981
780 994
780 998
780 1031
780 1039
780 1053
780 1058
780 1088
780 1093
780 1106
780 1110
780 1116
780 1120
780 1122
780 1126
780 1132
780 1162
780 1163
780 1170
780 1174
780 1180
780 1186
780 1190
780 1216
780 1246
780 1248
780 1250
780 1254
781 589
781 653
781 717
781 845
781 878
781 909
781 973
782 4
782 6
782 14
782 15
782 17
782 30
782 34
782 68
782 70
782 71
782 76
782 78
782 79
782 81
782 85
782 93
782 98
782 102
782 132
782 145
782 196
782 199
782 206
782 207
782 209
782 213
782 221
782 260
782 262
782 270
782 271
782 273
782 277
782 285
782 290
782 294
782 324
782 326
782 334
782 335
782 337
782 341
782 388
782 390
782 396
782 398
782 399
782 401
782 405
782 406
782 413
782 418
782 438
782 452
782 454
782 462
782 463
782 465
782 477
782 516
782 518
782 526
782 527
782 529
782 541
782 580
782 582
782 590
782 593
782 644
782 646
782 652
782 654
782 657
782 669
782 674
782 708
782 718
782 721
782 733
782 738
782 772
782 783
782 785
782 797
782 832
782 836
782 838
782 845
782 846
782 847
782 849
782 853
782 861
782 862
782 866
782 868
782 870
782 900
782 902
782 910
782 911
782 913
782 917
782 925
782 934
782 964
782 966
782 974
782 975
782 989
782 1028
782 1030
782 1038
782 1092
782 1094
782 1100
782 1102
782 1103
782 1105
782 1109
782 1117
782 1152
782 1156
782 1158
782 1159
782 1164
782 1166
782 1167
782 1169
782 1181
782 1220
782 1222
782 1230
782 1231
782 1233
782 1245
783 4
783 6
783 7
783 11
783 14
783 15
783 17
783 29
783 30
783 34
783 38
783 68
783 70
783 74
783 75
783 76
783 77
783 78
783 79
783 81
783 82
783 85
783 86
783 93
783 96
783 98
783 100
783 102
783 132
783 134
783 135
783 142
783 143
783 145
783 158
783 162
783 196
783 198
783 199
783 204
783 206
783 207
783 209
783 213
783 221
783 226
783 260
783 262
783 265
783 267
783 268
783 270
783 271
783 273
783 277
783 285
783 290
783 294
783 324
783 326
783 327
783 334
783 335
783 337
783 341
783 342
783 349
783 354
783 390
783 395
783 396
783 399
783 401
783 405
783 406
783 413
783 418
783 420
783 421
783 422
783 438
783 439
783 452
783 453
783 454
783 460
783 462
783 463
783 465
783 466
783 469
783 477
783 482
783 486
783 516
783 518
783 526
783 527
783 529
783 530
783 533
783 540
783 541
783 546
783 550
783 580
783 582
783 588
783 590
783 591
783 593
783 597
783 605
783 610
783 644
783 646
783 647
783 652
783 654
783 655
783 657
783 658
783 667
783 669
783 674
783 708
783 710
783 716
783 718
783 719
783 721
783 733
783 738
783 768
783 772
783 773
783 774
783 779
783 782
783 785
783 789
783 797
783 802
783 832
783 836
783 838
783 843
783 844
783 845
783 847
783 849
783 850
783 853
783 854
783 859
783 861
783 862
783 866
783 868
783 870
783 896
783 900
783 902
783 907
783 911
783 913
783 917
783 918
783 925
783 928
783 930
783 932
783 934
783 949
783 960
783 964
783 965
783 966
783 974
783 975
783 977
783 989
783 1028
783 1030
783 1031
783 1038
783 1039
783 1041
783 1053
783 1088
783 1092
783 1093
783 1094
783 1100
783 1102
783 1103
783 1105
783 1106
783 1109
783 1110
783 1116
783 1117
783 1120
783 1122
783 1126
783 1132
783 1152
783 1156
783 1158
783 1159
783 1164
783 1167
783 1169
783 1173
783 1174
783 1180
783 1181
783 1216
783 1220
783 1221
783 1222
783 1230
783 1231
783 1233
783 1243
783 1245
783 1248
783 1250
784 495
784 592
784 656
784 720
784 848
784 912
784 956
784 976
785 4
785 6
785 11
785 14
785 15
785 17
785 29
785 30
785 34
785 68
785 70
785 71
785 75
785 76
785 77
785 78
785 79
785 81
785 85
785 86
785 93
785 98
785 102
785 132
785 134
785 135
785 142
785 145
785 162
785 196
785 198
785 199
785 206
785 207
785 209
785 213
785 221
785 260
785 262
785 270
785 271
785 273
785 277
785 285
785 290
785 294
785 324
785 326
785 334
785 335
785 337
785 341
785 354
785 388
785 390
785 395
785 396
785 398
785 399
785 401
785 405
785 406
785 413
785 418
785 420
785 422
785 438
785 452
785 454
785 460
785 462
785 463
785 465
785 469
785 477
785 482
785 486
785 516
785 518
785 526
785 527
785 529
785 530
785 541
785 546
785 580
785 582
785 590
785 591
785 593
785 605
785 644
785 646
785 652
785 654
785 655
785 657
785 669
785 674
785 708
785 710
785 718
785 719
785 721
785 733
785 738
785 772
785 773
785 774
785 782
785 783
785 789
785 797
785 832
785 836
785 838
785 843
785 844
785 845
785 846
785 847
785 849
785 850
785 853
785 854
785 861
785 862
785 866
785 868
785 870
785 896
785 900
785 902
785 910
785 911
785 913
785 917
785 918
785 925
785 928
785 930
785 932
785 934
785 964
785 966
785 974
785 975
785 977
785 989
785 1028
785 1030
785 1038
785 1039
785 1041
785 1053
785 1092
785 1094
785 1100
785 1102
785 1103
785 1105
785 1106
785 1109
785 1117
785 1122
785 1152
785 1156
785 1158
785 1159
785 1164
785 1166
785 1167
785 1169
785 1173
785 1174
785 1181
785 1220
785 1221
785 1222
785 1230
785 1231
785 1233
785 1243
785 1245
786 594
786 658
786 722
786 850
786 914
786 978
787 437
787 595
787 659
787 723
787 851
787 915
787 979
788 596
788 660
788 724
788 852
788 916
788 980
788 1203
789 4
789 6
789 7
789 11
789 12
789 14
789 15
789 17
789 29
789 30
789 34
789 38
789 74
789 75
789 76
789 77
789 82
789 85
789 86
789 96
789 98
789 100
789 102
789 132
789 134
789 135
789 142
789 143
789 145
789 158
789 162
789 198
789 199
789 204
789 207
789 209
789 213
789 220
789 221
789 226
789 260
789 262
789 265
789 267
789 268
789 271
789 273
789 274
789 277
789 285
789 290
789 292
789 294
789 324
789 326
789 327
789 334
789 335
789 337
789 341
789 342
789 349
789 354
789 390
789 395
789 396
789 397
789 399
789 405
789 406
789 413
789 418
789 420
789 421
789 422
789 438
789 439
789 452
789 453
789 454
789 460
789 462
789 463
789 465
789 466
789 469
789 477
789 482
789 486
789 516
789 517
789 518
789 526
789 527
789 529
789 530
789 533
789 540
789 541
789 546
789 550
789 580
789 582
789 588
789 591
789 593
789 597
789 605
789 610
789 644
789 646
789 647
789 652
789 654
789 655
789 657
789 658
789 661
789 667
789 669
789 674
789 678
789 708
789 709
789 710
789 716
789 718
789 719
789 721
789 725
789 733
789 738
789 768
789 772
789 773
789 774
789 779
789 783
789 785
789 797
789 802
789 832
789 838
789 843
789 844
789 845
789 847
789 849
789 850
789 853
789 854
789 859
789 862
789 866
789 868
789 870
789 896
789 902
789 907
789 913
789 917
789 918
789 925
789 928
789 930
789 932
789 934
789 949
789 951
789 960
789 964
789 965
789 966
789 975
789 977
789 981
789 989
789 994
789 998
789 1028
789 1030
789 1031
789 1039
789 1041
789 1053
789 1058
789 1088
789 1092
789 1093
789 1100
789 1102
789 1103
789 1105
789 1106
789 1109
789 1110
789 1116
789 1117
789 1120
789 1122
789 1126
789 1132
789 1152
789 1156
789 1158
789 1159
789 1163
789 1164
789 1167
789 1169
789 1173
789 1174
789 1180
789 1216
789 1220
789 1221
789 1222
789 1230
789 1231
789 1233
789 1243
789 1245
789 1248
789 1250
789 1254
790 598
790 662
790 726
790 854
790 918
790 982
790 1253
791 599
791 663
791 665
791 727
791 855
791 919
791 983
792 175
792 177
792 600
792 664
792 728
792 856
792 920
792 984
793 601
793 665
793 729
793 857
793 921
793 985
794 558
794 602
794 666
794 730
794 858
794 891
794 922
794 986
794 1187
795 111
795 603
795 667
795 731
795 859
795 923
795 987
796 350
796 604
796 668
796 732
796 860
796 924
796 988
797 4
797 6
797 7
797 11
797 14
797 15
797 17
797 29
797 30
797 34
797 38
797 68
797 70
797 71
797 74
797 75
797 76
797 77
797 78
797 79
797 81
797 85
797 86
797 93
797 96
797 98
797 100
797 102
797 132
797 134
797 135
797 142
797 143
797 145
797 158
797 162
797 196
797 198
797 199
797 204
797 206
797 207
797 209
797 213
797 221
797 226
797 260
797 262
797 265
797 267
797 270
797 271
797 273
797 277
797 285
797 290
797 294
797 324
797 326
797 334
797 335
797 337
797 341
797 342
797 349
797 354
797 388
797 390
797 395
797 396
797 398
797 399
797 401
797 405
797 406
797 413
797 418
797 420
797 421
797 422
797 438
797 439
797 452
797 453
797 454
797 460
797 462
797 463
797 465
797 466
797 469
797 477
797 482
797 486
797 516
797 518
797 526
797 527
797 529
797 530
797 533
797 540
797 541
797 546
797 580
797 582
797 588
797 590
797 591
797 593
797 605
797 610
797 644
797 646
797 652
797 654
797 655
797 657
797 667
797 669
797 674
797 708
797 710
797 716
797 718
797 719
797 721
797 733
797 738
797 768
797 772
797 773
797 774
797 782
797 783
797 785
797 789
797 802
797 832
797 836
797 838
797 843
797 844
797 845
797 847
797 849
797 850
797 853
797 854
797 861
797 862
797 866
797 868
797 870
797 896
797 900
797 902
797 911
797 913
797 917
797 918
797 925
797 928
797 930
797 932
797 934
797 949
797 964
797 965
797 966
797 974
797 975
797 977
797 989
797 1028
797 1030
797 1031
797 1038
797 1039
797 1041
797 1053
797 1088
797 1092
797 1093
797 1094
797 1100
797 1102
797 1103
797 1105
797 1106
797 1109
797 1110
797 1116
797 1117
797 1120
797 1122
797 1126
797 1132
797 1152
797 1156
797 1158
797 1159
797 1164
797 1166
797 1167
797 1169
797 1173
797 1174
797 1180
797 1181
797 1220
797 1221
797 1222
797 1230
797 1231
797 1233
797 1243
797 1245
797 1248
798 606
798 670
798 734
798 862
798 926
798 990
799 607
799 671
799 735
799 863
799 927
799 991
800 360
800 374
800 608
800 672
800 736
800 864
800 928
800 992
801 150
801 609
801 673
801 737
801 865
801 929
801 993
801 1065
802 4
802 7
802 11
802 12
802 15
802 29
802 30
802 34
802 36
802 38
802 74
802 75
802 76
802 77
802 82
802 85
802 86
802 96
802 98
802 100
802 102
802 132
802 134
802 135
802 142
802 143
802 145
802 158
802 162
802 198
802 199
802 203
802 204
802 205
802 207
802 220
802 226
802 265
802 267
802 268
802 274
802 285
802 290
802 292
802 294
802 324
802 326
802 327
802 334
802 335
802 341
802 342
802 349
802 354
802 386
802 395
802 397
802 402
802 406
802 418
802 420
802 421
802 422
802 438
802 439
802 453
802 460
802 462
802 463
802 466
802 469
802 482
802 486
802 516
802 517
802 518
802 526
802 527
802 529
802 530
802 533
802 540
802 541
802 546
802 550
802 580
802 582
802 588
802 591
802 593
802 597
802 605
802 610
802 646
802 647
802 652
802 654
802 655
802 658
802 661
802 667
802 669
802 674
802 678
802 709
802 710
802 716
802 719
802 721
802 725
802 738
802 768
802 773
802 774
802 779
802 780
802 783
802 789
802 797
802 832
802 843
802 844
802 850
802 853
802 854
802 859
802 862
802 866
802 868
802 870
802 887
802 896
802 907
802 913
802 917
802 918
802 924
802 928
802 930
802 932
802 934
802 949
802 951
802 960
802 964
802 965
802 966
802 977
802 981
802 989
802 994
802 998
802 1028
802 1030
802 1031
802 1039
802 1041
802 1053
802 1058
802 1088
802 1093
802 1100
802 1106
802 1109
802 1110
802 1116
802 1120
802 1122
802 1126
802 1132
802 1152
802 1159
802 1163
802 1164
802 1167
802 1170
802 1173
802 1174
802 1180
802 1190
802 1216
802 1220
802 1221
802 1222
802 1230
802 1231
802 1233
802 1243
802 1248
802 1250
802 1254
803 543
803 611
803 675
803 739
803 867
803 931
803 995
804 612
804 676
804 740
804 868
804 932
804 996
805 351
805 561
805 613
805 629
805 677
805 741
805 869
805 933
805 997
805 1239
806 214
806 278
806 576
806 594
806 614
806 678
806 742
806 834
806 863
806 870
806 934
806 998
806 1045
806 1107
807 281
807 615
807 679
807 743
807 871
807 935
807 999
807 1255
808 345
808 616
808 680
808 744
808 872
808 936
808 1000
808 1013
808 1060
809 617
809 681
809 686
809 745
809 873
809 937
809 1001
810 618
810 682
810 727
810 746
810 874
810 938
810 1002
811 619
811 683
811 747
811 875
811 939
811 1003
812 620
812 684
812 748
812 876
812 940
812 1004
813 621
813 685
813 749
813 877
813 941
813 1005
814 16
814 622
814 663
814 686
814 750
814 878
814 942
814 980
814 1006
814 1240
815 623
815 687
815 751
815 879
815 943
815 1007
816 624
816 688
816 752
816 880
816 944
816 1008
817 171
817 592
817 625
817 689
817 703
817 753
817 881
817 945
817 1009
818 626
818 690
818 754
818 882
818 946
818 1010
819 152
819 362
819 627
819 666
819 691
819 755
819 883
819 947
819 1011
820 275
820 542
820 628
820 668
820 692
820 756
820 884
820 948
820 1012
821 498
821 629
821 693
821 757
821 885
821 949
821 1008
821 1013
822 364
822 630
822 694
822 758
822 886
822 950
822 1014
823 475
823 631
823 695
823 759
823 887
823 951
823 1015
824 140
824 493
824 632
824 696
824 760
824 888
824 952
824 1016
825 633
825 697
825 761
825 889
825 953
825 1017
826 634
826 698
826 762
826 890
826 954
826 1018
827 635
827 699
827 763
827 891
827 955
827 1019
828 23
828 400
828 636
828 700
828 764
828 892
828 956
828 1020
829 637
829 701
829 765
829 893
829 957
829 1021
830 63
830 563
830 638
830 702
830 766
830 894
830 958
830 1022
831 639
831 703
831 767
831 895
831 945
831 959
831 1023
832 4
832 6
832 7
832 11
832 14
832 15
832 17
832 29
832 30
832 34
832 38
832 68
832 70
832 71
832 74
832 75
832 76
832 77
832 78
832 79
832 81
832 85
832 86
832 93
832 96
832 98
832 100
832 102
832 132
832 134
832 135
832 142
832 143
832 145
832 158
832 162
832 196
832 198
832 199
832 204
832 206
832 207
832 209
832 213
832 221
832 226
832 260
832 262
832 265
832 267
832 270
832 271
832 273
832 277
832 285
832 290
832 294
832 324
832 326
832 334
832 335
832 337
832 341
832 342
832 349
832 354
832 388
832 390
832 395
832 396
832 398
832 399
832 401
832 405
832 406
832 413
832 418
832 420
832 421
832 422
832 438
832 439
832 452
832 454
832 460
832 462
832 463
832 465
832 466
832 469
832 477
832 482
832 486
832 516
832 518
832 526
832 527
832 529
832 530
832 533
832 540
832 541
832 546
832 580
832 582
832 588
832 590
832 591
832 593
832 605
832 610
832 640
832 644
832 646
832 652
832 654
832 655
832 657
832 669
832 674
832 704
832 708
832 710
832 718
832 719
832 721
832 733
832 738
832 768
832 772
832 773
832 774
832 782
832 783
832 785
832 789
832 797
832 802
832 836
832 838
832 843
832 844
832 845
832 847
832 849
832 850
832 853
832 854
832 861
832 862
832 866
832 868
832 870
832 896
832 900
832 902
832 911
832 913
832 917
832 918
832 925
832 928
832 930
832 932
832 934
832 949
832 960
832 964
832 965
832 966
832 974
832 975
832 977
832 989
832 1024
832 1028
832 1030
832 1031
832 1038
832 1039
832 1041
832 1053
832 1088
832 1092
832 1093
832 1094
832 1100
832 1102
832 1103
832 1105
832 1106
832 1109
832 1110
832 1116
832 1117
832 1120
832 1122
832 1132
832 1152
832 1156
832 1158
832 1159
832 1164
832 1166
832 1167
832 1169
832 1173
832 1174
832 1180
832 1181
832 1220
832 1221
832 1222
832 1230
832 1231
832 1233
832 1243
832 1245
832 1248
833 417
833 641
833 705
833 769
833 897
833 961
833 1025
834 101
834 214
834 278
834 293
834 356
834 576
834 594
834 642
834 706
834 770
834 806
834 863
834 898
834 908
834 914
834 962
834 1026
834 1045
834 1062
834 1107
835 643
835 707
835 771
835 899
835 963
835 1027
836 4
836 6
836 14
836 15
836 17
836 30
836 34
836 68
836 70
836 71
836 75
836 76
836 78
836 79
836 81
836 85
836 93
836 98
836 102
836 132
836 134
836 145
836 196
836 198
836 199
836 206
836 207
836 209
836 213
836 221
836 260
836 262
836 270
836 271
836 273
836 277
836 285
836 290
836 294
836 324
836 326
836 334
836 335
836 337
836 341
836 388
836 390
836 395
836 396
836 398
836 399
836 401
836 405
836 406
836 413
836 418
836 420
836 438
836 452
836 454
836 462
836 463
836 465
836 477
836 516
836 518
836 526
836 527
836 529
836 541
836 546
836 580
836 582
836 590
836 591
836 593
836 644
836 646
836 652
836 654
836 657
836 669
836 674
836 708
836 710
836 718
836 719
836 721
836 733
836 738
836 772
836 774
836 782
836 783
836 785
836 797
836 832
836 838
836 843
836 844
836 845
836 846
836 847
836 849
836 850
836 853
836 861
836 862
836 866
836 868
836 870
836 900
836 902
836 910
836 911
836 913
836 917
836 918
836 925
836 928
836 930
836 934
836 964
836 966
836 974
836 975
836 989
836 1028
836 1030
836 1038
836 1041
836 1092
836 1094
836 1100
836 1102
836 1103
836 1105
836 1109
836 1117
836 1152
836 1156
836 1158
836 1159
836 1164
836 1166
836 1167
836 1169
836 1173
836 1181
836 1220
836 1222
836 1230
836 1231
836 1233
836 1243
836 1245
837 12
837 22
837 36
837 64
837 92
837 149
837 203
837 205
837 210
837 219
837 220
837 229
837 266
837 269
837 274
837 292
837 332
837 356
837 358
837 386
837 391
837 397
837 402
837 459
837 517
837 548
837 583
837 645
837 647
837 653
837 658
837 661
837 678
837 704
837 709
837 725
837 726
837 742
837 773
837 780
837 887
837 901
837 914
837 924
837 926
837 951
837 960
837 965
837 972
837 981
837 994
837 998
837 1029
837 1058
837 1062
837 1162
837 1163
837 1170
837 1186
837 1190
837 1246
837 1254
838 4
838 6
838 14
838 15
838 17
838 30
838 34
838 68
838 70
838 71
838 75
838 76
838 78
838 79
838 81
838 85
838 93
838 98
838 102
838 132
838 134
838 145
838 196
838 198
838 199
838 206
838 207
838 209
838 213
838 221
838 260
838 262
838 270
838 271
838 273
838 277
838 285
838 290
838 294
838 324
838 326
838 334
838 335
838 337
838 341
838 388
838 390
838 395
838 396
838 398
838 399
838 401
838 405
838 406
838 413
838 418
838 420
838 438
838 452
838 454
838 460
838 462
838 463
838 465
838 477
838 516
838 518
838 526
838 527
838 529
838 541
838 546
838 580
838 582
838 590
838 591
838 593
838 644
838 646
838 652
838 654
838 657
838 669
838 674
838 708
838 710
838 718
838 719
838 721
838 733
838 738
838 772
838 774
838 782
838 783
838 785
838 789
838 797
838 832
838 836
838 843
838 844
838 845
838 846
838 847
838 849
838 850
838 853
838 861
838 862
838 866
838 868
838 870
838 896
838 900
838 902
838 910
838 911
838 913
838 917
838 918
838 925
838 928
838 930
838 934
838 964
838 966
838 974
838 975
838 977
838 989
838 1028
838 1030
838 1038
838 1041
838 1092
838 1094
838 1100
838 1102
838 1103
838 1105
838 1109
838 1117
838 1152
838 1156
838 1158
838 1159
838 1164
838 1166
838 1167
838 1169
838 1173
838 1174
838 1181
838 1220
838 1221
838 1222
838 1230
838 1231
838 1233
838 1243
838 1245
839 647
839 711
839 775
839 903
839 967
839 1031
840 648
840 651
840 712
840 776
840 904
840 968
840 1032
841 9
841 69
841 137
841 197
841 263
841 325
841 389
841 455
841 521
841 581
841 645
841 649
841 672
841 711
841 713
841 777
841 903
841 905
841 967
841 969
841 1029
841 1033
841 1095
841 1157
841 1223
842 650
842 714
842 778
842 906
842 970
842 1034
843 4
843 6
843 7
843 11
843 14
843 15
843 17
843 29
843 30
843 34
843 38
843 74
843 75
843 76
843 77
843 82
843 85
843 86
843 96
843 98
843 100
843 102
843 132
843 134
843 135
843 142
843 143
843 145
843 158
843 162
843 198
843 199
843 204
843 207
843 209
843 213
843 220
843 221
843 226
843 260
843 262
843 265
843 267
843 268
843 270
843 271
843 273
843 274
843 277
843 285
843 290
843 294
843 324
843 326
843 327
843 334
843 335
843 337
843 341
843 342
843 349
843 354
843 390
843 395
843 396
843 397
843 399
843 405
843 406
843 413
843 418
843 420
843 421
843 422
843 438
843 439
843 452
843 453
843 454
843 460
843 462
843 463
843 465
843 466
843 469
843 477
843 482
843 486
843 516
843 517
843 518
843 526
843 527
843 529
843 530
843 533
843 540
843 541
843 546
843 550
843 580
843 582
843 588
843 591
843 593
843 597
843 605
843 610
843 644
843 646
843 647
843 651
843 652
843 654
843 655
843 657
843 658
843 661
843 667
843 669
843 674
843 678
843 708
843 709
843 710
843 715
843 716
843 718
843 719
843 721
843 733
843 738
843 768
843 772
843 773
843 774
843 779
843 783
843 785
843 789
843 797
843 802
843 832
843 836
843 838
843 844
843 845
843 847
843 849
843 850
843 853
843 854
843 859
843 861
843 862
843 866
843 868
843 870
843 896
843 902
843 907
843 913
843 917
843 918
843 925
843 928
843 930
843 932
843 934
843 949
843 951
843 960
843 964
843 965
843 966
843 971
843 975
843 977
843 989
843 994
843 998
843 1028
843 1030
843 1031
843 1035
843 1039
843 1041
843 1053
843 1058
843 1088
843 1092
843 1093
843 1100
843 1102
843 1103
843 1105
843 1106
843 1109
843 1110
843 1116
843 1117
843 1120
843 1122
843 1126
843 1132
843 1152
843 1156
843 1158
843 1159
843 1164
843 1167
843 1169
843 1173
843 1174
843 1180
843 1181
843 1216
843 1220
843 1221
843 1222
843 1230
843 1231
843 1233
843 1243
843 1245
843 1248
843 1250
843 1254
844 4
844 6
844 7
844 11
844 14
844 15
844 17
844 29
844 30
844 34
844 38
844 68
844 74
844 75
844 76
844 77
844 79
844 81
844 82
844 85
844 86
844 93
844 96
844 98
844 100
844 102
844 132
844 134
844 135
844 142
844 143
844 145
844 158
844 162
844 196
844 198
844 199
844 204
844 206
844 207
844 209
844 213
844 220
844 221
844 226
844 260
844 262
844 265
844 267
844 268
844 270
844 271
844 273
844 277
844 285
844 290
844 294
844 324
844 326
844 327
844 334
844 335
844 337
844 341
844 342
844 349
844 354
844 390
844 395
844 396
844 399
844 401
844 405
844 406
844 413
844 418
844 420
844 421
844 422
844 438
844 439
844 452
844 453
844 454
844 460
844 462
844 463
844 465
844 466
844 469
844 477
844 482
844 486
844 516
844 517
844 518
844 526
844 527
844 529
844 530
844 533
844 540
844 541
844 546
844 550
844 580
844 582
844 588
844 590
844 591
844 593
844 597
844 605
844 610
844 644
844 646
844 647
844 652
844 654
844 655
844 657
844 658
844 667
844 669
844 674
844 708
844 710
844 716
844 718
844 719
844 721
844 733
844 738
844 768
844 772
844 773
844 774
844 779
844 780
844 783
844 785
844 789
844 797
844 802
844 832
844 836
844 838
844 843
844 845
844 847
844 849
844 850
844 853
844 854
844 859
844 861
844 862
844 866
844 868
844 870
844 896
844 900
844 902
844 907
844 908
844 913
844 917
844 918
844 925
844 928
844 930
844 932
844 934
844 949
844 951
844 960
844 964
844 965
844 966
844 972
844 975
844 977
844 989
844 998
844 1028
844 1030
844 1031
844 1036
844 1038
844 1039
844 1041
844 1053
844 1088
844 1092
844 1093
844 1094
844 1100
844 1102
844 1103
844 1105
844 1106
844 1109
844 1110
844 1116
844 1117
844 1120
844 1122
844 1126
844 1132
844 1152
844 1156
844 1158
844 1159
844 1164
844 1167
844 1169
844 1173
844 1174
844 1180
844 1181
844 1216
844 1220
844 1221
844 1222
844 1230
844 1231
844 1233
844 1243
844 1245
844 1248
844 1250
845 4
845 6
845 11
845 14
845 15
845 17
845 29
845 30
845 34
845 68
845 70
845 71
845 75
845 76
845 77
845 78
845 79
845 81
845 85
845 86
845 93
845 98
845 102
845 132
845 134
845 135
845 142
845 145
845 162
845 196
845 198
845 199
845 206
845 207
845 209
845 213
845 221
845 260
845 262
845 270
845 271
845 273
845 277
845 285
845 290
845 294
845 324
845 326
845 334
845 335
845 337
845 341
845 354
845 388
845 390
845 395
845 396
845 398
845 399
845 401
845 405
845 406
845 413
845 418
845 420
845 422
845 438
845 452
845 454
845 460
845 462
845 463
845 465
845 477
845 482
845 486
845 516
845 518
845 526
845 527
845 529
845 541
845 546
845 580
845 582
845 590
845 591
845 593
845 644
845 646
845 652
845 653
845 654
845 655
845 657
845 669
845 674
845 708
845 710
845 717
845 718
845 719
845 721
845 733
845 738
845 772
845 773
845 774
845 781
845 782
845 783
845 785
845 789
845 797
845 832
845 836
845 838
845 843
845 844
845 846
845 847
845 849
845 850
845 853
845 854
845 861
845 862
845 866
845 868
845 870
845 896
845 900
845 902
845 909
845 910
845 911
845 913
845 917
845 918
845 925
845 928
845 930
845 932
845 934
845 964
845 966
845 973
845 974
845 975
845 977
845 989
845 1028
845 1030
845 1037
845 1038
845 1039
845 1041
845 1053
845 1092
845 1094
845 1100
845 1102
845 1103
845 1105
845 1106
845 1109
845 1117
845 1122
845 1152
845 1156
845 1158
845 1159
845 1164
845 1166
845 1167
845 1169
845 1173
845 1174
845 1181
845 1220
845 1221
845 1222
845 1230
845 1231
845 1233
845 1243
845 1245
846 6
846 14
846 17
846 30
846 68
846 70
846 71
846 78
846 79
846 81
846 85
846 93
846 98
846 102
846 145
846 196
846 199
846 206
846 207
846 209
846 213
846 221
846 260
846 262
846 270
846 271
846 273
846 277
846 290
846 324
846 326
846 334
846 337
846 341
846 388
846 390
846 396
846 398
846 399
846 401
846 405
846 413
846 452
846 454
846 462
846 463
846 465
846 477
846 516
846 518
846 526
846 529
846 541
846 580
846 590
846 644
846 654
846 657
846 669
846 674
846 708
846 718
846 721
846 733
846 772
846 782
846 785
846 836
846 838
846 845
846 847
846 849
846 853
846 861
846 900
846 902
846 910
846 911
846 913
846 925
846 974
846 975
846 1028
846 1030
846 1038
846 1092
846 1094
846 1100
846 1102
846 1103
846 1105
846 1117
846 1156
846 1158
846 1166
846 1169
846 1181
846 1230
846 1231
846 1233
846 1245
847 4
847 6
847 14
847 15
847 17
847 30
847 34
847 68
847 70
847 71
847 75
847 76
847 78
847 79
847 81
847 85
847 93
847 98
847 102
847 132
847 134
847 135
847 145
847 196
847 198
847 199
847 206
847 207
847 209
847 213
847 221
847 260
847 262
847 270
847 271
847 273
847 277
847 285
847 290
847 294
847 324
847 326
847 334
847 335
847 337
847 341
847 388
847 390
847 395
847 396
847 398
847 399
847 401
847 405
847 406
847 413
847 418
847 420
847 438
847 452
847 454
847 460
847 462
847 463
847 465
847 477
847 516
847 518
847 526
847 527
847 529
847 541
847 546
847 580
847 582
847 590
847 591
847 593
847 644
847 646
847 652
847 654
847 655
847 657
847 669
847 674
847 708
847 710
847 718
847 719
847 721
847 733
847 738
847 772
847 774
847 782
847 783
847 785
847 789
847 797
847 832
847 836
847 838
847 843
847 844
847 845
847 846
847 849
847 850
847 853
847 861
847 862
847 866
847 868
847 870
847 896
847 900
847 902
847 910
847 911
847 913
847 917
847 918
847 925
847 928
847 930
847 932
847 934
847 964
847 966
847 974
847 975
847 977
847 989
847 1028
847 1030
847 1038
847 1039
847 1041
847 1092
847 1094
847 1100
847 1102
847 1103
847 1105
847 1109
847 1117
847 1152
847 1156
847 1158
847 1159
847 1164
847 1166
847 1167
847 1169
847 1173
847 1174
847 1181
847 1220
847 1221
847 1222
847 1230
847 1231
847 1233
847 1243
847 1245
848 656
848 720
848 784
848 912
848 976
848 1040
849 4
849 6
849 14
849 15
849 17
849 29
849 30
849 34
849 68
849 70
849 71
849 75
849 76
849 77
849 78
849 79
849 81
849 85
849 86
849 93
849 98
849 102
849 132
849 134
849 135
849 145
849 162
849 196
849 198
849 199
849 206
849 207
849 209
849 213
849 221
849 260
849 262
849 270
849 271
849 273
849 277
849 285
849 290
849 294
849 324
849 326
849 334
849 335
849 337
849 341
849 354
849 388
849 390
849 395
849 396
849 398
849 399
849 401
849 405
849 406
849 413
849 418
849 420
849 422
849 438
849 452
849 454
849 460
849 462
849 463
849 465
849 477
849 482
849 486
849 516
849 518
849 526
849 527
849 529
849 541
849 546
849 580
849 582
849 590
849 591
849 593
849 644
849 646
849 652
849 654
849 655
849 657
849 669
849 674
849 708
849 710
849 718
849 719
849 721
849 733
849 738
849 772
849 773
849 774
849 782
849 783
849 785
849 789
849 797
849 832
849 836
849 838
849 843
849 844
849 845
849 846
849 847
849 850
849 853
849 854
849 861
849 862
849 866
849 868
849 870
849 896
849 900
849 902
849 910
849 911
849 913
849 917
849 918
849 925
849 928
849 930
849 932
849 934
849 964
849 966
849 974
849 975
849 977
849 989
849 1028
849 1030
849 1038
849 1039
849 1041
849 1053
849 1092
849 1094
849 1100
849 1102
849 1103
849 1105
849 1106
849 1109
849 1117
849 1122
849 1152
849 1156
849 1158
849 1159
849 1164
849 1166
849 1167
849 1169
849 1173
849 1174
849 1181
849 1220
849 1221
849 1222
849 1230
849 1231
849 1233
849 1243
849 1245
850 4
850 6
850 7
850 11
850 14
850 15
850 17
850 29
850 30
850 34
850 38
850 74
850 75
850 76
850 77
850 82
850 85
850 86
850 96
850 98
850 100
850 102
850 132
850 134
850 135
850 142
850 143
850 145
850 158
850 162
850 198
850 199
850 204
850 207
850 209
850 213
850 220
850 221
850 226
850 260
850 262
850 265
850 267
850 268
850 271
850 273
850 274
850 277
850 285
850 290
850 294
850 324
850 326
850 327
850 334
850 335
850 337
850 341
850 342
850 349
850 354
850 390
850 395
850 396
850 397
850 399
850 405
850 406
850 413
850 418
850 420
850 421
850 422
850 438
850 439
850 452
850 453
850 454
850 460
850 462
850 463
850 465
850 466
850 469
850 477
850 482
850 486
850 516
850 517
850 518
850 526
850 527
850 529
850 530
850 533
850 540
850 541
850 546
850 550
850 580
850 582
850 588
850 591
850 593
850 597
850 605
850 610
850 644
850 646
850 647
850 652
850 654
850 655
850 657
850 658
850 661
850 667
850 669
850 674
850 678
850 708
850 709
850 710
850 716
850 718
850 719
850 721
850 722
850 733
850 738
850 768
850 772
850 773
850 774
850 779
850 783
850 785
850 786
850 789
850 797
850 802
850 832
850 836
850 838
850 843
850 844
850 845
850 847
850 849
850 853
850 854
850 859
850 862
850 866
850 868
850 870
850 896
850 902
850 907
850 913
850 914
850 917
850 918
850 925
850 928
850 930
850 932
850 934
850 949
850 951
850 960
850 964
850 965
850 966
850 975
850 977
850 978
850 989
850 994
850 998
850 1028
850 1030
850 1031
850 1039
850 1041
850 1042
850 1053
850 1058
850 1088
850 1092
850 1093
850 1100
850 1102
850 1103
850 1105
850 1106
850 1109
850 1110
850 1116
850 1117
850 1120
850 1122
850 1126
850 1132
850 1152
850 1156
850 1158
850 1159
850 1164
850 1167
850 1169
850 1173
850 1174
850 1180
850 1181
850 1216
850 1220
850 1221
850 1222
850 1230
850 1231
850 1233
850 1243
850 1245
850 1248
850 1250
850 1254
851 659
851 723
851 787
851 915
851 979
851 1043
852 90
852 660
852 724
852 788
852 916
852 980
852 1044
852 1113
853 4
853 6
853 7
853 11
853 14
853 15
853 17
853 29
853 30
853 34
853 38
853 68
853 70
853 71
853 74
853 75
853 76
853 77
853 78
853 79
853 81
853 85
853 86
853 93
853 98
853 100
853 102
853 132
853 134
853 135
853 142
853 145
853 162
853 196
853 198
853 199
853 206
853 207
853 209
853 213
853 221
853 226
853 260
853 262
853 265
853 270
853 271
853 273
853 277
853 285
853 290
853 294
853 324
853 326
853 334
853 335
853 337
853 341
853 342
853 349
853 354
853 388
853 390
853 395
853 396
853 398
853 399
853 401
853 405
853 406
853 413
853 418
853 420
853 422
853 438
853 452
853 454
853 460
853 462
853 463
853 465
853 466
853 469
853 477
853 482
853 486
853 516
853 518
853 526
853 527
853 529
853 530
853 540
853 541
853 546
853 580
853 582
853 590
853 591
853 593
853 605
853 644
853 646
853 652
853 654
853 655
853 657
853 661
853 669
853 674
853 708
853 710
853 718
853 719
853 721
853 725
853 733
853 738
853 772
853 773
853 774
853 782
853 783
853 785
853 789
853 797
853 802
853 832
853 836
853 838
853 843
853 844
853 845
853 846
853 847
853 849
853 850
853 854
853 861
853 862
853 866
853 868
853 870
853 896
853 900
853 902
853 910
853 911
853 913
853 917
853 918
853 925
853 928
853 930
853 932
853 934
853 949
853 964
853 966
853 974
853 975
853 977
853 981
853 989
853 1028
853 1030
853 1031
853 1038
853 1039
853 1041
853 1045
853 1053
853 1092
853 1094
853 1100
853 1102
853 1103
853 1105
853 1106
853 1109
853 1116
853 1117
853 1120
853 1122
853 1152
853 1156
853 1158
853 1159
853 1164
853 1166
853 1167
853 1169
853 1173
853 1174
853 1180
853 1181
853 1220
853 1221
853 1222
853 1230
853 1231
853 1233
853 1243
853 1245
854 4
854 7
854 11
854 12
854 14
854 15
854 29
854 30
854 34
854 36
854 38
854 74
854 75
854 76
854 77
854 82
854 85
854 86
854 96
854 98
854 100
854 102
854 132
854 134
854 135
854 142
854 143
854 145
854 158
854 162
854 198
854 199
854 203
854 204
854 207
854 209
854 213
854 220
854 221
854 226
854 262
854 265
854 267
854 268
854 274
854 277
854 285
854 290
854 292
854 294
854 324
854 326
854 327
854 334
854 335
854 337
854 341
854 342
854 349
854 354
854 395
854 396
854 397
854 405
854 406
854 413
854 418
854 420
854 421
854 422
854 438
854 439
854 452
854 453
854 454
854 460
854 462
854 463
854 466
854 469
854 482
854 486
854 516
854 517
854 518
854 526
854 527
854 529
854 530
854 533
854 540
854 541
854 546
854 550
854 580
854 582
854 588
854 591
854 593
854 597
854 605
854 610
854 646
854 647
854 652
854 654
854 655
854 658
854 661
854 662
854 667
854 669
854 674
854 678
854 708
854 709
854 710
854 716
854 719
854 721
854 726
854 733
854 738
854 768
854 772
854 773
854 774
854 779
854 780
854 783
854 785
854 789
854 790
854 797
854 802
854 832
854 843
854 844
854 845
854 849
854 850
854 853
854 859
854 862
854 866
854 868
854 870
854 896
854 902
854 907
854 913
854 917
854 918
854 925
854 928
854 930
854 932
854 934
854 949
854 951
854 960
854 964
854 965
854 966
854 975
854 977
854 982
854 989
854 994
854 998
854 1028
854 1030
854 1031
854 1039
854 1041
854 1046
854 1053
854 1058
854 1088
854 1093
854 1100
854 1102
854 1106
854 1109
854 1110
854 1116
854 1120
854 1122
854 1126
854 1132
854 1152
854 1159
854 1163
854 1164
854 1167
854 1169
854 1170
854 1173
854 1174
854 1180
854 1190
854 1216
854 1220
854 1221
854 1222
854 1230
854 1231
854 1233
854 1243
854 1248
854 1250
854 1254
855 663
855 727
855 791
855 919
855 983
855 1047
855 1144
856 664
856 728
856 792
856 920
856 984
856 1048
857 118
857 665
857 729
857 748
857 793
857 921
857 985
857 1049
858 54
858 666
858 730
858 794
858 922
858 986
858 1050
859 7
859 11
859 12
859 29
859 34
859 36
859 38
859 74
859 75
859 77
859 82
859 86
859 92
859 96
859 100
859 132
859 134
859 135
859 142
859 143
859 149
859 158
859 162
859 198
859 203
859 204
859 205
859 220
859 226
859 229
859 265
859 266
859 267
859 268
859 274
859 285
859 292
859 294
859 327
859 342
859 349
859 354
859 358
859 386
859 395
859 397
859 402
859 406
859 420
859 421
859 422
859 439
859 453
859 459
859 460
859 466
859 469
859 482
859 486
859 517
859 527
859 530
859 533
859 540
859 546
859 548
859 550
859 588
859 591
859 597
859 605
859 610
859 647
859 652
859 655
859 658
859 661
859 667
859 678
859 709
859 710
859 716
859 719
859 725
859 731
859 742
859 768
859 773
859 774
859 779
859 780
859 783
859 789
859 795
859 802
859 843
859 844
859 850
859 854
859 870
859 887
859 896
859 901
859 907
859 918
859 923
859 924
859 928
859 930
859 932
859 934
859 949
859 951
859 960
859 965
859 972
859 977
859 981
859 987
859 994
859 998
859 1031
859 1039
859 1041
859 1051
859 1053
859 1058
859 1088
859 1093
859 1106
859 1109
859 1110
859 1116
859 1120
859 1122
859 1126
859 1132
859 1162
859 1163
859 1164
859 1170
859 1173
859 1174
859 1180
859 1190
859 1216
859 1221
859 1243
859 1248
859 1250
859 1254
860 668
860 732
860 796
860 924
860 988
860 1052
861 4
861 6
861 14
861 15
861 17
861 30
861 34
861 68
861 70
861 71
861 75
861 76
861 78
861 79
861 81
861 85
861 93
861 98
861 102
861 132
861 134
861 145
861 196
861 198
861 199
861 206
861 207
861 209
861 213
861 221
861 260
861 262
861 270
861 271
861 273
861 277
861 285
861 290
861 294
861 324
861 326
861 334
861 335
861 337
861 341
861 388
861 390
861 395
861 396
861 398
861 399
861 401
861 405
861 406
861 413
861 418
861 420
861 438
861 452
861 454
861 462
861 463
861 465
861 477
861 516
861 518
861 526
861 527
861 529
861 541
861 546
861 580
861 582
861 590
861 591
861 593
861 644
861 646
861 652
861 654
861 657
861 669
861 674
861 708
861 710
861 718
861 719
861 721
861 733
861 738
861 772
861 774
861 782
861 783
861 785
861 797
861 832
861 836
861 838
861 843
861 844
861 845
861 846
861 847
861 849
861 853
861 862
861 866
861 868
861 870
861 900
861 902
861 910
861 911
861 913
861 917
861 918
861 925
861 928
861 930
861 934
861 964
861 966
861 974
861 975
861 989
861 1028
861 1030
861 1038
861 1041
861 1053
861 1092
861 1094
861 1100
861 1102
861 1103
861 1105
861 1109
861 1117
861 1152
861 1156
861 1158
861 1159
861 1164
861 1166
861 1167
861 1169
861 1173
861 1181
861 1220
861 1222
861 1230
861 1231
861 1233
861 1243
861 1245
862 4
862 6
862 7
862 11
862 14
862 15
862 17
862 29
862 30
862 34
862 38
862 68
862 70
862 71
862 74
862 75
862 76
862 77
862 78
862 79
862 81
862 85
862 86
862 93
862 96
862 98
862 100
862 102
862 132
862 134
862 135
862 142
862 143
862 145
862 158
862 162
862 196
862 198
862 199
862 204
862 206
862 207
862 209
862 213
862 221
862 226
862 260
862 262
862 265
862 267
862 270
862 271
862 273
862 277
862 285
862 290
862 294
862 324
862 326
862 334
862 335
862 337
862 341
862 342
862 349
862 354
862 388
862 390
862 395
862 396
862 398
862 399
862 401
862 405
862 406
862 413
862 418
862 420
862 421
862 422
862 438
862 439
862 452
862 453
862 454
862 460
862 462
862 463
862 465
862 466
862 469
862 477
862 482
862 486
862 516
862 518
862 526
862 527
862 529
862 530
862 533
862 540
862 541
862 546
862 580
862 582
862 588
862 590
862 591
862 593
862 605
862 610
862 644
862 646
862 652
862 654
862 655
862 657
862 667
862 669
862 670
862 674
862 708
862 710
862 716
862 718
862 719
862 721
862 733
862 734
862 738
862 768
862 772
862 773
862 774
862 782
862 783
862 785
862 789
862 797
862 798
862 802
862 832
862 836
862 838
862 843
862 844
862 845
862 847
862 849
862 850
862 853
862 854
862 861
862 866
862 868
862 870
862 896
862 900
862 902
862 911
862 913
862 917
862 918
862 925
862 926
862 928
862 930
862 932
862 934
862 949
862 964
862 965
862 966
862 974
862 975
862 977
862 989
862 990
862 1028
862 1030
862 1031
862 1038
862 1039
862 1041
862 1053
862 1054
862 1088
862 1092
862 1093
862 1094
862 1100
862 1102
862 1103
862 1105
862 1106
862 1109
862 1110
862 1116
862 1117
862 1120
862 1122
862 1126
862 1132
862 1152
862 1156
862 1158
862 1159
862 1164
862 1166
862 1167
862 1169
862 1173
862 1174
862 1180
862 1181
862 1220
862 1221
862 1222
862 1230
862 1231
862 1233
862 1243
862 1245
862 1248
863 214
863 278
863 576
863 594
863 671
863 735
863 799
863 806
863 834
863 927
863 991
863 1045
863 1055
863 1107
864 672
864 736
864 800
864 928
864 992
864 1056
865 673
865 737
865 801
865 904
865 929
865 993
865 1057
865 1153
866 4
866 6
866 7
866 11
866 14
866 15
866 17
866 29
866 30
866 34
866 38
866 68
866 70
866 71
866 74
866 75
866 76
866 77
866 78
866 79
866 81
866 85
866 86
866 93
866 96
866 98
866 100
866 102
866 132
866 134
866 135
866 142
866 143
866 145
866 158
866 162
866 196
866 198
866 199
866 204
866 206
866 207
866 209
866 213
866 221
866 226
866 260
866 262
866 265
866 267
866 270
866 271
866 273
866 277
866 285
866 290
866 294
866 324
866 326
866 334
866 335
866 337
866 341
866 342
866 349
866 354
866 388
866 390
866 395
866 396
866 398
866 399
866 401
866 405
866 406
866 413
866 418
866 420
866 421
866 422
866 438
866 439
866 452
866 453
866 454
866 460
866 462
866 463
866 465
866 466
866 469
866 477
866 482
866 486
866 516
866 518
866 526
866 527
866 529
866 530
866 533
866 540
866 541
866 546
866 580
866 582
866 588
866 590
866 591
866 593
866 605
866 610
866 644
866 646
866 652
866 654
866 655
866 657
866 667
866 669
866 674
866 708
866 710
866 716
866 718
866 719
866 721
866 733
866 738
866 768
866 772
866 773
866 774
866 779
866 782
866 783
866 785
866 789
866 797
866 802
866 832
866 836
866 838
866 843
866 844
866 845
866 847
866 849
866 850
866 853
866 854
866 861
866 862
866 868
866 870
866 896
866 900
866 902
866 911
866 913
866 917
866 918
866 925
866 928
866 930
866 932
866 934
866 949
866 964
866 965
866 966
866 974
866 975
866 977
866 989
866 994
866 1028
866 1030
866 1031
866 1038
866 1039
866 1041
866 1053
866 1058
866 1088
866 1092
866 1093
866 1094
866 1100
866 1102
866 1103
866 1105
866 1106
866 1109
866 1110
866 1116
866 1117
866 1120
866 1122
866 1126
866 1132
866 1152
866 1156
866 1158
866 1159
866 1164
866 1166
866 1167
866 1169
866 1173
866 1174
866 1180
866 1181
866 1220
866 1221
866 1222
866 1230
866 1231
866 1233
866 1243
866 1245
866 1248
867 120
867 675
867 739
867 803
867 931
867 995
867 1059
868 4
868 6
868 7
868 11
868 14
868 15
868 17
868 29
868 30
868 34
868 38
868 68
868 70
868 71
868 74
868 75
868 76
868 77
868 78
868 79
868 81
868 82
868 85
868 86
868 93
868 96
868 98
868 100
868 102
868 132
868 134
868 135
868 142
868 143
868 145
868 158
868 162
868 196
868 198
868 199
868 204
868 206
868 207
868 209
868 213
868 221
868 226
868 260
868 262
868 265
868 267
868 268
868 270
868 271
868 273
868 277
868 285
868 290
868 294
868 324
868 326
868 327
868 334
868 335
868 337
868 341
868 342
868 349
868 354
868 388
868 390
868 395
868 396
868 399
868 401
868 405
868 406
868 413
868 418
868 420
868 421
868 422
868 438
868 439
868 452
868 453
868 454
868 460
868 462
868 463
868 465
868 466
868 469
868 477
868 482
868 486
868 516
868 518
868 526
868 527
868 529
868 530
868 533
868 540
868 541
868 546
868 550
868 580
868 582
868 588
868 590
868 591
868 593
868 597
868 605
868 610
868 644
868 646
868 652
868 654
868 655
868 657
868 667
868 669
868 674
868 676
868 708
868 710
868 716
868 718
868 719
868 721
868 733
868 738
868 740
868 768
868 772
868 773
868 774
868 779
868 782
868 783
868 785
868 789
868 797
868 802
868 804
868 832
868 836
868 838
868 843
868 844
868 845
868 847
868 849
868 850
868 853
868 854
868 861
868 862
868 866
868 870
868 896
868 900
868 902
868 907
868 911
868 913
868 917
868 918
868 925
868 928
868 930
868 932
868 934
868 949
868 964
868 965
868 966
868 974
868 975
868 977
868 989
868 996
868 1028
868 1030
868 1031
868 1038
868 1039
868 1041
868 1053
868 1060
868 1088
868 1092
868 1093
868 1094
868 1100
868 1102
868 1103
868 1105
868 1106
868 1109
868 1110
868 1116
868 1117
868 1120
868 1122
868 1126
868 1132
868 1152
868 1156
868 1158
868 1159
868 1164
868 1166
868 1167
868 1169
868 1173
868 1174
868 1180
868 1181
868 1220
868 1221
868 1222
868 1230
868 1231
868 1233
868 1243
868 1245
868 1248
868 1250
869 677
869 741
869 805
869 933
869 997
869 1061
870 4
870 6
870 7
870 11
870 14
870 15
870 17
870 29
870 30
870 34
870 38
870 68
870 70
870 71
870 74
870 75
870 76
870 77
870 78
870 79
870 81
870 82
870 85
870 86
870 93
870 96
870 98
870 100
870 102
870 132
870 134
870 135
870 142
870 143
870 145
870 158
870 162
870 196
870 198
870 199
870 204
870 206
870 207
870 209
870 213
870 221
870 226
870 260
870 262
870 265
870 267
870 268
870 270
870 271
870 273
870 277
870 285
870 290
870 294
870 324
870 326
870 327
870 334
870 335
870 337
870 341
870 342
870 349
870 354
870 388
870 390
870 395
870 396
870 399
870 401
870 405
870 406
870 413
870 418
870 420
870 421
870 422
870 438
870 439
870 452
870 453
870 454
870 460
870 462
870 463
870 465
870 466
870 469
870 477
870 482
870 486
870 516
870 518
870 526
870 527
870 529
870 530
870 533
870 540
870 541
870 546
870 550
870 580
870 582
870 588
870 590
870 591
870 593
870 597
870 605
870 610
870 644
870 646
870 652
870 654
870 655
870 657
870 667
870 669
870 674
870 678
870 708
870 710
870 716
870 718
870 719
870 721
870 733
870 738
870 742
870 768
870 772
870 773
870 774
870 779
870 782
870 783
870 785
870 789
870 797
870 802
870 806
870 832
870 836
870 838
870 843
870 844
870 845
870 847
870 849
870 850
870 853
870 854
870 859
870 861
870 862
870 866
870 868
870 896
870 900
870 902
870 907
870 911
870 913
870 917
870 918
870 925
870 928
870 930
870 932
870 934
870 949
870 964
870 965
870 966
870 974
870 975
870 977
870 989
870 998
870 1028
870 1030
870 1031
870 1038
870 1039
870 1041
870 1053
870 1062
870 1088
870 1092
870 1093
870 1094
870 1100
870 1102
870 1103
870 1105
870 1106
870 1109
870 1110
870 1116
870 1117
870 1120
870 1122
870 1126
870 1132
870 1152
870 1156
870 1158
870 1159
870 1164
870 1166
870 1167
870 1169
870 1173
870 1174
870 1180
870 1181
870 1220
870 1221
870 1222
870 1230
870 1231
870 1233
870 1243
870 1245
870 1248
870 1250
871 679
871 743
871 807
871 935
871 999
871 1063
872 44
872 283
872 680
872 744
872 808
872 936
872 1000
872 1064
873 681
873 745
873 809
873 937
873 1001
873 1026
873 1065
874 309
874 474
874 682
874 746
874 810
874 938
874 1002
874 1066
875 570
875 683
875 747
875 811
875 939
875 1003
875 1067
876 684
876 748
876 812
876 940
876 1004
876 1014
876 1068
877 685
877 749
877 813
877 941
877 1005
877 1069
878 686
878 750
878 781
878 814
878 942
878 1006
878 1070
879 687
879 751
879 815
879 943
879 1007
879 1071
879 1125
880 427
880 688
880 752
880 816
880 944
880 1008
880 1072
881 632
881 689
881 753
881 817
881 945
881 1009
881 1073
882 20
882 690
882 754
882 818
882 946
882 1010
882 1074
883 691
883 755
883 819
883 947
883 1011
883 1075
884 692
884 756
884 820
884 948
884 1012
884 1076
885 693
885 757
885 821
885 949
885 1013
885 1077
886 694
886 758
886 822
886 950
886 1014
886 1078
887 7
887 12
887 22
887 36
887 38
887 64
887 74
887 82
887 92
887 96
887 100
887 143
887 149
887 158
887 203
887 204
887 205
887 210
887 219
887 220
887 226
887 229
887 265
887 266
887 267
887 268
887 269
887 274
887 292
887 327
887 332
887 342
887 349
887 358
887 386
887 391
887 397
887 402
887 421
887 439
887 453
887 459
887 466
887 469
887 517
887 533
887 540
887 548
887 550
887 583
887 588
887 597
887 610
887 647
887 653
887 658
887 661
887 667
887 678
887 695
887 704
887 709
887 716
887 725
887 726
887 742
887 759
887 768
887 779
887 780
887 802
887 823
887 837
887 859
887 901
887 907
887 924
887 926
887 949
887 951
887 960
887 965
887 972
887 981
887 994
887 998
887 1015
887 1031
887 1058
887 1079
887 1088
887 1093
887 1110
887 1116
887 1120
887 1126
887 1132
887 1162
887 1163
887 1170
887 1180
887 1186
887 1190
887 1216
887 1246
887 1248
887 1250
887 1254
888 696
888 760
888 824
888 952
888 1016
888 1080
889 697
889 761
889 825
889 953
889 1017
889 1052
889 1081
890 239
890 698
890 762
890 826
890 954
890 1018
890 1082
891 558
891 699
891 763
891 794
891 827
891 955
891 1019
891 1083
891 1187
892 700
892 751
892 764
892 828
892 956
892 1020
892 1084
893 701
893 757
893 765
893 829
893 957
893 1021
893 1085
894 702
894 766
894 830
894 958
894 1022
894 1086
895 280
895 703
895 767
895 831
895 959
895 1023
895 1087
896 7
896 11
896 29
896 34
896 38
896 74
896 75
896 76
896 77
896 82
896 85
896 86
896 96
896 98
896 100
896 102
896 132
896 134
896 135
896 142
896 143
896 145
896 158
896 162
896 198
896 199
896 204
896 207
896 209
896 213
896 220
896 221
896 226
896 262
896 265
896 267
896 268
896 271
896 273
896 274
896 277
896 285
896 290
896 292
896 294
896 324
896 326
896 327
896 334
896 335
896 337
896 341
896 342
896 349
896 354
896 390
896 395
896 396
896 397
896 399
896 405
896 406
896 413
896 418
896 420
896 421
896 422
896 438
896 439
896 452
896 453
896 454
896 460
896 462
896 463
896 465
896 466
896 469
896 477
896 482
896 486
896 516
896 517
896 518
896 526
896 527
896 529
896 530
896 533
896 540
896 541
896 546
896 550
896 580
896 582
896 588
896 591
896 593
896 597
896 605
896 610
896 646
896 647
896 652
896 654
896 655
896 657
896 658
896 661
896 667
896 669
896 674
896 678
896 704
896 708
896 709
896 710
896 716
896 718
896 719
896 721
896 733
896 738
896 768
896 772
896 773
896 774
896 779
896 780
896 783
896 785
896 789
896 797
896 802
896 832
896 838
896 843
896 844
896 845
896 847
896 849
896 850
896 853
896 854
896 859
896 862
896 866
896 868
896 870
896 902
896 907
896 913
896 917
896 918
896 925
896 928
896 930
896 932
896 934
896 949
896 951
896 960
896 964
896 965
896 966
896 975
896 977
896 989
896 994
896 998
896 1024
896 1028
896 1030
896 1031
896 1039
896 1041
896 1053
896 1058
896 1088
896 1092
896 1093
896 1100
896 1102
896 1103
896 1105
896 1106
896 1109
896 1110
896 1116
896 1117
896 1120
896 1122
896 1126
896 1132
896 1152
896 1159
896 1163
896 1164
896 1167
896 1169
896 1173
896 1174
896 1180
896 1216
896 1220
896 1221
896 1222
896 1230
896 1231
896 1233
896 1243
896 1245
896 1248
896 1250
896 1254
897 339
897 705
897 769
897 833
897 961
897 1025
897 1089
897 1202
898 706
898 770
898 834
898 962
898 1026
898 1090
899 126
899 433
899 617
899 707
899 771
899 835
899 963
899 976
899 1027
899 1091
900 6
900 14
900 17
900 68
900 70
900 71
900 75
900 76
900 78
900 79
900 81
900 85
900 93
900 98
900 102
900 132
900 134
900 145
900 196
900 198
900 199
900 206
900 207
900 209
900 213
900 221
900 260
900 262
900 270
900 271
900 273
900 277
900 285
900 290
900 294
900 324
900 326
900 334
900 335
900 337
900 341
900 388
900 390
900 395
900 396
900 398
900 399
900 401
900 405
900 406
900 413
900 418
900 420
900 438
900 452
900 454
900 462
900 463
900 465
900 477
900 516
900 518
900 526
900 527
900 529
900 541
900 546
900 580
900 582
900 590
900 591
900 593
900 644
900 646
900 652
900 654
900 657
900 669
900 674
900 708
900 710
900 718
900 721
900 733
900 738
900 772
900 774
900 782
900 783
900 785
900 797
900 832
900 836
900 838
900 844
900 845
900 846
900 847
900 849
900 853
900 861
900 862
900 866
900 868
900 870
900 902
900 910
900 911
900 913
900 917
900 918
900 925
900 928
900 930
900 934
900 964
900 966
900 974
900 975
900 989
900 1028
900 1030
900 1038
900 1041
900 1092
900 1094
900 1100
900 1102
900 1103
900 1105
900 1109
900 1117
900 1152
900 1156
900 1158
900 1159
900 1164
900 1166
900 1167
900 1169
900 1173
900 1181
900 1220
900 1222
900 1230
900 1231
900 1233
900 1243
900 1245
901 12
901 36
901 64
901 82
901 92
901 96
901 100
901 143
901 149
901 158
901 203
901 204
901 205
901 210
901 219
901 220
901 229
901 265
901 266
901 267
901 268
901 269
901 274
901 292
901 327
901 332
901 349
901 358
901 386
901 391
901 397
901 402
901 421
901 439
901 453
901 459
901 466
901 517
901 533
901 540
901 548
901 550
901 583
901 588
901 597
901 610
901 647
901 653
901 658
901 661
901 667
901 678
901 704
901 709
901 716
901 725
901 726
901 742
901 768
901 773
901 779
901 780
901 837
901 859
901 887
901 907
901 924
901 926
901 949
901 951
901 960
901 965
901 972
901 981
901 994
901 998
901 1029
901 1058
901 1088
901 1093
901 1110
901 1126
901 1132
901 1162
901 1163
901 1170
901 1186
901 1190
901 1216
901 1246
901 1248
901 1250
901 1254
902 4
902 6
902 14
902 17
902 30
902 68
902 70
902 71
902 75
902 76
902 77
902 78
902 79
902 81
902 85
902 86
902 93
902 98
902 102
902 132
902 134
902 135
902 142
902 145
902 162
902 196
902 198
902 199
902 206
902 207
902 209
902 213
902 221
902 260
902 262
902 270
902 271
902 273
902 277
902 285
902 290
902 294
902 324
902 326
902 334
902 335
902 337
902 341
902 354
902 388
902 390
902 395
902 396
902 398
902 399
902 401
902 405
902 406
902 413
902 418
902 420
902 422
902 438
902 452
902 454
902 460
902 462
902 463
902 465
902 477
902 482
902 486
902 516
902 518
902 526
902 527
902 529
902 541
902 546
902 580
902 582
902 590
902 591
902 593
902 644
902 646
902 652
902 654
902 655
902 657
902 669
902 674
902 708
902 710
902 718
902 719
902 721
902 733
902 738
902 772
902 773
902 774
902 782
902 783
902 785
902 789
902 797
902 832
902 836
902 838
902 843
902 844
902 845
902 846
902 847
902 849
902 850
902 853
902 854
902 861
902 862
902 866
902 868
902 870
902 896
902 900
902 910
902 911
902 913
902 917
902 918
902 925
902 928
902 930
902 932
902 934
902 964
902 966
902 974
902 975
902 977
902 989
902 1028
902 1030
902 1038
902 1039
902 1041
902 1053
902 1092
902 1094
902 1100
902 1102
902 1103
902 1105
902 1106
902 1109
902 1117
902 1122
902 1152
902 1156
902 1158
902 1159
902 1164
902 1166
902 1167
902 1169
902 1173
902 1174
902 1181
902 1220
902 1221
902 1222
902 1230
902 1231
902 1233
902 1243
902 1245
903 9
903 69
903 137
903 197
903 263
903 325
903 389
903 455
903 521
903 581
903 645
903 672
903 711
903 775
903 777
903 839
903 841
903 967
903 1029
903 1031
903 1095
903 1157
903 1223
904 712
904 776
904 840
904 865
904 968
904 1032
904 1096
904 1153
905 97
905 713
905 777
905 841
905 969
905 1033
905 1097
906 714
906 722
906 778
906 842
906 970
906 1034
906 1098
906 1171
907 7
907 38
907 74
907 75
907 77
907 82
907 86
907 92
907 96
907 100
907 132
907 134
907 135
907 142
907 143
907 149
907 158
907 162
907 198
907 203
907 204
907 205
907 220
907 226
907 229
907 265
907 266
907 267
907 268
907 274
907 285
907 292
907 294
907 327
907 335
907 342
907 349
907 354
907 358
907 386
907 395
907 397
907 402
907 406
907 420
907 421
907 422
907 438
907 439
907 453
907 459
907 460
907 466
907 469
907 482
907 486
907 517
907 527
907 530
907 533
907 540
907 546
907 548
907 550
907 588
907 591
907 597
907 605
907 610
907 647
907 652
907 655
907 658
907 661
907 667
907 678
907 709
907 710
907 715
907 716
907 719
907 725
907 738
907 742
907 768
907 773
907 774
907 779
907 780
907 783
907 789
907 802
907 843
907 844
907 850
907 854
907 859
907 868
907 870
907 887
907 896
907 901
907 918
907 924
907 928
907 930
907 932
907 934
907 949
907 951
907 960
907 965
907 971
907 972
907 977
907 981
907 994
907 998
907 1031
907 1035
907 1039
907 1041
907 1053
907 1058
907 1088
907 1093
907 1099
907 1106
907 1109
907 1110
907 1116
907 1120
907 1122
907 1126
907 1132
907 1162
907 1163
907 1164
907 1170
907 1173
907 1174
907 1180
907 1190
907 1216
907 1221
907 1243
907 1248
907 1250
907 1254
908 64
908 101
908 210
908 214
908 219
908 278
908 293
908 356
908 391
908 583
908 594
908 704
908 716
908 726
908 780
908 834
908 844
908 914
908 926
908 972
908 1036
908 1045
908 1062
908 1100
908 1186
909 717
909 781
909 845
909 973
909 1037
909 1101
909 1129
910 68
910 70
910 71
910 78
910 79
910 81
910 85
910 93
910 98
910 145
910 196
910 199
910 206
910 207
910 209
910 213
910 221
910 260
910 262
910 270
910 271
910 273
910 277
910 290
910 324
910 326
910 334
910 337
910 388
910 390
910 396
910 398
910 399
910 401
910 405
910 413
910 452
910 454
910 462
910 465
910 477
910 516
910 518
910 526
910 529
910 541
910 580
910 590
910 644
910 657
910 669
910 674
910 708
910 718
910 733
910 772
910 782
910 785
910 836
910 838
910 845
910 846
910 847
910 849
910 853
910 861
910 900
910 902
910 911
910 913
910 925
910 974
910 975
910 1028
910 1030
910 1038
910 1092
910 1094
910 1100
910 1102
910 1103
910 1105
910 1117
910 1156
910 1158
910 1166
910 1169
910 1181
910 1231
910 1233
910 1245
911 6
911 68
911 70
911 71
911 75
911 76
911 78
911 79
911 81
911 85
911 93
911 98
911 102
911 132
911 145
911 196
911 199
911 206
911 207
911 209
911 213
911 221
911 260
911 262
911 270
911 271
911 273
911 277
911 285
911 290
911 294
911 324
911 326
911 334
911 335
911 337
911 341
911 388
911 390
911 396
911 398
911 399
911 401
911 405
911 406
911 413
911 418
911 438
911 452
911 454
911 462
911 463
911 465
911 477
911 516
911 518
911 526
911 527
911 529
911 541
911 580
911 582
911 590
911 593
911 644
911 646
911 652
911 654
911 657
911 669
911 674
911 708
911 718
911 719
911 721
911 733
911 738
911 772
911 782
911 783
911 785
911 797
911 832
911 836
911 838
911 845
911 846
911 847
911 849
911 853
911 861
911 862
911 866
911 868
911 870
911 900
911 902
911 910
911 913
911 917
911 925
911 934
911 964
911 966
911 974
911 975
911 989
911 1028
911 1030
911 1038
911 1039
911 1092
911 1094
911 1100
911 1102
911 1103
911 1105
911 1109
911 1117
911 1152
911 1156
911 1158
911 1159
911 1164
911 1166
911 1167
911 1169
911 1181
911 1220
911 1222
911 1230
911 1231
911 1233
911 1245
912 26
912 305
912 720
912 784
912 848
912 976
912 1040
912 1104
912 1172
912 1269
913 4
913 6
913 14
913 15
913 17
913 30
913 34
913 68
913 70
913 71
913 74
913 75
913 76
913 77
913 78
913 79
913 81
913 85
913 86
913 93
913 98
913 100
913 102
913 132
913 134
913 135
913 142
913 143
913 145
913 162
913 196
913 198
913 199
913 206
913 207
913 209
913 213
913 221
913 226
913 260
913 262
913 265
913 270
913 271
913 273
913 277
913 285
913 290
913 294
913 324
913 326
913 334
913 335
913 337
913 341
913 342
913 349
913 354
913 388
913 390
913 395
913 396
913 398
913 399
913 401
913 405
913 406
913 413
913 418
913 420
913 421
913 422
913 438
913 452
913 454
913 460
913 462
913 463
913 465
913 466
913 469
913 477
913 482
913 486
913 516
913 518
913 526
913 527
913 529
913 530
913 540
913 541
913 546
913 580
913 582
913 590
913 591
913 593
913 605
913 610
913 644
913 646
913 652
913 654
913 655
913 657
913 669
913 674
913 708
913 710
913 718
913 719
913 721
913 733
913 738
913 772
913 773
913 774
913 782
913 783
913 785
913 789
913 797
913 802
913 832
913 836
913 838
913 843
913 844
913 845
913 846
913 847
913 849
913 850
913 853
913 854
913 861
913 862
913 866
913 868
913 870
913 896
913 900
913 902
913 910
913 911
913 917
913 918
913 925
913 928
913 930
913 932
913 934
913 949
913 964
913 966
913 974
913 975
913 977
913 989
913 1028
913 1030
913 1031
913 1038
913 1039
913 1041
913 1053
913 1092
913 1094
913 1100
913 1102
913 1103
913 1105
913 1106
913 1109
913 1110
913 1116
913 1117
913 1120
913 1122
913 1132
913 1152
913 1156
913 1158
913 1159
913 1164
913 1166
913 1167
913 1169
913 1173
913 1174
913 1180
913 1181
913 1220
913 1221
913 1222
913 1230
913 1231
913 1233
913 1243
913 1245
914 64
914 101
914 210
914 214
914 219
914 266
914 269
914 293
914 332
914 356
914 391
914 583
914 653
914 704
914 722
914 726
914 742
914 786
914 834
914 837
914 850
914 908
914 926
914 978
914 1042
914 1062
914 1106
914 1162
914 1186
914 1246
915 236
915 723
915 787
915 851
915 979
915 1043
915 1107
916 489
916 549
916 724
916 788
916 852
916 958
916 980
916 1044
916 1108
917 4
917 14
917 15
917 17
917 30
917 34
917 68
917 70
917 71
917 74
917 75
917 76
917 77
917 78
917 79
917 81
917 85
917 86
917 93
917 96
917 98
917 100
917 102
917 132
917 134
917 135
917 142
917 143
917 145
917 158
917 162
917 196
917 198
917 199
917 204
917 206
917 207
917 209
917 213
917 221
917 226
917 260
917 262
917 265
917 267
917 270
917 271
917 273
917 277
917 285
917 290
917 294
917 324
917 326
917 334
917 335
917 337
917 341
917 342
917 349
917 354
917 388
917 390
917 395
917 396
917 398
917 399
917 401
917 405
917 406
917 413
917 418
917 420
917 421
917 422
917 438
917 439
917 452
917 453
917 454
917 460
917 462
917 463
917 465
917 466
917 469
917 477
917 482
917 486
917 516
917 518
917 526
917 527
917 529
917 530
917 533
917 540
917 541
917 546
917 580
917 582
917 588
917 590
917 591
917 593
917 605
917 610
917 644
917 646
917 652
917 654
917 655
917 657
917 667
917 669
917 674
917 708
917 710
917 716
917 718
917 719
917 721
917 725
917 733
917 738
917 772
917 773
917 774
917 782
917 783
917 785
917 789
917 797
917 802
917 832
917 836
917 838
917 843
917 844
917 845
917 847
917 849
917 850
917 853
917 854
917 861
917 862
917 866
917 868
917 870
917 896
917 900
917 902
917 911
917 913
917 918
917 925
917 928
917 930
917 932
917 934
917 949
917 964
917 965
917 966
917 974
917 975
917 977
917 981
917 989
917 1028
917 1030
917 1031
917 1038
917 1039
917 1041
917 1045
917 1053
917 1088
917 1092
917 1093
917 1094
917 1100
917 1102
917 1103
917 1105
917 1106
917 1109
917 1110
917 1116
917 1117
917 1120
917 1122
917 1126
917 1132
917 1152
917 1156
917 1158
917 1159
917 1164
917 1166
917 1167
917 1169
917 1173
917 1174
917 1180
917 1181
917 1220
917 1221
917 1222
917 1230
917 1231
917 1233
917 1243
917 1245
917 1248
918 4
918 11
918 15
918 29
918 34
918 68
918 74
918 75
918 76
918 77
918 81
918 82
918 85
918 86
918 96
918 98
918 100
918 102
918 132
918 134
918 135
918 142
918 143
918 145
918 158
918 162
918 196
918 198
918 199
918 204
918 206
918 207
918 209
918 213
918 220
918 221
918 226
918 260
918 262
918 265
918 267
918 268
918 270
918 271
918 273
918 274
918 277
918 285
918 290
918 294
918 324
918 326
918 327
918 334
918 335
918 337
918 341
918 342
918 349
918 354
918 390
918 395
918 396
918 397
918 399
918 401
918 405
918 406
918 413
918 418
918 420
918 421
918 422
918 438
918 439
918 452
918 453
918 454
918 460
918 462
918 463
918 465
918 466
918 469
918 477
918 482
918 486
918 516
918 517
918 518
918 526
918 527
918 529
918 530
918 533
918 540
918 541
918 546
918 550
918 580
918 582
918 588
918 591
918 593
918 597
918 605
918 610
918 644
918 646
918 647
918 652
918 654
918 655
918 657
918 658
918 667
918 669
918 674
918 678
918 708
918 710
918 716
918 718
918 719
918 721
918 726
918 733
918 738
918 768
918 772
918 773
918 774
918 779
918 783
918 785
918 789
918 790
918 797
918 802
918 832
918 836
918 838
918 843
918 844
918 845
918 847
918 849
918 850
918 853
918 854
918 859
918 861
918 862
918 866
918 868
918 870
918 896
918 900
918 902
918 907
918 913
918 917
918 925
918 928
918 930
918 932
918 934
918 949
918 951
918 960
918 964
918 965
918 966
918 975
918 977
918 982
918 989
918 998
918 1028
918 1030
918 1031
918 1038
918 1039
918 1041
918 1046
918 1053
918 1088
918 1092
918 1093
918 1094
918 1100
918 1102
918 1103
918 1105
918 1106
918 1109
918 1110
918 1116
918 1117
918 1120
918 1122
918 1126
918 1132
918 1152
918 1156
918 1158
918 1159
918 1164
918 1167
918 1169
918 1173
918 1174
918 1180
918 1181
918 1216
918 1220
918 1221
918 1222
918 1230
918 1231
918 1233
918 1243
918 1245
918 1248
918 1250
918 1254
919 567
919 727
919 791
919 855
919 983
919 1047
919 1111
920 508
920 728
920 792
920 856
920 984
920 1048
920 1112
920 1177
920 1277
921 729
921 793
921 857
921 985
921 1049
921 1113
922 468
922 601
922 660
922 730
922 794
922 858
922 986
922 1050
922 1114
923 731
923 795
923 859
923 987
923 1051
923 1115
923 1138
924 12
924 36
924 64
924 74
924 82
924 92
924 96
924 100
924 143
924 149
924 158
924 203
924 204
924 205
924 210
924 219
924 220
924 226
924 229
924 265
924 266
924 267
924 268
924 269
924 274
924 292
924 327
924 332
924 342
924 349
924 358
924 386
924 391
924 397
924 402
924 421
924 439
924 453
924 459
924 466
924 469
924 517
924 530
924 533
924 540
924 548
924 550
924 583
924 588
924 597
924 605
924 610
924 647
924 653
924 658
924 661
924 667
924 678
924 704
924 709
924 716
924 725
924 726
924 732
924 742
924 768
924 779
924 780
924 796
924 802
924 837
924 859
924 860
924 887
924 901
924 907
924 926
924 949
924 951
924 960
924 965
924 972
924 981
924 988
924 994
924 998
924 1031
924 1052
924 1058
924 1088
924 1093
924 1110
924 1116
924 1120
924 1126
924 1132
924 1162
924 1163
924 1170
924 1180
924 1186
924 1190
924 1216
924 1246
924 1248
924 1250
924 1254
925 4
925 6
925 14
925 15
925 17
925 30
925 68
925 70
925 71
925 75
925 76
925 77
925 78
925 79
925 81
925 85
925 86
925 93
925 98
925 102
925 132
925 134
925 135
925 142
925 145
925 162
925 196
925 198
925 199
925 206
925 207
925 209
925 213
925 221
925 260
925 262
925 270
925 271
925 273
925 277
925 285
925 290
925 294
925 324
925 326
925 334
925 335
925 337
925 341
925 354
925 388
925 390
925 395
925 396
925 398
925 399
925 401
925 405
925 406
925 413
925 418
925 420
925 422
925 438
925 452
925 454
925 460
925 462
925 463
925 465
925 469
925 477
925 482
925 486
925 516
925 518
925 526
925 527
925 529
925 530
925 541
925 546
925 580
925 582
925 590
925 591
925 593
925 605
925 644
925 646
925 652
925 654
925 655
925 657
925 669
925 674
925 708
925 710
925 718
925 719
925 721
925 733
925 738
925 772
925 773
925 774
925 782
925 783
925 785
925 789
925 797
925 832
925 836
925 838
925 843
925 844
925 845
925 846
925 847
925 849
925 850
925 853
925 854
925 861
925 862
925 866
925 868
925 870
925 896
925 900
925 902
925 910
925 911
925 913
925 917
925 918
925 928
925 930
925 932
925 934
925 964
925 966
925 974
925 975
925 977
925 989
925 1028
925 1030
925 1038
925 1039
925 1041
925 1053
925 1092
925 1094
925 1100
925 1102
925 1103
925 1105
925 1106
925 1109
925 1116
925 1117
925 1122
925 1152
925 1156
925 1158
925 1159
925 1164
925 1166
925 1167
925 1169
925 1173
925 1174
925 1181
925 1220
925 1221
925 1222
925 1230
925 1231
925 1233
925 1243
925 1245
926 22
926 64
926 92
926 149
926 203
926 205
926 210
926 219
926 229
926 266
926 269
926 332
926 356
926 358
926 386
926 391
926 402
926 459
926 548
926 583
926 653
926 704
926 725
926 726
926 734
926 742
926 780
926 798
926 837
926 862
926 887
926 901
926 908
926 914
926 924
926 972
926 981
926 990
926 1054
926 1062
926 1118
926 1162
926 1170
926 1186
926 1190
926 1246
927 735
927 799
927 863
927 991
927 1055
927 1119
928 4
928 15
928 29
928 34
928 68
928 70
928 74
928 75
928 76
928 77
928 78
928 79
928 81
928 82
928 85
928 86
928 93
928 96
928 98
928 100
928 102
928 132
928 134
928 135
928 142
928 143
928 145
928 158
928 162
928 196
928 198
928 199
928 204
928 206
928 207
928 209
928 213
928 220
928 221
928 226
928 260
928 262
928 265
928 267
928 268
928 270
928 271
928 273
928 277
928 285
928 290
928 294
928 324
928 326
928 327
928 334
928 335
928 337
928 341
928 342
928 349
928 354
928 390
928 395
928 396
928 399
928 401
928 405
928 406
928 413
928 418
928 420
928 421
928 422
928 438
928 439
928 452
928 453
928 454
928 460
928 462
928 463
928 465
928 466
928 469
928 477
928 482
928 486
928 516
928 517
928 518
928 526
928 527
928 529
928 530
928 533
928 540
928 541
928 546
928 550
928 580
928 582
928 588
928 590
928 591
928 593
928 597
928 605
928 610
928 644
928 646
928 647
928 652
928 654
928 655
928 657
928 658
928 667
928 669
928 674
928 708
928 710
928 716
928 718
928 719
928 721
928 733
928 736
928 738
928 768
928 772
928 773
928 774
928 779
928 783
928 785
928 789
928 797
928 800
928 802
928 832
928 836
928 838
928 843
928 844
928 845
928 847
928 849
928 850
928 853
928 854
928 859
928 861
928 862
928 864
928 866
928 868
928 870
928 896
928 900
928 902
928 907
928 913
928 917
928 918
928 925
928 930
928 932
928 934
928 949
928 951
928 960
928 964
928 965
928 966
928 975
928 977
928 989
928 992
928 998
928 1028
928 1030
928 1031
928 1038
928 1039
928 1041
928 1053
928 1056
928 1088
928 1092
928 1093
928 1094
928 1100
928 1102
928 1103
928 1105
928 1106
928 1109
928 1110
928 1116
928 1117
928 1120
928 1122
928 1126
928 1132
928 1152
928 1156
928 1158
928 1159
928 1164
928 1167
928 1169
928 1173
928 1174
928 1180
928 1181
928 1216
928 1220
928 1221
928 1222
928 1230
928 1231
928 1233
928 1243
928 1245
928 1248
928 1250
929 33
929 737
929 801
929 865
929 993
929 1046
929 1057
929 1097
929 1121
930 4
930 15
930 29
930 34
930 68
930 74
930 75
930 76
930 77
930 79
930 81
930 82
930 85
930 86
930 93
930 96
930 98
930 100
930 102
930 132
930 134
930 135
930 142
930 143
930 145
930 158
930 162
930 196
930 198
930 199
930 204
930 206
930 207
930 209
930 213
930 220
930 221
930 226
930 260
930 262
930 265
930 267
930 268
930 270
930 271
930 273
930 277
930 285
930 290
930 294
930 324
930 326
930 327
930 334
930 335
930 337
930 341
930 342
930 349
930 354
930 390
930 395
930 396
930 399
930 401
930 405
930 406
930 413
930 418
930 420
930 421
930 422
930 438
930 439
930 452
930 453
930 454
930 460
930 462
930 463
930 465
930 466
930 469
930 477
930 482
930 486
930 516
930 517
930 518
930 526
930 527
930 529
930 530
930 533
930 540
930 541
930 546
930 550
930 580
930 582
930 588
930 590
930 591
930 593
930 597
930 605
930 610
930 644
930 646
930 647
930 652
930 654
930 655
930 657
930 658
930 667
930 669
930 674
930 708
930 710
930 716
930 718
930 719
930 721
930 733
930 738
930 768
930 772
930 773
930 774
930 779
930 783
930 785
930 789
930 797
930 802
930 832
930 836
930 838
930 843
930 844
930 845
930 847
930 849
930 850
930 853
930 854
930 859
930 861
930 862
930 866
930 868
930 870
930 896
930 900
930 902
930 907
930 913
930 917
930 918
930 925
930 928
930 932
930 934
930 949
930 951
930 960
930 964
930 965
930 966
930 975
930 977
930 989
930 994
930 998
930 1028
930 1030
930 1031
930 1038
930 1039
930 1041
930 1053
930 1058
930 1088
930 1092
930 1093
930 1094
930 1100
930 1102
930 1103
930 1105
930 1106
930 1109
930 1110
930 1116
930 1117
930 1120
930 1122
930 1126
930 1132
930 1152
930 1156
930 1158
930 1159
930 1164
930 1167
930 1169
930 1173
930 1174
930 1180
930 1181
930 1216
930 1220
930 1221
930 1222
930 1230
930 1231
930 1233
930 1243
930 1245
930 1248
930 1250
931 313
931 739
931 803
931 867
931 991
931 995
931 1059
931 1123
931 1133
932 7
932 11
932 29
932 34
932 38
932 74
932 75
932 76
932 77
932 82
932 85
932 86
932 96
932 98
932 100
932 102
932 132
932 134
932 135
932 142
932 143
932 145
932 158
932 162
932 198
932 199
932 204
932 207
932 209
932 213
932 220
932 221
932 226
932 262
932 265
932 267
932 268
932 271
932 273
932 274
932 277
932 285
932 290
932 292
932 294
932 324
932 326
932 327
932 334
932 335
932 337
932 341
932 342
932 349
932 354
932 390
932 395
932 396
932 397
932 399
932 405
932 406
932 413
932 418
932 420
932 421
932 422
932 438
932 439
932 452
932 453
932 454
932 460
932 462
932 463
932 465
932 466
932 469
932 477
932 482
932 486
932 516
932 517
932 518
932 526
932 527
932 529
932 530
932 533
932 540
932 541
932 546
932 550
932 580
932 582
932 588
932 591
932 593
932 597
932 605
932 610
932 646
932 647
932 652
932 654
932 655
932 657
932 658
932 661
932 667
932 669
932 674
932 678
932 708
932 709
932 710
932 716
932 718
932 719
932 721
932 733
932 738
932 740
932 768
932 772
932 773
932 774
932 779
932 780
932 783
932 785
932 789
932 797
932 802
932 804
932 832
932 843
932 844
932 845
932 847
932 849
932 850
932 853
932 854
932 859
932 862
932 866
932 868
932 870
932 896
932 902
932 907
932 913
932 917
932 918
932 925
932 928
932 930
932 934
932 949
932 951
932 960
932 964
932 965
932 966
932 975
932 977
932 989
932 994
932 996
932 998
932 1028
932 1030
932 1031
932 1039
932 1041
932 1053
932 1058
932 1060
932 1088
932 1092
932 1093
932 1100
932 1102
932 1103
932 1105
932 1106
932 1109
932 1110
932 1116
932 1117
932 1120
932 1122
932 1124
932 1126
932 1132
932 1152
932 1159
932 1163
932 1164
932 1167
932 1169
932 1173
932 1174
932 1180
932 1216
932 1220
932 1221
932 1222
932 1230
932 1231
932 1233
932 1243
932 1245
932 1248
932 1250
932 1254
933 741
933 805
933 869
933 997
933 1061
933 1125
934 4
934 15
934 30
934 34
934 68
934 70
934 74
934 75
934 76
934 77
934 78
934 79
934 81
934 82
934 85
934 86
934 93
934 96
934 98
934 100
934 102
934 132
934 134
934 135
934 142
934 143
934 145
934 158
934 162
934 196
934 198
934 199
934 204
934 206
934 207
934 209
934 213
934 221
934 226
934 260
934 262
934 265
934 267
934 268
934 270
934 271
934 273
934 277
934 285
934 290
934 294
934 324
934 326
934 327
934 334
934 335
934 337
934 341
934 342
934 349
934 354
934 388
934 390
934 395
934 396
934 399
934 401
934 405
934 406
934 413
934 418
934 420
934 421
934 422
934 438
934 439
934 452
934 453
934 454
934 460
934 462
934 463
934 465
934 466
934 469
934 477
934 482
934 486
934 516
934 518
934 526
934 527
934 529
934 530
934 533
934 540
934 541
934 546
934 550
934 580
934 582
934 588
934 590
934 591
934 593
934 597
934 605
934 610
934 644
934 646
934 652
934 654
934 655
934 657
934 667
934 669
934 674
934 708
934 710
934 716
934 718
934 719
934 721
934 733
934 738
934 742
934 768
934 772
934 773
934 774
934 779
934 782
934 783
934 785
934 789
934 797
934 802
934 806
934 832
934 836
934 838
934 843
934 844
934 845
934 847
934 849
934 850
934 853
934 854
934 859
934 861
934 862
934 866
934 868
934 870
934 896
934 900
934 902
934 907
934 911
934 913
934 917
934 918
934 925
934 928
934 930
934 932
934 949
934 964
934 965
934 966
934 974
934 975
934 977
934 989
934 998
934 1028
934 1030
934 1031
934 1038
934 1039
934 1041
934 1053
934 1062
934 1088
934 1092
934 1093
934 1094
934 1100
934 1102
934 1103
934 1105
934 1106
934 1109
934 1110
934 1116
934 1117
934 1120
934 1122
934 1126
934 1132
934 1152
934 1156
934 1158
934 1159
934 1164
934 1166
934 1167
934 1169
934 1173
934 1174
934 1180
934 1181
934 1216
934 1220
934 1221
934 1222
934 1230
934 1231
934 1233
934 1243
934 1245
934 1248
934 1250
935 743
935 807
935 871
935 999
935 1063
935 1127
935 1179
936 744
936 808
936 872
936 1000
936 1002
936 1064
936 1128
937 32
937 410
937 745
937 809
937 873
937 1001
937 1065
937 1129
938 746
938 810
938 874
938 1002
938 1066
938 1130
939 151
939 747
939 811
939 875
939 1003
939 1067
939 1131
940 748
940 812
940 876
940 1004
940 1068
940 1132
941 749
941 813
941 877
941 1005
941 1069
941 1085
941 1133
942 165
942 750
942 814
942 878
942 1006
942 1070
942 1134
942 1211
943 1
943 675
943 751
943 815
943 879
943 1007
943 1071
943 1135
944 752
944 816
944 880
944 1008
944 1072
944 1136
944 1272
945 753
945 817
945 831
945 881
945 1009
945 1073
945 1137
946 754
946 818
946 882
946 1010
946 1074
946 1138
947 257
947 744
947 755
947 819
947 883
947 1011
947 1075
947 1135
947 1139
947 1151
948 656
948 756
948 820
948 884
948 1012
948 1076
948 1140
949 7
949 11
949 29
949 38
949 74
949 75
949 76
949 77
949 82
949 85
949 86
949 96
949 98
949 100
949 102
949 132
949 134
949 135
949 142
949 143
949 145
949 149
949 158
949 162
949 198
949 199
949 203
949 204
949 205
949 220
949 226
949 265
949 267
949 268
949 274
949 285
949 290
949 292
949 294
949 327
949 334
949 335
949 341
949 342
949 349
949 354
949 358
949 386
949 395
949 397
949 402
949 406
949 418
949 420
949 421
949 422
949 438
949 439
949 453
949 460
949 463
949 466
949 469
949 482
949 486
949 516
949 517
949 518
949 527
949 529
949 530
949 533
949 540
949 541
949 546
949 550
949 582
949 588
949 591
949 593
949 597
949 605
949 610
949 646
949 647
949 652
949 654
949 655
949 658
949 661
949 667
949 678
949 709
949 710
949 716
949 719
949 721
949 725
949 738
949 757
949 768
949 773
949 774
949 779
949 780
949 783
949 789
949 797
949 802
949 821
949 832
949 843
949 844
949 850
949 853
949 854
949 859
949 862
949 866
949 868
949 870
949 885
949 887
949 896
949 901
949 907
949 913
949 917
949 918
949 924
949 928
949 930
949 932
949 934
949 951
949 960
949 964
949 965
949 966
949 977
949 981
949 989
949 994
949 998
949 1013
949 1028
949 1030
949 1031
949 1039
949 1041
949 1053
949 1058
949 1077
949 1088
949 1093
949 1100
949 1106
949 1109
949 1110
949 1116
949 1120
949 1122
949 1126
949 1132
949 1141
949 1152
949 1159
949 1163
949 1164
949 1167
949 1170
949 1173
949 1174
949 1180
949 1190
949 1216
949 1220
949 1221
949 1222
949 1230
949 1231
949 1233
949 1243
949 1248
949 1250
949 1254
950 758
950 822
950 886
950 971
950 1014
950 1078
950 1142
951 12
951 36
951 74
951 77
951 82
951 86
951 92
951 96
951 100
951 134
951 135
951 142
951 143
951 149
951 158
951 162
951 198
951 203
951 204
951 205
951 219
951 220
951 226
951 229
951 265
951 266
951 267
951 268
951 269
951 274
951 292
951 327
951 332
951 342
951 349
951 354
951 358
951 386
951 395
951 397
951 402
951 420
951 421
951 422
951 439
951 453
951 459
951 460
951 466
951 469
951 482
951 486
951 517
951 530
951 533
951 540
951 548
951 550
951 583
951 588
951 591
951 597
951 605
951 610
951 647
951 653
951 655
951 658
951 661
951 667
951 678
951 704
951 709
951 710
951 716
951 719
951 725
951 742
951 759
951 768
951 773
951 774
951 779
951 780
951 789
951 802
951 823
951 837
951 843
951 844
951 850
951 854
951 859
951 887
951 896
951 901
951 907
951 918
951 924
951 928
951 930
951 932
951 949
951 960
951 965
951 972
951 977
951 981
951 994
951 998
951 1015
951 1031
951 1039
951 1041
951 1053
951 1058
951 1079
951 1088
951 1093
951 1106
951 1110
951 1116
951 1120
951 1122
951 1126
951 1132
951 1143
951 1162
951 1163
951 1170
951 1173
951 1174
951 1180
951 1186
951 1190
951 1216
951 1221
951 1243
951 1246
951 1248
951 1250
951 1254
952 368
952 760
952 824
952 888
952 1016
952 1080
952 1144
953 761
953 825
953 889
953 1017
953 1081
953 1145
954 252
954 762
954 826
954 890
954 1018
954 1082
954 1146
955 763
955 827
955 891
955 1019
955 1083
955 1147
956 495
956 764
956 784
956 828
956 892
956 1020
956 1084
956 1148
957 765
957 829
957 893
957 1021
957 1085
957 1149
958 489
958 549
958 766
958 830
958 894
958 916
958 1022
958 1086
958 1150
959 554
959 569
959 767
959 831
959 895
959 1023
959 1087
959 1151
960 7
960 12
960 36
960 38
960 82
960 96
960 100
960 134
960 135
960 142
960 143
960 149
960 158
960 162
960 198
960 203
960 204
960 205
960 220
960 226
960 229
960 265
960 266
960 267
960 268
960 269
960 274
960 292
960 294
960 327
960 332
960 342
960 349
960 354
960 358
960 386
960 395
960 397
960 402
960 420
960 421
960 422
960 439
960 453
960 459
960 460
960 466
960 469
960 482
960 486
960 517
960 527
960 530
960 533
960 540
960 546
960 548
960 550
960 588
960 591
960 597
960 605
960 610
960 647
960 652
960 653
960 655
960 658
960 661
960 667
960 678
960 709
960 710
960 716
960 719
960 725
960 742
960 768
960 773
960 774
960 779
960 780
960 783
960 789
960 802
960 832
960 837
960 843
960 844
960 850
960 854
960 859
960 887
960 896
960 901
960 907
960 918
960 924
960 928
960 930
960 932
960 949
960 951
960 965
960 972
960 977
960 981
960 994
960 998
960 1024
960 1031
960 1039
960 1041
960 1053
960 1058
960 1088
960 1093
960 1106
960 1110
960 1116
960 1120
960 1122
960 1126
960 1132
960 1152
960 1162
960 1163
960 1164
960 1170
960 1173
960 1174
960 1180
960 1190
960 1216
960 1221
960 1243
960 1248
960 1250
960 1254
961 769
961 833
961 897
961 1009
961 1025
961 1089
961 1153
962 566
962 770
962 834
962 898
962 1026
962 1090
962 1154
963 244
963 467
963 771
963 835
963 899
963 1027
963 1091
963 1155
964 4
964 15
964 30
964 34
964 75
964 76
964 85
964 98
964 102
964 132
964 134
964 135
964 142
964 143
964 145
964 158
964 162
964 196
964 198
964 199
964 204
964 206
964 207
964 209
964 213
964 221
964 226
964 260
964 262
964 265
964 267
964 270
964 271
964 273
964 277
964 285
964 290
964 294
964 324
964 326
964 334
964 335
964 337
964 341
964 342
964 349
964 354
964 388
964 390
964 395
964 396
964 398
964 399
964 401
964 405
964 406
964 413
964 418
964 420
964 421
964 422
964 438
964 439
964 452
964 453
964 454
964 460
964 462
964 463
964 465
964 466
964 469
964 477
964 482
964 486
964 516
964 518
964 526
964 527
964 529
964 530
964 533
964 540
964 541
964 546
964 550
964 580
964 582
964 588
964 590
964 591
964 593
964 605
964 610
964 644
964 646
964 652
964 654
964 655
964 657
964 667
964 669
964 674
964 708
964 710
964 716
964 718
964 719
964 721
964 733
964 738
964 768
964 772
964 773
964 774
964 779
964 782
964 783
964 785
964 789
964 797
964 802
964 832
964 836
964 838
964 843
964 844
964 845
964 847
964 849
964 850
964 853
964 854
964 861
964 862
964 866
964 868
964 870
964 896
964 900
964 902
964 911
964 913
964 917
964 918
964 925
964 928
964 930
964 932
964 934
964 949
964 965
964 966
964 974
964 975
964 977
964 989
964 1028
964 1030
964 1031
964 1038
964 1039
964 1041
964 1053
964 1088
964 1092
964 1093
964 1094
964 1100
964 1102
964 1103
964 1105
964 1106
964 1109
964 1110
964 1116
964 1117
964 1120
964 1122
964 1126
964 1132
964 1152
964 1156
964 1158
964 1159
964 1164
964 1166
964 1167
964 1169
964 1173
964 1174
964 1180
964 1181
964 1220
964 1221
964 1222
964 1230
964 1231
964 1233
964 1243
964 1245
964 1248
965 7
965 11
965 29
965 38
965 74
965 77
965 82
965 86
965 96
965 100
965 132
965 134
965 135
965 142
965 143
965 145
965 149
965 158
965 162
965 198
965 203
965 204
965 205
965 220
965 226
965 229
965 265
965 267
965 268
965 274
965 285
965 292
965 294
965 327
965 335
965 341
965 342
965 349
965 354
965 358
965 386
965 395
965 397
965 402
965 406
965 418
965 420
965 421
965 422
965 438
965 439
965 453
965 459
965 460
965 463
965 466
965 469
965 482
965 486
965 517
965 527
965 530
965 533
965 540
965 546
965 548
965 550
965 582
965 588
965 591
965 593
965 597
965 605
965 610
965 646
965 647
965 652
965 654
965 655
965 658
965 661
965 667
965 678
965 709
965 710
965 716
965 719
965 721
965 725
965 738
965 742
965 768
965 773
965 774
965 779
965 780
965 783
965 789
965 797
965 802
965 832
965 837
965 843
965 844
965 850
965 854
965 859
965 862
965 866
965 868
965 870
965 887
965 896
965 901
965 907
965 917
965 918
965 924
965 928
965 930
965 932
965 934
965 949
965 951
965 960
965 964
965 966
965 972
965 977
965 981
965 989
965 994
965 998
965 1028
965 1029
965 1031
965 1039
965 1041
965 1053
965 1058
965 1088
965 1093
965 1106
965 1109
965 1110
965 1116
965 1120
965 1122
965 1126
965 1132
965 1152
965 1157
965 1159
965 1163
965 1164
965 1167
965 1170
965 1173
965 1174
965 1180
965 1190
965 1216
965 1220
965 1221
965 1222
965 1230
965 1243
965 1248
965 1250
965 1254
966 4
966 14
966 15
966 17
966 30
966 34
966 75
966 76
966 85
966 98
966 102
966 132
966 134
966 135
966 142
966 143
966 145
966 158
966 162
966 196
966 198
966 199
966 204
966 206
966 207
966 209
966 213
966 221
966 226
966 260
966 262
966 265
966 267
966 270
966 271
966 273
966 277
966 285
966 290
966 294
966 324
966 326
966 334
966 335
966 337
966 341
966 342
966 349
966 354
966 388
966 390
966 395
966 396
966 398
966 399
966 401
966 405
966 406
966 413
966 418
966 420
966 421
966 422
966 438
966 439
966 452
966 453
966 454
966 460
966 462
966 463
966 465
966 466
966 469
966 477
966 482
966 486
966 516
966 518
966 526
966 527
966 529
966 530
966 533
966 540
966 541
966 546
966 580
966 582
966 588
966 590
966 591
966 593
966 605
966 610
966 644
966 646
966 652
966 654
966 655
966 657
966 667
966 669
966 674
966 708
966 710
966 718
966 719
966 721
966 733
966 738
966 772
966 773
966 774
966 782
966 783
966 785
966 789
966 797
966 802
966 832
966 836
966 838
966 843
966 844
966 845
966 847
966 849
966 850
966 853
966 854
966 861
966 862
966 866
966 868
966 870
966 896
966 900
966 902
966 911
966 913
966 917
966 918
966 925
966 928
966 930
966 932
966 934
966 949
966 964
966 965
966 974
966 975
966 977
966 989
966 1028
966 1030
966 1031
966 1038
966 1039
966 1041
966 1053
966 1088
966 1092
966 1093
966 1094
966 1100
966 1102
966 1103
966 1105
966 1106
966 1109
966 1110
966 1116
966 1117
966 1120
966 1122
966 1126
966 1132
966 1152
966 1156
966 1158
966 1159
966 1164
966 1166
966 1167
966 1169
966 1173
966 1174
966 1180
966 1181
966 1220
966 1221
966 1222
966 1230
966 1231
966 1233
966 1243
966 1245
966 1248
967 9
967 69
967 137
967 197
967 263
967 325
967 389
967 455
967 521
967 581
967 645
967 672
967 711
967 775
967 777
967 839
967 841
967 903
967 1029
967 1031
967 1095
967 1157
967 1159
967 1223
968 776
968 840
968 904
968 1032
968 1096
968 1112
968 1160
969 777
969 841
969 905
969 1033
969 1097
969 1141
969 1161
970 670
970 778
970 842
970 906
970 1034
970 1098
970 1162
971 779
971 843
971 907
971 950
971 1035
971 1099
971 1163
972 36
972 92
972 149
972 158
972 203
972 204
972 205
972 210
972 219
972 220
972 229
972 266
972 267
972 268
972 269
972 274
972 292
972 327
972 332
972 358
972 386
972 391
972 397
972 402
972 439
972 453
972 459
972 517
972 533
972 548
972 550
972 583
972 588
972 597
972 647
972 653
972 658
972 661
972 667
972 678
972 704
972 709
972 716
972 725
972 726
972 742
972 768
972 779
972 780
972 837
972 844
972 859
972 887
972 901
972 907
972 908
972 924
972 926
972 951
972 960
972 965
972 981
972 994
972 998
972 1036
972 1058
972 1088
972 1093
972 1100
972 1126
972 1132
972 1162
972 1163
972 1164
972 1170
972 1186
972 1190
972 1216
972 1246
972 1248
972 1250
972 1254
973 133
973 279
973 781
973 845
973 909
973 1037
973 1101
973 1165
973 1260
974 6
974 68
974 70
974 71
974 78
974 79
974 81
974 93
974 132
974 145
974 196
974 199
974 206
974 207
974 209
974 213
974 221
974 260
974 262
974 270
974 271
974 273
974 277
974 285
974 290
974 294
974 324
974 326
974 334
974 335
974 337
974 341
974 388
974 390
974 396
974 398
974 399
974 401
974 405
974 406
974 413
974 418
974 438
974 452
974 454
974 462
974 463
974 465
974 477
974 516
974 518
974 526
974 527
974 529
974 541
974 580
974 582
974 590
974 593
974 644
974 646
974 652
974 654
974 657
974 669
974 674
974 708
974 718
974 721
974 733
974 738
974 772
974 782
974 783
974 785
974 797
974 832
974 836
974 838
974 845
974 846
974 847
974 849
974 853
974 861
974 862
974 866
974 868
974 870
974 900
974 902
974 910
974 911
974 913
974 917
974 925
974 934
974 964
974 966
974 975
974 989
974 1028
974 1030
974 1038
974 1092
974 1094
974 1100
974 1102
974 1103
974 1105
974 1109
974 1117
974 1152
974 1156
974 1158
974 1159
974 1164
974 1166
974 1167
974 1169
974 1181
974 1220
974 1222
974 1230
974 1231
974 1233
974 1245
975 4
975 6
975 14
975 17
975 30
975 68
975 76
975 81
975 85
975 93
975 98
975 102
975 132
975 134
975 135
975 142
975 145
975 162
975 196
975 198
975 199
975 206
975 207
975 209
975 213
975 221
975 260
975 262
975 270
975 271
975 273
975 277
975 285
975 290
975 294
975 324
975 326
975 334
975 335
975 337
975 341
975 354
975 388
975 390
975 395
975 396
975 398
975 399
975 401
975 405
975 406
975 413
975 418
975 420
975 422
975 438
975 452
975 454
975 460
975 462
975 463
975 465
975 477
975 482
975 486
975 516
975 518
975 526
975 527
975 529
975 530
975 541
975 546
975 580
975 582
975 590
975 591
975 593
975 605
975 644
975 646
975 652
975 654
975 655
975 657
975 669
975 674
975 708
975 710
975 718
975 719
975 721
975 733
975 738
975 772
975 773
975 774
975 782
975 783
975 785
975 789
975 797
975 832
975 836
975 838
975 843
975 844
975 845
975 846
975 847
975 849
975 850
975 853
975 854
975 861
975 862
975 866
975 868
975 870
975 896
975 900
975 902
975 910
975 911
975 913
975 917
975 918
975 925
975 928
975 930
975 932
975 934
975 964
975 966
975 974
975 977
975 989
975 1028
975 1030
975 1038
975 1039
975 1041
975 1053
975 1092
975 1094
975 1100
975 1102
975 1103
975 1105
975 1106
975 1109
975 1117
975 1122
975 1152
975 1156
975 1158
975 1159
975 1164
975 1166
975 1167
975 1169
975 1173
975 1174
975 1181
975 1220
975 1221
975 1222
975 1230
975 1231
975 1233
975 1243
975 1245
976 126
976 433
976 617
976 784
976 848
976 899
976 912
976 1040
976 1104
976 1168
977 7
977 11
977 29
977 34
977 38
977 74
977 75
977 77
977 86
977 100
977 132
977 134
977 135
977 142
977 143
977 145
977 158
977 162
977 198
977 199
977 204
977 207
977 209
977 213
977 220
977 221
977 226
977 260
977 262
977 265
977 267
977 268
977 271
977 273
977 274
977 277
977 285
977 290
977 292
977 294
977 324
977 326
977 327
977 334
977 335
977 337
977 341
977 342
977 349
977 354
977 390
977 395
977 396
977 397
977 399
977 405
977 406
977 413
977 418
977 420
977 421
977 422
977 438
977 439
977 452
977 453
977 454
977 460
977 462
977 463
977 465
977 466
977 469
977 477
977 482
977 486
977 516
977 517
977 518
977 526
977 527
977 529
977 530
977 533
977 540
977 541
977 546
977 550
977 580
977 582
977 588
977 591
977 593
977 597
977 605
977 610
977 644
977 646
977 647
977 652
977 654
977 655
977 657
977 658
977 661
977 667
977 669
977 674
977 678
977 708
977 709
977 710
977 716
977 718
977 719
977 721
977 733
977 738
977 768
977 772
977 773
977 774
977 779
977 783
977 785
977 789
977 797
977 802
977 832
977 838
977 843
977 844
977 845
977 847
977 849
977 850
977 853
977 854
977 859
977 862
977 866
977 868
977 870
977 896
977 902
977 907
977 913
977 917
977 918
977 925
977 928
977 930
977 932
977 934
977 949
977 951
977 960
977 964
977 965
977 966
977 975
977 989
977 994
977 998
977 1028
977 1030
977 1031
977 1039
977 1041
977 1053
977 1058
977 1088
977 1092
977 1093
977 1100
977 1102
977 1103
977 1105
977 1106
977 1109
977 1110
977 1116
977 1117
977 1120
977 1122
977 1126
977 1132
977 1152
977 1156
977 1158
977 1159
977 1163
977 1164
977 1167
977 1169
977 1173
977 1174
977 1180
977 1216
977 1220
977 1221
977 1222
977 1230
977 1231
977 1233
977 1243
977 1245
977 1248
977 1250
977 1254
978 786
978 850
978 914
978 1042
978 1106
978 1170
979 787
979 851
979 915
979 1043
979 1107
979 1171
980 16
980 663
980 788
980 814
980 852
980 916
980 1044
980 1108
980 1172
980 1240
981 12
981 36
981 92
981 142
981 143
981 149
981 158
981 203
981 204
981 205
981 210
981 219
981 220
981 226
981 229
981 265
981 266
981 267
981 268
981 269
981 274
981 292
981 327
981 332
981 342
981 349
981 358
981 386
981 391
981 397
981 402
981 421
981 439
981 453
981 459
981 466
981 469
981 517
981 530
981 533
981 540
981 548
981 550
981 583
981 588
981 597
981 605
981 610
981 647
981 653
981 655
981 658
981 661
981 667
981 678
981 704
981 709
981 716
981 725
981 726
981 742
981 768
981 779
981 780
981 789
981 802
981 837
981 853
981 859
981 887
981 901
981 907
981 917
981 924
981 926
981 949
981 951
981 960
981 965
981 972
981 994
981 998
981 1031
981 1045
981 1058
981 1088
981 1093
981 1109
981 1110
981 1116
981 1120
981 1126
981 1132
981 1162
981 1163
981 1170
981 1173
981 1180
981 1186
981 1190
981 1216
981 1246
981 1248
981 1250
981 1254
982 790
982 854
982 918
982 1046
982 1110
982 1174
983 791
983 855
983 919
983 1047
983 1111
983 1175
984 216
984 792
984 856
984 920
984 1048
984 1112
984 1176
985 688
985 793
985 857
985 921
985 1049
985 1113
985 1177
985 1209
986 794
986 858
986 922
986 1050
986 1114
986 1178
987 795
987 859
987 923
987 1051
987 1115
987 1179
988 796
988 860
988 924
988 1052
988 1116
988 1180
989 4
989 14
989 15
989 30
989 34
989 75
989 76
989 85
989 98
989 102
989 132
989 134
989 135
989 142
989 143
989 145
989 158
989 162
989 196
989 198
989 199
989 204
989 206
989 207
989 209
989 213
989 221
989 226
989 260
989 262
989 265
989 267
989 270
989 271
989 273
989 277
989 285
989 290
989 294
989 324
989 326
989 334
989 335
989 337
989 341
989 342
989 349
989 354
989 388
989 390
989 395
989 396
989 398
989 399
989 401
989 405
989 406
989 413
989 418
989 420
989 421
989 422
989 438
989 439
989 452
989 453
989 454
989 460
989 462
989 463
989 465
989 466
989 469
989 477
989 482
989 486
989 516
989 518
989 526
989 527
989 529
989 530
989 533
989 540
989 541
989 546
989 580
989 582
989 588
989 590
989 591
989 593
989 605
989 610
989 644
989 646
989 652
989 654
989 655
989 657
989 667
989 669
989 674
989 708
989 710
989 716
989 718
989 719
989 721
989 733
989 738
989 768
989 772
989 773
989 774
989 779
989 782
989 783
989 785
989 789
989 797
989 802
989 832
989 836
989 838
989 843
989 844
989 845
989 847
989 849
989 850
989 853
989 854
989 861
989 862
989 866
989 868
989 870
989 896
989 900
989 902
989 911
989 913
989 917
989 918
989 925
989 928
989 930
989 932
989 934
989 949
989 964
989 965
989 966
989 974
989 975
989 977
989 1028
989 1030
989 1031
989 1038
989 1039
989 1041
989 1053
989 1088
989 1092
989 1093
989 1094
989 1100
989 1102
989 1103
989 1105
989 1106
989 1109
989 1110
989 1116
989 1117
989 1120
989 1122
989 1126
989 1132
989 1152
989 1156
989 1158
989 1159
989 1164
989 1166
989 1167
989 1169
989 1173
989 1174
989 1180
989 1181
989 1220
989 1221
989 1222
989 1230
989 1231
989 1233
989 1243
989 1245
989 1248
990 525
990 798
990 862
990 926
990 1054
990 1118
990 1182
991 313
991 799
991 863
991 927
991 931
991 1055
991 1119
991 1133
991 1183
992 800
992 864
992 928
992 1056
992 1096
992 1120
992 1184
993 330
993 801
993 865
993 929
993 1057
993 1121
993 1185
994 12
994 36
994 135
994 142
994 143
994 149
994 158
994 162
994 203
994 204
994 205
994 219
994 220
994 226
994 229
994 265
994 266
994 267
994 268
994 269
994 274
994 292
994 327
994 332
994 342
994 349
994 354
994 358
994 386
994 391
994 397
994 402
994 421
994 422
994 439
994 453
994 459
994 460
994 466
994 469
994 482
994 486
994 517
994 530
994 533
994 540
994 548
994 550
994 583
994 588
994 597
994 605
994 610
994 647
994 653
994 655
994 658
994 661
994 667
994 678
994 704
994 709
994 716
994 719
994 725
994 726
994 742
994 768
994 773
994 779
994 780
994 789
994 802
994 837
994 843
994 850
994 854
994 859
994 866
994 887
994 896
994 901
994 907
994 924
994 930
994 932
994 949
994 951
994 960
994 965
994 972
994 977
994 981
994 998
994 1031
994 1039
994 1053
994 1058
994 1088
994 1093
994 1106
994 1110
994 1116
994 1120
994 1122
994 1126
994 1132
994 1162
994 1163
994 1170
994 1174
994 1180
994 1186
994 1190
994 1216
994 1221
994 1246
994 1248
994 1250
994 1254
995 643
995 803
995 867
995 931
995 1059
995 1123
995 1187
995 1198
996 361
996 804
996 868
996 932
996 1060
996 1124
996 1188
997 805
997 869
997 933
997 1061
997 1125
997 1189
998 12
998 36
998 82
998 96
998 134
998 135
998 142
998 143
998 149
998 158
998 162
998 198
998 203
998 204
998 205
998 220
998 226
998 229
998 265
998 266
998 267
998 268
998 269
998 274
998 292
998 327
998 332
998 342
998 349
998 354
998 358
998 386
998 395
998 397
998 402
998 420
998 421
998 422
998 439
998 453
998 459
998 460
998 466
998 469
998 482
998 486
998 517
998 530
998 533
998 540
998 548
998 550
998 583
998 588
998 591
998 597
998 605
998 610
998 647
998 653
998 655
998 658
998 661
998 667
998 678
998 704
998 709
998 710
998 716
998 719
998 725
998 742
998 768
998 773
998 774
998 779
998 780
998 789
998 802
998 806
998 837
998 843
998 844
998 850
998 854
998 859
998 870
998 887
998 896
998 901
998 907
998 918
998 924
998 928
998 930
998 932
998 934
998 949
998 951
998 960
998 965
998 972
998 977
998 981
998 994
998 1031
998 1039
998 1041
998 1053
998 1058
998 1062
998 1088
998 1093
998 1106
998 1110
998 1116
998 1120
998 1122
998 1126
998 1132
998 1162
998 1163
998 1170
998 1173
998 1174
998 1180
998 1190
998 1216
998 1221
998 1243
998 1246
998 1248
998 1250
998 1254
999 130
999 501
999 807
999 871
999 935
999 1063
999 1127
999 1191
1000 276
1000 303
1000 808
1000 872
1000 936
1000 1064
1000 1128
1000 1192
1001 314
1001 315
1001 809
1001 873
1001 937
1001 1065
1001 1129
1001 1193
1002 810
1002 874
1002 936
1002 938
1002 1066
1002 1130
1002 1194
1003 639
1003 811
1003 875
1003 939
1003 1067
1003 1131
1003 1195
1004 289
1004 321
1004 812
1004 876
1004 940
1004 1068
1004 1132
1004 1196
1005 813
1005 877
1005 941
1005 1069
1005 1133
1005 1197
1006 705
1006 814
1006 878
1006 942
1006 1070
1006 1134
1006 1198
1007 435
1007 815
1007 879
1007 943
1007 1071
1007 1135
1007 1199
1008 498
1008 816
1008 821
1008 880
1008 944
1008 1072
1008 1136
1008 1200
1009 817
1009 881
1009 945
1009 961
1009 1073
1009 1137
1009 1201
1010 513
1010 818
1010 882
1010 946
1010 1074
1010 1138
1010 1202
1011 487
1011 819
1011 883
1011 947
1011 1075
1011 1139
1011 1201
1011 1203
1012 65
1012 820
1012 884
1012 948
1012 1076
1012 1140
1012 1204
1012 1236
1013 345
1013 808
1013 821
1013 885
1013 949
1013 1060
1013 1077
1013 1141
1013 1205
1014 822
1014 876
1014 886
1014 950
1014 1078
1014 1142
1014 1206
1015 823
1015 887
1015 951
1015 1079
1015 1143
1015 1207
1016 302
1016 359
1016 824
1016 888
1016 952
1016 1040
1016 1080
1016 1144
1016 1208
1017 510
1017 825
1017 889
1017 953
1017 1081
1017 1145
1017 1209
1018 377
1018 528
1018 826
1018 890
1018 954
1018 1027
1018 1082
1018 1146
1018 1210
1019 827
1019 891
1019 955
1019 1083
1019 1147
1019 1211
1020 62
1020 680
1020 828
1020 892
1020 956
1020 1084
1020 1148
1020 1212
1021 249
1021 442
1021 829
1021 893
1021 957
1021 1085
1021 1149
1021 1213
1022 830
1022 894
1022 958
1022 1086
1022 1150
1022 1214
1023 636
1023 831
1023 895
1023 959
1023 1087
1023 1151
1023 1215
1024 832
1024 896
1024 960
1024 1088
1024 1152
1024 1216
1025 131
1025 684
1025 833
1025 897
1025 961
1025 1070
1025 1089
1025 1153
1025 1217
1026 834
1026 873
1026 898
1026 962
1026 1090
1026 1154
1026 1218
1027 377
1027 528
1027 835
1027 899
1027 963
1027 1018
1027 1091
1027 1155
1027 1219
1028 4
1028 6
1028 14
1028 15
1028 17
1028 30
1028 34
1028 75
1028 76
1028 85
1028 98
1028 102
1028 132
1028 134
1028 145
1028 196
1028 198
1028 199
1028 204
1028 206
1028 207
1028 209
1028 213
1028 221
1028 226
1028 260
1028 262
1028 265
1028 270
1028 271
1028 273
1028 277
1028 285
1028 290
1028 294
1028 324
1028 326
1028 334
1028 335
1028 337
1028 341
1028 342
1028 349
1028 354
1028 388
1028 390
1028 395
1028 396
1028 398
1028 399
1028 401
1028 405
1028 406
1028 413
1028 418
1028 420
1028 421
1028 422
1028 438
1028 439
1028 452
1028 454
1028 460
1028 462
1028 463
1028 465
1028 466
1028 469
1028 477
1028 482
1028 486
1028 516
1028 518
1028 526
1028 527
1028 529
1028 530
1028 540
1028 541
1028 546
1028 580
1028 582
1028 590
1028 591
1028 593
1028 605
1028 610
1028 644
1028 646
1028 652
1028 654
1028 655
1028 657
1028 669
1028 674
1028 708
1028 710
1028 718
1028 719
1028 721
1028 733
1028 738
1028 772
1028 773
1028 774
1028 782
1028 783
1028 785
1028 789
1028 797
1028 802
1028 832
1028 836
1028 838
1028 843
1028 844
1028 845
1028 846
1028 847
1028 849
1028 850
1028 853
1028 854
1028 861
1028 862
1028 866
1028 868
1028 870
1028 896
1028 900
1028 902
1028 910
1028 911
1028 913
1028 917
1028 918
1028 925
1028 928
1028 930
1028 932
1028 934
1028 949
1028 964
1028 965
1028 966
1028 974
1028 975
1028 977
1028 989
1028 1030
1028 1031
1028 1038
1028 1039
1028 1041
1028 1053
1028 1092
1028 1094
1028 1100
1028 1102
1028 1103
1028 1105
1028 1106
1028 1109
1028 1110
1028 1116
1028 1117
1028 1120
1028 1122
1028 1132
1028 1152
1028 1156
1028 1158
1028 1159
1028 1164
1028 1166
1028 1167
1028 1169
1028 1173
1028 1174
1028 1180
1028 1181
1028 1220
1028 1221
1028 1222
1028 1230
1028 1231
1028 1233
1028 1243
1028 1245
1028 1248
1029 9
1029 69
1029 137
1029 197
1029 263
1029 325
1029 389
1029 455
1029 521
1029 581
1029 645
1029 672
1029 711
1029 777
1029 837
1029 841
1029 901
1029 903
1029 965
1029 967
1029 1093
1029 1095
1029 1157
1029 1221
1029 1223
1030 4
1030 6
1030 14
1030 15
1030 17
1030 30
1030 34
1030 75
1030 76
1030 85
1030 98
1030 102
1030 132
1030 145
1030 196
1030 198
1030 199
1030 206
1030 207
1030 209
1030 213
1030 221
1030 226
1030 260
1030 262
1030 265
1030 270
1030 271
1030 273
1030 277
1030 285
1030 290
1030 294
1030 324
1030 326
1030 334
1030 335
1030 337
1030 341
1030 342
1030 349
1030 354
1030 388
1030 390
1030 395
1030 396
1030 398
1030 399
1030 401
1030 405
1030 406
1030 413
1030 418
1030 420
1030 421
1030 422
1030 438
1030 452
1030 454
1030 460
1030 462
1030 463
1030 465
1030 466
1030 469
1030 477
1030 482
1030 486
1030 516
1030 518
1030 526
1030 527
1030 529
1030 530
1030 540
1030 541
1030 546
1030 580
1030 582
1030 590
1030 591
1030 593
1030 605
1030 610
1030 644
1030 646
1030 652
1030 654
1030 655
1030 657
1030 669
1030 674
1030 708
1030 710
1030 718
1030 719
1030 721
1030 733
1030 738
1030 772
1030 773
1030 774
1030 782
1030 783
1030 785
1030 789
1030 797
1030 802
1030 832
1030 836
1030 838
1030 843
1030 844
1030 845
1030 846
1030 847
1030 849
1030 850
1030 853
1030 854
1030 861
1030 862
1030 866
1030 868
1030 870
1030 896
1030 900
1030 902
1030 910
1030 911
1030 913
1030 917
1030 918
1030 925
1030 928
1030 930
1030 932
1030 934
1030 949
1030 964
1030 966
1030 974
1030 975
1030 977
1030 989
1030 1028
1030 1031
1030 1038
1030 1039
1030 1041
1030 1053
1030 1092
1030 1094
1030 1100
1030 1102
1030 1103
1030 1105
1030 1106
1030 1109
1030 1116
1030 1117
1030 1120
1030 1122
1030 1152
1030 1156
1030 1158
1030 1159
1030 1164
1030 1166
1030 1167
1030 1169
1030 1173
1030 1174
1030 1180
1030 1181
1030 1220
1030 1221
1030 1222
1030 1230
1030 1231
1030 1233
1030 1243
1030 1245
1031 7
1031 11
1031 29
1031 38
1031 74
1031 77
1031 82
1031 86
1031 96
1031 100
1031 135
1031 142
1031 143
1031 158
1031 162
1031 198
1031 199
1031 203
1031 204
1031 205
1031 220
1031 226
1031 265
1031 267
1031 268
1031 274
1031 285
1031 290
1031 292
1031 294
1031 327
1031 334
1031 335
1031 341
1031 342
1031 349
1031 354
1031 358
1031 386
1031 395
1031 397
1031 402
1031 406
1031 418
1031 420
1031 421
1031 422
1031 438
1031 439
1031 453
1031 460
1031 463
1031 466
1031 469
1031 482
1031 486
1031 516
1031 517
1031 518
1031 526
1031 527
1031 529
1031 530
1031 533
1031 540
1031 541
1031 546
1031 550
1031 580
1031 582
1031 588
1031 591
1031 593
1031 597
1031 605
1031 610
1031 646
1031 647
1031 652
1031 654
1031 655
1031 658
1031 661
1031 667
1031 669
1031 678
1031 709
1031 710
1031 716
1031 719
1031 721
1031 725
1031 738
1031 768
1031 773
1031 774
1031 779
1031 780
1031 783
1031 789
1031 797
1031 802
1031 832
1031 839
1031 843
1031 844
1031 850
1031 853
1031 854
1031 859
1031 862
1031 866
1031 868
1031 870
1031 887
1031 896
1031 903
1031 907
1031 913
1031 917
1031 918
1031 924
1031 928
1031 930
1031 932
1031 934
1031 949
1031 951
1031 960
1031 964
1031 965
1031 966
1031 967
1031 977
1031 981
1031 989
1031 994
1031 998
1031 1028
1031 1030
1031 1039
1031 1041
1031 1053
1031 1058
1031 1088
1031 1093
1031 1095
1031 1100
1031 1106
1031 1109
1031 1110
1031 1116
1031 1120
1031 1122
1031 1126
1031 1132
1031 1152
1031 1159
1031 1163
1031 1164
1031 1167
1031 1170
1031 1173
1031 1174
1031 1180
1031 1190
1031 1216
1031 1220
1031 1221
1031 1222
1031 1223
1031 1230
1031 1231
1031 1233
1031 1243
1031 1248
1031 1250
1031 1254
1032 113
1032 840
1032 904
1032 968
1032 1096
1032 1160
1032 1224
1033 695
1033 841
1033 905
1033 969
1033 1097
1033 1161
1033 1225
1033 1271
1034 842
1034 906
1034 970
1034 1098
1034 1162
1034 1226
1035 843
1035 907
1035 971
1035 1099
1035 1163
1035 1227
1036 519
1036 844
1036 908
1036 972
1036 1090
1036 1100
1036 1164
1036 1228
1037 845
1037 909
1037 973
1037 1101
1037 1165
1037 1229
1038 6
1038 14
1038 17
1038 68
1038 70
1038 71
1038 78
1038 79
1038 81
1038 93
1038 196
1038 198
1038 199
1038 206
1038 207
1038 209
1038 213
1038 221
1038 260
1038 262
1038 270
1038 271
1038 273
1038 277
1038 285
1038 290
1038 294
1038 324
1038 326
1038 334
1038 335
1038 337
1038 341
1038 388
1038 390
1038 395
1038 396
1038 398
1038 399
1038 401
1038 405
1038 406
1038 413
1038 418
1038 438
1038 452
1038 454
1038 462
1038 463
1038 465
1038 477
1038 516
1038 518
1038 526
1038 527
1038 529
1038 541
1038 546
1038 580
1038 582
1038 590
1038 591
1038 593
1038 644
1038 646
1038 652
1038 654
1038 657
1038 669
1038 674
1038 708
1038 718
1038 721
1038 733
1038 738
1038 772
1038 774
1038 782
1038 783
1038 785
1038 797
1038 832
1038 836
1038 838
1038 844
1038 845
1038 846
1038 847
1038 849
1038 853
1038 861
1038 862
1038 866
1038 868
1038 870
1038 900
1038 902
1038 910
1038 911
1038 913
1038 917
1038 918
1038 925
1038 928
1038 930
1038 934
1038 964
1038 966
1038 974
1038 975
1038 989
1038 1028
1038 1030
1038 1041
1038 1092
1038 1094
1038 1100
1038 1102
1038 1103
1038 1105
1038 1109
1038 1117
1038 1152
1038 1156
1038 1158
1038 1159
1038 1164
1038 1166
1038 1167
1038 1169
1038 1181
1038 1220
1038 1222
1038 1230
1038 1231
1038 1233
1038 1243
1038 1245
1039 7
1039 11
1039 29
1039 38
1039 74
1039 77
1039 86
1039 96
1039 100
1039 134
1039 135
1039 142
1039 143
1039 158
1039 162
1039 198
1039 199
1039 203
1039 204
1039 207
1039 209
1039 213
1039 220
1039 221
1039 226
1039 262
1039 265
1039 267
1039 268
1039 273
1039 274
1039 277
1039 285
1039 290
1039 292
1039 294
1039 324
1039 326
1039 327
1039 334
1039 335
1039 337
1039 341
1039 342
1039 349
1039 354
1039 395
1039 396
1039 397
1039 399
1039 405
1039 406
1039 413
1039 418
1039 420
1039 421
1039 422
1039 438
1039 439
1039 452
1039 453
1039 454
1039 460
1039 462
1039 463
1039 465
1039 466
1039 469
1039 482
1039 486
1039 516
1039 517
1039 518
1039 526
1039 527
1039 529
1039 530
1039 533
1039 540
1039 541
1039 546
1039 550
1039 580
1039 582
1039 588
1039 591
1039 593
1039 597
1039 605
1039 610
1039 646
1039 647
1039 652
1039 654
1039 655
1039 658
1039 661
1039 667
1039 669
1039 674
1039 678
1039 708
1039 709
1039 710
1039 716
1039 718
1039 719
1039 721
1039 733
1039 738
1039 768
1039 772
1039 773
1039 774
1039 779
1039 780
1039 783
1039 785
1039 789
1039 797
1039 802
1039 832
1039 843
1039 844
1039 845
1039 847
1039 849
1039 850
1039 853
1039 854
1039 859
1039 862
1039 866
1039 868
1039 870
1039 896
1039 902
1039 907
1039 911
1039 913
1039 917
1039 918
1039 925
1039 928
1039 930
1039 932
1039 934
1039 949
1039 951
1039 960
1039 964
1039 965
1039 966
1039 975
1039 977
1039 989
1039 994
1039 998
1039 1028
1039 1030
1039 1031
1039 1041
1039 1053
1039 1058
1039 1088
1039 1093
1039 1100
1039 1102
1039 1103
1039 1106
1039 1109
1039 1110
1039 1116
1039 1120
1039 1122
1039 1126
1039 1132
1039 1152
1039 1159
1039 1163
1039 1164
1039 1167
1039 1169
1039 1173
1039 1174
1039 1180
1039 1190
1039 1216
1039 1220
1039 1221
1039 1222
1039 1230
1039 1231
1039 1233
1039 1243
1039 1248
1039 1250
1039 1254
1040 302
1040 359
1040 848
1040 912
1040 976
1040 1016
1040 1104
1040 1168
1040 1232
1041 4
1041 15
1041 29
1041 34
1041 75
1041 76
1041 77
1041 85
1041 86
1041 98
1041 102
1041 132
1041 134
1041 135
1041 145
1041 162
1041 196
1041 198
1041 199
1041 204
1041 206
1041 207
1041 209
1041 213
1041 220
1041 221
1041 226
1041 260
1041 262
1041 265
1041 267
1041 268
1041 270
1041 271
1041 273
1041 277
1041 285
1041 290
1041 294
1041 324
1041 326
1041 327
1041 334
1041 335
1041 337
1041 341
1041 342
1041 349
1041 354
1041 390
1041 395
1041 396
1041 399
1041 401
1041 405
1041 406
1041 413
1041 418
1041 420
1041 421
1041 422
1041 438
1041 439
1041 452
1041 453
1041 454
1041 460
1041 462
1041 463
1041 465
1041 466
1041 469
1041 477
1041 482
1041 486
1041 516
1041 517
1041 518
1041 526
1041 527
1041 529
1041 530
1041 533
1041 540
1041 541
1041 546
1041 550
1041 580
1041 582
1041 588
1041 590
1041 591
1041 593
1041 597
1041 605
1041 610
1041 644
1041 646
1041 647
1041 652
1041 654
1041 655
1041 657
1041 658
1041 667
1041 669
1041 674
1041 708
1041 710
1041 716
1041 718
1041 719
1041 721
1041 733
1041 738
1041 768
1041 772
1041 773
1041 774
1041 779
1041 783
1041 785
1041 789
1041 797
1041 802
1041 832
1041 836
1041 838
1041 843
1041 844
1041 845
1041 847
1041 849
1041 850
1041 853
1041 854
1041 859
1041 861
1041 862
1041 866
1041 868
1041 870
1041 896
1041 900
1041 902
1041 907
1041 913
1041 917
1041 918
1041 925
1041 928
1041 930
1041 932
1041 934
1041 949
1041 951
1041 960
1041 964
1041 965
1041 966
1041 975
1041 977
1041 989
1041 998
1041 1028
1041 1030
1041 1031
1041 1038
1041 1039
1041 1053
1041 1088
1041 1092
1041 1093
1041 1094
1041 1100
1041 1102
1041 1103
1041 1105
1041 1106
1041 1109
1041 1110
1041 1116
1041 1117
1041 1120
1041 1122
1041 1126
1041 1132
1041 1152
1041 1156
1041 1158
1041 1159
1041 1164
1041 1167
1041 1169
1041 1173
1041 1174
1041 1180
1041 1181
1041 1216
1041 1220
1041 1221
1041 1222
1041 1230
1041 1231
1041 1233
1041 1243
1041 1245
1041 1248
1041 1250
1042 157
1042 586
1042 850
1042 914
1042 978
1042 1106
1042 1170
1042 1234
1043 851
1043 915
1043 979
1043 1107
1043 1171
1043 1235
1044 619
1044 852
1044 916
1044 980
1044 1108
1044 1172
1044 1236
1045 214
1045 278
1045 293
1045 356
1045 576
1045 594
1045 806
1045 834
1045 853
1045 863
1045 908
1045 917
1045 981
1045 1062
1045 1107
1045 1109
1045 1173
1045 1237
1046 33
1046 854
1046 918
1046 929
1046 982
1046 1097
1046 1110
1046 1174
1046 1238
1047 195
1047 855
1047 919
1047 983
1047 1111
1047 1175
1047 1239
1048 173
1048 494
1048 633
1048 856
1048 920
1048 984
1048 1112
1048 1176
1048 1240
1049 24
1049 857
1049 921
1049 985
1049 1113
1049 1177
1049 1241
1050 858
1050 922
1050 986
1050 1114
1050 1178
1050 1242
1051 223
1051 859
1051 923
1051 987
1051 1115
1051 1179
1051 1243
1052 860
1052 889
1052 924
1052 988
1052 1116
1052 1180
1052 1244
1053 7
1053 11
1053 29
1053 38
1053 74
1053 75
1053 77
1053 86
1053 96
1053 100
1053 134
1053 135
1053 142
1053 143
1053 158
1053 162
1053 198
1053 199
1053 203
1053 204
1053 207
1053 209
1053 213
1053 220
1053 221
1053 226
1053 262
1053 265
1053 267
1053 268
1053 271
1053 273
1053 274
1053 277
1053 285
1053 290
1053 292
1053 294
1053 324
1053 326
1053 327
1053 334
1053 335
1053 337
1053 341
1053 342
1053 349
1053 354
1053 395
1053 396
1053 397
1053 399
1053 405
1053 406
1053 413
1053 418
1053 420
1053 421
1053 422
1053 438
1053 439
1053 452
1053 453
1053 454
1053 460
1053 462
1053 463
1053 465
1053 466
1053 469
1053 482
1053 486
1053 516
1053 517
1053 518
1053 526
1053 527
1053 529
1053 530
1053 533
1053 540
1053 541
1053 546
1053 550
1053 580
1053 582
1053 588
1053 591
1053 593
1053 597
1053 605
1053 610
1053 646
1053 647
1053 652
1053 654
1053 655
1053 657
1053 658
1053 661
1053 667
1053 669
1053 674
1053 678
1053 708
1053 709
1053 710
1053 716
1053 718
1053 719
1053 721
1053 733
1053 738
1053 768
1053 772
1053 773
1053 774
1053 779
1053 780
1053 783
1053 785
1053 789
1053 797
1053 802
1053 832
1053 843
1053 844
1053 845
1053 849
1053 850
1053 853
1053 854
1053 859
1053 861
1053 862
1053 866
1053 868
1053 870
1053 896
1053 902
1053 907
1053 913
1053 917
1053 918
1053 925
1053 928
1053 930
1053 932
1053 934
1053 949
1053 951
1053 960
1053 964
1053 965
1053 966
1053 975
1053 977
1053 989
1053 994
1053 998
1053 1028
1053 1030
1053 1031
1053 1039
1053 1041
1053 1058
1053 1088
1053 1093
1053 1100
1053 1102
1053 1103
1053 1106
1053 1109
1053 1110
1053 1116
1053 1117
1053 1120
1053 1122
1053 1126
1053 1132
1053 1152
1053 1159
1053 1163
1053 1164
1053 1167
1053 1169
1053 1173
1053 1174
1053 1180
1053 1181
1053 1216
1053 1220
1053 1221
1053 1222
1053 1230
1053 1231
1053 1233
1053 1243
1053 1245
1053 1248
1053 1250
1053 1254
1054 862
1054 926
1054 990
1054 1118
1054 1182
1054 1246
1055 863
1055 927
1055 991
1055 1119
1055 1183
1055 1247
1056 734
1056 864
1056 928
1056 992
1056 1120
1056 1184
1056 1248
1057 138
1057 865
1057 929
1057 993
1057 1121
1057 1185
1057 1249
1058 12
1058 36
1058 82
1058 198
1058 203
1058 204
1058 205
1058 219
1058 220
1058 226
1058 229
1058 265
1058 266
1058 267
1058 268
1058 269
1058 274
1058 292
1058 327
1058 332
1058 342
1058 349
1058 354
1058 358
1058 386
1058 391
1058 397
1058 402
1058 420
1058 421
1058 422
1058 439
1058 453
1058 459
1058 460
1058 466
1058 469
1058 482
1058 486
1058 517
1058 530
1058 533
1058 540
1058 548
1058 550
1058 583
1058 588
1058 591
1058 597
1058 605
1058 610
1058 647
1058 653
1058 655
1058 658
1058 661
1058 667
1058 678
1058 704
1058 709
1058 710
1058 716
1058 719
1058 725
1058 726
1058 742
1058 768
1058 773
1058 779
1058 780
1058 789
1058 802
1058 837
1058 843
1058 850
1058 854
1058 859
1058 866
1058 887
1058 896
1058 901
1058 907
1058 924
1058 930
1058 932
1058 949
1058 951
1058 960
1058 965
1058 972
1058 977
1058 981
1058 994
1058 998
1058 1031
1058 1039
1058 1053
1058 1088
1058 1093
1058 1106
1058 1110
1058 1116
1058 1120
1058 1122
1058 1126
1058 1132
1058 1162
1058 1163
1058 1170
1058 1173
1058 1174
1058 1180
1058 1186
1058 1190
1058 1216
1058 1221
1058 1246
1058 1248
1058 1250
1058 1254
1059 298
1059 343
1059 579
1059 867
1059 931
1059 995
1059 1123
1059 1187
1059 1251
1060 345
1060 808
1060 868
1060 932
1060 996
1060 1013
1060 1124
1060 1188
1060 1252
1061 778
1061 869
1061 933
1061 997
1061 1125
1061 1189
1061 1253
1062 210
1062 214
1062 219
1062 266
1062 269
1062 278
1062 293
1062 332
1062 356
1062 391
1062 583
1062 594
1062 653
1062 704
1062 726
1062 834
1062 837
1062 870
1062 908
1062 914
1062 926
1062 934
1062 998
1062 1045
1062 1126
1062 1186
1062 1190
1062 1246
1062 1254
1063 537
1063 871
1063 935
1063 999
1063 1127
1063 1191
1063 1255
1064 872
1064 936
1064 1000
1064 1128
1064 1192
1064 1256
1065 150
1065 801
1065 873
1065 937
1065 1001
1065 1129
1065 1193
1065 1257
1066 185
1066 241
1066 874
1066 938
1066 1002
1066 1130
1066 1194
1066 1258
1067 875
1067 939
1067 1003
1067 1131
1067 1195
1067 1259
1068 551
1068 876
1068 940
1068 1004
1068 1132
1068 1196
1068 1260
1069 877
1069 941
1069 1005
1069 1074
1069 1133
1069 1197
1069 1261
1070 131
1070 684
1070 878
1070 942
1070 1006
1070 1025
1070 1134
1070 1198
1070 1262
1071 879
1071 943
1071 1007
1071 1135
1071 1199
1071 1263
1072 42
1072 624
1072 746
1072 880
1072 944
1072 1008
1072 1136
1072 1200
1072 1264
1073 634
1073 881
1073 945
1073 1009
1073 1137
1073 1201
1073 1265
1074 882
1074 946
1074 1010
1074 1069
1074 1138
1074 1202
1074 1266
1075 154
1075 369
1075 596
1075 883
1075 947
1075 1011
1075 1139
1075 1203
1075 1267
1076 884
1076 948
1076 1012
1076 1140
1076 1204
1076 1268
1077 245
1077 885
1077 949
1077 1013
1077 1141
1077 1205
1077 1269
1078 659
1078 886
1078 950
1078 1014
1078 1142
1078 1206
1078 1270
1079 887
1079 951
1079 1015
1079 1143
1079 1207
1079 1271
1080 599
1080 888
1080 952
1080 1016
1080 1144
1080 1208
1080 1215
1080 1272
1081 889
1081 953
1081 1017
1081 1145
1081 1209
1081 1273
1082 890
1082 954
1082 1018
1082 1146
1082 1210
1082 1274
1083 891
1083 955
1083 1019
1083 1147
1083 1211
1083 1275
1084 892
1084 956
1084 1020
1084 1148
1084 1212
1084 1276
1085 893
1085 941
1085 957
1085 1021
1085 1149
1085 1213
1085 1277
1086 894
1086 958
1086 1022
1086 1150
1086 1214
1086 1278
1087 895
1087 959
1087 1023
1087 1151
1087 1215
1087 1264
1087 1279
1088 7
1088 11
1088 29
1088 38
1088 74
1088 77
1088 82
1088 86
1088 96
1088 100
1088 142
1088 143
1088 158
1088 162
1088 204
1088 220
1088 226
1088 265
1088 267
1088 268
1088 274
1088 285
1088 292
1088 294
1088 327
1088 335
1088 341
1088 342
1088 349
1088 354
1088 358
1088 386
1088 395
1088 397
1088 402
1088 406
1088 418
1088 420
1088 421
1088 422
1088 438
1088 439
1088 453
1088 459
1088 460
1088 463
1088 466
1088 469
1088 482
1088 486
1088 517
1088 527
1088 530
1088 533
1088 540
1088 546
1088 548
1088 550
1088 582
1088 588
1088 591
1088 593
1088 597
1088 605
1088 610
1088 646
1088 647
1088 652
1088 654
1088 655
1088 658
1088 661
1088 667
1088 678
1088 709
1088 710
1088 716
1088 719
1088 721
1088 725
1088 738
1088 742
1088 768
1088 773
1088 774
1088 779
1088 780
1088 783
1088 789
1088 797
1088 802
1088 832
1088 843
1088 844
1088 850
1088 854
1088 859
1088 862
1088 866
1088 868
1088 870
1088 887
1088 896
1088 901
1088 907
1088 917
1088 918
1088 924
1088 928
1088 930
1088 932
1088 934
1088 949
1088 951
1088 960
1088 964
1088 965
1088 966
1088 972
1088 977
1088 981
1088 989
1088 994
1088 998
1088 1024
1088 1031
1088 1039
1088 1041
1088 1053
1088 1058
1088 1093
1088 1106
1088 1109
1088 1110
1088 1116
1088 1120
1088 1122
1088 1126
1088 1132
1088 1152
1088 1159
1088 1163
1088 1164
1088 1167
1088 1170
1088 1173
1088 1174
1088 1180
1088 1190
1088 1216
1088 1220
1088 1221
1088 1222
1088 1230
1088 1243
1088 1248
1088 1250
1088 1254
1089 897
1089 961
1089 1025
1089 1149
1089 1153
1089 1217
1090 519
1090 898
1090 962
1090 1026
1090 1036
1090 1154
1090 1218
1091 355
1091 899
1091 963
1091 1027
1091 1155
1091 1219
1092 6
1092 14
1092 17
1092 30
1092 68
1092 70
1092 78
1092 79
1092 81
1092 85
1092 93
1092 98
1092 145
1092 196
1092 199
1092 206
1092 207
1092 209
1092 213
1092 221
1092 260
1092 262
1092 270
1092 271
1092 273
1092 277
1092 285
1092 290
1092 294
1092 324
1092 326
1092 334
1092 335
1092 337
1092 341
1092 388
1092 390
1092 395
1092 396
1092 398
1092 399
1092 401
1092 405
1092 406
1092 413
1092 418
1092 420
1092 438
1092 452
1092 454
1092 460
1092 462
1092 463
1092 465
1092 477
1092 516
1092 518
1092 526
1092 527
1092 529
1092 541
1092 546
1092 580
1092 582
1092 590
1092 591
1092 593
1092 644
1092 646
1092 652
1092 654
1092 657
1092 669
1092 674
1092 708
1092 710
1092 718
1092 719
1092 721
1092 733
1092 738
1092 772
1092 774
1092 782
1092 783
1092 785
1092 789
1092 797
1092 832
1092 836
1092 838
1092 843
1092 844
1092 845
1092 846
1092 847
1092 849
1092 850
1092 853
1092 861
1092 862
1092 866
1092 868
1092 870
1092 896
1092 900
1092 902
1092 910
1092 911
1092 913
1092 917
1092 918
1092 925
1092 928
1092 930
1092 932
1092 934
1092 964
1092 966
1092 974
1092 975
1092 977
1092 989
1092 1028
1092 1030
1092 1038
1092 1041
1092 1094
1092 1100
1092 1102
1092 1103
1092 1105
1092 1106
1092 1109
1092 1117
1092 1152
1092 1156
1092 1158
1092 1159
1092 1164
1092 1166
1092 1167
1092 1169
1092 1173
1092 1174
1092 1181
1092 1220
1092 1221
1092 1222
1092 1230
1092 1231
1092 1233
1092 1243
1092 1245
1093 7
1093 11
1093 29
1093 38
1093 74
1093 77
1093 82
1093 86
1093 96
1093 100
1093 142
1093 143
1093 158
1093 162
1093 204
1093 220
1093 226
1093 265
1093 267
1093 268
1093 274
1093 285
1093 292
1093 294
1093 327
1093 335
1093 341
1093 342
1093 349
1093 354
1093 358
1093 386
1093 395
1093 397
1093 402
1093 406
1093 418
1093 420
1093 421
1093 422
1093 438
1093 439
1093 453
1093 459
1093 460
1093 463
1093 466
1093 469
1093 482
1093 486
1093 517
1093 527
1093 530
1093 533
1093 540
1093 546
1093 548
1093 550
1093 582
1093 588
1093 591
1093 593
1093 597
1093 605
1093 610
1093 646
1093 647
1093 652
1093 654
1093 655
1093 658
1093 661
1093 667
1093 678
1093 709
1093 710
1093 716
1093 719
1093 721
1093 725
1093 738
1093 742
1093 768
1093 773
1093 774
1093 779
1093 780
1093 783
1093 789
1093 797
1093 802
1093 832
1093 843
1093 844
1093 850
1093 854
1093 859
1093 862
1093 866
1093 868
1093 870
1093 887
1093 896
1093 901
1093 907
1093 917
1093 918
1093 924
1093 928
1093 930
1093 932
1093 934
1093 949
1093 951
1093 960
1093 964
1093 965
1093 966
1093 972
1093 977
1093 981
1093 989
1093 994
1093 998
1093 1029
1093 1031
1093 1039
1093 1041
1093 1053
1093 1058
1093 1088
1093 1106
1093 1109
1093 1110
1093 1116
1093 1120
1093 1122
1093 1126
1093 1132
1093 1152
1093 1157
1093 1159
1093 1163
1093 1164
1093 1167
1093 1170
1093 1173
1093 1174
1093 1180
1093 1190
1093 1216
1093 1220
1093 1221
1093 1222
1093 1230
1093 1243
1093 1248
1093 1250
1093 1254
1094 6
1094 14
1094 17
1094 68
1094 70
1094 71
1094 78
1094 79
1094 81
1094 93
1094 196
1094 206
1094 213
1094 221
1094 260
1094 262
1094 270
1094 271
1094 273
1094 277
1094 285
1094 290
1094 294
1094 324
1094 326
1094 334
1094 335
1094 337
1094 341
1094 388
1094 390
1094 395
1094 396
1094 398
1094 399
1094 401
1094 405
1094 406
1094 413
1094 418
1094 438
1094 452
1094 454
1094 462
1094 463
1094 465
1094 477
1094 516
1094 518
1094 526
1094 527
1094 529
1094 541
1094 546
1094 580
1094 582
1094 590
1094 591
1094 593
1094 644
1094 646
1094 652
1094 654
1094 657
1094 669
1094 674
1094 708
1094 718
1094 721
1094 733
1094 738
1094 772
1094 774
1094 782
1094 783
1094 785
1094 797
1094 832
1094 836
1094 838
1094 844
1094 845
1094 846
1094 847
1094 849
1094 853
1094 861
1094 862
1094 866
1094 868
1094 870
1094 900
1094 902
1094 910
1094 911
1094 913
1094 917
1094 918
1094 925
1094 928
1094 930
1094 934
1094 964
1094 966
1094 974
1094 975
1094 989
1094 1028
1094 1030
1094 1038
1094 1041
1094 1092
1094 1100
1094 1102
1094 1103
1094 1105
1094 1109
1094 1117
1094 1152
1094 1156
1094 1158
1094 1159
1094 1164
1094 1166
1094 1167
1094 1169
1094 1181
1094 1220
1094 1222
1094 1230
1094 1231
1094 1233
1094 1243
1094 1245
1095 9
1095 69
1095 137
1095 197
1095 263
1095 325
1095 389
1095 455
1095 521
1095 581
1095 645
1095 672
1095 711
1095 777
1095 841
1095 903
1095 967
1095 1029
1095 1031
1095 1157
1095 1159
1095 1223
1096 904
1096 968
1096 992
1096 1032
1096 1160
1096 1224
1097 33
1097 905
1097 929
1097 969
1097 1033
1097 1046
1097 1161
1097 1225
1098 906
1098 970
1098 1034
1098 1162
1098 1226
1099 907
1099 971
1099 1035
1099 1163
1099 1227
1100 4
1100 6
1100 14
1100 15
1100 17
1100 30
1100 34
1100 75
1100 76
1100 85
1100 98
1100 102
1100 132
1100 145
1100 199
1100 207
1100 209
1100 213
1100 221
1100 260
1100 262
1100 265
1100 270
1100 271
1100 273
1100 277
1100 285
1100 290
1100 294
1100 324
1100 326
1100 334
1100 335
1100 337
1100 341
1100 342
1100 349
1100 354
1100 388
1100 390
1100 395
1100 396
1100 398
1100 399
1100 401
1100 405
1100 406
1100 413
1100 418
1100 420
1100 421
1100 422
1100 438
1100 452
1100 454
1100 460
1100 462
1100 463
1100 465
1100 466
1100 469
1100 477
1100 482
1100 486
1100 516
1100 518
1100 526
1100 527
1100 529
1100 530
1100 540
1100 541
1100 546
1100 580
1100 582
1100 590
1100 591
1100 593
1100 605
1100 610
1100 644
1100 646
1100 652
1100 654
1100 655
1100 657
1100 669
1100 674
1100 708
1100 710
1100 718
1100 719
1100 721
1100 733
1100 738
1100 772
1100 773
1100 774
1100 782
1100 783
1100 785
1100 789
1100 797
1100 802
1100 832
1100 836
1100 838
1100 843
1100 844
1100 845
1100 846
1100 847
1100 849
1100 850
1100 853
1100 854
1100 861
1100 862
1100 866
1100 868
1100 870
1100 896
1100 900
1100 902
1100 908
1100 910
1100 911
1100 913
1100 917
1100 918
1100 925
1100 928
1100 930
1100 932
1100 934
1100 949
1100 964
1100 966
1100 972
1100 974
1100 975
1100 977
1100 989
1100 1028
1100 1030
1100 1031
1100 1036
1100 1038
1100 1039
1100 1041
1100 1053
1100 1092
1100 1094
1100 1102
1100 1103
1100 1105
1100 1106
1100 1109
1100 1110
1100 1116
1100 1117
1100 1120
1100 1122
1100 1152
1100 1156
1100 1158
1100 1159
1100 1164
1100 1166
1100 1167
1100 1169
1100 1173
1100 1174
1100 1180
1100 1181
1100 1220
1100 1221
1100 1222
1100 1228
1100 1230
1100 1231
1100 1233
1100 1243
1100 1245
1101 909
1101 973
1101 1037
1101 1128
1101 1165
1101 1229
1102 4
1102 6
1102 14
1102 17
1102 30
1102 68
1102 76
1102 79
1102 81
1102 85
1102 93
1102 98
1102 102
1102 145
1102 196
1102 199
1102 206
1102 207
1102 209
1102 213
1102 221
1102 260
1102 262
1102 270
1102 271
1102 273
1102 277
1102 285
1102 290
1102 294
1102 324
1102 326
1102 334
1102 335
1102 337
1102 341
1102 354
1102 388
1102 390
1102 395
1102 396
1102 398
1102 399
1102 401
1102 405
1102 406
1102 413
1102 418
1102 420
1102 422
1102 438
1102 452
1102 454
1102 460
1102 462
1102 463
1102 465
1102 477
1102 482
1102 486
1102 516
1102 518
1102 526
1102 527
1102 529
1102 541
1102 546
1102 580
1102 582
1102 590
1102 591
1102 593
1102 644
1102 646
1102 652
1102 654
1102 655
1102 657
1102 669
1102 674
1102 708
1102 710
1102 718
1102 719
1102 721
1102 733
1102 738
1102 772
1102 773
1102 774
1102 782
1102 783
1102 785
1102 789
1102 797
1102 832
1102 836
1102 838
1102 843
1102 844
1102 845
1102 846
1102 847
1102 849
1102 850
1102 853
1102 854
1102 861
1102 862
1102 866
1102 868
1102 870
1102 896
1102 900
1102 902
1102 910
1102 911
1102 913
1102 917
1102 918
1102 925
1102 928
1102 930
1102 932
1102 934
1102 964
1102 966
1102 974
1102 975
1102 977
1102 989
1102 1028
1102 1030
1102 1038
1102 1039
1102 1041
1102 1053
1102 1092
1102 1094
1102 1100
1102 1103
1102 1105
1102 1106
1102 1109
1102 1117
1102 1122
1102 1152
1102 1156
1102 1158
1102 1159
1102 1164
1102 1166
1102 1167
1102 1169
1102 1173
1102 1174
1102 1181
1102 1220
1102 1221
1102 1222
1102 1230
1102 1231
1102 1233
1102 1243
1102 1245
1103 4
1103 6
1103 14
1103 17
1103 30
1103 68
1103 70
1103 76
1103 78
1103 79
1103 81
1103 85
1103 93
1103 98
1103 102
1103 145
1103 196
1103 199
1103 206
1103 207
1103 209
1103 213
1103 221
1103 260
1103 262
1103 270
1103 271
1103 273
1103 277
1103 285
1103 290
1103 294
1103 324
1103 326
1103 334
1103 335
1103 337
1103 341
1103 354
1103 388
1103 390
1103 395
1103 396
1103 398
1103 399
1103 401
1103 405
1103 406
1103 413
1103 418
1103 420
1103 422
1103 438
1103 452
1103 454
1103 460
1103 462
1103 463
1103 465
1103 477
1103 482
1103 486
1103 516
1103 518
1103 526
1103 527
1103 529
1103 541
1103 546
1103 580
1103 582
1103 590
1103 591
1103 593
1103 644
1103 646
1103 652
1103 654
1103 657
1103 669
1103 674
1103 708
1103 710
1103 718
1103 719
1103 721
1103 733
1103 738
1103 772
1103 774
1103 782
1103 783
1103 785
1103 789
1103 797
1103 832
1103 836
1103 838
1103 843
1103 844
1103 845
1103 846
1103 847
1103 849
1103 850
1103 853
1103 861
1103 862
1103 866
1103 868
1103 870
1103 896
1103 900
1103 902
1103 910
1103 911
1103 913
1103 917
1103 918
1103 925
1103 928
1103 930
1103 932
1103 934
1103 964
1103 966
1103 974
1103 975
1103 977
1103 989
1103 1028
1103 1030
1103 1038
1103 1039
1103 1041
1103 1053
1103 1092
1103 1094
1103 1100
1103 1102
1103 1105
1103 1106
1103 1109
1103 1117
1103 1122
1103 1152
1103 1156
1103 1158
1103 1159
1103 1164
1103 1166
1103 1167
1103 1169
1103 1173
1103 1174
1103 1181
1103 1220
1103 1221
1103 1222
1103 1230
1103 1231
1103 1233
1103 1243
1103 1245
1104 912
1104 976
1104 1040
1104 1168
1104 1232
1105 6
1105 14
1105 17
1105 30
1105 68
1105 70
1105 78
1105 79
1105 81
1105 85
1105 93
1105 98
1105 102
1105 145
1105 196
1105 199
1105 206
1105 207
1105 209
1105 213
1105 221
1105 260
1105 262
1105 270
1105 271
1105 273
1105 277
1105 285
1105 290
1105 294
1105 324
1105 326
1105 334
1105 335
1105 337
1105 341
1105 354
1105 388
1105 390
1105 395
1105 396
1105 398
1105 399
1105 401
1105 405
1105 406
1105 413
1105 418
1105 420
1105 438
1105 452
1105 454
1105 460
1105 462
1105 463
1105 465
1105 477
1105 486
1105 516
1105 518
1105 526
1105 527
1105 529
1105 541
1105 546
1105 580
1105 582
1105 590
1105 591
1105 593
1105 644
1105 646
1105 652
1105 654
1105 657
1105 669
1105 674
1105 708
1105 710
1105 718
1105 719
1105 721
1105 733
1105 738
1105 772
1105 774
1105 782
1105 783
1105 785
1105 789
1105 797
1105 832
1105 836
1105 838
1105 843
1105 844
1105 845
1105 846
1105 847
1105 849
1105 850
1105 853
1105 861
1105 862
1105 866
1105 868
1105 870
1105 896
1105 900
1105 902
1105 910
1105 911
1105 913
1105 917
1105 918
1105 925
1105 928
1105 930
1105 932
1105 934
1105 964
1105 966
1105 974
1105 975
1105 977
1105 989
1105 1028
1105 1030
1105 1038
1105 1041
1105 1092
1105 1094
1105 1100
1105 1102
1105 1103
1105 1106
1105 1109
1105 1117
1105 1152
1105 1156
1105 1158
1105 1159
1105 1164
1105 1166
1105 1167
1105 1169
1105 1173
1105 1174
1105 1181
1105 1220
1105 1221
1105 1222
1105 1230
1105 1231
1105 1233
1105 1243
1105 1245
1106 7
1106 11
1106 29
1106 34
1106 38
1106 74
1106 75
1106 77
1106 86
1106 100
1106 134
1106 135
1106 142
1106 143
1106 162
1106 198
1106 204
1106 226
1106 262
1106 265
1106 267
1106 268
1106 271
1106 273
1106 274
1106 277
1106 285
1106 290
1106 292
1106 294
1106 324
1106 326
1106 327
1106 334
1106 335
1106 337
1106 341
1106 342
1106 349
1106 354
1106 395
1106 396
1106 397
1106 399
1106 405
1106 406
1106 413
1106 418
1106 420
1106 421
1106 422
1106 438
1106 439
1106 452
1106 453
1106 454
1106 460
1106 462
1106 463
1106 465
1106 466
1106 469
1106 477
1106 482
1106 486
1106 516
1106 517
1106 518
1106 526
1106 527
1106 529
1106 530
1106 533
1106 540
1106 541
1106 546
1106 550
1106 580
1106 582
1106 588
1106 591
1106 593
1106 597
1106 605
1106 610
1106 646
1106 647
1106 652
1106 654
1106 655
1106 657
1106 658
1106 661
1106 667
1106 669
1106 674
1106 678
1106 708
1106 709
1106 710
1106 716
1106 718
1106 719
1106 721
1106 733
1106 738
1106 768
1106 772
1106 773
1106 774
1106 779
1106 780
1106 783
1106 785
1106 789
1106 797
1106 802
1106 832
1106 843
1106 844
1106 845
1106 849
1106 850
1106 853
1106 854
1106 859
1106 862
1106 866
1106 868
1106 870
1106 896
1106 902
1106 907
1106 913
1106 914
1106 917
1106 918
1106 925
1106 928
1106 930
1106 932
1106 934
1106 949
1106 951
1106 960
1106 964
1106 965
1106 966
1106 975
1106 977
1106 978
1106 989
1106 994
1106 998
1106 1028
1106 1030
1106 1031
1106 1039
1106 1041
1106 1042
1106 1053
1106 1058
1106 1088
1106 1092
1106 1093
1106 1100
1106 1102
1106 1103
1106 1105
1106 1109
1106 1110
1106 1116
1106 1120
1106 1122
1106 1126
1106 1132
1106 1152
1106 1159
1106 1163
1106 1164
1106 1167
1106 1169
1106 1170
1106 1173
1106 1174
1106 1180
1106 1216
1106 1220
1106 1221
1106 1222
1106 1230
1106 1231
1106 1233
1106 1234
1106 1243
1106 1245
1106 1248
1106 1250
1106 1254
1107 278
1107 576
1107 594
1107 806
1107 834
1107 863
1107 915
1107 979
1107 1043
1107 1045
1107 1171
1107 1235
1108 105
1108 916
1108 980
1108 1044
1108 1172
1108 1236
1109 4
1109 15
1109 30
1109 34
1109 75
1109 76
1109 85
1109 98
1109 102
1109 132
1109 134
1109 145
1109 198
1109 199
1109 207
1109 260
1109 262
1109 265
1109 267
1109 268
1109 270
1109 271
1109 273
1109 277
1109 285
1109 290
1109 294
1109 324
1109 326
1109 327
1109 334
1109 335
1109 337
1109 341
1109 342
1109 349
1109 354
1109 388
1109 390
1109 395
1109 396
1109 399
1109 401
1109 405
1109 406
1109 413
1109 418
1109 420
1109 421
1109 422
1109 438
1109 439
1109 452
1109 453
1109 454
1109 460
1109 462
1109 463
1109 465
1109 466
1109 469
1109 477
1109 482
1109 486
1109 516
1109 518
1109 526
1109 527
1109 529
1109 530
1109 533
1109 540
1109 541
1109 546
1109 550
1109 580
1109 582
1109 588
1109 590
1109 591
1109 593
1109 597
1109 605
1109 610
1109 644
1109 646
1109 652
1109 654
1109 655
1109 657
1109 667
1109 669
1109 674
1109 708
1109 710
1109 716
1109 718
1109 719
1109 721
1109 733
1109 738
1109 768
1109 772
1109 773
1109 774
1109 779
1109 782
1109 783
1109 785
1109 789
1109 797
1109 802
1109 832
1109 836
1109 838
1109 843
1109 844
1109 845
1109 847
1109 849
1109 850
1109 853
1109 854
1109 859
1109 861
1109 862
1109 866
1109 868
1109 870
1109 896
1109 900
1109 902
1109 907
1109 911
1109 913
1109 917
1109 918
1109 925
1109 928
1109 930
1109 932
1109 934
1109 949
1109 964
1109 965
1109 966
1109 974
1109 975
1109 977
1109 981
1109 989
1109 1028
1109 1030
1109 1031
1109 1038
1109 1039
1109 1041
1109 1045
1109 1053
1109 1088
1109 1092
1109 1093
1109 1094
1109 1100
1109 1102
1109 1103
1109 1105
1109 1106
1109 1110
1109 1116
1109 1117
1109 1120
1109 1122
1109 1126
1109 1132
1109 1152
1109 1156
1109 1158
1109 1159
1109 1164
1109 1166
1109 1167
1109 1169
1109 1173
1109 1174
1109 1180
1109 1181
1109 1216
1109 1220
1109 1221
1109 1222
1109 1230
1109 1231
1109 1233
1109 1237
1109 1243
1109 1245
1109 1248
1109 1250
1110 7
1110 11
1110 29
1110 38
1110 74
1110 77
1110 82
1110 86
1110 96
1110 100
1110 135
1110 142
1110 143
1110 158
1110 162
1110 204
1110 220
1110 226
1110 265
1110 267
1110 268
1110 274
1110 285
1110 290
1110 292
1110 294
1110 327
1110 334
1110 335
1110 341
1110 342
1110 349
1110 354
1110 358
1110 386
1110 395
1110 397
1110 402
1110 406
1110 418
1110 420
1110 421
1110 422
1110 438
1110 439
1110 453
1110 459
1110 460
1110 463
1110 466
1110 469
1110 482
1110 486
1110 517
1110 527
1110 529
1110 530
1110 533
1110 540
1110 541
1110 546
1110 548
1110 550
1110 582
1110 588
1110 591
1110 593
1110 597
1110 605
1110 610
1110 646
1110 647
1110 652
1110 654
1110 655
1110 658
1110 661
1110 667
1110 678
1110 709
1110 710
1110 716
1110 719
1110 721
1110 725
1110 738
1110 768
1110 773
1110 774
1110 779
1110 780
1110 783
1110 789
1110 797
1110 802
1110 832
1110 843
1110 844
1110 850
1110 854
1110 859
1110 862
1110 866
1110 868
1110 870
1110 887
1110 896
1110 901
1110 907
1110 913
1110 917
1110 918
1110 924
1110 928
1110 930
1110 932
1110 934
1110 949
1110 951
1110 960
1110 964
1110 965
1110 966
1110 977
1110 981
1110 982
1110 989
1110 994
1110 998
1110 1028
1110 1031
1110 1039
1110 1041
1110 1046
1110 1053
1110 1058
1110 1088
1110 1093
1110 1100
1110 1106
1110 1109
1110 1116
1110 1120
1110 1122
1110 1126
1110 1132
1110 1152
1110 1159
1110 1163
1110 1164
1110 1167
1110 1170
1110 1173
1110 1174
1110 1180
1110 1190
1110 1216
1110 1220
1110 1221
1110 1222
1110 1230
1110 1231
1110 1233
1110 1238
1110 1243
1110 1248
1110 1250
1110 1254
1111 218
1111 556
1111 919
1111 983
1111 1047
1111 1175
1111 1239
1112 920
1112 968
1112 984
1112 1048
1112 1176
1112 1240
1113 90
1113 852
1113 921
1113 985
1113 1049
1113 1177
1113 1241
1114 922
1114 986
1114 1050
1114 1178
1114 1242
1115 923
1115 987
1115 1051
1115 1179
1115 1243
1116 7
1116 11
1116 29
1116 38
1116 74
1116 77
1116 82
1116 86
1116 96
1116 100
1116 135
1116 142
1116 143
1116 158
1116 162
1116 204
1116 226
1116 265
1116 267
1116 268
1116 274
1116 277
1116 285
1116 290
1116 292
1116 294
1116 324
1116 326
1116 327
1116 334
1116 335
1116 341
1116 342
1116 349
1116 354
1116 386
1116 395
1116 397
1116 402
1116 406
1116 418
1116 420
1116 421
1116 422
1116 438
1116 439
1116 453
1116 460
1116 462
1116 463
1116 466
1116 469
1116 482
1116 486
1116 516
1116 517
1116 518
1116 526
1116 527
1116 529
1116 530
1116 533
1116 540
1116 541
1116 546
1116 550
1116 580
1116 582
1116 588
1116 591
1116 593
1116 597
1116 605
1116 610
1116 646
1116 647
1116 652
1116 654
1116 655
1116 658
1116 661
1116 667
1116 669
1116 678
1116 709
1116 710
1116 716
1116 719
1116 721
1116 725
1116 733
1116 738
1116 768
1116 773
1116 774
1116 779
1116 780
1116 783
1116 789
1116 797
1116 802
1116 832
1116 843
1116 844
1116 850
1116 853
1116 854
1116 859
1116 862
1116 866
1116 868
1116 870
1116 887
1116 896
1116 907
1116 913
1116 917
1116 918
1116 924
1116 925
1116 928
1116 930
1116 932
1116 934
1116 949
1116 951
1116 960
1116 964
1116 965
1116 966
1116 977
1116 981
1116 988
1116 989
1116 994
1116 998
1116 1028
1116 1030
1116 1031
1116 1039
1116 1041
1116 1052
1116 1053
1116 1058
1116 1088
1116 1093
1116 1100
1116 1106
1116 1109
1116 1110
1116 1120
1116 1122
1116 1126
1116 1132
1116 1152
1116 1159
1116 1163
1116 1164
1116 1167
1116 1170
1116 1173
1116 1174
1116 1180
1116 1190
1116 1216
1116 1220
1116 1221
1116 1222
1116 1230
1116 1231
1116 1233
1116 1243
1116 1244
1116 1248
1116 1250
1116 1254
1117 6
1117 14
1117 17
1117 30
1117 68
1117 70
1117 78
1117 79
1117 81
1117 85
1117 93
1117 196
1117 199
1117 206
1117 207
1117 209
1117 213
1117 221
1117 260
1117 262
1117 270
1117 271
1117 273
1117 277
1117 285
1117 290
1117 294
1117 324
1117 326
1117 334
1117 335
1117 337
1117 341
1117 388
1117 390
1117 395
1117 396
1117 398
1117 399
1117 401
1117 405
1117 406
1117 413
1117 418
1117 420
1117 438
1117 452
1117 454
1117 460
1117 462
1117 463
1117 465
1117 477
1117 516
1117 518
1117 526
1117 527
1117 529
1117 541
1117 546
1117 580
1117 582
1117 590
1117 591
1117 593
1117 644
1117 646
1117 652
1117 654
1117 657
1117 669
1117 674
1117 708
1117 710
1117 718
1117 719
1117 721
1117 733
1117 738
1117 772
1117 774
1117 782
1117 783
1117 785
1117 789
1117 797
1117 832
1117 836
1117 838
1117 843
1117 844
1117 845
1117 846
1117 847
1117 849
1117 850
1117 853
1117 861
1117 862
1117 866
1117 868
1117 870
1117 896
1117 900
1117 902
1117 910
1117 911
1117 913
1117 917
1117 918
1117 925
1117 928
1117 930
1117 932
1117 934
1117 964
1117 966
1117 974
1117 975
1117 977
1117 989
1117 1028
1117 1030
1117 1038
1117 1041
1117 1053
1117 1092
1117 1094
1117 1100
1117 1102
1117 1103
1117 1105
1117 1109
1117 1152
1117 1156
1117 1158
1117 1159
1117 1164
1117 1166
1117 1167
1117 1169
1117 1173
1117 1174
1117 1181
1117 1220
1117 1221
1117 1222
1117 1230
1117 1231
1117 1233
1117 1243
1117 1245
1118 775
1118 926
1118 990
1118 1054
1118 1182
1118 1246
1119 927
1119 991
1119 1055
1119 1183
1119 1247
1120 7
1120 11
1120 29
1120 38
1120 74
1120 77
1120 82
1120 86
1120 96
1120 100
1120 135
1120 142
1120 143
1120 158
1120 162
1120 204
1120 226
1120 265
1120 267
1120 268
1120 274
1120 285
1120 290
1120 292
1120 294
1120 327
1120 334
1120 335
1120 341
1120 342
1120 349
1120 354
1120 358
1120 386
1120 395
1120 397
1120 402
1120 406
1120 418
1120 420
1120 421
1120 422
1120 438
1120 439
1120 453
1120 460
1120 463
1120 466
1120 469
1120 482
1120 486
1120 516
1120 517
1120 518
1120 526
1120 527
1120 529
1120 530
1120 533
1120 540
1120 541
1120 546
1120 550
1120 582
1120 588
1120 591
1120 593
1120 597
1120 605
1120 610
1120 646
1120 647
1120 652
1120 654
1120 655
1120 658
1120 661
1120 667
1120 678
1120 709
1120 710
1120 716
1120 719
1120 721
1120 725
1120 738
1120 768
1120 773
1120 774
1120 779
1120 780
1120 783
1120 789
1120 797
1120 802
1120 832
1120 843
1120 844
1120 850
1120 853
1120 854
1120 859
1120 862
1120 866
1120 868
1120 870
1120 887
1120 896
1120 907
1120 913
1120 917
1120 918
1120 924
1120 928
1120 930
1120 932
1120 934
1120 949
1120 951
1120 960
1120 964
1120 965
1120 966
1120 977
1120 981
1120 989
1120 992
1120 994
1120 998
1120 1028
1120 1030
1120 1031
1120 1039
1120 1041
1120 1053
1120 1056
1120 1058
1120 1088
1120 1093
1120 1100
1120 1106
1120 1109
1120 1110
1120 1116
1120 1122
1120 1126
1120 1132
1120 1152
1120 1159
1120 1163
1120 1164
1120 1167
1120 1170
1120 1173
1120 1174
1120 1180
1120 1184
1120 1190
1120 1216
1120 1220
1120 1221
1120 1222
1120 1230
1120 1231
1120 1233
1120 1243
1120 1248
1120 1250
1120 1254
1121 724
1121 769
1121 929
1121 993
1121 1057
1121 1185
1121 1249
1122 7
1122 11
1122 29
1122 38
1122 74
1122 77
1122 86
1122 96
1122 100
1122 134
1122 135
1122 142
1122 143
1122 158
1122 162
1122 198
1122 204
1122 226
1122 262
1122 265
1122 267
1122 268
1122 274
1122 277
1122 285
1122 290
1122 292
1122 294
1122 324
1122 326
1122 327
1122 334
1122 335
1122 337
1122 341
1122 342
1122 349
1122 354
1122 395
1122 396
1122 397
1122 399
1122 405
1122 406
1122 413
1122 418
1122 420
1122 421
1122 422
1122 438
1122 439
1122 452
1122 453
1122 454
1122 460
1122 462
1122 463
1122 466
1122 469
1122 482
1122 486
1122 516
1122 517
1122 518
1122 526
1122 527
1122 529
1122 530
1122 533
1122 540
1122 541
1122 546
1122 550
1122 580
1122 582
1122 588
1122 591
1122 593
1122 597
1122 605
1122 610
1122 646
1122 647
1122 652
1122 654
1122 655
1122 658
1122 661
1122 667
1122 669
1122 674
1122 678
1122 708
1122 709
1122 710
1122 716
1122 718
1122 719
1122 721
1122 733
1122 738
1122 768
1122 772
1122 773
1122 774
1122 779
1122 780
1122 783
1122 785
1122 789
1122 797
1122 802
1122 832
1122 843
1122 844
1122 845
1122 849
1122 850
1122 853
1122 854
1122 859
1122 862
1122 866
1122 868
1122 870
1122 896
1122 902
1122 907
1122 913
1122 917
1122 918
1122 925
1122 928
1122 930
1122 932
1122 934
1122 949
1122 951
1122 960
1122 964
1122 965
1122 966
1122 975
1122 977
1122 989
1122 994
1122 998
1122 1028
1122 1030
1122 1031
1122 1039
1122 1041
1122 1053
1122 1058
1122 1088
1122 1093
1122 1100
1122 1102
1122 1103
1122 1106
1122 1109
1122 1110
1122 1116
1122 1120
1122 1126
1122 1132
1122 1152
1122 1159
1122 1163
1122 1164
1122 1167
1122 1169
1122 1170
1122 1173
1122 1174
1122 1180
1122 1186
1122 1190
1122 1216
1122 1220
1122 1221
1122 1222
1122 1230
1122 1231
1122 1233
1122 1243
1122 1248
1122 1250
1122 1254
1123 179
1123 759
1123 931
1123 995
1123 1059
1123 1187
1123 1251
1124 932
1124 996
1124 1060
1124 1188
1124 1252
1125 879
1125 933
1125 997
1125 1061
1125 1189
1125 1253
1126 7
1126 11
1126 38
1126 74
1126 82
1126 86
1126 96
1126 100
1126 142
1126 143
1126 158
1126 162
1126 204
1126 220
1126 226
1126 265
1126 267
1126 268
1126 274
1126 285
1126 292
1126 294
1126 327
1126 335
1126 342
1126 349
1126 354
1126 358
1126 386
1126 395
1126 397
1126 402
1126 406
1126 418
1126 420
1126 421
1126 422
1126 438
1126 439
1126 453
1126 459
1126 460
1126 466
1126 469
1126 482
1126 486
1126 517
1126 527
1126 530
1126 533
1126 540
1126 546
1126 548
1126 550
1126 582
1126 588
1126 591
1126 593
1126 597
1126 605
1126 610
1126 646
1126 647
1126 652
1126 655
1126 658
1126 661
1126 667
1126 678
1126 709
1126 710
1126 716
1126 719
1126 725
1126 738
1126 742
1126 768
1126 773
1126 774
1126 779
1126 780
1126 783
1126 789
1126 797
1126 802
1126 843
1126 844
1126 850
1126 854
1126 859
1126 862
1126 866
1126 868
1126 870
1126 887
1126 896
1126 901
1126 907
1126 917
1126 918
1126 924
1126 928
1126 930
1126 932
1126 934
1126 949
1126 951
1126 960
1126 964
1126 965
1126 966
1126 972
1126 977
1126 981
1126 989
1126 994
1126 998
1126 1031
1126 1039
1126 1041
1126 1053
1126 1058
1126 1062
1126 1088
1126 1093
1126 1106
1126 1109
1126 1110
1126 1116
1126 1120
1126 1122
1126 1132
1126 1152
1126 1159
1126 1163
1126 1164
1126 1167
1126 1170
1126 1173
1126 1174
1126 1180
1126 1190
1126 1216
1126 1220
1126 1221
1126 1222
1126 1243
1126 1248
1126 1250
1126 1254
1127 935
1127 999
1127 1063
1127 1191
1127 1255
1128 936
1128 1000
1128 1064
1128 1101
1128 1192
1128 1256
1129 909
1129 937
1129 1001
1129 1065
1129 1193
1129 1257
1130 242
1130 536
1130 938
1130 1002
1130 1066
1130 1194
1130 1258
1131 611
1131 939
1131 1003
1131 1067
1131 1195
1131 1242
1131 1259
1131 1267
1132 7
1132 11
1132 29
1132 38
1132 74
1132 77
1132 82
1132 86
1132 96
1132 100
1132 142
1132 143
1132 158
1132 162
1132 204
1132 220
1132 226
1132 265
1132 267
1132 268
1132 274
1132 285
1132 292
1132 294
1132 327
1132 335
1132 341
1132 342
1132 349
1132 354
1132 358
1132 386
1132 395
1132 397
1132 402
1132 406
1132 418
1132 420
1132 421
1132 422
1132 438
1132 439
1132 453
1132 459
1132 460
1132 463
1132 466
1132 469
1132 482
1132 486
1132 517
1132 527
1132 530
1132 533
1132 540
1132 546
1132 548
1132 550
1132 582
1132 588
1132 591
1132 593
1132 597
1132 605
1132 610
1132 646
1132 647
1132 652
1132 654
1132 655
1132 658
1132 661
1132 667
1132 678
1132 709
1132 710
1132 716
1132 719
1132 721
1132 725
1132 738
1132 742
1132 768
1132 773
1132 774
1132 779
1132 780
1132 783
1132 789
1132 797
1132 802
1132 832
1132 843
1132 844
1132 850
1132 854
1132 859
1132 862
1132 866
1132 868
1132 870
1132 887
1132 896
1132 901
1132 907
1132 913
1132 917
1132 918
1132 924
1132 928
1132 930
1132 932
1132 934
1132 940
1132 949
1132 951
1132 960
1132 964
1132 965
1132 966
1132 972
1132 977
1132 981
1132 989
1132 994
1132 998
1132 1004
1132 1028
1132 1031
1132 1039
1132 1041
1132 1053
1132 1058
1132 1068
1132 1088
1132 1093
1132 1106
1132 1109
1132 1110
1132 1116
1132 1120
1132 1122
1132 1126
1132 1152
1132 1159
1132 1163
1132 1164
1132 1167
1132 1170
1132 1173
1132 1174
1132 1180
1132 1190
1132 1196
1132 1216
1132 1220
1132 1221
1132 1222
1132 1230
1132 1243
1132 1248
1132 1250
1132 1254
1132 1260
1133 313
1133 931
1133 941
1133 991
1133 1005
1133 1069
1133 1197
1133 1261
1134 942
1134 1006
1134 1070
1134 1198
1134 1262
1135 257
1135 744
1135 943
1135 947
1135 1007
1135 1071
1135 1151
1135 1199
1135 1263
1136 568
1136 621
1136 681
1136 944
1136 1008
1136 1072
1136 1200
1136 1264
1137 609
1137 945
1137 1009
1137 1073
1137 1201
1137 1265
1138 923
1138 946
1138 1010
1138 1074
1138 1202
1138 1266
1139 161
1139 481
1139 485
1139 947
1139 1011
1139 1075
1139 1203
1139 1267
1140 446
1140 491
1140 948
1140 1012
1140 1076
1140 1204
1140 1268
1141 949
1141 969
1141 1013
1141 1077
1141 1205
1141 1269
1142 950
1142 1014
1142 1078
1142 1183
1142 1206
1142 1270
1143 951
1143 1015
1143 1079
1143 1207
1143 1271
1144 855
1144 952
1144 1016
1144 1080
1144 1208
1144 1272
1145 323
1145 728
1145 953
1145 1017
1145 1081
1145 1209
1145 1273
1146 178
1146 250
1146 307
1146 449
1146 472
1146 954
1146 1018
1146 1082
1146 1210
1146 1274
1147 107
1147 304
1147 955
1147 1019
1147 1083
1147 1211
1147 1275
1148 8
1148 956
1148 1020
1148 1084
1148 1212
1148 1276
1149 957
1149 1021
1149 1085
1149 1089
1149 1213
1149 1277
1150 958
1150 1022
1150 1086
1150 1214
1150 1278
1151 257
1151 744
1151 947
1151 959
1151 1023
1151 1087
1151 1135
1151 1215
1151 1279
1152 4
1152 15
1152 30
1152 34
1152 75
1152 76
1152 85
1152 98
1152 102
1152 132
1152 134
1152 145
1152 198
1152 199
1152 207
1152 209
1152 277
1152 285
1152 290
1152 294
1152 324
1152 326
1152 334
1152 335
1152 337
1152 341
1152 342
1152 349
1152 354
1152 388
1152 390
1152 395
1152 396
1152 398
1152 399
1152 401
1152 405
1152 406
1152 413
1152 418
1152 420
1152 421
1152 422
1152 438
1152 439
1152 452
1152 453
1152 454
1152 460
1152 462
1152 463
1152 465
1152 466
1152 469
1152 477
1152 482
1152 486
1152 516
1152 518
1152 526
1152 527
1152 529
1152 530
1152 533
1152 540
1152 541
1152 546
1152 550
1152 580
1152 582
1152 588
1152 590
1152 591
1152 593
1152 605
1152 610
1152 644
1152 646
1152 652
1152 654
1152 655
1152 657
1152 667
1152 669
1152 674
1152 708
1152 710
1152 716
1152 718
1152 719
1152 721
1152 733
1152 738
1152 768
1152 772
1152 773
1152 774
1152 779
1152 782
1152 783
1152 785
1152 789
1152 797
1152 802
1152 832
1152 836
1152 838
1152 843
1152 844
1152 845
1152 847
1152 849
1152 850
1152 853
1152 854
1152 861
1152 862
1152 866
1152 868
1152 870
1152 896
1152 900
1152 902
1152 911
1152 913
1152 917
1152 918
1152 925
1152 928
1152 930
1152 932
1152 934
1152 949
1152 960
1152 964
1152 965
1152 966
1152 974
1152 975
1152 977
1152 989
1152 1024
1152 1028
1152 1030
1152 1031
1152 1038
1152 1039
1152 1041
1152 1053
1152 1088
1152 1092
1152 1093
1152 1094
1152 1100
1152 1102
1152 1103
1152 1105
1152 1106
1152 1109
1152 1110
1152 1116
1152 1117
1152 1120
1152 1122
1152 1126
1152 1132
1152 1156
1152 1158
1152 1159
1152 1164
1152 1166
1152 1167
1152 1169
1152 1173
1152 1174
1152 1180
1152 1181
1152 1216
1152 1220
1152 1221
1152 1222
1152 1230
1152 1231
1152 1233
1152 1243
1152 1245
1152 1248
1152 1250
1153 865
1153 904
1153 961
1153 1025
1153 1089
1153 1217
1154 962
1154 1026
1154 1090
1154 1218
1155 963
1155 1027
1155 1091
1155 1219
1156 6
1156 14
1156 17
1156 68
1156 70
1156 78
1156 79
1156 81
1156 93
1156 196
1156 206
1156 207
1156 209
1156 213
1156 221
1156 260
1156 262
1156 270
1156 271
1156 273
1156 277
1156 324
1156 326
1156 334
1156 335
1156 337
1156 341
1156 388
1156 390
1156 395
1156 396
1156 398
1156 399
1156 401
1156 405
1156 406
1156 413
1156 418
1156 420
1156 438
1156 452
1156 454
1156 460
1156 462
1156 463
1156 465
1156 477
1156 516
1156 518
1156 526
1156 527
1156 529
1156 541
1156 546
1156 580
1156 582
1156 590
1156 591
1156 593
1156 644
1156 646
1156 652
1156 654
1156 657
1156 669
1156 674
1156 708
1156 710
1156 718
1156 719
1156 721
1156 733
1156 738
1156 772
1156 774
1156 782
1156 783
1156 785
1156 789
1156 797
1156 832
1156 836
1156 838
1156 843
1156 844
1156 845
1156 846
1156 847
1156 849
1156 850
1156 853
1156 861
1156 862
1156 866
1156 868
1156 870
1156 900
1156 902
1156 910
1156 911
1156 913
1156 917
1156 918
1156 925
1156 928
1156 930
1156 934
1156 964
1156 966
1156 974
1156 975
1156 977
1156 989
1156 1028
1156 1030
1156 1038
1156 1041
1156 1092
1156 1094
1156 1100
1156 1102
1156 1103
1156 1105
1156 1109
1156 1117
1156 1152
1156 1158
1156 1159
1156 1164
1156 1166
1156 1167
1156 1169
1156 1173
1156 1181
1156 1220
1156 1221
1156 1222
1156 1230
1156 1231
1156 1233
1156 1243
1156 1245
1157 9
1157 69
1157 137
1157 197
1157 263
1157 325
1157 389
1157 455
1157 521
1157 581
1157 645
1157 672
1157 711
1157 777
1157 841
1157 903
1157 965
1157 967
1157 1029
1157 1093
1157 1095
1157 1221
1157 1223
1158 6
1158 14
1158 17
1158 68
1158 70
1158 78
1158 79
1158 81
1158 93
1158 196
1158 206
1158 207
1158 209
1158 213
1158 221
1158 260
1158 262
1158 270
1158 271
1158 273
1158 277
1158 324
1158 326
1158 334
1158 335
1158 337
1158 341
1158 388
1158 390
1158 395
1158 396
1158 398
1158 399
1158 401
1158 405
1158 406
1158 413
1158 418
1158 420
1158 438
1158 452
1158 454
1158 462
1158 463
1158 465
1158 477
1158 516
1158 518
1158 526
1158 527
1158 529
1158 541
1158 546
1158 580
1158 582
1158 590
1158 591
1158 593
1158 644
1158 646
1158 652
1158 654
1158 657
1158 669
1158 674
1158 708
1158 710
1158 718
1158 719
1158 721
1158 733
1158 738
1158 772
1158 774
1158 782
1158 783
1158 785
1158 789
1158 797
1158 832
1158 836
1158 838
1158 843
1158 844
1158 845
1158 846
1158 847
1158 849
1158 850
1158 853
1158 861
1158 862
1158 866
1158 868
1158 870
1158 900
1158 902
1158 910
1158 911
1158 913
1158 917
1158 918
1158 925
1158 928
1158 930
1158 934
1158 964
1158 966
1158 974
1158 975
1158 977
1158 989
1158 1028
1158 1030
1158 1038
1158 1041
1158 1092
1158 1094
1158 1100
1158 1102
1158 1103
1158 1105
1158 1109
1158 1117
1158 1152
1158 1156
1158 1159
1158 1164
1158 1166
1158 1167
1158 1169
1158 1173
1158 1181
1158 1220
1158 1221
1158 1222
1158 1230
1158 1231
1158 1233
1158 1243
1158 1245
1159 4
1159 15
1159 30
1159 34
1159 75
1159 76
1159 85
1159 98
1159 102
1159 132
1159 134
1159 145
1159 198
1159 199
1159 207
1159 209
1159 213
1159 277
1159 285
1159 290
1159 294
1159 324
1159 326
1159 334
1159 335
1159 337
1159 341
1159 342
1159 349
1159 354
1159 388
1159 390
1159 395
1159 396
1159 398
1159 399
1159 401
1159 405
1159 406
1159 413
1159 418
1159 420
1159 421
1159 422
1159 438
1159 439
1159 452
1159 453
1159 454
1159 460
1159 462
1159 463
1159 465
1159 466
1159 469
1159 477
1159 482
1159 486
1159 516
1159 518
1159 526
1159 527
1159 529
1159 530
1159 533
1159 540
1159 541
1159 546
1159 580
1159 582
1159 588
1159 590
1159 591
1159 593
1159 605
1159 610
1159 644
1159 646
1159 652
1159 654
1159 655
1159 657
1159 667
1159 669
1159 674
1159 708
1159 710
1159 716
1159 718
1159 719
1159 721
1159 733
1159 738
1159 768
1159 772
1159 773
1159 774
1159 779
1159 782
1159 783
1159 785
1159 789
1159 797
1159 802
1159 832
1159 836
1159 838
1159 843
1159 844
1159 845
1159 847
1159 849
1159 850
1159 853
1159 854
1159 861
1159 862
1159 866
1159 868
1159 870
1159 896
1159 900
1159 902
1159 911
1159 913
1159 917
1159 918
1159 925
1159 928
1159 930
1159 932
1159 934
1159 949
1159 964
1159 965
1159 966
1159 967
1159 974
1159 975
1159 977
1159 989
1159 1028
1159 1030
1159 1031
1159 1038
1159 1039
1159 1041
1159 1053
1159 1088
1159 1092
1159 1093
1159 1094
1159 1095
1159 1100
1159 1102
1159 1103
1159 1105
1159 1106
1159 1109
1159 1110
1159 1116
1159 1117
1159 1120
1159 1122
1159 1126
1159 1132
1159 1152
1159 1156
1159 1158
1159 1164
1159 1166
1159 1167
1159 1169
1159 1173
1159 1174
1159 1180
1159 1181
1159 1220
1159 1221
1159 1222
1159 1223
1159 1230
1159 1231
1159 1233
1159 1243
1159 1245
1159 1248
1160 434
1160 436
1160 968
1160 1032
1160 1096
1160 1224
1161 969
1161 1033
1161 1097
1161 1225
1162 92
1162 149
1162 205
1162 219
1162 229
1162 266
1162 269
1162 327
1162 332
1162 358
1162 386
1162 391
1162 397
1162 402
1162 459
1162 517
1162 548
1162 550
1162 583
1162 597
1162 647
1162 653
1162 658
1162 661
1162 678
1162 704
1162 709
1162 725
1162 726
1162 742
1162 768
1162 779
1162 780
1162 837
1162 859
1162 887
1162 901
1162 907
1162 914
1162 924
1162 926
1162 951
1162 960
1162 970
1162 972
1162 981
1162 994
1162 998
1162 1034
1162 1058
1162 1098
1162 1163
1162 1170
1162 1186
1162 1190
1162 1216
1162 1226
1162 1246
1162 1250
1162 1254
1163 12
1163 36
1163 149
1163 203
1163 205
1163 220
1163 274
1163 292
1163 327
1163 332
1163 342
1163 349
1163 354
1163 358
1163 386
1163 391
1163 397
1163 402
1163 421
1163 422
1163 439
1163 453
1163 459
1163 460
1163 466
1163 469
1163 482
1163 486
1163 517
1163 530
1163 533
1163 540
1163 548
1163 550
1163 583
1163 588
1163 597
1163 605
1163 610
1163 647
1163 653
1163 655
1163 658
1163 661
1163 667
1163 678
1163 704
1163 709
1163 716
1163 725
1163 726
1163 742
1163 768
1163 773
1163 779
1163 780
1163 789
1163 802
1163 837
1163 854
1163 859
1163 887
1163 896
1163 901
1163 907
1163 924
1163 932
1163 949
1163 951
1163 960
1163 965
1163 971
1163 972
1163 977
1163 981
1163 994
1163 998
1163 1031
1163 1035
1163 1039
1163 1053
1163 1058
1163 1088
1163 1093
1163 1099
1163 1106
1163 1110
1163 1116
1163 1120
1163 1122
1163 1126
1163 1132
1163 1162
1163 1170
1163 1174
1163 1180
1163 1186
1163 1190
1163 1216
1163 1227
1163 1246
1163 1248
1163 1250
1163 1254
1164 4
1164 15
1164 29
1164 30
1164 34
1164 75
1164 76
1164 85
1164 98
1164 102
1164 132
1164 134
1164 135
1164 145
1164 198
1164 199
1164 285
1164 290
1164 294
1164 324
1164 326
1164 327
1164 334
1164 335
1164 337
1164 341
1164 342
1164 349
1164 354
1164 390
1164 395
1164 396
1164 399
1164 401
1164 405
1164 406
1164 413
1164 418
1164 420
1164 421
1164 422
1164 438
1164 439
1164 452
1164 453
1164 454
1164 460
1164 462
1164 463
1164 465
1164 466
1164 469
1164 477
1164 482
1164 486
1164 516
1164 518
1164 526
1164 527
1164 529
1164 530
1164 533
1164 540
1164 541
1164 546
1164 550
1164 580
1164 582
1164 588
1164 590
1164 591
1164 593
1164 597
1164 605
1164 610
1164 644
1164 646
1164 647
1164 652
1164 654
1164 655
1164 657
1164 658
1164 667
1164 669
1164 674
1164 708
1164 710
1164 716
1164 718
1164 719
1164 721
1164 733
1164 738
1164 768
1164 772
1164 773
1164 774
1164 779
1164 782
1164 783
1164 785
1164 789
1164 797
1164 802
1164 832
1164 836
1164 838
1164 843
1164 844
1164 845
1164 847
1164 849
1164 850
1164 853
1164 854
1164 859
1164 861
1164 862
1164 866
1164 868
1164 870
1164 896
1164 900
1164 902
1164 907
1164 911
1164 913
1164 917
1164 918
1164 925
1164 928
1164 930
1164 932
1164 934
1164 949
1164 960
1164 964
1164 965
1164 966
1164 972
1164 974
1164 975
1164 977
1164 989
1164 1028
1164 1030
1164 1031
1164 1036
1164 1038
1164 1039
1164 1041
1164 1053
1164 1088
1164 1092
1164 1093
1164 1094
1164 1100
1164 1102
1164 1103
1164 1105
1164 1106
1164 1109
1164 1110
1164 1116
1164 1117
1164 1120
1164 1122
1164 1126
1164 1132
1164 1152
1164 1156
1164 1158
1164 1159
1164 1167
1164 1169
1164 1173
1164 1174
1164 1180
1164 1181
1164 1216
1164 1220
1164 1221
1164 1222
1164 1228
1164 1230
1164 1231
1164 1233
1164 1243
1164 1245
1164 1248
1164 1250
1165 322
1165 973
1165 1037
1165 1101
1165 1229
1166 6
1166 68
1166 70
1166 71
1166 78
1166 79
1166 81
1166 93
1166 196
1166 206
1166 260
1166 270
1166 324
1166 326
1166 334
1166 335
1166 337
1166 341
1166 388
1166 390
1166 396
1166 398
1166 399
1166 401
1166 405
1166 406
1166 413
1166 418
1166 438
1166 452
1166 454
1166 462
1166 463
1166 465
1166 477
1166 516
1166 518
1166 526
1166 529
1166 541
1166 580
1166 582
1166 590
1166 593
1166 644
1166 646
1166 654
1166 657
1166 669
1166 674
1166 708
1166 718
1166 721
1166 733
1166 738
1166 772
1166 782
1166 785
1166 797
1166 832
1166 836
1166 838
1166 845
1166 846
1166 847
1166 849
1166 853
1166 861
1166 862
1166 866
1166 868
1166 870
1166 900
1166 902
1166 910
1166 911
1166 913
1166 917
1166 925
1166 934
1166 964
1166 966
1166 974
1166 975
1166 989
1166 1028
1166 1030
1166 1038
1166 1092
1166 1094
1166 1100
1166 1102
1166 1103
1166 1105
1166 1109
1166 1117
1166 1152
1166 1156
1166 1158
1166 1159
1166 1167
1166 1169
1166 1181
1166 1220
1166 1222
1166 1230
1166 1231
1166 1233
1166 1245
1167 4
1167 15
1167 30
1167 34
1167 75
1167 76
1167 85
1167 98
1167 102
1167 132
1167 134
1167 145
1167 198
1167 199
1167 207
1167 209
1167 277
1167 285
1167 290
1167 294
1167 324
1167 326
1167 334
1167 335
1167 337
1167 341
1167 342
1167 349
1167 354
1167 388
1167 390
1167 395
1167 396
1167 398
1167 399
1167 401
1167 405
1167 406
1167 413
1167 418
1167 420
1167 421
1167 422
1167 438
1167 439
1167 452
1167 453
1167 454
1167 460
1167 462
1167 463
1167 465
1167 466
1167 469
1167 477
1167 482
1167 486
1167 516
1167 518
1167 526
1167 527
1167 529
1167 530
1167 533
1167 540
1167 541
1167 546
1167 550
1167 580
1167 582
1167 588
1167 590
1167 591
1167 593
1167 605
1167 610
1167 644
1167 646
1167 652
1167 654
1167 655
1167 657
1167 667
1167 669
1167 674
1167 708
1167 710
1167 716
1167 718
1167 719
1167 721
1167 733
1167 738
1167 768
1167 772
1167 773
1167 774
1167 779
1167 782
1167 783
1167 785
1167 789
1167 797
1167 802
1167 832
1167 836
1167 838
1167 843
1167 844
1167 845
1167 847
1167 849
1167 850
1167 853
1167 854
1167 861
1167 862
1167 866
1167 868
1167 870
1167 896
1167 900
1167 902
1167 911
1167 913
1167 917
1167 918
1167 925
1167 928
1167 930
1167 932
1167 934
1167 949
1167 964
1167 965
1167 966
1167 974
1167 975
1167 977
1167 989
1167 1028
1167 1030
1167 1031
1167 1038
1167 1039
1167 1041
1167 1053
1167 1088
1167 1092
1167 1093
1167 1094
1167 1100
1167 1102
1167 1103
1167 1105
1167 1106
1167 1109
1167 1110
1167 1116
1167 1117
1167 1120
1167 1122
1167 1126
1167 1132
1167 1152
1167 1156
1167 1158
1167 1159
1167 1164
1167 1166
1167 1169
1167 1173
1167 1174
1167 1180
1167 1181
1167 1220
1167 1221
1167 1222
1167 1230
1167 1231
1167 1233
1167 1243
1167 1245
1167 1248
1168 976
1168 1040
1168 1104
1168 1232
1169 4
1169 6
1169 14
1169 17
1169 30
1169 68
1169 70
1169 76
1169 78
1169 79
1169 81
1169 85
1169 93
1169 98
1169 102
1169 145
1169 196
1169 199
1169 206
1169 207
1169 209
1169 213
1169 221
1169 260
1169 262
1169 270
1169 271
1169 273
1169 277
1169 290
1169 324
1169 326
1169 334
1169 335
1169 337
1169 341
1169 354
1169 388
1169 390
1169 395
1169 396
1169 398
1169 399
1169 401
1169 405
1169 406
1169 413
1169 418
1169 420
1169 422
1169 438
1169 452
1169 454
1169 460
1169 462
1169 463
1169 465
1169 477
1169 482
1169 486
1169 516
1169 518
1169 526
1169 527
1169 529
1169 541
1169 546
1169 580
1169 582
1169 590
1169 591
1169 593
1169 644
1169 646
1169 652
1169 654
1169 657
1169 669
1169 674
1169 708
1169 710
1169 718
1169 719
1169 721
1169 733
1169 738
1169 772
1169 773
1169 774
1169 782
1169 783
1169 785
1169 789
1169 797
1169 832
1169 836
1169 838
1169 843
1169 844
1169 845
1169 846
1169 847
1169 849
1169 850
1169 853
1169 854
1169 861
1169 862
1169 866
1169 868
1169 870
1169 896
1169 900
1169 902
1169 910
1169 911
1169 913
1169 917
1169 918
1169 925
1169 928
1169 930
1169 932
1169 934
1169 964
1169 966
1169 974
1169 975
1169 977
1169 989
1169 1028
1169 1030
1169 1038
1169 1039
1169 1041
1169 1053
1169 1092
1169 1094
1169 1100
1169 1102
1169 1103
1169 1105
1169 1106
1169 1109
1169 1117
1169 1122
1169 1152
1169 1156
1169 1158
1169 1159
1169 1164
1169 1166
1169 1167
1169 1173
1169 1174
1169 1181
1169 1220
1169 1221
1169 1222
1169 1230
1169 1231
1169 1233
1169 1243
1169 1245
1170 12
1170 36
1170 92
1170 149
1170 203
1170 205
1170 220
1170 229
1170 274
1170 292
1170 327
1170 332
1170 342
1170 349
1170 358
1170 386
1170 391
1170 397
1170 402
1170 421
1170 439
1170 453
1170 459
1170 466
1170 469
1170 517
1170 530
1170 533
1170 540
1170 548
1170 550
1170 583
1170 588
1170 597
1170 605
1170 610
1170 647
1170 653
1170 655
1170 658
1170 661
1170 667
1170 678
1170 704
1170 709
1170 716
1170 725
1170 726
1170 742
1170 768
1170 773
1170 779
1170 780
1170 802
1170 837
1170 854
1170 859
1170 887
1170 901
1170 907
1170 924
1170 926
1170 949
1170 951
1170 960
1170 965
1170 972
1170 978
1170 981
1170 994
1170 998
1170 1031
1170 1042
1170 1058
1170 1088
1170 1093
1170 1106
1170 1110
1170 1116
1170 1120
1170 1122
1170 1126
1170 1132
1170 1162
1170 1163
1170 1180
1170 1186
1170 1190
1170 1216
1170 1234
1170 1246
1170 1248
1170 1250
1170 1254
1171 722
1171 906
1171 979
1171 1043
1171 1107
1171 1235
1172 26
1172 305
1172 912
1172 980
1172 1044
1172 1108
1172 1236
1172 1269
1173 11
1173 15
1173 29
1173 34
1173 75
1173 77
1173 86
1173 132
1173 134
1173 135
1173 142
1173 162
1173 198
1173 226
1173 285
1173 294
1173 324
1173 326
1173 327
1173 334
1173 335
1173 337
1173 341
1173 342
1173 349
1173 354
1173 390
1173 395
1173 396
1173 397
1173 399
1173 405
1173 406
1173 413
1173 418
1173 420
1173 421
1173 422
1173 438
1173 439
1173 452
1173 453
1173 454
1173 460
1173 462
1173 463
1173 465
1173 466
1173 469
1173 477
1173 482
1173 486
1173 516
1173 517
1173 518
1173 526
1173 527
1173 529
1173 530
1173 533
1173 540
1173 541
1173 546
1173 550
1173 580
1173 582
1173 588
1173 591
1173 593
1173 597
1173 605
1173 610
1173 644
1173 646
1173 647
1173 652
1173 654
1173 655
1173 657
1173 658
1173 661
1173 667
1173 669
1173 674
1173 678
1173 708
1173 709
1173 710
1173 716
1173 718
1173 719
1173 721
1173 733
1173 738
1173 768
1173 772
1173 773
1173 774
1173 779
1173 783
1173 785
1173 789
1173 797
1173 802
1173 832
1173 836
1173 838
1173 843
1173 844
1173 845
1173 847
1173 849
1173 850
1173 853
1173 854
1173 859
1173 861
1173 862
1173 866
1173 868
1173 870
1173 896
1173 900
1173 902
1173 907
1173 913
1173 917
1173 918
1173 925
1173 928
1173 930
1173 932
1173 934
1173 949
1173 951
1173 960
1173 964
1173 965
1173 966
1173 975
1173 977
1173 981
1173 989
1173 998
1173 1028
1173 1030
1173 1031
1173 1039
1173 1041
1173 1045
1173 1053
1173 1058
1173 1088
1173 1092
1173 1093
1173 1100
1173 1102
1173 1103
1173 1105
1173 1106
1173 1109
1173 1110
1173 1116
1173 1117
1173 1120
1173 1122
1173 1126
1173 1132
1173 1152
1173 1156
1173 1158
1173 1159
1173 1164
1173 1167
1173 1169
1173 1174
1173 1180
1173 1181
1173 1216
1173 1220
1173 1221
1173 1222
1173 1230
1173 1231
1173 1233
1173 1237
1173 1243
1173 1245
1173 1248
1173 1250
1173 1254
1174 7
1174 11
1174 29
1174 34
1174 38
1174 74
1174 75
1174 77
1174 86
1174 100
1174 134
1174 135
1174 142
1174 143
1174 162
1174 198
1174 226
1174 265
1174 294
1174 324
1174 326
1174 327
1174 334
1174 335
1174 337
1174 341
1174 342
1174 349
1174 354
1174 390
1174 395
1174 396
1174 397
1174 399
1174 405
1174 406
1174 413
1174 418
1174 420
1174 421
1174 422
1174 438
1174 439
1174 452
1174 453
1174 454
1174 460
1174 462
1174 463
1174 465
1174 466
1174 469
1174 477
1174 482
1174 486
1174 516
1174 517
1174 518
1174 526
1174 527
1174 529
1174 530
1174 533
1174 540
1174 541
1174 546
1174 550
1174 580
1174 582
1174 588
1174 591
1174 593
1174 597
1174 605
1174 610
1174 644
1174 646
1174 647
1174 652
1174 654
1174 655
1174 657
1174 658
1174 661
1174 667
1174 669
1174 674
1174 678
1174 708
1174 709
1174 710
1174 716
1174 718
1174 719
1174 721
1174 733
1174 738
1174 768
1174 772
1174 773
1174 774
1174 779
1174 780
1174 783
1174 785
1174 789
1174 797
1174 802
1174 832
1174 838
1174 843
1174 844
1174 845
1174 847
1174 849
1174 850
1174 853
1174 854
1174 859
1174 862
1174 866
1174 868
1174 870
1174 896
1174 902
1174 907
1174 913
1174 917
1174 918
1174 925
1174 928
1174 930
1174 932
1174 934
1174 949
1174 951
1174 960
1174 964
1174 965
1174 966
1174 975
1174 977
1174 982
1174 989
1174 994
1174 998
1174 1028
1174 1030
1174 1031
1174 1039
1174 1041
1174 1046
1174 1053
1174 1058
1174 1088
1174 1092
1174 1093
1174 1100
1174 1102
1174 1103
1174 1105
1174 1106
1174 1109
1174 1110
1174 1116
1174 1117
1174 1120
1174 1122
1174 1126
1174 1132
1174 1152
1174 1159
1174 1163
1174 1164
1174 1167
1174 1169
1174 1173
1174 1180
1174 1216
1174 1220
1174 1221
1174 1222
1174 1230
1174 1231
1174 1233
1174 1238
1174 1243
1174 1245
1174 1248
1174 1250
1174 1254
1175 407
1175 983
1175 1047
1175 1111
1175 1239
1176 156
1176 163
1176 984
1176 1048
1176 1112
1176 1193
1176 1240
1177 508
1177 920
1177 985
1177 1049
1177 1113
1177 1241
1177 1277
1178 986
1178 1050
1178 1114
1178 1242
1179 935
1179 987
1179 1051
1179 1115
1179 1243
1180 7
1180 11
1180 29
1180 38
1180 74
1180 77
1180 82
1180 86
1180 96
1180 100
1180 135
1180 142
1180 143
1180 158
1180 162
1180 204
1180 226
1180 265
1180 267
1180 268
1180 327
1180 334
1180 335
1180 341
1180 342
1180 349
1180 354
1180 358
1180 386
1180 395
1180 397
1180 402
1180 406
1180 418
1180 420
1180 421
1180 422
1180 438
1180 439
1180 453
1180 460
1180 463
1180 466
1180 469
1180 482
1180 486
1180 516
1180 517
1180 518
1180 526
1180 527
1180 529
1180 530
1180 533
1180 540
1180 541
1180 546
1180 550
1180 582
1180 588
1180 591
1180 593
1180 597
1180 605
1180 610
1180 646
1180 647
1180 652
1180 654
1180 655
1180 658
1180 661
1180 667
1180 678
1180 709
1180 710
1180 716
1180 719
1180 721
1180 725
1180 738
1180 768
1180 773
1180 774
1180 779
1180 780
1180 783
1180 789
1180 797
1180 802
1180 832
1180 843
1180 844
1180 850
1180 853
1180 854
1180 859
1180 862
1180 866
1180 868
1180 870
1180 887
1180 896
1180 907
1180 913
1180 917
1180 918
1180 924
1180 928
1180 930
1180 932
1180 934
1180 949
1180 951
1180 960
1180 964
1180 965
1180 966
1180 977
1180 981
1180 988
1180 989
1180 994
1180 998
1180 1028
1180 1030
1180 1031
1180 1039
1180 1041
1180 1052
1180 1053
1180 1058
1180 1088
1180 1093
1180 1100
1180 1106
1180 1109
1180 1110
1180 1116
1180 1120
1180 1122
1180 1126
1180 1132
1180 1152
1180 1159
1180 1163
1180 1164
1180 1167
1180 1170
1180 1173
1180 1174
1180 1190
1180 1216
1180 1220
1180 1221
1180 1222
1180 1230
1180 1231
1180 1233
1180 1243
1180 1244
1180 1248
1180 1250
1180 1254
1181 6
1181 14
1181 17
1181 68
1181 70
1181 71
1181 78
1181 79
1181 81
1181 93
1181 196
1181 206
1181 207
1181 209
1181 213
1181 221
1181 260
1181 262
1181 270
1181 271
1181 273
1181 277
1181 324
1181 326
1181 334
1181 335
1181 337
1181 341
1181 388
1181 390
1181 395
1181 396
1181 398
1181 399
1181 401
1181 405
1181 406
1181 413
1181 418
1181 420
1181 438
1181 452
1181 454
1181 462
1181 463
1181 465
1181 477
1181 516
1181 518
1181 526
1181 527
1181 529
1181 541
1181 546
1181 580
1181 582
1181 590
1181 591
1181 593
1181 644
1181 646
1181 652
1181 654
1181 657
1181 669
1181 674
1181 708
1181 710
1181 718
1181 719
1181 721
1181 733
1181 738
1181 772
1181 774
1181 782
1181 783
1181 785
1181 797
1181 832
1181 836
1181 838
1181 843
1181 844
1181 845
1181 846
1181 847
1181 849
1181 850
1181 853
1181 861
1181 862
1181 866
1181 868
1181 870
1181 900
1181 902
1181 910
1181 911
1181 913
1181 917
1181 918
1181 925
1181 928
1181 930
1181 934
1181 964
1181 966
1181 974
1181 975
1181 989
1181 1028
1181 1030
1181 1038
1181 1041
1181 1053
1181 1092
1181 1094
1181 1100
1181 1102
1181 1103
1181 1105
1181 1109
1181 1117
1181 1152
1181 1156
1181 1158
1181 1159
1181 1164
1181 1166
1181 1167
1181 1169
1181 1173
1181 1220
1181 1222
1181 1230
1181 1231
1181 1233
1181 1243
1181 1245
1182 473
1182 532
1182 752
1182 990
1182 1054
1182 1118
1182 1246
1183 991
1183 1055
1183 1119
1183 1142
1183 1247
1184 992
1184 1056
1184 1120
1184 1248
1185 993
1185 1057
1185 1121
1185 1249
1186 22
1186 64
1186 210
1186 219
1186 266
1186 269
1186 332
1186 356
1186 358
1186 386
1186 391
1186 397
1186 402
1186 459
1186 517
1186 548
1186 583
1186 653
1186 661
1186 678
1186 704
1186 709
1186 725
1186 726
1186 742
1186 780
1186 837
1186 887
1186 901
1186 908
1186 914
1186 924
1186 926
1186 951
1186 972
1186 981
1186 994
1186 1058
1186 1062
1186 1122
1186 1162
1186 1163
1186 1170
1186 1190
1186 1246
1186 1250
1186 1254
1187 558
1187 794
1187 891
1187 995
1187 1059
1187 1123
1187 1251
1188 996
1188 1060
1188 1124
1188 1252
1189 347
1189 547
1189 997
1189 1061
1189 1125
1189 1253
1190 12
1190 36
1190 92
1190 149
1190 203
1190 205
1190 220
1190 229
1190 274
1190 292
1190 327
1190 332
1190 342
1190 349
1190 358
1190 386
1190 391
1190 397
1190 402
1190 421
1190 439
1190 453
1190 459
1190 466
1190 469
1190 482
1190 517
1190 530
1190 533
1190 540
1190 548
1190 550
1190 583
1190 588
1190 597
1190 605
1190 610
1190 647
1190 653
1190 655
1190 658
1190 661
1190 667
1190 678
1190 704
1190 709
1190 716
1190 725
1190 726
1190 742
1190 768
1190 773
1190 779
1190 780
1190 802
1190 837
1190 854
1190 859
1190 887
1190 901
1190 907
1190 924
1190 926
1190 949
1190 951
1190 960
1190 965
1190 972
1190 981
1190 994
1190 998
1190 1031
1190 1039
1190 1058
1190 1062
1190 1088
1190 1093
1190 1110
1190 1116
1190 1120
1190 1122
1190 1126
1190 1132
1190 1162
1190 1163
1190 1170
1190 1180
1190 1186
1190 1216
1190 1246
1190 1248
1190 1250
1190 1254
1191 497
1191 714
1191 999
1191 1063
1191 1127
1191 1255
1192 56
1192 1000
1192 1064
1192 1128
1192 1256
1193 156
1193 163
1193 1001
1193 1065
1193 1129
1193 1176
1193 1257
1194 1002
1194 1066
1194 1130
1194 1258
1195 1003
1195 1067
1195 1131
1195 1259
1196 1004
1196 1068
1196 1132
1196 1260
1197 545
1197 1005
1197 1069
1197 1133
1197 1261
1198 643
1198 995
1198 1006
1198 1070
1198 1134
1198 1262
1199 1007
1199 1071
1199 1135
1199 1263
1200 568
1200 621
1200 681
1200 1008
1200 1072
1200 1136
1200 1264
1201 487
1201 1009
1201 1011
1201 1073
1201 1137
1201 1265
1202 339
1202 897
1202 1010
1202 1074
1202 1138
1202 1266
1203 788
1203 1011
1203 1075
1203 1139
1203 1267
1204 182
1204 502
1204 664
1204 1012
1204 1076
1204 1140
1204 1268
1205 18
1205 1013
1205 1077
1205 1141
1205 1206
1205 1269
1206 18
1206 1014
1206 1078
1206 1142
1206 1205
1206 1270
1207 1015
1207 1079
1207 1143
1207 1271
1208 1016
1208 1080
1208 1144
1208 1272
1209 688
1209 985
1209 1017
1209 1081
1209 1145
1209 1273
1210 317
1210 1018
1210 1082
1210 1146
1210 1274
1211 165
1211 942
1211 1019
1211 1083
1211 1147
1211 1275
1212 1020
1212 1084
1212 1148
1212 1276
1213 1021
1213 1085
1213 1149
1213 1277
1214 628
1214 1022
1214 1086
1214 1150
1214 1278
1215 599
1215 1023
1215 1080
1215 1087
1215 1151
1215 1279
1216 7
1216 12
1216 38
1216 74
1216 82
1216 96
1216 100
1216 143
1216 158
1216 204
1216 220
1216 226
1216 265
1216 267
1216 268
1216 274
1216 292
1216 327
1216 342
1216 349
1216 386
1216 395
1216 397
1216 402
1216 406
1216 420
1216 421
1216 422
1216 439
1216 453
1216 459
1216 460
1216 466
1216 469
1216 482
1216 486
1216 517
1216 527
1216 530
1216 533
1216 540
1216 546
1216 548
1216 550
1216 588
1216 591
1216 597
1216 605
1216 610
1216 647
1216 652
1216 653
1216 655
1216 658
1216 661
1216 667
1216 678
1216 709
1216 710
1216 716
1216 719
1216 725
1216 742
1216 768
1216 773
1216 774
1216 779
1216 780
1216 783
1216 789
1216 802
1216 843
1216 844
1216 850
1216 854
1216 859
1216 887
1216 896
1216 901
1216 907
1216 918
1216 924
1216 928
1216 930
1216 932
1216 934
1216 949
1216 951
1216 960
1216 965
1216 972
1216 977
1216 981
1216 994
1216 998
1216 1024
1216 1031
1216 1039
1216 1041
1216 1053
1216 1058
1216 1088
1216 1093
1216 1106
1216 1109
1216 1110
1216 1116
1216 1120
1216 1122
1216 1126
1216 1132
1216 1152
1216 1162
1216 1163
1216 1164
1216 1170
1216 1173
1216 1174
1216 1180
1216 1190
1216 1221
1216 1243
1216 1248
1216 1250
1216 1254
1217 106
1217 620
1217 1025
1217 1089
1217 1153
1218 1026
1218 1090
1218 1154
1219 1027
1219 1091
1219 1155
1219 1278
1220 4
1220 15
1220 30
1220 34
1220 75
1220 76
1220 85
1220 98
1220 102
1220 132
1220 134
1220 145
1220 198
1220 199
1220 207
1220 209
1220 213
1220 277
1220 285
1220 290
1220 294
1220 324
1220 326
1220 334
1220 335
1220 337
1220 341
1220 388
1220 390
1220 395
1220 396
1220 398
1220 399
1220 401
1220 405
1220 406
1220 413
1220 418
1220 420
1220 421
1220 422
1220 438
1220 439
1220 452
1220 453
1220 454
1220 460
1220 462
1220 463
1220 465
1220 466
1220 469
1220 477
1220 482
1220 486
1220 516
1220 518
1220 526
1220 527
1220 529
1220 530
1220 533
1220 540
1220 541
1220 546
1220 580
1220 582
1220 588
1220 590
1220 591
1220 593
1220 605
1220 610
1220 644
1220 646
1220 652
1220 654
1220 655
1220 657
1220 667
1220 669
1220 674
1220 708
1220 710
1220 716
1220 718
1220 719
1220 721
1220 733
1220 738
1220 768
1220 772
1220 773
1220 774
1220 779
1220 782
1220 783
1220 785
1220 789
1220 797
1220 802
1220 832
1220 836
1220 838
1220 843
1220 844
1220 845
1220 847
1220 849
1220 850
1220 853
1220 854
1220 861
1220 862
1220 866
1220 868
1220 870
1220 896
1220 900
1220 902
1220 911
1220 913
1220 917
1220 918
1220 925
1220 928
1220 930
1220 932
1220 934
1220 949
1220 964
1220 965
1220 966
1220 974
1220 975
1220 977
1220 989
1220 1028
1220 1030
1220 1031
1220 1038
1220 1039
1220 1041
1220 1053
1220 1088
1220 1092
1220 1093
1220 1094
1220 1100
1220 1102
1220 1103
1220 1105
1220 1106
1220 1109
1220 1110
1220 1116
1220 1117
1220 1120
1220 1122
1220 1126
1220 1132
1220 1152
1220 1156
1220 1158
1220 1159
1220 1164
1220 1166
1220 1167
1220 1169
1220 1173
1220 1174
1220 1180
1220 1181
1220 1221
1220 1222
1220 1230
1220 1231
1220 1233
1220 1243
1220 1245
1220 1248
1221 7
1221 11
1221 29
1221 34
1221 38
1221 74
1221 75
1221 77
1221 86
1221 100
1221 132
1221 134
1221 135
1221 142
1221 143
1221 162
1221 198
1221 226
1221 265
1221 285
1221 294
1221 342
1221 349
1221 354
1221 390
1221 395
1221 396
1221 397
1221 399
1221 405
1221 406
1221 413
1221 418
1221 420
1221 421
1221 422
1221 438
1221 439
1221 452
1221 453
1221 454
1221 460
1221 462
1221 463
1221 465
1221 466
1221 469
1221 477
1221 482
1221 486
1221 516
1221 517
1221 518
1221 526
1221 527
1221 529
1221 530
1221 533
1221 540
1221 541
1221 546
1221 550
1221 580
1221 582
1221 588
1221 591
1221 593
1221 597
1221 605
1221 610
1221 644
1221 646
1221 647
1221 652
1221 654
1221 655
1221 657
1221 658
1221 661
1221 667
1221 669
1221 674
1221 678
1221 708
1221 709
1221 710
1221 716
1221 718
1221 719
1221 721
1221 733
1221 738
1221 768
1221 772
1221 773
1221 774
1221 779
1221 783
1221 785
1221 789
1221 797
1221 802
1221 832
1221 838
1221 843
1221 844
1221 845
1221 847
1221 849
1221 850
1221 853
1221 854
1221 859
1221 862
1221 866
1221 868
1221 870
1221 896
1221 902
1221 907
1221 913
1221 917
1221 918
1221 925
1221 928
1221 930
1221 932
1221 934
1221 949
1221 951
1221 960
1221 964
1221 965
1221 966
1221 975
1221 977
1221 989
1221 994
1221 998
1221 1028
1221 1029
1221 1030
1221 1031
1221 1039
1221 1041
1221 1053
1221 1058
1221 1088
1221 1092
1221 1093
1221 1100
1221 1102
1221 1103
1221 1105
1221 1106
1221 1109
1221 1110
1221 1116
1221 1117
1221 1120
1221 1122
1221 1126
1221 1132
1221 1152
1221 1156
1221 1157
1221 1158
1221 1159
1221 1164
1221 1167
1221 1169
1221 1173
1221 1174
1221 1180
1221 1216
1221 1220
1221 1222
1221 1230
1221 1231
1221 1233
1221 1243
1221 1245
1221 1248
1221 1250
1221 1254
1222 4
1222 14
1222 15
1222 17
1222 30
1222 34
1222 75
1222 76
1222 85
1222 98
1222 102
1222 132
1222 134
1222 145
1222 198
1222 199
1222 207
1222 209
1222 213
1222 221
1222 262
1222 273
1222 277
1222 285
1222 290
1222 294
1222 324
1222 326
1222 334
1222 335
1222 337
1222 341
1222 388
1222 390
1222 395
1222 396
1222 398
1222 399
1222 401
1222 405
1222 406
1222 413
1222 418
1222 420
1222 421
1222 422
1222 438
1222 439
1222 452
1222 453
1222 454
1222 460
1222 462
1222 463
1222 465
1222 466
1222 469
1222 477
1222 482
1222 486
1222 516
1222 518
1222 526
1222 527
1222 529
1222 530
1222 533
1222 540
1222 541
1222 546
1222 580
1222 582
1222 588
1222 590
1222 591
1222 593
1222 605
1222 610
1222 644
1222 646
1222 652
1222 654
1222 655
1222 657
1222 667
1222 669
1222 674
1222 708
1222 710
1222 718
1222 719
1222 721
1222 733
1222 738
1222 772
1222 773
1222 774
1222 782
1222 783
1222 785
1222 789
1222 797
1222 802
1222 832
1222 836
1222 838
1222 843
1222 844
1222 845
1222 847
1222 849
1222 850
1222 853
1222 854
1222 861
1222 862
1222 866
1222 868
1222 870
1222 896
1222 900
1222 902
1222 911
1222 913
1222 917
1222 918
1222 925
1222 928
1222 930
1222 932
1222 934
1222 949
1222 964
1222 965
1222 966
1222 974
1222 975
1222 977
1222 989
1222 1028
1222 1030
1222 1031
1222 1038
1222 1039
1222 1041
1222 1053
1222 1088
1222 1092
1222 1093
1222 1094
1222 1100
1222 1102
1222 1103
1222 1105
1222 1106
1222 1109
1222 1110
1222 1116
1222 1117
1222 1120
1222 1122
1222 1126
1222 1132
1222 1152
1222 1156
1222 1158
1222 1159
1222 1164
1222 1166
1222 1167
1222 1169
1222 1173
1222 1174
1222 1180
1222 1181
1222 1220
1222 1221
1222 1230
1222 1231
1222 1233
1222 1243
1222 1245
1222 1248
1223 9
1223 69
1223 137
1223 197
1223 263
1223 325
1223 389
1223 455
1223 521
1223 581
1223 645
1223 672
1223 711
1223 777
1223 841
1223 903
1223 967
1223 1029
1223 1031
1223 1095
1223 1157
1223 1159
1224 1032
1224 1096
1224 1160
1225 572
1225 1033
1225 1097
1225 1161
1226 1034
1226 1098
1226 1162
1227 1035
1227 1099
1227 1163
1228 630
1228 1036
1228 1100
1228 1164
1229 211
1229 448
1229 512
1229 1037
1229 1101
1229 1165
1230 4
1230 14
1230 15
1230 17
1230 30
1230 34
1230 75
1230 76
1230 85
1230 98
1230 102
1230 132
1230 134
1230 145
1230 199
1230 207
1230 209
1230 213
1230 221
1230 262
1230 271
1230 273
1230 277
1230 285
1230 290
1230 294
1230 324
1230 326
1230 334
1230 335
1230 337
1230 341
1230 388
1230 390
1230 395
1230 396
1230 398
1230 399
1230 401
1230 405
1230 406
1230 413
1230 418
1230 420
1230 421
1230 422
1230 438
1230 439
1230 452
1230 454
1230 460
1230 462
1230 463
1230 465
1230 466
1230 469
1230 477
1230 482
1230 486
1230 516
1230 518
1230 526
1230 527
1230 529
1230 530
1230 533
1230 540
1230 541
1230 546
1230 580
1230 582
1230 590
1230 591
1230 593
1230 605
1230 610
1230 644
1230 646
1230 652
1230 654
1230 655
1230 657
1230 669
1230 674
1230 708
1230 710
1230 718
1230 719
1230 721
1230 733
1230 738
1230 772
1230 773
1230 774
1230 782
1230 783
1230 785
1230 789
1230 797
1230 802
1230 832
1230 836
1230 838
1230 843
1230 844
1230 845
1230 846
1230 847
1230 849
1230 850
1230 853
1230 854
1230 861
1230 862
1230 866
1230 868
1230 870
1230 896
1230 900
1230 902
1230 911
1230 913
1230 917
1230 918
1230 925
1230 928
1230 930
1230 932
1230 934
1230 949
1230 964
1230 965
1230 966
1230 974
1230 975
1230 977
1230 989
1230 1028
1230 1030
1230 1031
1230 1038
1230 1039
1230 1041
1230 1053
1230 1088
1230 1092
1230 1093
1230 1094
1230 1100
1230 1102
1230 1103
1230 1105
1230 1106
1230 1109
1230 1110
1230 1116
1230 1117
1230 1120
1230 1122
1230 1132
1230 1152
1230 1156
1230 1158
1230 1159
1230 1164
1230 1166
1230 1167
1230 1169
1230 1173
1230 1174
1230 1180
1230 1181
1230 1220
1230 1221
1230 1222
1230 1231
1230 1233
1230 1243
1230 1245
1230 1248
1231 4
1231 6
1231 14
1231 15
1231 17
1231 30
1231 34
1231 75
1231 76
1231 85
1231 98
1231 102
1231 132
1231 134
1231 145
1231 199
1231 207
1231 209
1231 213
1231 221
1231 262
1231 271
1231 273
1231 277
1231 285
1231 290
1231 294
1231 324
1231 326
1231 334
1231 335
1231 337
1231 341
1231 388
1231 390
1231 395
1231 396
1231 398
1231 399
1231 401
1231 405
1231 406
1231 413
1231 418
1231 420
1231 421
1231 422
1231 438
1231 452
1231 454
1231 460
1231 462
1231 463
1231 465
1231 466
1231 469
1231 477
1231 482
1231 486
1231 516
1231 518
1231 526
1231 527
1231 529
1231 530
1231 540
1231 541
1231 546
1231 580
1231 582
1231 590
1231 591
1231 593
1231 605
1231 610
1231 644
1231 646
1231 652
1231 654
1231 655
1231 657
1231 669
1231 674
1231 708
1231 710
1231 718
1231 719
1231 721
1231 733
1231 738
1231 772
1231 773
1231 774
1231 782
1231 783
1231 785
1231 789
1231 797
1231 802
1231 832
1231 836
1231 838
1231 843
1231 844
1231 845
1231 846
1231 847
1231 849
1231 850
1231 853
1231 854
1231 861
1231 862
1231 866
1231 868
1231 870
1231 896
1231 900
1231 902
1231 910
1231 911
1231 913
1231 917
1231 918
1231 925
1231 928
1231 930
1231 932
1231 934
1231 949
1231 964
1231 966
1231 974
1231 975
1231 977
1231 989
1231 1028
1231 1030
1231 1031
1231 1038
1231 1039
1231 1041
1231 1053
1231 1092
1231 1094
1231 1100
1231 1102
1231 1103
1231 1105
1231 1106
1231 1109
1231 1110
1231 1116
1231 1117
1231 1120
1231 1122
1231 1152
1231 1156
1231 1158
1231 1159
1231 1164
1231 1166
1231 1167
1231 1169
1231 1173
1231 1174
1231 1180
1231 1181
1231 1220
1231 1221
1231 1222
1231 1230
1231 1233
1231 1243
1231 1245
1232 425
1232 539
1232 1040
1232 1104
1232 1168
1232 1241
1233 4
1233 6
1233 14
1233 15
1233 17
1233 30
1233 34
1233 75
1233 76
1233 85
1233 98
1233 102
1233 132
1233 145
1233 199
1233 207
1233 209
1233 213
1233 221
1233 260
1233 262
1233 271
1233 273
1233 277
1233 285
1233 290
1233 294
1233 324
1233 326
1233 334
1233 335
1233 337
1233 341
1233 388
1233 390
1233 395
1233 396
1233 398
1233 399
1233 401
1233 405
1233 406
1233 413
1233 418
1233 420
1233 421
1233 422
1233 438
1233 452
1233 454
1233 460
1233 462
1233 463
1233 465
1233 466
1233 469
1233 477
1233 482
1233 486
1233 516
1233 518
1233 526
1233 527
1233 529
1233 530
1233 540
1233 541
1233 546
1233 580
1233 582
1233 590
1233 591
1233 593
1233 605
1233 610
1233 644
1233 646
1233 652
1233 654
1233 655
1233 657
1233 669
1233 674
1233 708
1233 710
1233 718
1233 719
1233 721
1233 733
1233 738
1233 772
1233 773
1233 774
1233 782
1233 783
1233 785
1233 789
1233 797
1233 802
1233 832
1233 836
1233 838
1233 843
1233 844
1233 845
1233 846
1233 847
1233 849
1233 850
1233 853
1233 854
1233 861
1233 862
1233 866
1233 868
1233 870
1233 896
1233 900
1233 902
1233 910
1233 911
1233 913
1233 917
1233 918
1233 925
1233 928
1233 930
1233 932
1233 934
1233 949
1233 964
1233 966
1233 974
1233 975
1233 977
1233 989
1233 1028
1233 1030
1233 1031
1233 1038
1233 1039
1233 1041
1233 1053
1233 1092
1233 1094
1233 1100
1233 1102
1233 1103
1233 1105
1233 1106
1233 1109
1233 1110
1233 1116
1233 1117
1233 1120
1233 1122
1233 1152
1233 1156
1233 1158
1233 1159
1233 1164
1233 1166
1233 1167
1233 1169
1233 1173
1233 1174
1233 1180
1233 1181
1233 1220
1233 1221
1233 1222
1233 1230
1233 1231
1233 1243
1233 1245
1234 53
1234 1042
1234 1106
1234 1170
1235 51
1235 1043
1235 1107
1235 1171
1236 65
1236 1012
1236 1044
1236 1108
1236 1172
1237 717
1237 1045
1237 1109
1237 1173
1238 1046
1238 1110
1238 1174
1239 351
1239 561
1239 629
1239 805
1239 1047
1239 1111
1239 1175
1240 16
1240 663
1240 814
1240 980
1240 1048
1240 1112
1240 1176
1241 425
1241 539
1241 1049
1241 1113
1241 1177
1241 1232
1242 611
1242 1050
1242 1114
1242 1131
1242 1178
1242 1267
1243 4
1243 15
1243 29
1243 34
1243 75
1243 76
1243 77
1243 86
1243 98
1243 102
1243 132
1243 134
1243 135
1243 145
1243 162
1243 198
1243 285
1243 294
1243 335
1243 341
1243 354
1243 390
1243 395
1243 396
1243 399
1243 401
1243 405
1243 406
1243 413
1243 418
1243 420
1243 421
1243 422
1243 438
1243 439
1243 452
1243 453
1243 454
1243 460
1243 462
1243 463
1243 465
1243 466
1243 469
1243 477
1243 482
1243 486
1243 516
1243 517
1243 518
1243 526
1243 527
1243 529
1243 530
1243 533
1243 540
1243 541
1243 546
1243 550
1243 580
1243 582
1243 588
1243 590
1243 591
1243 593
1243 597
1243 605
1243 610
1243 644
1243 646
1243 647
1243 652
1243 654
1243 655
1243 657
1243 658
1243 667
1243 669
1243 674
1243 708
1243 710
1243 716
1243 718
1243 719
1243 721
1243 733
1243 738
1243 768
1243 772
1243 773
1243 774
1243 779
1243 783
1243 785
1243 789
1243 797
1243 802
1243 832
1243 836
1243 838
1243 843
1243 844
1243 845
1243 847
1243 849
1243 850
1243 853
1243 854
1243 859
1243 861
1243 862
1243 866
1243 868
1243 870
1243 896
1243 900
1243 902
1243 907
1243 913
1243 917
1243 918
1243 925
1243 928
1243 930
1243 932
1243 934
1243 949
1243 951
1243 960
1243 964
1243 965
1243 966
1243 975
1243 977
1243 989
1243 998
1243 1028
1243 1030
1243 1031
1243 1038
1243 1039
1243 1041
1243 1051
1243 1053
1243 1088
1243 1092
1243 1093
1243 1094
1243 1100
1243 1102
1243 1103
1243 1105
1243 1106
1243 1109
1243 1110
1243 1115
1243 1116
1243 1117
1243 1120
1243 1122
1243 1126
1243 1132
1243 1152
1243 1156
1243 1158
1243 1159
1243 1164
1243 1167
1243 1169
1243 1173
1243 1174
1243 1179
1243 1180
1243 1181
1243 1216
1243 1220
1243 1221
1243 1222
1243 1230
1243 1231
1243 1233
1243 1245
1243 1248
1243 1250
1244 306
1244 1052
1244 1116
1244 1180
1244 1247
1245 6
1245 14
1245 17
1245 30
1245 68
1245 70
1245 78
1245 79
1245 81
1245 85
1245 93
1245 98
1245 145
1245 196
1245 199
1245 206
1245 207
1245 209
1245 213
1245 221
1245 260
1245 262
1245 270
1245 271
1245 273
1245 277
1245 290
1245 324
1245 326
1245 334
1245 337
1245 388
1245 390
1245 395
1245 396
1245 398
1245 399
1245 401
1245 405
1245 406
1245 413
1245 418
1245 420
1245 438
1245 452
1245 454
1245 460
1245 462
1245 463
1245 465
1245 477
1245 516
1245 518
1245 526
1245 527
1245 529
1245 541
1245 546
1245 580
1245 582
1245 590
1245 591
1245 593
1245 644
1245 646
1245 652
1245 654
1245 657
1245 669
1245 674
1245 708
1245 710
1245 718
1245 719
1245 721
1245 733
1245 738
1245 772
1245 774
1245 782
1245 783
1245 785
1245 789
1245 797
1245 832
1245 836
1245 838
1245 843
1245 844
1245 845
1245 846
1245 847
1245 849
1245 850
1245 853
1245 861
1245 862
1245 866
1245 868
1245 870
1245 896
1245 900
1245 902
1245 910
1245 911
1245 913
1245 917
1245 918
1245 925
1245 928
1245 930
1245 932
1245 934
1245 964
1245 966
1245 974
1245 975
1245 977
1245 989
1245 1028
1245 1030
1245 1038
1245 1041
1245 1053
1245 1092
1245 1094
1245 1100
1245 1102
1245 1103
1245 1105
1245 1106
1245 1109
1245 1117
1245 1152
1245 1156
1245 1158
1245 1159
1245 1164
1245 1166
1245 1167
1245 1169
1245 1173
1245 1174
1245 1181
1245 1220
1245 1221
1245 1222
1245 1230
1245 1231
1245 1233
1245 1243
1246 22
1246 64
1246 92
1246 210
1246 219
1246 229
1246 266
1246 269
1246 332
1246 386
1246 391
1246 397
1246 402
1246 459
1246 517
1246 548
1246 583
1246 653
1246 658
1246 661
1246 678
1246 704
1246 709
1246 725
1246 726
1246 742
1246 780
1246 837
1246 887
1246 901
1246 914
1246 924
1246 926
1246 951
1246 972
1246 981
1246 994
1246 998
1246 1054
1246 1058
1246 1062
1246 1118
1246 1162
1246 1163
1246 1170
1246 1182
1246 1186
1246 1190
1246 1254
1247 306
1247 1055
1247 1119
1247 1183
1247 1244
1248 7
1248 11
1248 29
1248 38
1248 74
1248 77
1248 82
1248 86
1248 96
1248 100
1248 142
1248 143
1248 158
1248 162
1248 204
1248 220
1248 226
1248 265
1248 267
1248 268
1248 327
1248 342
1248 349
1248 354
1248 386
1248 395
1248 397
1248 402
1248 406
1248 418
1248 420
1248 421
1248 422
1248 438
1248 439
1248 453
1248 459
1248 460
1248 463
1248 466
1248 469
1248 482
1248 486
1248 517
1248 527
1248 530
1248 533
1248 540
1248 546
1248 548
1248 550
1248 582
1248 588
1248 591
1248 593
1248 597
1248 605
1248 610
1248 646
1248 647
1248 652
1248 654
1248 655
1248 658
1248 661
1248 667
1248 678
1248 709
1248 710
1248 716
1248 719
1248 721
1248 725
1248 738
1248 742
1248 768
1248 773
1248 774
1248 779
1248 780
1248 783
1248 789
1248 797
1248 802
1248 832
1248 843
1248 844
1248 850
1248 854
1248 859
1248 862
1248 866
1248 868
1248 870
1248 887
1248 896
1248 901
1248 907
1248 917
1248 918
1248 924
1248 928
1248 930
1248 932
1248 934
1248 949
1248 951
1248 960
1248 964
1248 965
1248 966
1248 972
1248 977
1248 981
1248 989
1248 994
1248 998
1248 1028
1248 1031
1248 1039
1248 1041
1248 1053
1248 1056
1248 1058
1248 1088
1248 1093
1248 1106
1248 1109
1248 1110
1248 1116
1248 1120
1248 1122
1248 1126
1248 1132
1248 1152
1248 1159
1248 1163
1248 1164
1248 1167
1248 1170
1248 1173
1248 1174
1248 1180
1248 1184
1248 1190
1248 1216
1248 1220
1248 1221
1248 1222
1248 1230
1248 1243
1248 1250
1248 1254
1249 47
1249 370
1249 701
1249 1057
1249 1121
1249 1185
1250 7
1250 38
1250 74
1250 82
1250 96
1250 100
1250 143
1250 158
1250 204
1250 220
1250 226
1250 265
1250 267
1250 268
1250 274
1250 327
1250 342
1250 349
1250 386
1250 395
1250 397
1250 402
1250 406
1250 420
1250 421
1250 422
1250 438
1250 439
1250 453
1250 459
1250 460
1250 466
1250 469
1250 482
1250 486
1250 517
1250 527
1250 530
1250 533
1250 540
1250 546
1250 548
1250 550
1250 588
1250 591
1250 597
1250 605
1250 610
1250 647
1250 652
1250 655
1250 658
1250 661
1250 667
1250 678
1250 709
1250 710
1250 716
1250 719
1250 725
1250 738
1250 742
1250 768
1250 773
1250 774
1250 779
1250 780
1250 783
1250 789
1250 802
1250 843
1250 844
1250 850
1250 854
1250 859
1250 868
1250 870
1250 887
1250 896
1250 901
1250 907
1250 918
1250 924
1250 928
1250 930
1250 932
1250 934
1250 949
1250 951
1250 960
1250 965
1250 972
1250 977
1250 981
1250 994
1250 998
1250 1031
1250 1039
1250 1041
1250 1053
1250 1058
1250 1088
1250 1093
1250 1106
1250 1109
1250 1110
1250 1116
1250 1120
1250 1122
1250 1126
1250 1132
1250 1152
1250 1162
1250 1163
1250 1164
1250 1170
1250 1173
1250 1174
1250 1180
1250 1186
1250 1190
1250 1216
1250 1221
1250 1243
1250 1248
1250 1254
1251 376
1251 1059
1251 1123
1251 1187
1252 1060
1252 1124
1252 1188
1253 790
1253 1061
1253 1125
1253 1189
1254 12
1254 36
1254 82
1254 203
1254 205
1254 220
1254 267
1254 268
1254 274
1254 292
1254 327
1254 386
1254 391
1254 397
1254 402
1254 420
1254 421
1254 422
1254 439
1254 453
1254 459
1254 460
1254 466
1254 469
1254 482
1254 486
1254 517
1254 530
1254 533
1254 540
1254 548
1254 550
1254 583
1254 588
1254 591
1254 597
1254 605
1254 610
1254 647
1254 653
1254 655
1254 658
1254 661
1254 667
1254 678
1254 704
1254 709
1254 710
1254 716
1254 719
1254 725
1254 726
1254 742
1254 768
1254 773
1254 779
1254 780
1254 789
1254 802
1254 837
1254 843
1254 850
1254 854
1254 859
1254 887
1254 896
1254 901
1254 907
1254 918
1254 924
1254 932
1254 949
1254 951
1254 960
1254 965
1254 972
1254 977
1254 981
1254 994
1254 998
1254 1031
1254 1039
1254 1053
1254 1058
1254 1062
1254 1088
1254 1093
1254 1106
1254 1110
1254 1116
1254 1120
1254 1122
1254 1126
1254 1132
1254 1162
1254 1163
1254 1170
1254 1173
1254 1174
1254 1180
1254 1186
1254 1190
1254 1216
1254 1221
1254 1246
1254 1248
1254 1250
1255 281
1255 807
1255 1063
1255 1127
1255 1191
1256 1064
1256 1128
1256 1192
1257 67
1257 642
1257 1065
1257 1129
1257 1193
1258 188
1258 755
1258 1066
1258 1130
1258 1194
1259 1067
1259 1131
1259 1195
1260 133
1260 279
1260 973
1260 1068
1260 1132
1260 1196
1261 1069
1261 1133
1261 1197
1262 483
1262 1070
1262 1134
1262 1198
1263 575
1263 767
1263 1071
1263 1135
1263 1199
1264 1072
1264 1087
1264 1136
1264 1200
1265 170
1265 616
1265 1073
1265 1137
1265 1201
1265 1273
1266 1074
1266 1138
1266 1202
1267 611
1267 1075
1267 1131
1267 1139
1267 1203
1267 1242
1268 5
1268 419
1268 1076
1268 1140
1268 1204
1269 26
1269 305
1269 912
1269 1077
1269 1141
1269 1172
1269 1205
1270 1078
1270 1142
1270 1206
1271 695
1271 1033
1271 1079
1271 1143
1271 1207
1272 944
1272 1080
1272 1144
1272 1208
1273 170
1273 616
1273 1081
1273 1145
1273 1209
1273 1265
1274 1082
1274 1146
1274 1210
1275 318
1275 1083
1275 1147
1275 1211
1276 1084
1276 1148
1276 1212
1277 508
1277 920
1277 1085
1277 1149
1277 1177
1277 1213
1278 1086
1278 1150
1278 1214
1278 1219
1279 1087
1279 1151
1279 1215
