0 9
0 10
0 11
0 12
0 18
0 22
0 35
0 36
0 37
0 44
0 47
0 53
0 64
0 68
0 71
0 86
0 93
0 98
0 99
0 101
0 128
0 132
0 137
0 139
0 143
0 150
0 157
0 162
0 163
0 164
0 165
0 192
0 193
0 196
0 202
0 203
0 205
0 214
0 219
0 224
0 225
0 227
0 229
0 239
0 245
0 258
0 263
0 267
0 268
0 283
0 284
0 288
0 289
0 291
0 292
0 293
0 311
0 320
0 324
0 327
0 331
0 333
0 342
0 347
0 348
0 350
0 352
0 353
0 354
0 356
0 357
0 358
0 367
0 391
0 395
0 397
0 406
0 411
0 413
0 417
0 419
0 420
0 421
0 422
0 428
0 437
0 448
0 452
0 455
0 459
0 470
0 475
0 482
0 483
0 484
0 486
0 492
0 516
0 519
0 523
0 530
0 534
0 539
0 541
0 542
0 547
0 549
0 550
0 565
0 580
0 583
0 587
0 598
0 605
0 611
0 612
0 613
0 614
0 644
0 647
0 651
0 655
0 662
0 667
0 668
0 669
0 674
0 675
0 676
0 677
0 708
0 715
0 719
0 726
0 732
0 733
0 736
0 738
0 739
0 740
0 741
0 772
0 778
0 779
0 795
0 797
0 800
0 804
0 806
0 812
0 836
0 843
0 845
0 847
0 866
0 868
0 869
0 923
0 925
0 930
0 978
0 982
0 1028
0 1035
0 1053
0 1061
0 1092
0 1099
0 1110
0 1165
0 1179
0 1181
0 1196
0 1216
0 1243
0 1246
0 1250
0 1253
1 21
1 51
1 65
1 91
1 129
1 193
1 201
1 228
1 230
1 247
1 257
1 275
1 338
1 402
1 412
1 431
1 449
1 461
1 477
1 589
1 603
1 608
1 704
1 713
1 731
1 775
1 789
1 790
1 801
1 805
1 819
1 839
1 854
1 870
1 988
1 1097
1 1162
1 1170
1 1270
2 66
2 130
2 194
2 840
3 30
3 67
3 131
3 195
3 525
3 585
4 6
4 9
4 11
4 14
4 15
4 17
4 22
4 29
4 34
4 35
4 36
4 37
4 38
4 68
4 70
4 71
4 78
4 79
4 81
4 98
4 132
4 134
4 139
4 142
4 143
4 145
4 157
4 162
4 163
4 165
4 196
4 198
4 203
4 206
4 207
4 209
4 214
4 219
4 221
4 226
4 229
4 260
4 262
4 267
4 268
4 270
4 271
4 273
4 274
4 278
4 283
4 285
4 288
4 290
4 291
4 293
4 294
4 324
4 326
4 334
4 335
4 337
4 348
4 349
4 354
4 355
4 357
4 388
4 390
4 391
4 395
4 398
4 399
4 401
4 406
4 413
4 418
4 421
4 422
4 452
4 454
4 459
4 462
4 463
4 465
4 470
4 475
4 482
4 486
4 516
4 518
4 519
4 526
4 527
4 529
4 534
4 541
4 542
4 546
4 549
4 550
4 565
4 582
4 583
4 590
4 591
4 593
4 605
4 610
4 611
4 612
4 644
4 646
4 647
4 654
4 655
4 657
4 667
4 669
4 674
4 677
4 708
4 710
4 715
4 718
4 719
4 721
4 726
4 733
4 736
4 738
4 740
4 741
4 772
4 774
4 779
4 782
4 783
4 785
4 795
4 802
4 804
4 806
4 836
4 838
4 846
4 847
4 849
4 902
4 911
4 913
4 975
4 977
4 994
4 1030
4 1041
4 1094
4 1102
4 1105
4 1156
4 1159
4 1163
4 1167
4 1169
4 1174
4 1186
4 1189
4 1222
4 1231
4 1233
5 69
5 72
5 133
5 135
5 197
5 199
5 264
5 329
5 392
5 457
5 521
5 581
5 648
5 712
5 773
5 841
5 905
5 967
5 1033
5 1093
5 1157
5 1225
6 4
6 14
6 15
6 17
6 29
6 34
6 35
6 37
6 38
6 70
6 78
6 79
6 81
6 134
6 142
6 143
6 145
6 162
6 163
6 165
6 198
6 203
6 206
6 207
6 209
6 221
6 226
6 260
6 262
6 267
6 270
6 271
6 273
6 274
6 278
6 285
6 290
6 291
6 294
6 326
6 334
6 335
6 337
6 349
6 354
6 355
6 388
6 390
6 398
6 399
6 401
6 406
6 418
6 452
6 454
6 462
6 463
6 465
6 475
6 516
6 518
6 526
6 527
6 529
6 546
6 549
6 582
6 590
6 591
6 593
6 610
6 644
6 646
6 654
6 655
6 657
6 708
6 710
6 718
6 721
6 726
6 738
6 774
6 779
6 782
6 783
6 785
6 795
6 802
6 804
6 838
6 846
6 847
6 849
6 902
6 910
6 966
6 974
6 1030
6 1038
6 1094
6 1102
6 1158
6 1166
6 1169
6 1222
6 1230
7 71
7 135
7 199
7 1160
8 72
8 136
8 184
8 200
8 562
9 0
9 4
9 11
9 18
9 22
9 34
9 35
9 36
9 37
9 38
9 44
9 53
9 68
9 70
9 71
9 73
9 79
9 81
9 86
9 93
9 98
9 99
9 101
9 132
9 134
9 137
9 139
9 143
9 145
9 150
9 157
9 162
9 163
9 164
9 165
9 196
9 201
9 203
9 205
9 214
9 219
9 221
9 224
9 225
9 227
9 229
9 245
9 260
9 263
9 267
9 268
9 271
9 273
9 274
9 278
9 283
9 284
9 285
9 288
9 289
9 290
9 291
9 292
9 293
9 294
9 311
9 324
9 331
9 333
9 335
9 337
9 342
9 348
9 349
9 350
9 353
9 354
9 355
9 357
9 358
9 388
9 391
9 395
9 397
9 399
9 401
9 406
9 411
9 413
9 418
9 419
9 420
9 421
9 422
9 428
9 437
9 448
9 452
9 455
9 459
9 463
9 465
9 470
9 475
9 482
9 483
9 484
9 486
9 492
9 516
9 518
9 519
9 523
9 527
9 529
9 534
9 541
9 542
9 546
9 547
9 549
9 550
9 565
9 580
9 583
9 587
9 590
9 591
9 593
9 598
9 605
9 610
9 611
9 612
9 613
9 644
9 647
9 651
9 655
9 657
9 662
9 667
9 668
9 669
9 674
9 675
9 676
9 677
9 708
9 715
9 718
9 719
9 721
9 726
9 732
9 733
9 736
9 738
9 740
9 741
9 772
9 778
9 779
9 783
9 785
9 795
9 797
9 802
9 804
9 806
9 812
9 836
9 846
9 847
9 849
9 868
9 869
9 900
9 911
9 930
9 931
9 964
9 971
9 978
9 994
9 997
9 998
9 1039
9 1041
9 1103
9 1122
9 1124
9 1156
9 1159
9 1185
9 1189
9 1220
9 1223
9 1231
9 1238
9 1243
10 0
10 12
10 18
10 22
10 44
10 47
10 51
10 53
10 68
10 74
10 86
10 91
10 93
10 99
10 101
10 132
10 137
10 138
10 139
10 150
10 164
10 192
10 193
10 202
10 205
10 214
10 219
10 224
10 225
10 227
10 228
10 239
10 245
10 258
10 263
10 275
10 284
10 288
10 289
10 292
10 311
10 320
10 327
10 331
10 333
10 338
10 342
10 347
10 350
10 352
10 353
10 356
10 358
10 367
10 391
10 397
10 402
10 411
10 412
10 417
10 419
10 420
10 428
10 431
10 437
10 448
10 455
10 461
10 470
10 482
10 483
10 484
10 492
10 523
10 530
10 539
10 547
10 565
10 580
10 587
10 598
10 603
10 611
10 613
10 614
10 651
10 662
10 668
10 675
10 676
10 677
10 713
10 731
10 732
10 733
10 736
10 739
10 741
10 775
10 778
10 797
10 800
10 805
10 806
10 812
10 836
10 839
10 843
10 845
10 854
10 866
10 868
10 869
10 870
10 903
10 907
10 949
10 969
10 995
10 1053
10 1181
10 1188
10 1227
11 0
11 4
11 9
11 15
11 18
11 22
11 29
11 34
11 35
11 36
11 37
11 38
11 44
11 53
11 68
11 70
11 71
11 75
11 79
11 81
11 86
11 93
11 98
11 99
11 132
11 134
11 139
11 142
11 143
11 145
11 150
11 157
11 162
11 163
11 165
11 196
11 203
11 205
11 207
11 209
11 214
11 219
11 221
11 225
11 226
11 227
11 229
11 260
11 263
11 267
11 268
11 271
11 273
11 274
11 278
11 283
11 284
11 285
11 288
11 289
11 290
11 291
11 292
11 293
11 294
11 311
11 324
11 331
11 335
11 337
11 348
11 349
11 350
11 353
11 354
11 355
11 357
11 358
11 388
11 390
11 391
11 395
11 397
11 399
11 401
11 406
11 411
11 413
11 418
11 419
11 420
11 421
11 422
11 428
11 437
11 448
11 452
11 454
11 459
11 463
11 465
11 470
11 475
11 482
11 483
11 484
11 486
11 492
11 516
11 518
11 519
11 523
11 527
11 529
11 534
11 541
11 542
11 546
11 547
11 549
11 550
11 565
11 580
11 582
11 583
11 587
11 590
11 591
11 593
11 598
11 605
11 610
11 611
11 612
11 613
11 644
11 646
11 647
11 651
11 655
11 657
11 667
11 669
11 674
11 675
11 676
11 677
11 708
11 710
11 715
11 718
11 719
11 721
11 726
11 732
11 733
11 736
11 738
11 740
11 741
11 772
11 778
11 779
11 783
11 785
11 795
11 797
11 802
11 804
11 806
11 836
11 838
11 846
11 847
11 849
11 868
11 869
11 900
11 911
11 931
11 964
11 971
11 994
11 997
11 998
11 1039
11 1041
11 1103
11 1105
11 1122
11 1124
11 1156
11 1159
11 1163
11 1167
11 1174
11 1185
11 1189
11 1220
11 1223
11 1231
11 1238
12 0
12 10
12 18
12 22
12 36
12 44
12 47
12 51
12 53
12 68
12 76
12 86
12 93
12 99
12 101
12 132
12 137
12 139
12 140
12 150
12 164
12 192
12 193
12 202
12 204
12 205
12 214
12 219
12 224
12 225
12 227
12 228
12 229
12 239
12 245
12 258
12 263
12 268
12 275
12 283
12 284
12 288
12 289
12 292
12 311
12 320
12 327
12 331
12 333
12 338
12 342
12 347
12 350
12 352
12 353
12 356
12 358
12 367
12 391
12 397
12 402
12 411
12 412
12 417
12 419
12 420
12 428
12 437
12 448
12 455
12 461
12 470
12 482
12 483
12 484
12 492
12 523
12 530
12 539
12 541
12 542
12 547
12 565
12 580
12 583
12 587
12 598
12 603
12 611
12 613
12 614
12 647
12 651
12 662
12 668
12 674
12 675
12 676
12 677
12 732
12 733
12 736
12 739
12 741
12 775
12 778
12 797
12 800
12 805
12 806
12 812
12 836
12 839
12 843
12 845
12 854
12 866
12 868
12 869
12 870
12 903
12 907
12 923
12 949
12 969
12 995
12 1053
12 1165
12 1179
12 1181
12 1188
12 1227
13 77
13 141
13 205
13 586
14 4
14 6
14 15
14 17
14 29
14 34
14 38
14 70
14 78
14 134
14 142
14 145
14 198
14 206
14 207
14 209
14 221
14 226
14 260
14 262
14 270
14 271
14 273
14 290
14 294
14 326
14 334
14 335
14 337
14 349
14 390
14 398
14 399
14 401
14 454
14 462
14 463
14 465
14 518
14 526
14 527
14 529
14 546
14 582
14 590
14 593
14 646
14 654
14 657
14 710
14 718
14 721
14 774
14 782
14 783
14 785
14 802
14 838
14 846
14 849
14 974
14 1230
15 4
15 6
15 11
15 14
15 17
15 29
15 34
15 35
15 37
15 38
15 70
15 78
15 79
15 81
15 98
15 134
15 142
15 143
15 145
15 162
15 163
15 165
15 196
15 198
15 203
15 206
15 207
15 209
15 221
15 226
15 260
15 262
15 267
15 270
15 271
15 273
15 274
15 278
15 285
15 290
15 291
15 293
15 294
15 326
15 334
15 335
15 337
15 349
15 354
15 355
15 357
15 388
15 390
15 398
15 399
15 401
15 406
15 418
15 452
15 454
15 462
15 463
15 465
15 475
15 486
15 516
15 518
15 526
15 527
15 529
15 546
15 549
15 550
15 582
15 590
15 591
15 593
15 605
15 610
15 612
15 644
15 646
15 654
15 655
15 657
15 669
15 708
15 710
15 715
15 718
15 719
15 721
15 726
15 738
15 740
15 772
15 774
15 779
15 782
15 783
15 785
15 795
15 802
15 804
15 838
15 846
15 847
15 849
15 902
15 910
15 966
15 974
15 975
15 1030
15 1038
15 1094
15 1102
15 1158
15 1166
15 1169
15 1222
15 1230
16 80
16 144
16 208
16 1128
17 4
17 6
17 14
17 15
17 29
17 34
17 35
17 37
17 38
17 70
17 78
17 79
17 81
17 134
17 142
17 145
17 198
17 206
17 207
17 209
17 221
17 226
17 260
17 262
17 270
17 271
17 273
17 274
17 278
17 285
17 290
17 294
17 326
17 334
17 335
17 337
17 349
17 355
17 388
17 390
17 398
17 399
17 401
17 406
17 418
17 454
17 462
17 463
17 465
17 518
17 526
17 527
17 529
17 546
17 582
17 590
17 591
17 593
17 610
17 644
17 646
17 654
17 657
17 708
17 710
17 718
17 721
17 774
17 782
17 783
17 785
17 802
17 804
17 838
17 846
17 849
17 910
17 966
17 974
17 1038
17 1158
17 1166
17 1230
18 0
18 9
18 10
18 11
18 12
18 22
18 36
18 44
18 47
18 53
18 68
18 71
18 82
18 86
18 93
18 98
18 99
18 101
18 132
18 137
18 139
18 143
18 146
18 150
18 157
18 163
18 164
18 165
18 192
18 193
18 196
18 202
18 203
18 205
18 210
18 214
18 219
18 224
18 225
18 227
18 228
18 229
18 239
18 245
18 258
18 263
18 267
18 268
18 275
18 283
18 284
18 288
18 289
18 292
18 293
18 311
18 320
18 324
18 327
18 331
18 333
18 342
18 347
18 348
18 350
18 352
18 353
18 354
18 356
18 357
18 358
18 367
18 391
18 395
18 397
18 411
18 413
18 417
18 419
18 420
18 421
18 422
18 428
18 437
18 448
18 455
18 459
18 470
18 475
18 482
18 483
18 484
18 486
18 492
18 519
18 523
18 530
18 534
18 539
18 541
18 542
18 547
18 549
18 550
18 565
18 580
18 583
18 587
18 598
18 605
18 611
18 612
18 613
18 614
18 647
18 651
18 662
18 667
18 668
18 669
18 674
18 675
18 676
18 677
18 715
18 719
18 726
18 732
18 733
18 736
18 739
18 740
18 741
18 772
18 778
18 779
18 795
18 797
18 800
18 806
18 812
18 836
18 843
18 845
18 847
18 854
18 866
18 868
18 869
18 903
18 923
18 925
18 930
18 978
18 982
18 1028
18 1035
18 1053
18 1061
18 1092
18 1099
18 1110
18 1165
18 1179
18 1181
18 1196
18 1216
18 1246
18 1250
18 1253
19 83
19 147
19 211
20 24
20 84
20 148
20 151
20 212
21 1
21 51
21 85
21 91
21 149
21 201
21 202
21 213
21 228
21 230
21 247
21 257
21 275
21 338
21 347
21 356
21 402
21 412
21 431
21 449
21 461
21 477
21 539
21 589
21 603
21 608
21 713
21 731
21 775
21 789
21 790
21 801
21 805
21 819
21 839
21 845
21 854
21 870
21 918
21 988
21 1097
21 1162
21 1170
21 1254
21 1270
22 0
22 4
22 9
22 10
22 11
22 12
22 18
22 35
22 36
22 37
22 38
22 44
22 47
22 53
22 68
22 70
22 71
22 79
22 81
22 86
22 93
22 98
22 99
22 101
22 132
22 137
22 139
22 143
22 145
22 150
22 157
22 162
22 163
22 164
22 165
22 192
22 193
22 196
22 203
22 205
22 214
22 219
22 221
22 224
22 225
22 227
22 229
22 245
22 263
22 267
22 268
22 274
22 278
22 283
22 284
22 285
22 288
22 289
22 291
22 292
22 293
22 294
22 311
22 320
22 324
22 327
22 331
22 333
22 335
22 342
22 348
22 349
22 350
22 352
22 353
22 354
22 355
22 357
22 358
22 388
22 391
22 395
22 397
22 399
22 401
22 406
22 411
22 413
22 417
22 418
22 419
22 420
22 421
22 422
22 428
22 437
22 448
22 452
22 455
22 459
22 470
22 475
22 482
22 483
22 484
22 486
22 492
22 516
22 518
22 519
22 523
22 527
22 530
22 534
22 541
22 542
22 546
22 547
22 549
22 550
22 565
22 580
22 583
22 587
22 591
22 593
22 598
22 605
22 610
22 611
22 612
22 613
22 644
22 647
22 651
22 655
22 657
22 662
22 667
22 668
22 669
22 674
22 675
22 676
22 677
22 708
22 715
22 719
22 721
22 726
22 732
22 733
22 736
22 738
22 739
22 740
22 741
22 772
22 778
22 779
22 783
22 795
22 797
22 802
22 804
22 806
22 812
22 836
22 843
22 847
22 849
22 866
22 868
22 869
22 900
22 925
22 930
22 931
22 964
22 971
22 978
22 982
22 997
22 998
22 1028
22 1039
22 1103
22 1122
22 1124
22 1185
22 1196
22 1220
22 1223
22 1238
22 1243
22 1250
22 1253
23 87
23 151
23 215
23 981
23 1173
24 20
24 88
24 151
24 152
24 216
25 89
25 153
25 217
26 90
26 154
26 218
26 489
26 620
26 771
26 1197
26 1257
27 91
27 155
27 219
28 92
28 156
28 220
29 4
29 6
29 11
29 14
29 15
29 17
29 34
29 35
29 37
29 38
29 70
29 78
29 79
29 81
29 93
29 98
29 134
29 142
29 143
29 145
29 157
29 162
29 163
29 165
29 196
29 198
29 203
29 206
29 207
29 209
29 221
29 226
29 260
29 262
29 267
29 270
29 271
29 273
29 274
29 278
29 285
29 290
29 291
29 293
29 294
29 326
29 334
29 335
29 337
29 349
29 354
29 355
29 357
29 388
29 390
29 398
29 399
29 401
29 406
29 418
29 452
29 454
29 462
29 463
29 465
29 475
29 516
29 518
29 526
29 527
29 529
29 546
29 549
29 550
29 582
29 590
29 591
29 593
29 605
29 610
29 612
29 644
29 646
29 654
29 655
29 657
29 669
29 708
29 710
29 715
29 718
29 719
29 721
29 726
29 738
29 740
29 772
29 774
29 779
29 782
29 783
29 785
29 795
29 802
29 804
29 838
29 846
29 847
29 849
29 902
29 910
29 966
29 974
29 1030
29 1038
29 1094
29 1102
29 1158
29 1166
29 1169
29 1222
29 1230
30 3
30 94
30 158
30 222
30 525
30 585
31 95
31 159
31 223
31 1101
31 1202
32 96
32 160
32 224
33 96
33 97
33 161
33 225
34 4
34 6
34 9
34 11
34 14
34 15
34 17
34 29
34 35
34 37
34 38
34 70
34 71
34 78
34 79
34 81
34 98
34 134
34 142
34 143
34 145
34 157
34 162
34 163
34 165
34 196
34 198
34 203
34 206
34 207
34 209
34 221
34 226
34 260
34 262
34 267
34 270
34 271
34 273
34 274
34 278
34 285
34 290
34 291
34 293
34 294
34 324
34 326
34 334
34 335
34 337
34 348
34 349
34 354
34 355
34 357
34 388
34 390
34 395
34 398
34 399
34 401
34 406
34 413
34 418
34 421
34 422
34 452
34 454
34 459
34 462
34 463
34 465
34 475
34 486
34 516
34 518
34 519
34 526
34 527
34 529
34 534
34 546
34 549
34 550
34 582
34 590
34 591
34 593
34 605
34 610
34 612
34 644
34 646
34 654
34 655
34 657
34 667
34 669
34 708
34 710
34 715
34 718
34 719
34 721
34 726
34 738
34 740
34 772
34 774
34 779
34 782
34 783
34 785
34 795
34 802
34 804
34 838
34 846
34 847
34 849
34 902
34 910
34 913
34 966
34 974
34 975
34 977
34 1030
34 1038
34 1094
34 1102
34 1158
34 1166
34 1169
34 1186
34 1222
34 1230
34 1233
35 0
35 4
35 6
35 9
35 11
35 15
35 17
35 22
35 29
35 34
35 36
35 37
35 38
35 44
35 53
35 68
35 70
35 71
35 78
35 79
35 81
35 93
35 98
35 99
35 132
35 134
35 139
35 142
35 143
35 145
35 150
35 157
35 162
35 163
35 165
35 196
35 198
35 203
35 207
35 209
35 214
35 219
35 221
35 226
35 227
35 229
35 260
35 262
35 263
35 267
35 268
35 271
35 273
35 274
35 278
35 283
35 285
35 288
35 290
35 291
35 293
35 294
35 311
35 324
35 326
35 335
35 337
35 348
35 349
35 350
35 353
35 354
35 355
35 357
35 358
35 388
35 390
35 391
35 395
35 397
35 398
35 399
35 401
35 406
35 411
35 413
35 418
35 420
35 421
35 422
35 437
35 448
35 452
35 454
35 459
35 462
35 463
35 465
35 470
35 475
35 482
35 483
35 484
35 486
35 516
35 518
35 519
35 523
35 527
35 529
35 534
35 541
35 542
35 546
35 547
35 549
35 550
35 565
35 580
35 582
35 583
35 590
35 591
35 593
35 605
35 610
35 611
35 612
35 613
35 644
35 646
35 647
35 651
35 654
35 655
35 657
35 667
35 669
35 674
35 676
35 677
35 708
35 710
35 715
35 718
35 719
35 721
35 726
35 732
35 733
35 736
35 738
35 740
35 741
35 772
35 774
35 778
35 779
35 783
35 785
35 795
35 797
35 802
35 804
35 806
35 836
35 838
35 846
35 847
35 849
35 868
35 911
35 913
35 931
35 971
35 975
35 977
35 994
35 998
35 1041
35 1105
35 1124
35 1156
35 1159
35 1163
35 1167
35 1174
35 1186
35 1189
35 1223
35 1231
35 1233
36 0
36 4
36 9
36 11
36 12
36 18
36 22
36 35
36 37
36 38
36 44
36 47
36 53
36 68
36 70
36 71
36 79
36 81
36 86
36 93
36 98
36 99
36 100
36 101
36 132
36 139
36 143
36 145
36 150
36 157
36 162
36 163
36 164
36 165
36 192
36 193
36 196
36 203
36 205
36 214
36 219
36 221
36 224
36 225
36 227
36 228
36 229
36 245
36 260
36 263
36 267
36 268
36 274
36 278
36 283
36 284
36 285
36 288
36 289
36 290
36 291
36 292
36 293
36 294
36 311
36 320
36 324
36 331
36 333
36 335
36 342
36 348
36 349
36 350
36 353
36 354
36 355
36 357
36 358
36 388
36 391
36 395
36 397
36 399
36 401
36 406
36 411
36 413
36 418
36 419
36 420
36 421
36 422
36 428
36 437
36 448
36 452
36 455
36 459
36 470
36 475
36 482
36 483
36 484
36 486
36 492
36 516
36 518
36 519
36 523
36 527
36 530
36 534
36 541
36 542
36 546
36 547
36 549
36 550
36 565
36 580
36 583
36 587
36 591
36 593
36 598
36 605
36 610
36 611
36 612
36 613
36 644
36 647
36 651
36 655
36 657
36 662
36 667
36 668
36 669
36 674
36 675
36 676
36 677
36 708
36 715
36 719
36 721
36 726
36 732
36 733
36 736
36 738
36 740
36 741
36 772
36 778
36 779
36 783
36 795
36 797
36 802
36 804
36 806
36 812
36 836
36 843
36 847
36 849
36 868
36 869
36 900
36 930
36 931
36 964
36 971
36 978
36 982
36 997
36 998
36 1028
36 1039
36 1103
36 1122
36 1124
36 1185
36 1220
36 1223
36 1238
36 1243
36 1253
37 0
37 4
37 6
37 9
37 11
37 15
37 17
37 22
37 29
37 34
37 35
37 36
37 38
37 44
37 53
37 68
37 70
37 71
37 78
37 79
37 81
37 93
37 98
37 101
37 132
37 134
37 139
37 142
37 143
37 145
37 150
37 157
37 162
37 163
37 165
37 196
37 198
37 203
37 207
37 209
37 214
37 219
37 221
37 226
37 227
37 229
37 260
37 262
37 263
37 267
37 268
37 271
37 273
37 274
37 278
37 283
37 285
37 288
37 290
37 291
37 293
37 294
37 311
37 324
37 326
37 335
37 337
37 348
37 349
37 350
37 353
37 354
37 355
37 357
37 358
37 388
37 390
37 391
37 395
37 397
37 398
37 399
37 401
37 406
37 411
37 413
37 418
37 420
37 421
37 422
37 437
37 448
37 452
37 454
37 459
37 462
37 463
37 465
37 470
37 475
37 482
37 483
37 484
37 486
37 516
37 518
37 519
37 523
37 527
37 529
37 534
37 541
37 542
37 546
37 547
37 549
37 550
37 565
37 580
37 582
37 583
37 590
37 591
37 593
37 605
37 610
37 611
37 612
37 613
37 644
37 646
37 647
37 651
37 654
37 655
37 657
37 667
37 669
37 674
37 676
37 677
37 708
37 710
37 715
37 718
37 719
37 721
37 726
37 732
37 733
37 736
37 738
37 740
37 741
37 772
37 774
37 778
37 779
37 783
37 785
37 795
37 797
37 802
37 804
37 806
37 836
37 838
37 846
37 847
37 849
37 868
37 911
37 913
37 931
37 971
37 975
37 977
37 994
37 998
37 1041
37 1105
37 1124
37 1156
37 1159
37 1163
37 1167
37 1174
37 1186
37 1189
37 1223
37 1231
37 1233
38 4
38 6
38 9
38 11
38 14
38 15
38 17
38 22
38 29
38 34
38 35
38 36
38 37
38 70
38 71
38 78
38 79
38 81
38 98
38 102
38 132
38 134
38 139
38 142
38 143
38 145
38 157
38 162
38 163
38 165
38 166
38 196
38 198
38 203
38 206
38 207
38 209
38 214
38 219
38 221
38 226
38 229
38 230
38 260
38 262
38 267
38 268
38 270
38 271
38 273
38 274
38 278
38 283
38 285
38 288
38 290
38 291
38 293
38 294
38 324
38 326
38 334
38 335
38 337
38 348
38 349
38 354
38 355
38 357
38 388
38 390
38 391
38 395
38 398
38 399
38 401
38 406
38 413
38 418
38 421
38 422
38 452
38 454
38 459
38 462
38 463
38 465
38 470
38 475
38 482
38 486
38 516
38 518
38 519
38 526
38 527
38 529
38 534
38 541
38 542
38 546
38 549
38 550
38 565
38 582
38 583
38 590
38 591
38 593
38 605
38 610
38 611
38 612
38 644
38 646
38 647
38 654
38 655
38 657
38 667
38 669
38 674
38 677
38 708
38 710
38 715
38 718
38 719
38 721
38 726
38 733
38 736
38 738
38 740
38 741
38 772
38 774
38 779
38 782
38 783
38 785
38 795
38 802
38 804
38 838
38 846
38 847
38 849
38 902
38 911
38 913
38 975
38 977
38 994
38 1030
38 1041
38 1094
38 1102
38 1105
38 1156
38 1159
38 1163
38 1167
38 1169
38 1174
38 1186
38 1189
38 1222
38 1231
38 1233
39 103
39 167
39 231
39 1245
40 104
40 168
40 177
40 232
40 852
41 54
41 105
41 169
41 233
41 814
41 1213
42 106
42 170
42 234
42 699
43 107
43 171
43 235
44 0
44 9
44 10
44 11
44 12
44 18
44 22
44 35
44 36
44 37
44 47
44 53
44 68
44 71
44 86
44 93
44 98
44 99
44 101
44 108
44 132
44 137
44 139
44 143
44 150
44 157
44 162
44 163
44 164
44 165
44 172
44 192
44 193
44 196
44 202
44 203
44 205
44 214
44 219
44 224
44 225
44 227
44 229
44 236
44 239
44 245
44 258
44 263
44 267
44 268
44 275
44 283
44 284
44 288
44 289
44 291
44 292
44 293
44 311
44 320
44 324
44 327
44 331
44 333
44 342
44 347
44 348
44 350
44 352
44 353
44 354
44 356
44 357
44 358
44 367
44 391
44 395
44 397
44 406
44 411
44 413
44 417
44 419
44 420
44 421
44 422
44 428
44 437
44 448
44 452
44 455
44 459
44 470
44 475
44 482
44 483
44 484
44 486
44 492
44 516
44 519
44 523
44 530
44 534
44 539
44 541
44 542
44 547
44 549
44 550
44 565
44 580
44 583
44 587
44 598
44 605
44 611
44 612
44 613
44 614
44 644
44 647
44 651
44 655
44 662
44 667
44 668
44 669
44 674
44 675
44 676
44 677
44 715
44 719
44 726
44 732
44 733
44 736
44 738
44 739
44 740
44 741
44 772
44 778
44 779
44 795
44 797
44 800
44 806
44 812
44 836
44 843
44 845
44 847
44 866
44 868
44 869
44 923
44 925
44 930
44 978
44 982
44 1028
44 1035
44 1053
44 1061
44 1092
44 1099
44 1110
44 1165
44 1179
44 1181
44 1196
44 1216
44 1243
44 1246
44 1250
44 1253
45 109
45 173
45 237
45 1152
46 110
46 174
46 238
47 0
47 10
47 12
47 18
47 22
47 36
47 44
47 51
47 53
47 68
47 86
47 93
47 99
47 101
47 111
47 132
47 137
47 139
47 150
47 164
47 175
47 192
47 193
47 202
47 205
47 214
47 219
47 224
47 225
47 227
47 228
47 229
47 239
47 245
47 258
47 263
47 268
47 275
47 283
47 284
47 288
47 289
47 292
47 311
47 320
47 327
47 331
47 333
47 338
47 342
47 347
47 350
47 352
47 353
47 356
47 358
47 367
47 391
47 397
47 402
47 411
47 412
47 417
47 419
47 420
47 428
47 437
47 448
47 455
47 461
47 470
47 482
47 483
47 484
47 492
47 523
47 530
47 539
47 541
47 542
47 547
47 565
47 580
47 583
47 587
47 598
47 603
47 611
47 613
47 614
47 647
47 651
47 662
47 668
47 674
47 675
47 676
47 677
47 732
47 733
47 736
47 739
47 741
47 775
47 778
47 797
47 800
47 805
47 806
47 812
47 836
47 839
47 843
47 845
47 854
47 866
47 868
47 869
47 870
47 903
47 907
47 923
47 949
47 969
47 995
47 1053
47 1165
47 1179
47 1181
47 1188
47 1227
48 112
48 176
48 240
48 315
49 113
49 177
49 241
50 114
50 178
50 242
50 559
51 1
51 10
51 12
51 21
51 47
51 91
51 101
51 115
51 137
51 164
51 179
51 192
51 193
51 201
51 202
51 224
51 228
51 230
51 239
51 243
51 247
51 258
51 275
51 320
51 327
51 338
51 342
51 347
51 352
51 356
51 367
51 402
51 412
51 417
51 431
51 449
51 455
51 461
51 477
51 530
51 539
51 589
51 603
51 608
51 614
51 668
51 713
51 731
51 739
51 775
51 789
51 790
51 800
51 805
51 819
51 839
51 843
51 845
51 854
51 866
51 870
51 918
51 928
51 989
51 1031
51 1059
51 1097
51 1190
51 1206
51 1249
51 1252
51 1254
52 116
52 180
52 244
52 366
52 1010
52 1121
53 0
53 9
53 10
53 11
53 12
53 18
53 22
53 35
53 36
53 37
53 44
53 47
53 68
53 71
53 79
53 81
53 86
53 93
53 98
53 99
53 101
53 117
53 132
53 137
53 139
53 143
53 150
53 157
53 162
53 163
53 164
53 165
53 181
53 192
53 193
53 196
53 203
53 205
53 214
53 219
53 224
53 225
53 227
53 229
53 239
53 245
53 258
53 263
53 267
53 268
53 274
53 278
53 283
53 284
53 285
53 288
53 289
53 291
53 292
53 293
53 311
53 320
53 324
53 327
53 331
53 333
53 342
53 347
53 348
53 350
53 352
53 353
53 354
53 355
53 356
53 357
53 358
53 367
53 388
53 391
53 395
53 397
53 406
53 411
53 413
53 417
53 419
53 420
53 421
53 422
53 428
53 437
53 448
53 452
53 455
53 459
53 470
53 475
53 482
53 483
53 484
53 486
53 492
53 516
53 519
53 523
53 530
53 534
53 539
53 541
53 542
53 547
53 549
53 550
53 565
53 580
53 583
53 587
53 591
53 598
53 605
53 610
53 611
53 612
53 613
53 614
53 644
53 647
53 651
53 655
53 662
53 667
53 668
53 669
53 674
53 675
53 676
53 677
53 708
53 715
53 719
53 726
53 732
53 733
53 736
53 738
53 739
53 740
53 741
53 772
53 778
53 779
53 795
53 797
53 800
53 804
53 806
53 812
53 836
53 843
53 847
53 866
53 868
53 869
53 900
53 923
53 925
53 930
53 978
53 982
53 1028
53 1035
53 1061
53 1092
53 1099
53 1103
53 1110
53 1122
53 1165
53 1179
53 1181
53 1196
53 1216
53 1238
53 1243
53 1246
53 1250
53 1253
54 41
54 118
54 182
54 233
54 246
54 814
54 1213
55 119
55 183
55 247
55 1126
56 120
56 184
56 244
56 248
56 558
57 121
57 185
57 249
57 749
57 855
58 122
58 186
58 250
58 552
58 682
59 123
59 187
59 251
59 464
59 1077
60 124
60 188
60 252
60 346
61 90
61 125
61 189
61 253
61 941
62 126
62 190
62 254
62 788
63 127
63 191
63 255
63 381
64 0
64 128
64 192
64 256
65 1
65 129
65 193
65 257
66 2
66 130
66 194
66 258
66 1207
67 3
67 131
67 195
67 259
67 432
68 0
68 4
68 9
68 10
68 11
68 12
68 18
68 22
68 35
68 36
68 37
68 44
68 47
68 53
68 71
68 79
68 81
68 86
68 93
68 98
68 99
68 101
68 132
68 137
68 139
68 143
68 150
68 157
68 162
68 163
68 164
68 165
68 192
68 193
68 196
68 203
68 205
68 214
68 219
68 224
68 225
68 227
68 229
68 239
68 245
68 258
68 260
68 263
68 267
68 268
68 274
68 278
68 283
68 284
68 285
68 288
68 289
68 291
68 292
68 293
68 311
68 320
68 324
68 327
68 331
68 333
68 342
68 348
68 350
68 352
68 353
68 354
68 355
68 356
68 357
68 358
68 367
68 388
68 391
68 395
68 397
68 406
68 411
68 413
68 417
68 418
68 419
68 420
68 421
68 422
68 428
68 437
68 448
68 452
68 455
68 459
68 470
68 475
68 482
68 483
68 484
68 486
68 492
68 516
68 519
68 523
68 530
68 534
68 541
68 542
68 546
68 547
68 549
68 550
68 565
68 580
68 583
68 587
68 591
68 598
68 605
68 610
68 611
68 612
68 613
68 614
68 644
68 647
68 651
68 655
68 662
68 667
68 668
68 669
68 674
68 675
68 676
68 677
68 708
68 715
68 719
68 726
68 732
68 733
68 736
68 738
68 739
68 740
68 741
68 772
68 778
68 779
68 795
68 797
68 800
68 802
68 804
68 806
68 812
68 836
68 843
68 847
68 866
68 868
68 869
68 900
68 903
68 907
68 911
68 913
68 923
68 925
68 930
68 931
68 964
68 978
68 982
68 997
68 1028
68 1035
68 1061
68 1092
68 1099
68 1103
68 1110
68 1122
68 1165
68 1179
68 1196
68 1216
68 1238
68 1243
68 1246
68 1250
68 1253
69 5
69 133
69 197
69 261
70 4
70 6
70 9
70 11
70 14
70 15
70 17
70 22
70 29
70 34
70 35
70 36
70 37
70 38
70 71
70 78
70 79
70 81
70 98
70 132
70 134
70 139
70 142
70 143
70 145
70 157
70 162
70 163
70 165
70 196
70 198
70 203
70 206
70 207
70 209
70 214
70 219
70 221
70 226
70 229
70 260
70 262
70 267
70 268
70 270
70 271
70 273
70 274
70 278
70 283
70 285
70 288
70 290
70 291
70 293
70 294
70 324
70 326
70 334
70 335
70 337
70 348
70 349
70 354
70 355
70 357
70 388
70 390
70 391
70 395
70 398
70 399
70 401
70 406
70 413
70 418
70 421
70 422
70 452
70 454
70 459
70 462
70 463
70 465
70 475
70 482
70 486
70 516
70 518
70 519
70 526
70 527
70 529
70 534
70 541
70 542
70 546
70 549
70 550
70 565
70 582
70 583
70 590
70 591
70 593
70 605
70 610
70 611
70 612
70 644
70 646
70 647
70 654
70 655
70 657
70 667
70 669
70 674
70 708
70 710
70 715
70 718
70 719
70 721
70 726
70 736
70 738
70 740
70 741
70 772
70 774
70 779
70 782
70 783
70 785
70 795
70 802
70 804
70 838
70 846
70 847
70 849
70 900
70 902
70 910
70 911
70 913
70 931
70 975
70 977
70 1030
70 1041
70 1094
70 1102
70 1105
70 1159
70 1163
70 1167
70 1169
70 1174
70 1186
70 1189
70 1222
70 1231
70 1233
71 0
71 4
71 7
71 9
71 11
71 18
71 22
71 34
71 35
71 36
71 37
71 38
71 44
71 53
71 68
71 70
71 79
71 81
71 86
71 93
71 98
71 99
71 101
71 132
71 134
71 135
71 139
71 143
71 145
71 150
71 157
71 162
71 163
71 164
71 165
71 196
71 199
71 203
71 205
71 214
71 219
71 221
71 224
71 225
71 227
71 229
71 245
71 260
71 263
71 267
71 268
71 271
71 273
71 274
71 278
71 283
71 284
71 285
71 288
71 289
71 290
71 291
71 292
71 293
71 294
71 311
71 324
71 331
71 333
71 335
71 337
71 342
71 348
71 349
71 350
71 353
71 354
71 355
71 357
71 358
71 388
71 391
71 395
71 397
71 399
71 401
71 406
71 411
71 413
71 418
71 419
71 420
71 421
71 422
71 428
71 437
71 448
71 452
71 455
71 459
71 463
71 465
71 470
71 475
71 482
71 483
71 484
71 486
71 492
71 516
71 518
71 519
71 523
71 527
71 529
71 534
71 541
71 542
71 546
71 547
71 549
71 550
71 565
71 580
71 583
71 587
71 590
71 591
71 593
71 598
71 605
71 610
71 611
71 612
71 613
71 644
71 647
71 651
71 655
71 657
71 662
71 667
71 668
71 669
71 674
71 675
71 676
71 677
71 708
71 715
71 718
71 719
71 721
71 726
71 732
71 733
71 736
71 738
71 740
71 741
71 772
71 778
71 779
71 783
71 785
71 795
71 797
71 802
71 804
71 806
71 812
71 836
71 846
71 847
71 849
71 868
71 869
71 900
71 902
71 903
71 911
71 913
71 923
71 925
71 930
71 931
71 964
71 971
71 978
71 994
71 997
71 998
71 1039
71 1041
71 1103
71 1122
71 1124
71 1156
71 1159
71 1185
71 1189
71 1220
71 1223
71 1231
71 1238
71 1243
72 5
72 8
72 135
72 136
72 199
72 200
72 264
72 329
72 392
72 457
72 521
72 581
72 648
72 712
72 773
72 841
72 905
72 967
72 1033
72 1093
72 1157
72 1225
73 9
73 137
73 201
73 265
74 10
74 138
74 202
74 266
74 642
75 11
75 82
75 139
75 167
75 203
75 267
76 12
76 140
76 204
76 268
77 13
77 141
77 170
77 205
77 269
78 4
78 6
78 14
78 15
78 17
78 29
78 34
78 35
78 37
78 38
78 70
78 79
78 81
78 134
78 142
78 143
78 145
78 162
78 163
78 165
78 198
78 206
78 207
78 209
78 221
78 226
78 260
78 262
78 270
78 271
78 273
78 274
78 278
78 285
78 290
78 291
78 294
78 326
78 334
78 335
78 337
78 349
78 355
78 388
78 390
78 398
78 399
78 401
78 406
78 418
78 452
78 454
78 462
78 463
78 465
78 475
78 516
78 518
78 526
78 527
78 529
78 546
78 549
78 582
78 590
78 591
78 593
78 610
78 644
78 646
78 654
78 655
78 657
78 708
78 710
78 718
78 721
78 726
78 738
78 774
78 779
78 782
78 783
78 785
78 802
78 804
78 838
78 846
78 849
78 902
78 910
78 911
78 913
78 966
78 974
78 1030
78 1038
78 1094
78 1102
78 1158
78 1166
78 1169
78 1222
78 1230
79 4
79 6
79 9
79 11
79 15
79 17
79 22
79 29
79 34
79 35
79 36
79 37
79 38
79 53
79 68
79 70
79 71
79 78
79 81
79 93
79 98
79 132
79 134
79 139
79 142
79 143
79 145
79 150
79 157
79 162
79 163
79 165
79 196
79 198
79 203
79 206
79 207
79 209
79 214
79 219
79 221
79 226
79 229
79 260
79 262
79 263
79 267
79 268
79 271
79 273
79 274
79 278
79 283
79 285
79 288
79 290
79 291
79 293
79 294
79 324
79 326
79 334
79 335
79 337
79 348
79 349
79 350
79 354
79 355
79 357
79 388
79 390
79 391
79 395
79 398
79 399
79 401
79 406
79 411
79 413
79 418
79 420
79 421
79 422
79 437
79 448
79 452
79 454
79 459
79 462
79 463
79 465
79 470
79 475
79 482
79 484
79 486
79 516
79 518
79 519
79 523
79 527
79 529
79 534
79 541
79 542
79 546
79 549
79 550
79 565
79 580
79 582
79 583
79 590
79 591
79 593
79 605
79 610
79 611
79 612
79 644
79 646
79 647
79 651
79 654
79 655
79 657
79 667
79 669
79 674
79 677
79 708
79 710
79 715
79 718
79 719
79 721
79 726
79 732
79 733
79 736
79 738
79 740
79 741
79 772
79 774
79 778
79 779
79 783
79 785
79 795
79 802
79 804
79 806
79 836
79 838
79 846
79 847
79 849
79 900
79 902
79 910
79 911
79 913
79 930
79 931
79 975
79 977
79 994
79 998
79 1041
79 1105
79 1156
79 1159
79 1163
79 1167
79 1174
79 1186
79 1189
79 1231
79 1233
80 16
80 144
80 208
80 272
81 4
81 6
81 9
81 11
81 15
81 17
81 22
81 29
81 34
81 35
81 36
81 37
81 38
81 53
81 68
81 70
81 71
81 78
81 79
81 93
81 98
81 132
81 134
81 139
81 142
81 143
81 145
81 157
81 162
81 163
81 165
81 196
81 198
81 203
81 206
81 207
81 209
81 214
81 219
81 221
81 226
81 229
81 260
81 262
81 263
81 267
81 268
81 271
81 273
81 274
81 278
81 283
81 285
81 288
81 290
81 291
81 293
81 294
81 324
81 326
81 334
81 335
81 337
81 348
81 349
81 354
81 355
81 357
81 388
81 390
81 391
81 395
81 398
81 399
81 401
81 406
81 411
81 413
81 418
81 420
81 421
81 422
81 437
81 448
81 452
81 454
81 459
81 462
81 463
81 465
81 470
81 475
81 482
81 484
81 486
81 516
81 518
81 519
81 526
81 527
81 529
81 534
81 541
81 542
81 546
81 549
81 550
81 565
81 582
81 583
81 590
81 591
81 593
81 605
81 610
81 611
81 612
81 644
81 646
81 647
81 654
81 655
81 657
81 667
81 669
81 674
81 677
81 708
81 710
81 715
81 718
81 719
81 721
81 726
81 732
81 733
81 736
81 738
81 740
81 741
81 772
81 774
81 778
81 779
81 782
81 783
81 785
81 795
81 802
81 804
81 806
81 836
81 838
81 846
81 847
81 849
81 900
81 902
81 910
81 911
81 913
81 930
81 931
81 975
81 977
81 994
81 1030
81 1041
81 1105
81 1156
81 1159
81 1163
81 1167
81 1169
81 1174
81 1186
81 1189
81 1222
81 1231
81 1233
82 18
82 75
82 146
82 167
82 210
82 274
83 19
83 147
83 211
83 275
83 505
83 1239
84 20
84 148
84 212
84 276
84 511
85 21
85 149
85 213
85 277
85 956
86 0
86 9
86 10
86 11
86 12
86 18
86 22
86 36
86 44
86 47
86 53
86 68
86 71
86 93
86 98
86 99
86 101
86 132
86 137
86 139
86 150
86 157
86 164
86 165
86 192
86 193
86 196
86 202
86 203
86 205
86 214
86 219
86 224
86 225
86 227
86 228
86 229
86 239
86 245
86 258
86 263
86 267
86 268
86 275
86 278
86 283
86 284
86 288
86 289
86 292
86 293
86 311
86 320
86 324
86 327
86 331
86 333
86 342
86 347
86 348
86 350
86 352
86 353
86 354
86 356
86 357
86 358
86 367
86 391
86 395
86 397
86 411
86 413
86 417
86 419
86 420
86 421
86 422
86 428
86 437
86 448
86 455
86 459
86 470
86 475
86 482
86 483
86 484
86 486
86 492
86 519
86 523
86 530
86 534
86 539
86 541
86 542
86 547
86 549
86 550
86 565
86 580
86 583
86 587
86 598
86 605
86 611
86 612
86 613
86 614
86 647
86 651
86 662
86 667
86 668
86 669
86 674
86 675
86 676
86 677
86 715
86 719
86 726
86 732
86 733
86 736
86 739
86 740
86 741
86 772
86 778
86 795
86 797
86 800
86 805
86 806
86 812
86 836
86 843
86 845
86 847
86 854
86 866
86 868
86 869
86 900
86 903
86 907
86 923
86 925
86 928
86 930
86 931
86 933
86 949
86 982
86 1028
86 1035
86 1053
86 1061
86 1092
86 1099
86 1110
86 1165
86 1179
86 1181
86 1196
86 1216
86 1246
86 1250
86 1253
87 23
87 151
87 215
87 279
87 504
87 627
87 730
87 1211
88 24
88 152
88 216
88 280
88 515
88 696
88 728
89 25
89 153
89 217
89 281
89 1027
90 26
90 61
90 154
90 218
90 282
90 941
91 1
91 10
91 21
91 27
91 51
91 137
91 155
91 201
91 202
91 219
91 228
91 230
91 239
91 247
91 257
91 258
91 275
91 283
91 320
91 327
91 338
91 347
91 352
91 356
91 367
91 402
91 412
91 417
91 431
91 449
91 461
91 477
91 539
91 589
91 603
91 608
91 614
91 713
91 731
91 739
91 775
91 789
91 790
91 800
91 801
91 805
91 819
91 839
91 845
91 854
91 866
91 870
91 907
91 918
91 928
91 933
91 949
91 988
91 989
91 1059
91 1097
91 1162
91 1206
91 1249
91 1252
91 1254
92 28
92 156
92 220
92 284
92 1256
93 0
93 9
93 10
93 11
93 12
93 18
93 22
93 29
93 35
93 36
93 37
93 44
93 47
93 53
93 68
93 71
93 79
93 81
93 86
93 98
93 99
93 101
93 132
93 137
93 139
93 143
93 150
93 157
93 162
93 163
93 164
93 165
93 192
93 193
93 196
93 203
93 205
93 214
93 219
93 221
93 224
93 225
93 227
93 229
93 239
93 245
93 258
93 263
93 267
93 268
93 274
93 278
93 283
93 284
93 285
93 288
93 289
93 291
93 292
93 293
93 311
93 320
93 324
93 327
93 331
93 333
93 342
93 347
93 348
93 350
93 352
93 353
93 354
93 355
93 356
93 357
93 358
93 367
93 388
93 391
93 395
93 397
93 406
93 411
93 413
93 417
93 418
93 419
93 420
93 421
93 422
93 428
93 437
93 448
93 452
93 455
93 459
93 470
93 475
93 482
93 483
93 484
93 486
93 492
93 516
93 519
93 523
93 530
93 534
93 539
93 541
93 542
93 547
93 549
93 550
93 565
93 580
93 583
93 587
93 591
93 598
93 605
93 610
93 611
93 612
93 613
93 614
93 644
93 647
93 651
93 655
93 662
93 667
93 668
93 669
93 674
93 675
93 676
93 677
93 708
93 715
93 719
93 726
93 732
93 733
93 736
93 738
93 739
93 740
93 741
93 772
93 778
93 779
93 795
93 797
93 800
93 804
93 806
93 812
93 836
93 843
93 847
93 866
93 868
93 869
93 900
93 903
93 907
93 911
93 923
93 925
93 930
93 931
93 949
93 978
93 982
93 1028
93 1035
93 1061
93 1092
93 1099
93 1103
93 1110
93 1122
93 1165
93 1179
93 1181
93 1196
93 1216
93 1238
93 1243
93 1246
93 1250
93 1253
94 30
94 158
94 222
94 286
95 31
95 159
95 223
95 287
96 32
96 33
96 160
96 224
96 288
97 33
97 161
97 225
97 289
98 0
98 4
98 9
98 11
98 15
98 18
98 22
98 29
98 34
98 35
98 36
98 37
98 38
98 44
98 53
98 68
98 70
98 71
98 79
98 81
98 86
98 93
98 99
98 132
98 134
98 139
98 142
98 143
98 145
98 150
98 157
98 162
98 163
98 165
98 196
98 203
98 205
98 207
98 209
98 214
98 219
98 221
98 225
98 226
98 227
98 229
98 260
98 263
98 267
98 268
98 271
98 273
98 274
98 278
98 283
98 284
98 285
98 288
98 289
98 290
98 291
98 292
98 293
98 294
98 311
98 324
98 331
98 335
98 337
98 348
98 349
98 350
98 353
98 354
98 355
98 357
98 358
98 388
98 390
98 391
98 395
98 397
98 399
98 401
98 406
98 411
98 413
98 418
98 419
98 420
98 421
98 422
98 428
98 437
98 448
98 452
98 454
98 459
98 463
98 465
98 470
98 475
98 482
98 483
98 484
98 486
98 492
98 516
98 518
98 519
98 523
98 527
98 529
98 534
98 541
98 542
98 546
98 547
98 549
98 550
98 565
98 580
98 582
98 583
98 587
98 590
98 591
98 593
98 598
98 605
98 610
98 611
98 612
98 613
98 644
98 646
98 647
98 651
98 655
98 657
98 667
98 669
98 674
98 675
98 676
98 677
98 708
98 710
98 715
98 718
98 719
98 721
98 726
98 732
98 733
98 736
98 738
98 740
98 741
98 772
98 778
98 779
98 783
98 785
98 795
98 797
98 802
98 804
98 806
98 836
98 838
98 846
98 847
98 849
98 868
98 869
98 900
98 902
98 911
98 913
98 923
98 925
98 930
98 931
98 964
98 971
98 994
98 997
98 998
98 1039
98 1041
98 1103
98 1105
98 1122
98 1124
98 1156
98 1159
98 1163
98 1167
98 1174
98 1185
98 1189
98 1220
98 1223
98 1231
98 1238
99 0
99 9
99 10
99 11
99 12
99 18
99 22
99 35
99 36
99 44
99 47
99 53
99 68
99 71
99 86
99 93
99 98
99 101
99 132
99 137
99 139
99 150
99 157
99 163
99 164
99 165
99 192
99 193
99 196
99 202
99 203
99 205
99 214
99 219
99 224
99 225
99 227
99 228
99 229
99 239
99 245
99 258
99 263
99 267
99 268
99 275
99 283
99 284
99 288
99 289
99 291
99 292
99 293
99 311
99 320
99 324
99 327
99 331
99 333
99 342
99 347
99 348
99 350
99 352
99 353
99 354
99 356
99 357
99 358
99 367
99 391
99 395
99 397
99 411
99 413
99 417
99 419
99 420
99 421
99 422
99 428
99 437
99 448
99 455
99 459
99 470
99 482
99 483
99 484
99 486
99 492
99 519
99 523
99 530
99 534
99 539
99 541
99 542
99 547
99 549
99 550
99 565
99 580
99 583
99 587
99 598
99 605
99 611
99 612
99 613
99 614
99 647
99 651
99 662
99 667
99 668
99 669
99 674
99 675
99 676
99 677
99 715
99 719
99 726
99 732
99 733
99 736
99 739
99 740
99 741
99 772
99 778
99 795
99 797
99 800
99 805
99 806
99 812
99 836
99 843
99 845
99 847
99 854
99 866
99 868
99 869
99 900
99 903
99 907
99 923
99 925
99 928
99 930
99 931
99 933
99 949
99 982
99 1035
99 1053
99 1061
99 1092
99 1099
99 1110
99 1165
99 1179
99 1181
99 1196
99 1216
99 1246
99 1250
100 36
100 164
100 228
100 292
100 517
101 0
101 9
101 10
101 12
101 18
101 22
101 36
101 37
101 44
101 47
101 51
101 53
101 68
101 71
101 86
101 93
101 99
101 132
101 137
101 139
101 150
101 157
101 164
101 165
101 192
101 193
101 202
101 205
101 214
101 219
101 224
101 225
101 227
101 228
101 229
101 239
101 245
101 258
101 263
101 268
101 275
101 283
101 284
101 288
101 289
101 292
101 293
101 311
101 320
101 324
101 327
101 331
101 333
101 338
101 342
101 347
101 348
101 350
101 352
101 353
101 356
101 358
101 367
101 391
101 395
101 397
101 402
101 411
101 413
101 417
101 419
101 420
101 421
101 422
101 428
101 437
101 448
101 455
101 459
101 470
101 482
101 483
101 484
101 486
101 492
101 519
101 523
101 530
101 534
101 539
101 541
101 542
101 547
101 565
101 580
101 583
101 587
101 598
101 611
101 613
101 614
101 647
101 651
101 662
101 667
101 668
101 674
101 675
101 676
101 677
101 732
101 733
101 736
101 739
101 741
101 775
101 778
101 797
101 800
101 805
101 806
101 812
101 836
101 839
101 843
101 845
101 854
101 866
101 868
101 869
101 870
101 900
101 903
101 907
101 923
101 925
101 928
101 930
101 931
101 933
101 949
101 969
101 995
101 1035
101 1053
101 1061
101 1092
101 1099
101 1110
101 1165
101 1179
101 1181
101 1188
101 1216
101 1246
102 38
102 166
102 230
102 294
102 777
102 901
103 39
103 167
103 231
103 295
104 40
104 168
104 174
104 232
104 296
105 41
105 169
105 233
105 297
105 942
106 42
106 170
106 234
106 298
106 379
107 43
107 171
107 235
107 299
107 810
107 1023
108 44
108 172
108 179
108 236
108 300
108 1131
109 45
109 173
109 237
109 301
109 943
110 46
110 174
110 238
110 302
111 47
111 175
111 239
111 303
111 807
112 48
112 176
112 240
112 304
113 49
113 177
113 241
113 305
113 1259
114 50
114 119
114 178
114 242
114 306
114 701
115 51
115 179
115 243
115 307
115 341
115 601
116 52
116 180
116 244
116 308
117 53
117 181
117 245
117 309
117 325
117 384
117 711
117 717
118 54
118 182
118 246
118 310
118 882
118 1235
119 55
119 114
119 183
119 247
119 311
119 701
120 56
120 184
120 248
120 312
121 57
121 185
121 249
121 313
121 813
121 985
121 1067
122 58
122 186
122 250
122 314
122 491
122 1255
123 59
123 187
123 251
123 315
123 596
123 909
124 60
124 188
124 252
124 316
125 61
125 189
125 253
125 317
126 62
126 190
126 254
126 318
127 63
127 191
127 255
127 319
128 0
128 64
128 192
128 256
128 320
128 671
128 1268
129 1
129 65
129 193
129 257
129 321
129 374
130 2
130 66
130 194
130 258
130 322
130 424
131 3
131 67
131 195
131 259
131 323
132 0
132 4
132 9
132 10
132 11
132 12
132 18
132 22
132 35
132 36
132 37
132 38
132 44
132 47
132 53
132 68
132 70
132 71
132 79
132 81
132 86
132 93
132 98
132 99
132 101
132 137
132 139
132 143
132 150
132 157
132 162
132 163
132 164
132 165
132 192
132 193
132 196
132 203
132 205
132 214
132 219
132 221
132 224
132 225
132 227
132 229
132 245
132 260
132 263
132 267
132 268
132 274
132 278
132 283
132 284
132 285
132 288
132 289
132 291
132 292
132 293
132 294
132 311
132 320
132 324
132 327
132 331
132 333
132 335
132 342
132 348
132 349
132 350
132 352
132 353
132 354
132 355
132 357
132 358
132 367
132 388
132 391
132 395
132 397
132 401
132 406
132 411
132 413
132 417
132 418
132 419
132 420
132 421
132 422
132 428
132 437
132 448
132 452
132 455
132 459
132 470
132 475
132 482
132 483
132 484
132 486
132 492
132 516
132 519
132 523
132 530
132 534
132 541
132 542
132 546
132 547
132 549
132 550
132 565
132 580
132 583
132 587
132 591
132 593
132 598
132 605
132 610
132 611
132 612
132 613
132 644
132 647
132 651
132 655
132 657
132 662
132 667
132 668
132 669
132 674
132 675
132 676
132 677
132 708
132 715
132 719
132 726
132 732
132 733
132 736
132 738
132 739
132 740
132 741
132 772
132 778
132 779
132 783
132 795
132 797
132 800
132 802
132 804
132 806
132 812
132 836
132 843
132 847
132 866
132 868
132 869
132 900
132 903
132 907
132 911
132 913
132 923
132 925
132 930
132 931
132 964
132 969
132 971
132 975
132 977
132 978
132 982
132 994
132 995
132 997
132 998
132 1028
132 1039
132 1061
132 1092
132 1103
132 1122
132 1124
132 1185
132 1196
132 1220
132 1223
132 1238
132 1243
132 1250
132 1253
133 5
133 69
133 197
133 261
133 325
134 4
134 6
134 9
134 11
134 14
134 15
134 17
134 29
134 34
134 35
134 37
134 38
134 70
134 71
134 78
134 79
134 81
134 98
134 142
134 143
134 145
134 157
134 162
134 163
134 165
134 196
134 198
134 203
134 206
134 207
134 209
134 221
134 226
134 260
134 262
134 267
134 270
134 271
134 273
134 274
134 278
134 285
134 290
134 291
134 293
134 294
134 324
134 326
134 334
134 335
134 337
134 349
134 354
134 355
134 357
134 388
134 390
134 398
134 399
134 401
134 406
134 418
134 421
134 422
134 452
134 454
134 459
134 462
134 463
134 465
134 475
134 486
134 516
134 518
134 526
134 527
134 529
134 546
134 549
134 550
134 582
134 590
134 591
134 593
134 605
134 610
134 612
134 644
134 646
134 654
134 655
134 657
134 669
134 708
134 710
134 715
134 718
134 719
134 721
134 726
134 738
134 740
134 772
134 774
134 779
134 782
134 783
134 785
134 795
134 802
134 804
134 838
134 846
134 847
134 849
134 902
134 910
134 911
134 913
134 931
134 966
134 971
134 974
134 975
134 977
134 994
134 998
134 1030
134 1038
134 1094
134 1102
134 1158
134 1166
134 1169
134 1222
134 1230
134 1233
135 5
135 7
135 71
135 72
135 199
135 263
135 264
135 327
135 329
135 392
135 457
135 521
135 581
135 648
135 712
135 773
135 841
135 905
135 967
135 1033
135 1093
135 1157
135 1225
136 8
136 72
136 200
136 264
136 328
137 0
137 9
137 10
137 12
137 18
137 22
137 44
137 47
137 51
137 53
137 68
137 73
137 86
137 91
137 93
137 99
137 101
137 132
137 139
137 150
137 164
137 192
137 193
137 201
137 202
137 205
137 214
137 224
137 225
137 227
137 228
137 239
137 245
137 258
137 263
137 265
137 275
137 284
137 288
137 289
137 292
137 311
137 320
137 327
137 329
137 331
137 333
137 338
137 342
137 347
137 350
137 352
137 353
137 356
137 358
137 367
137 391
137 397
137 402
137 411
137 412
137 417
137 419
137 420
137 428
137 431
137 437
137 448
137 455
137 461
137 470
137 482
137 483
137 484
137 492
137 523
137 530
137 539
137 547
137 580
137 587
137 598
137 603
137 613
137 614
137 651
137 662
137 668
137 675
137 676
137 677
137 713
137 731
137 732
137 733
137 736
137 739
137 741
137 775
137 778
137 797
137 800
137 805
137 806
137 812
137 836
137 839
137 843
137 845
137 854
137 866
137 868
137 869
137 870
137 903
137 907
137 918
137 923
137 925
137 928
137 930
137 933
137 949
137 969
137 978
137 982
137 989
137 995
137 1053
137 1188
137 1227
138 10
138 74
138 202
138 266
138 330
138 600
139 0
139 4
139 9
139 10
139 11
139 12
139 18
139 22
139 35
139 36
139 37
139 38
139 44
139 47
139 53
139 68
139 70
139 71
139 75
139 79
139 81
139 86
139 93
139 98
139 99
139 101
139 132
139 137
139 143
139 150
139 157
139 162
139 163
139 164
139 165
139 192
139 193
139 196
139 203
139 205
139 214
139 219
139 221
139 224
139 225
139 227
139 229
139 245
139 258
139 263
139 267
139 268
139 274
139 278
139 283
139 284
139 285
139 288
139 289
139 291
139 292
139 293
139 294
139 311
139 320
139 324
139 327
139 331
139 333
139 335
139 342
139 348
139 349
139 350
139 352
139 353
139 354
139 355
139 357
139 358
139 367
139 388
139 391
139 395
139 397
139 401
139 406
139 411
139 413
139 417
139 418
139 419
139 420
139 421
139 422
139 428
139 437
139 448
139 452
139 455
139 459
139 470
139 475
139 482
139 483
139 484
139 486
139 492
139 516
139 519
139 523
139 530
139 534
139 541
139 542
139 546
139 547
139 549
139 550
139 565
139 580
139 583
139 587
139 591
139 598
139 605
139 610
139 611
139 612
139 613
139 614
139 644
139 647
139 651
139 655
139 662
139 667
139 668
139 669
139 674
139 675
139 676
139 677
139 708
139 715
139 719
139 726
139 732
139 733
139 736
139 738
139 739
139 740
139 741
139 772
139 778
139 779
139 783
139 795
139 797
139 800
139 802
139 804
139 806
139 812
139 836
139 843
139 847
139 866
139 868
139 869
139 900
139 903
139 907
139 911
139 913
139 923
139 925
139 930
139 931
139 964
139 969
139 971
139 975
139 977
139 978
139 982
139 994
139 995
139 997
139 998
139 1028
139 1035
139 1039
139 1061
139 1092
139 1099
139 1103
139 1110
139 1122
139 1185
139 1196
139 1220
139 1223
139 1238
139 1243
139 1246
139 1250
139 1253
140 12
140 76
140 204
140 268
140 332
140 1153
141 13
141 77
141 205
141 208
141 269
141 333
141 441
141 487
141 963
141 1137
142 4
142 6
142 11
142 14
142 15
142 17
142 29
142 34
142 35
142 37
142 38
142 70
142 78
142 79
142 81
142 98
142 134
142 143
142 145
142 162
142 163
142 165
142 196
142 198
142 203
142 206
142 207
142 209
142 221
142 226
142 260
142 262
142 267
142 270
142 271
142 273
142 274
142 278
142 285
142 290
142 291
142 294
142 326
142 334
142 335
142 337
142 349
142 354
142 355
142 388
142 390
142 398
142 399
142 401
142 406
142 418
142 452
142 454
142 462
142 463
142 465
142 475
142 516
142 518
142 526
142 527
142 529
142 546
142 549
142 582
142 590
142 591
142 593
142 610
142 612
142 644
142 646
142 654
142 655
142 657
142 669
142 708
142 710
142 715
142 718
142 721
142 726
142 738
142 740
142 774
142 779
142 782
142 783
142 785
142 795
142 802
142 804
142 838
142 846
142 847
142 849
142 902
142 910
142 911
142 913
142 966
142 974
142 975
142 977
142 994
142 998
142 1030
142 1038
142 1094
142 1102
142 1158
142 1166
142 1169
142 1222
142 1230
143 0
143 4
143 6
143 9
143 11
143 15
143 18
143 22
143 29
143 34
143 35
143 36
143 37
143 38
143 44
143 53
143 68
143 70
143 71
143 78
143 79
143 81
143 93
143 98
143 132
143 134
143 139
143 142
143 145
143 150
143 157
143 162
143 163
143 165
143 196
143 203
143 205
143 207
143 209
143 214
143 219
143 221
143 226
143 227
143 229
143 260
143 262
143 263
143 267
143 268
143 271
143 273
143 274
143 278
143 283
143 285
143 288
143 289
143 290
143 291
143 292
143 293
143 294
143 311
143 324
143 326
143 335
143 337
143 348
143 349
143 350
143 353
143 354
143 355
143 357
143 358
143 388
143 390
143 391
143 395
143 397
143 398
143 399
143 401
143 406
143 411
143 413
143 418
143 419
143 420
143 421
143 422
143 428
143 437
143 448
143 452
143 454
143 459
143 463
143 465
143 470
143 475
143 482
143 483
143 484
143 486
143 516
143 518
143 519
143 523
143 527
143 529
143 534
143 541
143 542
143 546
143 547
143 549
143 550
143 565
143 580
143 582
143 583
143 587
143 590
143 591
143 593
143 598
143 605
143 610
143 611
143 612
143 613
143 644
143 646
143 647
143 651
143 655
143 657
143 667
143 669
143 674
143 676
143 677
143 708
143 710
143 715
143 718
143 719
143 721
143 726
143 732
143 733
143 736
143 738
143 740
143 741
143 772
143 774
143 778
143 779
143 783
143 785
143 795
143 797
143 802
143 804
143 806
143 836
143 838
143 846
143 847
143 849
143 868
143 900
143 902
143 910
143 911
143 913
143 925
143 930
143 931
143 964
143 966
143 971
143 974
143 975
143 977
143 978
143 982
143 994
143 997
143 998
143 1039
143 1041
143 1105
143 1124
143 1156
143 1159
143 1163
143 1167
143 1174
143 1185
143 1186
143 1189
143 1220
143 1223
143 1231
143 1233
144 16
144 80
144 208
144 272
144 336
144 878
145 4
145 6
145 9
145 11
145 14
145 15
145 17
145 22
145 29
145 34
145 35
145 36
145 37
145 38
145 70
145 71
145 78
145 79
145 81
145 98
145 134
145 142
145 143
145 157
145 162
145 163
145 165
145 196
145 198
145 203
145 206
145 207
145 209
145 214
145 219
145 221
145 226
145 229
145 260
145 262
145 267
145 268
145 270
145 271
145 273
145 274
145 278
145 283
145 285
145 288
145 290
145 291
145 293
145 294
145 324
145 326
145 334
145 335
145 337
145 348
145 349
145 354
145 355
145 357
145 388
145 390
145 395
145 398
145 399
145 401
145 406
145 413
145 418
145 421
145 422
145 452
145 454
145 459
145 462
145 463
145 465
145 475
145 486
145 516
145 518
145 519
145 526
145 527
145 529
145 534
145 541
145 542
145 546
145 549
145 550
145 565
145 582
145 583
145 590
145 591
145 593
145 605
145 610
145 611
145 612
145 644
145 646
145 647
145 654
145 655
145 657
145 667
145 669
145 674
145 708
145 710
145 715
145 718
145 719
145 721
145 726
145 736
145 738
145 740
145 741
145 772
145 774
145 779
145 782
145 783
145 785
145 795
145 802
145 804
145 838
145 846
145 847
145 849
145 900
145 902
145 910
145 911
145 913
145 931
145 964
145 966
145 971
145 974
145 975
145 977
145 994
145 997
145 998
145 1030
145 1038
145 1094
145 1102
145 1105
145 1163
145 1167
145 1169
145 1174
145 1186
145 1222
145 1233
146 18
146 82
146 210
146 274
146 338
146 821
147 19
147 83
147 211
147 275
147 339
147 850
148 20
148 84
148 212
148 276
148 340
148 400
148 935
149 21
149 85
149 213
149 277
149 341
149 1182
150 0
150 9
150 10
150 11
150 12
150 18
150 22
150 35
150 36
150 37
150 44
150 47
150 53
150 68
150 71
150 79
150 86
150 93
150 98
150 99
150 101
150 132
150 137
150 139
150 143
150 157
150 162
150 163
150 164
150 165
150 192
150 193
150 196
150 203
150 205
150 214
150 219
150 224
150 225
150 227
150 229
150 239
150 245
150 258
150 263
150 267
150 268
150 274
150 278
150 283
150 284
150 285
150 288
150 289
150 291
150 292
150 293
150 311
150 320
150 324
150 327
150 331
150 333
150 342
150 347
150 348
150 350
150 352
150 353
150 354
150 355
150 356
150 357
150 358
150 367
150 391
150 395
150 397
150 406
150 411
150 413
150 417
150 419
150 420
150 421
150 422
150 428
150 437
150 448
150 452
150 455
150 459
150 470
150 475
150 482
150 483
150 484
150 486
150 492
150 516
150 519
150 523
150 530
150 534
150 539
150 541
150 542
150 547
150 549
150 550
150 565
150 580
150 583
150 587
150 598
150 605
150 611
150 612
150 613
150 614
150 644
150 647
150 651
150 655
150 662
150 667
150 668
150 669
150 674
150 675
150 676
150 677
150 708
150 715
150 719
150 726
150 732
150 733
150 736
150 738
150 739
150 740
150 741
150 772
150 778
150 779
150 795
150 797
150 800
150 804
150 806
150 812
150 836
150 843
150 847
150 866
150 868
150 869
150 900
150 903
150 907
150 911
150 923
150 925
150 930
150 931
150 949
150 964
150 969
150 971
150 978
150 982
150 994
150 995
150 997
150 998
150 1028
150 1035
150 1061
150 1092
150 1099
150 1110
150 1165
150 1179
150 1181
150 1196
150 1216
150 1238
150 1243
150 1246
150 1250
150 1253
151 20
151 23
151 24
151 87
151 215
151 279
151 343
152 24
152 88
152 216
152 280
152 344
153 25
153 89
153 217
153 281
153 345
154 26
154 90
154 218
154 282
154 346
155 27
155 91
155 219
155 283
155 347
155 548
156 28
156 92
156 220
156 284
156 348
157 0
157 4
157 9
157 11
157 18
157 22
157 29
157 34
157 35
157 36
157 37
157 38
157 44
157 53
157 68
157 70
157 71
157 79
157 81
157 86
157 93
157 98
157 99
157 101
157 132
157 134
157 139
157 143
157 145
157 150
157 162
157 163
157 164
157 165
157 196
157 203
157 205
157 214
157 219
157 221
157 224
157 225
157 227
157 229
157 245
157 260
157 263
157 267
157 268
157 271
157 273
157 274
157 278
157 283
157 284
157 285
157 288
157 289
157 290
157 291
157 292
157 293
157 294
157 311
157 324
157 331
157 333
157 335
157 337
157 342
157 348
157 349
157 350
157 353
157 354
157 355
157 357
157 358
157 388
157 391
157 395
157 397
157 399
157 401
157 406
157 411
157 413
157 418
157 419
157 420
157 421
157 422
157 428
157 437
157 448
157 452
157 455
157 459
157 463
157 465
157 470
157 475
157 482
157 483
157 484
157 486
157 492
157 516
157 518
157 519
157 523
157 527
157 529
157 534
157 541
157 542
157 546
157 547
157 549
157 550
157 565
157 580
157 583
157 587
157 590
157 591
157 593
157 598
157 605
157 610
157 611
157 612
157 613
157 644
157 647
157 651
157 655
157 657
157 662
157 667
157 668
157 669
157 674
157 675
157 676
157 677
157 708
157 715
157 718
157 719
157 721
157 726
157 732
157 733
157 736
157 738
157 740
157 741
157 772
157 778
157 779
157 783
157 785
157 795
157 797
157 802
157 804
157 806
157 812
157 836
157 846
157 847
157 849
157 868
157 869
157 900
157 902
157 903
157 911
157 913
157 923
157 925
157 930
157 931
157 964
157 971
157 975
157 977
157 978
157 982
157 994
157 997
157 998
157 1039
157 1041
157 1103
157 1122
157 1124
157 1156
157 1159
157 1185
157 1189
157 1220
157 1223
157 1231
157 1238
157 1243
158 30
158 94
158 222
158 286
158 350
158 688
159 31
159 95
159 223
159 272
159 287
159 351
160 32
160 96
160 224
160 288
160 303
160 352
161 33
161 97
161 225
161 265
161 289
161 353
161 373
162 0
162 4
162 6
162 9
162 11
162 15
162 22
162 29
162 34
162 35
162 36
162 37
162 38
162 44
162 53
162 68
162 70
162 71
162 78
162 79
162 81
162 93
162 98
162 132
162 134
162 139
162 142
162 143
162 145
162 150
162 157
162 163
162 165
162 196
162 198
162 203
162 207
162 209
162 214
162 219
162 221
162 226
162 227
162 229
162 260
162 262
162 263
162 267
162 268
162 271
162 273
162 274
162 278
162 283
162 285
162 288
162 289
162 290
162 291
162 293
162 294
162 311
162 324
162 326
162 335
162 337
162 348
162 349
162 350
162 353
162 354
162 355
162 357
162 358
162 388
162 390
162 391
162 395
162 397
162 398
162 399
162 401
162 406
162 411
162 413
162 418
162 420
162 421
162 422
162 437
162 448
162 452
162 454
162 459
162 462
162 463
162 465
162 470
162 475
162 482
162 483
162 484
162 486
162 516
162 518
162 519
162 523
162 527
162 529
162 534
162 541
162 542
162 546
162 547
162 549
162 550
162 565
162 580
162 582
162 583
162 590
162 591
162 593
162 605
162 610
162 611
162 612
162 613
162 644
162 646
162 647
162 651
162 655
162 657
162 667
162 669
162 674
162 676
162 677
162 708
162 710
162 715
162 718
162 719
162 721
162 726
162 732
162 733
162 736
162 738
162 740
162 741
162 772
162 774
162 778
162 779
162 783
162 785
162 795
162 797
162 802
162 804
162 806
162 836
162 838
162 846
162 847
162 849
162 868
162 900
162 902
162 910
162 911
162 913
162 925
162 930
162 931
162 964
162 966
162 971
162 974
162 975
162 977
162 978
162 982
162 994
162 997
162 998
162 1039
162 1041
162 1105
162 1124
162 1156
162 1159
162 1163
162 1167
162 1174
162 1185
162 1186
162 1189
162 1220
162 1223
162 1231
162 1233
163 0
163 4
163 6
163 9
163 11
163 15
163 18
163 22
163 29
163 34
163 35
163 36
163 37
163 38
163 44
163 53
163 68
163 70
163 71
163 78
163 79
163 81
163 93
163 98
163 99
163 132
163 134
163 139
163 142
163 143
163 145
163 150
163 157
163 162
163 165
163 196
163 198
163 203
163 205
163 207
163 209
163 214
163 219
163 221
163 226
163 227
163 229
163 260
163 262
163 263
163 267
163 268
163 271
163 273
163 274
163 278
163 283
163 285
163 288
163 289
163 290
163 291
163 292
163 293
163 294
163 311
163 324
163 326
163 335
163 337
163 348
163 349
163 350
163 353
163 354
163 355
163 357
163 358
163 388
163 390
163 391
163 395
163 397
163 398
163 399
163 401
163 406
163 411
163 413
163 418
163 420
163 421
163 422
163 437
163 448
163 452
163 454
163 459
163 463
163 465
163 470
163 475
163 482
163 483
163 484
163 486
163 516
163 518
163 519
163 523
163 527
163 529
163 534
163 541
163 542
163 546
163 547
163 549
163 550
163 565
163 580
163 582
163 583
163 587
163 590
163 591
163 593
163 605
163 610
163 611
163 612
163 613
163 644
163 646
163 647
163 651
163 655
163 657
163 667
163 669
163 674
163 676
163 677
163 708
163 710
163 715
163 718
163 719
163 721
163 726
163 732
163 733
163 736
163 738
163 740
163 741
163 772
163 774
163 778
163 779
163 783
163 785
163 795
163 797
163 802
163 804
163 806
163 836
163 838
163 846
163 847
163 849
163 868
163 900
163 902
163 910
163 911
163 913
163 925
163 930
163 931
163 964
163 966
163 971
163 974
163 975
163 977
163 978
163 982
163 994
163 997
163 998
163 1039
163 1041
163 1105
163 1124
163 1156
163 1159
163 1163
163 1167
163 1174
163 1185
163 1186
163 1189
163 1220
163 1223
163 1231
163 1233
164 0
164 9
164 10
164 12
164 18
164 22
164 36
164 44
164 47
164 51
164 53
164 68
164 71
164 86
164 93
164 99
164 100
164 101
164 132
164 137
164 139
164 150
164 157
164 192
164 193
164 202
164 205
164 214
164 219
164 224
164 225
164 227
164 228
164 229
164 239
164 245
164 258
164 263
164 268
164 275
164 283
164 284
164 288
164 289
164 292
164 311
164 320
164 324
164 327
164 331
164 333
164 338
164 342
164 347
164 348
164 350
164 352
164 353
164 356
164 358
164 367
164 391
164 395
164 397
164 402
164 411
164 413
164 417
164 419
164 420
164 422
164 428
164 437
164 448
164 455
164 459
164 470
164 482
164 483
164 484
164 492
164 519
164 523
164 530
164 534
164 539
164 541
164 542
164 547
164 565
164 580
164 583
164 587
164 598
164 611
164 613
164 614
164 647
164 651
164 662
164 667
164 668
164 674
164 675
164 676
164 677
164 732
164 733
164 736
164 739
164 741
164 775
164 778
164 797
164 800
164 805
164 806
164 812
164 836
164 839
164 843
164 845
164 854
164 866
164 868
164 869
164 870
164 900
164 903
164 907
164 923
164 925
164 928
164 930
164 933
164 949
164 964
164 969
164 978
164 982
164 989
164 995
164 997
164 1035
164 1053
164 1061
164 1092
164 1099
164 1110
164 1165
164 1179
164 1181
164 1188
164 1216
164 1246
165 0
165 4
165 6
165 9
165 11
165 15
165 18
165 22
165 29
165 34
165 35
165 36
165 37
165 38
165 44
165 53
165 68
165 70
165 71
165 78
165 79
165 81
165 86
165 93
165 98
165 99
165 101
165 132
165 134
165 139
165 142
165 143
165 145
165 150
165 157
165 162
165 163
165 196
165 203
165 205
165 207
165 209
165 214
165 219
165 221
165 226
165 227
165 229
165 260
165 262
165 263
165 267
165 268
165 271
165 273
165 274
165 278
165 283
165 285
165 288
165 289
165 290
165 291
165 292
165 293
165 294
165 311
165 324
165 326
165 331
165 335
165 337
165 348
165 349
165 350
165 353
165 354
165 355
165 357
165 358
165 388
165 390
165 391
165 395
165 397
165 398
165 399
165 401
165 406
165 411
165 413
165 418
165 419
165 420
165 421
165 422
165 428
165 437
165 448
165 452
165 454
165 459
165 463
165 465
165 470
165 475
165 482
165 483
165 484
165 486
165 492
165 516
165 518
165 519
165 523
165 527
165 529
165 534
165 541
165 542
165 546
165 547
165 549
165 550
165 565
165 580
165 582
165 583
165 587
165 590
165 591
165 593
165 598
165 605
165 610
165 611
165 612
165 613
165 644
165 646
165 647
165 651
165 655
165 657
165 667
165 669
165 674
165 676
165 677
165 708
165 710
165 715
165 718
165 719
165 721
165 726
165 732
165 733
165 736
165 738
165 740
165 741
165 772
165 774
165 778
165 779
165 783
165 785
165 795
165 797
165 802
165 804
165 806
165 836
165 838
165 846
165 847
165 849
165 868
165 869
165 900
165 902
165 910
165 911
165 913
165 923
165 925
165 930
165 931
165 964
165 966
165 971
165 975
165 977
165 978
165 982
165 994
165 997
165 998
165 1039
165 1041
165 1103
165 1105
165 1122
165 1124
165 1156
165 1159
165 1163
165 1167
165 1174
165 1185
165 1189
165 1220
165 1223
165 1231
165 1238
166 38
166 102
166 230
166 294
166 295
166 358
166 405
167 39
167 75
167 82
167 103
167 231
167 295
167 359
168 40
168 104
168 232
168 296
168 360
168 746
169 41
169 105
169 233
169 297
169 361
169 617
170 42
170 77
170 106
170 234
170 298
170 362
171 43
171 107
171 191
171 235
171 299
171 363
171 959
171 1069
171 1258
172 44
172 108
172 236
172 300
172 364
172 1148
173 45
173 109
173 237
173 301
173 365
173 660
174 46
174 104
174 110
174 238
174 302
174 366
175 47
175 111
175 239
175 303
175 367
176 48
176 112
176 240
176 304
176 368
177 40
177 49
177 113
177 241
177 305
177 369
177 852
178 50
178 114
178 242
178 306
178 370
179 51
179 108
179 115
179 243
179 307
179 371
179 1131
180 52
180 116
180 244
180 308
180 372
180 895
180 957
181 53
181 117
181 245
181 309
181 373
182 54
182 118
182 246
182 310
182 374
182 567
183 55
183 119
183 247
183 311
183 375
184 8
184 56
184 120
184 248
184 312
184 376
184 562
185 57
185 121
185 249
185 313
185 377
185 602
185 872
185 1006
185 1277
186 58
186 122
186 250
186 314
186 378
186 1276
187 59
187 123
187 251
187 315
187 379
187 690
188 60
188 124
188 252
188 316
188 380
188 572
188 573
188 744
189 61
189 125
189 253
189 317
189 381
190 62
190 126
190 254
190 318
190 382
191 63
191 127
191 171
191 255
191 319
191 383
191 959
191 1069
191 1258
192 0
192 10
192 12
192 18
192 22
192 36
192 44
192 47
192 51
192 53
192 64
192 68
192 86
192 93
192 99
192 101
192 128
192 132
192 137
192 139
192 150
192 164
192 193
192 202
192 205
192 214
192 219
192 224
192 225
192 227
192 228
192 229
192 239
192 245
192 256
192 258
192 263
192 268
192 275
192 283
192 284
192 288
192 289
192 292
192 311
192 320
192 327
192 331
192 333
192 338
192 342
192 347
192 350
192 352
192 353
192 356
192 358
192 367
192 384
192 391
192 397
192 402
192 411
192 412
192 417
192 419
192 420
192 428
192 437
192 448
192 455
192 461
192 470
192 482
192 483
192 484
192 492
192 523
192 530
192 539
192 541
192 542
192 547
192 565
192 580
192 583
192 587
192 598
192 603
192 611
192 613
192 614
192 647
192 651
192 662
192 668
192 674
192 675
192 676
192 677
192 732
192 733
192 736
192 739
192 741
192 775
192 778
192 797
192 800
192 805
192 806
192 812
192 836
192 839
192 843
192 845
192 854
192 866
192 868
192 869
192 870
192 900
192 903
192 907
192 923
192 925
192 928
192 930
192 933
192 949
192 969
192 978
192 982
192 989
192 995
192 997
192 1028
192 1031
192 1035
192 1053
192 1059
192 1061
192 1165
192 1179
192 1181
192 1188
193 0
193 1
193 10
193 12
193 18
193 22
193 36
193 44
193 47
193 51
193 53
193 65
193 68
193 86
193 93
193 99
193 101
193 129
193 132
193 137
193 139
193 150
193 164
193 192
193 202
193 205
193 214
193 219
193 224
193 225
193 227
193 228
193 229
193 239
193 245
193 257
193 258
193 263
193 268
193 275
193 283
193 284
193 288
193 289
193 292
193 311
193 320
193 321
193 327
193 331
193 333
193 338
193 342
193 347
193 350
193 352
193 353
193 356
193 358
193 367
193 385
193 391
193 395
193 397
193 402
193 411
193 412
193 417
193 419
193 420
193 428
193 437
193 448
193 455
193 461
193 470
193 482
193 483
193 484
193 492
193 523
193 530
193 534
193 539
193 541
193 542
193 547
193 565
193 580
193 583
193 587
193 598
193 603
193 611
193 613
193 614
193 647
193 651
193 662
193 667
193 668
193 674
193 675
193 676
193 677
193 732
193 733
193 736
193 739
193 741
193 775
193 778
193 797
193 800
193 805
193 806
193 812
193 836
193 839
193 843
193 845
193 854
193 866
193 868
193 869
193 870
193 900
193 903
193 907
193 923
193 925
193 928
193 930
193 933
193 949
193 964
193 969
193 978
193 982
193 989
193 995
193 997
193 1028
193 1031
193 1035
193 1053
193 1059
193 1061
193 1099
193 1110
193 1165
193 1179
193 1181
193 1188
193 1216
193 1246
194 2
194 66
194 130
194 258
194 322
194 386
195 3
195 67
195 131
195 259
195 323
195 387
195 979
196 0
196 4
196 9
196 11
196 15
196 18
196 22
196 29
196 34
196 35
196 36
196 37
196 38
196 44
196 53
196 68
196 70
196 71
196 79
196 81
196 86
196 93
196 98
196 99
196 132
196 134
196 139
196 142
196 143
196 145
196 150
196 157
196 162
196 163
196 165
196 203
196 205
196 207
196 209
196 214
196 219
196 221
196 225
196 226
196 227
196 229
196 260
196 263
196 267
196 268
196 271
196 273
196 274
196 278
196 283
196 284
196 285
196 288
196 289
196 290
196 291
196 292
196 293
196 294
196 311
196 324
196 331
196 335
196 337
196 348
196 349
196 350
196 353
196 354
196 355
196 357
196 358
196 388
196 390
196 391
196 395
196 397
196 399
196 401
196 406
196 411
196 413
196 418
196 419
196 420
196 421
196 422
196 428
196 437
196 448
196 452
196 454
196 459
196 463
196 465
196 470
196 475
196 482
196 483
196 484
196 486
196 492
196 516
196 518
196 519
196 523
196 527
196 529
196 534
196 541
196 542
196 546
196 547
196 549
196 550
196 565
196 580
196 582
196 583
196 587
196 590
196 591
196 593
196 598
196 605
196 610
196 611
196 612
196 613
196 644
196 646
196 647
196 651
196 655
196 657
196 667
196 669
196 674
196 675
196 676
196 677
196 708
196 710
196 715
196 718
196 719
196 721
196 726
196 732
196 733
196 736
196 738
196 740
196 741
196 772
196 778
196 779
196 783
196 785
196 795
196 797
196 802
196 804
196 806
196 836
196 838
196 846
196 847
196 849
196 868
196 869
196 900
196 902
196 911
196 913
196 923
196 925
196 930
196 931
196 964
196 966
196 971
196 975
196 977
196 978
196 982
196 994
196 997
196 998
196 1028
196 1030
196 1035
196 1038
196 1039
196 1041
196 1061
196 1103
196 1105
196 1122
196 1124
196 1156
196 1159
196 1163
196 1167
196 1174
196 1185
196 1189
196 1220
196 1223
196 1231
196 1238
197 5
197 69
197 133
197 261
197 325
197 389
198 4
198 6
198 14
198 15
198 17
198 29
198 34
198 35
198 37
198 38
198 70
198 78
198 79
198 81
198 134
198 142
198 145
198 162
198 163
198 206
198 207
198 209
198 221
198 226
198 260
198 262
198 270
198 271
198 273
198 274
198 278
198 285
198 290
198 291
198 294
198 326
198 334
198 335
198 337
198 349
198 355
198 388
198 390
198 398
198 399
198 401
198 406
198 418
198 452
198 454
198 462
198 463
198 465
198 516
198 518
198 526
198 527
198 529
198 546
198 582
198 590
198 591
198 593
198 610
198 644
198 646
198 654
198 655
198 657
198 708
198 710
198 718
198 721
198 738
198 774
198 779
198 782
198 783
198 785
198 802
198 804
198 838
198 846
198 849
198 902
198 910
198 911
198 913
198 966
198 974
198 975
198 977
198 994
198 1030
198 1038
198 1041
198 1158
198 1166
198 1230
199 5
199 7
199 71
199 72
199 135
199 263
199 264
199 327
199 329
199 391
199 392
199 457
199 521
199 581
199 648
199 712
199 773
199 841
199 905
199 967
199 1033
199 1093
199 1157
199 1225
200 8
200 72
200 136
200 264
200 328
200 392
201 1
201 9
201 21
201 51
201 73
201 91
201 137
201 202
201 228
201 230
201 247
201 257
201 265
201 275
201 329
201 338
201 347
201 356
201 393
201 402
201 412
201 431
201 449
201 461
201 477
201 539
201 589
201 603
201 608
201 713
201 731
201 775
201 789
201 790
201 801
201 805
201 819
201 839
201 845
201 854
201 870
201 918
201 928
201 933
201 949
201 988
201 989
201 1031
201 1059
201 1097
201 1162
201 1170
201 1254
201 1270
202 0
202 10
202 12
202 18
202 21
202 44
202 47
202 51
202 74
202 86
202 91
202 99
202 101
202 137
202 138
202 164
202 192
202 193
202 201
202 205
202 224
202 225
202 228
202 230
202 239
202 245
202 247
202 258
202 266
202 275
202 284
202 289
202 292
202 320
202 327
202 330
202 331
202 333
202 338
202 342
202 347
202 352
202 353
202 356
202 358
202 367
202 394
202 402
202 412
202 417
202 419
202 428
202 431
202 449
202 455
202 461
202 477
202 492
202 530
202 539
202 547
202 587
202 589
202 598
202 603
202 608
202 614
202 662
202 668
202 675
202 676
202 713
202 731
202 739
202 775
202 790
202 797
202 800
202 805
202 812
202 819
202 839
202 843
202 845
202 854
202 866
202 868
202 869
202 870
202 903
202 907
202 918
202 923
202 928
202 933
202 949
202 969
202 988
202 989
202 995
202 1031
202 1035
202 1053
202 1059
202 1061
202 1188
202 1190
202 1206
202 1227
202 1249
203 0
203 4
203 6
203 9
203 11
203 15
203 18
203 22
203 29
203 34
203 35
203 36
203 37
203 38
203 44
203 53
203 68
203 70
203 71
203 75
203 79
203 81
203 86
203 93
203 98
203 99
203 132
203 134
203 139
203 142
203 143
203 145
203 150
203 157
203 162
203 163
203 165
203 196
203 205
203 207
203 209
203 214
203 219
203 221
203 225
203 226
203 227
203 229
203 260
203 263
203 267
203 268
203 271
203 273
203 274
203 278
203 283
203 284
203 285
203 288
203 289
203 290
203 291
203 292
203 293
203 294
203 311
203 324
203 331
203 335
203 337
203 348
203 349
203 350
203 353
203 354
203 355
203 357
203 358
203 388
203 390
203 391
203 395
203 397
203 399
203 401
203 406
203 411
203 413
203 418
203 419
203 420
203 421
203 422
203 428
203 437
203 448
203 452
203 454
203 459
203 463
203 465
203 470
203 475
203 482
203 483
203 484
203 486
203 492
203 516
203 518
203 519
203 523
203 527
203 529
203 534
203 541
203 542
203 546
203 547
203 549
203 550
203 565
203 580
203 582
203 583
203 587
203 590
203 591
203 593
203 598
203 605
203 610
203 611
203 612
203 613
203 644
203 646
203 647
203 651
203 655
203 657
203 667
203 669
203 674
203 676
203 677
203 708
203 710
203 715
203 718
203 719
203 721
203 726
203 732
203 733
203 736
203 738
203 740
203 741
203 772
203 778
203 779
203 783
203 785
203 795
203 797
203 802
203 804
203 806
203 836
203 838
203 846
203 847
203 849
203 868
203 869
203 900
203 902
203 911
203 913
203 923
203 925
203 930
203 931
203 964
203 966
203 971
203 975
203 977
203 978
203 982
203 994
203 997
203 998
203 1028
203 1030
203 1035
203 1038
203 1039
203 1041
203 1061
203 1103
203 1105
203 1122
203 1124
203 1156
203 1159
203 1163
203 1167
203 1174
203 1185
203 1189
203 1220
203 1223
203 1231
203 1238
204 12
204 76
204 140
204 268
204 332
204 387
204 396
204 621
204 664
204 1055
205 0
205 9
205 10
205 11
205 12
205 13
205 18
205 22
205 36
205 44
205 47
205 53
205 68
205 71
205 77
205 86
205 93
205 98
205 99
205 101
205 132
205 137
205 139
205 141
205 143
205 150
205 157
205 163
205 164
205 165
205 192
205 193
205 196
205 202
205 203
205 214
205 219
205 224
205 225
205 227
205 228
205 229
205 239
205 245
205 258
205 263
205 267
205 268
205 269
205 275
205 283
205 284
205 288
205 289
205 292
205 293
205 311
205 320
205 324
205 327
205 331
205 333
205 342
205 347
205 348
205 350
205 352
205 353
205 354
205 356
205 357
205 358
205 367
205 391
205 395
205 397
205 411
205 413
205 417
205 419
205 420
205 421
205 422
205 428
205 437
205 448
205 455
205 459
205 470
205 475
205 482
205 483
205 484
205 486
205 492
205 519
205 523
205 530
205 534
205 539
205 541
205 542
205 547
205 549
205 550
205 565
205 580
205 583
205 587
205 598
205 605
205 611
205 612
205 613
205 614
205 647
205 651
205 662
205 667
205 668
205 669
205 674
205 675
205 676
205 677
205 715
205 719
205 726
205 732
205 733
205 736
205 739
205 740
205 741
205 772
205 778
205 779
205 795
205 797
205 800
205 806
205 812
205 836
205 843
205 845
205 847
205 854
205 866
205 868
205 869
205 900
205 903
205 907
205 923
205 925
205 928
205 930
205 931
205 933
205 949
205 964
205 969
205 971
205 978
205 982
205 994
205 995
205 997
205 998
205 1028
205 1031
205 1035
205 1039
205 1053
205 1061
205 1092
205 1099
205 1110
205 1165
205 1179
205 1181
205 1196
205 1216
205 1246
205 1250
205 1253
206 4
206 6
206 14
206 15
206 17
206 29
206 34
206 38
206 70
206 78
206 79
206 81
206 134
206 142
206 145
206 198
206 207
206 209
206 221
206 226
206 260
206 262
206 270
206 271
206 273
206 278
206 290
206 294
206 326
206 334
206 335
206 337
206 349
206 388
206 390
206 398
206 399
206 401
206 418
206 454
206 462
206 463
206 465
206 518
206 526
206 527
206 529
206 546
206 582
206 590
206 591
206 593
206 610
206 646
206 654
206 657
206 710
206 718
206 721
206 774
206 782
206 783
206 785
206 802
206 838
206 846
206 849
206 902
206 910
206 913
206 966
206 974
206 975
206 977
206 1030
206 1038
206 1158
206 1166
206 1230
207 4
207 6
207 11
207 14
207 15
207 17
207 29
207 34
207 35
207 37
207 38
207 70
207 78
207 79
207 81
207 98
207 134
207 142
207 143
207 145
207 162
207 163
207 165
207 196
207 198
207 203
207 206
207 209
207 221
207 226
207 260
207 262
207 267
207 270
207 271
207 273
207 274
207 278
207 285
207 290
207 291
207 293
207 294
207 326
207 334
207 335
207 337
207 349
207 354
207 355
207 357
207 388
207 390
207 398
207 399
207 401
207 406
207 418
207 452
207 454
207 462
207 463
207 465
207 475
207 486
207 516
207 518
207 526
207 527
207 529
207 546
207 549
207 550
207 582
207 590
207 591
207 593
207 605
207 610
207 612
207 644
207 646
207 654
207 655
207 657
207 669
207 708
207 710
207 715
207 718
207 719
207 721
207 726
207 738
207 740
207 772
207 774
207 779
207 782
207 783
207 785
207 795
207 802
207 804
207 838
207 846
207 847
207 849
207 902
207 910
207 911
207 913
207 966
207 974
207 975
207 977
207 994
207 998
207 1030
207 1038
207 1041
207 1094
207 1102
207 1158
207 1166
207 1169
207 1222
207 1230
208 16
208 80
208 141
208 144
208 272
208 336
208 400
208 441
208 487
208 963
208 1137
209 4
209 6
209 11
209 14
209 15
209 17
209 29
209 34
209 35
209 37
209 38
209 70
209 78
209 79
209 81
209 98
209 134
209 142
209 143
209 145
209 162
209 163
209 165
209 196
209 198
209 203
209 206
209 207
209 221
209 226
209 260
209 262
209 267
209 270
209 271
209 273
209 274
209 278
209 285
209 290
209 291
209 293
209 294
209 324
209 326
209 334
209 335
209 337
209 349
209 354
209 355
209 357
209 388
209 390
209 398
209 399
209 401
209 406
209 418
209 421
209 452
209 454
209 462
209 463
209 465
209 475
209 486
209 516
209 518
209 526
209 527
209 529
209 546
209 549
209 550
209 582
209 590
209 591
209 593
209 605
209 610
209 612
209 644
209 646
209 654
209 655
209 657
209 669
209 708
209 710
209 715
209 718
209 719
209 721
209 726
209 738
209 740
209 772
209 774
209 779
209 782
209 783
209 785
209 795
209 802
209 804
209 838
209 846
209 847
209 849
209 902
209 910
209 911
209 913
209 931
209 966
209 971
209 974
209 975
209 977
209 994
209 998
209 1030
209 1038
209 1041
209 1094
209 1102
209 1158
209 1166
209 1169
209 1222
209 1230
210 18
210 82
210 146
210 274
210 338
210 402
211 19
211 83
211 147
211 275
211 339
211 403
211 999
212 20
212 84
212 148
212 276
212 340
212 404
212 480
213 21
213 85
213 149
213 277
213 341
213 405
214 0
214 4
214 9
214 10
214 11
214 12
214 18
214 22
214 35
214 36
214 37
214 38
214 44
214 47
214 53
214 68
214 70
214 71
214 79
214 81
214 86
214 93
214 98
214 99
214 101
214 132
214 137
214 139
214 143
214 145
214 150
214 157
214 162
214 163
214 164
214 165
214 192
214 193
214 196
214 203
214 205
214 219
214 221
214 224
214 225
214 227
214 229
214 245
214 260
214 263
214 267
214 268
214 274
214 278
214 283
214 284
214 285
214 288
214 289
214 291
214 292
214 293
214 294
214 311
214 320
214 324
214 327
214 331
214 333
214 335
214 342
214 348
214 349
214 350
214 352
214 353
214 354
214 355
214 357
214 358
214 388
214 391
214 395
214 397
214 399
214 401
214 406
214 411
214 413
214 418
214 419
214 420
214 421
214 422
214 428
214 437
214 448
214 452
214 455
214 459
214 470
214 475
214 482
214 483
214 484
214 486
214 492
214 516
214 518
214 519
214 523
214 527
214 530
214 534
214 541
214 542
214 546
214 547
214 549
214 550
214 565
214 580
214 583
214 587
214 591
214 593
214 598
214 605
214 610
214 611
214 612
214 613
214 644
214 647
214 651
214 655
214 657
214 662
214 667
214 668
214 669
214 674
214 675
214 676
214 677
214 708
214 715
214 719
214 721
214 726
214 732
214 733
214 736
214 738
214 740
214 741
214 772
214 778
214 779
214 783
214 795
214 797
214 802
214 804
214 806
214 812
214 836
214 843
214 847
214 849
214 868
214 869
214 900
214 903
214 907
214 911
214 913
214 923
214 925
214 930
214 931
214 964
214 971
214 975
214 977
214 978
214 982
214 994
214 997
214 998
214 1028
214 1035
214 1039
214 1041
214 1053
214 1061
214 1103
214 1122
214 1124
214 1185
214 1196
214 1220
214 1223
214 1238
214 1243
214 1250
214 1253
215 23
215 87
215 151
215 279
215 343
215 407
216 24
216 88
216 152
216 280
216 344
216 408
217 25
217 89
217 153
217 281
217 345
217 409
217 435
217 458
218 26
218 90
218 154
218 282
218 346
218 410
219 0
219 4
219 9
219 10
219 11
219 12
219 18
219 22
219 27
219 35
219 36
219 37
219 38
219 44
219 47
219 53
219 68
219 70
219 71
219 79
219 81
219 86
219 91
219 93
219 98
219 99
219 101
219 132
219 139
219 143
219 145
219 150
219 155
219 157
219 162
219 163
219 164
219 165
219 192
219 193
219 196
219 203
219 205
219 214
219 221
219 224
219 225
219 227
219 229
219 245
219 260
219 263
219 267
219 268
219 274
219 278
219 283
219 284
219 285
219 288
219 289
219 290
219 291
219 292
219 293
219 294
219 311
219 320
219 324
219 331
219 333
219 335
219 342
219 347
219 348
219 349
219 350
219 352
219 353
219 354
219 355
219 357
219 358
219 388
219 391
219 395
219 397
219 399
219 401
219 406
219 411
219 413
219 418
219 419
219 420
219 421
219 422
219 428
219 437
219 448
219 452
219 455
219 459
219 470
219 475
219 482
219 483
219 484
219 486
219 492
219 516
219 518
219 519
219 523
219 527
219 530
219 534
219 541
219 542
219 546
219 547
219 549
219 550
219 565
219 580
219 583
219 587
219 591
219 593
219 598
219 605
219 610
219 611
219 612
219 613
219 644
219 647
219 651
219 655
219 657
219 662
219 667
219 668
219 669
219 674
219 675
219 676
219 677
219 708
219 715
219 719
219 721
219 726
219 732
219 733
219 736
219 738
219 740
219 741
219 772
219 778
219 779
219 783
219 795
219 797
219 802
219 804
219 806
219 812
219 836
219 843
219 847
219 849
219 868
219 869
219 900
219 903
219 907
219 911
219 913
219 923
219 925
219 930
219 931
219 964
219 971
219 975
219 977
219 978
219 982
219 994
219 997
219 998
219 1028
219 1035
219 1039
219 1041
219 1053
219 1061
219 1103
219 1122
219 1124
219 1185
219 1196
219 1220
219 1223
219 1238
219 1243
219 1250
219 1253
220 28
220 92
220 156
220 284
220 348
220 412
220 970
221 4
221 6
221 9
221 11
221 14
221 15
221 17
221 22
221 29
221 34
221 35
221 36
221 37
221 38
221 70
221 71
221 78
221 79
221 81
221 93
221 98
221 132
221 134
221 139
221 142
221 143
221 145
221 157
221 162
221 163
221 165
221 196
221 198
221 203
221 206
221 207
221 209
221 214
221 219
221 226
221 229
221 260
221 262
221 267
221 268
221 270
221 271
221 273
221 274
221 278
221 283
221 285
221 288
221 290
221 291
221 293
221 294
221 324
221 326
221 334
221 335
221 337
221 348
221 349
221 354
221 355
221 357
221 388
221 390
221 391
221 395
221 398
221 399
221 401
221 406
221 413
221 418
221 421
221 422
221 452
221 454
221 459
221 462
221 463
221 465
221 470
221 475
221 482
221 486
221 516
221 518
221 519
221 526
221 527
221 529
221 534
221 541
221 542
221 546
221 549
221 550
221 565
221 582
221 583
221 590
221 591
221 593
221 605
221 610
221 611
221 612
221 644
221 646
221 647
221 654
221 655
221 657
221 667
221 669
221 674
221 708
221 710
221 715
221 718
221 719
221 721
221 726
221 736
221 738
221 740
221 741
221 772
221 774
221 779
221 782
221 783
221 785
221 795
221 802
221 804
221 838
221 846
221 847
221 849
221 900
221 902
221 910
221 911
221 913
221 931
221 964
221 966
221 971
221 974
221 975
221 977
221 994
221 997
221 998
221 1030
221 1038
221 1039
221 1041
221 1094
221 1102
221 1105
221 1156
221 1159
221 1163
221 1167
221 1169
221 1174
221 1186
221 1189
221 1222
221 1231
221 1233
222 30
222 94
222 158
222 286
222 350
222 414
223 31
223 95
223 159
223 287
223 351
223 415
223 1074
223 1149
223 1244
224 0
224 9
224 10
224 12
224 18
224 22
224 32
224 36
224 44
224 47
224 51
224 53
224 68
224 71
224 86
224 93
224 96
224 99
224 101
224 132
224 137
224 139
224 150
224 157
224 160
224 164
224 192
224 193
224 202
224 205
224 214
224 219
224 225
224 227
224 228
224 229
224 239
224 245
224 258
224 263
224 268
224 275
224 283
224 284
224 288
224 289
224 292
224 311
224 320
224 327
224 331
224 333
224 338
224 342
224 347
224 348
224 350
224 352
224 353
224 356
224 358
224 367
224 391
224 395
224 397
224 402
224 411
224 412
224 413
224 416
224 417
224 419
224 420
224 428
224 437
224 448
224 455
224 461
224 470
224 482
224 483
224 484
224 492
224 519
224 523
224 530
224 534
224 539
224 541
224 542
224 547
224 565
224 580
224 583
224 587
224 598
224 603
224 611
224 613
224 614
224 647
224 651
224 662
224 667
224 668
224 674
224 675
224 676
224 677
224 732
224 733
224 736
224 739
224 741
224 775
224 778
224 797
224 800
224 805
224 806
224 812
224 836
224 839
224 843
224 845
224 854
224 866
224 868
224 869
224 870
224 900
224 903
224 907
224 923
224 925
224 928
224 930
224 933
224 949
224 964
224 969
224 978
224 982
224 989
224 995
224 997
224 1028
224 1031
224 1035
224 1039
224 1053
224 1059
224 1061
224 1092
224 1099
224 1110
224 1165
224 1179
224 1181
224 1188
224 1216
224 1246
225 0
225 9
225 10
225 11
225 12
225 18
225 22
225 33
225 36
225 44
225 47
225 53
225 68
225 71
225 86
225 93
225 97
225 98
225 99
225 101
225 132
225 137
225 139
225 150
225 157
225 161
225 164
225 192
225 193
225 196
225 202
225 203
225 205
225 214
225 219
225 224
225 227
225 228
225 229
225 239
225 245
225 258
225 263
225 268
225 275
225 283
225 284
225 288
225 289
225 292
225 293
225 311
225 320
225 324
225 327
225 331
225 333
225 342
225 347
225 348
225 350
225 352
225 353
225 356
225 357
225 358
225 367
225 391
225 395
225 397
225 402
225 411
225 413
225 417
225 419
225 420
225 421
225 422
225 428
225 437
225 448
225 455
225 459
225 470
225 482
225 483
225 484
225 486
225 492
225 519
225 523
225 530
225 534
225 539
225 541
225 542
225 547
225 550
225 565
225 580
225 583
225 587
225 598
225 605
225 611
225 612
225 613
225 614
225 647
225 651
225 662
225 667
225 668
225 669
225 674
225 675
225 676
225 677
225 715
225 719
225 732
225 733
225 736
225 739
225 740
225 741
225 772
225 778
225 795
225 797
225 800
225 805
225 806
225 812
225 836
225 843
225 845
225 847
225 854
225 866
225 868
225 869
225 870
225 900
225 903
225 907
225 923
225 925
225 928
225 930
225 931
225 933
225 949
225 964
225 969
225 971
225 978
225 982
225 995
225 997
225 998
225 1028
225 1031
225 1035
225 1039
225 1053
225 1061
225 1092
225 1099
225 1110
225 1165
225 1179
225 1181
225 1196
225 1216
225 1246
225 1250
226 4
226 6
226 11
226 14
226 15
226 17
226 29
226 34
226 35
226 37
226 38
226 70
226 78
226 79
226 81
226 98
226 134
226 142
226 143
226 145
226 162
226 163
226 165
226 196
226 198
226 203
226 206
226 207
226 209
226 221
226 260
226 262
226 267
226 270
226 271
226 273
226 274
226 278
226 285
226 290
226 291
226 293
226 294
226 324
226 326
226 334
226 335
226 337
226 349
226 354
226 355
226 357
226 388
226 390
226 398
226 399
226 401
226 406
226 418
226 421
226 452
226 454
226 462
226 463
226 465
226 475
226 486
226 516
226 518
226 526
226 527
226 529
226 546
226 549
226 550
226 582
226 590
226 591
226 593
226 605
226 610
226 612
226 644
226 646
226 654
226 655
226 657
226 669
226 708
226 710
226 715
226 718
226 719
226 721
226 726
226 738
226 740
226 772
226 774
226 779
226 782
226 783
226 785
226 795
226 802
226 804
226 838
226 846
226 847
226 849
226 902
226 910
226 911
226 913
226 931
226 966
226 971
226 974
226 975
226 977
226 994
226 998
226 1030
226 1038
226 1041
226 1094
226 1102
226 1158
226 1166
226 1169
226 1222
226 1230
227 0
227 9
227 10
227 11
227 12
227 18
227 22
227 35
227 36
227 37
227 44
227 47
227 53
227 68
227 71
227 86
227 93
227 98
227 99
227 101
227 132
227 137
227 139
227 143
227 150
227 157
227 162
227 163
227 164
227 165
227 192
227 193
227 196
227 203
227 205
227 214
227 219
227 224
227 225
227 229
227 239
227 245
227 258
227 263
227 267
227 268
227 274
227 283
227 284
227 285
227 288
227 289
227 291
227 292
227 293
227 311
227 320
227 324
227 327
227 331
227 333
227 342
227 347
227 348
227 350
227 352
227 353
227 354
227 355
227 356
227 357
227 358
227 367
227 391
227 395
227 397
227 406
227 411
227 413
227 417
227 419
227 420
227 421
227 422
227 428
227 437
227 448
227 452
227 455
227 459
227 470
227 475
227 482
227 483
227 484
227 486
227 492
227 516
227 519
227 523
227 530
227 534
227 539
227 541
227 542
227 547
227 549
227 550
227 565
227 580
227 583
227 587
227 598
227 605
227 611
227 612
227 613
227 614
227 644
227 647
227 651
227 655
227 662
227 667
227 668
227 669
227 674
227 675
227 676
227 677
227 708
227 715
227 719
227 726
227 732
227 733
227 736
227 738
227 739
227 740
227 741
227 772
227 778
227 779
227 795
227 797
227 800
227 804
227 806
227 812
227 836
227 843
227 847
227 866
227 868
227 869
227 900
227 903
227 907
227 911
227 923
227 925
227 930
227 931
227 933
227 949
227 964
227 969
227 971
227 978
227 982
227 994
227 995
227 997
227 998
227 1028
227 1035
227 1039
227 1041
227 1053
227 1061
227 1092
227 1099
227 1110
227 1165
227 1179
227 1181
227 1196
227 1216
227 1243
227 1246
227 1250
227 1253
228 1
228 10
228 12
228 18
228 21
228 36
228 47
228 51
228 86
228 91
228 99
228 100
228 101
228 137
228 164
228 192
228 193
228 201
228 202
228 205
228 224
228 225
228 230
228 239
228 245
228 247
228 258
228 275
228 284
228 289
228 292
228 320
228 327
228 331
228 333
228 338
228 342
228 347
228 352
228 356
228 367
228 402
228 412
228 417
228 419
228 420
228 428
228 431
228 449
228 455
228 461
228 477
228 492
228 530
228 539
228 587
228 589
228 598
228 603
228 608
228 614
228 662
228 668
228 675
228 713
228 731
228 739
228 775
228 789
228 790
228 800
228 805
228 812
228 819
228 839
228 843
228 845
228 854
228 866
228 869
228 870
228 903
228 907
228 918
228 923
228 928
228 933
228 949
228 969
228 988
228 989
228 995
228 1031
228 1035
228 1053
228 1059
228 1188
228 1190
228 1206
228 1227
228 1249
228 1252
229 0
229 4
229 9
229 11
229 12
229 18
229 22
229 35
229 36
229 37
229 38
229 44
229 47
229 53
229 68
229 70
229 71
229 79
229 81
229 86
229 93
229 98
229 99
229 101
229 132
229 139
229 143
229 145
229 150
229 157
229 162
229 163
229 164
229 165
229 192
229 193
229 196
229 203
229 205
229 214
229 219
229 221
229 224
229 225
229 227
229 245
229 260
229 263
229 267
229 268
229 274
229 278
229 283
229 284
229 285
229 288
229 289
229 290
229 291
229 292
229 293
229 294
229 311
229 320
229 324
229 331
229 333
229 335
229 342
229 348
229 349
229 350
229 353
229 354
229 355
229 357
229 358
229 388
229 391
229 395
229 397
229 399
229 401
229 406
229 411
229 413
229 418
229 419
229 420
229 421
229 422
229 428
229 437
229 448
229 452
229 455
229 459
229 470
229 475
229 482
229 483
229 484
229 486
229 492
229 516
229 518
229 519
229 523
229 527
229 530
229 534
229 541
229 542
229 546
229 547
229 549
229 550
229 565
229 580
229 583
229 587
229 591
229 593
229 598
229 605
229 610
229 611
229 612
229 613
229 644
229 647
229 651
229 655
229 657
229 662
229 667
229 668
229 669
229 674
229 675
229 676
229 677
229 708
229 715
229 719
229 721
229 726
229 732
229 733
229 736
229 738
229 740
229 741
229 772
229 778
229 779
229 783
229 795
229 797
229 802
229 804
229 806
229 812
229 836
229 843
229 847
229 849
229 868
229 869
229 900
229 903
229 907
229 911
229 913
229 923
229 925
229 930
229 931
229 964
229 971
229 975
229 977
229 978
229 982
229 994
229 997
229 998
229 1028
229 1035
229 1039
229 1041
229 1053
229 1061
229 1103
229 1122
229 1124
229 1185
229 1220
229 1223
229 1238
229 1243
229 1253
230 1
230 21
230 38
230 51
230 91
230 102
230 166
230 201
230 202
230 228
230 239
230 247
230 257
230 258
230 275
230 294
230 338
230 347
230 356
230 358
230 402
230 412
230 422
230 431
230 449
230 461
230 477
230 539
230 589
230 603
230 608
230 614
230 713
230 731
230 775
230 789
230 790
230 800
230 801
230 805
230 819
230 839
230 845
230 854
230 870
230 918
230 928
230 933
230 949
230 988
230 989
230 1031
230 1059
230 1097
230 1162
230 1252
230 1254
231 39
231 103
231 167
231 282
231 295
231 359
231 423
231 709
232 40
232 104
232 168
232 296
232 360
232 424
233 41
233 54
233 105
233 169
233 297
233 361
233 425
233 814
233 1213
234 42
234 106
234 170
234 298
234 362
234 371
234 426
235 43
235 107
235 171
235 299
235 363
235 427
235 759
236 44
236 108
236 172
236 300
236 364
236 428
237 45
237 109
237 173
237 246
237 301
237 365
237 429
237 1228
238 46
238 110
238 174
238 302
238 366
238 430
238 865
238 1073
239 0
239 10
239 12
239 18
239 44
239 47
239 51
239 53
239 68
239 86
239 91
239 93
239 99
239 101
239 111
239 137
239 150
239 164
239 175
239 192
239 193
239 202
239 205
239 224
239 225
239 227
239 228
239 230
239 245
239 258
239 263
239 275
239 284
239 289
239 292
239 303
239 311
239 320
239 327
239 331
239 333
239 338
239 342
239 347
239 350
239 352
239 353
239 356
239 358
239 367
239 397
239 402
239 411
239 412
239 417
239 419
239 420
239 428
239 431
239 437
239 448
239 449
239 455
239 461
239 483
239 484
239 492
239 523
239 530
239 539
239 547
239 580
239 587
239 589
239 598
239 603
239 613
239 614
239 651
239 662
239 668
239 675
239 676
239 677
239 713
239 731
239 732
239 733
239 739
239 775
239 778
239 790
239 797
239 800
239 805
239 806
239 812
239 836
239 839
239 843
239 845
239 854
239 866
239 868
239 869
239 870
239 903
239 907
239 918
239 923
239 925
239 928
239 930
239 933
239 949
239 969
239 978
239 982
239 989
239 995
239 1028
239 1031
239 1035
239 1053
239 1059
239 1061
239 1188
239 1190
239 1227
240 48
240 112
240 176
240 304
240 368
240 432
241 49
241 113
241 177
241 305
241 369
241 433
241 450
242 50
242 114
242 178
242 306
242 370
242 434
242 908
243 51
243 115
243 179
243 286
243 307
243 371
243 435
243 536
243 826
243 871
244 52
244 56
244 116
244 180
244 308
244 372
244 436
244 558
245 0
245 9
245 10
245 12
245 18
245 22
245 36
245 44
245 47
245 53
245 68
245 71
245 86
245 93
245 99
245 101
245 117
245 132
245 137
245 139
245 150
245 157
245 164
245 181
245 192
245 193
245 202
245 205
245 214
245 219
245 224
245 225
245 227
245 228
245 229
245 239
245 258
245 263
245 268
245 275
245 283
245 284
245 288
245 289
245 292
245 309
245 311
245 320
245 324
245 327
245 331
245 333
245 338
245 342
245 347
245 348
245 350
245 352
245 353
245 356
245 358
245 367
245 373
245 391
245 395
245 397
245 402
245 411
245 413
245 417
245 419
245 420
245 421
245 422
245 428
245 437
245 448
245 455
245 459
245 470
245 482
245 483
245 484
245 486
245 492
245 519
245 523
245 530
245 534
245 539
245 541
245 542
245 547
245 565
245 580
245 583
245 587
245 598
245 605
245 611
245 613
245 614
245 647
245 651
245 662
245 667
245 668
245 674
245 675
245 676
245 677
245 732
245 733
245 736
245 739
245 741
245 778
245 797
245 800
245 805
245 806
245 812
245 836
245 839
245 843
245 845
245 854
245 866
245 868
245 869
245 870
245 900
245 903
245 907
245 923
245 925
245 928
245 930
245 931
245 933
245 949
245 964
245 969
245 971
245 978
245 982
245 995
245 997
245 1028
245 1031
245 1035
245 1039
245 1053
245 1059
245 1061
245 1092
245 1099
245 1110
245 1165
245 1179
245 1181
245 1188
245 1216
245 1246
246 54
246 118
246 182
246 237
246 310
246 374
246 438
246 1228
247 1
247 21
247 51
247 55
247 91
247 119
247 183
247 201
247 202
247 228
247 230
247 257
247 275
247 311
247 338
247 347
247 375
247 402
247 412
247 431
247 439
247 449
247 461
247 477
247 539
247 589
247 603
247 608
247 713
247 731
247 775
247 789
247 790
247 801
247 805
247 819
247 839
247 845
247 854
247 870
247 918
247 928
247 933
247 949
247 988
247 989
247 1031
247 1059
247 1097
247 1162
247 1170
247 1254
247 1270
248 56
248 120
248 184
248 312
248 376
248 440
249 57
249 121
249 185
249 313
249 377
249 441
249 1021
250 58
250 122
250 186
250 314
250 378
250 442
250 1140
251 59
251 123
251 187
251 315
251 379
251 443
251 1048
251 1175
251 1232
252 60
252 124
252 188
252 316
252 380
252 444
252 474
252 1078
252 1265
253 61
253 125
253 189
253 317
253 381
253 445
253 811
254 62
254 126
254 190
254 318
254 382
254 446
254 633
254 1044
255 63
255 127
255 191
255 319
255 383
255 447
255 886
255 892
256 64
256 128
256 192
256 302
256 320
256 384
256 416
256 448
256 864
256 1184
257 1
257 21
257 65
257 91
257 129
257 193
257 201
257 230
257 247
257 321
257 385
257 431
257 449
257 477
257 589
257 608
257 659
257 704
257 713
257 731
257 789
257 790
257 801
257 819
257 918
257 932
257 988
257 1097
257 1125
257 1170
257 1270
258 0
258 10
258 12
258 18
258 44
258 47
258 51
258 53
258 66
258 68
258 86
258 91
258 93
258 99
258 101
258 130
258 137
258 139
258 150
258 164
258 192
258 193
258 194
258 202
258 205
258 224
258 225
258 227
258 228
258 230
258 239
258 245
258 263
258 275
258 284
258 289
258 292
258 311
258 320
258 322
258 327
258 331
258 333
258 338
258 342
258 347
258 350
258 352
258 353
258 356
258 358
258 367
258 386
258 397
258 402
258 411
258 412
258 417
258 419
258 420
258 428
258 431
258 437
258 448
258 449
258 450
258 455
258 461
258 470
258 482
258 483
258 484
258 492
258 523
258 530
258 539
258 547
258 580
258 587
258 589
258 598
258 603
258 613
258 614
258 651
258 662
258 668
258 675
258 676
258 677
258 713
258 731
258 732
258 733
258 739
258 775
258 778
258 797
258 800
258 805
258 806
258 812
258 836
258 839
258 843
258 845
258 854
258 866
258 868
258 869
258 870
258 903
258 907
258 918
258 923
258 925
258 928
258 930
258 933
258 949
258 969
258 978
258 982
258 989
258 995
258 1028
258 1031
258 1035
258 1053
258 1059
258 1061
258 1092
258 1097
258 1099
258 1110
258 1188
258 1190
258 1227
259 67
259 131
259 195
259 280
259 323
259 387
259 451
259 952
259 1012
259 1071
260 4
260 6
260 9
260 11
260 14
260 15
260 17
260 29
260 34
260 35
260 36
260 37
260 38
260 68
260 70
260 71
260 78
260 79
260 81
260 98
260 132
260 134
260 142
260 143
260 145
260 157
260 162
260 163
260 165
260 196
260 198
260 203
260 206
260 207
260 209
260 214
260 219
260 221
260 226
260 229
260 262
260 267
260 268
260 270
260 271
260 273
260 274
260 278
260 283
260 285
260 290
260 291
260 293
260 294
260 324
260 326
260 334
260 335
260 337
260 348
260 349
260 354
260 355
260 357
260 388
260 390
260 395
260 398
260 399
260 401
260 406
260 413
260 418
260 421
260 422
260 452
260 454
260 459
260 462
260 463
260 465
260 475
260 486
260 516
260 518
260 519
260 526
260 527
260 529
260 534
260 541
260 542
260 546
260 549
260 550
260 565
260 582
260 583
260 590
260 591
260 593
260 605
260 610
260 611
260 612
260 644
260 646
260 647
260 654
260 655
260 657
260 667
260 669
260 674
260 708
260 710
260 715
260 718
260 719
260 721
260 726
260 736
260 738
260 740
260 772
260 774
260 779
260 782
260 783
260 785
260 795
260 802
260 804
260 838
260 846
260 847
260 849
260 900
260 902
260 910
260 911
260 913
260 931
260 964
260 966
260 971
260 974
260 975
260 977
260 994
260 997
260 998
260 1030
260 1038
260 1039
260 1041
260 1094
260 1102
260 1103
260 1105
260 1122
260 1124
260 1163
260 1166
260 1167
260 1169
260 1174
260 1186
260 1222
260 1233
261 69
261 133
261 197
261 325
261 389
261 453
262 4
262 6
262 14
262 15
262 17
262 29
262 34
262 35
262 37
262 38
262 70
262 78
262 79
262 81
262 134
262 142
262 143
262 145
262 162
262 163
262 165
262 198
262 206
262 207
262 209
262 221
262 226
262 260
262 270
262 271
262 273
262 274
262 278
262 285
262 290
262 291
262 294
262 326
262 334
262 335
262 337
262 349
262 355
262 388
262 390
262 398
262 399
262 401
262 406
262 418
262 452
262 454
262 462
262 463
262 465
262 475
262 516
262 518
262 526
262 527
262 529
262 546
262 549
262 582
262 590
262 591
262 593
262 610
262 644
262 646
262 654
262 655
262 657
262 708
262 710
262 718
262 721
262 726
262 738
262 774
262 779
262 782
262 783
262 785
262 802
262 804
262 838
262 846
262 849
262 902
262 910
262 911
262 913
262 966
262 974
262 975
262 977
262 994
262 1030
262 1038
262 1041
262 1094
262 1102
262 1105
262 1158
262 1166
262 1169
262 1222
262 1230
263 0
263 9
263 10
263 11
263 12
263 18
263 22
263 35
263 36
263 37
263 44
263 47
263 53
263 68
263 71
263 79
263 81
263 86
263 93
263 98
263 99
263 101
263 132
263 135
263 137
263 139
263 143
263 150
263 157
263 162
263 163
263 164
263 165
263 192
263 193
263 196
263 199
263 203
263 205
263 214
263 219
263 224
263 225
263 227
263 229
263 239
263 245
263 258
263 267
263 268
263 274
263 278
263 283
263 284
263 285
263 288
263 289
263 291
263 292
263 293
263 311
263 320
263 324
263 327
263 331
263 333
263 342
263 348
263 350
263 352
263 353
263 354
263 355
263 356
263 357
263 358
263 367
263 388
263 391
263 395
263 397
263 406
263 411
263 413
263 417
263 418
263 419
263 420
263 421
263 422
263 428
263 437
263 448
263 452
263 455
263 459
263 470
263 475
263 482
263 483
263 484
263 486
263 492
263 516
263 519
263 523
263 530
263 534
263 541
263 542
263 546
263 547
263 549
263 550
263 565
263 580
263 583
263 587
263 591
263 598
263 605
263 610
263 611
263 612
263 613
263 614
263 644
263 647
263 651
263 655
263 662
263 667
263 668
263 669
263 674
263 675
263 676
263 677
263 708
263 715
263 719
263 726
263 732
263 733
263 736
263 738
263 739
263 740
263 741
263 772
263 778
263 779
263 795
263 797
263 800
263 804
263 806
263 812
263 836
263 843
263 847
263 866
263 868
263 869
263 900
263 903
263 907
263 911
263 923
263 925
263 930
263 931
263 964
263 969
263 971
263 978
263 982
263 994
263 995
263 997
263 998
263 1028
263 1035
263 1039
263 1041
263 1053
263 1061
263 1092
263 1099
263 1103
263 1105
263 1110
263 1122
263 1124
263 1165
263 1179
263 1196
263 1216
263 1238
263 1243
263 1246
263 1250
263 1253
264 5
264 72
264 135
264 136
264 199
264 200
264 328
264 329
264 392
264 456
264 457
264 521
264 581
264 648
264 712
264 773
264 841
264 905
264 967
264 1033
264 1093
264 1157
264 1225
265 73
265 137
265 161
265 201
265 329
265 373
265 393
265 457
266 74
266 138
266 202
266 330
266 394
266 458
266 1076
267 0
267 4
267 6
267 9
267 11
267 15
267 18
267 22
267 29
267 34
267 35
267 36
267 37
267 38
267 44
267 53
267 68
267 70
267 71
267 75
267 79
267 81
267 86
267 93
267 98
267 99
267 132
267 134
267 139
267 142
267 143
267 145
267 150
267 157
267 162
267 163
267 165
267 196
267 203
267 205
267 207
267 209
267 214
267 219
267 221
267 226
267 227
267 229
267 260
267 263
267 268
267 271
267 273
267 274
267 278
267 283
267 284
267 285
267 288
267 289
267 290
267 291
267 292
267 293
267 294
267 311
267 324
267 331
267 335
267 337
267 348
267 349
267 350
267 353
267 354
267 355
267 357
267 358
267 388
267 390
267 391
267 395
267 397
267 399
267 401
267 406
267 411
267 413
267 418
267 419
267 420
267 421
267 422
267 428
267 437
267 448
267 452
267 454
267 459
267 463
267 465
267 470
267 475
267 482
267 483
267 484
267 486
267 492
267 516
267 518
267 519
267 523
267 527
267 529
267 534
267 541
267 542
267 546
267 547
267 549
267 550
267 565
267 580
267 582
267 583
267 587
267 590
267 591
267 593
267 598
267 605
267 610
267 611
267 612
267 613
267 644
267 646
267 647
267 651
267 655
267 657
267 667
267 669
267 674
267 676
267 677
267 708
267 710
267 715
267 718
267 719
267 721
267 726
267 732
267 733
267 736
267 738
267 740
267 741
267 772
267 778
267 779
267 783
267 785
267 795
267 797
267 802
267 804
267 806
267 836
267 838
267 846
267 847
267 849
267 868
267 869
267 900
267 902
267 910
267 911
267 913
267 923
267 925
267 930
267 931
267 964
267 966
267 971
267 975
267 977
267 978
267 982
267 994
267 997
267 998
267 1028
267 1030
267 1035
267 1038
267 1039
267 1041
267 1061
267 1092
267 1094
267 1099
267 1102
267 1103
267 1105
267 1110
267 1122
267 1124
267 1156
267 1159
267 1163
267 1167
267 1174
267 1185
267 1189
267 1220
267 1223
267 1231
267 1238
268 0
268 4
268 9
268 11
268 12
268 18
268 22
268 35
268 36
268 37
268 38
268 44
268 47
268 53
268 68
268 70
268 71
268 76
268 79
268 81
268 86
268 93
268 98
268 99
268 101
268 132
268 139
268 140
268 143
268 145
268 150
268 157
268 162
268 163
268 164
268 165
268 192
268 193
268 196
268 203
268 204
268 205
268 214
268 219
268 221
268 224
268 225
268 227
268 229
268 245
268 260
268 263
268 267
268 274
268 278
268 283
268 284
268 285
268 288
268 289
268 290
268 291
268 292
268 293
268 294
268 311
268 320
268 324
268 331
268 332
268 333
268 335
268 342
268 348
268 349
268 350
268 352
268 353
268 354
268 355
268 357
268 358
268 388
268 391
268 395
268 396
268 397
268 399
268 401
268 406
268 411
268 413
268 418
268 419
268 420
268 421
268 422
268 428
268 437
268 448
268 452
268 455
268 459
268 460
268 470
268 475
268 482
268 483
268 484
268 486
268 492
268 516
268 518
268 519
268 523
268 527
268 530
268 534
268 541
268 542
268 546
268 547
268 549
268 550
268 565
268 580
268 583
268 587
268 591
268 593
268 598
268 605
268 610
268 611
268 612
268 613
268 644
268 647
268 651
268 655
268 657
268 662
268 667
268 668
268 669
268 674
268 675
268 676
268 677
268 708
268 715
268 719
268 721
268 726
268 732
268 733
268 736
268 738
268 740
268 741
268 772
268 778
268 779
268 783
268 795
268 797
268 802
268 804
268 806
268 812
268 836
268 843
268 847
268 849
268 868
268 869
268 900
268 903
268 907
268 911
268 913
268 923
268 925
268 930
268 931
268 964
268 971
268 975
268 977
268 978
268 982
268 994
268 997
268 998
268 1028
268 1035
268 1039
268 1041
268 1053
268 1061
268 1092
268 1099
268 1103
268 1105
268 1110
268 1122
268 1124
268 1185
268 1220
268 1223
268 1238
268 1243
268 1250
268 1253
269 77
269 141
269 205
269 333
269 397
269 461
269 1046
270 4
270 6
270 14
270 15
270 17
270 29
270 34
270 38
270 70
270 78
270 134
270 142
270 145
270 198
270 206
270 207
270 209
270 221
270 226
270 260
270 262
270 271
270 273
270 290
270 294
270 326
270 334
270 335
270 337
270 349
270 390
270 398
270 399
270 401
270 454
270 462
270 463
270 465
270 518
270 526
270 527
270 529
270 582
270 590
270 593
270 646
270 654
270 657
270 710
270 718
270 721
270 774
270 782
270 783
270 785
270 838
270 846
270 849
270 902
270 910
270 966
270 974
270 975
270 1030
270 1038
270 1094
270 1102
270 1230
271 4
271 6
271 9
271 11
271 14
271 15
271 17
271 29
271 34
271 35
271 37
271 38
271 70
271 71
271 78
271 79
271 81
271 98
271 134
271 142
271 143
271 145
271 157
271 162
271 163
271 165
271 196
271 198
271 203
271 206
271 207
271 209
271 221
271 226
271 260
271 262
271 267
271 270
271 273
271 274
271 278
271 285
271 290
271 291
271 293
271 294
271 324
271 326
271 334
271 335
271 337
271 348
271 349
271 354
271 355
271 357
271 388
271 390
271 395
271 398
271 399
271 401
271 406
271 413
271 418
271 421
271 422
271 452
271 454
271 459
271 462
271 463
271 465
271 475
271 486
271 516
271 518
271 519
271 526
271 527
271 529
271 534
271 546
271 549
271 550
271 582
271 590
271 591
271 593
271 605
271 610
271 612
271 644
271 646
271 654
271 655
271 657
271 667
271 669
271 708
271 710
271 715
271 718
271 719
271 721
271 726
271 738
271 740
271 772
271 774
271 779
271 782
271 783
271 785
271 795
271 802
271 804
271 838
271 846
271 847
271 849
271 902
271 910
271 911
271 913
271 931
271 964
271 966
271 971
271 974
271 975
271 977
271 994
271 997
271 998
271 1030
271 1038
271 1039
271 1041
271 1094
271 1102
271 1105
271 1124
271 1158
271 1166
271 1169
271 1186
271 1222
271 1230
271 1233
272 80
272 144
272 159
272 208
272 336
272 400
272 464
273 4
273 6
273 9
273 11
273 14
273 15
273 17
273 29
273 34
273 35
273 37
273 38
273 70
273 71
273 78
273 79
273 81
273 98
273 134
273 142
273 143
273 145
273 157
273 162
273 163
273 165
273 196
273 198
273 203
273 206
273 207
273 209
273 221
273 226
273 260
273 262
273 267
273 270
273 271
273 274
273 278
273 285
273 290
273 291
273 293
273 294
273 324
273 326
273 334
273 335
273 337
273 349
273 354
273 355
273 357
273 388
273 390
273 398
273 399
273 401
273 406
273 413
273 418
273 421
273 422
273 452
273 454
273 459
273 462
273 463
273 465
273 475
273 486
273 516
273 518
273 519
273 526
273 527
273 529
273 546
273 549
273 550
273 582
273 590
273 591
273 593
273 605
273 610
273 612
273 644
273 646
273 654
273 655
273 657
273 669
273 708
273 710
273 715
273 718
273 719
273 721
273 726
273 738
273 740
273 772
273 774
273 779
273 782
273 783
273 785
273 795
273 802
273 804
273 838
273 846
273 847
273 849
273 902
273 910
273 911
273 913
273 931
273 966
273 971
273 974
273 975
273 977
273 994
273 998
273 1030
273 1038
273 1039
273 1041
273 1094
273 1102
273 1105
273 1124
273 1158
273 1166
273 1169
273 1222
273 1230
273 1233
274 4
274 6
274 9
274 11
274 15
274 17
274 22
274 29
274 34
274 35
274 36
274 37
274 38
274 53
274 68
274 70
274 71
274 78
274 79
274 81
274 82
274 93
274 98
274 132
274 134
274 139
274 142
274 143
274 145
274 146
274 150
274 157
274 162
274 163
274 165
274 196
274 198
274 203
274 207
274 209
274 210
274 214
274 219
274 221
274 226
274 227
274 229
274 260
274 262
274 263
274 267
274 268
274 271
274 273
274 278
274 283
274 285
274 288
274 290
274 291
274 293
274 294
274 311
274 324
274 326
274 335
274 337
274 338
274 348
274 349
274 350
274 354
274 355
274 357
274 358
274 388
274 390
274 391
274 395
274 397
274 398
274 399
274 401
274 402
274 406
274 411
274 413
274 418
274 420
274 421
274 422
274 437
274 448
274 452
274 454
274 459
274 462
274 463
274 465
274 466
274 470
274 475
274 482
274 483
274 484
274 486
274 516
274 518
274 519
274 523
274 527
274 529
274 534
274 541
274 542
274 546
274 547
274 549
274 550
274 565
274 580
274 582
274 583
274 590
274 591
274 593
274 605
274 610
274 611
274 612
274 613
274 644
274 646
274 647
274 651
274 654
274 655
274 657
274 667
274 669
274 674
274 676
274 677
274 708
274 710
274 715
274 718
274 719
274 721
274 726
274 732
274 733
274 736
274 738
274 740
274 741
274 772
274 774
274 778
274 779
274 783
274 785
274 795
274 797
274 802
274 804
274 806
274 836
274 838
274 846
274 847
274 849
274 868
274 900
274 902
274 910
274 911
274 913
274 925
274 930
274 931
274 964
274 966
274 971
274 974
274 975
274 977
274 978
274 982
274 994
274 997
274 998
274 1028
274 1030
274 1038
274 1039
274 1041
274 1094
274 1102
274 1103
274 1105
274 1122
274 1124
274 1156
274 1159
274 1163
274 1167
274 1174
274 1186
274 1189
274 1231
274 1233
275 1
275 10
275 12
275 18
275 21
275 44
275 47
275 51
275 83
275 86
275 91
275 99
275 101
275 137
275 147
275 164
275 192
275 193
275 201
275 202
275 205
275 211
275 224
275 225
275 228
275 230
275 239
275 245
275 247
275 258
275 284
275 289
275 292
275 320
275 327
275 331
275 333
275 338
275 339
275 342
275 347
275 352
275 353
275 356
275 367
275 402
275 403
275 412
275 417
275 419
275 428
275 431
275 449
275 455
275 461
275 467
275 477
275 492
275 530
275 539
275 587
275 589
275 598
275 603
275 608
275 614
275 662
275 668
275 675
275 713
275 731
275 739
275 775
275 789
275 790
275 800
275 805
275 812
275 819
275 839
275 843
275 845
275 854
275 866
275 869
275 870
275 903
275 907
275 918
275 923
275 928
275 933
275 949
275 969
275 988
275 989
275 995
275 1031
275 1035
275 1053
275 1059
275 1061
275 1092
275 1097
275 1099
275 1110
275 1188
275 1190
275 1206
275 1227
275 1249
276 84
276 148
276 212
276 340
276 404
276 468
276 494
277 85
277 149
277 213
277 341
277 405
277 469
278 4
278 6
278 9
278 11
278 15
278 17
278 22
278 29
278 34
278 35
278 36
278 37
278 38
278 53
278 68
278 70
278 71
278 78
278 79
278 81
278 86
278 93
278 98
278 132
278 134
278 139
278 142
278 143
278 145
278 150
278 157
278 162
278 163
278 165
278 196
278 198
278 203
278 206
278 207
278 209
278 214
278 219
278 221
278 226
278 229
278 260
278 262
278 263
278 267
278 268
278 271
278 273
278 274
278 283
278 285
278 288
278 290
278 291
278 293
278 294
278 324
278 326
278 334
278 335
278 337
278 342
278 348
278 349
278 350
278 354
278 355
278 357
278 388
278 390
278 391
278 395
278 398
278 399
278 401
278 406
278 411
278 413
278 418
278 420
278 421
278 422
278 437
278 448
278 452
278 454
278 459
278 462
278 463
278 465
278 470
278 475
278 482
278 484
278 486
278 516
278 518
278 519
278 523
278 527
278 529
278 534
278 541
278 542
278 546
278 549
278 550
278 565
278 580
278 582
278 583
278 590
278 591
278 593
278 605
278 610
278 611
278 612
278 644
278 646
278 647
278 651
278 654
278 655
278 657
278 667
278 669
278 674
278 677
278 708
278 710
278 715
278 718
278 719
278 721
278 726
278 732
278 733
278 736
278 738
278 740
278 741
278 772
278 774
278 778
278 779
278 783
278 785
278 795
278 802
278 804
278 806
278 836
278 838
278 846
278 847
278 849
278 900
278 902
278 910
278 911
278 913
278 930
278 931
278 964
278 966
278 971
278 974
278 975
278 977
278 978
278 982
278 994
278 997
278 998
278 1028
278 1030
278 1038
278 1039
278 1041
278 1094
278 1102
278 1103
278 1105
278 1122
278 1124
278 1156
278 1159
278 1163
278 1167
278 1174
278 1186
278 1189
278 1231
278 1233
279 87
279 151
279 215
279 343
279 407
279 471
279 497
279 680
279 823
280 88
280 152
280 216
280 259
280 344
280 408
280 472
280 952
280 1012
280 1071
281 89
281 153
281 217
281 345
281 409
281 473
281 776
282 90
282 154
282 218
282 231
282 346
282 410
282 474
282 709
283 0
283 4
283 9
283 11
283 12
283 18
283 22
283 35
283 36
283 37
283 38
283 44
283 47
283 53
283 68
283 70
283 71
283 79
283 81
283 86
283 91
283 93
283 98
283 99
283 101
283 132
283 139
283 143
283 145
283 150
283 155
283 157
283 162
283 163
283 164
283 165
283 192
283 193
283 196
283 203
283 205
283 214
283 219
283 221
283 224
283 225
283 227
283 229
283 245
283 260
283 263
283 267
283 268
283 274
283 278
283 284
283 285
283 288
283 289
283 290
283 291
283 292
283 293
283 294
283 311
283 320
283 324
283 331
283 333
283 335
283 342
283 347
283 348
283 349
283 350
283 352
283 353
283 354
283 355
283 357
283 358
283 388
283 391
283 395
283 397
283 399
283 401
283 406
283 411
283 413
283 418
283 419
283 420
283 421
283 422
283 428
283 437
283 448
283 452
283 455
283 459
283 470
283 475
283 482
283 483
283 484
283 486
283 492
283 516
283 518
283 519
283 523
283 527
283 530
283 534
283 541
283 542
283 546
283 547
283 549
283 550
283 565
283 580
283 583
283 587
283 591
283 593
283 598
283 605
283 610
283 611
283 612
283 613
283 644
283 647
283 651
283 655
283 657
283 662
283 667
283 668
283 669
283 674
283 675
283 676
283 677
283 708
283 715
283 719
283 721
283 726
283 732
283 733
283 736
283 738
283 740
283 741
283 772
283 778
283 779
283 783
283 795
283 797
283 802
283 804
283 806
283 812
283 836
283 843
283 847
283 849
283 868
283 869
283 900
283 903
283 907
283 911
283 913
283 923
283 925
283 930
283 931
283 964
283 971
283 975
283 977
283 978
283 982
283 994
283 997
283 998
283 1028
283 1035
283 1039
283 1041
283 1053
283 1061
283 1092
283 1099
283 1103
283 1105
283 1110
283 1122
283 1124
283 1185
283 1220
283 1223
283 1238
283 1243
283 1250
283 1253
284 0
284 9
284 10
284 11
284 12
284 18
284 22
284 36
284 44
284 47
284 53
284 68
284 71
284 86
284 92
284 93
284 98
284 99
284 101
284 132
284 137
284 139
284 150
284 156
284 157
284 164
284 192
284 193
284 196
284 202
284 203
284 205
284 214
284 219
284 220
284 224
284 225
284 227
284 228
284 229
284 239
284 245
284 258
284 263
284 267
284 268
284 275
284 283
284 288
284 289
284 292
284 293
284 311
284 320
284 324
284 327
284 331
284 333
284 342
284 347
284 348
284 350
284 352
284 353
284 354
284 356
284 357
284 358
284 367
284 391
284 395
284 397
284 402
284 411
284 412
284 413
284 417
284 419
284 420
284 421
284 422
284 428
284 437
284 448
284 455
284 459
284 470
284 476
284 482
284 483
284 484
284 486
284 492
284 519
284 523
284 530
284 534
284 539
284 541
284 542
284 547
284 550
284 565
284 580
284 583
284 587
284 598
284 605
284 611
284 612
284 613
284 614
284 647
284 651
284 662
284 667
284 668
284 669
284 674
284 675
284 676
284 677
284 715
284 719
284 732
284 733
284 736
284 739
284 740
284 741
284 772
284 778
284 795
284 797
284 800
284 805
284 806
284 812
284 836
284 843
284 845
284 847
284 854
284 866
284 868
284 869
284 870
284 900
284 903
284 907
284 923
284 925
284 928
284 930
284 931
284 933
284 949
284 964
284 969
284 971
284 978
284 982
284 995
284 997
284 998
284 1028
284 1031
284 1035
284 1039
284 1053
284 1061
284 1092
284 1099
284 1103
284 1110
284 1122
284 1124
284 1165
284 1179
284 1181
284 1196
284 1216
284 1246
284 1250
285 4
285 6
285 9
285 11
285 15
285 17
285 22
285 29
285 34
285 35
285 36
285 37
285 38
285 53
285 68
285 70
285 71
285 78
285 79
285 81
285 93
285 98
285 132
285 134
285 139
285 142
285 143
285 145
285 150
285 157
285 162
285 163
285 165
285 196
285 198
285 203
285 207
285 209
285 214
285 219
285 221
285 226
285 227
285 229
285 260
285 262
285 263
285 267
285 268
285 271
285 273
285 274
285 278
285 283
285 288
285 290
285 291
285 293
285 294
285 311
285 324
285 326
285 335
285 337
285 348
285 349
285 350
285 354
285 355
285 357
285 358
285 388
285 390
285 391
285 395
285 397
285 398
285 399
285 401
285 406
285 411
285 413
285 418
285 420
285 421
285 422
285 437
285 448
285 452
285 454
285 459
285 462
285 463
285 465
285 470
285 475
285 477
285 482
285 483
285 484
285 486
285 516
285 518
285 519
285 523
285 527
285 529
285 534
285 541
285 542
285 546
285 547
285 549
285 550
285 565
285 580
285 582
285 583
285 590
285 591
285 593
285 605
285 610
285 611
285 612
285 613
285 644
285 646
285 647
285 651
285 654
285 655
285 657
285 667
285 669
285 674
285 676
285 677
285 708
285 710
285 715
285 718
285 719
285 721
285 726
285 732
285 733
285 736
285 738
285 740
285 741
285 772
285 774
285 778
285 779
285 783
285 785
285 795
285 797
285 802
285 804
285 806
285 836
285 838
285 846
285 847
285 849
285 868
285 900
285 902
285 910
285 911
285 913
285 925
285 930
285 931
285 964
285 966
285 971
285 974
285 975
285 977
285 978
285 982
285 994
285 997
285 998
285 1028
285 1030
285 1038
285 1039
285 1041
285 1094
285 1102
285 1103
285 1105
285 1122
285 1124
285 1156
285 1159
285 1163
285 1167
285 1174
285 1186
285 1189
285 1231
285 1233
286 94
286 158
286 222
286 243
286 350
286 414
286 478
286 536
286 826
286 871
287 95
287 159
287 223
287 297
287 351
287 415
287 479
287 723
287 1176
288 0
288 4
288 9
288 10
288 11
288 12
288 18
288 22
288 35
288 36
288 37
288 38
288 44
288 47
288 53
288 68
288 70
288 71
288 79
288 81
288 86
288 93
288 96
288 98
288 99
288 101
288 132
288 137
288 139
288 143
288 145
288 150
288 157
288 160
288 162
288 163
288 164
288 165
288 192
288 193
288 196
288 203
288 205
288 214
288 219
288 221
288 224
288 225
288 227
288 229
288 245
288 263
288 267
288 268
288 274
288 278
288 283
288 284
288 285
288 289
288 291
288 292
288 293
288 294
288 311
288 320
288 324
288 327
288 331
288 333
288 335
288 342
288 348
288 349
288 350
288 352
288 353
288 354
288 355
288 357
288 358
288 388
288 391
288 395
288 397
288 399
288 401
288 406
288 411
288 413
288 416
288 417
288 418
288 419
288 420
288 421
288 422
288 428
288 437
288 448
288 452
288 455
288 459
288 470
288 475
288 480
288 482
288 483
288 484
288 486
288 492
288 516
288 518
288 519
288 523
288 527
288 530
288 534
288 541
288 542
288 546
288 547
288 549
288 550
288 565
288 580
288 583
288 587
288 591
288 593
288 598
288 605
288 610
288 611
288 612
288 613
288 644
288 647
288 651
288 655
288 657
288 662
288 667
288 668
288 669
288 674
288 675
288 676
288 677
288 708
288 715
288 719
288 721
288 726
288 732
288 733
288 736
288 738
288 739
288 740
288 741
288 772
288 778
288 779
288 783
288 795
288 797
288 802
288 804
288 806
288 812
288 836
288 843
288 847
288 849
288 868
288 869
288 900
288 903
288 907
288 911
288 913
288 923
288 925
288 930
288 931
288 964
288 971
288 975
288 977
288 978
288 982
288 994
288 997
288 998
288 1028
288 1035
288 1039
288 1041
288 1053
288 1061
288 1092
288 1099
288 1103
288 1105
288 1110
288 1122
288 1124
288 1185
288 1196
288 1220
288 1223
288 1238
288 1243
288 1250
288 1253
289 0
289 9
289 10
289 11
289 12
289 18
289 22
289 36
289 44
289 47
289 53
289 68
289 71
289 86
289 93
289 97
289 98
289 99
289 101
289 132
289 137
289 139
289 143
289 150
289 157
289 161
289 162
289 163
289 164
289 165
289 192
289 193
289 196
289 202
289 203
289 205
289 214
289 219
289 224
289 225
289 227
289 228
289 229
289 239
289 245
289 258
289 263
289 267
289 268
289 275
289 283
289 284
289 288
289 291
289 292
289 293
289 311
289 320
289 324
289 327
289 331
289 333
289 342
289 347
289 348
289 350
289 352
289 353
289 354
289 356
289 357
289 358
289 367
289 391
289 395
289 397
289 411
289 413
289 417
289 419
289 420
289 421
289 422
289 428
289 437
289 448
289 452
289 455
289 459
289 470
289 475
289 481
289 482
289 483
289 484
289 486
289 492
289 516
289 519
289 523
289 530
289 534
289 539
289 541
289 542
289 547
289 549
289 550
289 565
289 580
289 583
289 587
289 598
289 605
289 611
289 612
289 613
289 614
289 647
289 651
289 655
289 662
289 667
289 668
289 669
289 674
289 675
289 676
289 677
289 715
289 719
289 726
289 732
289 733
289 736
289 739
289 740
289 741
289 772
289 778
289 779
289 795
289 797
289 800
289 806
289 812
289 836
289 843
289 845
289 847
289 866
289 868
289 869
289 900
289 903
289 907
289 911
289 923
289 925
289 930
289 931
289 933
289 949
289 964
289 969
289 971
289 978
289 982
289 994
289 995
289 997
289 998
289 1028
289 1035
289 1039
289 1041
289 1053
289 1061
289 1092
289 1099
289 1103
289 1110
289 1122
289 1124
289 1165
289 1179
289 1181
289 1196
289 1216
289 1246
289 1250
289 1253
290 4
290 6
290 9
290 11
290 14
290 15
290 17
290 29
290 34
290 35
290 36
290 37
290 38
290 70
290 71
290 78
290 79
290 81
290 98
290 134
290 142
290 143
290 145
290 157
290 162
290 163
290 165
290 196
290 198
290 203
290 206
290 207
290 209
290 219
290 221
290 226
290 229
290 260
290 262
290 267
290 268
290 270
290 271
290 273
290 274
290 278
290 283
290 285
290 291
290 293
290 294
290 324
290 326
290 334
290 335
290 337
290 348
290 349
290 354
290 355
290 357
290 388
290 390
290 395
290 398
290 399
290 401
290 406
290 413
290 418
290 421
290 422
290 452
290 454
290 459
290 462
290 463
290 465
290 475
290 482
290 486
290 516
290 518
290 519
290 526
290 527
290 529
290 534
290 541
290 542
290 546
290 549
290 550
290 565
290 582
290 583
290 590
290 591
290 593
290 605
290 610
290 612
290 644
290 646
290 647
290 654
290 655
290 657
290 667
290 669
290 674
290 708
290 710
290 715
290 718
290 719
290 721
290 726
290 738
290 740
290 772
290 774
290 779
290 782
290 783
290 785
290 795
290 802
290 804
290 838
290 846
290 847
290 849
290 900
290 902
290 910
290 911
290 913
290 931
290 964
290 966
290 971
290 974
290 975
290 977
290 994
290 997
290 998
290 1030
290 1038
290 1039
290 1041
290 1094
290 1102
290 1103
290 1105
290 1122
290 1124
290 1158
290 1163
290 1166
290 1167
290 1169
290 1174
290 1186
290 1222
290 1233
291 0
291 4
291 6
291 9
291 11
291 15
291 22
291 29
291 34
291 35
291 36
291 37
291 38
291 44
291 53
291 68
291 70
291 71
291 78
291 79
291 81
291 93
291 98
291 99
291 132
291 134
291 139
291 142
291 143
291 145
291 150
291 157
291 162
291 163
291 165
291 196
291 198
291 203
291 207
291 209
291 214
291 219
291 221
291 226
291 227
291 229
291 260
291 262
291 263
291 267
291 268
291 271
291 273
291 274
291 278
291 283
291 285
291 288
291 289
291 290
291 293
291 294
291 311
291 324
291 326
291 335
291 337
291 348
291 349
291 350
291 353
291 354
291 355
291 357
291 358
291 388
291 390
291 391
291 395
291 397
291 398
291 399
291 401
291 406
291 411
291 413
291 418
291 419
291 420
291 421
291 422
291 437
291 448
291 452
291 454
291 459
291 462
291 463
291 465
291 470
291 475
291 482
291 483
291 484
291 486
291 516
291 518
291 519
291 523
291 527
291 529
291 534
291 541
291 542
291 546
291 547
291 549
291 550
291 565
291 580
291 582
291 583
291 590
291 591
291 593
291 605
291 610
291 611
291 612
291 613
291 644
291 646
291 647
291 651
291 655
291 657
291 667
291 669
291 674
291 676
291 677
291 708
291 710
291 715
291 718
291 719
291 721
291 726
291 732
291 733
291 736
291 738
291 740
291 741
291 772
291 774
291 778
291 779
291 783
291 785
291 795
291 797
291 802
291 804
291 806
291 836
291 838
291 846
291 847
291 849
291 868
291 900
291 902
291 910
291 911
291 913
291 925
291 930
291 931
291 964
291 966
291 971
291 974
291 975
291 977
291 978
291 982
291 994
291 997
291 998
291 1028
291 1030
291 1038
291 1039
291 1041
291 1061
291 1092
291 1094
291 1102
291 1103
291 1105
291 1122
291 1124
291 1156
291 1159
291 1163
291 1167
291 1174
291 1185
291 1186
291 1189
291 1220
291 1223
291 1231
291 1233
292 0
292 9
292 10
292 11
292 12
292 18
292 22
292 36
292 44
292 47
292 53
292 68
292 71
292 86
292 93
292 98
292 99
292 100
292 101
292 132
292 137
292 139
292 143
292 150
292 157
292 163
292 164
292 165
292 192
292 193
292 196
292 202
292 203
292 205
292 214
292 219
292 224
292 225
292 227
292 228
292 229
292 239
292 245
292 258
292 263
292 267
292 268
292 275
292 283
292 284
292 288
292 289
292 293
292 311
292 320
292 324
292 327
292 331
292 333
292 342
292 347
292 348
292 350
292 352
292 353
292 354
292 356
292 357
292 358
292 367
292 391
292 395
292 397
292 411
292 413
292 417
292 419
292 420
292 421
292 422
292 428
292 437
292 448
292 455
292 459
292 470
292 475
292 482
292 483
292 484
292 486
292 492
292 519
292 523
292 530
292 534
292 539
292 541
292 542
292 547
292 549
292 550
292 565
292 580
292 583
292 587
292 598
292 605
292 611
292 612
292 613
292 614
292 647
292 651
292 662
292 667
292 668
292 669
292 674
292 675
292 676
292 677
292 715
292 719
292 726
292 732
292 733
292 736
292 739
292 740
292 741
292 772
292 778
292 779
292 795
292 797
292 800
292 806
292 812
292 836
292 843
292 845
292 847
292 854
292 866
292 868
292 869
292 900
292 903
292 907
292 923
292 925
292 928
292 930
292 931
292 933
292 949
292 964
292 969
292 971
292 978
292 982
292 994
292 995
292 997
292 998
292 1028
292 1031
292 1035
292 1039
292 1053
292 1061
292 1092
292 1099
292 1103
292 1110
292 1122
292 1124
292 1165
292 1179
292 1181
292 1196
292 1216
292 1246
292 1250
292 1253
293 0
293 4
293 9
293 11
293 15
293 18
293 22
293 29
293 34
293 35
293 36
293 37
293 38
293 44
293 53
293 68
293 70
293 71
293 79
293 81
293 86
293 93
293 98
293 99
293 101
293 132
293 134
293 139
293 143
293 145
293 150
293 157
293 162
293 163
293 165
293 196
293 203
293 205
293 207
293 209
293 214
293 219
293 221
293 225
293 226
293 227
293 229
293 260
293 263
293 267
293 268
293 271
293 273
293 274
293 278
293 283
293 284
293 285
293 288
293 289
293 290
293 291
293 292
293 294
293 311
293 324
293 331
293 333
293 335
293 337
293 348
293 349
293 350
293 353
293 354
293 355
293 357
293 358
293 388
293 391
293 395
293 397
293 399
293 401
293 406
293 411
293 413
293 418
293 419
293 420
293 421
293 422
293 428
293 437
293 448
293 452
293 454
293 459
293 463
293 465
293 470
293 475
293 482
293 483
293 484
293 485
293 486
293 492
293 516
293 518
293 519
293 523
293 527
293 529
293 534
293 541
293 542
293 546
293 547
293 549
293 550
293 565
293 580
293 582
293 583
293 587
293 590
293 591
293 593
293 598
293 605
293 610
293 611
293 612
293 613
293 644
293 646
293 647
293 651
293 655
293 657
293 667
293 669
293 674
293 675
293 676
293 677
293 708
293 715
293 718
293 719
293 721
293 726
293 732
293 733
293 736
293 738
293 740
293 741
293 772
293 778
293 779
293 783
293 785
293 795
293 797
293 802
293 804
293 806
293 812
293 836
293 838
293 846
293 847
293 849
293 868
293 869
293 900
293 902
293 911
293 913
293 923
293 925
293 930
293 931
293 964
293 966
293 971
293 975
293 977
293 978
293 982
293 994
293 997
293 998
293 1028
293 1030
293 1035
293 1038
293 1039
293 1041
293 1061
293 1092
293 1094
293 1099
293 1102
293 1103
293 1105
293 1110
293 1122
293 1124
293 1156
293 1159
293 1163
293 1167
293 1185
293 1189
293 1220
293 1223
293 1231
293 1238
294 4
294 6
294 9
294 11
294 14
294 15
294 17
294 22
294 29
294 34
294 35
294 36
294 37
294 38
294 70
294 71
294 78
294 79
294 81
294 98
294 102
294 132
294 134
294 139
294 142
294 143
294 145
294 157
294 162
294 163
294 165
294 166
294 196
294 198
294 203
294 206
294 207
294 209
294 214
294 219
294 221
294 226
294 229
294 230
294 260
294 262
294 267
294 268
294 270
294 271
294 273
294 274
294 278
294 283
294 285
294 288
294 290
294 291
294 293
294 324
294 326
294 334
294 335
294 337
294 348
294 349
294 354
294 355
294 357
294 358
294 388
294 390
294 391
294 395
294 398
294 399
294 401
294 406
294 413
294 418
294 421
294 422
294 452
294 454
294 459
294 462
294 463
294 465
294 470
294 475
294 482
294 486
294 516
294 518
294 519
294 526
294 527
294 529
294 534
294 541
294 542
294 546
294 549
294 550
294 565
294 582
294 583
294 590
294 591
294 593
294 605
294 610
294 611
294 612
294 644
294 646
294 647
294 654
294 655
294 657
294 667
294 669
294 674
294 677
294 708
294 710
294 715
294 718
294 719
294 721
294 726
294 733
294 736
294 738
294 740
294 741
294 772
294 774
294 779
294 782
294 783
294 785
294 795
294 802
294 804
294 806
294 836
294 838
294 846
294 847
294 849
294 900
294 902
294 910
294 911
294 913
294 930
294 931
294 964
294 966
294 971
294 974
294 975
294 977
294 978
294 994
294 997
294 998
294 1028
294 1030
294 1038
294 1039
294 1041
294 1094
294 1102
294 1103
294 1105
294 1122
294 1124
294 1156
294 1159
294 1163
294 1167
294 1169
294 1174
294 1186
294 1189
294 1222
294 1231
294 1233
295 103
295 166
295 167
295 231
295 359
295 405
295 423
295 487
296 104
296 168
296 232
296 360
296 424
296 488
296 578
297 105
297 169
297 233
297 287
297 361
297 425
297 489
297 723
297 1176
298 106
298 170
298 234
298 362
298 426
298 490
299 107
299 171
299 235
299 363
299 427
299 491
300 108
300 172
300 236
300 364
300 428
300 492
301 109
301 173
301 237
301 365
301 409
301 429
301 493
301 1138
301 1139
302 110
302 174
302 238
302 256
302 366
302 416
302 430
302 494
302 864
302 1184
303 111
303 160
303 175
303 239
303 367
303 431
303 495
304 112
304 176
304 240
304 368
304 432
304 496
305 113
305 177
305 241
305 369
305 433
305 438
305 497
305 1011
306 114
306 178
306 242
306 370
306 434
306 498
306 520
307 115
307 179
307 243
307 371
307 435
307 499
308 116
308 180
308 244
308 372
308 436
308 500
309 117
309 181
309 245
309 373
309 386
309 437
309 501
310 118
310 182
310 246
310 374
310 396
310 438
310 502
310 1032
310 1229
311 0
311 9
311 10
311 11
311 12
311 18
311 22
311 35
311 36
311 37
311 44
311 47
311 53
311 68
311 71
311 86
311 93
311 98
311 99
311 101
311 119
311 132
311 137
311 139
311 143
311 150
311 157
311 162
311 163
311 164
311 165
311 183
311 192
311 193
311 196
311 203
311 205
311 214
311 219
311 224
311 225
311 227
311 229
311 239
311 245
311 247
311 258
311 263
311 267
311 268
311 274
311 283
311 284
311 285
311 288
311 289
311 291
311 292
311 293
311 320
311 324
311 327
311 331
311 333
311 342
311 347
311 348
311 350
311 352
311 353
311 354
311 355
311 356
311 357
311 358
311 367
311 375
311 391
311 395
311 397
311 406
311 411
311 413
311 417
311 419
311 420
311 421
311 422
311 428
311 437
311 439
311 448
311 452
311 455
311 459
311 470
311 475
311 482
311 483
311 484
311 486
311 492
311 503
311 516
311 519
311 523
311 530
311 534
311 539
311 541
311 542
311 547
311 549
311 550
311 565
311 580
311 583
311 587
311 598
311 605
311 611
311 612
311 613
311 614
311 644
311 647
311 651
311 655
311 662
311 667
311 668
311 669
311 674
311 675
311 676
311 677
311 708
311 715
311 719
311 726
311 732
311 733
311 736
311 738
311 739
311 740
311 741
311 772
311 778
311 779
311 795
311 797
311 800
311 804
311 806
311 812
311 836
311 843
311 847
311 866
311 868
311 869
311 900
311 903
311 907
311 911
311 923
311 925
311 930
311 931
311 949
311 964
311 969
311 971
311 978
311 982
311 994
311 995
311 997
311 998
311 1028
311 1035
311 1039
311 1041
311 1053
311 1061
311 1092
311 1099
311 1103
311 1110
311 1122
311 1124
311 1165
311 1179
311 1181
311 1196
311 1216
311 1243
311 1246
311 1250
311 1253
312 120
312 184
312 248
312 376
312 440
312 504
313 121
313 185
313 249
313 377
313 425
313 441
313 505
313 734
313 991
314 122
314 186
314 250
314 378
314 442
314 506
315 48
315 123
315 187
315 251
315 379
315 443
315 507
316 124
316 188
316 252
316 380
316 444
316 508
317 125
317 189
317 253
317 381
317 445
317 509
317 1107
317 1108
318 126
318 190
318 254
318 382
318 446
318 510
318 725
319 127
319 191
319 255
319 383
319 447
319 511
319 1129
319 1215
320 0
320 10
320 12
320 18
320 22
320 36
320 44
320 47
320 51
320 53
320 68
320 86
320 91
320 93
320 99
320 101
320 128
320 132
320 137
320 139
320 150
320 164
320 192
320 193
320 202
320 205
320 214
320 219
320 224
320 225
320 227
320 228
320 229
320 239
320 245
320 256
320 258
320 263
320 268
320 275
320 283
320 284
320 288
320 289
320 292
320 311
320 327
320 331
320 333
320 338
320 342
320 347
320 350
320 352
320 353
320 356
320 358
320 367
320 384
320 391
320 397
320 402
320 411
320 412
320 417
320 419
320 420
320 428
320 437
320 448
320 455
320 461
320 470
320 482
320 483
320 484
320 492
320 512
320 523
320 530
320 539
320 541
320 542
320 547
320 565
320 580
320 583
320 587
320 598
320 603
320 611
320 613
320 614
320 647
320 651
320 662
320 668
320 674
320 675
320 676
320 677
320 713
320 731
320 732
320 733
320 736
320 739
320 741
320 775
320 778
320 797
320 800
320 805
320 806
320 812
320 836
320 839
320 843
320 845
320 854
320 866
320 868
320 869
320 870
320 900
320 903
320 907
320 918
320 923
320 925
320 928
320 930
320 933
320 949
320 969
320 978
320 982
320 989
320 995
320 1028
320 1031
320 1035
320 1053
320 1059
320 1061
320 1092
320 1099
320 1110
320 1122
320 1165
320 1179
320 1181
320 1188
320 1190
320 1196
320 1206
320 1227
321 129
321 193
321 257
321 385
321 449
321 513
322 130
322 194
322 258
322 386
322 450
322 514
323 131
323 195
323 259
323 387
323 451
323 515
323 1004
323 1208
323 1266
324 0
324 4
324 9
324 11
324 18
324 22
324 34
324 35
324 36
324 37
324 38
324 44
324 53
324 68
324 70
324 71
324 79
324 81
324 86
324 93
324 98
324 99
324 101
324 132
324 134
324 139
324 143
324 145
324 150
324 157
324 162
324 163
324 164
324 165
324 196
324 203
324 205
324 209
324 214
324 219
324 221
324 225
324 226
324 227
324 229
324 245
324 260
324 263
324 267
324 268
324 271
324 273
324 274
324 278
324 283
324 284
324 285
324 288
324 289
324 290
324 291
324 292
324 293
324 294
324 311
324 331
324 333
324 335
324 337
324 342
324 348
324 349
324 350
324 353
324 354
324 355
324 357
324 358
324 388
324 391
324 395
324 397
324 399
324 401
324 406
324 411
324 413
324 418
324 419
324 420
324 421
324 422
324 428
324 437
324 448
324 452
324 459
324 463
324 465
324 470
324 475
324 482
324 483
324 484
324 486
324 492
324 516
324 518
324 519
324 523
324 527
324 529
324 534
324 541
324 542
324 546
324 547
324 549
324 550
324 565
324 580
324 582
324 583
324 587
324 590
324 591
324 593
324 598
324 605
324 610
324 611
324 612
324 613
324 644
324 647
324 651
324 655
324 657
324 662
324 667
324 669
324 674
324 675
324 676
324 677
324 708
324 715
324 718
324 719
324 721
324 726
324 732
324 733
324 736
324 738
324 740
324 741
324 772
324 778
324 779
324 783
324 785
324 795
324 797
324 802
324 804
324 806
324 812
324 836
324 846
324 847
324 849
324 868
324 869
324 900
324 902
324 911
324 913
324 923
324 925
324 930
324 931
324 964
324 971
324 975
324 977
324 978
324 982
324 994
324 997
324 998
324 1028
324 1030
324 1035
324 1039
324 1041
324 1053
324 1061
324 1092
324 1094
324 1099
324 1102
324 1103
324 1105
324 1110
324 1122
324 1124
324 1156
324 1159
324 1163
324 1165
324 1167
324 1169
324 1174
324 1179
324 1181
324 1185
324 1186
324 1189
324 1196
324 1220
324 1223
324 1231
324 1238
324 1243
325 117
325 133
325 197
325 261
325 384
325 389
325 453
325 517
325 711
325 717
326 4
326 6
326 14
326 15
326 17
326 29
326 34
326 35
326 37
326 38
326 70
326 78
326 79
326 81
326 134
326 142
326 143
326 145
326 162
326 163
326 165
326 198
326 206
326 207
326 209
326 221
326 226
326 260
326 262
326 270
326 271
326 273
326 274
326 278
326 285
326 290
326 291
326 294
326 334
326 335
326 337
326 349
326 355
326 388
326 390
326 398
326 399
326 401
326 406
326 418
326 452
326 454
326 462
326 463
326 465
326 475
326 516
326 518
326 526
326 527
326 529
326 546
326 549
326 582
326 590
326 591
326 593
326 610
326 644
326 646
326 654
326 655
326 657
326 708
326 710
326 718
326 721
326 726
326 738
326 774
326 779
326 782
326 783
326 785
326 802
326 804
326 838
326 846
326 849
326 902
326 910
326 911
326 913
326 966
326 974
326 975
326 977
326 994
326 1030
326 1038
326 1041
326 1094
326 1102
326 1105
326 1156
326 1158
326 1159
326 1163
326 1166
326 1167
326 1169
326 1174
326 1186
326 1189
326 1222
326 1230
327 0
327 10
327 12
327 18
327 22
327 44
327 47
327 51
327 53
327 68
327 86
327 91
327 93
327 99
327 101
327 132
327 135
327 137
327 139
327 150
327 164
327 192
327 193
327 199
327 202
327 205
327 214
327 224
327 225
327 227
327 228
327 239
327 245
327 258
327 263
327 275
327 284
327 288
327 289
327 292
327 311
327 320
327 331
327 333
327 338
327 342
327 347
327 350
327 352
327 353
327 356
327 358
327 367
327 391
327 397
327 402
327 411
327 412
327 417
327 419
327 420
327 428
327 431
327 437
327 448
327 455
327 461
327 470
327 482
327 483
327 484
327 492
327 519
327 523
327 530
327 539
327 547
327 580
327 587
327 598
327 603
327 611
327 613
327 614
327 651
327 662
327 668
327 675
327 676
327 677
327 713
327 731
327 732
327 733
327 736
327 739
327 741
327 775
327 778
327 797
327 800
327 805
327 806
327 812
327 836
327 839
327 843
327 845
327 854
327 866
327 868
327 869
327 870
327 903
327 907
327 918
327 923
327 925
327 928
327 930
327 933
327 949
327 969
327 978
327 982
327 989
327 995
327 1028
327 1031
327 1035
327 1053
327 1059
327 1061
327 1092
327 1099
327 1110
327 1165
327 1179
327 1181
327 1188
327 1190
327 1196
327 1206
327 1227
328 136
328 200
328 264
328 392
328 456
328 520
328 987
329 5
329 72
329 135
329 137
329 199
329 201
329 264
329 265
329 392
329 393
329 457
329 521
329 581
329 648
329 712
329 773
329 841
329 905
329 967
329 1033
329 1093
329 1157
329 1225
330 138
330 202
330 266
330 394
330 458
330 522
331 0
331 9
331 10
331 11
331 12
331 18
331 22
331 36
331 44
331 47
331 53
331 68
331 71
331 86
331 93
331 98
331 99
331 101
331 132
331 137
331 139
331 150
331 157
331 164
331 165
331 192
331 193
331 196
331 202
331 203
331 205
331 214
331 219
331 224
331 225
331 227
331 228
331 229
331 239
331 245
331 258
331 263
331 267
331 268
331 275
331 283
331 284
331 288
331 289
331 292
331 293
331 311
331 320
331 324
331 327
331 333
331 342
331 347
331 348
331 350
331 352
331 353
331 354
331 356
331 357
331 358
331 367
331 391
331 395
331 397
331 411
331 413
331 417
331 419
331 420
331 421
331 422
331 428
331 437
331 448
331 455
331 459
331 470
331 475
331 482
331 483
331 484
331 486
331 492
331 519
331 523
331 530
331 534
331 539
331 541
331 542
331 547
331 549
331 550
331 565
331 580
331 583
331 587
331 598
331 605
331 611
331 612
331 613
331 614
331 647
331 651
331 662
331 667
331 668
331 669
331 674
331 675
331 676
331 677
331 715
331 719
331 726
331 732
331 733
331 736
331 739
331 740
331 741
331 772
331 778
331 795
331 797
331 800
331 805
331 806
331 812
331 836
331 843
331 845
331 847
331 854
331 866
331 868
331 869
331 900
331 903
331 907
331 923
331 925
331 928
331 930
331 931
331 933
331 949
331 964
331 969
331 971
331 978
331 982
331 995
331 997
331 998
331 1028
331 1031
331 1035
331 1039
331 1053
331 1061
331 1092
331 1099
331 1103
331 1110
331 1122
331 1124
331 1165
331 1179
331 1181
331 1185
331 1188
331 1190
331 1196
331 1216
331 1246
331 1250
331 1253
332 140
332 204
332 268
332 396
332 460
332 524
332 737
332 1002
333 0
333 9
333 10
333 12
333 18
333 22
333 36
333 44
333 47
333 53
333 68
333 71
333 86
333 93
333 99
333 101
333 132
333 137
333 139
333 141
333 150
333 157
333 164
333 192
333 193
333 202
333 205
333 214
333 219
333 224
333 225
333 227
333 228
333 229
333 239
333 245
333 258
333 263
333 268
333 269
333 275
333 283
333 284
333 288
333 289
333 292
333 293
333 311
333 320
333 324
333 327
333 331
333 338
333 342
333 347
333 348
333 350
333 352
333 353
333 356
333 357
333 358
333 367
333 391
333 395
333 397
333 402
333 411
333 413
333 417
333 419
333 420
333 421
333 422
333 428
333 437
333 448
333 455
333 459
333 461
333 470
333 482
333 483
333 484
333 486
333 492
333 519
333 523
333 525
333 530
333 534
333 539
333 541
333 542
333 547
333 550
333 565
333 580
333 583
333 587
333 598
333 605
333 611
333 613
333 614
333 647
333 651
333 662
333 667
333 668
333 674
333 675
333 676
333 677
333 719
333 732
333 733
333 736
333 739
333 741
333 772
333 778
333 797
333 800
333 805
333 806
333 812
333 836
333 839
333 843
333 845
333 854
333 866
333 868
333 869
333 870
333 900
333 903
333 907
333 923
333 925
333 928
333 930
333 931
333 933
333 949
333 964
333 969
333 971
333 978
333 982
333 995
333 997
333 1028
333 1031
333 1035
333 1039
333 1053
333 1059
333 1061
333 1092
333 1099
333 1103
333 1110
333 1122
333 1124
333 1165
333 1179
333 1181
333 1185
333 1188
333 1190
333 1196
333 1206
333 1216
333 1246
333 1250
334 4
334 6
334 14
334 15
334 17
334 29
334 34
334 38
334 70
334 78
334 79
334 81
334 134
334 142
334 145
334 198
334 206
334 207
334 209
334 221
334 226
334 260
334 262
334 270
334 271
334 273
334 278
334 290
334 294
334 326
334 335
334 337
334 349
334 388
334 390
334 398
334 399
334 401
334 418
334 454
334 462
334 463
334 465
334 518
334 526
334 527
334 529
334 546
334 582
334 590
334 591
334 593
334 610
334 646
334 654
334 657
334 710
334 718
334 721
334 774
334 782
334 783
334 785
334 802
334 838
334 846
334 849
334 902
334 910
334 913
334 966
334 974
334 975
334 977
334 1030
334 1038
334 1094
334 1102
334 1105
334 1158
334 1163
334 1166
334 1167
334 1169
334 1174
334 1186
334 1230
335 4
335 6
335 9
335 11
335 14
335 15
335 17
335 22
335 29
335 34
335 35
335 36
335 37
335 38
335 70
335 71
335 78
335 79
335 81
335 98
335 132
335 134
335 139
335 142
335 143
335 145
335 157
335 162
335 163
335 165
335 196
335 198
335 203
335 206
335 207
335 209
335 214
335 219
335 221
335 226
335 229
335 260
335 262
335 267
335 268
335 270
335 271
335 273
335 274
335 278
335 283
335 285
335 288
335 290
335 291
335 293
335 294
335 324
335 326
335 334
335 337
335 348
335 349
335 354
335 355
335 357
335 388
335 390
335 391
335 395
335 398
335 399
335 401
335 406
335 413
335 418
335 421
335 422
335 452
335 454
335 459
335 462
335 463
335 465
335 470
335 475
335 482
335 486
335 516
335 518
335 519
335 526
335 527
335 529
335 534
335 541
335 542
335 546
335 549
335 550
335 565
335 582
335 583
335 590
335 591
335 593
335 605
335 610
335 611
335 612
335 644
335 646
335 647
335 654
335 655
335 657
335 667
335 669
335 674
335 677
335 708
335 710
335 715
335 718
335 719
335 721
335 726
335 733
335 736
335 738
335 740
335 741
335 772
335 774
335 779
335 782
335 783
335 785
335 795
335 802
335 804
335 838
335 846
335 847
335 849
335 900
335 902
335 910
335 911
335 913
335 930
335 931
335 964
335 966
335 971
335 974
335 975
335 977
335 994
335 997
335 998
335 1030
335 1038
335 1039
335 1041
335 1094
335 1102
335 1103
335 1105
335 1122
335 1124
335 1156
335 1158
335 1159
335 1163
335 1166
335 1167
335 1169
335 1174
335 1185
335 1186
335 1189
335 1222
335 1231
335 1233
336 144
336 208
336 272
336 400
336 464
336 528
336 636
337 4
337 6
337 9
337 11
337 14
337 15
337 17
337 29
337 34
337 35
337 37
337 38
337 70
337 71
337 78
337 79
337 81
337 98
337 134
337 142
337 143
337 145
337 157
337 162
337 163
337 165
337 196
337 198
337 203
337 206
337 207
337 209
337 221
337 226
337 260
337 262
337 267
337 270
337 271
337 273
337 274
337 278
337 285
337 290
337 291
337 293
337 294
337 324
337 326
337 334
337 335
337 348
337 349
337 354
337 355
337 357
337 388
337 390
337 395
337 398
337 399
337 401
337 406
337 413
337 418
337 421
337 422
337 452
337 454
337 459
337 462
337 463
337 465
337 475
337 486
337 516
337 518
337 519
337 526
337 527
337 529
337 534
337 546
337 549
337 550
337 582
337 590
337 591
337 593
337 605
337 610
337 612
337 644
337 646
337 654
337 655
337 657
337 667
337 669
337 708
337 710
337 715
337 718
337 719
337 721
337 726
337 738
337 740
337 772
337 774
337 779
337 782
337 783
337 785
337 795
337 802
337 804
337 838
337 846
337 847
337 849
337 902
337 910
337 911
337 913
337 931
337 964
337 966
337 971
337 974
337 975
337 977
337 994
337 997
337 998
337 1030
337 1038
337 1039
337 1041
337 1094
337 1102
337 1105
337 1124
337 1156
337 1158
337 1159
337 1163
337 1166
337 1167
337 1169
337 1174
337 1185
337 1186
337 1189
337 1222
337 1230
337 1233
338 1
338 10
338 12
338 21
338 47
338 51
338 91
338 101
338 137
338 146
338 164
338 192
338 193
338 201
338 202
338 210
338 224
338 228
338 230
338 239
338 245
338 247
338 258
338 274
338 275
338 320
338 327
338 333
338 342
338 347
338 352
338 356
338 367
338 402
338 412
338 417
338 431
338 449
338 455
338 461
338 466
338 477
338 530
338 539
338 589
338 603
338 608
338 614
338 662
338 668
338 713
338 731
338 739
338 775
338 789
338 790
338 800
338 805
338 819
338 839
338 843
338 845
338 854
338 866
338 870
338 903
338 907
338 918
338 928
338 933
338 949
338 969
338 988
338 989
338 995
338 1031
338 1053
338 1059
338 1097
338 1162
338 1170
338 1188
338 1190
338 1206
338 1249
338 1252
338 1254
339 147
339 211
339 275
339 403
339 467
339 531
339 863
340 148
340 212
340 276
340 404
340 468
340 532
341 115
341 149
341 213
341 277
341 405
341 469
341 533
341 601
342 0
342 9
342 10
342 12
342 18
342 22
342 36
342 44
342 47
342 51
342 53
342 68
342 71
342 86
342 93
342 99
342 101
342 132
342 137
342 139
342 150
342 157
342 164
342 192
342 193
342 202
342 205
342 214
342 219
342 224
342 225
342 227
342 228
342 229
342 239
342 245
342 258
342 263
342 268
342 275
342 278
342 283
342 284
342 288
342 289
342 292
342 311
342 320
342 324
342 327
342 331
342 333
342 338
342 347
342 348
342 350
342 352
342 353
342 356
342 358
342 367
342 391
342 395
342 397
342 402
342 406
342 411
342 413
342 417
342 419
342 420
342 421
342 422
342 428
342 437
342 448
342 455
342 459
342 470
342 482
342 483
342 484
342 492
342 519
342 523
342 530
342 534
342 539
342 541
342 542
342 547
342 565
342 580
342 583
342 587
342 598
342 611
342 613
342 614
342 647
342 651
342 662
342 667
342 668
342 674
342 675
342 676
342 677
342 732
342 733
342 736
342 739
342 741
342 775
342 778
342 797
342 800
342 805
342 806
342 812
342 836
342 839
342 843
342 845
342 854
342 866
342 868
342 869
342 870
342 900
342 903
342 907
342 923
342 925
342 928
342 930
342 931
342 933
342 949
342 964
342 969
342 971
342 978
342 982
342 995
342 997
342 1028
342 1031
342 1035
342 1039
342 1053
342 1059
342 1061
342 1092
342 1099
342 1103
342 1110
342 1122
342 1165
342 1179
342 1181
342 1185
342 1188
342 1190
342 1196
342 1206
342 1216
342 1246
343 151
343 215
343 279
343 407
343 471
343 535
344 152
344 216
344 280
344 408
344 472
344 536
344 946
345 153
345 217
345 281
345 409
345 473
345 537
345 927
346 60
346 154
346 218
346 282
346 410
346 474
346 538
347 0
347 10
347 12
347 18
347 21
347 44
347 47
347 51
347 53
347 86
347 91
347 93
347 99
347 101
347 137
347 150
347 155
347 164
347 192
347 193
347 201
347 202
347 205
347 219
347 224
347 225
347 227
347 228
347 230
347 239
347 245
347 247
347 258
347 275
347 283
347 284
347 289
347 292
347 311
347 320
347 327
347 331
347 333
347 338
347 342
347 350
347 352
347 353
347 356
347 358
347 367
347 397
347 402
347 411
347 412
347 417
347 419
347 428
347 431
347 448
347 449
347 455
347 461
347 475
347 477
347 483
347 484
347 492
347 523
347 530
347 539
347 547
347 580
347 587
347 589
347 598
347 603
347 613
347 614
347 651
347 662
347 668
347 675
347 676
347 713
347 731
347 739
347 775
347 778
347 790
347 797
347 800
347 805
347 812
347 819
347 839
347 843
347 845
347 854
347 866
347 868
347 869
347 870
347 903
347 907
347 918
347 923
347 925
347 928
347 933
347 949
347 969
347 982
347 989
347 995
347 1031
347 1035
347 1053
347 1059
347 1061
347 1092
347 1097
347 1099
347 1110
347 1162
347 1165
347 1179
347 1181
347 1188
347 1190
347 1196
347 1206
347 1227
348 0
348 4
348 9
348 11
348 18
348 22
348 34
348 35
348 36
348 37
348 38
348 44
348 53
348 68
348 70
348 71
348 79
348 81
348 86
348 93
348 98
348 99
348 101
348 132
348 139
348 143
348 145
348 150
348 156
348 157
348 162
348 163
348 164
348 165
348 196
348 203
348 205
348 214
348 219
348 220
348 221
348 224
348 225
348 227
348 229
348 245
348 260
348 263
348 267
348 268
348 271
348 274
348 278
348 283
348 284
348 285
348 288
348 289
348 290
348 291
348 292
348 293
348 294
348 311
348 324
348 331
348 333
348 335
348 337
348 342
348 349
348 350
348 353
348 354
348 355
348 357
348 358
348 388
348 391
348 395
348 397
348 399
348 401
348 406
348 411
348 412
348 413
348 418
348 419
348 420
348 421
348 422
348 428
348 437
348 448
348 452
348 455
348 459
348 463
348 465
348 470
348 475
348 476
348 482
348 483
348 484
348 486
348 492
348 516
348 518
348 519
348 523
348 527
348 529
348 534
348 540
348 541
348 542
348 546
348 547
348 549
348 550
348 565
348 580
348 583
348 587
348 590
348 591
348 593
348 598
348 605
348 610
348 611
348 612
348 613
348 644
348 647
348 651
348 655
348 657
348 662
348 667
348 668
348 669
348 674
348 675
348 676
348 677
348 708
348 715
348 718
348 719
348 721
348 726
348 732
348 733
348 736
348 738
348 740
348 741
348 772
348 778
348 779
348 783
348 785
348 795
348 797
348 802
348 804
348 806
348 812
348 836
348 846
348 847
348 849
348 868
348 869
348 900
348 902
348 903
348 911
348 913
348 923
348 925
348 930
348 931
348 964
348 971
348 975
348 977
348 978
348 982
348 994
348 997
348 998
348 1028
348 1030
348 1035
348 1039
348 1041
348 1053
348 1061
348 1092
348 1094
348 1099
348 1102
348 1103
348 1105
348 1110
348 1122
348 1124
348 1156
348 1159
348 1163
348 1165
348 1167
348 1169
348 1174
348 1179
348 1181
348 1185
348 1186
348 1189
348 1196
348 1220
348 1223
348 1231
348 1238
348 1243
348 1253
349 4
349 6
349 9
349 11
349 14
349 15
349 17
349 22
349 29
349 34
349 35
349 36
349 37
349 38
349 70
349 71
349 78
349 79
349 81
349 98
349 132
349 134
349 139
349 142
349 143
349 145
349 157
349 162
349 163
349 165
349 196
349 198
349 203
349 206
349 207
349 209
349 214
349 219
349 221
349 226
349 229
349 260
349 262
349 267
349 268
349 270
349 271
349 273
349 274
349 278
349 283
349 285
349 288
349 290
349 291
349 293
349 294
349 324
349 326
349 334
349 335
349 337
349 348
349 354
349 355
349 357
349 388
349 390
349 391
349 395
349 398
349 399
349 401
349 406
349 413
349 418
349 421
349 422
349 452
349 454
349 459
349 462
349 463
349 465
349 470
349 475
349 477
349 482
349 486
349 516
349 518
349 519
349 526
349 527
349 529
349 534
349 541
349 542
349 546
349 549
349 550
349 565
349 582
349 583
349 590
349 591
349 593
349 605
349 610
349 611
349 612
349 644
349 646
349 647
349 654
349 655
349 657
349 667
349 669
349 674
349 677
349 708
349 710
349 715
349 718
349 719
349 721
349 726
349 733
349 736
349 738
349 740
349 741
349 772
349 774
349 779
349 782
349 783
349 785
349 795
349 802
349 804
349 806
349 838
349 846
349 847
349 849
349 900
349 902
349 910
349 911
349 913
349 930
349 931
349 964
349 966
349 971
349 974
349 975
349 977
349 978
349 994
349 997
349 998
349 1030
349 1038
349 1039
349 1041
349 1094
349 1102
349 1103
349 1105
349 1122
349 1124
349 1156
349 1158
349 1159
349 1163
349 1166
349 1167
349 1169
349 1174
349 1185
349 1186
349 1189
349 1222
349 1231
349 1233
350 0
350 9
350 10
350 11
350 12
350 18
350 22
350 35
350 36
350 37
350 44
350 47
350 53
350 68
350 71
350 79
350 86
350 93
350 98
350 99
350 101
350 132
350 137
350 139
350 143
350 150
350 157
350 158
350 162
350 163
350 164
350 165
350 192
350 193
350 196
350 203
350 205
350 214
350 219
350 222
350 224
350 225
350 227
350 229
350 239
350 245
350 258
350 263
350 267
350 268
350 274
350 278
350 283
350 284
350 285
350 286
350 288
350 289
350 291
350 292
350 293
350 311
350 320
350 324
350 327
350 331
350 333
350 342
350 347
350 348
350 352
350 353
350 354
350 355
350 356
350 357
350 358
350 367
350 391
350 395
350 397
350 406
350 411
350 413
350 414
350 417
350 419
350 420
350 421
350 422
350 428
350 437
350 448
350 452
350 455
350 459
350 470
350 475
350 478
350 482
350 483
350 484
350 486
350 492
350 516
350 519
350 523
350 530
350 534
350 539
350 541
350 542
350 547
350 549
350 550
350 565
350 580
350 583
350 587
350 598
350 605
350 611
350 612
350 613
350 614
350 644
350 647
350 651
350 655
350 662
350 667
350 668
350 669
350 674
350 675
350 676
350 677
350 708
350 715
350 719
350 726
350 732
350 733
350 736
350 738
350 739
350 740
350 741
350 772
350 778
350 779
350 795
350 797
350 800
350 804
350 806
350 812
350 836
350 843
350 847
350 866
350 868
350 869
350 900
350 903
350 907
350 911
350 923
350 925
350 930
350 931
350 949
350 964
350 969
350 971
350 978
350 982
350 994
350 995
350 997
350 998
350 1028
350 1035
350 1039
350 1041
350 1053
350 1061
350 1092
350 1099
350 1103
350 1110
350 1122
350 1124
350 1156
350 1159
350 1163
350 1165
350 1167
350 1179
350 1181
350 1185
350 1188
350 1189
350 1196
350 1216
350 1238
350 1243
350 1246
350 1250
350 1253
351 159
351 223
351 287
351 415
351 479
351 543
351 678
351 961
351 1205
352 0
352 10
352 12
352 18
352 22
352 44
352 47
352 51
352 53
352 68
352 86
352 91
352 93
352 99
352 101
352 132
352 137
352 139
352 150
352 160
352 164
352 192
352 193
352 202
352 205
352 214
352 219
352 224
352 225
352 227
352 228
352 239
352 245
352 258
352 263
352 268
352 275
352 283
352 284
352 288
352 289
352 292
352 311
352 320
352 327
352 331
352 333
352 338
352 342
352 347
352 350
352 353
352 356
352 358
352 367
352 391
352 397
352 402
352 411
352 412
352 416
352 417
352 419
352 420
352 428
352 431
352 437
352 448
352 455
352 461
352 470
352 480
352 482
352 483
352 484
352 492
352 523
352 530
352 539
352 541
352 544
352 547
352 565
352 580
352 587
352 598
352 603
352 611
352 613
352 614
352 651
352 662
352 668
352 675
352 676
352 677
352 713
352 731
352 732
352 733
352 736
352 739
352 741
352 775
352 778
352 797
352 800
352 805
352 806
352 812
352 836
352 839
352 843
352 845
352 854
352 866
352 868
352 869
352 870
352 903
352 907
352 918
352 923
352 925
352 928
352 930
352 933
352 949
352 969
352 978
352 982
352 989
352 995
352 1028
352 1031
352 1035
352 1053
352 1059
352 1061
352 1092
352 1099
352 1110
352 1165
352 1179
352 1181
352 1188
352 1190
352 1196
352 1206
352 1227
353 0
353 9
353 10
353 11
353 12
353 18
353 22
353 35
353 36
353 37
353 44
353 47
353 53
353 68
353 71
353 86
353 93
353 98
353 99
353 101
353 132
353 137
353 139
353 143
353 150
353 157
353 161
353 162
353 163
353 164
353 165
353 192
353 193
353 196
353 202
353 203
353 205
353 214
353 219
353 224
353 225
353 227
353 229
353 239
353 245
353 258
353 263
353 267
353 268
353 275
353 283
353 284
353 288
353 289
353 291
353 292
353 293
353 311
353 320
353 324
353 327
353 331
353 333
353 342
353 347
353 348
353 350
353 352
353 354
353 356
353 357
353 358
353 367
353 391
353 395
353 397
353 406
353 411
353 413
353 417
353 419
353 420
353 421
353 422
353 428
353 437
353 448
353 452
353 455
353 459
353 470
353 475
353 481
353 482
353 483
353 484
353 486
353 492
353 516
353 519
353 523
353 530
353 534
353 539
353 541
353 542
353 545
353 547
353 549
353 550
353 565
353 580
353 583
353 587
353 598
353 605
353 611
353 612
353 613
353 614
353 644
353 647
353 651
353 655
353 662
353 667
353 668
353 669
353 674
353 675
353 676
353 677
353 715
353 719
353 726
353 732
353 733
353 736
353 738
353 739
353 740
353 741
353 772
353 778
353 779
353 795
353 797
353 800
353 806
353 812
353 836
353 843
353 845
353 847
353 866
353 868
353 869
353 900
353 903
353 907
353 911
353 923
353 925
353 930
353 931
353 933
353 949
353 964
353 969
353 971
353 978
353 982
353 994
353 995
353 997
353 998
353 1028
353 1035
353 1039
353 1041
353 1053
353 1061
353 1092
353 1099
353 1103
353 1110
353 1122
353 1124
353 1156
353 1159
353 1165
353 1179
353 1181
353 1185
353 1188
353 1189
353 1196
353 1216
353 1243
353 1246
353 1250
353 1253
354 0
354 4
354 6
354 9
354 11
354 15
354 18
354 22
354 29
354 34
354 35
354 36
354 37
354 38
354 44
354 53
354 68
354 70
354 71
354 79
354 81
354 86
354 93
354 98
354 99
354 132
354 134
354 139
354 142
354 143
354 145
354 150
354 157
354 162
354 163
354 165
354 196
354 203
354 205
354 207
354 209
354 214
354 219
354 221
354 226
354 227
354 229
354 260
354 263
354 267
354 268
354 271
354 273
354 274
354 278
354 283
354 284
354 285
354 288
354 289
354 290
354 291
354 292
354 293
354 294
354 311
354 324
354 331
354 335
354 337
354 348
354 349
354 350
354 353
354 355
354 357
354 358
354 388
354 390
354 391
354 395
354 397
354 399
354 401
354 406
354 411
354 413
354 418
354 419
354 420
354 421
354 422
354 428
354 437
354 448
354 452
354 454
354 459
354 463
354 465
354 470
354 475
354 482
354 483
354 484
354 486
354 492
354 516
354 518
354 519
354 523
354 527
354 529
354 534
354 541
354 542
354 546
354 547
354 549
354 550
354 565
354 580
354 582
354 583
354 587
354 590
354 591
354 593
354 598
354 605
354 610
354 611
354 612
354 613
354 644
354 646
354 647
354 651
354 655
354 657
354 667
354 669
354 674
354 676
354 677
354 708
354 710
354 715
354 718
354 719
354 721
354 726
354 732
354 733
354 736
354 738
354 740
354 741
354 772
354 778
354 779
354 783
354 785
354 795
354 797
354 802
354 804
354 806
354 836
354 838
354 846
354 847
354 849
354 868
354 869
354 900
354 902
354 910
354 911
354 913
354 923
354 925
354 930
354 931
354 964
354 966
354 971
354 975
354 977
354 978
354 982
354 994
354 997
354 998
354 1028
354 1030
354 1035
354 1038
354 1039
354 1041
354 1061
354 1092
354 1094
354 1099
354 1102
354 1103
354 1105
354 1110
354 1122
354 1124
354 1156
354 1158
354 1159
354 1163
354 1165
354 1166
354 1167
354 1169
354 1174
354 1179
354 1185
354 1186
354 1189
354 1196
354 1220
354 1223
354 1231
354 1238
355 4
355 6
355 9
355 11
355 15
355 17
355 22
355 29
355 34
355 35
355 36
355 37
355 38
355 53
355 68
355 70
355 71
355 78
355 79
355 81
355 93
355 98
355 132
355 134
355 139
355 142
355 143
355 145
355 150
355 157
355 162
355 163
355 165
355 196
355 198
355 203
355 207
355 209
355 214
355 219
355 221
355 226
355 227
355 229
355 260
355 262
355 263
355 267
355 268
355 271
355 273
355 274
355 278
355 283
355 285
355 288
355 290
355 291
355 293
355 294
355 311
355 324
355 326
355 335
355 337
355 348
355 349
355 350
355 354
355 357
355 388
355 390
355 391
355 395
355 397
355 398
355 399
355 401
355 406
355 411
355 413
355 418
355 419
355 420
355 421
355 422
355 437
355 448
355 452
355 454
355 459
355 462
355 463
355 465
355 470
355 475
355 482
355 483
355 484
355 486
355 516
355 518
355 519
355 523
355 527
355 529
355 534
355 541
355 542
355 546
355 547
355 549
355 550
355 565
355 580
355 582
355 583
355 590
355 591
355 593
355 605
355 610
355 611
355 612
355 613
355 644
355 646
355 647
355 651
355 654
355 655
355 657
355 667
355 669
355 674
355 677
355 708
355 710
355 715
355 718
355 719
355 721
355 726
355 732
355 733
355 736
355 738
355 740
355 741
355 772
355 774
355 778
355 779
355 783
355 785
355 795
355 802
355 804
355 806
355 836
355 838
355 846
355 847
355 849
355 900
355 902
355 910
355 911
355 913
355 925
355 930
355 931
355 964
355 966
355 971
355 974
355 975
355 977
355 978
355 982
355 994
355 997
355 998
355 1028
355 1030
355 1038
355 1039
355 1041
355 1094
355 1102
355 1103
355 1105
355 1122
355 1124
355 1156
355 1158
355 1159
355 1163
355 1166
355 1167
355 1169
355 1174
355 1185
355 1186
355 1189
355 1196
355 1231
355 1233
356 0
356 10
356 12
356 18
356 21
356 44
356 47
356 51
356 53
356 68
356 86
356 91
356 93
356 99
356 101
356 137
356 150
356 164
356 192
356 193
356 201
356 202
356 205
356 224
356 225
356 227
356 228
356 230
356 239
356 245
356 258
356 263
356 275
356 284
356 289
356 292
356 311
356 320
356 327
356 331
356 333
356 338
356 342
356 347
356 350
356 352
356 353
356 358
356 367
356 397
356 402
356 411
356 412
356 417
356 419
356 420
356 428
356 431
356 437
356 448
356 449
356 455
356 461
356 483
356 484
356 492
356 523
356 530
356 539
356 547
356 548
356 580
356 587
356 589
356 598
356 603
356 613
356 614
356 651
356 662
356 668
356 675
356 676
356 713
356 731
356 732
356 739
356 775
356 778
356 790
356 797
356 800
356 805
356 812
356 819
356 839
356 843
356 845
356 854
356 866
356 868
356 869
356 870
356 903
356 907
356 918
356 923
356 925
356 928
356 933
356 949
356 969
356 982
356 989
356 995
356 1028
356 1031
356 1035
356 1053
356 1059
356 1061
356 1092
356 1097
356 1099
356 1110
356 1165
356 1179
356 1181
356 1188
356 1190
356 1196
356 1206
356 1227
357 0
357 4
357 9
357 11
357 15
357 18
357 22
357 29
357 34
357 35
357 36
357 37
357 38
357 44
357 53
357 68
357 70
357 71
357 79
357 81
357 86
357 93
357 98
357 99
357 132
357 134
357 139
357 143
357 145
357 150
357 157
357 162
357 163
357 165
357 196
357 203
357 205
357 207
357 209
357 214
357 219
357 221
357 225
357 226
357 227
357 229
357 260
357 263
357 267
357 268
357 271
357 273
357 274
357 278
357 283
357 284
357 285
357 288
357 289
357 290
357 291
357 292
357 293
357 294
357 311
357 324
357 331
357 333
357 335
357 337
357 348
357 349
357 350
357 353
357 354
357 355
357 358
357 388
357 391
357 395
357 397
357 399
357 401
357 406
357 411
357 413
357 418
357 419
357 420
357 421
357 422
357 428
357 437
357 448
357 452
357 454
357 459
357 463
357 465
357 470
357 475
357 482
357 483
357 484
357 485
357 486
357 492
357 516
357 518
357 519
357 523
357 527
357 529
357 534
357 541
357 542
357 546
357 547
357 549
357 550
357 565
357 580
357 582
357 583
357 587
357 590
357 591
357 593
357 598
357 605
357 610
357 611
357 612
357 613
357 644
357 647
357 651
357 655
357 657
357 667
357 669
357 674
357 675
357 676
357 677
357 708
357 715
357 718
357 719
357 721
357 726
357 732
357 733
357 736
357 738
357 740
357 741
357 772
357 778
357 779
357 783
357 785
357 795
357 797
357 802
357 804
357 806
357 812
357 836
357 846
357 847
357 849
357 868
357 869
357 900
357 902
357 911
357 913
357 923
357 925
357 930
357 931
357 964
357 966
357 971
357 975
357 977
357 978
357 982
357 994
357 997
357 998
357 1028
357 1030
357 1035
357 1038
357 1039
357 1041
357 1061
357 1092
357 1094
357 1099
357 1102
357 1103
357 1105
357 1110
357 1122
357 1124
357 1156
357 1159
357 1163
357 1165
357 1167
357 1169
357 1174
357 1179
357 1181
357 1185
357 1186
357 1189
357 1196
357 1220
357 1223
357 1231
357 1238
357 1243
358 0
358 9
358 10
358 11
358 12
358 18
358 22
358 35
358 36
358 37
358 44
358 47
358 53
358 68
358 71
358 86
358 93
358 98
358 99
358 101
358 132
358 137
358 139
358 143
358 150
358 157
358 162
358 163
358 164
358 165
358 166
358 192
358 193
358 196
358 202
358 203
358 205
358 214
358 219
358 224
358 225
358 227
358 229
358 230
358 239
358 245
358 258
358 263
358 267
358 268
358 274
358 283
358 284
358 285
358 288
358 289
358 291
358 292
358 293
358 294
358 311
358 320
358 324
358 327
358 331
358 333
358 342
358 347
358 348
358 350
358 352
358 353
358 354
358 356
358 357
358 367
358 391
358 395
358 397
358 406
358 411
358 413
358 417
358 419
358 420
358 421
358 422
358 428
358 437
358 448
358 452
358 455
358 459
358 470
358 475
358 482
358 483
358 484
358 486
358 492
358 516
358 519
358 523
358 530
358 534
358 539
358 541
358 542
358 547
358 549
358 550
358 565
358 580
358 583
358 587
358 598
358 605
358 611
358 612
358 613
358 614
358 644
358 647
358 651
358 655
358 662
358 667
358 668
358 669
358 674
358 675
358 676
358 677
358 708
358 715
358 719
358 726
358 732
358 733
358 736
358 738
358 739
358 740
358 741
358 772
358 778
358 779
358 795
358 797
358 800
358 804
358 806
358 812
358 836
358 843
358 847
358 866
358 868
358 869
358 900
358 903
358 907
358 911
358 923
358 925
358 930
358 931
358 933
358 949
358 964
358 969
358 971
358 978
358 982
358 994
358 995
358 997
358 998
358 1028
358 1035
358 1039
358 1041
358 1053
358 1061
358 1092
358 1099
358 1103
358 1110
358 1122
358 1124
358 1156
358 1159
358 1165
358 1179
358 1181
358 1185
358 1188
358 1189
358 1196
358 1216
358 1243
358 1246
358 1250
358 1253
359 167
359 231
359 295
359 423
359 487
359 551
360 168
360 232
360 296
360 424
360 488
360 552
360 1098
361 169
361 233
361 297
361 394
361 425
361 489
361 553
361 1263
362 170
362 234
362 298
362 426
362 444
362 490
362 554
362 881
362 920
362 1273
363 171
363 235
363 299
363 427
363 491
363 555
364 172
364 236
364 300
364 428
364 492
364 533
364 556
364 833
364 861
364 1191
365 173
365 237
365 301
365 429
365 493
365 557
366 52
366 174
366 238
366 302
366 430
366 494
366 558
366 1010
366 1121
367 0
367 10
367 12
367 18
367 44
367 47
367 51
367 53
367 68
367 86
367 91
367 93
367 99
367 101
367 132
367 137
367 139
367 150
367 164
367 175
367 192
367 193
367 202
367 205
367 224
367 225
367 227
367 228
367 239
367 245
367 258
367 263
367 275
367 284
367 289
367 292
367 303
367 311
367 320
367 327
367 331
367 333
367 338
367 342
367 347
367 350
367 352
367 353
367 356
367 358
367 391
367 397
367 402
367 411
367 412
367 417
367 419
367 420
367 428
367 431
367 437
367 448
367 455
367 461
367 470
367 482
367 483
367 484
367 492
367 495
367 523
367 530
367 539
367 547
367 559
367 580
367 587
367 598
367 603
367 613
367 614
367 651
367 662
367 668
367 675
367 676
367 677
367 713
367 731
367 732
367 733
367 739
367 775
367 778
367 797
367 800
367 805
367 806
367 812
367 836
367 839
367 843
367 845
367 854
367 866
367 868
367 869
367 870
367 903
367 907
367 918
367 923
367 925
367 928
367 930
367 933
367 949
367 969
367 978
367 982
367 989
367 995
367 1028
367 1031
367 1035
367 1053
367 1059
367 1061
367 1092
367 1099
367 1110
367 1165
367 1179
367 1181
367 1188
367 1190
367 1196
367 1206
367 1227
368 176
368 240
368 304
368 432
368 496
368 560
369 177
369 241
369 305
369 433
369 497
369 561
369 976
369 1262
370 178
370 242
370 306
370 434
370 498
370 562
370 754
371 179
371 234
371 243
371 307
371 435
371 499
371 563
372 180
372 244
372 308
372 436
372 500
372 564
373 161
373 181
373 245
373 265
373 309
373 437
373 501
373 565
374 129
374 182
374 246
374 310
374 438
374 502
374 566
375 183
375 247
375 311
375 439
375 503
375 567
376 184
376 248
376 312
376 440
376 504
376 568
377 185
377 249
377 313
377 441
377 505
377 569
377 1240
377 1242
378 186
378 250
378 314
378 442
378 506
378 570
379 106
379 187
379 251
379 315
379 443
379 507
379 571
380 188
380 252
380 316
380 444
380 508
380 572
381 63
381 189
381 253
381 317
381 445
381 509
381 573
382 190
382 254
382 318
382 446
382 510
382 574
382 891
382 984
383 191
383 255
383 319
383 447
383 511
383 575
384 117
384 192
384 256
384 320
384 325
384 448
384 512
384 576
384 711
384 717
385 193
385 257
385 321
385 449
385 513
385 577
385 757
386 194
386 258
386 309
386 322
386 450
386 514
386 578
387 195
387 204
387 259
387 323
387 451
387 515
387 579
387 621
387 664
387 1055
388 4
388 6
388 9
388 11
388 15
388 17
388 22
388 29
388 34
388 35
388 36
388 37
388 38
388 53
388 68
388 70
388 71
388 78
388 79
388 81
388 93
388 98
388 132
388 134
388 139
388 142
388 143
388 145
388 157
388 162
388 163
388 165
388 196
388 198
388 203
388 206
388 207
388 209
388 214
388 219
388 221
388 226
388 229
388 260
388 262
388 263
388 267
388 268
388 271
388 273
388 274
388 278
388 283
388 285
388 288
388 290
388 291
388 293
388 294
388 324
388 326
388 334
388 335
388 337
388 348
388 349
388 354
388 355
388 357
388 390
388 391
388 395
388 398
388 399
388 401
388 406
388 411
388 413
388 418
388 420
388 421
388 422
388 437
388 448
388 452
388 454
388 459
388 462
388 463
388 465
388 470
388 475
388 482
388 484
388 486
388 516
388 518
388 519
388 523
388 526
388 527
388 529
388 534
388 541
388 542
388 546
388 549
388 550
388 565
388 580
388 582
388 583
388 590
388 591
388 593
388 605
388 610
388 611
388 612
388 644
388 646
388 647
388 654
388 655
388 657
388 667
388 669
388 674
388 677
388 708
388 710
388 715
388 718
388 719
388 721
388 726
388 732
388 733
388 736
388 738
388 740
388 741
388 772
388 774
388 778
388 779
388 782
388 783
388 785
388 795
388 802
388 804
388 806
388 836
388 838
388 846
388 847
388 849
388 900
388 902
388 910
388 911
388 913
388 930
388 931
388 964
388 966
388 971
388 974
388 975
388 977
388 978
388 994
388 997
388 998
388 1028
388 1030
388 1038
388 1039
388 1041
388 1094
388 1102
388 1103
388 1105
388 1122
388 1124
388 1156
388 1158
388 1159
388 1163
388 1166
388 1167
388 1169
388 1174
388 1185
388 1186
388 1189
388 1220
388 1222
388 1223
388 1230
388 1231
388 1233
388 1238
388 1243
388 1253
389 197
389 261
389 325
389 453
389 517
389 581
390 4
390 6
390 11
390 14
390 15
390 17
390 29
390 34
390 35
390 37
390 38
390 70
390 78
390 79
390 81
390 98
390 134
390 142
390 143
390 145
390 162
390 163
390 165
390 196
390 198
390 203
390 206
390 207
390 209
390 221
390 226
390 260
390 262
390 267
390 270
390 271
390 273
390 274
390 278
390 285
390 290
390 291
390 294
390 326
390 334
390 335
390 337
390 349
390 354
390 355
390 388
390 398
390 399
390 401
390 406
390 418
390 452
390 454
390 462
390 463
390 465
390 475
390 516
390 518
390 526
390 527
390 529
390 546
390 549
390 582
390 590
390 591
390 593
390 610
390 612
390 644
390 646
390 654
390 655
390 657
390 669
390 708
390 710
390 715
390 718
390 721
390 726
390 738
390 740
390 774
390 779
390 782
390 783
390 785
390 795
390 802
390 804
390 838
390 846
390 847
390 849
390 902
390 910
390 911
390 913
390 966
390 974
390 975
390 977
390 994
390 998
390 1030
390 1038
390 1041
390 1094
390 1102
390 1105
390 1156
390 1158
390 1159
390 1163
390 1166
390 1167
390 1169
390 1174
390 1186
390 1189
390 1222
390 1230
390 1231
390 1233
391 0
391 4
391 9
391 10
391 11
391 12
391 18
391 22
391 35
391 36
391 37
391 38
391 44
391 47
391 53
391 68
391 70
391 71
391 79
391 81
391 86
391 93
391 98
391 99
391 101
391 132
391 137
391 139
391 143
391 150
391 157
391 162
391 163
391 164
391 165
391 192
391 193
391 196
391 199
391 203
391 205
391 214
391 219
391 221
391 224
391 225
391 227
391 229
391 245
391 263
391 267
391 268
391 274
391 278
391 283
391 284
391 285
391 288
391 289
391 291
391 292
391 293
391 294
391 311
391 320
391 324
391 327
391 331
391 333
391 335
391 342
391 348
391 349
391 350
391 352
391 353
391 354
391 355
391 357
391 358
391 367
391 388
391 395
391 397
391 401
391 406
391 411
391 413
391 417
391 418
391 419
391 420
391 421
391 422
391 428
391 437
391 448
391 452
391 455
391 459
391 470
391 475
391 482
391 483
391 484
391 486
391 492
391 516
391 519
391 523
391 530
391 534
391 541
391 542
391 546
391 547
391 549
391 550
391 565
391 580
391 583
391 587
391 591
391 593
391 598
391 605
391 610
391 611
391 612
391 613
391 644
391 647
391 651
391 655
391 657
391 662
391 667
391 668
391 669
391 674
391 675
391 676
391 677
391 708
391 715
391 719
391 726
391 732
391 733
391 736
391 738
391 739
391 740
391 741
391 772
391 778
391 779
391 783
391 795
391 797
391 800
391 802
391 804
391 806
391 812
391 836
391 843
391 847
391 866
391 868
391 869
391 900
391 903
391 907
391 911
391 913
391 923
391 925
391 930
391 931
391 964
391 969
391 971
391 975
391 977
391 978
391 982
391 994
391 995
391 997
391 998
391 1028
391 1035
391 1039
391 1041
391 1053
391 1061
391 1092
391 1099
391 1103
391 1105
391 1110
391 1122
391 1124
391 1156
391 1159
391 1163
391 1165
391 1167
391 1174
391 1179
391 1181
391 1185
391 1186
391 1189
391 1196
391 1216
391 1220
391 1223
391 1231
391 1233
391 1238
391 1243
391 1246
391 1250
391 1253
392 5
392 72
392 135
392 199
392 200
392 264
392 328
392 329
392 456
392 457
392 520
392 521
392 581
392 584
392 648
392 712
392 773
392 841
392 905
392 967
392 1033
392 1093
392 1157
392 1225
393 201
393 265
393 329
393 457
393 521
393 585
394 202
394 266
394 330
394 361
394 458
394 522
394 586
394 1263
395 0
395 4
395 9
395 11
395 18
395 22
395 34
395 35
395 36
395 37
395 38
395 44
395 53
395 68
395 70
395 71
395 79
395 81
395 86
395 93
395 98
395 99
395 101
395 132
395 139
395 143
395 145
395 150
395 157
395 162
395 163
395 164
395 165
395 193
395 196
395 203
395 205
395 214
395 219
395 221
395 224
395 225
395 227
395 229
395 245
395 260
395 263
395 267
395 268
395 271
395 274
395 278
395 283
395 284
395 285
395 288
395 289
395 290
395 291
395 292
395 293
395 294
395 311
395 324
395 331
395 333
395 335
395 337
395 342
395 348
395 349
395 350
395 353
395 354
395 355
395 357
395 358
395 388
395 391
395 397
395 399
395 401
395 406
395 411
395 413
395 418
395 419
395 420
395 421
395 422
395 428
395 437
395 448
395 452
395 455
395 459
395 465
395 470
395 475
395 482
395 483
395 484
395 486
395 492
395 516
395 518
395 519
395 523
395 527
395 529
395 534
395 541
395 542
395 546
395 547
395 549
395 550
395 565
395 580
395 583
395 587
395 591
395 593
395 598
395 605
395 610
395 611
395 612
395 613
395 644
395 647
395 651
395 655
395 657
395 662
395 667
395 668
395 669
395 674
395 675
395 676
395 677
395 708
395 715
395 718
395 719
395 721
395 726
395 732
395 733
395 736
395 738
395 740
395 741
395 772
395 778
395 779
395 783
395 785
395 795
395 797
395 802
395 804
395 806
395 812
395 836
395 847
395 849
395 868
395 869
395 900
395 902
395 903
395 911
395 913
395 923
395 925
395 930
395 931
395 964
395 971
395 975
395 977
395 978
395 982
395 994
395 997
395 998
395 1028
395 1030
395 1035
395 1039
395 1041
395 1053
395 1061
395 1092
395 1094
395 1099
395 1102
395 1103
395 1105
395 1110
395 1122
395 1124
395 1156
395 1159
395 1163
395 1165
395 1167
395 1169
395 1174
395 1179
395 1181
395 1185
395 1186
395 1189
395 1196
395 1216
395 1220
395 1222
395 1223
395 1231
395 1233
395 1238
395 1243
395 1246
395 1250
395 1253
396 204
396 268
396 310
396 332
396 460
396 524
396 588
396 1032
396 1229
397 0
397 9
397 10
397 11
397 12
397 18
397 22
397 35
397 36
397 37
397 44
397 47
397 53
397 68
397 71
397 86
397 93
397 98
397 99
397 101
397 132
397 137
397 139
397 143
397 150
397 157
397 162
397 163
397 164
397 165
397 192
397 193
397 196
397 203
397 205
397 214
397 219
397 224
397 225
397 227
397 229
397 239
397 245
397 258
397 263
397 267
397 268
397 269
397 274
397 283
397 284
397 285
397 288
397 289
397 291
397 292
397 293
397 311
397 320
397 324
397 327
397 331
397 333
397 342
397 347
397 348
397 350
397 352
397 353
397 354
397 355
397 356
397 357
397 358
397 367
397 391
397 395
397 406
397 411
397 413
397 417
397 419
397 420
397 421
397 422
397 428
397 437
397 448
397 452
397 455
397 459
397 461
397 470
397 475
397 482
397 483
397 484
397 486
397 492
397 516
397 519
397 523
397 525
397 530
397 534
397 539
397 541
397 542
397 547
397 549
397 550
397 565
397 580
397 583
397 587
397 589
397 598
397 605
397 611
397 612
397 613
397 614
397 644
397 647
397 651
397 655
397 662
397 667
397 668
397 669
397 674
397 675
397 676
397 677
397 708
397 715
397 719
397 726
397 732
397 733
397 736
397 738
397 739
397 740
397 741
397 772
397 778
397 779
397 795
397 797
397 800
397 804
397 806
397 812
397 836
397 843
397 847
397 866
397 868
397 869
397 900
397 903
397 907
397 911
397 923
397 925
397 930
397 931
397 933
397 949
397 964
397 969
397 971
397 978
397 982
397 994
397 995
397 997
397 998
397 1028
397 1035
397 1039
397 1041
397 1053
397 1061
397 1092
397 1099
397 1103
397 1110
397 1122
397 1124
397 1156
397 1159
397 1165
397 1179
397 1181
397 1185
397 1188
397 1189
397 1196
397 1216
397 1220
397 1223
397 1227
397 1231
397 1238
397 1243
397 1246
397 1250
397 1253
398 4
398 6
398 14
398 15
398 17
398 29
398 34
398 35
398 37
398 38
398 70
398 78
398 79
398 81
398 134
398 142
398 143
398 145
398 162
398 163
398 165
398 198
398 206
398 207
398 209
398 221
398 226
398 260
398 262
398 270
398 271
398 273
398 274
398 278
398 285
398 290
398 291
398 294
398 326
398 334
398 335
398 337
398 349
398 355
398 388
398 390
398 399
398 401
398 406
398 418
398 452
398 454
398 462
398 463
398 465
398 475
398 516
398 518
398 526
398 527
398 529
398 546
398 549
398 582
398 590
398 591
398 593
398 610
398 644
398 646
398 654
398 655
398 657
398 708
398 710
398 718
398 721
398 726
398 738
398 774
398 779
398 782
398 783
398 785
398 802
398 804
398 838
398 846
398 849
398 902
398 910
398 911
398 913
398 966
398 974
398 975
398 977
398 994
398 1030
398 1038
398 1041
398 1094
398 1102
398 1105
398 1156
398 1158
398 1159
398 1163
398 1166
398 1167
398 1169
398 1174
398 1186
398 1189
398 1222
398 1230
398 1231
398 1233
399 4
399 6
399 9
399 11
399 14
399 15
399 17
399 22
399 29
399 34
399 35
399 36
399 37
399 38
399 70
399 71
399 78
399 79
399 81
399 98
399 134
399 142
399 143
399 145
399 157
399 162
399 163
399 165
399 196
399 198
399 203
399 206
399 207
399 209
399 214
399 219
399 221
399 226
399 229
399 260
399 262
399 267
399 268
399 270
399 271
399 273
399 274
399 278
399 283
399 285
399 288
399 290
399 291
399 293
399 294
399 324
399 326
399 334
399 335
399 337
399 348
399 349
399 354
399 355
399 357
399 388
399 390
399 395
399 398
399 401
399 406
399 413
399 418
399 421
399 422
399 452
399 454
399 459
399 462
399 463
399 465
399 475
399 486
399 516
399 518
399 519
399 526
399 527
399 529
399 534
399 541
399 542
399 546
399 549
399 550
399 565
399 582
399 583
399 590
399 591
399 593
399 605
399 610
399 611
399 612
399 644
399 646
399 647
399 654
399 655
399 657
399 667
399 669
399 674
399 708
399 710
399 715
399 718
399 719
399 721
399 726
399 736
399 738
399 740
399 741
399 772
399 774
399 779
399 782
399 783
399 785
399 795
399 802
399 804
399 838
399 846
399 847
399 849
399 900
399 902
399 910
399 911
399 913
399 931
399 964
399 966
399 971
399 974
399 975
399 977
399 994
399 997
399 998
399 1030
399 1038
399 1039
399 1041
399 1094
399 1102
399 1103
399 1105
399 1122
399 1124
399 1156
399 1158
399 1159
399 1163
399 1166
399 1167
399 1169
399 1174
399 1185
399 1186
399 1189
399 1220
399 1222
399 1223
399 1230
399 1231
399 1233
399 1238
399 1243
400 148
400 208
400 272
400 336
400 464
400 528
400 592
400 935
401 4
401 6
401 9
401 11
401 14
401 15
401 17
401 22
401 29
401 34
401 35
401 36
401 37
401 38
401 70
401 71
401 78
401 79
401 81
401 98
401 132
401 134
401 139
401 142
401 143
401 145
401 157
401 162
401 163
401 165
401 196
401 198
401 203
401 206
401 207
401 209
401 214
401 219
401 221
401 226
401 229
401 260
401 262
401 267
401 268
401 270
401 271
401 273
401 274
401 278
401 283
401 285
401 288
401 290
401 291
401 293
401 294
401 324
401 326
401 334
401 335
401 337
401 348
401 349
401 354
401 355
401 357
401 388
401 390
401 391
401 395
401 398
401 399
401 406
401 413
401 418
401 421
401 422
401 452
401 454
401 459
401 462
401 463
401 465
401 470
401 475
401 482
401 486
401 516
401 518
401 519
401 526
401 527
401 529
401 534
401 541
401 542
401 546
401 549
401 550
401 565
401 582
401 583
401 590
401 591
401 593
401 605
401 610
401 611
401 612
401 644
401 646
401 647
401 654
401 655
401 657
401 667
401 669
401 674
401 708
401 710
401 715
401 718
401 719
401 721
401 726
401 736
401 738
401 740
401 741
401 772
401 774
401 779
401 782
401 783
401 785
401 795
401 802
401 804
401 838
401 846
401 847
401 849
401 900
401 902
401 910
401 911
401 913
401 931
401 964
401 966
401 971
401 974
401 975
401 977
401 994
401 997
401 998
401 1030
401 1038
401 1039
401 1041
401 1094
401 1102
401 1103
401 1105
401 1122
401 1124
401 1156
401 1158
401 1159
401 1163
401 1166
401 1167
401 1169
401 1174
401 1185
401 1186
401 1189
401 1220
401 1222
401 1223
401 1230
401 1231
401 1233
401 1238
401 1243
402 1
402 10
402 12
402 21
402 47
402 51
402 91
402 101
402 137
402 164
402 192
402 193
402 201
402 202
402 210
402 224
402 225
402 228
402 230
402 239
402 245
402 247
402 258
402 274
402 275
402 284
402 320
402 327
402 333
402 338
402 342
402 347
402 352
402 356
402 367
402 412
402 417
402 431
402 449
402 455
402 461
402 466
402 477
402 530
402 539
402 589
402 594
402 603
402 608
402 614
402 662
402 668
402 675
402 713
402 731
402 739
402 775
402 789
402 790
402 800
402 805
402 812
402 819
402 839
402 843
402 845
402 854
402 866
402 870
402 903
402 907
402 918
402 928
402 933
402 949
402 969
402 988
402 989
402 995
402 1031
402 1053
402 1059
402 1097
402 1162
402 1170
402 1181
402 1188
402 1190
402 1206
402 1227
402 1249
402 1252
402 1254
402 1270
403 211
403 275
403 339
403 436
403 467
403 531
403 595
403 640
404 212
404 276
404 340
404 468
404 532
404 596
404 684
404 830
405 166
405 213
405 277
405 295
405 341
405 469
405 533
405 597
406 0
406 4
406 6
406 9
406 11
406 15
406 17
406 22
406 29
406 34
406 35
406 36
406 37
406 38
406 44
406 53
406 68
406 70
406 71
406 78
406 79
406 81
406 93
406 98
406 132
406 134
406 139
406 142
406 143
406 145
406 150
406 157
406 162
406 163
406 165
406 196
406 198
406 203
406 207
406 209
406 214
406 219
406 221
406 226
406 227
406 229
406 260
406 262
406 263
406 267
406 268
406 271
406 273
406 274
406 278
406 283
406 285
406 288
406 290
406 291
406 293
406 294
406 311
406 324
406 326
406 335
406 337
406 342
406 348
406 349
406 350
406 353
406 354
406 355
406 357
406 358
406 388
406 390
406 391
406 395
406 397
406 398
406 399
406 401
406 411
406 413
406 418
406 420
406 421
406 422
406 437
406 448
406 452
406 454
406 459
406 462
406 463
406 465
406 470
406 475
406 482
406 483
406 484
406 486
406 516
406 518
406 519
406 523
406 527
406 529
406 534
406 541
406 542
406 546
406 547
406 549
406 550
406 565
406 580
406 582
406 583
406 590
406 591
406 593
406 598
406 605
406 610
406 611
406 612
406 613
406 644
406 646
406 647
406 651
406 654
406 655
406 657
406 667
406 669
406 674
406 676
406 677
406 708
406 710
406 715
406 718
406 719
406 721
406 726
406 732
406 733
406 736
406 738
406 740
406 741
406 772
406 774
406 778
406 779
406 783
406 785
406 795
406 797
406 802
406 804
406 806
406 836
406 838
406 846
406 847
406 849
406 868
406 900
406 902
406 910
406 911
406 913
406 925
406 930
406 931
406 964
406 966
406 971
406 974
406 975
406 977
406 978
406 982
406 994
406 997
406 998
406 1028
406 1030
406 1038
406 1039
406 1041
406 1094
406 1102
406 1103
406 1105
406 1122
406 1124
406 1156
406 1158
406 1159
406 1163
406 1166
406 1167
406 1169
406 1174
406 1185
406 1186
406 1189
406 1196
406 1220
406 1222
406 1223
406 1230
406 1231
406 1233
406 1238
406 1243
406 1250
406 1253
407 215
407 279
407 343
407 471
407 535
407 599
408 216
408 280
408 344
408 472
408 536
408 600
408 765
409 217
409 281
409 301
409 345
409 473
409 537
409 601
409 1138
409 1139
410 218
410 282
410 346
410 474
410 538
410 595
410 602
411 0
411 9
411 10
411 11
411 12
411 18
411 22
411 35
411 36
411 37
411 44
411 47
411 53
411 68
411 71
411 79
411 81
411 86
411 93
411 98
411 99
411 101
411 132
411 137
411 139
411 143
411 150
411 157
411 162
411 163
411 164
411 165
411 192
411 193
411 196
411 203
411 205
411 214
411 219
411 224
411 225
411 227
411 229
411 239
411 245
411 258
411 263
411 267
411 268
411 274
411 278
411 283
411 284
411 285
411 288
411 289
411 291
411 292
411 293
411 311
411 320
411 324
411 327
411 331
411 333
411 342
411 347
411 348
411 350
411 352
411 353
411 354
411 355
411 356
411 357
411 358
411 367
411 388
411 391
411 395
411 397
411 406
411 413
411 417
411 418
411 419
411 420
411 421
411 422
411 428
411 437
411 448
411 452
411 455
411 459
411 470
411 475
411 482
411 483
411 484
411 486
411 492
411 516
411 519
411 523
411 530
411 534
411 539
411 541
411 542
411 547
411 549
411 550
411 565
411 580
411 583
411 587
411 591
411 598
411 603
411 605
411 610
411 611
411 612
411 613
411 614
411 644
411 647
411 651
411 655
411 662
411 667
411 668
411 669
411 674
411 675
411 676
411 677
411 708
411 715
411 719
411 726
411 732
411 733
411 736
411 738
411 739
411 740
411 741
411 772
411 778
411 779
411 795
411 797
411 800
411 804
411 806
411 812
411 836
411 843
411 847
411 866
411 868
411 869
411 900
411 903
411 907
411 911
411 923
411 925
411 930
411 931
411 964
411 969
411 971
411 978
411 982
411 994
411 995
411 997
411 998
411 1028
411 1035
411 1039
411 1041
411 1053
411 1061
411 1092
411 1099
411 1103
411 1105
411 1110
411 1122
411 1124
411 1156
411 1159
411 1163
411 1165
411 1167
411 1174
411 1179
411 1181
411 1185
411 1188
411 1189
411 1196
411 1216
411 1220
411 1223
411 1231
411 1238
411 1243
411 1246
411 1250
411 1253
412 1
412 10
412 12
412 21
412 47
412 51
412 91
412 137
412 192
412 193
412 201
412 202
412 220
412 224
412 228
412 230
412 239
412 247
412 258
412 275
412 284
412 320
412 327
412 338
412 347
412 348
412 352
412 356
412 367
412 402
412 417
412 431
412 449
412 455
412 461
412 476
412 477
412 530
412 539
412 540
412 589
412 603
412 604
412 608
412 614
412 668
412 713
412 731
412 739
412 775
412 789
412 790
412 800
412 805
412 819
412 839
412 843
412 845
412 854
412 866
412 870
412 903
412 907
412 918
412 928
412 933
412 949
412 969
412 988
412 989
412 995
412 1031
412 1059
412 1097
412 1162
412 1170
412 1188
412 1190
412 1206
412 1227
412 1249
412 1252
412 1254
412 1270
413 0
413 4
413 9
413 11
413 18
413 22
413 34
413 35
413 36
413 37
413 38
413 44
413 53
413 68
413 70
413 71
413 79
413 81
413 86
413 93
413 98
413 99
413 101
413 132
413 139
413 143
413 145
413 150
413 157
413 162
413 163
413 164
413 165
413 196
413 203
413 205
413 214
413 219
413 221
413 224
413 225
413 227
413 229
413 245
413 260
413 263
413 267
413 268
413 271
413 273
413 274
413 278
413 283
413 284
413 285
413 288
413 289
413 290
413 291
413 292
413 293
413 294
413 311
413 324
413 331
413 333
413 335
413 337
413 342
413 348
413 349
413 350
413 353
413 354
413 355
413 357
413 358
413 388
413 391
413 395
413 397
413 399
413 401
413 406
413 411
413 418
413 419
413 420
413 421
413 422
413 428
413 437
413 448
413 452
413 455
413 459
413 463
413 465
413 470
413 475
413 477
413 482
413 483
413 484
413 486
413 492
413 516
413 518
413 519
413 523
413 527
413 529
413 534
413 541
413 542
413 546
413 547
413 549
413 550
413 565
413 580
413 583
413 587
413 590
413 591
413 593
413 598
413 605
413 610
413 611
413 612
413 613
413 644
413 647
413 651
413 655
413 657
413 662
413 667
413 668
413 669
413 674
413 675
413 676
413 677
413 708
413 715
413 718
413 719
413 721
413 726
413 732
413 733
413 736
413 738
413 740
413 741
413 772
413 778
413 779
413 783
413 785
413 795
413 797
413 802
413 804
413 806
413 812
413 836
413 846
413 847
413 849
413 868
413 869
413 900
413 902
413 903
413 911
413 913
413 923
413 925
413 930
413 931
413 964
413 971
413 975
413 977
413 978
413 982
413 994
413 997
413 998
413 1028
413 1030
413 1035
413 1039
413 1041
413 1053
413 1061
413 1092
413 1094
413 1099
413 1102
413 1103
413 1105
413 1110
413 1122
413 1124
413 1156
413 1159
413 1163
413 1165
413 1167
413 1169
413 1174
413 1179
413 1181
413 1185
413 1186
413 1189
413 1196
413 1216
413 1220
413 1222
413 1223
413 1231
413 1233
413 1238
413 1243
413 1246
413 1250
413 1253
414 222
414 286
414 350
414 478
414 542
414 606
415 223
415 287
415 351
415 479
415 543
415 607
416 224
416 256
416 288
416 302
416 352
416 480
416 544
416 608
416 864
416 1184
417 0
417 10
417 12
417 18
417 22
417 44
417 47
417 51
417 53
417 68
417 86
417 91
417 93
417 99
417 101
417 132
417 137
417 139
417 150
417 164
417 192
417 193
417 202
417 205
417 224
417 225
417 227
417 228
417 239
417 245
417 258
417 263
417 275
417 284
417 288
417 289
417 292
417 311
417 320
417 327
417 331
417 333
417 338
417 342
417 347
417 350
417 352
417 353
417 356
417 358
417 367
417 391
417 397
417 402
417 411
417 412
417 419
417 420
417 428
417 431
417 437
417 448
417 455
417 461
417 470
417 481
417 482
417 483
417 484
417 492
417 523
417 530
417 539
417 545
417 547
417 580
417 587
417 598
417 603
417 609
417 613
417 614
417 651
417 662
417 668
417 675
417 676
417 677
417 713
417 731
417 732
417 733
417 739
417 741
417 775
417 778
417 797
417 800
417 805
417 806
417 812
417 836
417 839
417 843
417 845
417 854
417 866
417 868
417 869
417 870
417 903
417 907
417 918
417 923
417 925
417 928
417 930
417 933
417 949
417 969
417 978
417 982
417 989
417 995
417 1028
417 1031
417 1035
417 1053
417 1059
417 1061
417 1092
417 1099
417 1110
417 1165
417 1179
417 1181
417 1188
417 1190
417 1196
417 1206
417 1216
417 1227
417 1243
417 1246
417 1249
417 1250
417 1252
417 1253
417 1254
418 4
418 6
418 9
418 11
418 15
418 17
418 22
418 29
418 34
418 35
418 36
418 37
418 38
418 68
418 70
418 71
418 78
418 79
418 81
418 93
418 98
418 132
418 134
418 139
418 142
418 143
418 145
418 157
418 162
418 163
418 165
418 196
418 198
418 203
418 206
418 207
418 209
418 214
418 219
418 221
418 226
418 229
418 260
418 262
418 263
418 267
418 268
418 271
418 273
418 274
418 278
418 283
418 285
418 288
418 290
418 291
418 293
418 294
418 324
418 326
418 334
418 335
418 337
418 348
418 349
418 354
418 355
418 357
418 388
418 390
418 391
418 395
418 398
418 399
418 401
418 406
418 411
418 413
418 420
418 421
418 422
418 437
418 448
418 452
418 454
418 459
418 462
418 463
418 465
418 470
418 475
418 482
418 486
418 516
418 518
418 519
418 526
418 527
418 529
418 534
418 541
418 542
418 546
418 549
418 550
418 565
418 582
418 583
418 590
418 591
418 593
418 605
418 610
418 611
418 612
418 644
418 646
418 647
418 654
418 655
418 657
418 667
418 669
418 674
418 677
418 708
418 710
418 715
418 718
418 719
418 721
418 726
418 732
418 733
418 736
418 738
418 740
418 741
418 772
418 774
418 779
418 782
418 783
418 785
418 795
418 802
418 804
418 806
418 836
418 838
418 846
418 847
418 849
418 900
418 902
418 910
418 911
418 913
418 930
418 931
418 964
418 966
418 971
418 974
418 975
418 977
418 978
418 994
418 997
418 998
418 1028
418 1030
418 1038
418 1039
418 1041
418 1094
418 1102
418 1103
418 1105
418 1122
418 1124
418 1156
418 1158
418 1159
418 1163
418 1166
418 1167
418 1169
418 1174
418 1185
418 1186
418 1189
418 1220
418 1222
418 1223
418 1230
418 1231
418 1233
418 1238
418 1243
418 1253
419 0
419 9
419 10
419 11
419 12
419 18
419 22
419 36
419 44
419 47
419 53
419 68
419 71
419 86
419 93
419 98
419 99
419 101
419 132
419 137
419 139
419 143
419 150
419 157
419 164
419 165
419 192
419 193
419 196
419 202
419 203
419 205
419 214
419 219
419 224
419 225
419 227
419 228
419 229
419 239
419 245
419 258
419 263
419 267
419 268
419 275
419 283
419 284
419 288
419 289
419 291
419 292
419 293
419 311
419 320
419 324
419 327
419 331
419 333
419 342
419 347
419 348
419 350
419 352
419 353
419 354
419 355
419 356
419 357
419 358
419 367
419 391
419 395
419 397
419 411
419 413
419 417
419 420
419 421
419 422
419 428
419 437
419 448
419 455
419 459
419 470
419 475
419 482
419 483
419 484
419 486
419 492
419 519
419 523
419 530
419 534
419 539
419 541
419 542
419 547
419 549
419 550
419 565
419 580
419 583
419 587
419 598
419 605
419 611
419 612
419 613
419 614
419 647
419 651
419 662
419 667
419 668
419 669
419 674
419 675
419 676
419 677
419 715
419 719
419 726
419 732
419 733
419 736
419 739
419 740
419 741
419 772
419 778
419 779
419 795
419 797
419 800
419 806
419 812
419 836
419 843
419 845
419 847
419 854
419 866
419 868
419 869
419 900
419 903
419 907
419 923
419 925
419 928
419 930
419 931
419 933
419 949
419 964
419 969
419 971
419 978
419 982
419 995
419 997
419 998
419 1028
419 1031
419 1035
419 1039
419 1053
419 1061
419 1092
419 1099
419 1103
419 1110
419 1122
419 1124
419 1165
419 1179
419 1181
419 1185
419 1188
419 1190
419 1196
419 1216
419 1220
419 1223
419 1227
419 1238
419 1243
419 1246
419 1250
419 1253
420 0
420 9
420 10
420 11
420 12
420 18
420 22
420 35
420 36
420 37
420 44
420 47
420 53
420 68
420 71
420 79
420 81
420 86
420 93
420 98
420 99
420 101
420 132
420 137
420 139
420 143
420 150
420 157
420 162
420 163
420 164
420 165
420 192
420 193
420 196
420 203
420 205
420 214
420 219
420 224
420 225
420 227
420 228
420 229
420 239
420 245
420 258
420 263
420 267
420 268
420 274
420 278
420 283
420 284
420 285
420 288
420 289
420 291
420 292
420 293
420 311
420 320
420 324
420 327
420 331
420 333
420 342
420 348
420 350
420 352
420 353
420 354
420 355
420 356
420 357
420 358
420 367
420 388
420 391
420 395
420 397
420 406
420 411
420 413
420 417
420 418
420 419
420 421
420 422
420 428
420 437
420 448
420 452
420 455
420 459
420 470
420 475
420 482
420 483
420 484
420 486
420 492
420 516
420 519
420 523
420 530
420 534
420 541
420 542
420 546
420 547
420 548
420 549
420 550
420 565
420 580
420 583
420 587
420 591
420 598
420 605
420 610
420 611
420 612
420 613
420 614
420 644
420 647
420 651
420 655
420 662
420 667
420 668
420 669
420 674
420 675
420 676
420 677
420 708
420 715
420 719
420 726
420 732
420 733
420 736
420 738
420 739
420 740
420 741
420 772
420 778
420 779
420 795
420 797
420 800
420 804
420 806
420 812
420 836
420 843
420 847
420 866
420 868
420 869
420 900
420 903
420 907
420 911
420 923
420 925
420 930
420 931
420 964
420 969
420 971
420 978
420 982
420 994
420 995
420 997
420 998
420 1028
420 1035
420 1039
420 1041
420 1053
420 1061
420 1092
420 1099
420 1103
420 1105
420 1110
420 1122
420 1124
420 1156
420 1159
420 1163
420 1165
420 1167
420 1174
420 1179
420 1181
420 1185
420 1188
420 1189
420 1196
420 1216
420 1220
420 1223
420 1231
420 1238
420 1243
420 1246
420 1250
420 1253
421 0
421 4
421 9
421 11
421 18
421 22
421 34
421 35
421 36
421 37
421 38
421 44
421 53
421 68
421 70
421 71
421 79
421 81
421 86
421 93
421 98
421 99
421 101
421 132
421 134
421 139
421 143
421 145
421 150
421 157
421 162
421 163
421 165
421 196
421 203
421 205
421 209
421 214
421 219
421 221
421 225
421 226
421 227
421 229
421 245
421 260
421 263
421 267
421 268
421 271
421 273
421 274
421 278
421 283
421 284
421 285
421 288
421 289
421 290
421 291
421 292
421 293
421 294
421 311
421 324
421 331
421 333
421 335
421 337
421 342
421 348
421 349
421 350
421 353
421 354
421 355
421 357
421 358
421 388
421 391
421 395
421 397
421 399
421 401
421 406
421 411
421 413
421 418
421 419
421 420
421 422
421 428
421 437
421 448
421 452
421 459
421 463
421 465
421 470
421 475
421 482
421 483
421 484
421 485
421 486
421 492
421 516
421 518
421 519
421 523
421 527
421 529
421 534
421 541
421 542
421 546
421 547
421 549
421 550
421 565
421 580
421 582
421 583
421 587
421 590
421 591
421 593
421 598
421 605
421 610
421 611
421 612
421 613
421 644
421 647
421 651
421 655
421 657
421 662
421 667
421 669
421 674
421 675
421 676
421 677
421 708
421 715
421 718
421 719
421 721
421 726
421 732
421 733
421 736
421 738
421 740
421 741
421 772
421 778
421 779
421 783
421 785
421 795
421 797
421 802
421 804
421 806
421 812
421 836
421 846
421 847
421 849
421 868
421 869
421 900
421 902
421 911
421 913
421 923
421 925
421 930
421 931
421 964
421 971
421 975
421 977
421 978
421 982
421 994
421 997
421 998
421 1028
421 1030
421 1035
421 1039
421 1041
421 1053
421 1061
421 1092
421 1094
421 1099
421 1102
421 1103
421 1105
421 1110
421 1122
421 1124
421 1156
421 1159
421 1163
421 1165
421 1167
421 1169
421 1174
421 1179
421 1181
421 1185
421 1186
421 1189
421 1196
421 1216
421 1220
421 1222
421 1223
421 1231
421 1233
421 1238
421 1243
421 1246
421 1250
421 1253
422 0
422 4
422 9
422 11
422 18
422 22
422 34
422 35
422 36
422 37
422 38
422 44
422 53
422 68
422 70
422 71
422 79
422 81
422 86
422 93
422 98
422 99
422 101
422 132
422 134
422 139
422 143
422 145
422 150
422 157
422 162
422 163
422 164
422 165
422 196
422 203
422 205
422 214
422 219
422 221
422 225
422 227
422 229
422 230
422 245
422 260
422 263
422 267
422 268
422 271
422 273
422 274
422 278
422 283
422 284
422 285
422 288
422 289
422 290
422 291
422 292
422 293
422 294
422 311
422 324
422 331
422 333
422 335
422 337
422 342
422 348
422 349
422 350
422 353
422 354
422 355
422 357
422 358
422 388
422 391
422 395
422 397
422 399
422 401
422 406
422 411
422 413
422 418
422 419
422 420
422 421
422 428
422 437
422 448
422 452
422 455
422 459
422 463
422 465
422 470
422 475
422 482
422 483
422 484
422 486
422 492
422 516
422 518
422 519
422 523
422 527
422 529
422 534
422 541
422 542
422 546
422 547
422 549
422 550
422 565
422 580
422 583
422 587
422 590
422 591
422 593
422 598
422 605
422 610
422 611
422 612
422 613
422 614
422 644
422 647
422 651
422 655
422 657
422 662
422 667
422 668
422 669
422 674
422 675
422 676
422 677
422 708
422 715
422 718
422 719
422 721
422 726
422 732
422 733
422 736
422 738
422 740
422 741
422 772
422 778
422 779
422 783
422 785
422 795
422 797
422 802
422 804
422 806
422 812
422 836
422 846
422 847
422 849
422 868
422 869
422 900
422 902
422 911
422 913
422 923
422 925
422 930
422 931
422 964
422 971
422 975
422 977
422 978
422 982
422 994
422 997
422 998
422 1028
422 1030
422 1035
422 1039
422 1041
422 1053
422 1061
422 1092
422 1094
422 1099
422 1102
422 1103
422 1105
422 1110
422 1122
422 1124
422 1156
422 1159
422 1163
422 1165
422 1167
422 1169
422 1174
422 1179
422 1181
422 1185
422 1186
422 1189
422 1196
422 1216
422 1220
422 1222
422 1223
422 1231
422 1233
422 1238
422 1243
422 1246
422 1250
422 1253
423 231
423 295
423 359
423 487
423 551
423 592
423 615
423 714
423 794
423 1237
424 130
424 232
424 296
424 360
424 488
424 552
424 616
425 233
425 297
425 313
425 361
425 489
425 553
425 617
425 734
425 991
426 234
426 298
426 362
426 434
426 490
426 554
426 618
426 1014
426 1267
427 235
427 299
427 363
427 491
427 528
427 555
427 619
427 685
427 762
428 0
428 9
428 10
428 11
428 12
428 18
428 22
428 36
428 44
428 47
428 53
428 68
428 71
428 86
428 93
428 98
428 99
428 101
428 132
428 137
428 139
428 143
428 150
428 157
428 164
428 165
428 192
428 193
428 196
428 202
428 203
428 205
428 214
428 219
428 224
428 225
428 227
428 228
428 229
428 236
428 239
428 245
428 258
428 263
428 267
428 268
428 275
428 283
428 284
428 288
428 289
428 292
428 293
428 300
428 311
428 320
428 324
428 327
428 331
428 333
428 342
428 347
428 348
428 350
428 352
428 353
428 354
428 356
428 357
428 358
428 364
428 367
428 391
428 395
428 397
428 411
428 413
428 417
428 419
428 420
428 421
428 422
428 437
428 448
428 455
428 459
428 470
428 475
428 482
428 483
428 484
428 486
428 492
428 519
428 523
428 530
428 534
428 539
428 541
428 542
428 547
428 549
428 550
428 556
428 565
428 580
428 583
428 587
428 598
428 605
428 611
428 612
428 613
428 614
428 620
428 647
428 651
428 662
428 667
428 668
428 669
428 674
428 675
428 676
428 677
428 715
428 719
428 726
428 732
428 733
428 736
428 739
428 740
428 741
428 772
428 778
428 779
428 795
428 797
428 800
428 806
428 812
428 836
428 843
428 845
428 847
428 854
428 866
428 868
428 869
428 900
428 903
428 907
428 923
428 925
428 928
428 930
428 931
428 933
428 949
428 964
428 969
428 971
428 978
428 982
428 995
428 997
428 998
428 1028
428 1031
428 1035
428 1039
428 1053
428 1061
428 1092
428 1099
428 1103
428 1110
428 1122
428 1124
428 1165
428 1179
428 1181
428 1185
428 1188
428 1190
428 1196
428 1216
428 1220
428 1223
428 1227
428 1238
428 1243
428 1246
428 1250
428 1253
429 237
429 301
429 365
429 467
429 493
429 557
429 621
430 238
430 302
430 366
430 494
430 558
430 622
430 639
431 1
431 10
431 21
431 51
431 91
431 137
431 201
431 202
431 228
431 230
431 239
431 247
431 257
431 258
431 275
431 303
431 327
431 338
431 347
431 352
431 356
431 367
431 402
431 412
431 417
431 449
431 461
431 477
431 495
431 539
431 559
431 589
431 603
431 608
431 614
431 623
431 713
431 731
431 739
431 775
431 789
431 790
431 800
431 801
431 805
431 819
431 839
431 845
431 854
431 866
431 870
431 918
431 928
431 933
431 949
431 969
431 988
431 989
431 995
431 1031
431 1059
431 1097
431 1162
431 1170
431 1188
431 1190
431 1206
431 1227
431 1249
431 1252
431 1254
431 1270
432 67
432 240
432 304
432 368
432 496
432 560
432 624
433 241
433 305
433 369
433 497
433 561
433 625
433 1091
433 1111
433 1150
434 242
434 306
434 370
434 426
434 498
434 562
434 626
434 1014
434 1267
435 217
435 243
435 307
435 371
435 458
435 499
435 563
435 627
436 244
436 308
436 372
436 403
436 500
436 564
436 628
436 640
437 0
437 9
437 10
437 11
437 12
437 18
437 22
437 35
437 36
437 37
437 44
437 47
437 53
437 68
437 71
437 79
437 81
437 86
437 93
437 98
437 99
437 101
437 132
437 137
437 139
437 143
437 150
437 157
437 162
437 163
437 164
437 165
437 192
437 193
437 196
437 203
437 205
437 214
437 219
437 224
437 225
437 227
437 229
437 239
437 245
437 258
437 263
437 267
437 268
437 274
437 278
437 283
437 284
437 285
437 288
437 289
437 291
437 292
437 293
437 309
437 311
437 320
437 324
437 327
437 331
437 333
437 342
437 348
437 350
437 352
437 353
437 354
437 355
437 356
437 357
437 358
437 367
437 373
437 388
437 391
437 395
437 397
437 406
437 411
437 413
437 417
437 418
437 419
437 420
437 421
437 422
437 428
437 448
437 452
437 455
437 459
437 470
437 475
437 482
437 483
437 484
437 486
437 492
437 501
437 516
437 519
437 523
437 530
437 534
437 541
437 542
437 546
437 547
437 549
437 550
437 565
437 580
437 583
437 587
437 591
437 598
437 605
437 610
437 611
437 612
437 613
437 614
437 629
437 644
437 647
437 651
437 655
437 662
437 667
437 668
437 669
437 674
437 675
437 676
437 677
437 708
437 715
437 719
437 726
437 732
437 733
437 736
437 738
437 739
437 740
437 741
437 772
437 778
437 779
437 795
437 797
437 800
437 804
437 806
437 812
437 836
437 843
437 847
437 866
437 868
437 869
437 900
437 903
437 907
437 911
437 923
437 925
437 930
437 931
437 964
437 969
437 971
437 978
437 982
437 994
437 995
437 997
437 998
437 1028
437 1035
437 1039
437 1041
437 1053
437 1061
437 1092
437 1099
437 1103
437 1105
437 1110
437 1122
437 1124
437 1156
437 1159
437 1163
437 1165
437 1167
437 1174
437 1179
437 1181
437 1185
437 1188
437 1189
437 1196
437 1216
437 1220
437 1223
437 1231
437 1238
437 1243
437 1246
437 1250
437 1253
438 246
438 305
438 310
438 374
438 502
438 566
438 630
438 1011
439 247
439 311
439 375
439 503
439 567
439 631
440 248
440 312
440 376
440 504
440 568
440 632
440 983
441 141
441 208
441 249
441 313
441 377
441 487
441 505
441 569
441 633
441 963
441 1137
442 250
442 314
442 378
442 506
442 570
442 634
442 700
442 1212
443 251
443 315
443 379
443 507
443 509
443 571
443 635
443 1200
444 252
444 316
444 362
444 380
444 508
444 572
444 636
444 881
444 920
444 1273
445 253
445 317
445 381
445 509
445 573
445 637
445 1090
446 254
446 318
446 382
446 510
446 574
446 638
447 255
447 319
447 383
447 511
447 575
447 639
447 784
448 0
448 9
448 10
448 11
448 12
448 18
448 22
448 35
448 36
448 37
448 44
448 47
448 53
448 68
448 71
448 79
448 81
448 86
448 93
448 98
448 99
448 101
448 132
448 137
448 139
448 143
448 150
448 157
448 162
448 163
448 164
448 165
448 192
448 193
448 196
448 203
448 205
448 214
448 219
448 224
448 225
448 227
448 229
448 239
448 245
448 256
448 258
448 263
448 267
448 268
448 274
448 278
448 283
448 284
448 285
448 288
448 289
448 291
448 292
448 293
448 311
448 320
448 324
448 327
448 331
448 333
448 342
448 347
448 348
448 350
448 352
448 353
448 354
448 355
448 356
448 357
448 358
448 367
448 384
448 388
448 391
448 395
448 397
448 406
448 411
448 413
448 417
448 418
448 419
448 420
448 421
448 422
448 428
448 437
448 452
448 455
448 459
448 470
448 475
448 482
448 483
448 484
448 486
448 492
448 512
448 516
448 519
448 523
448 530
448 534
448 539
448 541
448 542
448 547
448 549
448 550
448 565
448 576
448 580
448 583
448 587
448 591
448 598
448 605
448 610
448 611
448 612
448 613
448 614
448 640
448 644
448 647
448 651
448 655
448 662
448 667
448 668
448 669
448 674
448 675
448 676
448 677
448 708
448 715
448 719
448 726
448 732
448 733
448 736
448 738
448 739
448 740
448 741
448 772
448 778
448 779
448 795
448 797
448 800
448 804
448 806
448 812
448 836
448 843
448 847
448 866
448 868
448 869
448 900
448 903
448 907
448 911
448 923
448 925
448 930
448 931
448 949
448 964
448 969
448 971
448 978
448 982
448 994
448 995
448 997
448 998
448 1028
448 1035
448 1039
448 1041
448 1053
448 1061
448 1092
448 1099
448 1103
448 1105
448 1110
448 1122
448 1124
448 1156
448 1159
448 1163
448 1165
448 1167
448 1174
448 1179
448 1181
448 1185
448 1188
448 1189
448 1196
448 1216
448 1220
448 1223
448 1227
448 1231
448 1238
448 1243
448 1246
448 1250
448 1253
449 1
449 21
449 51
449 91
449 201
449 202
449 228
449 230
449 239
449 247
449 257
449 258
449 275
449 321
449 338
449 347
449 356
449 385
449 402
449 412
449 431
449 461
449 477
449 513
449 539
449 577
449 589
449 603
449 608
449 614
449 641
449 713
449 731
449 775
449 789
449 790
449 800
449 801
449 805
449 819
449 839
449 845
449 854
449 870
449 918
449 928
449 933
449 949
449 988
449 989
449 1031
449 1059
449 1097
449 1162
449 1170
449 1188
449 1190
449 1206
449 1227
449 1249
449 1252
449 1254
449 1270
450 241
450 258
450 322
450 386
450 514
450 578
450 642
451 259
451 323
451 387
451 515
451 579
451 643
452 0
452 4
452 6
452 9
452 11
452 15
452 22
452 29
452 34
452 35
452 36
452 37
452 38
452 44
452 53
452 68
452 70
452 71
452 78
452 79
452 81
452 93
452 98
452 132
452 134
452 139
452 142
452 143
452 145
452 150
452 157
452 162
452 163
452 165
452 196
452 198
452 203
452 207
452 209
452 214
452 219
452 221
452 226
452 227
452 229
452 260
452 262
452 263
452 267
452 268
452 271
452 273
452 274
452 278
452 283
452 285
452 288
452 289
452 290
452 291
452 293
452 294
452 311
452 324
452 326
452 335
452 337
452 348
452 349
452 350
452 353
452 354
452 355
452 357
452 358
452 388
452 390
452 391
452 395
452 397
452 398
452 399
452 401
452 406
452 411
452 413
452 418
452 420
452 421
452 422
452 437
452 448
452 454
452 459
452 462
452 463
452 465
452 470
452 475
452 482
452 483
452 484
452 486
452 516
452 518
452 519
452 523
452 527
452 529
452 534
452 541
452 542
452 546
452 547
452 549
452 550
452 565
452 580
452 582
452 583
452 590
452 591
452 593
452 605
452 610
452 611
452 612
452 613
452 644
452 646
452 647
452 651
452 655
452 657
452 667
452 669
452 674
452 676
452 677
452 708
452 710
452 715
452 718
452 719
452 721
452 726
452 732
452 733
452 736
452 738
452 740
452 741
452 772
452 774
452 778
452 779
452 783
452 785
452 795
452 797
452 802
452 804
452 806
452 836
452 838
452 846
452 847
452 849
452 868
452 900
452 902
452 910
452 911
452 913
452 925
452 930
452 931
452 964
452 966
452 971
452 974
452 975
452 977
452 978
452 982
452 994
452 997
452 998
452 1028
452 1030
452 1035
452 1038
452 1039
452 1041
452 1061
452 1092
452 1094
452 1102
452 1103
452 1105
452 1110
452 1122
452 1124
452 1156
452 1158
452 1159
452 1163
452 1166
452 1167
452 1169
452 1174
452 1185
452 1186
452 1189
452 1196
452 1220
452 1222
452 1223
452 1230
452 1231
452 1233
452 1238
452 1243
452 1250
452 1253
453 261
453 325
453 389
453 517
453 581
453 645
454 4
454 6
454 11
454 14
454 15
454 17
454 29
454 34
454 35
454 37
454 38
454 70
454 78
454 79
454 81
454 98
454 134
454 142
454 143
454 145
454 162
454 163
454 165
454 196
454 198
454 203
454 206
454 207
454 209
454 221
454 226
454 260
454 262
454 267
454 270
454 271
454 273
454 274
454 278
454 285
454 290
454 291
454 293
454 294
454 326
454 334
454 335
454 337
454 349
454 354
454 355
454 357
454 388
454 390
454 398
454 399
454 401
454 406
454 418
454 452
454 462
454 463
454 465
454 475
454 486
454 516
454 518
454 526
454 527
454 529
454 546
454 549
454 550
454 582
454 590
454 591
454 593
454 605
454 610
454 612
454 644
454 646
454 654
454 655
454 657
454 669
454 708
454 710
454 715
454 718
454 719
454 721
454 726
454 738
454 740
454 772
454 774
454 779
454 782
454 783
454 785
454 795
454 802
454 804
454 838
454 846
454 847
454 849
454 902
454 910
454 911
454 913
454 966
454 974
454 975
454 977
454 994
454 998
454 1030
454 1038
454 1041
454 1094
454 1102
454 1105
454 1124
454 1156
454 1158
454 1159
454 1163
454 1166
454 1167
454 1169
454 1174
454 1186
454 1189
454 1222
454 1230
454 1231
454 1233
455 0
455 9
455 10
455 12
455 18
455 22
455 36
455 44
455 47
455 51
455 53
455 68
455 71
455 86
455 93
455 99
455 101
455 132
455 137
455 139
455 150
455 157
455 164
455 192
455 193
455 202
455 205
455 214
455 219
455 224
455 225
455 227
455 228
455 229
455 239
455 245
455 258
455 263
455 268
455 275
455 283
455 284
455 288
455 289
455 292
455 311
455 320
455 327
455 331
455 333
455 338
455 342
455 347
455 348
455 350
455 352
455 353
455 356
455 358
455 367
455 391
455 395
455 397
455 402
455 411
455 412
455 413
455 417
455 419
455 420
455 422
455 428
455 437
455 448
455 459
455 461
455 470
455 482
455 483
455 484
455 492
455 519
455 523
455 530
455 534
455 539
455 541
455 542
455 547
455 565
455 580
455 583
455 587
455 598
455 603
455 611
455 613
455 614
455 647
455 651
455 662
455 667
455 668
455 674
455 675
455 676
455 677
455 732
455 733
455 736
455 739
455 741
455 775
455 778
455 797
455 800
455 805
455 806
455 812
455 836
455 839
455 843
455 845
455 854
455 866
455 868
455 869
455 870
455 900
455 903
455 907
455 923
455 925
455 928
455 930
455 933
455 949
455 964
455 969
455 978
455 982
455 989
455 995
455 997
455 1028
455 1031
455 1035
455 1039
455 1053
455 1059
455 1061
455 1092
455 1099
455 1103
455 1110
455 1122
455 1165
455 1179
455 1181
455 1185
455 1188
455 1190
455 1196
455 1206
455 1216
455 1220
455 1223
455 1227
455 1238
455 1243
455 1246
455 1249
455 1250
455 1253
456 264
456 328
456 392
456 520
456 584
456 648
456 1164
456 1193
457 5
457 72
457 135
457 199
457 264
457 265
457 329
457 392
457 393
457 521
457 581
457 585
457 648
457 649
457 712
457 773
457 841
457 905
457 967
457 1033
457 1093
457 1157
457 1225
458 217
458 266
458 330
458 394
458 435
458 522
458 586
458 650
459 0
459 4
459 9
459 11
459 18
459 22
459 34
459 35
459 36
459 37
459 38
459 44
459 53
459 68
459 70
459 71
459 79
459 81
459 86
459 93
459 98
459 99
459 101
459 132
459 134
459 139
459 143
459 145
459 150
459 157
459 162
459 163
459 164
459 165
459 196
459 203
459 205
459 214
459 219
459 221
459 225
459 227
459 229
459 245
459 260
459 263
459 267
459 268
459 271
459 273
459 274
459 278
459 283
459 284
459 285
459 288
459 289
459 290
459 291
459 292
459 293
459 294
459 311
459 324
459 331
459 333
459 335
459 337
459 342
459 348
459 349
459 350
459 353
459 354
459 355
459 357
459 358
459 388
459 391
459 395
459 397
459 399
459 401
459 406
459 411
459 413
459 418
459 419
459 420
459 421
459 422
459 428
459 437
459 448
459 452
459 455
459 463
459 465
459 470
459 475
459 482
459 483
459 484
459 486
459 492
459 516
459 518
459 519
459 523
459 527
459 529
459 534
459 541
459 542
459 546
459 547
459 549
459 550
459 565
459 580
459 583
459 587
459 590
459 591
459 593
459 598
459 605
459 610
459 611
459 612
459 613
459 644
459 647
459 651
459 655
459 657
459 662
459 667
459 668
459 669
459 674
459 675
459 676
459 677
459 708
459 715
459 718
459 719
459 721
459 726
459 732
459 733
459 736
459 738
459 740
459 741
459 772
459 778
459 779
459 783
459 785
459 795
459 797
459 802
459 804
459 806
459 812
459 836
459 846
459 847
459 849
459 868
459 869
459 900
459 902
459 911
459 913
459 923
459 925
459 930
459 931
459 964
459 971
459 975
459 977
459 978
459 982
459 994
459 997
459 998
459 1028
459 1030
459 1035
459 1039
459 1041
459 1053
459 1061
459 1092
459 1094
459 1099
459 1102
459 1103
459 1105
459 1110
459 1122
459 1124
459 1156
459 1159
459 1163
459 1165
459 1167
459 1169
459 1174
459 1179
459 1181
459 1185
459 1186
459 1189
459 1196
459 1216
459 1220
459 1222
459 1223
459 1231
459 1233
459 1238
459 1243
459 1246
459 1250
459 1253
460 268
460 332
460 396
460 476
460 524
460 576
460 588
460 652
461 1
461 10
461 12
461 21
461 47
461 51
461 91
461 137
461 192
461 193
461 201
461 202
461 224
461 228
461 230
461 239
461 247
461 258
461 269
461 275
461 320
461 327
461 333
461 338
461 347
461 352
461 356
461 367
461 397
461 402
461 412
461 417
461 431
461 449
461 455
461 477
461 525
461 530
461 539
461 589
461 603
461 608
461 614
461 653
461 668
461 713
461 731
461 739
461 775
461 789
461 790
461 800
461 805
461 819
461 839
461 843
461 845
461 854
461 866
461 870
461 903
461 907
461 918
461 928
461 933
461 949
461 969
461 988
461 989
461 995
461 1031
461 1059
461 1097
461 1162
461 1170
461 1188
461 1190
461 1206
461 1227
461 1249
461 1252
461 1254
461 1270
462 4
462 6
462 14
462 15
462 17
462 29
462 34
462 35
462 37
462 38
462 70
462 78
462 79
462 81
462 134
462 142
462 145
462 162
462 198
462 206
462 207
462 209
462 221
462 226
462 260
462 262
462 270
462 271
462 273
462 274
462 278
462 285
462 290
462 291
462 294
462 326
462 334
462 335
462 337
462 349
462 355
462 388
462 390
462 398
462 399
462 401
462 406
462 418
462 452
462 454
462 463
462 465
462 518
462 526
462 527
462 529
462 546
462 582
462 590
462 591
462 593
462 610
462 644
462 646
462 654
462 655
462 657
462 708
462 710
462 718
462 721
462 738
462 774
462 782
462 783
462 785
462 802
462 804
462 838
462 846
462 849
462 902
462 910
462 913
462 966
462 974
462 975
462 977
462 1030
462 1038
462 1094
462 1102
462 1105
462 1158
462 1159
462 1163
462 1166
462 1167
462 1169
462 1174
462 1186
462 1189
462 1222
462 1230
462 1233
463 4
463 6
463 9
463 11
463 14
463 15
463 17
463 29
463 34
463 35
463 37
463 38
463 70
463 71
463 78
463 79
463 81
463 98
463 134
463 142
463 143
463 145
463 157
463 162
463 163
463 165
463 196
463 198
463 203
463 206
463 207
463 209
463 221
463 226
463 260
463 262
463 267
463 270
463 271
463 273
463 274
463 278
463 285
463 290
463 291
463 293
463 294
463 324
463 326
463 334
463 335
463 337
463 348
463 349
463 354
463 355
463 357
463 388
463 390
463 398
463 399
463 401
463 406
463 413
463 418
463 421
463 422
463 452
463 454
463 459
463 462
463 465
463 475
463 486
463 516
463 518
463 519
463 526
463 527
463 529
463 546
463 549
463 550
463 582
463 590
463 591
463 593
463 605
463 610
463 612
463 644
463 646
463 654
463 655
463 657
463 669
463 708
463 710
463 715
463 718
463 719
463 721
463 726
463 738
463 740
463 772
463 774
463 779
463 782
463 783
463 785
463 795
463 802
463 804
463 838
463 846
463 847
463 849
463 902
463 910
463 911
463 913
463 931
463 966
463 971
463 974
463 975
463 977
463 994
463 998
463 1030
463 1038
463 1039
463 1041
463 1094
463 1102
463 1105
463 1124
463 1156
463 1158
463 1159
463 1163
463 1166
463 1167
463 1169
463 1174
463 1185
463 1186
463 1189
463 1220
463 1222
463 1223
463 1230
463 1231
463 1233
464 59
464 272
464 336
464 400
464 528
464 592
464 656
464 1077
465 4
465 6
465 9
465 11
465 14
465 15
465 17
465 29
465 34
465 35
465 37
465 38
465 70
465 71
465 78
465 79
465 81
465 98
465 134
465 142
465 143
465 145
465 157
465 162
465 163
465 165
465 196
465 198
465 203
465 206
465 207
465 209
465 221
465 226
465 260
465 262
465 267
465 270
465 271
465 273
465 274
465 278
465 285
465 290
465 291
465 293
465 294
465 324
465 326
465 334
465 335
465 337
465 348
465 349
465 354
465 355
465 357
465 388
465 390
465 395
465 398
465 399
465 401
465 406
465 413
465 418
465 421
465 422
465 452
465 454
465 459
465 462
465 463
465 475
465 486
465 516
465 518
465 519
465 526
465 527
465 529
465 534
465 546
465 549
465 550
465 582
465 590
465 591
465 593
465 605
465 610
465 612
465 644
465 646
465 647
465 654
465 655
465 657
465 667
465 669
465 674
465 708
465 710
465 715
465 718
465 719
465 721
465 726
465 738
465 740
465 772
465 774
465 779
465 782
465 783
465 785
465 795
465 802
465 804
465 838
465 846
465 847
465 849
465 900
465 902
465 910
465 911
465 913
465 931
465 964
465 966
465 971
465 974
465 975
465 977
465 994
465 997
465 998
465 1030
465 1038
465 1039
465 1041
465 1094
465 1102
465 1103
465 1105
465 1124
465 1156
465 1158
465 1159
465 1163
465 1166
465 1167
465 1169
465 1174
465 1185
465 1186
465 1189
465 1220
465 1222
465 1223
465 1230
465 1231
465 1233
466 274
466 338
466 402
466 530
466 594
466 658
467 275
467 339
467 403
467 429
467 531
467 595
467 659
468 276
468 340
468 404
468 532
468 596
468 660
468 703
469 277
469 341
469 405
469 533
469 556
469 597
469 661
469 1127
470 0
470 4
470 9
470 10
470 11
470 12
470 18
470 22
470 35
470 36
470 37
470 38
470 44
470 47
470 53
470 68
470 71
470 79
470 81
470 86
470 93
470 98
470 99
470 101
470 132
470 137
470 139
470 143
470 150
470 157
470 162
470 163
470 164
470 165
470 192
470 193
470 196
470 203
470 205
470 214
470 219
470 221
470 224
470 225
470 227
470 229
470 245
470 258
470 263
470 267
470 268
470 274
470 278
470 283
470 284
470 285
470 288
470 289
470 291
470 292
470 293
470 294
470 311
470 320
470 324
470 327
470 331
470 333
470 335
470 342
470 348
470 349
470 350
470 352
470 353
470 354
470 355
470 357
470 358
470 367
470 388
470 391
470 395
470 397
470 401
470 406
470 411
470 413
470 417
470 418
470 419
470 420
470 421
470 422
470 428
470 437
470 448
470 452
470 455
470 459
470 475
470 482
470 483
470 484
470 486
470 492
470 516
470 519
470 523
470 530
470 534
470 541
470 542
470 546
470 547
470 549
470 550
470 565
470 580
470 583
470 587
470 591
470 598
470 605
470 610
470 611
470 612
470 613
470 614
470 644
470 647
470 651
470 655
470 662
470 667
470 668
470 669
470 674
470 675
470 676
470 677
470 708
470 715
470 719
470 726
470 732
470 733
470 736
470 738
470 739
470 740
470 741
470 772
470 778
470 779
470 783
470 795
470 797
470 800
470 802
470 804
470 806
470 812
470 836
470 843
470 847
470 866
470 868
470 869
470 900
470 903
470 907
470 911
470 913
470 923
470 925
470 930
470 931
470 964
470 969
470 971
470 977
470 978
470 982
470 994
470 995
470 997
470 998
470 1028
470 1035
470 1039
470 1041
470 1053
470 1061
470 1092
470 1099
470 1103
470 1105
470 1110
470 1122
470 1124
470 1156
470 1159
470 1163
470 1165
470 1167
470 1174
470 1179
470 1181
470 1185
470 1186
470 1188
470 1189
470 1196
470 1216
470 1220
470 1223
470 1231
470 1233
470 1238
470 1243
470 1246
470 1250
470 1253
471 279
471 343
471 407
471 535
471 599
471 663
472 280
472 344
472 408
472 536
472 600
472 664
472 1009
473 281
473 345
473 409
473 537
473 601
473 638
473 665
473 758
474 252
474 282
474 346
474 410
474 538
474 602
474 666
474 1078
474 1265
475 0
475 4
475 6
475 9
475 11
475 15
475 18
475 22
475 29
475 34
475 35
475 36
475 37
475 38
475 44
475 53
475 68
475 70
475 71
475 78
475 79
475 81
475 86
475 93
475 98
475 132
475 134
475 139
475 142
475 143
475 145
475 150
475 157
475 162
475 163
475 165
475 196
475 203
475 205
475 207
475 209
475 214
475 219
475 221
475 226
475 227
475 229
475 260
475 262
475 263
475 267
475 268
475 271
475 273
475 274
475 278
475 283
475 285
475 288
475 289
475 290
475 291
475 292
475 293
475 294
475 311
475 324
475 326
475 331
475 335
475 337
475 347
475 348
475 349
475 350
475 353
475 354
475 355
475 357
475 358
475 388
475 390
475 391
475 395
475 397
475 398
475 399
475 401
475 406
475 411
475 413
475 418
475 419
475 420
475 421
475 422
475 428
475 437
475 448
475 452
475 454
475 459
475 463
475 465
475 470
475 482
475 483
475 484
475 486
475 492
475 516
475 518
475 519
475 523
475 527
475 529
475 534
475 539
475 541
475 542
475 546
475 547
475 549
475 550
475 565
475 580
475 582
475 583
475 587
475 590
475 591
475 593
475 598
475 603
475 605
475 610
475 611
475 612
475 613
475 644
475 646
475 647
475 651
475 655
475 657
475 667
475 669
475 674
475 676
475 677
475 708
475 710
475 715
475 718
475 719
475 721
475 726
475 732
475 733
475 736
475 738
475 740
475 741
475 772
475 774
475 778
475 779
475 783
475 785
475 795
475 797
475 802
475 804
475 806
475 836
475 838
475 846
475 847
475 849
475 868
475 900
475 902
475 910
475 911
475 913
475 923
475 925
475 930
475 931
475 964
475 966
475 971
475 974
475 975
475 977
475 978
475 982
475 994
475 997
475 998
475 1028
475 1030
475 1035
475 1038
475 1039
475 1041
475 1061
475 1092
475 1094
475 1099
475 1102
475 1103
475 1105
475 1110
475 1122
475 1124
475 1156
475 1158
475 1159
475 1163
475 1166
475 1167
475 1169
475 1174
475 1179
475 1185
475 1186
475 1189
475 1196
475 1216
475 1220
475 1222
475 1223
475 1231
475 1233
475 1238
475 1243
475 1246
475 1250
475 1253
476 284
476 348
476 412
476 460
476 540
476 576
476 604
476 668
477 1
477 21
477 51
477 91
477 201
477 202
477 228
477 230
477 247
477 257
477 275
477 285
477 338
477 347
477 349
477 402
477 412
477 413
477 431
477 449
477 461
477 539
477 541
477 589
477 603
477 605
477 608
477 669
477 713
477 731
477 775
477 789
477 790
477 801
477 805
477 819
477 839
477 845
477 854
477 870
477 918
477 928
477 933
477 949
477 988
477 989
477 1031
477 1059
477 1097
477 1125
477 1162
477 1170
477 1190
477 1206
477 1227
477 1249
477 1252
477 1254
477 1270
478 286
478 350
478 414
478 542
478 606
478 641
478 670
479 287
479 351
479 415
479 543
479 607
479 671
480 212
480 288
480 352
480 416
480 544
480 608
480 672
481 289
481 353
481 417
481 545
481 609
481 673
482 0
482 4
482 9
482 10
482 11
482 12
482 18
482 22
482 35
482 36
482 37
482 38
482 44
482 47
482 53
482 68
482 70
482 71
482 79
482 81
482 86
482 93
482 98
482 99
482 101
482 132
482 137
482 139
482 143
482 150
482 157
482 162
482 163
482 164
482 165
482 192
482 193
482 196
482 203
482 205
482 214
482 219
482 221
482 224
482 225
482 227
482 229
482 245
482 258
482 263
482 267
482 268
482 274
482 278
482 283
482 284
482 285
482 288
482 289
482 290
482 291
482 292
482 293
482 294
482 311
482 320
482 324
482 327
482 331
482 333
482 335
482 342
482 348
482 349
482 350
482 352
482 353
482 354
482 355
482 357
482 358
482 367
482 388
482 391
482 395
482 397
482 401
482 406
482 411
482 413
482 417
482 418
482 419
482 420
482 421
482 422
482 428
482 437
482 448
482 452
482 455
482 459
482 470
482 475
482 483
482 484
482 486
482 492
482 516
482 519
482 523
482 530
482 534
482 541
482 542
482 546
482 547
482 549
482 550
482 565
482 580
482 583
482 587
482 591
482 593
482 598
482 605
482 610
482 611
482 612
482 613
482 614
482 644
482 647
482 651
482 655
482 662
482 667
482 668
482 669
482 674
482 675
482 676
482 677
482 708
482 715
482 719
482 726
482 732
482 733
482 736
482 738
482 739
482 740
482 741
482 772
482 778
482 779
482 783
482 795
482 797
482 800
482 802
482 804
482 806
482 812
482 836
482 843
482 847
482 866
482 868
482 869
482 900
482 903
482 907
482 911
482 913
482 923
482 925
482 930
482 931
482 964
482 969
482 971
482 975
482 977
482 978
482 982
482 994
482 995
482 997
482 998
482 1028
482 1035
482 1039
482 1041
482 1053
482 1061
482 1092
482 1099
482 1103
482 1105
482 1110
482 1122
482 1124
482 1156
482 1159
482 1163
482 1165
482 1167
482 1174
482 1179
482 1181
482 1185
482 1186
482 1188
482 1189
482 1196
482 1216
482 1220
482 1223
482 1231
482 1233
482 1238
482 1243
482 1246
482 1250
482 1253
483 0
483 9
483 10
483 11
483 12
483 18
483 22
483 35
483 36
483 37
483 44
483 47
483 53
483 68
483 71
483 86
483 93
483 98
483 99
483 101
483 132
483 137
483 139
483 143
483 150
483 157
483 162
483 163
483 164
483 165
483 192
483 193
483 196
483 203
483 205
483 214
483 219
483 224
483 225
483 227
483 229
483 239
483 245
483 258
483 263
483 267
483 268
483 274
483 283
483 284
483 285
483 288
483 289
483 291
483 292
483 293
483 311
483 320
483 324
483 327
483 331
483 333
483 342
483 347
483 348
483 350
483 352
483 353
483 354
483 355
483 356
483 357
483 358
483 367
483 391
483 395
483 397
483 406
483 411
483 413
483 417
483 419
483 420
483 421
483 422
483 428
483 437
483 448
483 452
483 455
483 459
483 470
483 475
483 482
483 484
483 486
483 492
483 516
483 519
483 523
483 530
483 534
483 539
483 541
483 542
483 547
483 549
483 550
483 565
483 580
483 583
483 587
483 598
483 605
483 611
483 612
483 613
483 614
483 644
483 647
483 651
483 655
483 662
483 667
483 668
483 669
483 674
483 675
483 676
483 677
483 708
483 715
483 719
483 726
483 732
483 733
483 736
483 738
483 739
483 740
483 741
483 772
483 778
483 779
483 795
483 797
483 800
483 804
483 806
483 812
483 836
483 843
483 847
483 866
483 868
483 869
483 900
483 903
483 907
483 911
483 923
483 925
483 930
483 931
483 933
483 949
483 964
483 969
483 971
483 978
483 982
483 994
483 995
483 997
483 998
483 1028
483 1035
483 1039
483 1041
483 1053
483 1061
483 1092
483 1099
483 1103
483 1110
483 1122
483 1124
483 1156
483 1159
483 1165
483 1179
483 1181
483 1185
483 1188
483 1189
483 1196
483 1216
483 1220
483 1223
483 1227
483 1231
483 1238
483 1243
483 1246
483 1250
483 1253
484 0
484 9
484 10
484 11
484 12
484 18
484 22
484 35
484 36
484 37
484 44
484 47
484 53
484 68
484 71
484 79
484 81
484 86
484 93
484 98
484 99
484 101
484 132
484 137
484 139
484 143
484 150
484 157
484 162
484 163
484 164
484 165
484 192
484 193
484 196
484 203
484 205
484 214
484 219
484 224
484 225
484 227
484 229
484 239
484 245
484 258
484 263
484 267
484 268
484 274
484 278
484 283
484 284
484 285
484 288
484 289
484 291
484 292
484 293
484 311
484 320
484 324
484 327
484 331
484 333
484 342
484 347
484 348
484 350
484 352
484 353
484 354
484 355
484 356
484 357
484 358
484 367
484 388
484 391
484 395
484 397
484 406
484 411
484 413
484 417
484 419
484 420
484 421
484 422
484 428
484 437
484 448
484 452
484 455
484 459
484 470
484 475
484 482
484 483
484 486
484 492
484 516
484 519
484 523
484 530
484 534
484 539
484 541
484 542
484 547
484 548
484 549
484 550
484 565
484 580
484 583
484 587
484 591
484 598
484 605
484 610
484 611
484 612
484 613
484 614
484 644
484 647
484 651
484 655
484 662
484 667
484 668
484 669
484 674
484 675
484 676
484 677
484 708
484 715
484 719
484 726
484 732
484 733
484 736
484 738
484 739
484 740
484 741
484 772
484 778
484 779
484 795
484 797
484 800
484 804
484 806
484 812
484 836
484 843
484 847
484 866
484 868
484 869
484 900
484 903
484 907
484 911
484 923
484 925
484 930
484 931
484 949
484 964
484 969
484 971
484 978
484 982
484 994
484 995
484 997
484 998
484 1028
484 1035
484 1039
484 1041
484 1053
484 1061
484 1092
484 1099
484 1103
484 1105
484 1110
484 1122
484 1124
484 1156
484 1159
484 1163
484 1165
484 1167
484 1174
484 1179
484 1181
484 1185
484 1188
484 1189
484 1196
484 1216
484 1220
484 1223
484 1227
484 1231
484 1238
484 1243
484 1246
484 1250
484 1253
485 293
485 357
485 421
485 549
485 613
485 677
485 796
485 1183
485 1199
486 0
486 4
486 9
486 11
486 15
486 18
486 22
486 34
486 35
486 36
486 37
486 38
486 44
486 53
486 68
486 70
486 71
486 79
486 81
486 86
486 93
486 98
486 99
486 101
486 132
486 134
486 139
486 143
486 145
486 150
486 157
486 162
486 163
486 165
486 196
486 203
486 205
486 207
486 209
486 214
486 219
486 221
486 225
486 226
486 227
486 229
486 245
486 260
486 263
486 267
486 268
486 271
486 273
486 274
486 278
486 283
486 284
486 285
486 288
486 289
486 290
486 291
486 292
486 293
486 294
486 311
486 324
486 331
486 333
486 335
486 337
486 348
486 349
486 350
486 353
486 354
486 355
486 357
486 358
486 388
486 391
486 395
486 397
486 399
486 401
486 406
486 411
486 413
486 418
486 419
486 420
486 421
486 422
486 428
486 437
486 448
486 452
486 454
486 459
486 463
486 465
486 470
486 475
486 482
486 483
486 484
486 492
486 516
486 518
486 519
486 523
486 527
486 529
486 534
486 541
486 542
486 546
486 547
486 549
486 550
486 565
486 580
486 582
486 583
486 587
486 590
486 591
486 593
486 598
486 605
486 610
486 611
486 612
486 613
486 614
486 644
486 647
486 651
486 655
486 657
486 662
486 667
486 669
486 674
486 675
486 676
486 677
486 678
486 708
486 715
486 718
486 719
486 721
486 726
486 732
486 733
486 736
486 738
486 740
486 741
486 772
486 778
486 779
486 783
486 785
486 795
486 797
486 802
486 804
486 806
486 812
486 836
486 846
486 847
486 849
486 868
486 869
486 900
486 902
486 911
486 913
486 923
486 925
486 930
486 931
486 964
486 966
486 971
486 975
486 977
486 978
486 982
486 994
486 997
486 998
486 1028
486 1030
486 1035
486 1039
486 1041
486 1053
486 1061
486 1092
486 1094
486 1099
486 1102
486 1103
486 1105
486 1110
486 1122
486 1124
486 1156
486 1159
486 1163
486 1165
486 1167
486 1169
486 1174
486 1179
486 1181
486 1185
486 1186
486 1189
486 1196
486 1216
486 1220
486 1222
486 1223
486 1231
486 1233
486 1238
486 1243
486 1246
486 1250
486 1253
487 141
487 208
487 295
487 359
487 423
487 441
487 551
487 615
487 679
487 963
487 1137
488 296
488 360
488 424
488 552
488 616
488 680
489 26
489 297
489 361
489 425
489 553
489 617
489 620
489 681
489 771
489 1197
489 1257
490 298
490 362
490 426
490 554
490 618
490 682
490 1043
491 122
491 299
491 363
491 427
491 555
491 619
491 683
491 1255
492 0
492 9
492 10
492 11
492 12
492 18
492 22
492 36
492 44
492 47
492 53
492 68
492 71
492 86
492 93
492 98
492 99
492 101
492 132
492 137
492 139
492 150
492 157
492 164
492 165
492 192
492 193
492 196
492 202
492 203
492 205
492 214
492 219
492 224
492 225
492 227
492 228
492 229
492 239
492 245
492 258
492 263
492 267
492 268
492 275
492 283
492 284
492 288
492 289
492 292
492 293
492 300
492 311
492 320
492 324
492 327
492 331
492 333
492 342
492 347
492 348
492 350
492 352
492 353
492 354
492 356
492 357
492 358
492 364
492 367
492 391
492 395
492 397
492 411
492 413
492 417
492 419
492 420
492 421
492 422
492 428
492 437
492 448
492 455
492 459
492 470
492 475
492 482
492 483
492 484
492 486
492 519
492 523
492 530
492 534
492 539
492 541
492 542
492 547
492 549
492 550
492 556
492 565
492 580
492 583
492 587
492 598
492 605
492 611
492 612
492 613
492 614
492 620
492 647
492 651
492 662
492 667
492 668
492 669
492 674
492 675
492 676
492 677
492 684
492 715
492 719
492 726
492 732
492 733
492 736
492 739
492 740
492 741
492 772
492 778
492 795
492 797
492 800
492 805
492 806
492 812
492 836
492 843
492 845
492 847
492 854
492 866
492 868
492 869
492 900
492 903
492 907
492 923
492 925
492 928
492 930
492 931
492 933
492 949
492 964
492 969
492 971
492 978
492 982
492 995
492 997
492 998
492 1028
492 1031
492 1035
492 1039
492 1053
492 1061
492 1092
492 1099
492 1103
492 1110
492 1122
492 1124
492 1165
492 1179
492 1181
492 1185
492 1188
492 1190
492 1196
492 1216
492 1220
492 1223
492 1227
492 1238
492 1243
492 1246
492 1250
492 1253
493 301
493 365
493 429
493 557
493 621
493 685
494 276
494 302
494 366
494 430
494 558
494 622
494 686
495 303
495 367
495 431
495 559
495 623
495 687
495 1051
496 304
496 368
496 432
496 560
496 624
496 688
497 279
497 305
497 369
497 433
497 561
497 625
497 680
497 689
497 823
498 306
498 370
498 434
498 562
498 626
498 690
498 972
499 307
499 371
499 435
499 563
499 627
499 691
499 751
499 1050
500 308
500 372
500 436
500 564
500 628
500 692
500 1058
501 309
501 373
501 437
501 565
501 629
501 693
501 914
502 310
502 374
502 438
502 566
502 630
502 694
503 311
503 375
503 439
503 567
503 631
503 695
503 763
504 87
504 312
504 376
504 440
504 568
504 627
504 632
504 696
504 730
504 1211
505 83
505 313
505 377
505 441
505 569
505 633
505 697
505 1239
506 314
506 378
506 442
506 570
506 634
506 698
506 1003
507 315
507 379
507 443
507 571
507 635
507 699
508 316
508 380
508 444
508 510
508 572
508 636
508 700
509 317
509 381
509 443
509 445
509 573
509 637
509 701
509 1200
510 318
510 382
510 446
510 508
510 574
510 638
510 702
511 84
511 319
511 383
511 447
511 575
511 639
511 703
512 320
512 384
512 448
512 576
512 640
512 704
513 321
513 385
513 449
513 577
513 641
513 705
513 770
513 1154
514 322
514 386
514 450
514 531
514 578
514 629
514 642
514 706
515 88
515 323
515 387
515 451
515 579
515 643
515 696
515 707
515 728
516 0
516 4
516 6
516 9
516 11
516 15
516 22
516 29
516 34
516 35
516 36
516 37
516 38
516 44
516 53
516 68
516 70
516 71
516 78
516 79
516 81
516 93
516 98
516 132
516 134
516 139
516 142
516 143
516 145
516 150
516 157
516 162
516 163
516 165
516 196
516 198
516 203
516 207
516 209
516 214
516 219
516 221
516 226
516 227
516 229
516 260
516 262
516 263
516 267
516 268
516 271
516 273
516 274
516 278
516 283
516 285
516 288
516 289
516 290
516 291
516 293
516 294
516 311
516 324
516 326
516 335
516 337
516 348
516 349
516 350
516 353
516 354
516 355
516 357
516 358
516 388
516 390
516 391
516 395
516 397
516 398
516 399
516 401
516 406
516 411
516 413
516 418
516 420
516 421
516 422
516 437
516 448
516 452
516 454
516 459
516 463
516 465
516 470
516 475
516 482
516 483
516 484
516 486
516 518
516 519
516 523
516 527
516 529
516 534
516 541
516 542
516 546
516 547
516 549
516 550
516 565
516 580
516 582
516 583
516 590
516 591
516 593
516 605
516 610
516 611
516 612
516 613
516 644
516 646
516 647
516 651
516 655
516 657
516 667
516 669
516 674
516 676
516 677
516 708
516 710
516 715
516 718
516 719
516 721
516 726
516 732
516 733
516 736
516 738
516 740
516 741
516 772
516 774
516 778
516 779
516 783
516 785
516 795
516 797
516 802
516 804
516 806
516 836
516 838
516 846
516 847
516 849
516 868
516 900
516 902
516 910
516 911
516 913
516 925
516 930
516 931
516 964
516 966
516 971
516 974
516 975
516 977
516 978
516 982
516 994
516 997
516 998
516 1028
516 1030
516 1035
516 1038
516 1039
516 1041
516 1061
516 1092
516 1094
516 1099
516 1102
516 1103
516 1105
516 1110
516 1122
516 1124
516 1156
516 1158
516 1159
516 1163
516 1166
516 1167
516 1169
516 1174
516 1185
516 1186
516 1189
516 1196
516 1216
516 1220
516 1222
516 1223
516 1230
516 1231
516 1233
516 1238
516 1243
516 1246
516 1250
516 1253
517 100
517 325
517 389
517 453
517 581
517 645
517 709
518 4
518 6
518 9
518 11
518 14
518 15
518 17
518 22
518 29
518 34
518 35
518 36
518 37
518 38
518 70
518 71
518 78
518 79
518 81
518 98
518 134
518 142
518 143
518 145
518 157
518 162
518 163
518 165
518 196
518 198
518 203
518 206
518 207
518 209
518 214
518 219
518 221
518 226
518 229
518 260
518 262
518 267
518 268
518 270
518 271
518 273
518 274
518 278
518 283
518 285
518 288
518 290
518 291
518 293
518 294
518 324
518 326
518 334
518 335
518 337
518 348
518 349
518 354
518 355
518 357
518 388
518 390
518 395
518 398
518 399
518 401
518 406
518 413
518 418
518 421
518 422
518 452
518 454
518 459
518 462
518 463
518 465
518 475
518 486
518 516
518 519
518 526
518 527
518 529
518 534
518 541
518 542
518 546
518 549
518 550
518 565
518 582
518 583
518 590
518 591
518 593
518 605
518 610
518 611
518 612
518 644
518 646
518 647
518 654
518 655
518 657
518 667
518 669
518 674
518 708
518 710
518 715
518 718
518 719
518 721
518 726
518 736
518 738
518 740
518 741
518 772
518 774
518 779
518 782
518 783
518 785
518 795
518 802
518 804
518 838
518 846
518 847
518 849
518 900
518 902
518 910
518 911
518 913
518 931
518 964
518 966
518 971
518 974
518 975
518 977
518 994
518 997
518 998
518 1030
518 1038
518 1039
518 1041
518 1094
518 1102
518 1103
518 1105
518 1122
518 1124
518 1156
518 1158
518 1159
518 1163
518 1166
518 1167
518 1169
518 1174
518 1185
518 1186
518 1189
518 1220
518 1222
518 1223
518 1230
518 1231
518 1233
518 1238
519 0
519 4
519 9
519 11
519 18
519 22
519 34
519 35
519 36
519 37
519 38
519 44
519 53
519 68
519 70
519 71
519 79
519 81
519 86
519 93
519 98
519 99
519 101
519 132
519 139
519 143
519 145
519 150
519 157
519 162
519 163
519 164
519 165
519 196
519 203
519 205
519 214
519 219
519 221
519 224
519 225
519 227
519 229
519 245
519 260
519 263
519 267
519 268
519 271
519 273
519 274
519 278
519 283
519 284
519 285
519 288
519 289
519 290
519 291
519 292
519 293
519 294
519 311
519 324
519 327
519 331
519 333
519 335
519 337
519 342
519 348
519 349
519 350
519 353
519 354
519 355
519 357
519 358
519 388
519 391
519 395
519 397
519 399
519 401
519 406
519 411
519 413
519 418
519 419
519 420
519 421
519 422
519 428
519 437
519 448
519 452
519 455
519 459
519 463
519 465
519 470
519 475
519 482
519 483
519 484
519 486
519 492
519 516
519 518
519 523
519 527
519 529
519 534
519 541
519 542
519 546
519 547
519 549
519 550
519 565
519 580
519 583
519 587
519 590
519 591
519 593
519 598
519 605
519 610
519 611
519 612
519 613
519 644
519 647
519 651
519 655
519 657
519 662
519 667
519 668
519 669
519 674
519 675
519 676
519 677
519 708
519 711
519 715
519 718
519 719
519 721
519 726
519 732
519 733
519 736
519 738
519 740
519 741
519 772
519 778
519 779
519 783
519 785
519 795
519 797
519 802
519 804
519 806
519 812
519 836
519 846
519 847
519 849
519 868
519 869
519 900
519 902
519 903
519 911
519 913
519 923
519 925
519 930
519 931
519 964
519 971
519 975
519 977
519 978
519 982
519 994
519 997
519 998
519 1028
519 1030
519 1035
519 1039
519 1041
519 1053
519 1061
519 1092
519 1094
519 1099
519 1102
519 1103
519 1105
519 1110
519 1122
519 1124
519 1156
519 1159
519 1163
519 1165
519 1167
519 1169
519 1174
519 1179
519 1181
519 1185
519 1186
519 1189
519 1196
519 1216
519 1220
519 1222
519 1223
519 1231
519 1233
519 1238
519 1243
519 1246
519 1250
519 1253
520 306
520 328
520 392
520 456
520 584
520 648
520 712
521 5
521 72
521 135
521 199
521 264
521 329
521 392
521 393
521 457
521 581
521 585
521 648
521 649
521 712
521 713
521 773
521 841
521 905
521 967
521 1033
521 1093
521 1157
521 1225
522 330
522 394
522 458
522 586
522 650
522 714
523 0
523 9
523 10
523 11
523 12
523 18
523 22
523 35
523 36
523 37
523 44
523 47
523 53
523 68
523 71
523 79
523 86
523 93
523 98
523 99
523 101
523 132
523 137
523 139
523 143
523 150
523 157
523 162
523 163
523 164
523 165
523 192
523 193
523 196
523 203
523 205
523 214
523 219
523 224
523 225
523 227
523 229
523 239
523 245
523 258
523 263
523 267
523 268
523 274
523 278
523 283
523 284
523 285
523 288
523 289
523 291
523 292
523 293
523 311
523 320
523 324
523 327
523 331
523 333
523 342
523 347
523 348
523 350
523 352
523 353
523 354
523 355
523 356
523 357
523 358
523 367
523 388
523 391
523 395
523 397
523 406
523 411
523 413
523 417
523 419
523 420
523 421
523 422
523 428
523 437
523 448
523 452
523 455
523 459
523 470
523 475
523 482
523 483
523 484
523 486
523 492
523 516
523 519
523 530
523 534
523 539
523 541
523 542
523 547
523 549
523 550
523 565
523 580
523 583
523 587
523 598
523 605
523 610
523 611
523 612
523 613
523 614
523 644
523 647
523 651
523 655
523 662
523 667
523 668
523 669
523 674
523 675
523 676
523 677
523 708
523 715
523 719
523 726
523 732
523 733
523 736
523 738
523 739
523 740
523 741
523 772
523 778
523 779
523 795
523 797
523 800
523 804
523 806
523 812
523 836
523 843
523 847
523 866
523 868
523 869
523 900
523 903
523 907
523 911
523 923
523 925
523 930
523 931
523 949
523 964
523 969
523 971
523 978
523 982
523 994
523 995
523 997
523 998
523 1028
523 1035
523 1039
523 1041
523 1053
523 1061
523 1092
523 1099
523 1103
523 1105
523 1110
523 1122
523 1124
523 1156
523 1159
523 1163
523 1165
523 1167
523 1174
523 1179
523 1181
523 1185
523 1188
523 1189
523 1196
523 1216
523 1220
523 1223
523 1227
523 1231
523 1238
523 1243
523 1246
523 1250
523 1253
524 332
524 396
524 460
524 588
524 652
524 716
525 3
525 30
525 333
525 397
525 461
525 585
525 589
525 653
525 717
526 4
526 6
526 14
526 15
526 17
526 29
526 34
526 38
526 70
526 78
526 81
526 134
526 142
526 145
526 198
526 206
526 207
526 209
526 221
526 226
526 260
526 262
526 270
526 271
526 273
526 290
526 294
526 326
526 334
526 335
526 337
526 349
526 388
526 390
526 398
526 399
526 401
526 418
526 454
526 462
526 463
526 465
526 518
526 527
526 529
526 546
526 582
526 590
526 591
526 593
526 610
526 646
526 654
526 657
526 710
526 718
526 721
526 774
526 782
526 783
526 785
526 802
526 838
526 846
526 849
526 902
526 910
526 913
526 966
526 974
526 975
526 977
526 1030
526 1038
526 1094
526 1102
526 1105
526 1158
526 1166
526 1169
526 1174
526 1186
526 1222
526 1230
526 1233
527 4
527 6
527 9
527 11
527 14
527 15
527 17
527 22
527 29
527 34
527 35
527 36
527 37
527 38
527 70
527 71
527 78
527 79
527 81
527 98
527 134
527 142
527 143
527 145
527 157
527 162
527 163
527 165
527 196
527 198
527 203
527 206
527 207
527 209
527 214
527 219
527 221
527 226
527 229
527 260
527 262
527 267
527 268
527 270
527 271
527 273
527 274
527 278
527 283
527 285
527 288
527 290
527 291
527 293
527 294
527 324
527 326
527 334
527 335
527 337
527 348
527 349
527 354
527 355
527 357
527 388
527 390
527 395
527 398
527 399
527 401
527 406
527 413
527 418
527 421
527 422
527 452
527 454
527 459
527 462
527 463
527 465
527 475
527 486
527 516
527 518
527 519
527 526
527 529
527 534
527 541
527 542
527 546
527 549
527 550
527 565
527 582
527 583
527 590
527 591
527 593
527 605
527 610
527 611
527 612
527 644
527 646
527 647
527 654
527 655
527 657
527 667
527 669
527 674
527 708
527 710
527 715
527 718
527 719
527 721
527 726
527 736
527 738
527 740
527 741
527 772
527 774
527 779
527 782
527 783
527 785
527 795
527 802
527 804
527 838
527 846
527 847
527 849
527 900
527 902
527 910
527 911
527 913
527 931
527 964
527 966
527 971
527 974
527 975
527 977
527 994
527 997
527 998
527 1030
527 1038
527 1039
527 1041
527 1094
527 1102
527 1103
527 1105
527 1122
527 1124
527 1156
527 1158
527 1159
527 1163
527 1166
527 1167
527 1169
527 1174
527 1185
527 1186
527 1189
527 1220
527 1222
527 1223
527 1230
527 1231
527 1233
527 1238
528 336
528 400
528 427
528 464
528 592
528 656
528 685
528 720
528 762
529 4
529 6
529 9
529 11
529 14
529 15
529 17
529 29
529 34
529 35
529 37
529 38
529 70
529 71
529 78
529 79
529 81
529 98
529 134
529 142
529 143
529 145
529 157
529 162
529 163
529 165
529 196
529 198
529 203
529 206
529 207
529 209
529 221
529 226
529 260
529 262
529 267
529 270
529 271
529 273
529 274
529 278
529 285
529 290
529 291
529 293
529 294
529 324
529 326
529 334
529 335
529 337
529 348
529 349
529 354
529 355
529 357
529 388
529 390
529 395
529 398
529 399
529 401
529 406
529 413
529 418
529 421
529 422
529 452
529 454
529 459
529 462
529 463
529 465
529 475
529 486
529 516
529 518
529 519
529 526
529 527
529 534
529 546
529 549
529 550
529 582
529 590
529 591
529 593
529 605
529 610
529 612
529 644
529 646
529 654
529 655
529 657
529 667
529 669
529 708
529 710
529 715
529 718
529 719
529 721
529 726
529 738
529 740
529 772
529 774
529 779
529 782
529 783
529 785
529 795
529 802
529 804
529 838
529 846
529 847
529 849
529 902
529 910
529 911
529 913
529 931
529 964
529 966
529 971
529 974
529 975
529 977
529 994
529 998
529 1030
529 1038
529 1039
529 1041
529 1094
529 1102
529 1105
529 1124
529 1156
529 1158
529 1159
529 1163
529 1166
529 1167
529 1169
529 1174
529 1185
529 1186
529 1189
529 1220
529 1222
529 1223
529 1230
529 1231
529 1233
530 0
530 10
530 12
530 18
530 22
530 36
530 44
530 47
530 51
530 53
530 68
530 86
530 93
530 99
530 101
530 132
530 137
530 139
530 150
530 164
530 192
530 193
530 202
530 205
530 214
530 219
530 224
530 225
530 227
530 228
530 229
530 239
530 245
530 258
530 263
530 268
530 275
530 283
530 284
530 288
530 289
530 292
530 311
530 320
530 327
530 331
530 333
530 338
530 342
530 347
530 350
530 352
530 353
530 356
530 358
530 367
530 391
530 397
530 402
530 411
530 412
530 417
530 419
530 420
530 428
530 437
530 448
530 455
530 461
530 466
530 470
530 482
530 483
530 484
530 492
530 523
530 539
530 541
530 542
530 547
530 565
530 580
530 583
530 587
530 594
530 598
530 603
530 611
530 613
530 614
530 647
530 651
530 658
530 662
530 668
530 674
530 675
530 676
530 677
530 722
530 732
530 733
530 736
530 739
530 741
530 775
530 778
530 797
530 800
530 805
530 806
530 812
530 836
530 839
530 843
530 845
530 854
530 866
530 868
530 869
530 870
530 900
530 903
530 907
530 923
530 925
530 928
530 930
530 933
530 949
530 969
530 978
530 982
530 989
530 995
530 1028
530 1031
530 1035
530 1053
530 1059
530 1061
530 1092
530 1099
530 1103
530 1110
530 1122
530 1165
530 1179
530 1181
530 1188
530 1190
530 1196
530 1206
530 1216
530 1227
530 1238
530 1243
530 1246
530 1249
530 1250
530 1252
530 1253
530 1254
531 339
531 403
531 467
531 514
531 595
531 629
531 659
531 723
532 340
532 404
532 468
532 596
532 660
532 724
532 766
533 341
533 364
533 405
533 469
533 597
533 661
533 725
533 833
533 861
533 1191
534 0
534 4
534 9
534 11
534 18
534 22
534 34
534 35
534 36
534 37
534 38
534 44
534 53
534 68
534 70
534 71
534 79
534 81
534 86
534 93
534 98
534 99
534 101
534 132
534 139
534 143
534 145
534 150
534 157
534 162
534 163
534 164
534 165
534 193
534 196
534 203
534 205
534 214
534 219
534 221
534 224
534 225
534 227
534 229
534 245
534 260
534 263
534 267
534 268
534 271
534 274
534 278
534 283
534 284
534 285
534 288
534 289
534 290
534 291
534 292
534 293
534 294
534 311
534 324
534 331
534 333
534 335
534 337
534 342
534 348
534 349
534 350
534 353
534 354
534 355
534 357
534 358
534 388
534 391
534 395
534 397
534 399
534 401
534 406
534 411
534 413
534 418
534 419
534 420
534 421
534 422
534 428
534 437
534 448
534 452
534 455
534 459
534 465
534 470
534 475
534 482
534 483
534 484
534 486
534 492
534 516
534 518
534 519
534 523
534 527
534 529
534 541
534 542
534 546
534 547
534 549
534 550
534 565
534 580
534 583
534 587
534 591
534 593
534 598
534 605
534 610
534 611
534 612
534 613
534 644
534 647
534 651
534 655
534 657
534 662
534 667
534 668
534 669
534 674
534 675
534 676
534 677
534 708
534 715
534 718
534 719
534 721
534 726
534 732
534 733
534 736
534 738
534 740
534 741
534 772
534 778
534 779
534 783
534 785
534 795
534 797
534 802
534 804
534 806
534 812
534 836
534 847
534 849
534 868
534 869
534 900
534 902
534 903
534 911
534 913
534 923
534 925
534 930
534 931
534 964
534 971
534 975
534 977
534 978
534 982
534 994
534 997
534 998
534 1028
534 1030
534 1035
534 1039
534 1041
534 1053
534 1061
534 1092
534 1094
534 1099
534 1102
534 1103
534 1105
534 1110
534 1122
534 1124
534 1156
534 1159
534 1163
534 1165
534 1167
534 1169
534 1174
534 1179
534 1181
534 1185
534 1186
534 1189
534 1196
534 1216
534 1220
534 1222
534 1223
534 1231
534 1233
534 1238
534 1243
534 1246
534 1250
534 1253
535 343
535 407
535 471
535 599
535 634
535 663
535 727
535 1017
536 243
536 286
536 344
536 408
536 472
536 600
536 664
536 728
536 826
536 871
537 345
537 409
537 473
537 601
537 665
537 729
537 1054
537 1201
538 346
538 410
538 474
538 602
538 666
538 730
539 0
539 10
539 12
539 18
539 21
539 44
539 47
539 51
539 53
539 86
539 91
539 93
539 99
539 101
539 137
539 150
539 164
539 192
539 193
539 201
539 202
539 205
539 224
539 225
539 227
539 228
539 230
539 239
539 245
539 247
539 258
539 275
539 284
539 289
539 292
539 311
539 320
539 327
539 331
539 333
539 338
539 342
539 347
539 350
539 352
539 353
539 356
539 358
539 367
539 397
539 402
539 411
539 412
539 417
539 419
539 428
539 431
539 448
539 449
539 455
539 461
539 475
539 477
539 483
539 484
539 492
539 523
539 530
539 547
539 580
539 587
539 589
539 598
539 603
539 613
539 614
539 651
539 662
539 667
539 668
539 675
539 676
539 713
539 731
539 739
539 775
539 778
539 790
539 797
539 800
539 805
539 812
539 819
539 839
539 843
539 845
539 854
539 866
539 868
539 869
539 870
539 903
539 907
539 918
539 923
539 925
539 928
539 933
539 949
539 969
539 982
539 989
539 995
539 1031
539 1035
539 1053
539 1059
539 1061
539 1092
539 1097
539 1099
539 1110
539 1162
539 1165
539 1179
539 1181
539 1188
539 1190
539 1196
539 1206
539 1216
539 1227
539 1246
539 1249
539 1250
539 1252
539 1254
540 348
540 412
540 476
540 545
540 604
540 668
540 732
541 0
541 4
541 9
541 11
541 12
541 18
541 22
541 35
541 36
541 37
541 38
541 44
541 47
541 53
541 68
541 70
541 71
541 79
541 81
541 86
541 93
541 98
541 99
541 101
541 132
541 139
541 143
541 145
541 150
541 157
541 162
541 163
541 164
541 165
541 192
541 193
541 196
541 203
541 205
541 214
541 219
541 221
541 224
541 225
541 227
541 229
541 245
541 260
541 263
541 267
541 268
541 274
541 278
541 283
541 284
541 285
541 288
541 289
541 290
541 291
541 292
541 293
541 294
541 311
541 320
541 324
541 331
541 333
541 335
541 342
541 348
541 349
541 350
541 352
541 353
541 354
541 355
541 357
541 358
541 388
541 391
541 395
541 397
541 399
541 401
541 406
541 411
541 413
541 418
541 419
541 420
541 421
541 422
541 428
541 437
541 448
541 452
541 455
541 459
541 470
541 475
541 477
541 482
541 483
541 484
541 486
541 492
541 516
541 518
541 519
541 523
541 527
541 530
541 534
541 542
541 546
541 547
541 549
541 550
541 565
541 580
541 583
541 587
541 591
541 593
541 598
541 605
541 610
541 611
541 612
541 613
541 644
541 647
541 651
541 655
541 657
541 662
541 667
541 668
541 669
541 674
541 675
541 676
541 677
541 708
541 715
541 719
541 721
541 726
541 732
541 733
541 736
541 738
541 740
541 741
541 772
541 778
541 779
541 783
541 795
541 797
541 802
541 804
541 806
541 812
541 836
541 843
541 847
541 849
541 868
541 869
541 900
541 903
541 907
541 911
541 913
541 923
541 925
541 930
541 931
541 964
541 971
541 975
541 977
541 978
541 982
541 994
541 997
541 998
541 1028
541 1035
541 1039
541 1041
541 1053
541 1061
541 1092
541 1099
541 1103
541 1105
541 1110
541 1122
541 1124
541 1156
541 1159
541 1163
541 1165
541 1167
541 1174
541 1179
541 1181
541 1185
541 1186
541 1189
541 1196
541 1216
541 1220
541 1223
541 1231
541 1233
541 1238
541 1243
541 1246
541 1250
541 1253
542 0
542 4
542 9
542 11
542 12
542 18
542 22
542 35
542 36
542 37
542 38
542 44
542 47
542 53
542 68
542 70
542 71
542 79
542 81
542 86
542 93
542 98
542 99
542 101
542 132
542 139
542 143
542 145
542 150
542 157
542 162
542 163
542 164
542 165
542 192
542 193
542 196
542 203
542 205
542 214
542 219
542 221
542 224
542 225
542 227
542 229
542 245
542 260
542 263
542 267
542 268
542 274
542 278
542 283
542 284
542 285
542 288
542 289
542 290
542 291
542 292
542 293
542 294
542 311
542 320
542 324
542 331
542 333
542 335
542 342
542 348
542 349
542 350
542 353
542 354
542 355
542 357
542 358
542 388
542 391
542 395
542 397
542 399
542 401
542 406
542 411
542 413
542 414
542 418
542 419
542 420
542 421
542 422
542 428
542 437
542 448
542 452
542 455
542 459
542 470
542 475
542 478
542 482
542 483
542 484
542 486
542 492
542 516
542 518
542 519
542 523
542 527
542 530
542 534
542 541
542 546
542 547
542 549
542 550
542 565
542 580
542 583
542 587
542 591
542 593
542 598
542 605
542 606
542 610
542 611
542 612
542 613
542 644
542 647
542 651
542 655
542 657
542 662
542 667
542 668
542 669
542 670
542 674
542 675
542 676
542 677
542 708
542 715
542 719
542 721
542 726
542 732
542 733
542 734
542 736
542 738
542 740
542 741
542 772
542 778
542 779
542 783
542 795
542 797
542 802
542 804
542 806
542 812
542 836
542 843
542 847
542 849
542 868
542 869
542 900
542 903
542 907
542 911
542 913
542 923
542 925
542 930
542 931
542 964
542 971
542 975
542 977
542 978
542 982
542 994
542 997
542 998
542 1028
542 1035
542 1039
542 1041
542 1053
542 1061
542 1092
542 1099
542 1103
542 1105
542 1110
542 1122
542 1124
542 1156
542 1159
542 1163
542 1165
542 1167
542 1169
542 1174
542 1179
542 1181
542 1185
542 1186
542 1189
542 1196
542 1216
542 1220
542 1223
542 1231
542 1233
542 1238
542 1243
542 1246
542 1250
542 1253
543 351
543 415
543 479
543 607
543 671
543 727
543 735
543 1132
544 352
544 416
544 480
544 608
544 672
544 736
544 815
544 934
545 353
545 417
545 481
545 540
545 609
545 673
545 737
546 4
546 6
546 9
546 11
546 14
546 15
546 17
546 22
546 29
546 34
546 35
546 36
546 37
546 38
546 68
546 70
546 71
546 78
546 79
546 81
546 98
546 132
546 134
546 139
546 142
546 143
546 145
546 157
546 162
546 163
546 165
546 196
546 198
546 203
546 206
546 207
546 209
546 214
546 219
546 221
546 226
546 229
546 260
546 262
546 263
546 267
546 268
546 271
546 273
546 274
546 278
546 283
546 285
546 288
546 290
546 291
546 293
546 294
546 324
546 326
546 334
546 335
546 337
546 348
546 349
546 354
546 355
546 357
546 388
546 390
546 391
546 395
546 398
546 399
546 401
546 406
546 413
546 418
546 420
546 421
546 422
546 437
546 452
546 454
546 459
546 462
546 463
546 465
546 470
546 475
546 482
546 486
546 516
546 518
546 519
546 526
546 527
546 529
546 534
546 541
546 542
546 549
546 550
546 565
546 582
546 583
546 590
546 591
546 593
546 605
546 610
546 611
546 612
546 644
546 646
546 647
546 654
546 655
546 657
546 667
546 669
546 674
546 677
546 708
546 710
546 715
546 718
546 719
546 721
546 726
546 732
546 733
546 736
546 738
546 740
546 741
546 772
546 774
546 779
546 782
546 783
546 785
546 795
546 802
546 804
546 806
546 836
546 838
546 846
546 847
546 849
546 900
546 902
546 910
546 911
546 913
546 930
546 931
546 964
546 966
546 971
546 974
546 975
546 977
546 978
546 994
546 997
546 998
546 1028
546 1030
546 1038
546 1039
546 1041
546 1094
546 1102
546 1103
546 1105
546 1122
546 1124
546 1156
546 1158
546 1159
546 1163
546 1166
546 1167
546 1169
546 1174
546 1185
546 1186
546 1189
546 1220
546 1222
546 1223
546 1230
546 1231
546 1233
546 1238
546 1243
546 1253
547 0
547 9
547 10
547 11
547 12
547 18
547 22
547 35
547 36
547 37
547 44
547 47
547 53
547 68
547 71
547 86
547 93
547 98
547 99
547 101
547 132
547 137
547 139
547 143
547 150
547 157
547 162
547 163
547 164
547 165
547 192
547 193
547 196
547 202
547 203
547 205
547 214
547 219
547 224
547 225
547 227
547 229
547 239
547 245
547 258
547 263
547 267
547 268
547 274
547 283
547 284
547 285
547 288
547 289
547 291
547 292
547 293
547 311
547 320
547 324
547 327
547 331
547 333
547 342
547 347
547 348
547 350
547 352
547 353
547 354
547 355
547 356
547 357
547 358
547 367
547 391
547 395
547 397
547 406
547 411
547 413
547 417
547 419
547 420
547 421
547 422
547 428
547 437
547 448
547 452
547 455
547 459
547 470
547 475
547 482
547 483
547 484
547 486
547 492
547 516
547 519
547 523
547 530
547 534
547 539
547 541
547 542
547 549
547 550
547 565
547 580
547 583
547 587
547 598
547 605
547 611
547 612
547 613
547 614
547 644
547 647
547 651
547 655
547 662
547 667
547 668
547 669
547 674
547 675
547 676
547 677
547 708
547 715
547 719
547 726
547 732
547 733
547 736
547 738
547 739
547 740
547 741
547 772
547 778
547 779
547 795
547 797
547 800
547 804
547 806
547 812
547 836
547 843
547 847
547 866
547 868
547 869
547 900
547 903
547 907
547 911
547 923
547 925
547 930
547 931
547 933
547 949
547 964
547 969
547 971
547 978
547 982
547 994
547 995
547 997
547 998
547 1028
547 1035
547 1039
547 1041
547 1053
547 1061
547 1092
547 1099
547 1103
547 1110
547 1122
547 1124
547 1156
547 1159
547 1165
547 1179
547 1181
547 1185
547 1188
547 1189
547 1196
547 1216
547 1220
547 1223
547 1227
547 1231
547 1238
547 1243
547 1246
547 1250
547 1253
548 155
548 356
548 420
548 484
548 612
548 676
548 740
549 0
549 4
549 6
549 9
549 11
549 15
549 18
549 22
549 29
549 34
549 35
549 36
549 37
549 38
549 44
549 53
549 68
549 70
549 71
549 78
549 79
549 81
549 86
549 93
549 98
549 99
549 132
549 134
549 139
549 142
549 143
549 145
549 150
549 157
549 162
549 163
549 165
549 196
549 203
549 205
549 207
549 209
549 214
549 219
549 221
549 226
549 227
549 229
549 260
549 262
549 263
549 267
549 268
549 271
549 273
549 274
549 278
549 283
549 285
549 288
549 289
549 290
549 291
549 292
549 293
549 294
549 311
549 324
549 326
549 331
549 335
549 337
549 348
549 349
549 350
549 353
549 354
549 355
549 357
549 358
549 388
549 390
549 391
549 395
549 397
549 398
549 399
549 401
549 406
549 411
549 413
549 418
549 419
549 420
549 421
549 422
549 428
549 437
549 448
549 452
549 454
549 459
549 463
549 465
549 470
549 475
549 482
549 483
549 484
549 485
549 486
549 492
549 516
549 518
549 519
549 523
549 527
549 529
549 534
549 541
549 542
549 546
549 547
549 550
549 565
549 580
549 582
549 583
549 587
549 590
549 591
549 593
549 598
549 605
549 610
549 611
549 612
549 613
549 644
549 646
549 647
549 651
549 655
549 657
549 667
549 669
549 674
549 676
549 677
549 708
549 710
549 715
549 718
549 719
549 721
549 726
549 732
549 733
549 736
549 738
549 740
549 741
549 772
549 774
549 778
549 779
549 783
549 785
549 795
549 797
549 802
549 804
549 806
549 836
549 838
549 846
549 847
549 849
549 868
549 869
549 900
549 902
549 910
549 911
549 913
549 923
549 925
549 930
549 931
549 964
549 966
549 971
549 974
549 975
549 977
549 978
549 982
549 994
549 997
549 998
549 1028
549 1030
549 1035
549 1038
549 1039
549 1041
549 1061
549 1092
549 1094
549 1099
549 1102
549 1103
549 1105
549 1110
549 1122
549 1124
549 1156
549 1158
549 1159
549 1163
549 1165
549 1166
549 1167
549 1169
549 1174
549 1179
549 1185
549 1186
549 1189
549 1196
549 1216
549 1220
549 1222
549 1223
549 1231
549 1233
549 1238
549 1243
549 1246
549 1250
549 1253
550 0
550 4
550 9
550 11
550 15
550 18
550 22
550 29
550 34
550 35
550 36
550 37
550 38
550 44
550 53
550 68
550 70
550 71
550 79
550 81
550 86
550 93
550 98
550 99
550 132
550 134
550 139
550 143
550 145
550 150
550 157
550 162
550 163
550 165
550 196
550 203
550 205
550 207
550 209
550 214
550 219
550 221
550 225
550 226
550 227
550 229
550 260
550 263
550 267
550 268
550 271
550 273
550 274
550 278
550 283
550 284
550 285
550 288
550 289
550 290
550 291
550 292
550 293
550 294
550 311
550 324
550 331
550 333
550 335
550 337
550 348
550 349
550 350
550 353
550 354
550 355
550 357
550 358
550 388
550 391
550 395
550 397
550 399
550 401
550 406
550 411
550 413
550 418
550 419
550 420
550 421
550 422
550 428
550 437
550 448
550 452
550 454
550 459
550 463
550 465
550 470
550 475
550 482
550 483
550 484
550 486
550 492
550 516
550 518
550 519
550 523
550 527
550 529
550 534
550 541
550 542
550 546
550 547
550 549
550 565
550 580
550 582
550 583
550 587
550 590
550 591
550 593
550 598
550 605
550 610
550 611
550 612
550 613
550 614
550 644
550 647
550 651
550 655
550 657
550 667
550 669
550 674
550 675
550 676
550 677
550 678
550 708
550 715
550 718
550 719
550 721
550 726
550 732
550 733
550 736
550 738
550 740
550 741
550 742
550 772
550 778
550 779
550 783
550 785
550 795
550 797
550 802
550 804
550 806
550 812
550 836
550 846
550 847
550 849
550 868
550 869
550 900
550 902
550 911
550 913
550 923
550 925
550 930
550 931
550 964
550 966
550 971
550 975
550 977
550 978
550 982
550 994
550 997
550 998
550 1028
550 1030
550 1035
550 1038
550 1039
550 1041
550 1061
550 1092
550 1094
550 1099
550 1102
550 1103
550 1105
550 1110
550 1122
550 1124
550 1156
550 1159
550 1163
550 1165
550 1167
550 1169
550 1174
550 1179
550 1181
550 1185
550 1186
550 1189
550 1196
550 1216
550 1220
550 1222
550 1223
550 1231
550 1233
550 1238
550 1243
550 1246
550 1250
550 1253
551 359
551 423
551 487
551 615
551 679
551 743
551 787
551 904
551 1026
552 58
552 360
552 424
552 488
552 616
552 680
552 682
552 744
553 361
553 425
553 489
553 617
553 681
553 745
554 362
554 426
554 490
554 618
554 682
554 746
555 363
555 427
555 491
555 619
555 683
555 747
556 364
556 428
556 469
556 492
556 620
556 684
556 748
556 1127
557 365
557 429
557 493
557 621
557 685
557 749
558 56
558 244
558 366
558 430
558 494
558 622
558 686
558 750
559 50
559 367
559 431
559 495
559 623
559 687
559 751
560 368
560 432
560 496
560 624
560 688
560 752
560 1082
560 1279
561 369
561 433
561 497
561 625
561 689
561 753
561 888
562 8
562 184
562 370
562 434
562 498
562 626
562 690
562 754
563 371
563 435
563 499
563 627
563 691
563 755
564 372
564 436
564 500
564 628
564 692
564 707
564 756
564 1209
565 0
565 4
565 9
565 10
565 11
565 12
565 18
565 22
565 35
565 36
565 37
565 38
565 44
565 47
565 53
565 68
565 70
565 71
565 79
565 81
565 86
565 93
565 98
565 99
565 101
565 132
565 139
565 143
565 145
565 150
565 157
565 162
565 163
565 164
565 165
565 192
565 193
565 196
565 203
565 205
565 214
565 219
565 221
565 224
565 225
565 227
565 229
565 245
565 260
565 263
565 267
565 268
565 274
565 278
565 283
565 284
565 285
565 288
565 289
565 290
565 291
565 292
565 293
565 294
565 311
565 320
565 324
565 331
565 333
565 335
565 342
565 348
565 349
565 350
565 352
565 353
565 354
565 355
565 357
565 358
565 373
565 388
565 391
565 395
565 397
565 399
565 401
565 406
565 411
565 413
565 418
565 419
565 420
565 421
565 422
565 428
565 437
565 448
565 452
565 455
565 459
565 470
565 475
565 482
565 483
565 484
565 486
565 492
565 501
565 516
565 518
565 519
565 523
565 527
565 530
565 534
565 541
565 542
565 546
565 547
565 549
565 550
565 580
565 583
565 587
565 591
565 593
565 598
565 605
565 610
565 611
565 612
565 613
565 629
565 644
565 647
565 651
565 655
565 657
565 662
565 667
565 668
565 669
565 674
565 675
565 676
565 677
565 693
565 708
565 715
565 719
565 721
565 726
565 732
565 733
565 736
565 738
565 740
565 741
565 757
565 772
565 778
565 779
565 783
565 795
565 797
565 802
565 804
565 806
565 812
565 836
565 843
565 847
565 849
565 868
565 869
565 900
565 903
565 907
565 911
565 913
565 923
565 925
565 930
565 931
565 964
565 971
565 975
565 977
565 978
565 982
565 994
565 997
565 998
565 1028
565 1035
565 1039
565 1041
565 1053
565 1061
565 1092
565 1099
565 1103
565 1105
565 1110
565 1122
565 1124
565 1156
565 1159
565 1163
565 1165
565 1167
565 1174
565 1179
565 1181
565 1185
565 1186
565 1189
565 1196
565 1216
565 1220
565 1223
565 1231
565 1233
565 1238
565 1243
565 1246
565 1250
565 1253
566 374
566 438
566 502
566 630
566 694
566 758
567 182
567 375
567 439
567 503
567 631
567 695
567 759
568 376
568 440
568 504
568 632
568 696
568 760
568 793
568 1168
569 377
569 441
569 505
569 633
569 697
569 761
569 876
570 378
570 442
570 506
570 634
570 698
570 762
570 1247
571 379
571 443
571 507
571 635
571 699
571 763
572 188
572 380
572 444
572 508
572 573
572 636
572 700
572 744
572 764
573 188
573 381
573 445
573 509
573 572
573 637
573 701
573 744
573 765
574 382
574 446
574 510
574 638
574 702
574 766
575 383
575 447
575 511
575 639
575 703
575 767
576 384
576 448
576 460
576 476
576 512
576 640
576 704
576 768
577 385
577 449
577 513
577 641
577 705
577 769
578 296
578 386
578 450
578 514
578 642
578 706
578 770
579 387
579 451
579 515
579 631
579 643
579 707
579 771
579 1271
580 0
580 9
580 10
580 11
580 12
580 18
580 22
580 35
580 36
580 37
580 44
580 47
580 53
580 68
580 71
580 79
580 86
580 93
580 98
580 99
580 101
580 132
580 137
580 139
580 143
580 150
580 157
580 162
580 163
580 164
580 165
580 192
580 193
580 196
580 203
580 205
580 214
580 219
580 224
580 225
580 227
580 229
580 239
580 245
580 258
580 263
580 267
580 268
580 274
580 278
580 283
580 284
580 285
580 288
580 289
580 291
580 292
580 293
580 311
580 320
580 324
580 327
580 331
580 333
580 342
580 347
580 348
580 350
580 352
580 353
580 354
580 355
580 356
580 357
580 358
580 367
580 388
580 391
580 395
580 397
580 406
580 411
580 413
580 417
580 419
580 420
580 421
580 422
580 428
580 437
580 448
580 452
580 455
580 459
580 470
580 475
580 482
580 483
580 484
580 486
580 492
580 516
580 519
580 523
580 530
580 534
580 539
580 541
580 542
580 547
580 549
580 550
580 565
580 583
580 587
580 598
580 605
580 611
580 612
580 613
580 614
580 644
580 647
580 651
580 655
580 662
580 667
580 668
580 669
580 674
580 675
580 676
580 677
580 708
580 715
580 719
580 726
580 732
580 733
580 736
580 738
580 739
580 740
580 741
580 772
580 778
580 779
580 795
580 797
580 800
580 804
580 806
580 812
580 836
580 843
580 847
580 866
580 868
580 869
580 900
580 903
580 907
580 911
580 923
580 925
580 930
580 931
580 949
580 964
580 969
580 971
580 978
580 982
580 994
580 995
580 997
580 998
580 1028
580 1035
580 1039
580 1041
580 1053
580 1061
580 1092
580 1099
580 1103
580 1110
580 1122
580 1124
580 1156
580 1159
580 1163
580 1165
580 1167
580 1179
580 1181
580 1185
580 1188
580 1189
580 1196
580 1216
580 1220
580 1223
580 1227
580 1231
580 1238
580 1243
580 1246
580 1250
580 1253
581 5
581 72
581 135
581 199
581 264
581 329
581 389
581 392
581 453
581 457
581 517
581 521
581 645
581 648
581 709
581 712
581 773
581 841
581 905
581 967
581 1033
581 1093
581 1157
581 1225
582 4
582 6
582 11
582 14
582 15
582 17
582 29
582 34
582 35
582 37
582 38
582 70
582 78
582 79
582 81
582 98
582 134
582 142
582 143
582 145
582 162
582 163
582 165
582 196
582 198
582 203
582 206
582 207
582 209
582 221
582 226
582 260
582 262
582 267
582 270
582 271
582 273
582 274
582 278
582 285
582 290
582 291
582 293
582 294
582 324
582 326
582 334
582 335
582 337
582 349
582 354
582 355
582 357
582 388
582 390
582 398
582 399
582 401
582 406
582 418
582 421
582 452
582 454
582 462
582 463
582 465
582 475
582 486
582 516
582 518
582 526
582 527
582 529
582 546
582 549
582 550
582 590
582 591
582 593
582 605
582 610
582 612
582 644
582 646
582 654
582 655
582 657
582 669
582 708
582 710
582 715
582 718
582 719
582 721
582 726
582 738
582 740
582 772
582 774
582 779
582 782
582 783
582 785
582 795
582 802
582 804
582 838
582 846
582 847
582 849
582 902
582 910
582 911
582 913
582 931
582 966
582 971
582 974
582 975
582 977
582 994
582 998
582 1030
582 1038
582 1041
582 1094
582 1102
582 1105
582 1124
582 1156
582 1158
582 1159
582 1163
582 1166
582 1167
582 1169
582 1174
582 1186
582 1189
582 1222
582 1230
582 1231
582 1233
583 0
583 4
583 9
583 11
583 12
583 18
583 22
583 35
583 36
583 37
583 38
583 44
583 47
583 53
583 68
583 70
583 71
583 79
583 81
583 86
583 93
583 98
583 99
583 101
583 132
583 139
583 143
583 145
583 150
583 157
583 162
583 163
583 164
583 165
583 192
583 193
583 196
583 203
583 205
583 214
583 219
583 221
583 224
583 225
583 227
583 229
583 245
583 260
583 263
583 267
583 268
583 274
583 278
583 283
583 284
583 285
583 288
583 289
583 290
583 291
583 292
583 293
583 294
583 311
583 320
583 324
583 331
583 333
583 335
583 342
583 348
583 349
583 350
583 353
583 354
583 355
583 357
583 358
583 388
583 391
583 395
583 397
583 399
583 401
583 406
583 411
583 413
583 418
583 419
583 420
583 421
583 422
583 428
583 437
583 448
583 452
583 455
583 459
583 470
583 475
583 482
583 483
583 484
583 486
583 492
583 516
583 518
583 519
583 523
583 527
583 530
583 534
583 541
583 542
583 546
583 547
583 549
583 550
583 565
583 580
583 587
583 591
583 593
583 598
583 605
583 610
583 611
583 612
583 613
583 644
583 647
583 651
583 655
583 657
583 662
583 667
583 668
583 669
583 674
583 675
583 676
583 677
583 708
583 711
583 715
583 719
583 721
583 726
583 732
583 733
583 736
583 738
583 740
583 741
583 772
583 775
583 778
583 779
583 783
583 795
583 797
583 802
583 804
583 806
583 812
583 836
583 843
583 847
583 849
583 868
583 869
583 900
583 902
583 903
583 907
583 911
583 913
583 923
583 925
583 930
583 931
583 964
583 971
583 975
583 977
583 978
583 982
583 994
583 997
583 998
583 1028
583 1035
583 1039
583 1041
583 1053
583 1061
583 1092
583 1099
583 1103
583 1105
583 1110
583 1122
583 1124
583 1156
583 1159
583 1163
583 1165
583 1167
583 1169
583 1174
583 1179
583 1181
583 1185
583 1186
583 1189
583 1196
583 1216
583 1220
583 1223
583 1231
583 1233
583 1238
583 1243
583 1246
583 1250
583 1253
584 392
584 456
584 520
584 648
584 712
584 776
585 3
585 30
585 393
585 457
585 521
585 525
585 649
585 713
585 777
586 13
586 394
586 458
586 522
586 650
586 714
586 778
587 0
587 9
587 10
587 11
587 12
587 18
587 22
587 36
587 44
587 47
587 53
587 68
587 71
587 86
587 93
587 98
587 99
587 101
587 132
587 137
587 139
587 143
587 150
587 157
587 163
587 164
587 165
587 192
587 193
587 196
587 202
587 203
587 205
587 214
587 219
587 224
587 225
587 227
587 228
587 229
587 239
587 245
587 258
587 263
587 267
587 268
587 275
587 283
587 284
587 288
587 289
587 292
587 293
587 311
587 320
587 324
587 327
587 331
587 333
587 342
587 347
587 348
587 350
587 352
587 353
587 354
587 356
587 357
587 358
587 367
587 391
587 395
587 397
587 411
587 413
587 417
587 419
587 420
587 421
587 422
587 428
587 437
587 448
587 455
587 459
587 470
587 475
587 482
587 483
587 484
587 486
587 492
587 519
587 523
587 530
587 534
587 539
587 541
587 542
587 547
587 549
587 550
587 565
587 580
587 583
587 598
587 605
587 611
587 612
587 613
587 614
587 647
587 651
587 662
587 667
587 668
587 669
587 674
587 675
587 676
587 677
587 715
587 719
587 726
587 732
587 733
587 736
587 739
587 740
587 741
587 772
587 778
587 779
587 795
587 797
587 800
587 806
587 812
587 836
587 843
587 845
587 847
587 854
587 866
587 868
587 869
587 900
587 903
587 907
587 923
587 925
587 928
587 930
587 931
587 933
587 949
587 964
587 969
587 971
587 978
587 982
587 995
587 997
587 998
587 1028
587 1031
587 1035
587 1039
587 1053
587 1061
587 1092
587 1099
587 1103
587 1110
587 1122
587 1124
587 1165
587 1179
587 1181
587 1185
587 1188
587 1190
587 1196
587 1216
587 1220
587 1223
587 1227
587 1238
587 1243
587 1246
587 1250
587 1253
588 396
588 460
588 524
588 652
588 716
588 780
588 899
588 986
589 1
589 21
589 51
589 91
589 201
589 202
589 228
589 230
589 239
589 247
589 257
589 258
589 275
589 338
589 347
589 356
589 397
589 402
589 412
589 431
589 449
589 461
589 477
589 525
589 539
589 603
589 608
589 614
589 653
589 713
589 717
589 731
589 775
589 781
589 789
589 790
589 800
589 801
589 805
589 819
589 839
589 845
589 854
589 870
589 918
589 928
589 933
589 949
589 988
589 989
589 1031
589 1059
589 1097
589 1162
589 1170
589 1188
589 1190
589 1206
589 1227
589 1249
589 1252
589 1254
589 1270
590 4
590 6
590 9
590 11
590 14
590 15
590 17
590 29
590 34
590 35
590 37
590 38
590 70
590 71
590 78
590 79
590 81
590 98
590 134
590 142
590 143
590 145
590 157
590 162
590 163
590 165
590 196
590 198
590 203
590 206
590 207
590 209
590 221
590 226
590 260
590 262
590 267
590 270
590 271
590 273
590 274
590 278
590 285
590 290
590 291
590 293
590 294
590 324
590 326
590 334
590 335
590 337
590 348
590 349
590 354
590 355
590 357
590 388
590 390
590 398
590 399
590 401
590 406
590 413
590 418
590 421
590 422
590 452
590 454
590 459
590 462
590 463
590 465
590 475
590 486
590 516
590 518
590 519
590 526
590 527
590 529
590 546
590 549
590 550
590 582
590 591
590 593
590 605
590 610
590 612
590 644
590 646
590 654
590 655
590 657
590 669
590 708
590 710
590 715
590 718
590 719
590 721
590 726
590 738
590 740
590 772
590 774
590 779
590 782
590 783
590 785
590 795
590 802
590 804
590 838
590 846
590 847
590 849
590 902
590 910
590 911
590 913
590 931
590 966
590 971
590 974
590 975
590 977
590 994
590 998
590 1030
590 1038
590 1039
590 1041
590 1094
590 1102
590 1105
590 1124
590 1156
590 1158
590 1159
590 1163
590 1166
590 1167
590 1169
590 1174
590 1185
590 1186
590 1189
590 1220
590 1222
590 1223
590 1230
590 1231
590 1233
591 4
591 6
591 9
591 11
591 15
591 17
591 22
591 29
591 34
591 35
591 36
591 37
591 38
591 53
591 68
591 70
591 71
591 78
591 79
591 81
591 93
591 98
591 132
591 134
591 139
591 142
591 143
591 145
591 157
591 162
591 163
591 165
591 196
591 198
591 203
591 206
591 207
591 209
591 214
591 219
591 221
591 226
591 229
591 260
591 262
591 263
591 267
591 268
591 271
591 273
591 274
591 278
591 283
591 285
591 288
591 290
591 291
591 293
591 294
591 324
591 326
591 334
591 335
591 337
591 348
591 349
591 354
591 355
591 357
591 388
591 390
591 391
591 395
591 398
591 399
591 401
591 406
591 411
591 413
591 418
591 420
591 421
591 422
591 437
591 448
591 452
591 454
591 459
591 462
591 463
591 465
591 470
591 475
591 482
591 484
591 486
591 516
591 518
591 519
591 526
591 527
591 529
591 534
591 541
591 542
591 546
591 549
591 550
591 565
591 582
591 583
591 590
591 593
591 605
591 610
591 611
591 612
591 644
591 646
591 647
591 654
591 655
591 657
591 667
591 669
591 674
591 677
591 708
591 710
591 715
591 718
591 719
591 721
591 726
591 732
591 733
591 736
591 738
591 740
591 741
591 772
591 774
591 778
591 779
591 782
591 783
591 785
591 795
591 802
591 804
591 806
591 836
591 838
591 846
591 847
591 849
591 900
591 902
591 910
591 911
591 913
591 930
591 931
591 964
591 966
591 971
591 974
591 975
591 977
591 978
591 994
591 997
591 998
591 1028
591 1030
591 1038
591 1039
591 1041
591 1094
591 1102
591 1103
591 1105
591 1122
591 1124
591 1156
591 1158
591 1159
591 1163
591 1166
591 1167
591 1169
591 1174
591 1185
591 1186
591 1189
591 1220
591 1222
591 1223
591 1230
591 1231
591 1233
591 1238
591 1243
591 1253
592 400
592 423
592 464
592 528
592 656
592 714
592 720
592 784
592 794
592 1237
593 4
593 6
593 9
593 11
593 14
593 15
593 17
593 22
593 29
593 34
593 35
593 36
593 37
593 38
593 70
593 71
593 78
593 79
593 81
593 98
593 132
593 134
593 142
593 143
593 145
593 157
593 162
593 163
593 165
593 196
593 198
593 203
593 206
593 207
593 209
593 214
593 219
593 221
593 226
593 229
593 260
593 262
593 267
593 268
593 270
593 271
593 273
593 274
593 278
593 283
593 285
593 288
593 290
593 291
593 293
593 294
593 324
593 326
593 334
593 335
593 337
593 348
593 349
593 354
593 355
593 357
593 388
593 390
593 391
593 395
593 398
593 399
593 401
593 406
593 413
593 418
593 421
593 422
593 452
593 454
593 459
593 462
593 463
593 465
593 475
593 482
593 486
593 516
593 518
593 519
593 526
593 527
593 529
593 534
593 541
593 542
593 546
593 549
593 550
593 565
593 582
593 583
593 590
593 591
593 605
593 610
593 611
593 612
593 644
593 646
593 647
593 654
593 655
593 657
593 667
593 669
593 674
593 708
593 710
593 715
593 718
593 719
593 721
593 726
593 736
593 738
593 740
593 741
593 772
593 774
593 779
593 782
593 783
593 785
593 795
593 802
593 804
593 838
593 846
593 847
593 849
593 900
593 902
593 910
593 911
593 913
593 931
593 964
593 966
593 971
593 974
593 975
593 977
593 994
593 997
593 998
593 1030
593 1038
593 1039
593 1041
593 1094
593 1102
593 1103
593 1105
593 1122
593 1124
593 1156
593 1158
593 1159
593 1163
593 1166
593 1167
593 1169
593 1174
593 1185
593 1186
593 1189
593 1220
593 1222
593 1223
593 1230
593 1231
593 1233
593 1238
593 1243
594 402
594 466
594 530
594 658
594 693
594 722
594 786
595 403
595 410
595 467
595 531
595 659
595 723
595 787
596 123
596 404
596 468
596 532
596 660
596 724
596 788
596 909
597 405
597 469
597 533
597 661
597 725
597 789
597 824
598 0
598 9
598 10
598 11
598 12
598 18
598 22
598 36
598 44
598 47
598 53
598 68
598 71
598 86
598 93
598 98
598 99
598 101
598 132
598 137
598 139
598 143
598 150
598 157
598 164
598 165
598 192
598 193
598 196
598 202
598 203
598 205
598 214
598 219
598 224
598 225
598 227
598 228
598 229
598 239
598 245
598 258
598 263
598 267
598 268
598 275
598 283
598 284
598 288
598 289
598 292
598 293
598 311
598 320
598 324
598 327
598 331
598 333
598 342
598 347
598 348
598 350
598 352
598 353
598 354
598 356
598 357
598 358
598 367
598 391
598 395
598 397
598 406
598 411
598 413
598 417
598 419
598 420
598 421
598 422
598 428
598 437
598 448
598 455
598 459
598 470
598 475
598 482
598 483
598 484
598 486
598 492
598 519
598 523
598 530
598 534
598 539
598 541
598 542
598 547
598 549
598 550
598 565
598 580
598 583
598 587
598 605
598 611
598 612
598 613
598 614
598 647
598 651
598 662
598 667
598 668
598 669
598 674
598 675
598 676
598 677
598 715
598 719
598 726
598 732
598 733
598 736
598 739
598 740
598 741
598 772
598 778
598 790
598 795
598 797
598 800
598 806
598 812
598 836
598 843
598 845
598 847
598 854
598 866
598 868
598 869
598 900
598 903
598 907
598 923
598 925
598 928
598 930
598 931
598 933
598 949
598 964
598 969
598 971
598 978
598 982
598 995
598 997
598 998
598 1028
598 1031
598 1035
598 1039
598 1053
598 1061
598 1092
598 1099
598 1103
598 1110
598 1122
598 1124
598 1165
598 1179
598 1181
598 1185
598 1188
598 1190
598 1196
598 1216
598 1220
598 1223
598 1227
598 1238
598 1243
598 1246
598 1250
598 1253
599 407
599 471
599 535
599 663
599 727
599 735
599 791
600 138
600 408
600 472
600 536
600 664
600 728
600 792
601 115
601 341
601 409
601 473
601 537
601 665
601 729
601 793
602 185
602 410
602 474
602 538
602 666
602 730
602 794
602 872
602 1006
602 1277
603 1
603 10
603 12
603 21
603 47
603 51
603 91
603 137
603 192
603 193
603 201
603 202
603 224
603 228
603 230
603 239
603 247
603 258
603 275
603 320
603 327
603 338
603 347
603 352
603 356
603 367
603 402
603 411
603 412
603 417
603 431
603 449
603 455
603 461
603 475
603 477
603 530
603 539
603 589
603 608
603 614
603 667
603 668
603 713
603 731
603 739
603 775
603 789
603 790
603 795
603 800
603 805
603 819
603 839
603 843
603 845
603 854
603 866
603 870
603 903
603 907
603 918
603 928
603 933
603 949
603 969
603 988
603 989
603 995
603 1031
603 1059
603 1097
603 1162
603 1170
603 1188
603 1190
603 1206
603 1227
603 1249
603 1252
603 1254
603 1270
604 412
604 476
604 540
604 668
604 732
604 796
605 0
605 4
605 9
605 11
605 15
605 18
605 22
605 29
605 34
605 35
605 36
605 37
605 38
605 44
605 53
605 68
605 70
605 71
605 79
605 81
605 86
605 93
605 98
605 99
605 132
605 134
605 139
605 143
605 145
605 150
605 157
605 162
605 163
605 165
605 196
605 203
605 205
605 207
605 209
605 214
605 219
605 221
605 225
605 226
605 227
605 229
605 245
605 260
605 263
605 267
605 268
605 271
605 273
605 274
605 278
605 283
605 284
605 285
605 288
605 289
605 290
605 291
605 292
605 293
605 294
605 311
605 324
605 331
605 333
605 335
605 337
605 348
605 349
605 350
605 353
605 354
605 355
605 357
605 358
605 388
605 391
605 395
605 397
605 399
605 401
605 406
605 411
605 413
605 418
605 419
605 420
605 421
605 422
605 428
605 437
605 448
605 452
605 454
605 459
605 463
605 465
605 470
605 475
605 477
605 482
605 483
605 484
605 486
605 492
605 516
605 518
605 519
605 523
605 527
605 529
605 534
605 541
605 542
605 546
605 547
605 549
605 550
605 565
605 580
605 582
605 583
605 587
605 590
605 591
605 593
605 598
605 610
605 611
605 612
605 613
605 644
605 647
605 651
605 655
605 657
605 662
605 667
605 669
605 674
605 675
605 676
605 677
605 708
605 715
605 718
605 719
605 721
605 726
605 732
605 733
605 736
605 738
605 740
605 741
605 772
605 778
605 779
605 783
605 785
605 795
605 797
605 802
605 804
605 806
605 812
605 836
605 846
605 847
605 849
605 868
605 869
605 900
605 902
605 911
605 913
605 923
605 925
605 930
605 931
605 964
605 966
605 971
605 975
605 977
605 978
605 982
605 994
605 997
605 998
605 1028
605 1030
605 1035
605 1038
605 1039
605 1041
605 1061
605 1092
605 1094
605 1099
605 1102
605 1103
605 1105
605 1110
605 1122
605 1124
605 1156
605 1159
605 1163
605 1165
605 1167
605 1169
605 1174
605 1179
605 1181
605 1185
605 1186
605 1189
605 1196
605 1216
605 1220
605 1222
605 1223
605 1231
605 1233
605 1238
605 1243
605 1246
605 1250
605 1253
606 414
606 478
606 542
606 670
606 734
606 798
607 415
607 479
607 543
607 671
607 735
607 799
607 1155
608 1
608 21
608 51
608 91
608 201
608 202
608 228
608 230
608 247
608 257
608 275
608 338
608 402
608 412
608 416
608 431
608 449
608 461
608 477
608 480
608 544
608 589
608 603
608 672
608 713
608 731
608 736
608 775
608 789
608 790
608 800
608 801
608 805
608 819
608 839
608 845
608 854
608 870
608 918
608 928
608 932
608 933
608 988
608 989
608 1031
608 1059
608 1097
608 1125
608 1162
608 1170
608 1190
608 1206
608 1249
608 1252
608 1254
608 1270
609 417
609 481
609 545
609 673
609 737
609 801
609 968
609 1063
610 4
610 6
610 9
610 11
610 15
610 17
610 22
610 29
610 34
610 35
610 36
610 37
610 38
610 53
610 68
610 70
610 71
610 78
610 79
610 81
610 93
610 98
610 132
610 134
610 139
610 142
610 143
610 145
610 157
610 162
610 163
610 165
610 196
610 198
610 203
610 206
610 207
610 209
610 214
610 219
610 221
610 226
610 229
610 260
610 262
610 263
610 267
610 268
610 271
610 273
610 274
610 278
610 283
610 285
610 288
610 290
610 291
610 293
610 294
610 324
610 326
610 334
610 335
610 337
610 348
610 349
610 354
610 355
610 357
610 388
610 390
610 391
610 395
610 398
610 399
610 401
610 406
610 411
610 413
610 418
610 420
610 421
610 422
610 437
610 448
610 452
610 454
610 459
610 462
610 463
610 465
610 470
610 475
610 482
610 484
610 486
610 516
610 518
610 519
610 523
610 526
610 527
610 529
610 534
610 541
610 542
610 546
610 549
610 550
610 565
610 582
610 583
610 590
610 591
610 593
610 605
610 611
610 612
610 644
610 646
610 647
610 654
610 655
610 657
610 667
610 669
610 674
610 677
610 708
610 710
610 715
610 718
610 719
610 721
610 726
610 732
610 733
610 736
610 738
610 740
610 741
610 772
610 774
610 778
610 779
610 782
610 783
610 785
610 795
610 802
610 804
610 806
610 836
610 838
610 846
610 847
610 849
610 900
610 902
610 910
610 911
610 913
610 930
610 931
610 964
610 966
610 971
610 974
610 975
610 977
610 978
610 994
610 997
610 998
610 1028
610 1030
610 1038
610 1039
610 1041
610 1094
610 1102
610 1103
610 1105
610 1122
610 1124
610 1156
610 1158
610 1159
610 1163
610 1166
610 1167
610 1169
610 1174
610 1185
610 1186
610 1189
610 1220
610 1222
610 1223
610 1230
610 1231
610 1233
610 1238
610 1243
610 1253
611 0
611 4
611 9
611 10
611 11
611 12
611 18
611 22
611 35
611 36
611 37
611 38
611 44
611 47
611 53
611 68
611 70
611 71
611 79
611 81
611 86
611 93
611 98
611 99
611 101
611 132
611 139
611 143
611 145
611 150
611 157
611 162
611 163
611 164
611 165
611 192
611 193
611 196
611 203
611 205
611 214
611 219
611 221
611 224
611 225
611 227
611 229
611 245
611 260
611 263
611 267
611 268
611 274
611 278
611 283
611 284
611 285
611 288
611 289
611 291
611 292
611 293
611 294
611 311
611 320
611 324
611 327
611 331
611 333
611 335
611 342
611 348
611 349
611 350
611 352
611 353
611 354
611 355
611 357
611 358
611 388
611 391
611 395
611 397
611 399
611 401
611 406
611 411
611 413
611 418
611 419
611 420
611 421
611 422
611 428
611 437
611 448
611 452
611 455
611 459
611 470
611 475
611 482
611 483
611 484
611 486
611 492
611 516
611 518
611 519
611 523
611 527
611 530
611 534
611 541
611 542
611 546
611 547
611 549
611 550
611 565
611 580
611 583
611 587
611 591
611 593
611 598
611 605
611 610
611 612
611 613
611 644
611 647
611 651
611 655
611 657
611 662
611 667
611 668
611 669
611 674
611 675
611 676
611 677
611 708
611 715
611 719
611 721
611 726
611 732
611 733
611 736
611 738
611 739
611 740
611 741
611 772
611 778
611 779
611 783
611 795
611 797
611 802
611 803
611 804
611 806
611 812
611 836
611 843
611 847
611 849
611 868
611 869
611 900
611 903
611 907
611 911
611 913
611 923
611 925
611 930
611 931
611 964
611 971
611 975
611 977
611 978
611 982
611 994
611 997
611 998
611 1028
611 1035
611 1039
611 1041
611 1053
611 1061
611 1092
611 1099
611 1103
611 1105
611 1110
611 1122
611 1124
611 1156
611 1159
611 1163
611 1165
611 1167
611 1174
611 1179
611 1181
611 1185
611 1186
611 1189
611 1196
611 1216
611 1220
611 1223
611 1231
611 1233
611 1238
611 1243
611 1246
611 1250
611 1253
612 0
612 4
612 9
612 11
612 15
612 18
612 22
612 29
612 34
612 35
612 36
612 37
612 38
612 44
612 53
612 68
612 70
612 71
612 79
612 81
612 86
612 93
612 98
612 99
612 132
612 134
612 139
612 142
612 143
612 145
612 150
612 157
612 162
612 163
612 165
612 196
612 203
612 205
612 207
612 209
612 214
612 219
612 221
612 225
612 226
612 227
612 229
612 260
612 263
612 267
612 268
612 271
612 273
612 274
612 278
612 283
612 284
612 285
612 288
612 289
612 290
612 291
612 292
612 293
612 294
612 311
612 324
612 331
612 335
612 337
612 348
612 349
612 350
612 353
612 354
612 355
612 357
612 358
612 388
612 390
612 391
612 395
612 397
612 399
612 401
612 406
612 411
612 413
612 418
612 419
612 420
612 421
612 422
612 428
612 437
612 448
612 452
612 454
612 459
612 463
612 465
612 470
612 475
612 482
612 483
612 484
612 486
612 492
612 516
612 518
612 519
612 523
612 527
612 529
612 534
612 541
612 542
612 546
612 547
612 548
612 549
612 550
612 565
612 580
612 582
612 583
612 587
612 590
612 591
612 593
612 598
612 605
612 610
612 611
612 613
612 644
612 646
612 647
612 651
612 655
612 657
612 667
612 669
612 674
612 675
612 676
612 677
612 708
612 715
612 718
612 719
612 721
612 726
612 732
612 733
612 736
612 738
612 740
612 741
612 772
612 778
612 779
612 783
612 785
612 795
612 797
612 802
612 804
612 806
612 836
612 838
612 846
612 847
612 849
612 868
612 869
612 900
612 902
612 911
612 913
612 923
612 925
612 930
612 931
612 964
612 966
612 971
612 975
612 977
612 978
612 982
612 994
612 997
612 998
612 1028
612 1030
612 1035
612 1038
612 1039
612 1041
612 1061
612 1092
612 1094
612 1099
612 1102
612 1103
612 1105
612 1110
612 1122
612 1124
612 1156
612 1159
612 1163
612 1165
612 1167
612 1169
612 1174
612 1179
612 1181
612 1185
612 1186
612 1189
612 1196
612 1216
612 1220
612 1222
612 1223
612 1231
612 1233
612 1238
612 1243
612 1246
612 1250
612 1253
613 0
613 9
613 10
613 11
613 12
613 18
613 22
613 35
613 36
613 37
613 44
613 47
613 53
613 68
613 71
613 86
613 93
613 98
613 99
613 101
613 132
613 137
613 139
613 143
613 150
613 157
613 162
613 163
613 164
613 165
613 192
613 193
613 196
613 203
613 205
613 214
613 219
613 224
613 225
613 227
613 229
613 239
613 245
613 258
613 263
613 267
613 268
613 274
613 283
613 284
613 285
613 288
613 289
613 291
613 292
613 293
613 311
613 320
613 324
613 327
613 331
613 333
613 342
613 347
613 348
613 350
613 352
613 353
613 354
613 355
613 356
613 357
613 358
613 367
613 391
613 395
613 397
613 406
613 411
613 413
613 417
613 419
613 420
613 421
613 422
613 428
613 437
613 448
613 452
613 455
613 459
613 470
613 475
613 482
613 483
613 484
613 485
613 486
613 492
613 516
613 519
613 523
613 530
613 534
613 539
613 541
613 542
613 547
613 549
613 550
613 565
613 580
613 583
613 587
613 598
613 605
613 611
613 612
613 614
613 644
613 647
613 651
613 655
613 662
613 667
613 668
613 669
613 674
613 675
613 676
613 677
613 708
613 715
613 719
613 726
613 732
613 733
613 736
613 738
613 739
613 740
613 741
613 772
613 778
613 779
613 795
613 797
613 800
613 804
613 805
613 806
613 812
613 836
613 843
613 847
613 866
613 868
613 869
613 900
613 903
613 907
613 911
613 923
613 925
613 930
613 931
613 933
613 949
613 964
613 969
613 971
613 978
613 982
613 994
613 995
613 997
613 998
613 1028
613 1035
613 1039
613 1041
613 1053
613 1061
613 1092
613 1099
613 1103
613 1110
613 1122
613 1124
613 1156
613 1159
613 1165
613 1179
613 1181
613 1185
613 1188
613 1189
613 1196
613 1216
613 1220
613 1223
613 1227
613 1231
613 1238
613 1243
613 1246
613 1250
613 1253
614 0
614 10
614 12
614 18
614 44
614 47
614 51
614 53
614 68
614 86
614 91
614 93
614 99
614 101
614 137
614 139
614 150
614 164
614 192
614 193
614 202
614 205
614 224
614 225
614 227
614 228
614 230
614 239
614 245
614 258
614 263
614 275
614 284
614 289
614 292
614 311
614 320
614 327
614 331
614 333
614 338
614 342
614 347
614 350
614 352
614 353
614 356
614 358
614 367
614 397
614 402
614 411
614 412
614 417
614 419
614 420
614 422
614 428
614 431
614 437
614 448
614 449
614 455
614 461
614 470
614 482
614 483
614 484
614 486
614 492
614 523
614 530
614 539
614 547
614 550
614 580
614 587
614 589
614 598
614 603
614 613
614 651
614 662
614 668
614 675
614 676
614 677
614 678
614 713
614 731
614 732
614 733
614 739
614 742
614 775
614 778
614 797
614 800
614 805
614 806
614 812
614 836
614 839
614 843
614 845
614 854
614 866
614 868
614 869
614 870
614 903
614 907
614 918
614 923
614 925
614 928
614 930
614 933
614 949
614 969
614 978
614 982
614 989
614 995
614 1028
614 1031
614 1035
614 1053
614 1059
614 1061
614 1092
614 1097
614 1099
614 1110
614 1165
614 1179
614 1181
614 1188
614 1190
614 1196
614 1206
614 1216
614 1227
614 1246
614 1249
614 1250
614 1252
614 1253
614 1254
615 423
615 487
615 551
615 679
615 743
615 807
615 1016
616 424
616 488
616 552
616 680
616 744
616 808
616 889
617 169
617 425
617 489
617 553
617 681
617 745
617 809
618 426
618 490
618 554
618 682
618 746
618 810
618 922
619 427
619 491
619 555
619 683
619 747
619 811
619 980
620 26
620 428
620 489
620 492
620 556
620 684
620 748
620 771
620 812
620 1197
620 1257
621 204
621 387
621 429
621 493
621 557
621 664
621 685
621 749
621 813
621 1055
622 430
622 494
622 558
622 686
622 750
622 814
623 431
623 495
623 559
623 687
623 751
623 815
624 432
624 496
624 560
624 688
624 752
624 816
625 433
625 497
625 561
625 683
625 689
625 753
625 817
626 434
626 498
626 562
626 690
626 754
626 818
626 1109
627 87
627 435
627 499
627 504
627 563
627 691
627 730
627 755
627 819
627 1211
628 436
628 500
628 564
628 692
628 756
628 820
628 1171
629 437
629 501
629 514
629 531
629 565
629 693
629 757
629 821
630 438
630 502
630 566
630 650
630 694
630 758
630 822
631 439
631 503
631 567
631 579
631 695
631 759
631 823
631 1271
632 440
632 504
632 568
632 696
632 760
632 824
633 254
633 441
633 505
633 569
633 697
633 761
633 825
633 1044
634 442
634 506
634 535
634 570
634 698
634 762
634 826
634 1017
635 443
635 507
635 571
635 699
635 763
635 827
636 336
636 444
636 508
636 572
636 700
636 764
636 828
637 445
637 509
637 573
637 694
637 701
637 752
637 765
637 829
637 916
637 1064
638 446
638 473
638 510
638 574
638 702
638 758
638 766
638 830
639 430
639 447
639 511
639 575
639 703
639 767
639 831
640 403
640 436
640 448
640 512
640 576
640 704
640 768
640 832
641 449
641 478
641 513
641 577
641 705
641 769
641 833
642 74
642 450
642 514
642 578
642 706
642 770
642 834
643 451
643 515
643 579
643 707
643 771
643 835
643 915
644 0
644 4
644 6
644 9
644 11
644 15
644 17
644 22
644 29
644 34
644 35
644 36
644 37
644 38
644 44
644 53
644 68
644 70
644 71
644 78
644 79
644 81
644 93
644 98
644 132
644 134
644 139
644 142
644 143
644 145
644 150
644 157
644 162
644 163
644 165
644 196
644 198
644 203
644 207
644 209
644 214
644 219
644 221
644 226
644 227
644 229
644 260
644 262
644 263
644 267
644 268
644 271
644 273
644 274
644 278
644 283
644 285
644 288
644 290
644 291
644 293
644 294
644 311
644 324
644 326
644 335
644 337
644 348
644 349
644 350
644 353
644 354
644 355
644 357
644 358
644 388
644 390
644 391
644 395
644 397
644 398
644 399
644 401
644 406
644 411
644 413
644 418
644 420
644 421
644 422
644 437
644 448
644 452
644 454
644 459
644 462
644 463
644 465
644 470
644 475
644 482
644 483
644 484
644 486
644 516
644 518
644 519
644 523
644 527
644 529
644 534
644 541
644 542
644 546
644 547
644 549
644 550
644 565
644 580
644 582
644 583
644 590
644 591
644 593
644 605
644 610
644 611
644 612
644 613
644 646
644 647
644 651
644 654
644 655
644 657
644 667
644 669
644 674
644 676
644 677
644 708
644 710
644 715
644 718
644 719
644 721
644 726
644 732
644 733
644 736
644 738
644 740
644 741
644 772
644 774
644 778
644 779
644 783
644 785
644 795
644 797
644 802
644 804
644 806
644 836
644 838
644 846
644 847
644 849
644 868
644 900
644 902
644 910
644 911
644 913
644 925
644 930
644 931
644 964
644 966
644 971
644 974
644 975
644 977
644 978
644 982
644 994
644 997
644 998
644 1028
644 1030
644 1038
644 1039
644 1041
644 1094
644 1102
644 1103
644 1105
644 1122
644 1124
644 1156
644 1158
644 1159
644 1163
644 1166
644 1167
644 1169
644 1174
644 1185
644 1186
644 1189
644 1196
644 1220
644 1222
644 1223
644 1230
644 1231
644 1233
644 1238
644 1243
644 1250
644 1253
645 453
645 517
645 581
645 709
645 773
645 837
645 1024
645 1142
646 4
646 6
646 11
646 14
646 15
646 17
646 29
646 34
646 35
646 37
646 38
646 70
646 78
646 79
646 81
646 98
646 134
646 142
646 143
646 145
646 162
646 163
646 165
646 196
646 198
646 203
646 206
646 207
646 209
646 221
646 226
646 260
646 262
646 267
646 270
646 271
646 273
646 274
646 278
646 285
646 290
646 291
646 293
646 294
646 326
646 334
646 335
646 337
646 349
646 354
646 355
646 388
646 390
646 398
646 399
646 401
646 406
646 418
646 452
646 454
646 462
646 463
646 465
646 475
646 516
646 518
646 526
646 527
646 529
646 546
646 549
646 582
646 590
646 591
646 593
646 610
646 612
646 644
646 654
646 655
646 657
646 669
646 708
646 710
646 715
646 718
646 721
646 726
646 738
646 740
646 774
646 779
646 782
646 783
646 785
646 795
646 802
646 804
646 838
646 846
646 847
646 849
646 902
646 910
646 911
646 913
646 966
646 974
646 975
646 977
646 994
646 998
646 1030
646 1038
646 1041
646 1094
646 1102
646 1105
646 1156
646 1158
646 1159
646 1163
646 1166
646 1167
646 1169
646 1174
646 1186
646 1189
646 1222
646 1230
646 1231
646 1233
647 0
647 4
647 9
647 11
647 12
647 18
647 22
647 35
647 36
647 37
647 38
647 44
647 47
647 53
647 68
647 70
647 71
647 79
647 81
647 86
647 93
647 98
647 99
647 101
647 132
647 139
647 143
647 145
647 150
647 157
647 162
647 163
647 164
647 165
647 192
647 193
647 196
647 203
647 205
647 214
647 219
647 221
647 224
647 225
647 227
647 229
647 245
647 260
647 263
647 267
647 268
647 274
647 278
647 283
647 284
647 285
647 288
647 289
647 290
647 291
647 292
647 293
647 294
647 311
647 320
647 324
647 331
647 333
647 335
647 342
647 348
647 349
647 350
647 353
647 354
647 355
647 357
647 358
647 388
647 391
647 395
647 397
647 399
647 401
647 406
647 411
647 413
647 418
647 419
647 420
647 421
647 422
647 428
647 437
647 448
647 452
647 455
647 459
647 465
647 470
647 475
647 482
647 483
647 484
647 486
647 492
647 516
647 518
647 519
647 523
647 527
647 530
647 534
647 541
647 542
647 546
647 547
647 549
647 550
647 565
647 580
647 583
647 587
647 591
647 593
647 598
647 605
647 610
647 611
647 612
647 613
647 644
647 651
647 655
647 657
647 662
647 667
647 668
647 669
647 674
647 675
647 676
647 677
647 708
647 711
647 715
647 719
647 721
647 726
647 732
647 733
647 736
647 738
647 740
647 741
647 772
647 775
647 778
647 779
647 783
647 795
647 797
647 802
647 804
647 806
647 812
647 836
647 839
647 843
647 847
647 849
647 868
647 869
647 900
647 902
647 903
647 907
647 911
647 913
647 923
647 925
647 930
647 931
647 964
647 971
647 975
647 977
647 978
647 982
647 994
647 997
647 998
647 1028
647 1030
647 1035
647 1039
647 1041
647 1053
647 1061
647 1092
647 1099
647 1103
647 1105
647 1110
647 1122
647 1124
647 1156
647 1159
647 1163
647 1165
647 1167
647 1169
647 1174
647 1179
647 1181
647 1185
647 1186
647 1189
647 1196
647 1216
647 1220
647 1222
647 1223
647 1231
647 1233
647 1238
647 1243
647 1246
647 1250
647 1253
648 5
648 72
648 135
648 199
648 264
648 329
648 392
648 456
648 457
648 520
648 521
648 581
648 584
648 712
648 773
648 776
648 840
648 841
648 905
648 967
648 1033
648 1093
648 1157
648 1225
649 457
649 521
649 585
649 713
649 777
649 841
649 1029
650 458
650 522
650 586
650 630
650 714
650 778
650 842
651 0
651 9
651 10
651 11
651 12
651 18
651 22
651 35
651 36
651 37
651 44
651 47
651 53
651 68
651 71
651 79
651 86
651 93
651 98
651 99
651 101
651 132
651 137
651 139
651 143
651 150
651 157
651 162
651 163
651 164
651 165
651 192
651 193
651 196
651 203
651 205
651 214
651 219
651 224
651 225
651 227
651 229
651 239
651 245
651 258
651 263
651 267
651 268
651 274
651 278
651 283
651 284
651 285
651 288
651 289
651 291
651 292
651 293
651 311
651 320
651 324
651 327
651 331
651 333
651 342
651 347
651 348
651 350
651 352
651 353
651 354
651 355
651 356
651 357
651 358
651 367
651 391
651 395
651 397
651 406
651 411
651 413
651 417
651 419
651 420
651 421
651 422
651 428
651 437
651 448
651 452
651 455
651 459
651 470
651 475
651 482
651 483
651 484
651 486
651 492
651 516
651 519
651 523
651 530
651 534
651 539
651 541
651 542
651 547
651 549
651 550
651 565
651 580
651 583
651 587
651 598
651 605
651 611
651 612
651 613
651 614
651 644
651 647
651 655
651 662
651 667
651 668
651 669
651 674
651 675
651 676
651 677
651 708
651 715
651 719
651 726
651 732
651 733
651 736
651 738
651 739
651 740
651 741
651 772
651 778
651 779
651 795
651 797
651 800
651 804
651 806
651 812
651 836
651 843
651 847
651 866
651 868
651 869
651 900
651 903
651 907
651 911
651 923
651 925
651 930
651 931
651 949
651 964
651 969
651 971
651 978
651 982
651 994
651 995
651 997
651 998
651 1028
651 1035
651 1039
651 1041
651 1053
651 1061
651 1092
651 1099
651 1103
651 1110
651 1122
651 1124
651 1156
651 1159
651 1163
651 1165
651 1167
651 1179
651 1181
651 1185
651 1188
651 1189
651 1196
651 1216
651 1220
651 1223
651 1227
651 1231
651 1238
651 1243
651 1246
651 1250
651 1253
652 460
652 524
652 588
652 716
652 780
652 844
653 461
653 525
653 589
653 717
653 781
653 845
653 924
654 4
654 6
654 14
654 15
654 17
654 29
654 34
654 35
654 37
654 38
654 70
654 78
654 79
654 81
654 134
654 142
654 145
654 198
654 206
654 207
654 209
654 221
654 226
654 260
654 262
654 270
654 271
654 273
654 274
654 278
654 285
654 290
654 294
654 326
654 334
654 335
654 337
654 349
654 355
654 388
654 390
654 398
654 399
654 401
654 406
654 418
654 454
654 462
654 463
654 465
654 518
654 526
654 527
654 529
654 546
654 582
654 590
654 591
654 593
654 610
654 644
654 646
654 657
654 708
654 710
654 718
654 721
654 738
654 774
654 782
654 783
654 785
654 802
654 804
654 838
654 846
654 849
654 902
654 910
654 913
654 966
654 974
654 975
654 977
654 1030
654 1038
654 1094
654 1102
654 1105
654 1158
654 1163
654 1166
654 1167
654 1169
654 1174
654 1186
654 1222
654 1230
654 1233
655 0
655 4
655 6
655 9
655 11
655 15
655 22
655 29
655 34
655 35
655 36
655 37
655 38
655 44
655 53
655 68
655 70
655 71
655 78
655 79
655 81
655 93
655 98
655 132
655 134
655 139
655 142
655 143
655 145
655 150
655 157
655 162
655 163
655 165
655 196
655 198
655 203
655 207
655 209
655 214
655 219
655 221
655 226
655 227
655 229
655 260
655 262
655 263
655 267
655 268
655 271
655 273
655 274
655 278
655 283
655 285
655 288
655 289
655 290
655 291
655 293
655 294
655 311
655 324
655 326
655 335
655 337
655 348
655 349
655 350
655 353
655 354
655 355
655 357
655 358
655 388
655 390
655 391
655 395
655 397
655 398
655 399
655 401
655 406
655 411
655 413
655 418
655 420
655 421
655 422
655 437
655 448
655 452
655 454
655 459
655 462
655 463
655 465
655 470
655 475
655 482
655 483
655 484
655 486
655 516
655 518
655 519
655 523
655 527
655 529
655 534
655 541
655 542
655 546
655 547
655 549
655 550
655 565
655 580
655 582
655 583
655 590
655 591
655 593
655 605
655 610
655 611
655 612
655 613
655 644
655 646
655 647
655 651
655 657
655 667
655 669
655 674
655 676
655 677
655 708
655 710
655 715
655 718
655 719
655 721
655 726
655 732
655 733
655 736
655 738
655 740
655 741
655 772
655 774
655 778
655 779
655 783
655 785
655 795
655 797
655 802
655 804
655 806
655 836
655 838
655 846
655 847
655 849
655 868
655 900
655 902
655 910
655 911
655 913
655 925
655 930
655 931
655 964
655 966
655 971
655 974
655 975
655 977
655 978
655 982
655 994
655 997
655 998
655 1028
655 1030
655 1038
655 1039
655 1041
655 1061
655 1092
655 1094
655 1102
655 1103
655 1105
655 1122
655 1124
655 1156
655 1158
655 1159
655 1163
655 1166
655 1167
655 1169
655 1174
655 1185
655 1186
655 1189
655 1196
655 1220
655 1222
655 1223
655 1230
655 1231
655 1233
655 1238
655 1243
655 1250
655 1253
656 464
656 528
656 592
656 720
656 784
656 848
656 860
657 4
657 6
657 9
657 11
657 14
657 15
657 17
657 22
657 29
657 34
657 35
657 36
657 37
657 38
657 70
657 71
657 78
657 79
657 81
657 98
657 132
657 134
657 142
657 143
657 145
657 157
657 162
657 163
657 165
657 196
657 198
657 203
657 206
657 207
657 209
657 214
657 219
657 221
657 226
657 229
657 260
657 262
657 267
657 268
657 270
657 271
657 273
657 274
657 278
657 283
657 285
657 288
657 290
657 291
657 293
657 294
657 324
657 326
657 334
657 335
657 337
657 348
657 349
657 354
657 355
657 357
657 388
657 390
657 391
657 395
657 398
657 399
657 401
657 406
657 413
657 418
657 421
657 422
657 452
657 454
657 459
657 462
657 463
657 465
657 475
657 486
657 516
657 518
657 519
657 526
657 527
657 529
657 534
657 541
657 542
657 546
657 549
657 550
657 565
657 582
657 583
657 590
657 591
657 593
657 605
657 610
657 611
657 612
657 644
657 646
657 647
657 654
657 655
657 667
657 669
657 674
657 708
657 710
657 715
657 718
657 719
657 721
657 726
657 736
657 738
657 740
657 741
657 772
657 774
657 779
657 782
657 783
657 785
657 795
657 802
657 804
657 838
657 846
657 847
657 849
657 900
657 902
657 910
657 911
657 913
657 931
657 964
657 966
657 971
657 974
657 975
657 977
657 994
657 997
657 998
657 1030
657 1038
657 1039
657 1041
657 1094
657 1102
657 1103
657 1105
657 1122
657 1124
657 1156
657 1158
657 1159
657 1163
657 1166
657 1167
657 1169
657 1174
657 1185
657 1186
657 1189
657 1220
657 1222
657 1223
657 1230
657 1231
657 1233
657 1238
657 1243
658 466
658 530
658 594
658 722
658 786
658 850
659 257
659 467
659 531
659 595
659 670
659 704
659 723
659 742
659 787
659 801
659 851
659 932
659 1125
660 173
660 468
660 532
660 596
660 724
660 788
660 852
661 469
661 533
661 597
661 725
661 789
661 853
662 0
662 9
662 10
662 12
662 18
662 22
662 36
662 44
662 47
662 53
662 68
662 71
662 86
662 93
662 99
662 101
662 132
662 137
662 139
662 150
662 157
662 164
662 192
662 193
662 202
662 205
662 214
662 219
662 224
662 225
662 227
662 228
662 229
662 239
662 245
662 258
662 263
662 268
662 275
662 283
662 284
662 288
662 289
662 292
662 311
662 320
662 324
662 327
662 331
662 333
662 338
662 342
662 347
662 348
662 350
662 352
662 353
662 356
662 358
662 367
662 391
662 395
662 397
662 402
662 411
662 413
662 417
662 419
662 420
662 421
662 422
662 428
662 437
662 448
662 455
662 459
662 470
662 482
662 483
662 484
662 486
662 492
662 519
662 523
662 530
662 534
662 539
662 541
662 542
662 547
662 565
662 580
662 583
662 587
662 598
662 605
662 611
662 613
662 614
662 647
662 651
662 667
662 668
662 674
662 675
662 676
662 677
662 726
662 732
662 733
662 736
662 739
662 741
662 778
662 790
662 797
662 800
662 805
662 806
662 812
662 836
662 839
662 843
662 845
662 854
662 866
662 868
662 869
662 870
662 900
662 903
662 907
662 923
662 925
662 928
662 930
662 931
662 933
662 949
662 964
662 969
662 971
662 978
662 982
662 995
662 997
662 1028
662 1031
662 1035
662 1039
662 1053
662 1059
662 1061
662 1092
662 1099
662 1103
662 1110
662 1122
662 1124
662 1165
662 1179
662 1181
662 1185
662 1188
662 1190
662 1196
662 1206
662 1216
662 1220
662 1223
662 1227
662 1238
662 1243
662 1246
662 1249
662 1250
662 1253
663 471
663 535
663 599
663 727
663 791
663 855
663 1019
664 204
664 387
664 472
664 536
664 600
664 621
664 728
664 792
664 856
664 1055
665 473
665 537
665 601
665 729
665 793
665 857
666 474
666 538
666 602
666 730
666 794
666 858
667 0
667 4
667 9
667 11
667 18
667 22
667 34
667 35
667 36
667 37
667 38
667 44
667 53
667 68
667 70
667 71
667 79
667 81
667 86
667 93
667 98
667 99
667 101
667 132
667 139
667 143
667 145
667 150
667 157
667 162
667 163
667 164
667 165
667 193
667 196
667 203
667 205
667 214
667 219
667 221
667 224
667 225
667 227
667 229
667 245
667 260
667 263
667 267
667 268
667 271
667 274
667 278
667 283
667 284
667 285
667 288
667 289
667 290
667 291
667 292
667 293
667 294
667 311
667 324
667 331
667 333
667 335
667 337
667 342
667 348
667 349
667 350
667 353
667 354
667 355
667 357
667 358
667 388
667 391
667 395
667 397
667 399
667 401
667 406
667 411
667 413
667 418
667 419
667 420
667 421
667 422
667 428
667 437
667 448
667 452
667 455
667 459
667 465
667 470
667 475
667 482
667 483
667 484
667 486
667 492
667 516
667 518
667 519
667 523
667 527
667 529
667 534
667 539
667 541
667 542
667 546
667 547
667 549
667 550
667 565
667 580
667 583
667 587
667 591
667 593
667 598
667 603
667 605
667 610
667 611
667 612
667 613
667 644
667 647
667 651
667 655
667 657
667 662
667 668
667 669
667 674
667 675
667 676
667 677
667 708
667 715
667 718
667 719
667 721
667 726
667 731
667 732
667 733
667 736
667 738
667 740
667 741
667 772
667 778
667 779
667 783
667 785
667 795
667 797
667 802
667 804
667 806
667 812
667 836
667 847
667 849
667 859
667 868
667 869
667 900
667 902
667 903
667 911
667 913
667 923
667 925
667 930
667 931
667 964
667 971
667 975
667 977
667 978
667 982
667 994
667 997
667 998
667 1028
667 1030
667 1035
667 1039
667 1041
667 1053
667 1061
667 1092
667 1094
667 1099
667 1102
667 1103
667 1105
667 1110
667 1122
667 1124
667 1156
667 1159
667 1163
667 1165
667 1167
667 1169
667 1174
667 1179
667 1181
667 1185
667 1186
667 1189
667 1196
667 1216
667 1220
667 1222
667 1223
667 1231
667 1233
667 1238
667 1243
667 1246
667 1250
667 1253
668 0
668 9
668 10
668 12
668 18
668 22
668 36
668 44
668 47
668 51
668 53
668 68
668 71
668 86
668 93
668 99
668 101
668 132
668 137
668 139
668 150
668 157
668 164
668 192
668 193
668 202
668 205
668 214
668 219
668 224
668 225
668 227
668 228
668 229
668 239
668 245
668 258
668 263
668 268
668 275
668 283
668 284
668 288
668 289
668 292
668 311
668 320
668 327
668 331
668 333
668 338
668 342
668 347
668 348
668 350
668 352
668 353
668 356
668 358
668 367
668 391
668 395
668 397
668 402
668 411
668 412
668 413
668 417
668 419
668 420
668 422
668 428
668 437
668 448
668 455
668 459
668 461
668 470
668 476
668 482
668 483
668 484
668 492
668 519
668 523
668 530
668 534
668 539
668 540
668 541
668 542
668 547
668 565
668 580
668 583
668 587
668 598
668 603
668 604
668 611
668 613
668 614
668 647
668 651
668 662
668 667
668 674
668 675
668 676
668 677
668 732
668 733
668 736
668 739
668 741
668 775
668 778
668 796
668 797
668 800
668 805
668 806
668 812
668 836
668 839
668 843
668 845
668 854
668 860
668 866
668 868
668 869
668 870
668 900
668 903
668 907
668 923
668 925
668 928
668 930
668 933
668 949
668 964
668 969
668 978
668 982
668 989
668 995
668 997
668 1028
668 1031
668 1035
668 1039
668 1053
668 1059
668 1061
668 1092
668 1099
668 1103
668 1110
668 1122
668 1165
668 1179
668 1181
668 1185
668 1188
668 1190
668 1196
668 1206
668 1216
668 1220
668 1223
668 1227
668 1238
668 1243
668 1246
668 1249
668 1250
668 1253
669 0
669 4
669 9
669 11
669 15
669 18
669 22
669 29
669 34
669 35
669 36
669 37
669 38
669 44
669 53
669 68
669 70
669 71
669 79
669 81
669 86
669 93
669 98
669 99
669 132
669 134
669 139
669 142
669 143
669 145
669 150
669 157
669 162
669 163
669 165
669 196
669 203
669 205
669 207
669 209
669 214
669 219
669 221
669 225
669 226
669 227
669 229
669 260
669 263
669 267
669 268
669 271
669 273
669 274
669 278
669 283
669 284
669 285
669 288
669 289
669 290
669 291
669 292
669 293
669 294
669 311
669 324
669 331
669 335
669 337
669 348
669 349
669 350
669 353
669 354
669 355
669 357
669 358
669 388
669 390
669 391
669 395
669 397
669 399
669 401
669 406
669 411
669 413
669 418
669 419
669 420
669 421
669 422
669 428
669 437
669 448
669 452
669 454
669 459
669 463
669 465
669 470
669 475
669 477
669 482
669 483
669 484
669 486
669 492
669 516
669 518
669 519
669 523
669 527
669 529
669 534
669 541
669 542
669 546
669 547
669 549
669 550
669 565
669 580
669 582
669 583
669 587
669 590
669 591
669 593
669 598
669 605
669 610
669 611
669 612
669 613
669 644
669 646
669 647
669 651
669 655
669 657
669 667
669 674
669 675
669 676
669 677
669 708
669 715
669 718
669 719
669 721
669 726
669 732
669 733
669 736
669 738
669 740
669 741
669 772
669 778
669 779
669 783
669 785
669 795
669 797
669 802
669 804
669 806
669 812
669 836
669 838
669 846
669 847
669 849
669 861
669 868
669 869
669 900
669 902
669 911
669 913
669 923
669 925
669 930
669 931
669 964
669 966
669 971
669 975
669 977
669 978
669 982
669 994
669 997
669 998
669 1028
669 1030
669 1035
669 1038
669 1039
669 1041
669 1061
669 1092
669 1094
669 1099
669 1102
669 1103
669 1105
669 1110
669 1122
669 1124
669 1156
669 1159
669 1163
669 1165
669 1167
669 1169
669 1174
669 1179
669 1181
669 1185
669 1186
669 1189
669 1196
669 1216
669 1220
669 1222
669 1223
669 1231
669 1233
669 1238
669 1243
669 1246
669 1250
669 1253
670 478
670 542
670 606
670 659
670 704
670 734
670 742
670 798
670 862
670 932
670 960
670 1251
671 128
671 479
671 543
671 607
671 735
671 799
671 863
671 1268
672 480
672 544
672 608
672 736
672 800
672 864
672 906
673 481
673 545
673 609
673 737
673 801
673 865
674 0
674 4
674 9
674 11
674 12
674 18
674 22
674 35
674 36
674 37
674 38
674 44
674 47
674 53
674 68
674 70
674 71
674 79
674 81
674 86
674 93
674 98
674 99
674 101
674 132
674 139
674 143
674 145
674 150
674 157
674 162
674 163
674 164
674 165
674 192
674 193
674 196
674 203
674 205
674 214
674 219
674 221
674 224
674 225
674 227
674 229
674 245
674 260
674 263
674 267
674 268
674 274
674 278
674 283
674 284
674 285
674 288
674 289
674 290
674 291
674 292
674 293
674 294
674 311
674 320
674 324
674 331
674 333
674 335
674 342
674 348
674 349
674 350
674 353
674 354
674 355
674 357
674 358
674 388
674 391
674 395
674 397
674 399
674 401
674 406
674 411
674 413
674 418
674 419
674 420
674 421
674 422
674 428
674 437
674 448
674 452
674 455
674 459
674 465
674 470
674 475
674 482
674 483
674 484
674 486
674 492
674 516
674 518
674 519
674 523
674 527
674 530
674 534
674 541
674 542
674 546
674 547
674 549
674 550
674 565
674 580
674 583
674 587
674 591
674 593
674 598
674 605
674 610
674 611
674 612
674 613
674 644
674 647
674 651
674 655
674 657
674 662
674 667
674 668
674 669
674 675
674 676
674 677
674 708
674 715
674 719
674 721
674 726
674 732
674 733
674 736
674 738
674 740
674 741
674 772
674 778
674 779
674 783
674 785
674 795
674 797
674 802
674 804
674 806
674 812
674 836
674 843
674 847
674 849
674 866
674 868
674 869
674 900
674 902
674 903
674 907
674 911
674 913
674 923
674 925
674 930
674 931
674 964
674 971
674 975
674 977
674 978
674 982
674 994
674 997
674 998
674 1028
674 1030
674 1035
674 1039
674 1041
674 1053
674 1061
674 1092
674 1099
674 1103
674 1105
674 1110
674 1122
674 1124
674 1156
674 1159
674 1163
674 1165
674 1167
674 1169
674 1174
674 1179
674 1181
674 1185
674 1186
674 1189
674 1196
674 1216
674 1220
674 1222
674 1223
674 1231
674 1233
674 1238
674 1243
674 1246
674 1250
674 1253
675 0
675 9
675 10
675 11
675 12
675 18
675 22
675 36
675 44
675 47
675 53
675 68
675 71
675 86
675 93
675 98
675 99
675 101
675 132
675 137
675 139
675 150
675 157
675 164
675 192
675 193
675 196
675 202
675 205
675 214
675 219
675 224
675 225
675 227
675 228
675 229
675 239
675 245
675 258
675 263
675 268
675 275
675 283
675 284
675 288
675 289
675 292
675 293
675 311
675 320
675 324
675 327
675 331
675 333
675 342
675 347
675 348
675 350
675 352
675 353
675 356
675 357
675 358
675 367
675 391
675 395
675 397
675 402
675 411
675 413
675 417
675 419
675 420
675 421
675 422
675 428
675 437
675 448
675 455
675 459
675 470
675 482
675 483
675 484
675 486
675 492
675 519
675 523
675 530
675 534
675 539
675 541
675 542
675 547
675 550
675 565
675 580
675 583
675 587
675 598
675 605
675 611
675 612
675 613
675 614
675 647
675 651
675 662
675 667
675 668
675 669
675 674
675 676
675 677
675 715
675 719
675 732
675 733
675 736
675 739
675 740
675 741
675 772
675 778
675 797
675 800
675 803
675 805
675 806
675 812
675 836
675 843
675 845
675 854
675 866
675 867
675 868
675 869
675 870
675 900
675 903
675 907
675 923
675 925
675 928
675 930
675 931
675 933
675 949
675 964
675 969
675 971
675 978
675 982
675 995
675 997
675 998
675 1028
675 1031
675 1035
675 1039
675 1053
675 1061
675 1092
675 1099
675 1103
675 1110
675 1122
675 1124
675 1165
675 1179
675 1181
675 1185
675 1188
675 1190
675 1196
675 1206
675 1216
675 1220
675 1223
675 1227
675 1238
675 1243
675 1246
675 1249
675 1250
675 1253
676 0
676 9
676 10
676 11
676 12
676 18
676 22
676 35
676 36
676 37
676 44
676 47
676 53
676 68
676 71
676 86
676 93
676 98
676 99
676 101
676 132
676 137
676 139
676 143
676 150
676 157
676 162
676 163
676 164
676 165
676 192
676 193
676 196
676 202
676 203
676 205
676 214
676 219
676 224
676 225
676 227
676 229
676 239
676 245
676 258
676 263
676 267
676 268
676 274
676 283
676 284
676 285
676 288
676 289
676 291
676 292
676 293
676 311
676 320
676 324
676 327
676 331
676 333
676 342
676 347
676 348
676 350
676 352
676 353
676 354
676 356
676 357
676 358
676 367
676 391
676 395
676 397
676 406
676 411
676 413
676 417
676 419
676 420
676 421
676 422
676 428
676 437
676 448
676 452
676 455
676 459
676 470
676 475
676 482
676 483
676 484
676 486
676 492
676 516
676 519
676 523
676 530
676 534
676 539
676 541
676 542
676 547
676 548
676 549
676 550
676 565
676 580
676 583
676 587
676 598
676 605
676 611
676 612
676 613
676 614
676 644
676 647
676 651
676 655
676 662
676 667
676 668
676 669
676 674
676 675
676 677
676 708
676 715
676 719
676 726
676 732
676 733
676 736
676 738
676 739
676 740
676 741
676 772
676 778
676 779
676 795
676 797
676 800
676 804
676 806
676 812
676 836
676 843
676 847
676 866
676 868
676 869
676 900
676 903
676 907
676 911
676 923
676 925
676 930
676 931
676 933
676 949
676 964
676 969
676 971
676 978
676 982
676 994
676 995
676 997
676 998
676 1028
676 1035
676 1039
676 1041
676 1053
676 1061
676 1092
676 1099
676 1103
676 1110
676 1122
676 1124
676 1156
676 1159
676 1165
676 1179
676 1181
676 1185
676 1188
676 1189
676 1196
676 1216
676 1220
676 1223
676 1227
676 1231
676 1238
676 1243
676 1246
676 1250
676 1253
677 0
677 4
677 9
677 10
677 11
677 12
677 18
677 22
677 35
677 36
677 37
677 38
677 44
677 47
677 53
677 68
677 71
677 79
677 81
677 86
677 93
677 98
677 99
677 101
677 132
677 137
677 139
677 143
677 150
677 157
677 162
677 163
677 164
677 165
677 192
677 193
677 196
677 203
677 205
677 214
677 219
677 224
677 225
677 227
677 229
677 239
677 245
677 258
677 263
677 267
677 268
677 274
677 278
677 283
677 284
677 285
677 288
677 289
677 291
677 292
677 293
677 294
677 311
677 320
677 324
677 327
677 331
677 333
677 335
677 342
677 348
677 349
677 350
677 352
677 353
677 354
677 355
677 357
677 358
677 367
677 388
677 391
677 395
677 397
677 406
677 411
677 413
677 417
677 418
677 419
677 420
677 421
677 422
677 428
677 437
677 448
677 452
677 455
677 459
677 470
677 475
677 482
677 483
677 484
677 485
677 486
677 492
677 516
677 519
677 523
677 530
677 534
677 541
677 542
677 546
677 547
677 549
677 550
677 565
677 580
677 583
677 587
677 591
677 598
677 605
677 610
677 611
677 612
677 613
677 614
677 644
677 647
677 651
677 655
677 662
677 667
677 668
677 669
677 674
677 675
677 676
677 708
677 715
677 719
677 726
677 732
677 733
677 736
677 738
677 739
677 740
677 741
677 772
677 778
677 779
677 795
677 797
677 800
677 802
677 804
677 805
677 806
677 812
677 836
677 843
677 847
677 866
677 868
677 869
677 900
677 903
677 907
677 911
677 913
677 923
677 925
677 930
677 931
677 964
677 969
677 971
677 977
677 978
677 982
677 994
677 995
677 997
677 998
677 1028
677 1035
677 1039
677 1041
677 1053
677 1061
677 1092
677 1099
677 1103
677 1105
677 1110
677 1122
677 1124
677 1156
677 1159
677 1163
677 1165
677 1167
677 1174
677 1179
677 1181
677 1185
677 1186
677 1188
677 1189
677 1196
677 1216
677 1220
677 1223
677 1231
677 1233
677 1238
677 1243
677 1246
677 1250
677 1253
678 351
678 486
678 550
678 614
678 742
678 806
678 870
678 961
678 1205
679 487
679 551
679 615
679 743
679 807
679 871
680 279
680 488
680 497
680 552
680 616
680 744
680 808
680 823
680 872
681 489
681 553
681 617
681 745
681 767
681 809
681 873
682 58
682 490
682 552
682 554
682 618
682 746
682 810
682 874
683 491
683 555
683 619
683 625
683 747
683 811
683 875
684 404
684 492
684 556
684 620
684 748
684 812
684 830
684 876
685 427
685 493
685 528
685 557
685 621
685 749
685 762
685 813
685 877
686 494
686 558
686 622
686 750
686 814
686 878
687 495
687 559
687 623
687 751
687 815
687 879
688 158
688 496
688 560
688 624
688 752
688 816
688 880
689 497
689 561
689 625
689 753
689 817
689 881
690 187
690 498
690 562
690 626
690 754
690 818
690 882
691 499
691 563
691 627
691 755
691 819
691 883
692 500
692 564
692 628
692 756
692 820
692 884
692 1141
693 501
693 565
693 594
693 629
693 757
693 821
693 885
694 502
694 566
694 630
694 637
694 752
694 758
694 822
694 886
694 916
694 1064
695 503
695 567
695 631
695 759
695 817
695 823
695 887
695 954
696 88
696 504
696 515
696 568
696 632
696 728
696 760
696 824
696 888
697 505
697 569
697 633
697 761
697 825
697 889
697 1084
698 506
698 570
698 634
698 762
698 826
698 890
699 42
699 507
699 571
699 635
699 763
699 827
699 891
700 442
700 508
700 572
700 636
700 764
700 828
700 892
700 1212
701 114
701 119
701 509
701 573
701 637
701 765
701 829
701 893
702 510
702 574
702 638
702 766
702 830
702 894
703 468
703 511
703 575
703 639
703 767
703 831
703 895
704 1
704 257
704 512
704 576
704 640
704 659
704 670
704 742
704 768
704 789
704 801
704 832
704 896
704 932
704 1125
704 1170
704 1270
705 513
705 577
705 641
705 769
705 833
705 897
706 514
706 578
706 642
706 770
706 834
706 898
707 515
707 564
707 579
707 643
707 771
707 835
707 899
707 1209
708 0
708 4
708 6
708 9
708 11
708 15
708 17
708 22
708 29
708 34
708 35
708 36
708 37
708 38
708 53
708 68
708 70
708 71
708 78
708 79
708 81
708 93
708 98
708 132
708 134
708 139
708 142
708 143
708 145
708 150
708 157
708 162
708 163
708 165
708 196
708 198
708 203
708 207
708 209
708 214
708 219
708 221
708 226
708 227
708 229
708 260
708 262
708 263
708 267
708 268
708 271
708 273
708 274
708 278
708 283
708 285
708 288
708 290
708 291
708 293
708 294
708 311
708 324
708 326
708 335
708 337
708 348
708 349
708 350
708 354
708 355
708 357
708 358
708 388
708 390
708 391
708 395
708 397
708 398
708 399
708 401
708 406
708 411
708 413
708 418
708 420
708 421
708 422
708 437
708 448
708 452
708 454
708 459
708 462
708 463
708 465
708 470
708 475
708 482
708 483
708 484
708 486
708 516
708 518
708 519
708 523
708 527
708 529
708 534
708 541
708 542
708 546
708 547
708 549
708 550
708 565
708 580
708 582
708 583
708 590
708 591
708 593
708 605
708 610
708 611
708 612
708 613
708 644
708 646
708 647
708 651
708 654
708 655
708 657
708 667
708 669
708 674
708 676
708 677
708 710
708 715
708 718
708 719
708 721
708 726
708 732
708 733
708 736
708 738
708 740
708 741
708 772
708 774
708 778
708 779
708 783
708 785
708 795
708 797
708 802
708 804
708 806
708 836
708 838
708 846
708 847
708 849
708 868
708 900
708 902
708 910
708 911
708 913
708 925
708 930
708 931
708 964
708 966
708 971
708 974
708 975
708 977
708 978
708 982
708 994
708 997
708 998
708 1028
708 1030
708 1038
708 1039
708 1041
708 1094
708 1102
708 1103
708 1105
708 1122
708 1124
708 1156
708 1158
708 1159
708 1163
708 1166
708 1167
708 1169
708 1174
708 1185
708 1186
708 1189
708 1196
708 1220
708 1222
708 1223
708 1230
708 1231
708 1233
708 1238
708 1243
708 1250
708 1253
709 231
709 282
709 517
709 581
709 645
709 773
709 837
709 901
710 4
710 6
710 11
710 14
710 15
710 17
710 29
710 34
710 35
710 37
710 38
710 70
710 78
710 79
710 81
710 98
710 134
710 142
710 143
710 145
710 162
710 163
710 165
710 196
710 198
710 203
710 206
710 207
710 209
710 221
710 226
710 260
710 262
710 267
710 270
710 271
710 273
710 274
710 278
710 285
710 290
710 291
710 294
710 326
710 334
710 335
710 337
710 349
710 354
710 355
710 388
710 390
710 398
710 399
710 401
710 406
710 418
710 452
710 454
710 462
710 463
710 465
710 475
710 516
710 518
710 526
710 527
710 529
710 546
710 549
710 582
710 590
710 591
710 593
710 610
710 644
710 646
710 654
710 655
710 657
710 708
710 715
710 718
710 721
710 726
710 738
710 740
710 774
710 779
710 782
710 783
710 785
710 795
710 802
710 804
710 838
710 846
710 847
710 849
710 902
710 910
710 911
710 913
710 966
710 974
710 975
710 977
710 994
710 1030
710 1038
710 1041
710 1094
710 1102
710 1105
710 1156
710 1158
710 1159
710 1163
710 1166
710 1167
710 1169
710 1174
710 1186
710 1189
710 1222
710 1230
710 1231
710 1233
711 117
711 325
711 384
711 519
711 583
711 647
711 717
711 775
711 839
711 903
712 5
712 72
712 135
712 199
712 264
712 329
712 392
712 457
712 520
712 521
712 581
712 584
712 648
712 773
712 776
712 840
712 841
712 904
712 905
712 967
712 1033
712 1093
712 1157
712 1225
713 1
713 10
713 21
713 51
713 91
713 137
713 201
713 202
713 228
713 230
713 239
713 247
713 257
713 258
713 275
713 320
713 327
713 338
713 347
713 352
713 356
713 367
713 402
713 412
713 417
713 431
713 449
713 461
713 477
713 521
713 539
713 585
713 589
713 603
713 608
713 614
713 649
713 731
713 739
713 775
713 777
713 789
713 790
713 800
713 801
713 805
713 819
713 839
713 841
713 845
713 854
713 866
713 870
713 905
713 907
713 918
713 928
713 933
713 949
713 969
713 988
713 989
713 995
713 1031
713 1059
713 1097
713 1162
713 1170
713 1188
713 1190
713 1206
713 1227
713 1249
713 1252
713 1254
713 1270
714 423
714 522
714 586
714 592
714 650
714 778
714 794
714 842
714 906
714 1237
715 0
715 4
715 9
715 11
715 15
715 18
715 22
715 29
715 34
715 35
715 36
715 37
715 38
715 44
715 53
715 68
715 70
715 71
715 79
715 81
715 86
715 93
715 98
715 99
715 132
715 134
715 139
715 142
715 143
715 145
715 150
715 157
715 162
715 163
715 165
715 196
715 203
715 205
715 207
715 209
715 214
715 219
715 221
715 225
715 226
715 227
715 229
715 260
715 263
715 267
715 268
715 271
715 273
715 274
715 278
715 283
715 284
715 285
715 288
715 289
715 290
715 291
715 292
715 293
715 294
715 311
715 324
715 331
715 335
715 337
715 348
715 349
715 350
715 353
715 354
715 355
715 357
715 358
715 388
715 390
715 391
715 395
715 397
715 399
715 401
715 406
715 411
715 413
715 418
715 419
715 420
715 421
715 422
715 428
715 437
715 448
715 452
715 454
715 459
715 463
715 465
715 470
715 475
715 482
715 483
715 484
715 486
715 492
715 516
715 518
715 519
715 523
715 527
715 529
715 534
715 541
715 542
715 546
715 547
715 549
715 550
715 565
715 580
715 582
715 583
715 587
715 590
715 591
715 593
715 598
715 605
715 610
715 611
715 612
715 613
715 644
715 646
715 647
715 651
715 655
715 657
715 667
715 669
715 674
715 675
715 676
715 677
715 708
715 710
715 718
715 719
715 721
715 726
715 732
715 733
715 736
715 738
715 740
715 741
715 772
715 778
715 779
715 783
715 785
715 795
715 797
715 802
715 804
715 806
715 836
715 838
715 843
715 846
715 847
715 849
715 868
715 869
715 900
715 902
715 907
715 911
715 913
715 923
715 925
715 930
715 931
715 964
715 966
715 971
715 975
715 977
715 978
715 982
715 994
715 997
715 998
715 1028
715 1030
715 1035
715 1038
715 1039
715 1041
715 1061
715 1092
715 1094
715 1099
715 1102
715 1103
715 1105
715 1110
715 1122
715 1124
715 1156
715 1159
715 1163
715 1165
715 1167
715 1169
715 1174
715 1179
715 1181
715 1185
715 1186
715 1189
715 1196
715 1216
715 1220
715 1222
715 1223
715 1231
715 1233
715 1238
715 1243
715 1246
715 1250
715 1253
716 524
716 588
716 652
716 780
716 792
716 844
716 908
717 117
717 325
717 384
717 525
717 589
717 653
717 711
717 781
717 845
717 909
718 4
718 6
718 9
718 11
718 14
718 15
718 17
718 29
718 34
718 35
718 37
718 38
718 70
718 71
718 78
718 79
718 81
718 98
718 134
718 142
718 143
718 145
718 157
718 162
718 163
718 165
718 196
718 198
718 203
718 206
718 207
718 209
718 221
718 226
718 260
718 262
718 267
718 270
718 271
718 273
718 274
718 278
718 285
718 290
718 291
718 293
718 294
718 324
718 326
718 334
718 335
718 337
718 348
718 349
718 354
718 355
718 357
718 388
718 390
718 395
718 398
718 399
718 401
718 406
718 413
718 418
718 421
718 422
718 452
718 454
718 459
718 462
718 463
718 465
718 475
718 486
718 516
718 518
718 519
718 526
718 527
718 529
718 534
718 546
718 549
718 550
718 582
718 590
718 591
718 593
718 605
718 610
718 612
718 644
718 646
718 654
718 655
718 657
718 667
718 669
718 708
718 710
718 715
718 719
718 721
718 726
718 738
718 740
718 772
718 774
718 779
718 782
718 783
718 785
718 795
718 802
718 804
718 838
718 846
718 847
718 849
718 902
718 910
718 911
718 913
718 931
718 964
718 966
718 971
718 974
718 975
718 977
718 994
718 997
718 998
718 1030
718 1038
718 1039
718 1041
718 1094
718 1102
718 1103
718 1105
718 1124
718 1156
718 1158
718 1159
718 1163
718 1166
718 1167
718 1169
718 1174
718 1185
718 1186
718 1189
718 1220
718 1222
718 1223
718 1230
718 1231
718 1233
719 0
719 4
719 9
719 11
719 15
719 18
719 22
719 29
719 34
719 35
719 36
719 37
719 38
719 44
719 53
719 68
719 70
719 71
719 79
719 81
719 86
719 93
719 98
719 99
719 132
719 134
719 139
719 143
719 145
719 150
719 157
719 162
719 163
719 165
719 196
719 203
719 205
719 207
719 209
719 214
719 219
719 221
719 225
719 226
719 227
719 229
719 260
719 263
719 267
719 268
719 271
719 273
719 274
719 278
719 283
719 284
719 285
719 288
719 289
719 290
719 291
719 292
719 293
719 294
719 311
719 324
719 331
719 333
719 335
719 337
719 348
719 349
719 350
719 353
719 354
719 355
719 357
719 358
719 388
719 391
719 395
719 397
719 399
719 401
719 406
719 411
719 413
719 418
719 419
719 420
719 421
719 422
719 428
719 437
719 448
719 452
719 454
719 459
719 463
719 465
719 470
719 475
719 482
719 483
719 484
719 486
719 492
719 516
719 518
719 519
719 523
719 527
719 529
719 534
719 541
719 542
719 546
719 547
719 549
719 550
719 565
719 580
719 582
719 583
719 587
719 590
719 591
719 593
719 598
719 605
719 610
719 611
719 612
719 613
719 644
719 647
719 651
719 655
719 657
719 667
719 669
719 674
719 675
719 676
719 677
719 708
719 715
719 718
719 721
719 726
719 732
719 733
719 736
719 738
719 740
719 741
719 772
719 778
719 779
719 783
719 785
719 795
719 797
719 802
719 804
719 806
719 812
719 836
719 846
719 847
719 849
719 868
719 869
719 900
719 902
719 911
719 913
719 923
719 925
719 930
719 931
719 964
719 966
719 971
719 975
719 977
719 978
719 982
719 994
719 997
719 998
719 1028
719 1030
719 1035
719 1038
719 1039
719 1041
719 1061
719 1092
719 1094
719 1099
719 1102
719 1103
719 1105
719 1110
719 1122
719 1124
719 1156
719 1159
719 1163
719 1165
719 1167
719 1169
719 1174
719 1179
719 1181
719 1185
719 1186
719 1189
719 1196
719 1216
719 1220
719 1222
719 1223
719 1231
719 1233
719 1238
719 1243
719 1246
719 1250
719 1253
720 528
720 592
720 656
720 784
720 816
720 828
720 848
720 912
721 4
721 6
721 9
721 11
721 14
721 15
721 17
721 22
721 29
721 34
721 35
721 36
721 37
721 38
721 70
721 71
721 78
721 79
721 81
721 98
721 134
721 142
721 143
721 145
721 157
721 162
721 163
721 165
721 196
721 198
721 203
721 206
721 207
721 209
721 214
721 219
721 221
721 226
721 229
721 260
721 262
721 267
721 268
721 270
721 271
721 273
721 274
721 278
721 283
721 285
721 288
721 290
721 291
721 293
721 294
721 324
721 326
721 334
721 335
721 337
721 348
721 349
721 354
721 355
721 357
721 388
721 390
721 395
721 398
721 399
721 401
721 406
721 413
721 418
721 421
721 422
721 452
721 454
721 459
721 462
721 463
721 465
721 475
721 486
721 516
721 518
721 519
721 526
721 527
721 529
721 534
721 541
721 542
721 546
721 549
721 550
721 565
721 582
721 583
721 590
721 591
721 593
721 605
721 610
721 611
721 612
721 644
721 646
721 647
721 654
721 655
721 657
721 667
721 669
721 674
721 708
721 710
721 715
721 718
721 719
721 726
721 736
721 738
721 740
721 741
721 772
721 774
721 779
721 782
721 783
721 785
721 795
721 802
721 804
721 838
721 846
721 847
721 849
721 900
721 902
721 910
721 911
721 913
721 931
721 964
721 966
721 971
721 974
721 975
721 977
721 994
721 997
721 998
721 1030
721 1038
721 1039
721 1041
721 1094
721 1102
721 1103
721 1105
721 1122
721 1124
721 1156
721 1158
721 1159
721 1163
721 1166
721 1167
721 1169
721 1174
721 1185
721 1186
721 1189
721 1220
721 1222
721 1223
721 1230
721 1231
721 1233
721 1238
722 530
722 594
722 658
722 786
722 850
722 914
723 287
723 297
723 531
723 595
723 659
723 787
723 851
723 915
723 1176
724 532
724 596
724 660
724 788
724 852
724 916
725 318
725 533
725 597
725 661
725 789
725 853
725 917
726 0
726 4
726 6
726 9
726 11
726 15
726 18
726 22
726 29
726 34
726 35
726 36
726 37
726 38
726 44
726 53
726 68
726 70
726 71
726 78
726 79
726 81
726 86
726 93
726 98
726 99
726 132
726 134
726 139
726 142
726 143
726 145
726 150
726 157
726 162
726 163
726 165
726 196
726 203
726 205
726 207
726 209
726 214
726 219
726 221
726 226
726 227
726 229
726 260
726 262
726 263
726 267
726 268
726 271
726 273
726 274
726 278
726 283
726 285
726 288
726 289
726 290
726 291
726 292
726 293
726 294
726 311
726 324
726 326
726 331
726 335
726 337
726 348
726 349
726 350
726 353
726 354
726 355
726 357
726 358
726 388
726 390
726 391
726 395
726 397
726 398
726 399
726 401
726 406
726 411
726 413
726 418
726 419
726 420
726 421
726 422
726 428
726 437
726 448
726 452
726 454
726 459
726 463
726 465
726 470
726 475
726 482
726 483
726 484
726 486
726 492
726 516
726 518
726 519
726 523
726 527
726 529
726 534
726 541
726 542
726 546
726 547
726 549
726 550
726 565
726 580
726 582
726 583
726 587
726 590
726 591
726 593
726 598
726 605
726 610
726 611
726 612
726 613
726 644
726 646
726 647
726 651
726 655
726 657
726 662
726 667
726 669
726 674
726 676
726 677
726 708
726 710
726 715
726 718
726 719
726 721
726 732
726 733
726 736
726 738
726 740
726 741
726 772
726 774
726 778
726 779
726 783
726 785
726 790
726 795
726 797
726 802
726 804
726 806
726 836
726 838
726 846
726 847
726 849
726 854
726 868
726 869
726 900
726 902
726 910
726 911
726 913
726 918
726 923
726 925
726 930
726 931
726 964
726 966
726 971
726 974
726 975
726 977
726 978
726 982
726 994
726 997
726 998
726 1028
726 1030
726 1035
726 1038
726 1039
726 1041
726 1061
726 1092
726 1094
726 1099
726 1102
726 1103
726 1105
726 1110
726 1122
726 1124
726 1156
726 1158
726 1159
726 1163
726 1166
726 1167
726 1169
726 1174
726 1179
726 1185
726 1186
726 1189
726 1196
726 1216
726 1220
726 1222
726 1223
726 1231
726 1233
726 1238
726 1243
726 1246
726 1250
726 1253
727 535
727 543
727 599
727 663
727 791
727 855
727 919
727 1132
728 88
728 515
728 536
728 600
728 664
728 696
728 792
728 856
728 920
729 537
729 601
729 665
729 793
729 857
729 921
730 87
730 504
730 538
730 602
730 627
730 666
730 794
730 858
730 922
730 1211
731 1
731 10
731 21
731 51
731 91
731 137
731 201
731 202
731 228
731 230
731 239
731 247
731 257
731 258
731 275
731 320
731 327
731 338
731 347
731 352
731 356
731 367
731 402
731 412
731 417
731 431
731 449
731 461
731 477
731 539
731 589
731 603
731 608
731 614
731 667
731 713
731 739
731 775
731 789
731 790
731 795
731 800
731 801
731 805
731 819
731 839
731 845
731 854
731 859
731 866
731 870
731 907
731 918
731 923
731 928
731 933
731 949
731 969
731 988
731 989
731 995
731 1031
731 1059
731 1097
731 1162
731 1170
731 1188
731 1190
731 1206
731 1227
731 1249
731 1252
731 1254
731 1270
732 0
732 9
732 10
732 11
732 12
732 18
732 22
732 35
732 36
732 37
732 44
732 47
732 53
732 68
732 71
732 79
732 81
732 86
732 93
732 98
732 99
732 101
732 132
732 137
732 139
732 143
732 150
732 157
732 162
732 163
732 164
732 165
732 192
732 193
732 196
732 203
732 205
732 214
732 219
732 224
732 225
732 227
732 229
732 239
732 245
732 258
732 263
732 267
732 268
732 274
732 278
732 283
732 284
732 285
732 288
732 289
732 291
732 292
732 293
732 311
732 320
732 324
732 327
732 331
732 333
732 342
732 348
732 350
732 352
732 353
732 354
732 355
732 356
732 357
732 358
732 367
732 388
732 391
732 395
732 397
732 406
732 411
732 413
732 417
732 418
732 419
732 420
732 421
732 422
732 428
732 437
732 448
732 452
732 455
732 459
732 470
732 475
732 482
732 483
732 484
732 486
732 492
732 516
732 519
732 523
732 530
732 534
732 540
732 541
732 542
732 546
732 547
732 549
732 550
732 565
732 580
732 583
732 587
732 591
732 598
732 604
732 605
732 610
732 611
732 612
732 613
732 614
732 644
732 647
732 651
732 655
732 662
732 667
732 668
732 669
732 674
732 675
732 676
732 677
732 708
732 715
732 719
732 726
732 733
732 736
732 738
732 739
732 740
732 741
732 772
732 778
732 779
732 795
732 796
732 797
732 800
732 804
732 806
732 812
732 836
732 843
732 847
732 860
732 866
732 868
732 869
732 900
732 903
732 907
732 911
732 923
732 924
732 925
732 930
732 931
732 964
732 969
732 971
732 978
732 982
732 994
732 995
732 997
732 998
732 1028
732 1035
732 1039
732 1041
732 1053
732 1061
732 1092
732 1099
732 1103
732 1105
732 1110
732 1122
732 1124
732 1156
732 1159
732 1163
732 1165
732 1167
732 1174
732 1179
732 1181
732 1185
732 1188
732 1189
732 1196
732 1216
732 1220
732 1223
732 1231
732 1238
732 1243
732 1246
732 1250
732 1253
733 0
733 4
733 9
733 10
733 11
733 12
733 18
733 22
733 35
733 36
733 37
733 38
733 44
733 47
733 53
733 68
733 71
733 79
733 81
733 86
733 93
733 98
733 99
733 101
733 132
733 137
733 139
733 143
733 150
733 157
733 162
733 163
733 164
733 165
733 192
733 193
733 196
733 203
733 205
733 214
733 219
733 224
733 225
733 227
733 229
733 239
733 245
733 258
733 263
733 267
733 268
733 274
733 278
733 283
733 284
733 285
733 288
733 289
733 291
733 292
733 293
733 294
733 311
733 320
733 324
733 327
733 331
733 333
733 335
733 342
733 348
733 349
733 350
733 352
733 353
733 354
733 355
733 357
733 358
733 367
733 388
733 391
733 395
733 397
733 406
733 411
733 413
733 417
733 418
733 419
733 420
733 421
733 422
733 428
733 437
733 448
733 452
733 455
733 459
733 470
733 475
733 482
733 483
733 484
733 486
733 492
733 516
733 519
733 523
733 530
733 534
733 541
733 542
733 546
733 547
733 549
733 550
733 565
733 580
733 583
733 587
733 591
733 598
733 605
733 610
733 611
733 612
733 613
733 614
733 644
733 647
733 651
733 655
733 662
733 667
733 668
733 669
733 674
733 675
733 676
733 677
733 708
733 715
733 719
733 726
733 732
733 736
733 738
733 739
733 740
733 741
733 772
733 778
733 779
733 795
733 797
733 800
733 802
733 804
733 806
733 812
733 836
733 843
733 847
733 861
733 866
733 868
733 869
733 900
733 903
733 907
733 911
733 913
733 923
733 925
733 930
733 931
733 964
733 969
733 971
733 977
733 978
733 982
733 994
733 995
733 997
733 998
733 1028
733 1035
733 1039
733 1041
733 1053
733 1061
733 1092
733 1099
733 1103
733 1105
733 1110
733 1122
733 1124
733 1156
733 1159
733 1163
733 1165
733 1167
733 1174
733 1179
733 1181
733 1185
733 1186
733 1188
733 1189
733 1196
733 1216
733 1220
733 1223
733 1231
733 1233
733 1238
733 1243
733 1246
733 1250
733 1253
734 313
734 425
734 542
734 606
734 670
734 798
734 862
734 926
734 991
735 543
735 599
735 607
735 671
735 799
735 863
735 927
736 0
736 4
736 9
736 10
736 11
736 12
736 18
736 22
736 35
736 36
736 37
736 38
736 44
736 47
736 53
736 68
736 70
736 71
736 79
736 81
736 86
736 93
736 98
736 99
736 101
736 132
736 137
736 139
736 143
736 145
736 150
736 157
736 162
736 163
736 164
736 165
736 192
736 193
736 196
736 203
736 205
736 214
736 219
736 221
736 224
736 225
736 227
736 229
736 245
736 260
736 263
736 267
736 268
736 274
736 278
736 283
736 284
736 285
736 288
736 289
736 291
736 292
736 293
736 294
736 311
736 320
736 324
736 327
736 331
736 333
736 335
736 342
736 348
736 349
736 350
736 352
736 353
736 354
736 355
736 357
736 358
736 388
736 391
736 395
736 397
736 399
736 401
736 406
736 411
736 413
736 418
736 419
736 420
736 421
736 422
736 428
736 437
736 448
736 452
736 455
736 459
736 470
736 475
736 482
736 483
736 484
736 486
736 492
736 516
736 518
736 519
736 523
736 527
736 530
736 534
736 541
736 542
736 544
736 546
736 547
736 549
736 550
736 565
736 580
736 583
736 587
736 591
736 593
736 598
736 605
736 608
736 610
736 611
736 612
736 613
736 644
736 647
736 651
736 655
736 657
736 662
736 667
736 668
736 669
736 672
736 674
736 675
736 676
736 677
736 708
736 715
736 719
736 721
736 726
736 732
736 733
736 738
736 740
736 741
736 772
736 778
736 779
736 783
736 795
736 797
736 800
736 802
736 804
736 806
736 812
736 836
736 843
736 847
736 849
736 864
736 868
736 869
736 900
736 903
736 907
736 911
736 913
736 923
736 925
736 928
736 930
736 931
736 964
736 971
736 975
736 977
736 978
736 982
736 994
736 997
736 998
736 1028
736 1035
736 1039
736 1041
736 1053
736 1061
736 1092
736 1099
736 1103
736 1105
736 1110
736 1122
736 1124
736 1156
736 1159
736 1163
736 1165
736 1167
736 1174
736 1179
736 1181
736 1185
736 1186
736 1189
736 1196
736 1216
736 1220
736 1223
736 1231
736 1233
736 1238
736 1243
736 1246
736 1250
736 1253
737 332
737 545
737 609
737 673
737 801
737 865
737 929
737 1002
738 0
738 4
738 6
738 9
738 11
738 15
738 22
738 29
738 34
738 35
738 36
738 37
738 38
738 44
738 53
738 68
738 70
738 71
738 78
738 79
738 81
738 93
738 98
738 132
738 134
738 139
738 142
738 143
738 145
738 150
738 157
738 162
738 163
738 165
738 196
738 198
738 203
738 207
738 209
738 214
738 219
738 221
738 226
738 227
738 229
738 260
738 262
738 263
738 267
738 268
738 271
738 273
738 274
738 278
738 283
738 285
738 288
738 290
738 291
738 293
738 294
738 311
738 324
738 326
738 335
738 337
738 348
738 349
738 350
738 353
738 354
738 355
738 357
738 358
738 388
738 390
738 391
738 395
738 397
738 398
738 399
738 401
738 406
738 411
738 413
738 418
738 420
738 421
738 422
738 437
738 448
738 452
738 454
738 459
738 462
738 463
738 465
738 470
738 475
738 482
738 483
738 484
738 486
738 516
738 518
738 519
738 523
738 527
738 529
738 534
738 541
738 542
738 546
738 547
738 549
738 550
738 565
738 580
738 582
738 583
738 590
738 591
738 593
738 605
738 610
738 611
738 612
738 613
738 644
738 646
738 647
738 651
738 654
738 655
738 657
738 667
738 669
738 674
738 676
738 677
738 708
738 710
738 715
738 718
738 719
738 721
738 726
738 732
738 733
738 736
738 740
738 741
738 772
738 774
738 778
738 779
738 783
738 785
738 795
738 797
738 802
738 804
738 806
738 836
738 838
738 846
738 847
738 849
738 866
738 868
738 900
738 902
738 910
738 911
738 913
738 925
738 930
738 931
738 964
738 966
738 971
738 974
738 975
738 977
738 978
738 982
738 994
738 997
738 998
738 1028
738 1030
738 1038
738 1039
738 1041
738 1094
738 1102
738 1103
738 1105
738 1122
738 1124
738 1156
738 1158
738 1159
738 1163
738 1166
738 1167
738 1169
738 1174
738 1185
738 1186
738 1189
738 1196
738 1220
738 1222
738 1223
738 1230
738 1231
738 1233
738 1238
738 1243
738 1250
738 1253
739 0
739 10
739 12
739 18
739 22
739 44
739 47
739 51
739 53
739 68
739 86
739 91
739 93
739 99
739 101
739 132
739 137
739 139
739 150
739 164
739 192
739 193
739 202
739 205
739 224
739 225
739 227
739 228
739 239
739 245
739 258
739 263
739 275
739 284
739 288
739 289
739 292
739 311
739 320
739 327
739 331
739 333
739 338
739 342
739 347
739 350
739 352
739 353
739 356
739 358
739 367
739 391
739 397
739 402
739 411
739 412
739 417
739 419
739 420
739 428
739 431
739 437
739 448
739 455
739 461
739 470
739 482
739 483
739 484
739 492
739 523
739 530
739 539
739 547
739 580
739 587
739 598
739 603
739 611
739 613
739 614
739 651
739 662
739 668
739 675
739 676
739 677
739 713
739 731
739 732
739 733
739 741
739 775
739 778
739 797
739 800
739 803
739 805
739 806
739 812
739 836
739 839
739 843
739 845
739 854
739 866
739 867
739 868
739 869
739 870
739 903
739 907
739 918
739 923
739 925
739 928
739 930
739 931
739 933
739 949
739 969
739 978
739 982
739 989
739 995
739 1028
739 1031
739 1035
739 1053
739 1059
739 1061
739 1092
739 1099
739 1110
739 1165
739 1179
739 1181
739 1188
739 1190
739 1196
739 1206
739 1216
739 1227
739 1243
739 1246
739 1249
739 1250
739 1252
739 1253
739 1254
740 0
740 4
740 9
740 11
740 15
740 18
740 22
740 29
740 34
740 35
740 36
740 37
740 38
740 44
740 53
740 68
740 70
740 71
740 79
740 81
740 86
740 93
740 98
740 99
740 132
740 134
740 139
740 142
740 143
740 145
740 150
740 157
740 162
740 163
740 165
740 196
740 203
740 205
740 207
740 209
740 214
740 219
740 221
740 225
740 226
740 227
740 229
740 260
740 263
740 267
740 268
740 271
740 273
740 274
740 278
740 283
740 284
740 285
740 288
740 289
740 290
740 291
740 292
740 293
740 294
740 311
740 324
740 331
740 335
740 337
740 348
740 349
740 350
740 353
740 354
740 355
740 357
740 358
740 388
740 390
740 391
740 395
740 397
740 399
740 401
740 406
740 411
740 413
740 418
740 419
740 420
740 421
740 422
740 428
740 437
740 448
740 452
740 454
740 459
740 463
740 465
740 470
740 475
740 482
740 483
740 484
740 486
740 492
740 516
740 518
740 519
740 523
740 527
740 529
740 534
740 541
740 542
740 546
740 547
740 548
740 549
740 550
740 565
740 580
740 582
740 583
740 587
740 590
740 591
740 593
740 598
740 605
740 610
740 611
740 612
740 613
740 644
740 646
740 647
740 651
740 655
740 657
740 667
740 669
740 674
740 675
740 676
740 677
740 708
740 710
740 715
740 718
740 719
740 721
740 726
740 732
740 733
740 736
740 738
740 741
740 772
740 778
740 779
740 783
740 785
740 795
740 797
740 802
740 804
740 806
740 836
740 838
740 846
740 847
740 849
740 868
740 869
740 900
740 902
740 911
740 913
740 923
740 925
740 930
740 931
740 932
740 964
740 966
740 971
740 975
740 977
740 978
740 982
740 994
740 997
740 998
740 1028
740 1030
740 1035
740 1038
740 1039
740 1041
740 1061
740 1092
740 1094
740 1099
740 1102
740 1103
740 1105
740 1110
740 1122
740 1124
740 1156
740 1159
740 1163
740 1165
740 1166
740 1167
740 1169
740 1174
740 1179
740 1181
740 1185
740 1186
740 1189
740 1196
740 1216
740 1220
740 1222
740 1223
740 1231
740 1233
740 1238
740 1243
740 1246
740 1250
740 1253
741 0
741 4
741 9
741 10
741 11
741 12
741 18
741 22
741 35
741 36
741 37
741 38
741 44
741 47
741 53
741 68
741 70
741 71
741 79
741 81
741 86
741 93
741 98
741 99
741 101
741 132
741 137
741 139
741 143
741 145
741 150
741 157
741 162
741 163
741 164
741 165
741 192
741 193
741 196
741 203
741 205
741 214
741 219
741 221
741 224
741 225
741 227
741 229
741 245
741 263
741 267
741 268
741 274
741 278
741 283
741 284
741 285
741 288
741 289
741 291
741 292
741 293
741 294
741 311
741 320
741 324
741 327
741 331
741 333
741 335
741 342
741 348
741 349
741 350
741 352
741 353
741 354
741 355
741 357
741 358
741 388
741 391
741 395
741 397
741 399
741 401
741 406
741 411
741 413
741 417
741 418
741 419
741 420
741 421
741 422
741 428
741 437
741 448
741 452
741 455
741 459
741 470
741 475
741 482
741 483
741 484
741 486
741 492
741 516
741 518
741 519
741 523
741 527
741 530
741 534
741 541
741 542
741 546
741 547
741 549
741 550
741 565
741 580
741 583
741 587
741 591
741 593
741 598
741 605
741 610
741 611
741 612
741 613
741 644
741 647
741 651
741 655
741 657
741 662
741 667
741 668
741 669
741 674
741 675
741 676
741 677
741 708
741 715
741 719
741 721
741 726
741 732
741 733
741 736
741 738
741 739
741 740
741 772
741 778
741 779
741 783
741 795
741 797
741 802
741 804
741 805
741 806
741 812
741 836
741 843
741 847
741 849
741 868
741 869
741 900
741 903
741 907
741 911
741 913
741 923
741 925
741 930
741 931
741 933
741 964
741 971
741 975
741 977
741 978
741 982
741 994
741 997
741 998
741 1028
741 1035
741 1039
741 1041
741 1053
741 1061
741 1092
741 1099
741 1103
741 1105
741 1110
741 1122
741 1124
741 1156
741 1159
741 1163
741 1165
741 1167
741 1174
741 1179
741 1181
741 1185
741 1186
741 1189
741 1196
741 1216
741 1220
741 1223
741 1231
741 1233
741 1238
741 1243
741 1246
741 1250
741 1253
742 550
742 614
742 659
742 670
742 678
742 704
742 806
742 870
742 932
742 934
742 960
742 1251
743 551
743 615
743 679
743 807
743 871
743 935
744 188
744 552
744 572
744 573
744 616
744 680
744 808
744 872
744 936
745 553
745 617
745 681
745 809
745 873
745 937
745 1204
746 168
746 554
746 618
746 682
746 810
746 874
746 938
747 555
747 619
747 683
747 811
747 875
747 939
748 556
748 620
748 684
748 812
748 876
748 940
749 57
749 557
749 621
749 685
749 813
749 855
749 877
749 941
750 558
750 622
750 686
750 814
750 878
750 942
751 499
751 559
751 623
751 687
751 815
751 879
751 943
751 1050
752 560
752 624
752 637
752 688
752 694
752 816
752 880
752 916
752 944
752 1064
753 561
753 625
753 689
753 817
753 881
753 945
754 370
754 562
754 626
754 690
754 818
754 882
754 946
755 563
755 627
755 691
755 819
755 883
755 947
756 564
756 628
756 692
756 820
756 884
756 948
757 385
757 565
757 629
757 693
757 821
757 885
757 949
758 473
758 566
758 630
758 638
758 694
758 822
758 886
758 950
759 235
759 567
759 631
759 695
759 823
759 887
759 951
760 568
760 632
760 696
760 824
760 888
760 952
760 1070
761 569
761 633
761 697
761 825
761 889
761 953
761 1106
762 427
762 528
762 570
762 634
762 685
762 698
762 826
762 890
762 954
763 503
763 571
763 635
763 699
763 827
763 891
763 955
764 572
764 636
764 700
764 828
764 892
764 956
765 408
765 573
765 637
765 701
765 829
765 893
765 957
766 532
766 574
766 638
766 702
766 830
766 894
766 958
767 575
767 639
767 681
767 703
767 831
767 895
767 959
768 576
768 640
768 704
768 832
768 859
768 896
768 960
768 993
769 577
769 641
769 705
769 833
769 897
769 961
770 513
770 578
770 642
770 706
770 834
770 898
770 962
770 1154
771 26
771 489
771 579
771 620
771 643
771 707
771 835
771 899
771 963
771 1197
771 1257
772 0
772 4
772 9
772 11
772 15
772 18
772 22
772 29
772 34
772 35
772 36
772 37
772 38
772 44
772 53
772 68
772 70
772 71
772 79
772 81
772 86
772 93
772 98
772 99
772 132
772 134
772 139
772 143
772 145
772 150
772 157
772 162
772 163
772 165
772 196
772 203
772 205
772 207
772 209
772 214
772 219
772 221
772 225
772 226
772 227
772 229
772 260
772 263
772 267
772 268
772 271
772 273
772 274
772 278
772 283
772 284
772 285
772 288
772 289
772 290
772 291
772 292
772 293
772 294
772 311
772 324
772 331
772 333
772 335
772 337
772 348
772 349
772 350
772 353
772 354
772 355
772 357
772 358
772 388
772 391
772 395
772 397
772 399
772 401
772 406
772 411
772 413
772 418
772 419
772 420
772 421
772 422
772 428
772 437
772 448
772 452
772 454
772 459
772 463
772 465
772 470
772 475
772 482
772 483
772 484
772 486
772 492
772 516
772 518
772 519
772 523
772 527
772 529
772 534
772 541
772 542
772 546
772 547
772 549
772 550
772 565
772 580
772 582
772 583
772 587
772 590
772 591
772 593
772 598
772 605
772 610
772 611
772 612
772 613
772 644
772 647
772 651
772 655
772 657
772 667
772 669
772 674
772 675
772 676
772 677
772 708
772 715
772 718
772 719
772 721
772 726
772 732
772 733
772 736
772 738
772 740
772 741
772 778
772 779
772 783
772 785
772 795
772 797
772 802
772 804
772 806
772 812
772 836
772 846
772 847
772 849
772 868
772 869
772 900
772 902
772 911
772 913
772 923
772 925
772 930
772 931
772 964
772 966
772 971
772 975
772 977
772 978
772 982
772 994
772 997
772 998
772 1028
772 1030
772 1035
772 1038
772 1039
772 1041
772 1061
772 1092
772 1094
772 1099
772 1102
772 1103
772 1105
772 1110
772 1122
772 1124
772 1156
772 1159
772 1163
772 1165
772 1167
772 1169
772 1174
772 1179
772 1181
772 1185
772 1186
772 1189
772 1196
772 1216
772 1220
772 1222
772 1223
772 1231
772 1233
772 1238
772 1243
772 1246
772 1250
772 1253
773 5
773 72
773 135
773 199
773 264
773 329
773 392
773 457
773 521
773 581
773 645
773 648
773 709
773 712
773 837
773 841
773 901
773 905
773 965
773 967
773 1033
773 1093
773 1157
773 1225
774 4
774 6
774 14
774 15
774 17
774 29
774 34
774 35
774 37
774 38
774 70
774 78
774 79
774 81
774 134
774 142
774 143
774 145
774 162
774 163
774 165
774 198
774 206
774 207
774 209
774 221
774 226
774 260
774 262
774 270
774 271
774 273
774 274
774 278
774 285
774 290
774 291
774 294
774 326
774 334
774 335
774 337
774 349
774 355
774 388
774 390
774 398
774 399
774 401
774 406
774 418
774 452
774 454
774 462
774 463
774 465
774 475
774 516
774 518
774 526
774 527
774 529
774 546
774 549
774 582
774 590
774 591
774 593
774 610
774 644
774 646
774 654
774 655
774 657
774 708
774 710
774 718
774 721
774 726
774 738
774 779
774 782
774 783
774 785
774 802
774 804
774 838
774 846
774 849
774 902
774 910
774 911
774 913
774 966
774 974
774 975
774 977
774 994
774 1030
774 1038
774 1041
774 1094
774 1102
774 1105
774 1156
774 1158
774 1159
774 1163
774 1166
774 1167
774 1169
774 1174
774 1186
774 1189
774 1222
774 1230
774 1231
774 1233
775 1
775 10
775 12
775 21
775 47
775 51
775 91
775 101
775 137
775 164
775 192
775 193
775 201
775 202
775 224
775 228
775 230
775 239
775 247
775 258
775 275
775 320
775 327
775 338
775 342
775 347
775 352
775 356
775 367
775 402
775 412
775 417
775 431
775 449
775 455
775 461
775 477
775 530
775 539
775 583
775 589
775 603
775 608
775 614
775 647
775 668
775 711
775 713
775 731
775 739
775 789
775 790
775 800
775 805
775 819
775 839
775 843
775 845
775 854
775 866
775 870
775 903
775 907
775 918
775 928
775 933
775 949
775 967
775 969
775 988
775 989
775 995
775 1031
775 1053
775 1059
775 1097
775 1162
775 1170
775 1188
775 1190
775 1206
775 1227
775 1249
775 1252
775 1254
775 1270
776 281
776 584
776 648
776 712
776 840
776 904
776 968
777 102
777 585
777 649
777 713
777 841
777 901
777 905
777 969
778 0
778 9
778 10
778 11
778 12
778 18
778 22
778 35
778 36
778 37
778 44
778 47
778 53
778 68
778 71
778 79
778 81
778 86
778 93
778 98
778 99
778 101
778 132
778 137
778 139
778 143
778 150
778 157
778 162
778 163
778 164
778 165
778 192
778 193
778 196
778 203
778 205
778 214
778 219
778 224
778 225
778 227
778 229
778 239
778 245
778 258
778 263
778 267
778 268
778 274
778 278
778 283
778 284
778 285
778 288
778 289
778 291
778 292
778 293
778 311
778 320
778 324
778 327
778 331
778 333
778 342
778 347
778 348
778 350
778 352
778 353
778 354
778 355
778 356
778 357
778 358
778 367
778 388
778 391
778 395
778 397
778 406
778 411
778 413
778 417
778 419
778 420
778 421
778 422
778 428
778 437
778 448
778 452
778 455
778 459
778 470
778 475
778 482
778 483
778 484
778 486
778 492
778 516
778 519
778 523
778 530
778 534
778 539
778 541
778 542
778 547
778 549
778 550
778 565
778 580
778 583
778 586
778 587
778 591
778 598
778 605
778 610
778 611
778 612
778 613
778 614
778 644
778 647
778 650
778 651
778 655
778 662
778 667
778 668
778 669
778 674
778 675
778 676
778 677
778 708
778 714
778 715
778 719
778 726
778 732
778 733
778 736
778 738
778 739
778 740
778 741
778 772
778 779
778 795
778 797
778 800
778 804
778 806
778 812
778 836
778 842
778 843
778 847
778 866
778 868
778 869
778 900
778 903
778 906
778 907
778 911
778 923
778 925
778 930
778 931
778 949
778 964
778 969
778 970
778 971
778 978
778 982
778 994
778 995
778 997
778 998
778 1028
778 1035
778 1039
778 1041
778 1053
778 1061
778 1092
778 1099
778 1103
778 1105
778 1110
778 1122
778 1124
778 1156
778 1159
778 1163
778 1165
778 1167
778 1174
778 1179
778 1181
778 1185
778 1188
778 1189
778 1196
778 1216
778 1220
778 1223
778 1227
778 1231
778 1238
778 1243
778 1246
778 1250
778 1253
779 0
779 4
779 6
779 9
779 11
779 15
779 18
779 22
779 29
779 34
779 35
779 36
779 37
779 38
779 44
779 53
779 68
779 70
779 71
779 78
779 79
779 81
779 93
779 98
779 132
779 134
779 139
779 142
779 143
779 145
779 150
779 157
779 162
779 163
779 165
779 196
779 198
779 203
779 205
779 207
779 209
779 214
779 219
779 221
779 226
779 227
779 229
779 260
779 262
779 263
779 267
779 268
779 271
779 273
779 274
779 278
779 283
779 285
779 288
779 289
779 290
779 291
779 292
779 293
779 294
779 311
779 324
779 326
779 335
779 337
779 348
779 349
779 350
779 353
779 354
779 355
779 357
779 358
779 388
779 390
779 391
779 395
779 397
779 398
779 399
779 401
779 406
779 411
779 413
779 418
779 419
779 420
779 421
779 422
779 428
779 437
779 448
779 452
779 454
779 459
779 463
779 465
779 470
779 475
779 482
779 483
779 484
779 486
779 516
779 518
779 519
779 523
779 527
779 529
779 534
779 541
779 542
779 546
779 547
779 549
779 550
779 565
779 580
779 582
779 583
779 587
779 590
779 591
779 593
779 605
779 610
779 611
779 612
779 613
779 644
779 646
779 647
779 651
779 655
779 657
779 667
779 669
779 674
779 676
779 677
779 708
779 710
779 715
779 718
779 719
779 721
779 726
779 732
779 733
779 736
779 738
779 740
779 741
779 772
779 774
779 778
779 783
779 785
779 795
779 797
779 802
779 804
779 806
779 836
779 838
779 843
779 846
779 847
779 849
779 868
779 900
779 902
779 907
779 910
779 911
779 913
779 925
779 930
779 931
779 964
779 966
779 971
779 974
779 975
779 977
779 978
779 982
779 994
779 997
779 998
779 1028
779 1030
779 1035
779 1038
779 1039
779 1041
779 1061
779 1092
779 1094
779 1099
779 1102
779 1103
779 1105
779 1110
779 1122
779 1124
779 1156
779 1158
779 1159
779 1163
779 1166
779 1167
779 1169
779 1174
779 1185
779 1186
779 1189
779 1196
779 1216
779 1220
779 1222
779 1223
779 1230
779 1231
779 1233
779 1238
779 1243
779 1246
779 1250
779 1253
780 588
780 652
780 716
780 844
780 908
780 972
781 589
781 653
781 717
781 845
781 909
781 973
782 4
782 6
782 14
782 15
782 17
782 29
782 34
782 38
782 70
782 78
782 81
782 134
782 142
782 145
782 198
782 206
782 207
782 209
782 221
782 226
782 260
782 262
782 270
782 271
782 273
782 290
782 294
782 326
782 334
782 335
782 337
782 349
782 388
782 390
782 398
782 399
782 401
782 418
782 454
782 462
782 463
782 465
782 518
782 526
782 527
782 529
782 546
782 582
782 590
782 591
782 593
782 610
782 646
782 654
782 657
782 710
782 718
782 721
782 774
782 783
782 785
782 802
782 838
782 846
782 849
782 902
782 910
782 913
782 966
782 974
782 975
782 977
782 1030
782 1038
782 1094
782 1102
782 1105
782 1158
782 1166
782 1169
782 1174
782 1186
782 1222
782 1230
782 1233
783 4
783 6
783 9
783 11
783 14
783 15
783 17
783 22
783 29
783 34
783 35
783 36
783 37
783 38
783 70
783 71
783 78
783 79
783 81
783 98
783 132
783 134
783 139
783 142
783 143
783 145
783 157
783 162
783 163
783 165
783 196
783 198
783 203
783 206
783 207
783 209
783 214
783 219
783 221
783 226
783 229
783 260
783 262
783 267
783 268
783 270
783 271
783 273
783 274
783 278
783 283
783 285
783 288
783 290
783 291
783 293
783 294
783 324
783 326
783 334
783 335
783 337
783 348
783 349
783 354
783 355
783 357
783 388
783 390
783 391
783 395
783 398
783 399
783 401
783 406
783 413
783 418
783 421
783 422
783 452
783 454
783 459
783 462
783 463
783 465
783 470
783 475
783 482
783 486
783 516
783 518
783 519
783 526
783 527
783 529
783 534
783 541
783 542
783 546
783 549
783 550
783 565
783 582
783 583
783 590
783 591
783 593
783 605
783 610
783 611
783 612
783 644
783 646
783 647
783 654
783 655
783 657
783 667
783 669
783 674
783 708
783 710
783 715
783 718
783 719
783 721
783 726
783 736
783 738
783 740
783 741
783 772
783 774
783 779
783 782
783 785
783 795
783 802
783 804
783 838
783 846
783 847
783 849
783 900
783 902
783 910
783 911
783 913
783 931
783 964
783 966
783 971
783 974
783 975
783 977
783 994
783 997
783 998
783 1030
783 1038
783 1039
783 1041
783 1094
783 1102
783 1103
783 1105
783 1122
783 1124
783 1156
783 1158
783 1159
783 1163
783 1166
783 1167
783 1169
783 1174
783 1185
783 1186
783 1189
783 1220
783 1222
783 1223
783 1230
783 1231
783 1233
783 1238
783 1243
784 447
784 592
784 656
784 720
784 848
784 912
784 976
785 4
785 6
785 9
785 11
785 14
785 15
785 17
785 29
785 34
785 35
785 37
785 38
785 70
785 71
785 78
785 79
785 81
785 98
785 134
785 142
785 143
785 145
785 157
785 162
785 163
785 165
785 196
785 198
785 203
785 206
785 207
785 209
785 221
785 226
785 260
785 262
785 267
785 270
785 271
785 273
785 274
785 278
785 285
785 290
785 291
785 293
785 294
785 324
785 326
785 334
785 335
785 337
785 348
785 349
785 354
785 355
785 357
785 388
785 390
785 395
785 398
785 399
785 401
785 406
785 413
785 418
785 421
785 422
785 452
785 454
785 459
785 462
785 463
785 465
785 475
785 486
785 516
785 518
785 519
785 526
785 527
785 529
785 534
785 546
785 549
785 550
785 582
785 590
785 591
785 593
785 605
785 610
785 612
785 644
785 646
785 654
785 655
785 657
785 667
785 669
785 674
785 708
785 710
785 715
785 718
785 719
785 721
785 726
785 738
785 740
785 772
785 774
785 779
785 782
785 783
785 795
785 802
785 804
785 838
785 846
785 847
785 849
785 902
785 910
785 911
785 913
785 931
785 964
785 966
785 971
785 974
785 975
785 977
785 994
785 997
785 998
785 1030
785 1038
785 1039
785 1041
785 1094
785 1102
785 1103
785 1105
785 1124
785 1156
785 1158
785 1159
785 1163
785 1166
785 1167
785 1169
785 1174
785 1185
785 1186
785 1189
785 1220
785 1222
785 1223
785 1230
785 1231
785 1233
786 594
786 658
786 722
786 850
786 914
786 978
787 551
787 595
787 659
787 723
787 851
787 904
787 915
787 979
787 1026
788 62
788 596
788 660
788 724
788 852
788 916
788 980
789 1
789 21
789 51
789 91
789 201
789 228
789 230
789 247
789 257
789 275
789 338
789 402
789 412
789 431
789 449
789 461
789 477
789 589
789 597
789 603
789 608
789 661
789 704
789 713
789 725
789 731
789 775
789 790
789 801
789 805
789 819
789 839
789 853
789 854
789 870
789 917
789 918
789 928
789 932
789 981
789 988
789 989
789 1031
789 1059
789 1097
789 1125
789 1162
789 1170
789 1190
789 1206
789 1249
789 1252
789 1254
789 1270
790 1
790 21
790 51
790 91
790 201
790 202
790 228
790 230
790 239
790 247
790 257
790 275
790 338
790 347
790 356
790 402
790 412
790 431
790 449
790 461
790 477
790 539
790 589
790 598
790 603
790 608
790 662
790 713
790 726
790 731
790 775
790 789
790 801
790 805
790 819
790 839
790 845
790 854
790 870
790 918
790 928
790 933
790 949
790 982
790 988
790 989
790 1031
790 1059
790 1097
790 1162
790 1170
790 1190
790 1206
790 1227
790 1249
790 1252
790 1254
790 1270
791 599
791 663
791 727
791 855
791 919
791 983
791 1060
792 600
792 664
792 716
792 728
792 856
792 920
792 984
793 568
793 601
793 665
793 729
793 857
793 921
793 985
793 1168
794 423
794 592
794 602
794 666
794 714
794 730
794 858
794 922
794 986
794 1237
795 0
795 4
795 6
795 9
795 11
795 15
795 18
795 22
795 29
795 34
795 35
795 36
795 37
795 38
795 44
795 53
795 68
795 70
795 71
795 79
795 81
795 86
795 93
795 98
795 99
795 132
795 134
795 139
795 142
795 143
795 145
795 150
795 157
795 162
795 163
795 165
795 196
795 203
795 205
795 207
795 209
795 214
795 219
795 221
795 225
795 226
795 227
795 229
795 260
795 263
795 267
795 268
795 271
795 273
795 274
795 278
795 283
795 284
795 285
795 288
795 289
795 290
795 291
795 292
795 293
795 294
795 311
795 324
795 331
795 335
795 337
795 348
795 349
795 350
795 353
795 354
795 355
795 357
795 358
795 388
795 390
795 391
795 395
795 397
795 399
795 401
795 406
795 411
795 413
795 418
795 419
795 420
795 421
795 422
795 428
795 437
795 448
795 452
795 454
795 459
795 463
795 465
795 470
795 475
795 482
795 483
795 484
795 486
795 492
795 516
795 518
795 519
795 523
795 527
795 529
795 534
795 541
795 542
795 546
795 547
795 549
795 550
795 565
795 580
795 582
795 583
795 587
795 590
795 591
795 593
795 598
795 603
795 605
795 610
795 611
795 612
795 613
795 644
795 646
795 647
795 651
795 655
795 657
795 667
795 669
795 674
795 676
795 677
795 708
795 710
795 715
795 718
795 719
795 721
795 726
795 731
795 732
795 733
795 736
795 738
795 740
795 741
795 772
795 778
795 779
795 783
795 785
795 797
795 802
795 804
795 806
795 836
795 838
795 846
795 847
795 849
795 859
795 868
795 869
795 900
795 902
795 911
795 913
795 923
795 925
795 930
795 931
795 964
795 966
795 971
795 975
795 977
795 978
795 982
795 987
795 994
795 997
795 998
795 1028
795 1030
795 1035
795 1038
795 1039
795 1041
795 1061
795 1092
795 1094
795 1099
795 1102
795 1103
795 1105
795 1110
795 1122
795 1124
795 1156
795 1158
795 1159
795 1163
795 1165
795 1166
795 1167
795 1169
795 1174
795 1179
795 1181
795 1185
795 1186
795 1189
795 1196
795 1216
795 1220
795 1222
795 1223
795 1231
795 1233
795 1238
795 1243
795 1246
795 1250
795 1253
796 485
796 604
796 668
796 732
796 860
796 924
796 988
796 1183
796 1199
797 0
797 9
797 10
797 11
797 12
797 18
797 22
797 35
797 36
797 37
797 44
797 47
797 53
797 68
797 71
797 86
797 93
797 98
797 99
797 101
797 132
797 137
797 139
797 143
797 150
797 157
797 162
797 163
797 164
797 165
797 192
797 193
797 196
797 202
797 203
797 205
797 214
797 219
797 224
797 225
797 227
797 229
797 239
797 245
797 258
797 263
797 267
797 268
797 274
797 283
797 284
797 285
797 288
797 289
797 291
797 292
797 293
797 311
797 320
797 324
797 327
797 331
797 333
797 342
797 347
797 348
797 350
797 352
797 353
797 354
797 356
797 357
797 358
797 367
797 391
797 395
797 397
797 406
797 411
797 413
797 417
797 419
797 420
797 421
797 422
797 428
797 437
797 448
797 452
797 455
797 459
797 470
797 475
797 482
797 483
797 484
797 486
797 492
797 516
797 519
797 523
797 530
797 534
797 539
797 541
797 542
797 547
797 549
797 550
797 565
797 580
797 583
797 587
797 598
797 605
797 611
797 612
797 613
797 614
797 644
797 647
797 651
797 655
797 662
797 667
797 668
797 669
797 674
797 675
797 676
797 677
797 708
797 715
797 719
797 726
797 732
797 733
797 736
797 738
797 739
797 740
797 741
797 772
797 778
797 779
797 795
797 800
797 804
797 806
797 812
797 836
797 843
797 845
797 847
797 861
797 866
797 868
797 869
797 900
797 903
797 907
797 911
797 923
797 925
797 930
797 931
797 933
797 949
797 964
797 969
797 971
797 978
797 982
797 989
797 994
797 995
797 997
797 998
797 1028
797 1035
797 1039
797 1041
797 1053
797 1061
797 1092
797 1099
797 1103
797 1110
797 1122
797 1124
797 1156
797 1159
797 1165
797 1179
797 1181
797 1185
797 1188
797 1189
797 1196
797 1216
797 1220
797 1223
797 1227
797 1231
797 1238
797 1243
797 1246
797 1250
797 1253
798 606
798 670
798 734
798 862
798 926
798 962
798 990
799 607
799 671
799 735
799 863
799 927
799 991
800 0
800 10
800 12
800 18
800 44
800 47
800 51
800 53
800 68
800 86
800 91
800 93
800 99
800 101
800 132
800 137
800 139
800 150
800 164
800 192
800 193
800 202
800 205
800 224
800 225
800 227
800 228
800 230
800 239
800 245
800 258
800 263
800 275
800 284
800 289
800 292
800 311
800 320
800 327
800 331
800 333
800 338
800 342
800 347
800 350
800 352
800 353
800 356
800 358
800 367
800 391
800 397
800 402
800 411
800 412
800 417
800 419
800 420
800 428
800 431
800 437
800 448
800 449
800 455
800 461
800 470
800 482
800 483
800 484
800 492
800 523
800 530
800 539
800 547
800 580
800 587
800 589
800 598
800 603
800 608
800 613
800 614
800 651
800 662
800 668
800 672
800 675
800 676
800 677
800 713
800 731
800 732
800 733
800 736
800 739
800 775
800 778
800 797
800 805
800 806
800 812
800 836
800 839
800 843
800 845
800 854
800 864
800 866
800 868
800 869
800 870
800 903
800 907
800 918
800 923
800 925
800 928
800 930
800 933
800 949
800 969
800 978
800 982
800 989
800 992
800 995
800 1028
800 1031
800 1035
800 1053
800 1059
800 1061
800 1092
800 1097
800 1099
800 1110
800 1165
800 1179
800 1181
800 1188
800 1190
800 1196
800 1206
800 1216
800 1227
800 1246
800 1249
800 1250
800 1252
800 1253
800 1254
801 1
801 21
801 91
801 201
801 230
801 247
801 257
801 431
801 449
801 477
801 589
801 608
801 609
801 659
801 673
801 704
801 713
801 731
801 737
801 789
801 790
801 819
801 865
801 918
801 929
801 932
801 988
801 993
801 1097
801 1125
801 1162
801 1170
801 1270
802 4
802 6
802 9
802 11
802 14
802 15
802 17
802 22
802 29
802 34
802 35
802 36
802 37
802 38
802 68
802 70
802 71
802 78
802 79
802 81
802 98
802 132
802 134
802 139
802 142
802 143
802 145
802 157
802 162
802 163
802 165
802 196
802 198
802 203
802 206
802 207
802 209
802 214
802 219
802 221
802 226
802 229
802 260
802 262
802 267
802 268
802 271
802 273
802 274
802 278
802 283
802 285
802 288
802 290
802 291
802 293
802 294
802 324
802 326
802 334
802 335
802 337
802 348
802 349
802 354
802 355
802 357
802 388
802 390
802 391
802 395
802 398
802 399
802 401
802 406
802 413
802 418
802 421
802 422
802 452
802 454
802 459
802 462
802 463
802 465
802 470
802 475
802 482
802 486
802 516
802 518
802 519
802 526
802 527
802 529
802 534
802 541
802 542
802 546
802 549
802 550
802 565
802 582
802 583
802 590
802 591
802 593
802 605
802 610
802 611
802 612
802 644
802 646
802 647
802 654
802 655
802 657
802 667
802 669
802 674
802 677
802 708
802 710
802 715
802 718
802 719
802 721
802 726
802 733
802 736
802 738
802 740
802 741
802 772
802 774
802 779
802 782
802 783
802 785
802 795
802 804
802 806
802 836
802 838
802 846
802 847
802 849
802 866
802 900
802 902
802 910
802 911
802 913
802 930
802 931
802 964
802 966
802 971
802 974
802 975
802 977
802 978
802 994
802 997
802 998
802 1028
802 1030
802 1038
802 1039
802 1041
802 1094
802 1102
802 1103
802 1105
802 1122
802 1124
802 1156
802 1158
802 1159
802 1163
802 1166
802 1167
802 1169
802 1174
802 1185
802 1186
802 1189
802 1220
802 1222
802 1223
802 1230
802 1231
802 1233
802 1238
802 1243
802 1253
803 611
803 675
803 739
803 867
803 931
803 995
804 0
804 4
804 6
804 9
804 11
804 15
804 17
804 22
804 29
804 34
804 35
804 36
804 37
804 38
804 53
804 68
804 70
804 71
804 78
804 79
804 81
804 93
804 98
804 132
804 134
804 139
804 142
804 143
804 145
804 150
804 157
804 162
804 163
804 165
804 196
804 198
804 203
804 207
804 209
804 214
804 219
804 221
804 226
804 227
804 229
804 260
804 262
804 263
804 267
804 268
804 271
804 273
804 274
804 278
804 283
804 285
804 288
804 290
804 291
804 293
804 294
804 311
804 324
804 326
804 335
804 337
804 348
804 349
804 350
804 354
804 355
804 357
804 358
804 388
804 390
804 391
804 395
804 397
804 398
804 399
804 401
804 406
804 411
804 413
804 418
804 420
804 421
804 422
804 437
804 448
804 452
804 454
804 459
804 462
804 463
804 465
804 470
804 475
804 482
804 483
804 484
804 486
804 516
804 518
804 519
804 523
804 527
804 529
804 534
804 541
804 542
804 546
804 547
804 549
804 550
804 565
804 580
804 582
804 583
804 590
804 591
804 593
804 605
804 610
804 611
804 612
804 613
804 644
804 646
804 647
804 651
804 654
804 655
804 657
804 667
804 669
804 674
804 676
804 677
804 708
804 710
804 715
804 718
804 719
804 721
804 726
804 732
804 733
804 736
804 738
804 740
804 741
804 772
804 774
804 778
804 779
804 783
804 785
804 795
804 797
804 802
804 806
804 836
804 838
804 846
804 847
804 849
804 868
804 900
804 902
804 910
804 911
804 913
804 925
804 930
804 931
804 932
804 964
804 966
804 971
804 974
804 975
804 977
804 978
804 982
804 994
804 996
804 997
804 998
804 1028
804 1030
804 1038
804 1039
804 1041
804 1094
804 1102
804 1103
804 1105
804 1122
804 1124
804 1156
804 1158
804 1159
804 1163
804 1166
804 1167
804 1169
804 1174
804 1185
804 1186
804 1189
804 1196
804 1220
804 1222
804 1223
804 1230
804 1231
804 1233
804 1238
804 1243
804 1250
804 1253
805 1
805 10
805 12
805 21
805 47
805 51
805 86
805 91
805 99
805 101
805 137
805 164
805 192
805 193
805 201
805 202
805 224
805 225
805 228
805 230
805 239
805 245
805 247
805 258
805 275
805 284
805 320
805 327
805 331
805 333
805 338
805 342
805 347
805 352
805 356
805 367
805 402
805 412
805 417
805 431
805 449
805 455
805 461
805 477
805 492
805 530
805 539
805 589
805 603
805 608
805 613
805 614
805 662
805 668
805 675
805 677
805 713
805 731
805 739
805 741
805 775
805 789
805 790
805 800
805 812
805 819
805 839
805 843
805 845
805 854
805 866
805 869
805 870
805 903
805 907
805 918
805 923
805 928
805 933
805 949
805 969
805 988
805 989
805 995
805 997
805 1031
805 1053
805 1059
805 1097
805 1162
805 1165
805 1179
805 1181
805 1188
805 1190
805 1206
805 1227
805 1249
805 1252
805 1254
806 0
806 4
806 9
806 10
806 11
806 12
806 18
806 22
806 35
806 36
806 37
806 44
806 47
806 53
806 68
806 71
806 79
806 81
806 86
806 93
806 98
806 99
806 101
806 132
806 137
806 139
806 143
806 150
806 157
806 162
806 163
806 164
806 165
806 192
806 193
806 196
806 203
806 205
806 214
806 219
806 224
806 225
806 227
806 229
806 239
806 245
806 258
806 263
806 267
806 268
806 274
806 278
806 283
806 284
806 285
806 288
806 289
806 291
806 292
806 293
806 294
806 311
806 320
806 324
806 327
806 331
806 333
806 342
806 348
806 349
806 350
806 352
806 353
806 354
806 355
806 357
806 358
806 367
806 388
806 391
806 395
806 397
806 406
806 411
806 413
806 417
806 418
806 419
806 420
806 421
806 422
806 428
806 437
806 448
806 452
806 455
806 459
806 470
806 475
806 482
806 483
806 484
806 486
806 492
806 516
806 519
806 523
806 530
806 534
806 541
806 542
806 546
806 547
806 549
806 550
806 565
806 580
806 583
806 587
806 591
806 598
806 605
806 610
806 611
806 612
806 613
806 614
806 644
806 647
806 651
806 655
806 662
806 667
806 668
806 669
806 674
806 675
806 676
806 677
806 678
806 708
806 715
806 719
806 726
806 732
806 733
806 736
806 738
806 739
806 740
806 741
806 742
806 772
806 778
806 779
806 795
806 797
806 800
806 802
806 804
806 812
806 836
806 843
806 847
806 866
806 868
806 869
806 870
806 900
806 903
806 907
806 911
806 913
806 923
806 925
806 930
806 931
806 934
806 964
806 969
806 971
806 977
806 978
806 982
806 994
806 995
806 997
806 998
806 1028
806 1035
806 1039
806 1041
806 1053
806 1061
806 1092
806 1099
806 1103
806 1105
806 1110
806 1122
806 1124
806 1156
806 1159
806 1163
806 1165
806 1167
806 1174
806 1179
806 1181
806 1185
806 1186
806 1188
806 1189
806 1196
806 1216
806 1220
806 1223
806 1231
806 1233
806 1238
806 1243
806 1246
806 1250
806 1253
807 111
807 615
807 679
807 743
807 871
807 935
807 999
808 616
808 680
808 744
808 872
808 890
808 936
808 1000
809 617
809 681
809 745
809 873
809 937
809 1001
809 1025
810 107
810 618
810 682
810 746
810 874
810 938
810 1002
810 1023
811 253
811 619
811 683
811 747
811 875
811 939
811 1003
812 0
812 9
812 10
812 12
812 18
812 22
812 36
812 44
812 47
812 53
812 68
812 71
812 86
812 93
812 99
812 101
812 132
812 137
812 139
812 150
812 157
812 164
812 192
812 193
812 202
812 205
812 214
812 219
812 224
812 225
812 227
812 228
812 229
812 239
812 245
812 258
812 263
812 268
812 275
812 283
812 284
812 288
812 289
812 292
812 293
812 311
812 320
812 324
812 327
812 331
812 333
812 342
812 347
812 348
812 350
812 352
812 353
812 356
812 357
812 358
812 367
812 391
812 395
812 397
812 402
812 411
812 413
812 417
812 419
812 420
812 421
812 422
812 428
812 437
812 448
812 455
812 459
812 470
812 482
812 483
812 484
812 486
812 492
812 519
812 523
812 530
812 534
812 539
812 541
812 542
812 547
812 550
812 565
812 580
812 583
812 587
812 598
812 605
812 611
812 613
812 614
812 620
812 647
812 651
812 662
812 667
812 668
812 669
812 674
812 675
812 676
812 677
812 684
812 719
812 732
812 733
812 736
812 739
812 741
812 748
812 772
812 778
812 797
812 800
812 805
812 806
812 836
812 839
812 843
812 845
812 854
812 866
812 868
812 869
812 870
812 876
812 900
812 903
812 907
812 923
812 925
812 928
812 930
812 931
812 933
812 940
812 949
812 964
812 969
812 971
812 978
812 982
812 995
812 997
812 1004
812 1028
812 1031
812 1035
812 1039
812 1053
812 1059
812 1061
812 1092
812 1099
812 1103
812 1110
812 1122
812 1124
812 1165
812 1179
812 1181
812 1185
812 1188
812 1190
812 1196
812 1206
812 1216
812 1220
812 1223
812 1227
812 1238
812 1243
812 1246
812 1249
812 1250
812 1253
813 121
813 621
813 685
813 749
813 877
813 941
813 985
813 1005
813 1067
814 41
814 54
814 233
814 622
814 686
814 750
814 878
814 942
814 1006
814 1213
815 544
815 623
815 687
815 751
815 879
815 934
815 943
815 1007
816 624
816 688
816 720
816 752
816 828
816 880
816 944
816 1008
817 625
817 689
817 695
817 753
817 881
817 945
817 954
817 1009
818 626
818 690
818 754
818 882
818 946
818 1010
819 1
819 21
819 51
819 91
819 201
819 202
819 228
819 230
819 247
819 257
819 275
819 338
819 347
819 356
819 402
819 412
819 431
819 449
819 461
819 477
819 539
819 589
819 603
819 608
819 627
819 691
819 713
819 731
819 755
819 775
819 789
819 790
819 801
819 805
819 839
819 845
819 854
819 870
819 883
819 918
819 928
819 933
819 947
819 949
819 988
819 989
819 1011
819 1031
819 1059
819 1097
819 1125
819 1162
819 1170
819 1190
819 1206
819 1227
819 1249
819 1252
819 1254
819 1270
820 628
820 692
820 756
820 827
820 884
820 948
820 1012
821 146
821 629
821 693
821 757
821 885
821 949
821 1013
822 630
822 694
822 758
822 886
822 940
822 950
822 1014
823 279
823 497
823 631
823 680
823 695
823 759
823 887
823 951
823 1015
824 597
824 632
824 696
824 760
824 888
824 952
824 1016
825 633
825 697
825 761
825 889
825 921
825 953
825 1017
826 243
826 286
826 536
826 634
826 698
826 762
826 871
826 890
826 954
826 1018
827 635
827 699
827 763
827 820
827 891
827 955
827 1019
828 636
828 700
828 720
828 764
828 816
828 892
828 956
828 1020
829 637
829 701
829 765
829 893
829 957
829 1021
830 404
830 638
830 684
830 702
830 766
830 894
830 958
830 1022
831 639
831 703
831 767
831 895
831 959
831 1023
832 640
832 704
832 768
832 896
832 929
832 960
832 1024
833 364
833 533
833 641
833 705
833 769
833 861
833 897
833 961
833 1025
833 1191
834 642
834 706
834 770
834 898
834 962
834 1026
835 643
835 707
835 771
835 899
835 963
835 1027
836 0
836 4
836 9
836 10
836 11
836 12
836 18
836 22
836 35
836 36
836 37
836 44
836 47
836 53
836 68
836 71
836 79
836 81
836 86
836 93
836 98
836 99
836 101
836 132
836 137
836 139
836 143
836 150
836 157
836 162
836 163
836 164
836 165
836 192
836 193
836 196
836 203
836 205
836 214
836 219
836 224
836 225
836 227
836 229
836 239
836 245
836 258
836 263
836 267
836 268
836 274
836 278
836 283
836 284
836 285
836 288
836 289
836 291
836 292
836 293
836 294
836 311
836 320
836 324
836 327
836 331
836 333
836 342
836 348
836 350
836 352
836 353
836 354
836 355
836 357
836 358
836 367
836 388
836 391
836 395
836 397
836 406
836 411
836 413
836 417
836 418
836 419
836 420
836 421
836 422
836 428
836 437
836 448
836 452
836 455
836 459
836 470
836 475
836 482
836 483
836 484
836 486
836 492
836 516
836 519
836 523
836 530
836 534
836 541
836 542
836 546
836 547
836 549
836 550
836 565
836 580
836 583
836 587
836 591
836 598
836 605
836 610
836 611
836 612
836 613
836 614
836 644
836 647
836 651
836 655
836 662
836 667
836 668
836 669
836 674
836 675
836 676
836 677
836 708
836 715
836 719
836 726
836 732
836 733
836 736
836 738
836 739
836 740
836 741
836 772
836 778
836 779
836 795
836 797
836 800
836 802
836 804
836 806
836 812
836 843
836 847
836 866
836 868
836 869
836 900
836 903
836 907
836 911
836 913
836 923
836 925
836 930
836 931
836 964
836 969
836 971
836 977
836 978
836 982
836 994
836 995
836 997
836 998
836 1028
836 1035
836 1039
836 1041
836 1053
836 1061
836 1092
836 1099
836 1103
836 1105
836 1110
836 1122
836 1124
836 1156
836 1159
836 1163
836 1165
836 1167
836 1174
836 1179
836 1181
836 1185
836 1186
836 1188
836 1189
836 1196
836 1216
836 1220
836 1223
836 1231
836 1233
836 1238
836 1243
836 1246
836 1250
836 1253
837 645
837 709
837 773
837 901
837 965
837 1029
837 1161
838 4
838 6
838 11
838 14
838 15
838 17
838 29
838 34
838 35
838 37
838 38
838 70
838 78
838 79
838 81
838 98
838 134
838 142
838 143
838 145
838 162
838 163
838 165
838 196
838 198
838 203
838 206
838 207
838 209
838 221
838 226
838 260
838 262
838 267
838 270
838 271
838 273
838 274
838 278
838 285
838 290
838 291
838 293
838 294
838 326
838 334
838 335
838 337
838 349
838 354
838 355
838 388
838 390
838 398
838 399
838 401
838 406
838 418
838 452
838 454
838 462
838 463
838 465
838 475
838 516
838 518
838 526
838 527
838 529
838 546
838 549
838 582
838 590
838 591
838 593
838 610
838 612
838 644
838 646
838 654
838 655
838 657
838 669
838 708
838 710
838 715
838 718
838 721
838 726
838 738
838 740
838 774
838 779
838 782
838 783
838 785
838 795
838 802
838 804
838 846
838 847
838 849
838 902
838 910
838 911
838 913
838 966
838 974
838 975
838 977
838 994
838 998
838 1030
838 1038
838 1041
838 1094
838 1102
838 1105
838 1156
838 1158
838 1159
838 1163
838 1166
838 1167
838 1169
838 1174
838 1186
838 1189
838 1222
838 1230
838 1231
838 1233
839 1
839 10
839 12
839 21
839 47
839 51
839 91
839 101
839 137
839 164
839 192
839 193
839 201
839 202
839 224
839 228
839 230
839 239
839 245
839 247
839 258
839 275
839 320
839 327
839 333
839 338
839 342
839 347
839 352
839 356
839 367
839 402
839 412
839 417
839 431
839 449
839 455
839 461
839 477
839 530
839 539
839 589
839 603
839 608
839 614
839 647
839 662
839 668
839 711
839 713
839 731
839 739
839 775
839 789
839 790
839 800
839 805
839 812
839 819
839 843
839 845
839 854
839 866
839 870
839 903
839 907
839 918
839 928
839 933
839 949
839 967
839 969
839 988
839 989
839 995
839 1031
839 1053
839 1059
839 1097
839 1162
839 1170
839 1188
839 1190
839 1206
839 1227
839 1249
839 1252
839 1254
839 1270
840 2
840 648
840 712
840 776
840 904
840 968
840 1032
841 5
841 72
841 135
841 199
841 264
841 329
841 392
841 457
841 521
841 581
841 648
841 649
841 712
841 713
841 773
841 777
841 905
841 967
841 969
841 1033
841 1093
841 1157
841 1225
842 650
842 714
842 778
842 906
842 970
842 1034
843 0
843 10
843 12
843 18
843 22
843 36
843 44
843 47
843 51
843 53
843 68
843 86
843 93
843 99
843 101
843 132
843 137
843 139
843 150
843 164
843 192
843 193
843 202
843 205
843 214
843 219
843 224
843 225
843 227
843 228
843 229
843 239
843 245
843 258
843 263
843 268
843 275
843 283
843 284
843 288
843 289
843 292
843 311
843 320
843 327
843 331
843 333
843 338
843 342
843 347
843 350
843 352
843 353
843 356
843 358
843 367
843 391
843 397
843 402
843 411
843 412
843 417
843 419
843 420
843 428
843 437
843 448
843 455
843 461
843 470
843 482
843 483
843 484
843 492
843 523
843 530
843 539
843 541
843 542
843 547
843 565
843 580
843 583
843 587
843 598
843 603
843 611
843 613
843 614
843 647
843 651
843 662
843 668
843 674
843 675
843 676
843 677
843 715
843 732
843 733
843 736
843 739
843 741
843 775
843 778
843 779
843 797
843 800
843 805
843 806
843 812
843 836
843 839
843 845
843 854
843 866
843 868
843 869
843 870
843 900
843 903
843 907
843 923
843 925
843 928
843 930
843 933
843 949
843 969
843 971
843 978
843 982
843 989
843 995
843 1028
843 1031
843 1035
843 1053
843 1059
843 1061
843 1092
843 1099
843 1103
843 1110
843 1122
843 1165
843 1179
843 1181
843 1188
843 1190
843 1196
843 1206
843 1216
843 1227
843 1238
843 1243
843 1246
843 1249
843 1250
843 1252
843 1253
843 1254
844 652
844 716
844 780
844 908
844 972
844 1036
845 0
845 10
845 12
845 18
845 21
845 44
845 47
845 51
845 86
845 91
845 99
845 101
845 137
845 164
845 192
845 193
845 201
845 202
845 205
845 224
845 225
845 228
845 230
845 239
845 245
845 247
845 258
845 275
845 284
845 289
845 292
845 320
845 327
845 331
845 333
845 338
845 342
845 347
845 352
845 353
845 356
845 367
845 402
845 412
845 417
845 419
845 428
845 431
845 449
845 455
845 461
845 477
845 492
845 530
845 539
845 587
845 589
845 598
845 603
845 608
845 614
845 653
845 662
845 668
845 675
845 713
845 717
845 731
845 739
845 775
845 781
845 790
845 797
845 800
845 805
845 812
845 819
845 839
845 843
845 854
845 866
845 868
845 869
845 870
845 903
845 907
845 909
845 918
845 923
845 928
845 933
845 949
845 969
845 973
845 988
845 989
845 995
845 1031
845 1035
845 1037
845 1053
845 1059
845 1061
845 1092
845 1097
845 1099
845 1110
845 1162
845 1165
845 1179
845 1181
845 1188
845 1190
845 1206
845 1216
845 1227
845 1246
845 1249
845 1252
845 1254
846 4
846 6
846 9
846 11
846 14
846 15
846 17
846 29
846 34
846 35
846 37
846 38
846 70
846 71
846 78
846 79
846 81
846 98
846 134
846 142
846 143
846 145
846 157
846 162
846 163
846 165
846 196
846 198
846 203
846 206
846 207
846 209
846 221
846 226
846 260
846 262
846 267
846 270
846 271
846 273
846 274
846 278
846 285
846 290
846 291
846 293
846 294
846 324
846 326
846 334
846 335
846 337
846 348
846 349
846 354
846 355
846 357
846 388
846 390
846 398
846 399
846 401
846 406
846 413
846 418
846 421
846 422
846 452
846 454
846 459
846 462
846 463
846 465
846 475
846 486
846 516
846 518
846 519
846 526
846 527
846 529
846 546
846 549
846 550
846 582
846 590
846 591
846 593
846 605
846 610
846 612
846 644
846 646
846 654
846 655
846 657
846 669
846 708
846 710
846 715
846 718
846 719
846 721
846 726
846 738
846 740
846 772
846 774
846 779
846 782
846 783
846 785
846 795
846 802
846 804
846 838
846 847
846 849
846 902
846 910
846 911
846 913
846 931
846 966
846 971
846 974
846 975
846 977
846 994
846 998
846 1030
846 1038
846 1039
846 1041
846 1094
846 1102
846 1105
846 1124
846 1156
846 1158
846 1159
846 1163
846 1166
846 1167
846 1169
846 1174
846 1185
846 1186
846 1189
846 1220
846 1222
846 1223
846 1230
846 1231
846 1233
847 0
847 4
847 6
847 9
847 11
847 15
847 18
847 22
847 29
847 34
847 35
847 36
847 37
847 38
847 44
847 53
847 68
847 70
847 71
847 79
847 81
847 86
847 93
847 98
847 99
847 132
847 134
847 139
847 142
847 143
847 145
847 150
847 157
847 162
847 163
847 165
847 196
847 203
847 205
847 207
847 209
847 214
847 219
847 221
847 225
847 226
847 227
847 229
847 260
847 263
847 267
847 268
847 271
847 273
847 274
847 278
847 283
847 284
847 285
847 288
847 289
847 290
847 291
847 292
847 293
847 294
847 311
847 324
847 331
847 335
847 337
847 348
847 349
847 350
847 353
847 354
847 355
847 357
847 358
847 388
847 390
847 391
847 395
847 397
847 399
847 401
847 406
847 411
847 413
847 418
847 419
847 420
847 421
847 422
847 428
847 437
847 448
847 452
847 454
847 459
847 463
847 465
847 470
847 475
847 482
847 483
847 484
847 486
847 492
847 516
847 518
847 519
847 523
847 527
847 529
847 534
847 541
847 542
847 546
847 547
847 549
847 550
847 565
847 580
847 582
847 583
847 587
847 590
847 591
847 593
847 598
847 605
847 610
847 611
847 612
847 613
847 644
847 646
847 647
847 651
847 655
847 657
847 667
847 669
847 674
847 676
847 677
847 708
847 710
847 715
847 718
847 719
847 721
847 726
847 732
847 733
847 736
847 738
847 740
847 741
847 772
847 778
847 779
847 783
847 785
847 795
847 797
847 802
847 804
847 806
847 836
847 838
847 846
847 849
847 868
847 869
847 900
847 902
847 911
847 913
847 923
847 925
847 930
847 931
847 964
847 966
847 971
847 975
847 977
847 978
847 982
847 994
847 997
847 998
847 1028
847 1030
847 1035
847 1038
847 1039
847 1041
847 1061
847 1092
847 1094
847 1099
847 1102
847 1103
847 1105
847 1110
847 1122
847 1124
847 1156
847 1158
847 1159
847 1163
847 1165
847 1166
847 1167
847 1169
847 1174
847 1179
847 1181
847 1185
847 1186
847 1189
847 1196
847 1216
847 1220
847 1222
847 1223
847 1231
847 1233
847 1238
847 1243
847 1246
847 1250
847 1253
848 656
848 720
848 784
848 912
848 976
848 1040
848 1086
849 4
849 6
849 9
849 11
849 14
849 15
849 17
849 22
849 29
849 34
849 35
849 36
849 37
849 38
849 70
849 71
849 78
849 79
849 81
849 98
849 134
849 142
849 143
849 145
849 157
849 162
849 163
849 165
849 196
849 198
849 203
849 206
849 207
849 209
849 214
849 219
849 221
849 226
849 229
849 260
849 262
849 267
849 268
849 270
849 271
849 273
849 274
849 278
849 283
849 285
849 288
849 290
849 291
849 293
849 294
849 324
849 326
849 334
849 335
849 337
849 348
849 349
849 354
849 355
849 357
849 388
849 390
849 395
849 398
849 399
849 401
849 406
849 413
849 418
849 421
849 422
849 452
849 454
849 459
849 462
849 463
849 465
849 475
849 486
849 516
849 518
849 519
849 526
849 527
849 529
849 534
849 541
849 542
849 546
849 549
849 550
849 565
849 582
849 583
849 590
849 591
849 593
849 605
849 610
849 611
849 612
849 644
849 646
849 647
849 654
849 655
849 657
849 667
849 669
849 674
849 708
849 710
849 715
849 718
849 719
849 721
849 726
849 736
849 738
849 740
849 741
849 772
849 774
849 779
849 782
849 783
849 785
849 795
849 802
849 804
849 838
849 846
849 847
849 900
849 902
849 910
849 911
849 913
849 931
849 964
849 966
849 971
849 974
849 975
849 977
849 994
849 997
849 998
849 1030
849 1038
849 1039
849 1041
849 1094
849 1102
849 1103
849 1105
849 1122
849 1124
849 1156
849 1158
849 1159
849 1163
849 1166
849 1167
849 1169
849 1174
849 1185
849 1186
849 1189
849 1220
849 1222
849 1223
849 1230
849 1231
849 1233
849 1238
849 1243
850 147
850 658
850 722
850 786
850 914
850 978
850 1042
851 659
851 723
851 787
851 915
851 979
851 1043
852 40
852 177
852 660
852 724
852 788
852 916
852 980
852 1044
853 661
853 725
853 789
853 917
853 981
853 1045
854 1
854 10
854 12
854 18
854 21
854 47
854 51
854 86
854 91
854 99
854 101
854 137
854 164
854 192
854 193
854 201
854 202
854 205
854 224
854 225
854 228
854 230
854 239
854 245
854 247
854 258
854 275
854 284
854 292
854 320
854 327
854 331
854 333
854 338
854 342
854 347
854 352
854 356
854 367
854 402
854 412
854 417
854 419
854 428
854 431
854 449
854 455
854 461
854 477
854 492
854 530
854 539
854 587
854 589
854 598
854 603
854 608
854 614
854 662
854 668
854 675
854 713
854 726
854 731
854 739
854 775
854 789
854 790
854 800
854 805
854 812
854 819
854 839
854 843
854 845
854 866
854 869
854 870
854 903
854 907
854 918
854 923
854 928
854 933
854 949
854 969
854 982
854 988
854 989
854 995
854 1031
854 1046
854 1053
854 1059
854 1097
854 1162
854 1165
854 1179
854 1181
854 1188
854 1190
854 1206
854 1227
854 1249
854 1252
854 1254
855 57
855 663
855 727
855 749
855 791
855 919
855 983
855 1047
856 664
856 728
856 792
856 920
856 955
856 984
856 1048
857 665
857 729
857 793
857 921
857 985
857 1049
858 666
858 730
858 794
858 922
858 986
858 1050
859 667
859 731
859 768
859 795
859 923
859 987
859 993
859 1051
860 656
860 668
860 732
860 796
860 924
860 988
860 1052
861 364
861 533
861 669
861 733
861 797
861 833
861 925
861 989
861 1053
861 1191
862 670
862 734
862 798
862 926
862 990
862 1054
863 339
863 671
863 735
863 799
863 927
863 991
863 1055
864 256
864 302
864 416
864 672
864 736
864 800
864 928
864 992
864 1056
864 1184
865 238
865 673
865 737
865 801
865 929
865 993
865 1057
865 1073
866 0
866 10
866 12
866 18
866 22
866 44
866 47
866 51
866 53
866 68
866 86
866 91
866 93
866 99
866 101
866 132
866 137
866 139
866 150
866 164
866 192
866 193
866 202
866 205
866 224
866 225
866 227
866 228
866 239
866 245
866 258
866 263
866 275
866 284
866 289
866 292
866 311
866 320
866 327
866 331
866 333
866 338
866 342
866 347
866 350
866 352
866 353
866 356
866 358
866 367
866 391
866 397
866 402
866 411
866 412
866 417
866 419
866 420
866 428
866 431
866 437
866 448
866 455
866 461
866 470
866 482
866 483
866 484
866 492
866 523
866 530
866 539
866 547
866 580
866 587
866 598
866 603
866 613
866 614
866 651
866 662
866 668
866 674
866 675
866 676
866 677
866 713
866 731
866 732
866 733
866 738
866 739
866 775
866 778
866 797
866 800
866 802
866 805
866 806
866 812
866 836
866 839
866 843
866 845
866 854
866 868
866 869
866 870
866 903
866 907
866 918
866 923
866 925
866 928
866 930
866 933
866 949
866 969
866 978
866 982
866 989
866 994
866 995
866 1028
866 1031
866 1035
866 1053
866 1058
866 1059
866 1061
866 1092
866 1099
866 1110
866 1165
866 1179
866 1181
866 1188
866 1190
866 1196
866 1206
866 1216
866 1227
866 1243
866 1246
866 1249
866 1250
866 1252
866 1253
866 1254
867 675
867 739
867 803
867 931
867 995
867 1059
868 0
868 9
868 10
868 11
868 12
868 18
868 22
868 35
868 36
868 37
868 44
868 47
868 53
868 68
868 71
868 86
868 93
868 98
868 99
868 101
868 132
868 137
868 139
868 143
868 150
868 157
868 162
868 163
868 164
868 165
868 192
868 193
868 196
868 202
868 203
868 205
868 214
868 219
868 224
868 225
868 227
868 229
868 239
868 245
868 258
868 263
868 267
868 268
868 274
868 283
868 284
868 285
868 288
868 289
868 291
868 292
868 293
868 311
868 320
868 324
868 327
868 331
868 333
868 342
868 347
868 348
868 350
868 352
868 353
868 354
868 356
868 357
868 358
868 367
868 391
868 395
868 397
868 406
868 411
868 413
868 417
868 419
868 420
868 421
868 422
868 428
868 437
868 448
868 452
868 455
868 459
868 470
868 475
868 482
868 483
868 484
868 486
868 492
868 516
868 519
868 523
868 530
868 534
868 539
868 541
868 542
868 547
868 549
868 550
868 565
868 580
868 583
868 587
868 598
868 605
868 611
868 612
868 613
868 614
868 644
868 647
868 651
868 655
868 662
868 667
868 668
868 669
868 674
868 675
868 676
868 677
868 708
868 715
868 719
868 726
868 732
868 733
868 736
868 738
868 739
868 740
868 741
868 772
868 778
868 779
868 795
868 797
868 800
868 804
868 806
868 812
868 836
868 843
868 845
868 847
868 866
868 869
868 900
868 903
868 907
868 911
868 923
868 925
868 930
868 931
868 932
868 933
868 949
868 964
868 969
868 971
868 978
868 982
868 994
868 995
868 996
868 997
868 998
868 1028
868 1035
868 1039
868 1041
868 1053
868 1060
868 1061
868 1092
868 1099
868 1103
868 1110
868 1122
868 1124
868 1156
868 1159
868 1165
868 1179
868 1181
868 1185
868 1188
868 1189
868 1196
868 1216
868 1220
868 1223
868 1227
868 1231
868 1238
868 1243
868 1246
868 1250
868 1253
869 0
869 9
869 10
869 11
869 12
869 18
869 22
869 36
869 44
869 47
869 53
869 68
869 71
869 86
869 93
869 98
869 99
869 101
869 132
869 137
869 139
869 150
869 157
869 164
869 165
869 192
869 193
869 196
869 202
869 203
869 205
869 214
869 219
869 224
869 225
869 227
869 228
869 229
869 239
869 245
869 258
869 263
869 267
869 268
869 275
869 283
869 284
869 288
869 289
869 292
869 293
869 311
869 320
869 324
869 327
869 331
869 333
869 342
869 347
869 348
869 350
869 352
869 353
869 354
869 356
869 357
869 358
869 367
869 391
869 395
869 397
869 411
869 413
869 417
869 419
869 420
869 421
869 422
869 428
869 437
869 448
869 455
869 459
869 470
869 482
869 483
869 484
869 486
869 492
869 519
869 523
869 530
869 534
869 539
869 541
869 542
869 547
869 549
869 550
869 565
869 580
869 583
869 587
869 598
869 605
869 611
869 612
869 613
869 614
869 647
869 651
869 662
869 667
869 668
869 669
869 674
869 675
869 676
869 677
869 715
869 719
869 726
869 732
869 733
869 736
869 739
869 740
869 741
869 772
869 778
869 795
869 797
869 800
869 805
869 806
869 812
869 836
869 843
869 845
869 847
869 854
869 866
869 868
869 900
869 903
869 907
869 923
869 925
869 928
869 930
869 931
869 933
869 949
869 964
869 969
869 971
869 978
869 982
869 995
869 997
869 998
869 1028
869 1031
869 1035
869 1039
869 1053
869 1061
869 1092
869 1099
869 1103
869 1110
869 1122
869 1124
869 1165
869 1179
869 1181
869 1185
869 1188
869 1190
869 1196
869 1206
869 1216
869 1220
869 1223
869 1227
869 1238
869 1243
869 1246
869 1250
869 1253
870 1
870 10
870 12
870 21
870 47
870 51
870 91
870 101
870 137
870 164
870 192
870 193
870 201
870 202
870 224
870 225
870 228
870 230
870 239
870 245
870 247
870 258
870 275
870 284
870 320
870 327
870 333
870 338
870 342
870 347
870 352
870 356
870 367
870 402
870 412
870 417
870 431
870 449
870 455
870 461
870 477
870 530
870 539
870 589
870 603
870 608
870 614
870 662
870 668
870 675
870 678
870 713
870 731
870 739
870 742
870 775
870 789
870 790
870 800
870 805
870 806
870 812
870 819
870 839
870 843
870 845
870 854
870 866
870 903
870 907
870 918
870 928
870 933
870 934
870 949
870 969
870 988
870 989
870 995
870 998
870 1031
870 1053
870 1059
870 1062
870 1097
870 1162
870 1170
870 1181
870 1188
870 1190
870 1206
870 1227
870 1249
870 1252
870 1254
870 1270
871 243
871 286
871 536
871 679
871 743
871 807
871 826
871 935
871 999
871 1063
872 185
872 602
872 680
872 744
872 808
872 936
872 1000
872 1006
872 1064
872 1277
873 681
873 745
873 809
873 937
873 1001
873 1065
874 682
874 746
874 810
874 938
874 1002
874 1066
875 683
875 747
875 811
875 939
875 1003
875 1067
875 1145
876 569
876 684
876 748
876 812
876 940
876 1004
876 1068
877 685
877 749
877 813
877 941
877 1005
877 1018
877 1069
878 144
878 686
878 750
878 814
878 942
878 1006
878 1070
879 687
879 751
879 815
879 943
879 1007
879 1071
880 688
880 752
880 816
880 944
880 1008
880 1072
881 362
881 444
881 689
881 753
881 817
881 920
881 945
881 1009
881 1073
881 1273
882 118
882 690
882 754
882 818
882 946
882 1010
882 1074
882 1235
883 691
883 755
883 819
883 947
883 1011
883 1047
883 1075
884 692
884 756
884 820
884 948
884 1012
884 1076
884 1123
885 693
885 757
885 821
885 949
885 1013
885 1077
886 255
886 694
886 758
886 822
886 892
886 950
886 1014
886 1078
887 695
887 759
887 823
887 951
887 1015
887 1079
888 561
888 696
888 760
888 824
888 952
888 1016
888 1080
889 616
889 697
889 761
889 825
889 953
889 1017
889 1081
890 698
890 762
890 808
890 826
890 954
890 1018
890 1082
891 382
891 699
891 763
891 827
891 955
891 984
891 1019
891 1083
892 255
892 700
892 764
892 828
892 886
892 956
892 1020
892 1084
893 701
893 765
893 829
893 957
893 1021
893 1085
894 702
894 766
894 830
894 958
894 1022
894 1086
895 180
895 703
895 767
895 831
895 957
895 959
895 1023
895 1087
896 704
896 768
896 832
896 960
896 1024
896 1088
897 705
897 769
897 833
897 961
897 1025
897 1089
898 706
898 770
898 834
898 948
898 962
898 1026
898 1090
899 588
899 707
899 771
899 835
899 963
899 986
899 1027
899 1091
900 9
900 11
900 22
900 36
900 53
900 68
900 70
900 71
900 79
900 81
900 86
900 93
900 98
900 99
900 101
900 132
900 139
900 143
900 145
900 150
900 157
900 162
900 163
900 164
900 165
900 192
900 193
900 196
900 203
900 205
900 214
900 219
900 221
900 224
900 225
900 227
900 229
900 245
900 260
900 263
900 267
900 268
900 274
900 278
900 283
900 284
900 285
900 288
900 289
900 290
900 291
900 292
900 293
900 294
900 311
900 320
900 324
900 331
900 333
900 335
900 342
900 348
900 349
900 350
900 353
900 354
900 355
900 357
900 358
900 388
900 391
900 395
900 397
900 399
900 401
900 406
900 411
900 413
900 418
900 419
900 420
900 421
900 422
900 428
900 437
900 448
900 452
900 455
900 459
900 465
900 470
900 475
900 482
900 483
900 484
900 486
900 492
900 516
900 518
900 519
900 523
900 527
900 530
900 534
900 541
900 542
900 546
900 547
900 549
900 550
900 565
900 580
900 583
900 587
900 591
900 593
900 598
900 605
900 610
900 611
900 612
900 613
900 644
900 647
900 651
900 655
900 657
900 662
900 667
900 668
900 669
900 674
900 675
900 676
900 677
900 708
900 715
900 719
900 721
900 726
900 732
900 733
900 736
900 738
900 740
900 741
900 772
900 778
900 779
900 783
900 795
900 797
900 802
900 804
900 806
900 812
900 836
900 843
900 847
900 849
900 868
900 869
900 902
900 903
900 907
900 911
900 913
900 923
900 925
900 930
900 931
900 964
900 971
900 975
900 977
900 978
900 982
900 994
900 997
900 998
900 1028
900 1030
900 1035
900 1039
900 1041
900 1053
900 1061
900 1092
900 1099
900 1103
900 1105
900 1110
900 1122
900 1124
900 1156
900 1159
900 1163
900 1165
900 1167
900 1169
900 1174
900 1179
900 1181
900 1185
900 1186
900 1189
900 1196
900 1216
900 1220
900 1222
900 1223
900 1231
900 1233
900 1238
900 1243
900 1246
900 1250
900 1253
901 102
901 709
901 773
901 777
901 837
901 965
901 1029
901 1093
902 4
902 6
902 15
902 29
902 34
902 38
902 70
902 71
902 78
902 79
902 81
902 98
902 134
902 142
902 143
902 145
902 157
902 162
902 163
902 165
902 196
902 198
902 203
902 206
902 207
902 209
902 221
902 226
902 260
902 262
902 267
902 270
902 271
902 273
902 274
902 278
902 285
902 290
902 291
902 293
902 294
902 324
902 326
902 334
902 335
902 337
902 348
902 349
902 354
902 355
902 357
902 388
902 390
902 395
902 398
902 399
902 401
902 406
902 413
902 418
902 421
902 422
902 452
902 454
902 459
902 462
902 463
902 465
902 475
902 486
902 516
902 518
902 519
902 526
902 527
902 529
902 534
902 546
902 549
902 550
902 582
902 583
902 590
902 591
902 593
902 605
902 610
902 612
902 644
902 646
902 647
902 654
902 655
902 657
902 667
902 669
902 674
902 708
902 710
902 715
902 718
902 719
902 721
902 726
902 738
902 740
902 772
902 774
902 779
902 782
902 783
902 785
902 795
902 802
902 804
902 838
902 846
902 847
902 849
902 900
902 910
902 911
902 913
902 931
902 964
902 966
902 971
902 974
902 975
902 977
902 994
902 997
902 998
902 1030
902 1038
902 1039
902 1041
902 1094
902 1102
902 1103
902 1105
902 1122
902 1124
902 1156
902 1158
902 1159
902 1163
902 1166
902 1167
902 1169
902 1174
902 1185
902 1186
902 1189
902 1220
902 1222
902 1223
902 1230
902 1231
902 1233
903 10
903 12
903 18
903 47
903 68
903 71
903 86
903 93
903 99
903 101
903 132
903 137
903 139
903 150
903 157
903 164
903 192
903 193
903 202
903 205
903 214
903 219
903 224
903 225
903 227
903 228
903 229
903 239
903 245
903 258
903 263
903 268
903 275
903 283
903 284
903 288
903 289
903 292
903 311
903 320
903 327
903 331
903 333
903 338
903 342
903 347
903 348
903 350
903 352
903 353
903 356
903 358
903 367
903 391
903 395
903 397
903 402
903 411
903 412
903 413
903 417
903 419
903 420
903 428
903 437
903 448
903 455
903 461
903 470
903 482
903 483
903 484
903 492
903 519
903 523
903 530
903 534
903 539
903 541
903 542
903 547
903 565
903 580
903 583
903 587
903 598
903 603
903 611
903 613
903 614
903 647
903 651
903 662
903 667
903 668
903 674
903 675
903 676
903 677
903 711
903 732
903 733
903 736
903 739
903 741
903 775
903 778
903 797
903 800
903 805
903 806
903 812
903 836
903 839
903 843
903 845
903 854
903 866
903 868
903 869
903 870
903 900
903 907
903 923
903 925
903 928
903 930
903 933
903 949
903 964
903 967
903 969
903 978
903 982
903 989
903 995
903 997
903 1028
903 1031
903 1035
903 1039
903 1053
903 1059
903 1061
903 1092
903 1095
903 1099
903 1103
903 1110
903 1122
903 1165
903 1179
903 1181
903 1185
903 1188
903 1190
903 1196
903 1206
903 1216
903 1220
903 1227
903 1238
903 1243
903 1246
903 1249
903 1250
903 1252
903 1253
904 551
904 712
904 776
904 787
904 840
904 968
904 1026
904 1032
904 1096
905 5
905 72
905 135
905 199
905 264
905 329
905 392
905 457
905 521
905 581
905 648
905 712
905 713
905 773
905 777
905 841
905 967
905 969
905 1033
905 1093
905 1097
905 1157
905 1225
906 672
906 714
906 778
906 842
906 970
906 1034
906 1098
907 10
907 12
907 47
907 68
907 86
907 91
907 93
907 99
907 101
907 132
907 137
907 139
907 150
907 164
907 192
907 193
907 202
907 205
907 214
907 219
907 224
907 225
907 227
907 228
907 229
907 239
907 245
907 258
907 263
907 268
907 275
907 283
907 284
907 288
907 289
907 292
907 311
907 320
907 327
907 331
907 333
907 338
907 342
907 347
907 350
907 352
907 353
907 356
907 358
907 367
907 391
907 397
907 402
907 411
907 412
907 417
907 419
907 420
907 428
907 437
907 448
907 455
907 461
907 470
907 482
907 483
907 484
907 492
907 523
907 530
907 539
907 541
907 542
907 547
907 565
907 580
907 583
907 587
907 598
907 603
907 611
907 613
907 614
907 647
907 651
907 662
907 668
907 674
907 675
907 676
907 677
907 713
907 715
907 731
907 732
907 733
907 736
907 739
907 741
907 775
907 778
907 779
907 797
907 800
907 805
907 806
907 812
907 836
907 839
907 843
907 845
907 854
907 866
907 868
907 869
907 870
907 900
907 903
907 918
907 923
907 925
907 928
907 930
907 933
907 949
907 969
907 971
907 978
907 982
907 989
907 995
907 1028
907 1031
907 1035
907 1053
907 1059
907 1061
907 1092
907 1099
907 1110
907 1122
907 1165
907 1179
907 1181
907 1188
907 1190
907 1196
907 1206
907 1216
907 1227
907 1238
907 1243
907 1246
907 1249
907 1250
907 1252
907 1253
907 1254
908 242
908 716
908 780
908 844
908 972
908 1036
908 1100
909 123
909 596
909 717
909 781
909 845
909 973
909 1037
909 1101
910 6
910 15
910 17
910 29
910 34
910 70
910 78
910 79
910 81
910 134
910 142
910 143
910 145
910 162
910 163
910 165
910 198
910 206
910 207
910 209
910 221
910 226
910 260
910 262
910 267
910 270
910 271
910 273
910 274
910 278
910 285
910 290
910 291
910 294
910 326
910 334
910 335
910 337
910 349
910 354
910 355
910 388
910 390
910 398
910 399
910 401
910 406
910 418
910 452
910 454
910 462
910 463
910 465
910 475
910 516
910 518
910 526
910 527
910 529
910 546
910 549
910 582
910 590
910 591
910 593
910 610
910 644
910 646
910 654
910 655
910 657
910 708
910 710
910 718
910 721
910 726
910 738
910 774
910 779
910 782
910 783
910 785
910 802
910 804
910 838
910 846
910 849
910 902
910 911
910 913
910 966
910 974
910 975
910 977
910 994
910 1030
910 1038
910 1041
910 1094
910 1102
910 1105
910 1156
910 1158
910 1159
910 1163
910 1166
910 1167
910 1169
910 1174
910 1186
910 1189
910 1222
910 1230
910 1231
910 1233
911 4
911 9
911 11
911 35
911 37
911 38
911 68
911 70
911 71
911 78
911 79
911 81
911 93
911 98
911 132
911 134
911 139
911 142
911 143
911 145
911 150
911 157
911 162
911 163
911 165
911 196
911 198
911 203
911 207
911 209
911 214
911 219
911 221
911 226
911 227
911 229
911 260
911 262
911 263
911 267
911 268
911 271
911 273
911 274
911 278
911 283
911 285
911 288
911 289
911 290
911 291
911 293
911 294
911 311
911 324
911 326
911 335
911 337
911 348
911 349
911 350
911 353
911 354
911 355
911 357
911 358
911 388
911 390
911 391
911 395
911 397
911 398
911 399
911 401
911 406
911 411
911 413
911 418
911 420
911 421
911 422
911 437
911 448
911 452
911 454
911 459
911 463
911 465
911 470
911 475
911 482
911 483
911 484
911 486
911 516
911 518
911 519
911 523
911 527
911 529
911 534
911 541
911 542
911 546
911 547
911 549
911 550
911 565
911 580
911 582
911 583
911 590
911 591
911 593
911 605
911 610
911 611
911 612
911 613
911 644
911 646
911 647
911 651
911 655
911 657
911 667
911 669
911 674
911 676
911 677
911 708
911 710
911 715
911 718
911 719
911 721
911 726
911 732
911 733
911 736
911 738
911 740
911 741
911 772
911 774
911 778
911 779
911 783
911 785
911 795
911 797
911 802
911 804
911 806
911 836
911 838
911 846
911 847
911 849
911 868
911 900
911 902
911 910
911 913
911 925
911 930
911 931
911 964
911 966
911 971
911 974
911 975
911 977
911 978
911 982
911 994
911 997
911 998
911 1028
911 1030
911 1035
911 1038
911 1039
911 1041
911 1061
911 1092
911 1094
911 1099
911 1102
911 1103
911 1105
911 1110
911 1122
911 1124
911 1156
911 1158
911 1159
911 1163
911 1166
911 1167
911 1169
911 1174
911 1185
911 1186
911 1189
911 1196
911 1216
911 1220
911 1222
911 1223
911 1230
911 1231
911 1233
911 1238
911 1243
911 1246
911 1250
911 1253
912 720
912 784
912 848
912 976
912 1040
912 1104
913 4
913 34
913 35
913 37
913 38
913 68
913 70
913 71
913 78
913 79
913 81
913 98
913 132
913 134
913 139
913 142
913 143
913 145
913 157
913 162
913 163
913 165
913 196
913 198
913 203
913 206
913 207
913 209
913 214
913 219
913 221
913 226
913 229
913 260
913 262
913 267
913 268
913 271
913 273
913 274
913 278
913 283
913 285
913 288
913 290
913 291
913 293
913 294
913 324
913 326
913 334
913 335
913 337
913 348
913 349
913 354
913 355
913 357
913 388
913 390
913 391
913 395
913 398
913 399
913 401
913 406
913 413
913 418
913 421
913 422
913 452
913 454
913 459
913 462
913 463
913 465
913 470
913 475
913 482
913 486
913 516
913 518
913 519
913 526
913 527
913 529
913 534
913 541
913 542
913 546
913 549
913 550
913 565
913 582
913 583
913 590
913 591
913 593
913 605
913 610
913 611
913 612
913 644
913 646
913 647
913 654
913 655
913 657
913 667
913 669
913 674
913 677
913 708
913 710
913 715
913 718
913 719
913 721
913 726
913 733
913 736
913 738
913 740
913 741
913 772
913 774
913 779
913 782
913 783
913 785
913 795
913 802
913 804
913 806
913 836
913 838
913 846
913 847
913 849
913 900
913 902
913 910
913 911
913 930
913 931
913 964
913 966
913 971
913 974
913 975
913 977
913 978
913 994
913 997
913 998
913 1028
913 1030
913 1038
913 1039
913 1041
913 1094
913 1102
913 1103
913 1105
913 1122
913 1124
913 1156
913 1158
913 1159
913 1163
913 1166
913 1167
913 1169
913 1174
913 1185
913 1186
913 1189
913 1220
913 1222
913 1223
913 1230
913 1231
913 1233
913 1238
913 1243
913 1253
914 501
914 722
914 786
914 850
914 978
914 1042
914 1106
915 643
915 723
915 787
915 851
915 979
915 1043
915 1107
916 637
916 694
916 724
916 752
916 788
916 852
916 980
916 1044
916 1064
916 1108
917 725
917 789
917 853
917 981
917 1045
917 1068
917 1109
918 21
918 51
918 91
918 137
918 201
918 202
918 228
918 230
918 239
918 247
918 257
918 258
918 275
918 320
918 327
918 338
918 347
918 352
918 356
918 367
918 402
918 412
918 417
918 431
918 449
918 461
918 477
918 539
918 589
918 603
918 608
918 614
918 713
918 726
918 731
918 739
918 775
918 789
918 790
918 800
918 801
918 805
918 819
918 839
918 845
918 854
918 866
918 870
918 907
918 928
918 933
918 949
918 969
918 982
918 988
918 989
918 995
918 1031
918 1046
918 1059
918 1097
918 1110
918 1162
918 1170
918 1188
918 1190
918 1206
918 1227
918 1249
918 1252
918 1254
918 1270
919 727
919 791
919 855
919 983
919 1047
919 1104
919 1111
920 362
920 444
920 728
920 792
920 856
920 881
920 984
920 1048
920 1112
920 1273
921 729
921 793
921 825
921 857
921 985
921 1049
921 1113
922 618
922 730
922 794
922 858
922 986
922 1050
922 1114
923 0
923 12
923 18
923 44
923 47
923 53
923 68
923 71
923 86
923 93
923 98
923 99
923 101
923 132
923 137
923 139
923 150
923 157
923 164
923 165
923 192
923 193
923 196
923 202
923 203
923 205
923 214
923 219
923 224
923 225
923 227
923 228
923 229
923 239
923 245
923 258
923 263
923 267
923 268
923 275
923 283
923 284
923 288
923 289
923 292
923 293
923 311
923 320
923 324
923 327
923 331
923 333
923 342
923 347
923 348
923 350
923 352
923 353
923 354
923 356
923 357
923 358
923 367
923 391
923 395
923 397
923 411
923 413
923 417
923 419
923 420
923 421
923 422
923 428
923 437
923 448
923 455
923 459
923 470
923 475
923 482
923 483
923 484
923 486
923 492
923 519
923 523
923 530
923 534
923 539
923 541
923 542
923 547
923 549
923 550
923 565
923 580
923 583
923 587
923 598
923 605
923 611
923 612
923 613
923 614
923 647
923 651
923 662
923 667
923 668
923 669
923 674
923 675
923 676
923 677
923 715
923 719
923 726
923 731
923 732
923 733
923 736
923 739
923 740
923 741
923 772
923 778
923 795
923 797
923 800
923 805
923 806
923 812
923 836
923 843
923 845
923 847
923 854
923 859
923 866
923 868
923 869
923 900
923 903
923 907
923 925
923 928
923 930
923 931
923 933
923 949
923 964
923 969
923 971
923 978
923 982
923 987
923 995
923 997
923 998
923 1028
923 1031
923 1035
923 1039
923 1051
923 1053
923 1061
923 1092
923 1099
923 1103
923 1110
923 1115
923 1122
923 1124
923 1165
923 1179
923 1181
923 1185
923 1188
923 1190
923 1196
923 1206
923 1216
923 1220
923 1223
923 1227
923 1238
923 1243
923 1246
923 1250
923 1253
924 653
924 732
924 796
924 860
924 988
924 1052
924 1116
925 0
925 18
925 22
925 44
925 53
925 68
925 71
925 86
925 93
925 98
925 99
925 101
925 132
925 137
925 139
925 143
925 150
925 157
925 162
925 163
925 164
925 165
925 192
925 193
925 196
925 203
925 205
925 214
925 219
925 224
925 225
925 227
925 229
925 239
925 245
925 258
925 263
925 267
925 268
925 274
925 283
925 284
925 285
925 288
925 289
925 291
925 292
925 293
925 311
925 320
925 324
925 327
925 331
925 333
925 342
925 347
925 348
925 350
925 352
925 353
925 354
925 355
925 356
925 357
925 358
925 367
925 391
925 395
925 397
925 406
925 411
925 413
925 417
925 419
925 420
925 421
925 422
925 428
925 437
925 448
925 452
925 455
925 459
925 470
925 475
925 482
925 483
925 484
925 486
925 492
925 516
925 519
925 523
925 530
925 534
925 539
925 541
925 542
925 547
925 549
925 550
925 565
925 580
925 583
925 587
925 598
925 605
925 611
925 612
925 613
925 614
925 644
925 647
925 651
925 655
925 662
925 667
925 668
925 669
925 674
925 675
925 676
925 677
925 708
925 715
925 719
925 726
925 732
925 733
925 736
925 738
925 739
925 740
925 741
925 772
925 778
925 779
925 795
925 797
925 800
925 804
925 806
925 812
925 836
925 843
925 847
925 861
925 866
925 868
925 869
925 900
925 903
925 907
925 911
925 923
925 930
925 931
925 933
925 949
925 964
925 969
925 971
925 978
925 982
925 989
925 994
925 995
925 997
925 998
925 1028
925 1035
925 1039
925 1041
925 1053
925 1061
925 1092
925 1099
925 1103
925 1110
925 1117
925 1122
925 1124
925 1156
925 1159
925 1165
925 1179
925 1181
925 1185
925 1188
925 1189
925 1196
925 1216
925 1220
925 1223
925 1227
925 1231
925 1238
925 1243
925 1246
925 1250
925 1253
926 734
926 798
926 862
926 990
926 1054
926 1118
927 345
927 735
927 799
927 863
927 991
927 1055
927 1119
928 51
928 86
928 91
928 99
928 101
928 137
928 164
928 192
928 193
928 201
928 202
928 205
928 224
928 225
928 228
928 230
928 239
928 245
928 247
928 258
928 275
928 284
928 292
928 320
928 327
928 331
928 333
928 338
928 342
928 347
928 352
928 356
928 367
928 402
928 412
928 417
928 419
928 428
928 431
928 449
928 455
928 461
928 477
928 492
928 530
928 539
928 587
928 589
928 598
928 603
928 608
928 614
928 662
928 668
928 675
928 713
928 731
928 736
928 739
928 775
928 789
928 790
928 800
928 805
928 812
928 819
928 839
928 843
928 845
928 854
928 864
928 866
928 869
928 870
928 903
928 907
928 918
928 923
928 933
928 949
928 969
928 988
928 989
928 992
928 995
928 1031
928 1053
928 1056
928 1059
928 1097
928 1120
928 1162
928 1165
928 1179
928 1181
928 1188
928 1190
928 1206
928 1216
928 1227
928 1249
928 1252
928 1254
929 737
929 801
929 832
929 865
929 993
929 1057
929 1121
930 0
930 9
930 18
930 22
930 36
930 44
930 53
930 68
930 71
930 79
930 81
930 86
930 93
930 98
930 99
930 101
930 132
930 137
930 139
930 143
930 150
930 157
930 162
930 163
930 164
930 165
930 192
930 193
930 196
930 203
930 205
930 214
930 219
930 224
930 225
930 227
930 229
930 239
930 245
930 258
930 263
930 267
930 268
930 274
930 278
930 283
930 284
930 285
930 288
930 289
930 291
930 292
930 293
930 294
930 311
930 320
930 324
930 327
930 331
930 333
930 335
930 342
930 348
930 349
930 350
930 352
930 353
930 354
930 355
930 357
930 358
930 367
930 388
930 391
930 395
930 397
930 406
930 411
930 413
930 417
930 418
930 419
930 420
930 421
930 422
930 428
930 437
930 448
930 452
930 455
930 459
930 470
930 475
930 482
930 483
930 484
930 486
930 492
930 516
930 519
930 523
930 530
930 534
930 541
930 542
930 546
930 547
930 549
930 550
930 565
930 580
930 583
930 587
930 591
930 598
930 605
930 610
930 611
930 612
930 613
930 614
930 644
930 647
930 651
930 655
930 662
930 667
930 668
930 669
930 674
930 675
930 676
930 677
930 708
930 715
930 719
930 726
930 732
930 733
930 736
930 738
930 739
930 740
930 741
930 772
930 778
930 779
930 795
930 797
930 800
930 802
930 804
930 806
930 812
930 836
930 843
930 847
930 866
930 868
930 869
930 900
930 903
930 907
930 911
930 913
930 923
930 925
930 931
930 964
930 969
930 971
930 977
930 978
930 982
930 994
930 995
930 997
930 998
930 1028
930 1035
930 1039
930 1041
930 1053
930 1058
930 1061
930 1092
930 1099
930 1103
930 1105
930 1110
930 1122
930 1124
930 1156
930 1159
930 1163
930 1165
930 1167
930 1174
930 1179
930 1181
930 1185
930 1186
930 1188
930 1189
930 1196
930 1216
930 1220
930 1223
930 1231
930 1233
930 1238
930 1243
930 1246
930 1250
930 1253
931 9
931 11
931 22
931 35
931 36
931 37
931 68
931 70
931 71
931 79
931 81
931 86
931 93
931 98
931 99
931 101
931 132
931 134
931 139
931 143
931 145
931 150
931 157
931 162
931 163
931 165
931 196
931 203
931 205
931 209
931 214
931 219
931 221
931 225
931 226
931 227
931 229
931 245
931 260
931 263
931 267
931 268
931 271
931 273
931 274
931 278
931 283
931 284
931 285
931 288
931 289
931 290
931 291
931 292
931 293
931 294
931 311
931 324
931 331
931 333
931 335
931 337
931 342
931 348
931 349
931 350
931 353
931 354
931 355
931 357
931 358
931 388
931 391
931 395
931 397
931 399
931 401
931 406
931 411
931 413
931 418
931 419
931 420
931 421
931 422
931 428
931 437
931 448
931 452
931 459
931 463
931 465
931 470
931 475
931 482
931 483
931 484
931 486
931 492
931 516
931 518
931 519
931 523
931 527
931 529
931 534
931 541
931 542
931 546
931 547
931 549
931 550
931 565
931 580
931 582
931 583
931 587
931 590
931 591
931 593
931 598
931 605
931 610
931 611
931 612
931 613
931 644
931 647
931 651
931 655
931 657
931 662
931 667
931 669
931 674
931 675
931 676
931 677
931 708
931 715
931 718
931 719
931 721
931 726
931 732
931 733
931 736
931 738
931 739
931 740
931 741
931 772
931 778
931 779
931 783
931 785
931 795
931 797
931 802
931 803
931 804
931 806
931 812
931 836
931 846
931 847
931 849
931 867
931 868
931 869
931 900
931 902
931 911
931 913
931 923
931 925
931 930
931 964
931 971
931 975
931 977
931 978
931 982
931 994
931 995
931 997
931 998
931 1028
931 1030
931 1035
931 1039
931 1041
931 1053
931 1059
931 1061
931 1092
931 1094
931 1099
931 1102
931 1103
931 1105
931 1110
931 1122
931 1123
931 1124
931 1156
931 1159
931 1163
931 1165
931 1167
931 1169
931 1174
931 1179
931 1181
931 1185
931 1186
931 1189
931 1196
931 1216
931 1220
931 1222
931 1223
931 1231
931 1233
931 1238
931 1243
931 1246
931 1250
931 1253
932 257
932 608
932 659
932 670
932 704
932 740
932 742
932 789
932 801
932 804
932 868
932 988
932 996
932 1060
932 1124
932 1125
932 1170
932 1270
933 86
933 91
933 99
933 101
933 137
933 164
933 192
933 193
933 201
933 202
933 205
933 224
933 225
933 227
933 228
933 230
933 239
933 245
933 247
933 258
933 275
933 284
933 289
933 292
933 320
933 327
933 331
933 333
933 338
933 342
933 347
933 352
933 353
933 356
933 358
933 367
933 397
933 402
933 412
933 417
933 419
933 428
933 431
933 449
933 455
933 461
933 477
933 483
933 492
933 530
933 539
933 547
933 587
933 589
933 598
933 603
933 608
933 613
933 614
933 662
933 668
933 675
933 676
933 713
933 731
933 739
933 741
933 775
933 790
933 797
933 800
933 805
933 812
933 819
933 839
933 843
933 845
933 854
933 866
933 868
933 869
933 870
933 903
933 907
933 918
933 923
933 925
933 928
933 949
933 969
933 988
933 989
933 995
933 997
933 1031
933 1035
933 1053
933 1059
933 1061
933 1092
933 1097
933 1099
933 1110
933 1125
933 1162
933 1165
933 1179
933 1181
933 1188
933 1190
933 1206
933 1216
933 1227
933 1246
933 1249
933 1252
933 1254
934 544
934 742
934 806
934 815
934 870
934 998
934 1062
934 1126
935 148
935 400
935 743
935 807
935 871
935 999
935 1063
935 1127
936 744
936 808
936 872
936 1000
936 1064
936 1128
937 745
937 809
937 873
937 1001
937 1065
937 1115
937 1129
938 746
938 810
938 874
938 1002
938 1066
938 1130
939 747
939 811
939 875
939 1003
939 1067
939 1131
940 748
940 812
940 822
940 876
940 1004
940 1068
940 1132
941 61
941 90
941 749
941 813
941 877
941 1005
941 1069
941 1133
942 105
942 750
942 814
942 878
942 1006
942 1070
942 1134
943 109
943 751
943 815
943 879
943 1007
943 1071
943 1135
944 752
944 816
944 880
944 1008
944 1072
944 1136
945 753
945 817
945 881
945 1009
945 1073
945 1137
946 344
946 754
946 818
946 882
946 1010
946 1074
946 1138
947 755
947 819
947 883
947 1011
947 1075
947 1139
948 756
948 820
948 884
948 898
948 1012
948 1076
948 1140
949 10
949 12
949 47
949 86
949 91
949 93
949 99
949 101
949 137
949 150
949 164
949 192
949 193
949 201
949 202
949 205
949 224
949 225
949 227
949 228
949 230
949 239
949 245
949 247
949 258
949 275
949 284
949 289
949 292
949 311
949 320
949 327
949 331
949 333
949 338
949 342
949 347
949 350
949 352
949 353
949 356
949 358
949 367
949 397
949 402
949 412
949 417
949 419
949 428
949 431
949 448
949 449
949 455
949 461
949 477
949 483
949 484
949 492
949 523
949 530
949 539
949 547
949 580
949 587
949 589
949 598
949 603
949 613
949 614
949 651
949 662
949 668
949 675
949 676
949 713
949 731
949 739
949 757
949 775
949 778
949 790
949 797
949 800
949 805
949 812
949 819
949 821
949 839
949 843
949 845
949 854
949 866
949 868
949 869
949 870
949 885
949 903
949 907
949 918
949 923
949 925
949 928
949 933
949 969
949 982
949 989
949 995
949 1013
949 1031
949 1035
949 1053
949 1059
949 1061
949 1077
949 1092
949 1097
949 1099
949 1110
949 1141
949 1162
949 1165
949 1179
949 1181
949 1188
949 1190
949 1196
949 1206
949 1216
949 1227
949 1246
949 1249
949 1250
949 1252
949 1254
950 758
950 822
950 886
950 1014
950 1078
950 1142
950 1278
951 759
951 823
951 887
951 1015
951 1079
951 1143
952 259
952 280
952 760
952 824
952 888
952 1012
952 1016
952 1071
952 1080
952 1144
953 761
953 825
953 889
953 1017
953 1081
953 1145
954 695
954 762
954 817
954 826
954 890
954 1018
954 1082
954 1146
955 763
955 827
955 856
955 891
955 1019
955 1083
955 1147
956 85
956 764
956 828
956 892
956 1020
956 1084
956 1148
957 180
957 765
957 829
957 893
957 895
957 1021
957 1085
957 1149
958 766
958 830
958 894
958 1022
958 1086
958 1133
958 1150
959 171
959 191
959 767
959 831
959 895
959 1023
959 1069
959 1087
959 1151
959 1258
960 670
960 742
960 768
960 832
960 896
960 1024
960 1088
960 1152
960 1251
961 351
961 678
961 769
961 833
961 897
961 1025
961 1089
961 1153
961 1205
962 770
962 798
962 834
962 898
962 1026
962 1090
962 1154
963 141
963 208
963 441
963 487
963 771
963 835
963 899
963 1027
963 1091
963 1137
963 1155
964 9
964 11
964 22
964 36
964 68
964 71
964 98
964 132
964 139
964 143
964 145
964 150
964 157
964 162
964 163
964 164
964 165
964 193
964 196
964 203
964 205
964 214
964 219
964 221
964 224
964 225
964 227
964 229
964 245
964 260
964 263
964 267
964 268
964 271
964 274
964 278
964 283
964 284
964 285
964 288
964 289
964 290
964 291
964 292
964 293
964 294
964 311
964 324
964 331
964 333
964 335
964 337
964 342
964 348
964 349
964 350
964 353
964 354
964 355
964 357
964 358
964 388
964 391
964 395
964 397
964 399
964 401
964 406
964 411
964 413
964 418
964 419
964 420
964 421
964 422
964 428
964 437
964 448
964 452
964 455
964 459
964 465
964 470
964 475
964 482
964 483
964 484
964 486
964 492
964 516
964 518
964 519
964 523
964 527
964 529
964 534
964 541
964 542
964 546
964 547
964 549
964 550
964 565
964 580
964 583
964 587
964 591
964 593
964 598
964 605
964 610
964 611
964 612
964 613
964 644
964 647
964 651
964 655
964 657
964 662
964 667
964 668
964 669
964 674
964 675
964 676
964 677
964 708
964 715
964 718
964 719
964 721
964 726
964 732
964 733
964 736
964 738
964 740
964 741
964 772
964 778
964 779
964 783
964 785
964 795
964 797
964 802
964 804
964 806
964 812
964 836
964 847
964 849
964 868
964 869
964 900
964 902
964 903
964 911
964 913
964 923
964 925
964 930
964 931
964 971
964 975
964 977
964 978
964 982
964 994
964 997
964 998
964 1028
964 1030
964 1035
964 1039
964 1041
964 1053
964 1061
964 1092
964 1094
964 1099
964 1102
964 1103
964 1105
964 1110
964 1122
964 1124
964 1156
964 1159
964 1163
964 1165
964 1167
964 1169
964 1174
964 1179
964 1181
964 1185
964 1186
964 1189
964 1196
964 1216
964 1220
964 1222
964 1223
964 1231
964 1233
964 1238
964 1243
964 1246
964 1250
964 1253
965 773
965 837
965 901
965 992
965 1029
965 1093
965 1157
966 6
966 15
966 17
966 29
966 34
966 78
966 134
966 142
966 143
966 145
966 162
966 163
966 165
966 196
966 198
966 203
966 206
966 207
966 209
966 221
966 226
966 260
966 262
966 267
966 270
966 271
966 273
966 274
966 278
966 285
966 290
966 291
966 293
966 294
966 326
966 334
966 335
966 337
966 349
966 354
966 355
966 357
966 388
966 390
966 398
966 399
966 401
966 406
966 418
966 452
966 454
966 462
966 463
966 465
966 475
966 486
966 516
966 518
966 526
966 527
966 529
966 546
966 549
966 550
966 582
966 590
966 591
966 593
966 605
966 610
966 612
966 644
966 646
966 654
966 655
966 657
966 669
966 708
966 710
966 715
966 718
966 719
966 721
966 726
966 738
966 740
966 772
966 774
966 779
966 782
966 783
966 785
966 795
966 802
966 804
966 838
966 846
966 847
966 849
966 902
966 910
966 911
966 913
966 974
966 975
966 977
966 994
966 998
966 1030
966 1038
966 1041
966 1094
966 1102
966 1105
966 1124
966 1156
966 1158
966 1159
966 1163
966 1166
966 1167
966 1169
966 1174
966 1186
966 1189
966 1222
966 1230
966 1231
966 1233
967 5
967 72
967 135
967 199
967 264
967 329
967 392
967 457
967 521
967 581
967 648
967 712
967 773
967 775
967 839
967 841
967 903
967 905
967 1031
967 1033
967 1093
967 1095
967 1157
967 1159
967 1225
968 609
968 776
968 840
968 904
968 1032
968 1063
968 1096
968 1160
969 10
969 12
969 47
969 101
969 132
969 137
969 139
969 150
969 164
969 192
969 193
969 202
969 205
969 224
969 225
969 227
969 228
969 239
969 245
969 258
969 263
969 275
969 284
969 289
969 292
969 311
969 320
969 327
969 331
969 333
969 338
969 342
969 347
969 350
969 352
969 353
969 356
969 358
969 367
969 391
969 397
969 402
969 411
969 412
969 417
969 419
969 420
969 428
969 431
969 437
969 448
969 455
969 461
969 470
969 482
969 483
969 484
969 492
969 523
969 530
969 539
969 547
969 580
969 587
969 598
969 603
969 613
969 614
969 651
969 662
969 668
969 675
969 676
969 677
969 713
969 731
969 732
969 733
969 739
969 775
969 777
969 778
969 797
969 800
969 805
969 806
969 812
969 836
969 839
969 841
969 843
969 845
969 854
969 866
969 868
969 869
969 870
969 903
969 905
969 907
969 918
969 923
969 925
969 928
969 930
969 933
969 949
969 978
969 982
969 989
969 995
969 1028
969 1031
969 1033
969 1035
969 1053
969 1059
969 1061
969 1092
969 1097
969 1099
969 1110
969 1161
969 1165
969 1179
969 1181
969 1188
969 1190
969 1196
969 1206
969 1216
969 1227
969 1243
969 1246
969 1249
969 1250
969 1252
969 1253
969 1254
970 220
970 778
970 842
970 906
970 1034
970 1098
970 1162
971 9
971 11
971 22
971 35
971 36
971 37
971 71
971 98
971 132
971 134
971 139
971 143
971 145
971 150
971 157
971 162
971 163
971 165
971 196
971 203
971 205
971 209
971 214
971 219
971 221
971 225
971 226
971 227
971 229
971 245
971 260
971 263
971 267
971 268
971 271
971 273
971 274
971 278
971 283
971 284
971 285
971 288
971 289
971 290
971 291
971 292
971 293
971 294
971 311
971 324
971 331
971 333
971 335
971 337
971 342
971 348
971 349
971 350
971 353
971 354
971 355
971 357
971 358
971 388
971 391
971 395
971 397
971 399
971 401
971 406
971 411
971 413
971 418
971 419
971 420
971 421
971 422
971 428
971 437
971 448
971 452
971 459
971 463
971 465
971 470
971 475
971 482
971 483
971 484
971 486
971 492
971 516
971 518
971 519
971 523
971 527
971 529
971 534
971 541
971 542
971 546
971 547
971 549
971 550
971 565
971 580
971 582
971 583
971 587
971 590
971 591
971 593
971 598
971 605
971 610
971 611
971 612
971 613
971 644
971 647
971 651
971 655
971 657
971 662
971 667
971 669
971 674
971 675
971 676
971 677
971 708
971 715
971 718
971 719
971 721
971 726
971 732
971 733
971 736
971 738
971 740
971 741
971 772
971 778
971 779
971 783
971 785
971 795
971 797
971 802
971 804
971 806
971 812
971 836
971 843
971 846
971 847
971 849
971 868
971 869
971 900
971 902
971 907
971 911
971 913
971 923
971 925
971 930
971 931
971 964
971 975
971 977
971 978
971 982
971 994
971 997
971 998
971 1028
971 1030
971 1035
971 1039
971 1041
971 1053
971 1061
971 1092
971 1094
971 1099
971 1102
971 1103
971 1105
971 1110
971 1122
971 1124
971 1156
971 1159
971 1163
971 1165
971 1167
971 1169
971 1174
971 1179
971 1181
971 1185
971 1186
971 1189
971 1196
971 1216
971 1220
971 1222
971 1223
971 1231
971 1233
971 1238
971 1243
971 1246
971 1250
971 1253
972 498
972 780
972 844
972 908
972 1036
972 1100
972 1164
973 781
973 845
973 909
973 1037
973 1101
973 1165
974 6
974 14
974 15
974 17
974 29
974 34
974 78
974 134
974 142
974 143
974 145
974 162
974 163
974 198
974 206
974 207
974 209
974 221
974 226
974 260
974 262
974 270
974 271
974 273
974 274
974 278
974 285
974 290
974 291
974 294
974 326
974 334
974 335
974 337
974 349
974 355
974 388
974 390
974 398
974 399
974 401
974 406
974 418
974 452
974 454
974 462
974 463
974 465
974 475
974 516
974 518
974 526
974 527
974 529
974 546
974 549
974 582
974 590
974 591
974 593
974 610
974 644
974 646
974 654
974 655
974 657
974 708
974 710
974 718
974 721
974 726
974 738
974 774
974 779
974 782
974 783
974 785
974 802
974 804
974 838
974 846
974 849
974 902
974 910
974 911
974 913
974 966
974 975
974 977
974 994
974 1030
974 1038
974 1041
974 1094
974 1102
974 1105
974 1156
974 1158
974 1159
974 1163
974 1166
974 1167
974 1169
974 1174
974 1186
974 1189
974 1222
974 1230
974 1231
974 1233
975 4
975 15
975 34
975 35
975 37
975 38
975 70
975 79
975 81
975 132
975 134
975 139
975 142
975 143
975 145
975 157
975 162
975 163
975 165
975 196
975 198
975 203
975 206
975 207
975 209
975 214
975 219
975 221
975 226
975 229
975 260
975 262
975 267
975 268
975 270
975 271
975 273
975 274
975 278
975 283
975 285
975 288
975 290
975 291
975 293
975 294
975 324
975 326
975 334
975 335
975 337
975 348
975 349
975 354
975 355
975 357
975 388
975 390
975 391
975 395
975 398
975 399
975 401
975 406
975 413
975 418
975 421
975 422
975 452
975 454
975 459
975 462
975 463
975 465
975 475
975 482
975 486
975 516
975 518
975 519
975 526
975 527
975 529
975 534
975 541
975 542
975 546
975 549
975 550
975 565
975 582
975 583
975 590
975 591
975 593
975 605
975 610
975 611
975 612
975 644
975 646
975 647
975 654
975 655
975 657
975 667
975 669
975 674
975 708
975 710
975 715
975 718
975 719
975 721
975 726
975 736
975 738
975 740
975 741
975 772
975 774
975 779
975 782
975 783
975 785
975 795
975 802
975 804
975 838
975 846
975 847
975 849
975 900
975 902
975 910
975 911
975 913
975 931
975 964
975 966
975 971
975 974
975 977
975 994
975 997
975 998
975 1030
975 1038
975 1039
975 1041
975 1094
975 1102
975 1103
975 1105
975 1122
975 1124
975 1156
975 1158
975 1159
975 1163
975 1166
975 1167
975 1169
975 1174
975 1185
975 1186
975 1189
975 1220
975 1222
975 1223
975 1230
975 1231
975 1233
975 1238
975 1243
976 369
976 784
976 848
976 912
976 1040
976 1104
976 1168
976 1262
977 4
977 34
977 35
977 37
977 38
977 70
977 79
977 81
977 132
977 134
977 139
977 142
977 143
977 145
977 157
977 162
977 163
977 165
977 196
977 198
977 203
977 206
977 207
977 209
977 214
977 219
977 221
977 226
977 229
977 260
977 262
977 267
977 268
977 271
977 273
977 274
977 278
977 283
977 285
977 288
977 290
977 291
977 293
977 294
977 324
977 326
977 334
977 335
977 337
977 348
977 349
977 354
977 355
977 357
977 388
977 390
977 391
977 395
977 398
977 399
977 401
977 406
977 413
977 418
977 421
977 422
977 452
977 454
977 459
977 462
977 463
977 465
977 470
977 475
977 482
977 486
977 516
977 518
977 519
977 526
977 527
977 529
977 534
977 541
977 542
977 546
977 549
977 550
977 565
977 582
977 583
977 590
977 591
977 593
977 605
977 610
977 611
977 612
977 644
977 646
977 647
977 654
977 655
977 657
977 667
977 669
977 674
977 677
977 708
977 710
977 715
977 718
977 719
977 721
977 726
977 733
977 736
977 738
977 740
977 741
977 772
977 774
977 779
977 782
977 783
977 785
977 795
977 802
977 804
977 806
977 836
977 838
977 846
977 847
977 849
977 900
977 902
977 910
977 911
977 913
977 930
977 931
977 964
977 966
977 971
977 974
977 975
977 978
977 994
977 997
977 998
977 1028
977 1030
977 1038
977 1039
977 1041
977 1094
977 1102
977 1103
977 1105
977 1122
977 1124
977 1156
977 1158
977 1159
977 1163
977 1166
977 1167
977 1169
977 1174
977 1185
977 1186
977 1189
977 1220
977 1222
977 1223
977 1230
977 1231
977 1233
977 1238
977 1243
977 1253
978 0
978 9
978 18
978 22
978 36
978 44
978 53
978 68
978 71
978 93
978 132
978 137
978 139
978 143
978 150
978 157
978 162
978 163
978 164
978 165
978 192
978 193
978 196
978 203
978 205
978 214
978 219
978 224
978 225
978 227
978 229
978 239
978 245
978 258
978 263
978 267
978 268
978 274
978 278
978 283
978 284
978 285
978 288
978 289
978 291
978 292
978 293
978 294
978 311
978 320
978 324
978 327
978 331
978 333
978 342
978 348
978 349
978 350
978 352
978 353
978 354
978 355
978 357
978 358
978 367
978 388
978 391
978 395
978 397
978 406
978 411
978 413
978 417
978 418
978 419
978 420
978 421
978 422
978 428
978 437
978 448
978 452
978 455
978 459
978 470
978 475
978 482
978 483
978 484
978 486
978 492
978 516
978 519
978 523
978 530
978 534
978 541
978 542
978 546
978 547
978 549
978 550
978 565
978 580
978 583
978 587
978 591
978 598
978 605
978 610
978 611
978 612
978 613
978 614
978 644
978 647
978 651
978 655
978 662
978 667
978 668
978 669
978 674
978 675
978 676
978 677
978 708
978 715
978 719
978 726
978 732
978 733
978 736
978 738
978 739
978 740
978 741
978 772
978 778
978 779
978 786
978 795
978 797
978 800
978 802
978 804
978 806
978 812
978 836
978 843
978 847
978 850
978 866
978 868
978 869
978 900
978 903
978 907
978 911
978 913
978 914
978 923
978 925
978 930
978 931
978 964
978 969
978 971
978 977
978 982
978 994
978 995
978 997
978 998
978 1028
978 1035
978 1039
978 1041
978 1042
978 1053
978 1061
978 1092
978 1099
978 1103
978 1105
978 1106
978 1110
978 1122
978 1124
978 1156
978 1159
978 1163
978 1165
978 1167
978 1170
978 1174
978 1179
978 1181
978 1185
978 1186
978 1188
978 1189
978 1196
978 1216
978 1220
978 1223
978 1231
978 1233
978 1238
978 1243
978 1246
978 1250
978 1253
979 195
979 787
979 851
979 915
979 1043
979 1107
979 1171
980 619
980 788
980 852
980 916
980 1044
980 1108
980 1172
981 23
981 789
981 853
981 917
981 1045
981 1109
981 1173
982 0
982 18
982 22
982 36
982 44
982 53
982 68
982 86
982 93
982 99
982 132
982 137
982 139
982 143
982 150
982 157
982 162
982 163
982 164
982 165
982 192
982 193
982 196
982 203
982 205
982 214
982 219
982 224
982 225
982 227
982 229
982 239
982 245
982 258
982 263
982 267
982 268
982 274
982 278
982 283
982 284
982 285
982 288
982 289
982 291
982 292
982 293
982 311
982 320
982 324
982 327
982 331
982 333
982 342
982 347
982 348
982 350
982 352
982 353
982 354
982 355
982 356
982 357
982 358
982 367
982 391
982 395
982 397
982 406
982 411
982 413
982 417
982 419
982 420
982 421
982 422
982 428
982 437
982 448
982 452
982 455
982 459
982 470
982 475
982 482
982 483
982 484
982 486
982 492
982 516
982 519
982 523
982 530
982 534
982 539
982 541
982 542
982 547
982 549
982 550
982 565
982 580
982 583
982 587
982 598
982 605
982 611
982 612
982 613
982 614
982 644
982 647
982 651
982 655
982 662
982 667
982 668
982 669
982 674
982 675
982 676
982 677
982 708
982 715
982 719
982 726
982 732
982 733
982 736
982 738
982 739
982 740
982 741
982 772
982 778
982 779
982 790
982 795
982 797
982 800
982 804
982 806
982 812
982 836
982 843
982 847
982 854
982 866
982 868
982 869
982 900
982 903
982 907
982 911
982 918
982 923
982 925
982 930
982 931
982 949
982 964
982 969
982 971
982 978
982 994
982 995
982 997
982 998
982 1028
982 1035
982 1039
982 1041
982 1046
982 1053
982 1061
982 1092
982 1099
982 1103
982 1110
982 1122
982 1124
982 1156
982 1159
982 1163
982 1165
982 1167
982 1174
982 1179
982 1181
982 1185
982 1188
982 1189
982 1196
982 1216
982 1220
982 1223
982 1227
982 1231
982 1238
982 1243
982 1246
982 1250
982 1253
983 440
983 791
983 855
983 919
983 1047
983 1111
983 1175
984 382
984 792
984 856
984 891
984 920
984 1048
984 1112
984 1176
985 121
985 793
985 813
985 857
985 921
985 1049
985 1067
985 1113
985 1177
986 588
986 794
986 858
986 899
986 922
986 1050
986 1114
986 1178
987 328
987 795
987 859
987 923
987 1051
987 1115
987 1179
988 1
988 21
988 91
988 201
988 202
988 228
988 230
988 247
988 257
988 275
988 338
988 402
988 412
988 431
988 449
988 461
988 477
988 589
988 603
988 608
988 713
988 731
988 775
988 789
988 790
988 796
988 801
988 805
988 819
988 839
988 845
988 854
988 860
988 870
988 918
988 924
988 928
988 932
988 933
988 989
988 1031
988 1052
988 1059
988 1097
988 1116
988 1125
988 1162
988 1170
988 1180
988 1190
988 1206
988 1249
988 1252
988 1254
988 1270
989 51
989 91
989 137
989 164
989 192
989 193
989 201
989 202
989 224
989 228
989 230
989 239
989 247
989 258
989 275
989 320
989 327
989 338
989 347
989 352
989 356
989 367
989 402
989 412
989 417
989 431
989 449
989 455
989 461
989 477
989 530
989 539
989 589
989 603
989 608
989 614
989 668
989 713
989 731
989 739
989 775
989 789
989 790
989 797
989 800
989 805
989 819
989 839
989 843
989 845
989 854
989 861
989 866
989 870
989 903
989 907
989 918
989 925
989 928
989 933
989 949
989 969
989 988
989 995
989 1031
989 1053
989 1059
989 1097
989 1117
989 1162
989 1170
989 1181
989 1188
989 1190
989 1206
989 1227
989 1249
989 1252
989 1254
989 1270
990 798
990 862
990 926
990 1054
990 1118
990 1182
991 313
991 425
991 734
991 799
991 863
991 927
991 1055
991 1119
991 1183
992 800
992 864
992 928
992 965
992 1056
992 1120
992 1184
993 768
993 801
993 859
993 865
993 929
993 1057
993 1121
993 1185
994 4
994 9
994 11
994 35
994 37
994 38
994 71
994 79
994 81
994 98
994 132
994 134
994 139
994 142
994 143
994 145
994 150
994 157
994 162
994 163
994 165
994 196
994 198
994 203
994 205
994 207
994 209
994 214
994 219
994 221
994 226
994 227
994 229
994 260
994 262
994 263
994 267
994 268
994 271
994 273
994 274
994 278
994 283
994 285
994 288
994 289
994 290
994 291
994 292
994 293
994 294
994 311
994 324
994 326
994 335
994 337
994 348
994 349
994 350
994 353
994 354
994 355
994 357
994 358
994 388
994 390
994 391
994 395
994 397
994 398
994 399
994 401
994 406
994 411
994 413
994 418
994 420
994 421
994 422
994 437
994 448
994 452
994 454
994 459
994 463
994 465
994 470
994 475
994 482
994 483
994 484
994 486
994 516
994 518
994 519
994 523
994 527
994 529
994 534
994 541
994 542
994 546
994 547
994 549
994 550
994 565
994 580
994 582
994 583
994 590
994 591
994 593
994 605
994 610
994 611
994 612
994 613
994 644
994 646
994 647
994 651
994 655
994 657
994 667
994 669
994 674
994 676
994 677
994 708
994 710
994 715
994 718
994 719
994 721
994 726
994 732
994 733
994 736
994 738
994 740
994 741
994 772
994 774
994 778
994 779
994 783
994 785
994 795
994 797
994 802
994 804
994 806
994 836
994 838
994 846
994 847
994 849
994 866
994 868
994 900
994 902
994 910
994 911
994 913
994 925
994 930
994 931
994 964
994 966
994 971
994 974
994 975
994 977
994 978
994 982
994 997
994 998
994 1028
994 1030
994 1035
994 1038
994 1039
994 1041
994 1058
994 1061
994 1092
994 1094
994 1099
994 1102
994 1103
994 1105
994 1110
994 1122
994 1124
994 1156
994 1158
994 1159
994 1163
994 1166
994 1167
994 1169
994 1174
994 1185
994 1186
994 1189
994 1196
994 1216
994 1220
994 1222
994 1223
994 1230
994 1231
994 1233
994 1238
994 1243
994 1246
994 1250
994 1253
995 10
995 12
995 47
995 101
995 132
995 137
995 139
995 150
995 164
995 192
995 193
995 202
995 205
995 224
995 225
995 227
995 228
995 239
995 245
995 258
995 263
995 275
995 284
995 289
995 292
995 311
995 320
995 327
995 331
995 333
995 338
995 342
995 347
995 350
995 352
995 353
995 356
995 358
995 367
995 391
995 397
995 402
995 411
995 412
995 417
995 419
995 420
995 428
995 431
995 437
995 448
995 455
995 461
995 470
995 482
995 483
995 484
995 492
995 523
995 530
995 539
995 547
995 580
995 587
995 598
995 603
995 613
995 614
995 651
995 662
995 668
995 675
995 676
995 677
995 713
995 731
995 732
995 733
995 739
995 775
995 778
995 797
995 800
995 803
995 805
995 806
995 812
995 836
995 839
995 843
995 845
995 854
995 866
995 867
995 868
995 869
995 870
995 903
995 907
995 918
995 923
995 925
995 928
995 930
995 931
995 933
995 949
995 969
995 978
995 982
995 989
995 1028
995 1031
995 1035
995 1053
995 1059
995 1061
995 1092
995 1099
995 1110
995 1123
995 1165
995 1179
995 1181
995 1187
995 1188
995 1190
995 1196
995 1206
995 1216
995 1227
995 1243
995 1246
995 1249
995 1250
995 1252
995 1253
995 1254
996 804
996 868
996 932
996 1060
996 1124
996 1188
997 9
997 11
997 22
997 36
997 68
997 71
997 98
997 132
997 139
997 143
997 145
997 150
997 157
997 162
997 163
997 164
997 165
997 192
997 193
997 196
997 203
997 205
997 214
997 219
997 221
997 224
997 225
997 227
997 229
997 245
997 260
997 263
997 267
997 268
997 271
997 274
997 278
997 283
997 284
997 285
997 288
997 289
997 290
997 291
997 292
997 293
997 294
997 311
997 324
997 331
997 333
997 335
997 337
997 342
997 348
997 349
997 350
997 353
997 354
997 355
997 357
997 358
997 388
997 391
997 395
997 397
997 399
997 401
997 406
997 411
997 413
997 418
997 419
997 420
997 421
997 422
997 428
997 437
997 448
997 452
997 455
997 459
997 465
997 470
997 475
997 482
997 483
997 484
997 486
997 492
997 516
997 518
997 519
997 523
997 527
997 534
997 541
997 542
997 546
997 547
997 549
997 550
997 565
997 580
997 583
997 587
997 591
997 593
997 598
997 605
997 610
997 611
997 612
997 613
997 644
997 647
997 651
997 655
997 657
997 662
997 667
997 668
997 669
997 674
997 675
997 676
997 677
997 708
997 715
997 718
997 719
997 721
997 726
997 732
997 733
997 736
997 738
997 740
997 741
997 772
997 778
997 779
997 783
997 785
997 795
997 797
997 802
997 804
997 805
997 806
997 812
997 836
997 847
997 849
997 868
997 869
997 900
997 902
997 903
997 911
997 913
997 923
997 925
997 930
997 931
997 933
997 964
997 971
997 975
997 977
997 978
997 982
997 994
997 998
997 1028
997 1030
997 1035
997 1039
997 1041
997 1053
997 1061
997 1092
997 1094
997 1099
997 1102
997 1103
997 1105
997 1110
997 1122
997 1124
997 1125
997 1156
997 1159
997 1163
997 1165
997 1167
997 1169
997 1174
997 1179
997 1181
997 1185
997 1186
997 1189
997 1196
997 1216
997 1220
997 1222
997 1223
997 1231
997 1233
997 1238
997 1243
997 1246
997 1250
997 1253
998 9
998 11
998 22
998 35
998 36
998 37
998 71
998 79
998 98
998 132
998 134
998 139
998 142
998 143
998 145
998 150
998 157
998 162
998 163
998 165
998 196
998 203
998 205
998 207
998 209
998 214
998 219
998 221
998 225
998 226
998 227
998 229
998 260
998 263
998 267
998 268
998 271
998 273
998 274
998 278
998 283
998 284
998 285
998 288
998 289
998 290
998 291
998 292
998 293
998 294
998 311
998 324
998 331
998 335
998 337
998 348
998 349
998 350
998 353
998 354
998 355
998 357
998 358
998 388
998 390
998 391
998 395
998 397
998 399
998 401
998 406
998 411
998 413
998 418
998 419
998 420
998 421
998 422
998 428
998 437
998 448
998 452
998 454
998 459
998 463
998 465
998 470
998 475
998 482
998 483
998 484
998 486
998 492
998 516
998 518
998 519
998 523
998 527
998 529
998 534
998 541
998 542
998 546
998 547
998 549
998 550
998 565
998 580
998 582
998 583
998 587
998 590
998 591
998 593
998 598
998 605
998 610
998 611
998 612
998 613
998 644
998 646
998 647
998 651
998 655
998 657
998 667
998 669
998 674
998 675
998 676
998 677
998 708
998 715
998 718
998 719
998 721
998 726
998 732
998 733
998 736
998 738
998 740
998 741
998 772
998 778
998 779
998 783
998 785
998 795
998 797
998 802
998 804
998 806
998 836
998 838
998 846
998 847
998 849
998 868
998 869
998 870
998 900
998 902
998 911
998 913
998 923
998 925
998 930
998 931
998 934
998 964
998 966
998 971
998 975
998 977
998 978
998 982
998 994
998 997
998 1028
998 1030
998 1035
998 1038
998 1039
998 1041
998 1061
998 1062
998 1092
998 1094
998 1099
998 1102
998 1103
998 1105
998 1110
998 1122
998 1124
998 1126
998 1156
998 1159
998 1163
998 1165
998 1167
998 1169
998 1174
998 1179
998 1181
998 1185
998 1186
998 1189
998 1190
998 1196
998 1216
998 1220
998 1222
998 1223
998 1231
998 1233
998 1238
998 1243
998 1246
998 1250
998 1253
999 211
999 807
999 871
999 935
999 1063
999 1127
999 1191
1000 808
1000 872
1000 936
1000 1064
1000 1128
1000 1192
1001 809
1001 873
1001 937
1001 1065
1001 1129
1001 1193
1002 332
1002 737
1002 810
1002 874
1002 938
1002 1066
1002 1130
1002 1194
1003 506
1003 811
1003 875
1003 939
1003 1067
1003 1131
1003 1195
1004 323
1004 812
1004 876
1004 940
1004 1068
1004 1132
1004 1196
1004 1208
1004 1266
1005 813
1005 877
1005 941
1005 1069
1005 1133
1005 1197
1005 1272
1006 185
1006 602
1006 814
1006 872
1006 878
1006 942
1006 1070
1006 1134
1006 1198
1006 1277
1007 815
1007 879
1007 943
1007 1071
1007 1135
1007 1199
1007 1214
1008 816
1008 880
1008 944
1008 1072
1008 1136
1008 1200
1009 472
1009 817
1009 881
1009 945
1009 1073
1009 1137
1009 1201
1010 52
1010 366
1010 818
1010 882
1010 946
1010 1074
1010 1121
1010 1138
1010 1202
1011 305
1011 438
1011 819
1011 883
1011 947
1011 1075
1011 1139
1011 1203
1012 259
1012 280
1012 820
1012 884
1012 948
1012 952
1012 1071
1012 1076
1012 1140
1012 1204
1013 821
1013 885
1013 949
1013 1077
1013 1141
1013 1205
1014 426
1014 434
1014 822
1014 886
1014 950
1014 1078
1014 1142
1014 1206
1014 1267
1015 823
1015 887
1015 951
1015 1022
1015 1079
1015 1143
1015 1207
1016 615
1016 824
1016 888
1016 952
1016 1080
1016 1144
1016 1208
1017 535
1017 634
1017 825
1017 889
1017 953
1017 1081
1017 1145
1017 1209
1018 826
1018 877
1018 890
1018 954
1018 1082
1018 1146
1018 1210
1019 663
1019 827
1019 891
1019 955
1019 1083
1019 1147
1019 1211
1020 828
1020 892
1020 956
1020 1084
1020 1148
1020 1212
1021 249
1021 829
1021 893
1021 957
1021 1085
1021 1149
1021 1213
1022 830
1022 894
1022 958
1022 1015
1022 1086
1022 1150
1022 1214
1023 107
1023 810
1023 831
1023 895
1023 959
1023 1087
1023 1151
1023 1215
1024 645
1024 832
1024 896
1024 960
1024 1088
1024 1142
1024 1152
1024 1216
1025 809
1025 833
1025 897
1025 961
1025 1089
1025 1153
1025 1217
1026 551
1026 787
1026 834
1026 898
1026 904
1026 962
1026 1090
1026 1154
1026 1218
1027 89
1027 835
1027 899
1027 963
1027 1091
1027 1155
1027 1219
1028 0
1028 18
1028 22
1028 36
1028 44
1028 53
1028 68
1028 86
1028 93
1028 132
1028 139
1028 150
1028 192
1028 193
1028 196
1028 203
1028 205
1028 214
1028 219
1028 224
1028 225
1028 227
1028 229
1028 239
1028 245
1028 258
1028 263
1028 267
1028 268
1028 274
1028 278
1028 283
1028 284
1028 285
1028 288
1028 289
1028 291
1028 292
1028 293
1028 294
1028 311
1028 320
1028 324
1028 327
1028 331
1028 333
1028 342
1028 348
1028 350
1028 352
1028 353
1028 354
1028 355
1028 356
1028 357
1028 358
1028 367
1028 388
1028 391
1028 395
1028 397
1028 406
1028 411
1028 413
1028 417
1028 418
1028 419
1028 420
1028 421
1028 422
1028 428
1028 437
1028 448
1028 452
1028 455
1028 459
1028 470
1028 475
1028 482
1028 483
1028 484
1028 486
1028 492
1028 516
1028 519
1028 523
1028 530
1028 534
1028 541
1028 542
1028 546
1028 547
1028 549
1028 550
1028 565
1028 580
1028 583
1028 587
1028 591
1028 598
1028 605
1028 610
1028 611
1028 612
1028 613
1028 614
1028 644
1028 647
1028 651
1028 655
1028 662
1028 667
1028 668
1028 669
1028 674
1028 675
1028 676
1028 677
1028 708
1028 715
1028 719
1028 726
1028 732
1028 733
1028 736
1028 738
1028 739
1028 740
1028 741
1028 772
1028 778
1028 779
1028 795
1028 797
1028 800
1028 802
1028 804
1028 806
1028 812
1028 836
1028 843
1028 847
1028 866
1028 868
1028 869
1028 900
1028 903
1028 907
1028 911
1028 913
1028 923
1028 925
1028 930
1028 931
1028 964
1028 969
1028 971
1028 977
1028 978
1028 982
1028 994
1028 995
1028 997
1028 998
1028 1035
1028 1039
1028 1041
1028 1053
1028 1061
1028 1092
1028 1099
1028 1103
1028 1105
1028 1110
1028 1122
1028 1124
1028 1156
1028 1159
1028 1163
1028 1165
1028 1167
1028 1174
1028 1179
1028 1181
1028 1185
1028 1186
1028 1188
1028 1189
1028 1196
1028 1216
1028 1220
1028 1223
1028 1231
1028 1238
1028 1243
1028 1246
1028 1250
1028 1253
1029 649
1029 837
1029 901
1029 965
1029 1093
1029 1157
1029 1221
1030 4
1030 6
1030 15
1030 29
1030 34
1030 38
1030 70
1030 78
1030 81
1030 134
1030 142
1030 145
1030 196
1030 198
1030 203
1030 206
1030 207
1030 209
1030 221
1030 226
1030 260
1030 262
1030 267
1030 270
1030 271
1030 273
1030 274
1030 278
1030 285
1030 290
1030 291
1030 293
1030 294
1030 324
1030 326
1030 334
1030 335
1030 337
1030 348
1030 349
1030 354
1030 355
1030 357
1030 388
1030 390
1030 395
1030 398
1030 399
1030 401
1030 406
1030 413
1030 418
1030 421
1030 422
1030 452
1030 454
1030 459
1030 462
1030 463
1030 465
1030 475
1030 486
1030 516
1030 518
1030 519
1030 526
1030 527
1030 529
1030 534
1030 546
1030 549
1030 550
1030 582
1030 590
1030 591
1030 593
1030 605
1030 610
1030 612
1030 644
1030 646
1030 647
1030 654
1030 655
1030 657
1030 667
1030 669
1030 674
1030 708
1030 710
1030 715
1030 718
1030 719
1030 721
1030 726
1030 738
1030 740
1030 772
1030 774
1030 779
1030 782
1030 783
1030 785
1030 795
1030 802
1030 804
1030 838
1030 846
1030 847
1030 849
1030 900
1030 902
1030 910
1030 911
1030 913
1030 931
1030 964
1030 966
1030 971
1030 974
1030 975
1030 977
1030 994
1030 997
1030 998
1030 1038
1030 1039
1030 1041
1030 1094
1030 1102
1030 1103
1030 1105
1030 1124
1030 1156
1030 1158
1030 1159
1030 1163
1030 1166
1030 1167
1030 1169
1030 1174
1030 1185
1030 1186
1030 1189
1030 1220
1030 1222
1030 1223
1030 1230
1030 1231
1030 1233
1031 51
1031 192
1031 193
1031 201
1031 202
1031 205
1031 224
1031 225
1031 228
1031 230
1031 239
1031 245
1031 247
1031 258
1031 275
1031 284
1031 292
1031 320
1031 327
1031 331
1031 333
1031 338
1031 342
1031 347
1031 352
1031 356
1031 367
1031 402
1031 412
1031 417
1031 419
1031 428
1031 431
1031 449
1031 455
1031 461
1031 477
1031 492
1031 530
1031 539
1031 587
1031 589
1031 598
1031 603
1031 608
1031 614
1031 662
1031 668
1031 675
1031 713
1031 731
1031 739
1031 775
1031 789
1031 790
1031 800
1031 805
1031 812
1031 819
1031 839
1031 843
1031 845
1031 854
1031 866
1031 869
1031 870
1031 903
1031 907
1031 918
1031 923
1031 928
1031 933
1031 949
1031 967
1031 969
1031 988
1031 989
1031 995
1031 1053
1031 1059
1031 1095
1031 1097
1031 1159
1031 1162
1031 1165
1031 1179
1031 1181
1031 1188
1031 1190
1031 1206
1031 1223
1031 1227
1031 1249
1031 1252
1031 1254
1032 310
1032 396
1032 840
1032 904
1032 968
1032 1096
1032 1160
1032 1224
1032 1229
1033 5
1033 72
1033 135
1033 199
1033 264
1033 329
1033 392
1033 457
1033 521
1033 581
1033 648
1033 712
1033 773
1033 841
1033 905
1033 967
1033 969
1033 1093
1033 1097
1033 1157
1033 1161
1033 1225
1034 842
1034 906
1034 970
1034 1098
1034 1162
1034 1226
1034 1260
1035 0
1035 18
1035 44
1035 53
1035 68
1035 86
1035 93
1035 99
1035 101
1035 139
1035 150
1035 164
1035 192
1035 193
1035 196
1035 202
1035 203
1035 205
1035 214
1035 219
1035 224
1035 225
1035 227
1035 228
1035 229
1035 239
1035 245
1035 258
1035 263
1035 267
1035 268
1035 275
1035 283
1035 284
1035 288
1035 289
1035 292
1035 293
1035 311
1035 320
1035 324
1035 327
1035 331
1035 333
1035 342
1035 347
1035 348
1035 350
1035 352
1035 353
1035 354
1035 356
1035 357
1035 358
1035 367
1035 391
1035 395
1035 397
1035 411
1035 413
1035 417
1035 419
1035 420
1035 421
1035 422
1035 428
1035 437
1035 448
1035 452
1035 455
1035 459
1035 470
1035 475
1035 482
1035 483
1035 484
1035 486
1035 492
1035 516
1035 519
1035 523
1035 530
1035 534
1035 539
1035 541
1035 542
1035 547
1035 549
1035 550
1035 565
1035 580
1035 583
1035 587
1035 598
1035 605
1035 611
1035 612
1035 613
1035 614
1035 647
1035 651
1035 662
1035 667
1035 668
1035 669
1035 674
1035 675
1035 676
1035 677
1035 715
1035 719
1035 726
1035 732
1035 733
1035 736
1035 739
1035 740
1035 741
1035 772
1035 778
1035 779
1035 795
1035 797
1035 800
1035 806
1035 812
1035 836
1035 843
1035 845
1035 847
1035 866
1035 868
1035 869
1035 900
1035 903
1035 907
1035 911
1035 923
1035 925
1035 930
1035 931
1035 933
1035 949
1035 964
1035 969
1035 971
1035 978
1035 982
1035 994
1035 995
1035 997
1035 998
1035 1028
1035 1039
1035 1041
1035 1053
1035 1061
1035 1092
1035 1099
1035 1103
1035 1110
1035 1122
1035 1124
1035 1156
1035 1159
1035 1163
1035 1165
1035 1179
1035 1181
1035 1185
1035 1188
1035 1189
1035 1190
1035 1196
1035 1216
1035 1220
1035 1223
1035 1227
1035 1231
1035 1238
1035 1243
1035 1246
1035 1250
1035 1253
1036 844
1036 908
1036 972
1036 1100
1036 1164
1036 1228
1037 845
1037 909
1037 973
1037 1101
1037 1165
1037 1229
1038 6
1038 15
1038 17
1038 29
1038 34
1038 78
1038 134
1038 142
1038 145
1038 196
1038 198
1038 203
1038 206
1038 207
1038 209
1038 221
1038 226
1038 260
1038 262
1038 267
1038 270
1038 271
1038 273
1038 274
1038 278
1038 285
1038 290
1038 291
1038 293
1038 294
1038 326
1038 334
1038 335
1038 337
1038 349
1038 354
1038 355
1038 357
1038 388
1038 390
1038 398
1038 399
1038 401
1038 406
1038 418
1038 452
1038 454
1038 462
1038 463
1038 465
1038 475
1038 516
1038 518
1038 526
1038 527
1038 529
1038 546
1038 549
1038 550
1038 582
1038 590
1038 591
1038 593
1038 605
1038 610
1038 612
1038 644
1038 646
1038 654
1038 655
1038 657
1038 669
1038 708
1038 710
1038 715
1038 718
1038 719
1038 721
1038 726
1038 738
1038 740
1038 772
1038 774
1038 779
1038 782
1038 783
1038 785
1038 795
1038 802
1038 804
1038 838
1038 846
1038 847
1038 849
1038 902
1038 910
1038 911
1038 913
1038 966
1038 974
1038 975
1038 977
1038 994
1038 998
1038 1030
1038 1041
1038 1094
1038 1102
1038 1105
1038 1124
1038 1156
1038 1158
1038 1159
1038 1163
1038 1166
1038 1167
1038 1169
1038 1174
1038 1186
1038 1189
1038 1222
1038 1230
1038 1231
1038 1233
1039 9
1039 11
1039 22
1039 36
1039 71
1039 98
1039 132
1039 139
1039 143
1039 157
1039 162
1039 163
1039 165
1039 196
1039 203
1039 205
1039 214
1039 219
1039 221
1039 224
1039 225
1039 227
1039 229
1039 245
1039 260
1039 263
1039 267
1039 268
1039 271
1039 273
1039 274
1039 278
1039 283
1039 284
1039 285
1039 288
1039 289
1039 290
1039 291
1039 292
1039 293
1039 294
1039 311
1039 324
1039 331
1039 333
1039 335
1039 337
1039 342
1039 348
1039 349
1039 350
1039 353
1039 354
1039 355
1039 357
1039 358
1039 388
1039 391
1039 395
1039 397
1039 399
1039 401
1039 406
1039 411
1039 413
1039 418
1039 419
1039 420
1039 421
1039 422
1039 428
1039 437
1039 448
1039 452
1039 455
1039 459
1039 463
1039 465
1039 470
1039 475
1039 482
1039 483
1039 484
1039 486
1039 492
1039 516
1039 518
1039 519
1039 523
1039 527
1039 529
1039 534
1039 541
1039 542
1039 546
1039 547
1039 549
1039 550
1039 565
1039 580
1039 583
1039 587
1039 590
1039 591
1039 593
1039 598
1039 605
1039 610
1039 611
1039 612
1039 613
1039 644
1039 647
1039 651
1039 655
1039 657
1039 662
1039 667
1039 668
1039 669
1039 674
1039 675
1039 676
1039 677
1039 708
1039 715
1039 718
1039 719
1039 721
1039 726
1039 732
1039 733
1039 736
1039 738
1039 740
1039 741
1039 772
1039 778
1039 779
1039 783
1039 785
1039 795
1039 797
1039 802
1039 804
1039 806
1039 812
1039 836
1039 846
1039 847
1039 849
1039 868
1039 869
1039 900
1039 902
1039 903
1039 911
1039 913
1039 923
1039 925
1039 930
1039 931
1039 964
1039 971
1039 975
1039 977
1039 978
1039 982
1039 994
1039 997
1039 998
1039 1028
1039 1030
1039 1035
1039 1041
1039 1053
1039 1061
1039 1092
1039 1094
1039 1099
1039 1102
1039 1103
1039 1105
1039 1110
1039 1122
1039 1124
1039 1156
1039 1159
1039 1163
1039 1165
1039 1167
1039 1169
1039 1174
1039 1179
1039 1181
1039 1185
1039 1186
1039 1189
1039 1196
1039 1216
1039 1220
1039 1222
1039 1223
1039 1231
1039 1233
1039 1238
1039 1243
1039 1246
1039 1250
1039 1253
1040 848
1040 912
1040 976
1040 1104
1040 1168
1040 1232
1041 4
1041 9
1041 11
1041 35
1041 37
1041 38
1041 70
1041 71
1041 79
1041 81
1041 98
1041 143
1041 157
1041 162
1041 163
1041 165
1041 196
1041 198
1041 203
1041 207
1041 209
1041 214
1041 219
1041 221
1041 226
1041 227
1041 229
1041 260
1041 262
1041 263
1041 267
1041 268
1041 271
1041 273
1041 274
1041 278
1041 283
1041 285
1041 288
1041 289
1041 290
1041 291
1041 293
1041 294
1041 311
1041 324
1041 326
1041 335
1041 337
1041 348
1041 349
1041 350
1041 353
1041 354
1041 355
1041 357
1041 358
1041 388
1041 390
1041 391
1041 395
1041 397
1041 398
1041 399
1041 401
1041 406
1041 411
1041 413
1041 418
1041 420
1041 421
1041 422
1041 437
1041 448
1041 452
1041 454
1041 459
1041 463
1041 465
1041 470
1041 475
1041 482
1041 483
1041 484
1041 486
1041 516
1041 518
1041 519
1041 523
1041 527
1041 529
1041 534
1041 541
1041 542
1041 546
1041 547
1041 549
1041 550
1041 565
1041 580
1041 582
1041 583
1041 590
1041 591
1041 593
1041 605
1041 610
1041 611
1041 612
1041 613
1041 644
1041 646
1041 647
1041 651
1041 655
1041 657
1041 667
1041 669
1041 674
1041 676
1041 677
1041 708
1041 710
1041 715
1041 718
1041 719
1041 721
1041 726
1041 732
1041 733
1041 736
1041 738
1041 740
1041 741
1041 772
1041 774
1041 778
1041 779
1041 783
1041 785
1041 795
1041 797
1041 802
1041 804
1041 806
1041 836
1041 838
1041 846
1041 847
1041 849
1041 868
1041 900
1041 902
1041 910
1041 911
1041 913
1041 925
1041 930
1041 931
1041 964
1041 966
1041 971
1041 974
1041 975
1041 977
1041 978
1041 982
1041 994
1041 997
1041 998
1041 1028
1041 1030
1041 1035
1041 1038
1041 1039
1041 1061
1041 1092
1041 1094
1041 1099
1041 1102
1041 1103
1041 1105
1041 1110
1041 1122
1041 1124
1041 1156
1041 1158
1041 1159
1041 1163
1041 1166
1041 1167
1041 1169
1041 1174
1041 1185
1041 1186
1041 1189
1041 1196
1041 1220
1041 1222
1041 1223
1041 1230
1041 1231
1041 1233
1041 1238
1041 1243
1041 1250
1041 1253
1042 850
1042 914
1042 978
1042 1106
1042 1170
1042 1234
1043 490
1043 851
1043 915
1043 979
1043 1107
1043 1171
1043 1235
1044 254
1044 633
1044 852
1044 916
1044 980
1044 1108
1044 1172
1044 1236
1045 853
1045 917
1045 981
1045 1109
1045 1173
1045 1237
1046 269
1046 854
1046 918
1046 982
1046 1110
1046 1174
1046 1238
1047 855
1047 883
1047 919
1047 983
1047 1111
1047 1175
1047 1239
1048 251
1048 856
1048 920
1048 984
1048 1112
1048 1175
1048 1176
1048 1232
1048 1240
1049 857
1049 921
1049 985
1049 1113
1049 1177
1049 1241
1050 499
1050 751
1050 858
1050 922
1050 986
1050 1114
1050 1178
1050 1242
1051 495
1051 859
1051 923
1051 987
1051 1115
1051 1179
1051 1243
1052 860
1052 924
1052 988
1052 1116
1052 1180
1052 1244
1053 0
1053 10
1053 12
1053 18
1053 44
1053 47
1053 86
1053 99
1053 101
1053 137
1053 164
1053 192
1053 193
1053 202
1053 205
1053 214
1053 219
1053 224
1053 225
1053 227
1053 228
1053 229
1053 239
1053 245
1053 258
1053 263
1053 268
1053 275
1053 283
1053 284
1053 288
1053 289
1053 292
1053 311
1053 320
1053 324
1053 327
1053 331
1053 333
1053 338
1053 342
1053 347
1053 348
1053 350
1053 352
1053 353
1053 356
1053 358
1053 367
1053 391
1053 395
1053 397
1053 402
1053 411
1053 413
1053 417
1053 419
1053 420
1053 421
1053 422
1053 428
1053 437
1053 448
1053 455
1053 459
1053 470
1053 482
1053 483
1053 484
1053 486
1053 492
1053 519
1053 523
1053 530
1053 534
1053 539
1053 541
1053 542
1053 547
1053 565
1053 580
1053 583
1053 587
1053 598
1053 611
1053 613
1053 614
1053 647
1053 651
1053 662
1053 667
1053 668
1053 674
1053 675
1053 676
1053 677
1053 732
1053 733
1053 736
1053 739
1053 741
1053 775
1053 778
1053 797
1053 800
1053 805
1053 806
1053 812
1053 836
1053 839
1053 843
1053 845
1053 854
1053 861
1053 866
1053 868
1053 869
1053 870
1053 900
1053 903
1053 907
1053 923
1053 925
1053 928
1053 930
1053 931
1053 933
1053 949
1053 964
1053 969
1053 971
1053 978
1053 982
1053 989
1053 995
1053 997
1053 1028
1053 1031
1053 1035
1053 1039
1053 1059
1053 1061
1053 1092
1053 1099
1053 1103
1053 1110
1053 1117
1053 1122
1053 1165
1053 1179
1053 1181
1053 1185
1053 1188
1053 1190
1053 1196
1053 1206
1053 1216
1053 1220
1053 1223
1053 1227
1053 1238
1053 1243
1053 1245
1053 1246
1053 1249
1053 1250
1053 1253
1054 537
1054 862
1054 926
1054 990
1054 1118
1054 1182
1054 1201
1054 1246
1055 204
1055 387
1055 621
1055 664
1055 863
1055 927
1055 991
1055 1119
1055 1183
1055 1247
1056 864
1056 928
1056 992
1056 1120
1056 1184
1056 1248
1057 865
1057 929
1057 993
1057 1121
1057 1185
1057 1249
1058 500
1058 866
1058 930
1058 994
1058 1122
1058 1186
1058 1250
1059 51
1059 91
1059 192
1059 193
1059 201
1059 202
1059 224
1059 228
1059 230
1059 239
1059 245
1059 247
1059 258
1059 275
1059 320
1059 327
1059 333
1059 338
1059 342
1059 347
1059 352
1059 356
1059 367
1059 402
1059 412
1059 417
1059 431
1059 449
1059 455
1059 461
1059 477
1059 530
1059 539
1059 589
1059 603
1059 608
1059 614
1059 662
1059 668
1059 713
1059 731
1059 739
1059 775
1059 789
1059 790
1059 800
1059 805
1059 812
1059 819
1059 839
1059 843
1059 845
1059 854
1059 866
1059 867
1059 870
1059 903
1059 907
1059 918
1059 928
1059 931
1059 933
1059 949
1059 969
1059 988
1059 989
1059 995
1059 1031
1059 1053
1059 1097
1059 1123
1059 1162
1059 1170
1059 1187
1059 1188
1059 1190
1059 1206
1059 1227
1059 1249
1059 1251
1059 1252
1059 1254
1059 1270
1060 791
1060 868
1060 932
1060 996
1060 1124
1060 1188
1060 1252
1061 0
1061 18
1061 44
1061 53
1061 68
1061 86
1061 93
1061 99
1061 101
1061 132
1061 139
1061 150
1061 164
1061 192
1061 193
1061 196
1061 202
1061 203
1061 205
1061 214
1061 219
1061 224
1061 225
1061 227
1061 229
1061 239
1061 245
1061 258
1061 263
1061 267
1061 268
1061 275
1061 283
1061 284
1061 288
1061 289
1061 291
1061 292
1061 293
1061 311
1061 320
1061 324
1061 327
1061 331
1061 333
1061 342
1061 347
1061 348
1061 350
1061 352
1061 353
1061 354
1061 356
1061 357
1061 358
1061 367
1061 391
1061 395
1061 397
1061 411
1061 413
1061 417
1061 419
1061 420
1061 421
1061 422
1061 428
1061 437
1061 448
1061 452
1061 455
1061 459
1061 470
1061 475
1061 482
1061 483
1061 484
1061 486
1061 492
1061 516
1061 519
1061 523
1061 530
1061 534
1061 539
1061 541
1061 542
1061 547
1061 549
1061 550
1061 565
1061 580
1061 583
1061 587
1061 598
1061 605
1061 611
1061 612
1061 613
1061 614
1061 647
1061 651
1061 655
1061 662
1061 667
1061 668
1061 669
1061 674
1061 675
1061 676
1061 677
1061 715
1061 719
1061 726
1061 732
1061 733
1061 736
1061 739
1061 740
1061 741
1061 772
1061 778
1061 779
1061 795
1061 797
1061 800
1061 806
1061 812
1061 836
1061 843
1061 845
1061 847
1061 866
1061 868
1061 869
1061 900
1061 903
1061 907
1061 911
1061 923
1061 925
1061 930
1061 931
1061 933
1061 949
1061 964
1061 969
1061 971
1061 978
1061 982
1061 994
1061 995
1061 997
1061 998
1061 1028
1061 1035
1061 1039
1061 1041
1061 1053
1061 1092
1061 1099
1061 1103
1061 1110
1061 1122
1061 1124
1061 1125
1061 1156
1061 1159
1061 1165
1061 1179
1061 1181
1061 1185
1061 1188
1061 1189
1061 1196
1061 1216
1061 1220
1061 1223
1061 1227
1061 1231
1061 1238
1061 1243
1061 1246
1061 1250
1061 1253
1062 870
1062 934
1062 998
1062 1126
1062 1190
1062 1254
1063 609
1063 871
1063 935
1063 968
1063 999
1063 1127
1063 1191
1063 1255
1064 637
1064 694
1064 752
1064 872
1064 916
1064 936
1064 1000
1064 1128
1064 1192
1064 1256
1065 873
1065 937
1065 1001
1065 1129
1065 1193
1065 1257
1066 874
1066 938
1066 1002
1066 1072
1066 1130
1066 1194
1066 1258
1067 121
1067 813
1067 875
1067 939
1067 985
1067 1003
1067 1131
1067 1195
1067 1259
1068 876
1068 917
1068 940
1068 1004
1068 1132
1068 1196
1068 1260
1069 171
1069 191
1069 877
1069 941
1069 959
1069 1005
1069 1133
1069 1197
1069 1258
1069 1261
1070 760
1070 878
1070 942
1070 1006
1070 1134
1070 1198
1070 1262
1071 259
1071 280
1071 879
1071 943
1071 952
1071 1007
1071 1012
1071 1135
1071 1199
1071 1263
1072 880
1072 944
1072 1008
1072 1066
1072 1136
1072 1200
1072 1264
1073 238
1073 865
1073 881
1073 945
1073 1009
1073 1137
1073 1201
1073 1265
1074 223
1074 882
1074 946
1074 1010
1074 1138
1074 1149
1074 1202
1074 1244
1074 1266
1075 883
1075 947
1075 1011
1075 1139
1075 1203
1075 1267
1076 266
1076 884
1076 948
1076 1012
1076 1140
1076 1204
1076 1268
1077 59
1077 464
1077 885
1077 949
1077 1013
1077 1141
1077 1205
1077 1269
1078 252
1078 474
1078 886
1078 950
1078 1014
1078 1142
1078 1206
1078 1265
1078 1270
1079 887
1079 951
1079 1015
1079 1143
1079 1151
1079 1207
1079 1241
1079 1271
1080 888
1080 952
1080 1016
1080 1144
1080 1208
1080 1272
1081 889
1081 953
1081 1017
1081 1145
1081 1209
1081 1273
1082 560
1082 890
1082 954
1082 1018
1082 1146
1082 1210
1082 1274
1082 1279
1083 891
1083 955
1083 1019
1083 1147
1083 1211
1083 1275
1084 697
1084 892
1084 956
1084 1020
1084 1148
1084 1212
1084 1276
1085 893
1085 957
1085 1021
1085 1149
1085 1213
1085 1277
1086 848
1086 894
1086 958
1086 1022
1086 1150
1086 1214
1086 1278
1087 895
1087 959
1087 1023
1087 1151
1087 1215
1087 1279
1088 896
1088 960
1088 1024
1088 1152
1088 1216
1089 897
1089 961
1089 1025
1089 1153
1089 1217
1090 445
1090 898
1090 962
1090 1026
1090 1154
1090 1218
1091 433
1091 899
1091 963
1091 1027
1091 1111
1091 1150
1091 1155
1091 1219
1092 0
1092 18
1092 44
1092 53
1092 68
1092 86
1092 93
1092 99
1092 101
1092 132
1092 139
1092 150
1092 164
1092 205
1092 224
1092 225
1092 227
1092 245
1092 258
1092 263
1092 267
1092 268
1092 275
1092 283
1092 284
1092 288
1092 289
1092 291
1092 292
1092 293
1092 311
1092 320
1092 324
1092 327
1092 331
1092 333
1092 342
1092 347
1092 348
1092 350
1092 352
1092 353
1092 354
1092 356
1092 357
1092 358
1092 367
1092 391
1092 395
1092 397
1092 411
1092 413
1092 417
1092 419
1092 420
1092 421
1092 422
1092 428
1092 437
1092 448
1092 452
1092 455
1092 459
1092 470
1092 475
1092 482
1092 483
1092 484
1092 486
1092 492
1092 516
1092 519
1092 523
1092 530
1092 534
1092 539
1092 541
1092 542
1092 547
1092 549
1092 550
1092 565
1092 580
1092 583
1092 587
1092 598
1092 605
1092 611
1092 612
1092 613
1092 614
1092 647
1092 651
1092 655
1092 662
1092 667
1092 668
1092 669
1092 674
1092 675
1092 676
1092 677
1092 715
1092 719
1092 726
1092 732
1092 733
1092 736
1092 739
1092 740
1092 741
1092 772
1092 778
1092 779
1092 795
1092 797
1092 800
1092 806
1092 812
1092 836
1092 843
1092 845
1092 847
1092 866
1092 868
1092 869
1092 900
1092 903
1092 907
1092 911
1092 923
1092 925
1092 930
1092 931
1092 933
1092 949
1092 964
1092 969
1092 971
1092 978
1092 982
1092 994
1092 995
1092 997
1092 998
1092 1028
1092 1035
1092 1039
1092 1041
1092 1053
1092 1061
1092 1099
1092 1103
1092 1110
1092 1122
1092 1124
1092 1156
1092 1159
1092 1165
1092 1179
1092 1181
1092 1185
1092 1188
1092 1189
1092 1196
1092 1216
1092 1220
1092 1223
1092 1227
1092 1231
1092 1238
1092 1243
1092 1246
1092 1250
1092 1253
1093 5
1093 72
1093 135
1093 199
1093 264
1093 329
1093 392
1093 457
1093 521
1093 581
1093 648
1093 712
1093 773
1093 841
1093 901
1093 905
1093 965
1093 967
1093 1029
1093 1033
1093 1157
1093 1221
1093 1225
1094 4
1094 6
1094 15
1094 29
1094 34
1094 38
1094 70
1094 78
1094 134
1094 142
1094 145
1094 207
1094 209
1094 221
1094 226
1094 260
1094 262
1094 267
1094 270
1094 271
1094 273
1094 274
1094 278
1094 285
1094 290
1094 291
1094 293
1094 294
1094 324
1094 326
1094 334
1094 335
1094 337
1094 348
1094 349
1094 354
1094 355
1094 357
1094 388
1094 390
1094 395
1094 398
1094 399
1094 401
1094 406
1094 413
1094 418
1094 421
1094 422
1094 452
1094 454
1094 459
1094 462
1094 463
1094 465
1094 475
1094 486
1094 516
1094 518
1094 519
1094 526
1094 527
1094 529
1094 534
1094 546
1094 549
1094 550
1094 582
1094 590
1094 591
1094 593
1094 605
1094 610
1094 612
1094 644
1094 646
1094 654
1094 655
1094 657
1094 667
1094 669
1094 708
1094 710
1094 715
1094 718
1094 719
1094 721
1094 726
1094 738
1094 740
1094 772
1094 774
1094 779
1094 782
1094 783
1094 785
1094 795
1094 802
1094 804
1094 838
1094 846
1094 847
1094 849
1094 902
1094 910
1094 911
1094 913
1094 931
1094 964
1094 966
1094 971
1094 974
1094 975
1094 977
1094 994
1094 997
1094 998
1094 1030
1094 1038
1094 1039
1094 1041
1094 1102
1094 1105
1094 1124
1094 1156
1094 1158
1094 1159
1094 1163
1094 1166
1094 1167
1094 1169
1094 1174
1094 1185
1094 1186
1094 1189
1094 1220
1094 1222
1094 1223
1094 1230
1094 1231
1094 1233
1095 903
1095 967
1095 1031
1095 1159
1095 1223
1096 904
1096 968
1096 1032
1096 1160
1096 1177
1096 1224
1097 1
1097 21
1097 51
1097 91
1097 201
1097 230
1097 247
1097 257
1097 258
1097 275
1097 338
1097 347
1097 356
1097 402
1097 412
1097 431
1097 449
1097 461
1097 477
1097 539
1097 589
1097 603
1097 608
1097 614
1097 713
1097 731
1097 775
1097 789
1097 790
1097 800
1097 801
1097 805
1097 819
1097 839
1097 845
1097 854
1097 870
1097 905
1097 918
1097 928
1097 933
1097 949
1097 969
1097 988
1097 989
1097 1031
1097 1033
1097 1059
1097 1161
1097 1162
1097 1170
1097 1188
1097 1190
1097 1206
1097 1225
1097 1227
1097 1249
1097 1252
1097 1254
1097 1270
1098 360
1098 906
1098 970
1098 1034
1098 1162
1098 1226
1099 0
1099 18
1099 44
1099 53
1099 68
1099 86
1099 93
1099 99
1099 101
1099 139
1099 150
1099 164
1099 193
1099 205
1099 224
1099 225
1099 227
1099 245
1099 258
1099 263
1099 267
1099 268
1099 275
1099 283
1099 284
1099 288
1099 289
1099 292
1099 293
1099 311
1099 320
1099 324
1099 327
1099 331
1099 333
1099 342
1099 347
1099 348
1099 350
1099 352
1099 353
1099 354
1099 356
1099 357
1099 358
1099 367
1099 391
1099 395
1099 397
1099 411
1099 413
1099 417
1099 419
1099 420
1099 421
1099 422
1099 428
1099 437
1099 448
1099 455
1099 459
1099 470
1099 475
1099 482
1099 483
1099 484
1099 486
1099 492
1099 516
1099 519
1099 523
1099 530
1099 534
1099 539
1099 541
1099 542
1099 547
1099 549
1099 550
1099 565
1099 580
1099 583
1099 587
1099 598
1099 605
1099 611
1099 612
1099 613
1099 614
1099 647
1099 651
1099 662
1099 667
1099 668
1099 669
1099 674
1099 675
1099 676
1099 677
1099 715
1099 719
1099 726
1099 732
1099 733
1099 736
1099 739
1099 740
1099 741
1099 772
1099 778
1099 779
1099 795
1099 797
1099 800
1099 806
1099 812
1099 836
1099 843
1099 845
1099 847
1099 866
1099 868
1099 869
1099 900
1099 903
1099 907
1099 911
1099 923
1099 925
1099 930
1099 931
1099 933
1099 949
1099 964
1099 969
1099 971
1099 978
1099 982
1099 994
1099 995
1099 997
1099 998
1099 1028
1099 1035
1099 1039
1099 1041
1099 1053
1099 1061
1099 1092
1099 1103
1099 1110
1099 1122
1099 1124
1099 1156
1099 1159
1099 1163
1099 1165
1099 1179
1099 1181
1099 1185
1099 1188
1099 1189
1099 1190
1099 1196
1099 1216
1099 1220
1099 1223
1099 1227
1099 1231
1099 1238
1099 1243
1099 1246
1099 1250
1099 1253
1100 908
1100 972
1100 1036
1100 1164
1100 1228
1101 31
1101 909
1101 973
1101 1037
1101 1165
1101 1202
1101 1229
1102 4
1102 6
1102 15
1102 29
1102 34
1102 38
1102 70
1102 78
1102 134
1102 142
1102 145
1102 207
1102 209
1102 221
1102 226
1102 260
1102 262
1102 267
1102 270
1102 271
1102 273
1102 274
1102 278
1102 285
1102 290
1102 291
1102 293
1102 294
1102 324
1102 326
1102 334
1102 335
1102 337
1102 348
1102 349
1102 354
1102 355
1102 357
1102 388
1102 390
1102 395
1102 398
1102 399
1102 401
1102 406
1102 413
1102 418
1102 421
1102 422
1102 452
1102 454
1102 459
1102 462
1102 463
1102 465
1102 475
1102 486
1102 516
1102 518
1102 519
1102 526
1102 527
1102 529
1102 534
1102 546
1102 549
1102 550
1102 582
1102 590
1102 591
1102 593
1102 605
1102 610
1102 612
1102 644
1102 646
1102 654
1102 655
1102 657
1102 667
1102 669
1102 708
1102 710
1102 715
1102 718
1102 719
1102 721
1102 726
1102 738
1102 740
1102 772
1102 774
1102 779
1102 782
1102 783
1102 785
1102 795
1102 802
1102 804
1102 838
1102 846
1102 847
1102 849
1102 902
1102 910
1102 911
1102 913
1102 931
1102 964
1102 966
1102 971
1102 974
1102 975
1102 977
1102 994
1102 997
1102 998
1102 1030
1102 1038
1102 1039
1102 1041
1102 1094
1102 1105
1102 1124
1102 1156
1102 1158
1102 1159
1102 1163
1102 1166
1102 1167
1102 1169
1102 1174
1102 1185
1102 1186
1102 1189
1102 1220
1102 1222
1102 1223
1102 1230
1102 1231
1102 1233
1103 9
1103 11
1103 22
1103 36
1103 53
1103 68
1103 71
1103 93
1103 98
1103 132
1103 139
1103 157
1103 165
1103 196
1103 203
1103 214
1103 219
1103 229
1103 260
1103 263
1103 267
1103 268
1103 274
1103 278
1103 283
1103 284
1103 285
1103 288
1103 289
1103 290
1103 291
1103 292
1103 293
1103 294
1103 311
1103 324
1103 331
1103 333
1103 335
1103 342
1103 348
1103 349
1103 350
1103 353
1103 354
1103 355
1103 357
1103 358
1103 388
1103 391
1103 395
1103 397
1103 399
1103 401
1103 406
1103 411
1103 413
1103 418
1103 419
1103 420
1103 421
1103 422
1103 428
1103 437
1103 448
1103 452
1103 455
1103 459
1103 465
1103 470
1103 475
1103 482
1103 483
1103 484
1103 486
1103 492
1103 516
1103 518
1103 519
1103 523
1103 527
1103 530
1103 534
1103 541
1103 542
1103 546
1103 547
1103 549
1103 550
1103 565
1103 580
1103 583
1103 587
1103 591
1103 593
1103 598
1103 605
1103 610
1103 611
1103 612
1103 613
1103 644
1103 647
1103 651
1103 655
1103 657
1103 662
1103 667
1103 668
1103 669
1103 674
1103 675
1103 676
1103 677
1103 708
1103 715
1103 718
1103 719
1103 721
1103 726
1103 732
1103 733
1103 736
1103 738
1103 740
1103 741
1103 772
1103 778
1103 779
1103 783
1103 785
1103 795
1103 797
1103 802
1103 804
1103 806
1103 812
1103 836
1103 843
1103 847
1103 849
1103 868
1103 869
1103 900
1103 902
1103 903
1103 911
1103 913
1103 923
1103 925
1103 930
1103 931
1103 964
1103 971
1103 975
1103 977
1103 978
1103 982
1103 994
1103 997
1103 998
1103 1028
1103 1030
1103 1035
1103 1039
1103 1041
1103 1053
1103 1061
1103 1092
1103 1099
1103 1105
1103 1110
1103 1122
1103 1124
1103 1156
1103 1159
1103 1163
1103 1165
1103 1167
1103 1169
1103 1174
1103 1179
1103 1181
1103 1185
1103 1186
1103 1189
1103 1196
1103 1216
1103 1220
1103 1222
1103 1223
1103 1231
1103 1233
1103 1238
1103 1243
1103 1246
1103 1250
1103 1253
1104 912
1104 919
1104 976
1104 1040
1104 1168
1104 1232
1105 4
1105 11
1105 35
1105 37
1105 38
1105 70
1105 79
1105 81
1105 98
1105 143
1105 145
1105 162
1105 163
1105 165
1105 196
1105 203
1105 221
1105 260
1105 262
1105 263
1105 267
1105 268
1105 271
1105 273
1105 274
1105 278
1105 283
1105 285
1105 288
1105 290
1105 291
1105 293
1105 294
1105 324
1105 326
1105 334
1105 335
1105 337
1105 348
1105 349
1105 354
1105 355
1105 357
1105 388
1105 390
1105 391
1105 395
1105 398
1105 399
1105 401
1105 406
1105 411
1105 413
1105 418
1105 420
1105 421
1105 422
1105 437
1105 448
1105 452
1105 454
1105 459
1105 462
1105 463
1105 465
1105 470
1105 475
1105 482
1105 484
1105 486
1105 516
1105 518
1105 519
1105 523
1105 526
1105 527
1105 529
1105 534
1105 541
1105 542
1105 546
1105 549
1105 550
1105 565
1105 582
1105 583
1105 590
1105 591
1105 593
1105 605
1105 610
1105 611
1105 612
1105 644
1105 646
1105 647
1105 654
1105 655
1105 657
1105 667
1105 669
1105 674
1105 677
1105 708
1105 710
1105 715
1105 718
1105 719
1105 721
1105 726
1105 732
1105 733
1105 736
1105 738
1105 740
1105 741
1105 772
1105 774
1105 778
1105 779
1105 782
1105 783
1105 785
1105 795
1105 802
1105 804
1105 806
1105 836
1105 838
1105 846
1105 847
1105 849
1105 900
1105 902
1105 910
1105 911
1105 913
1105 930
1105 931
1105 964
1105 966
1105 971
1105 974
1105 975
1105 977
1105 978
1105 994
1105 997
1105 998
1105 1028
1105 1030
1105 1038
1105 1039
1105 1041
1105 1094
1105 1102
1105 1103
1105 1122
1105 1124
1105 1156
1105 1158
1105 1159
1105 1163
1105 1166
1105 1167
1105 1169
1105 1174
1105 1185
1105 1186
1105 1189
1105 1220
1105 1222
1105 1223
1105 1230
1105 1231
1105 1233
1105 1238
1105 1243
1105 1253
1106 761
1106 914
1106 978
1106 1042
1106 1170
1106 1234
1107 317
1107 915
1107 979
1107 1043
1107 1108
1107 1171
1107 1235
1108 317
1108 916
1108 980
1108 1044
1108 1107
1108 1172
1108 1236
1109 626
1109 917
1109 981
1109 1045
1109 1173
1109 1237
1110 0
1110 18
1110 44
1110 53
1110 68
1110 86
1110 93
1110 99
1110 101
1110 139
1110 150
1110 164
1110 193
1110 205
1110 224
1110 225
1110 227
1110 245
1110 258
1110 263
1110 267
1110 268
1110 275
1110 283
1110 284
1110 288
1110 289
1110 292
1110 293
1110 311
1110 320
1110 324
1110 327
1110 331
1110 333
1110 342
1110 347
1110 348
1110 350
1110 352
1110 353
1110 354
1110 356
1110 357
1110 358
1110 367
1110 391
1110 395
1110 397
1110 411
1110 413
1110 417
1110 419
1110 420
1110 421
1110 422
1110 428
1110 437
1110 448
1110 452
1110 455
1110 459
1110 470
1110 475
1110 482
1110 483
1110 484
1110 486
1110 492
1110 516
1110 519
1110 523
1110 530
1110 534
1110 539
1110 541
1110 542
1110 547
1110 549
1110 550
1110 565
1110 580
1110 583
1110 587
1110 598
1110 605
1110 611
1110 612
1110 613
1110 614
1110 647
1110 651
1110 662
1110 667
1110 668
1110 669
1110 674
1110 675
1110 676
1110 677
1110 715
1110 719
1110 726
1110 732
1110 733
1110 736
1110 739
1110 740
1110 741
1110 772
1110 778
1110 779
1110 795
1110 797
1110 800
1110 806
1110 812
1110 836
1110 843
1110 845
1110 847
1110 866
1110 868
1110 869
1110 900
1110 903
1110 907
1110 911
1110 918
1110 923
1110 925
1110 930
1110 931
1110 933
1110 949
1110 964
1110 969
1110 971
1110 978
1110 982
1110 994
1110 995
1110 997
1110 998
1110 1028
1110 1035
1110 1039
1110 1041
1110 1046
1110 1053
1110 1061
1110 1092
1110 1099
1110 1103
1110 1122
1110 1124
1110 1156
1110 1159
1110 1165
1110 1174
1110 1179
1110 1181
1110 1185
1110 1188
1110 1189
1110 1190
1110 1196
1110 1216
1110 1220
1110 1223
1110 1227
1110 1231
1110 1238
1110 1243
1110 1246
1110 1250
1110 1253
1111 433
1111 919
1111 983
1111 1047
1111 1091
1111 1150
1111 1175
1111 1239
1112 920
1112 984
1112 1048
1112 1176
1112 1240
1113 921
1113 985
1113 1049
1113 1177
1113 1241
1114 922
1114 986
1114 1050
1114 1178
1114 1242
1114 1274
1115 923
1115 937
1115 987
1115 1051
1115 1179
1115 1243
1116 924
1116 988
1116 1052
1116 1180
1116 1244
1117 925
1117 989
1117 1053
1117 1181
1117 1245
1118 926
1118 990
1118 1054
1118 1182
1118 1246
1119 927
1119 991
1119 1055
1119 1183
1119 1247
1120 928
1120 992
1120 1056
1120 1184
1120 1248
1121 52
1121 366
1121 929
1121 993
1121 1010
1121 1057
1121 1185
1121 1249
1122 9
1122 11
1122 22
1122 36
1122 53
1122 68
1122 71
1122 93
1122 98
1122 132
1122 139
1122 157
1122 165
1122 196
1122 203
1122 214
1122 219
1122 229
1122 260
1122 263
1122 267
1122 268
1122 274
1122 278
1122 283
1122 284
1122 285
1122 288
1122 289
1122 290
1122 291
1122 292
1122 293
1122 294
1122 311
1122 320
1122 324
1122 331
1122 333
1122 335
1122 342
1122 348
1122 349
1122 350
1122 353
1122 354
1122 355
1122 357
1122 358
1122 388
1122 391
1122 395
1122 397
1122 399
1122 401
1122 406
1122 411
1122 413
1122 418
1122 419
1122 420
1122 421
1122 422
1122 428
1122 437
1122 448
1122 452
1122 455
1122 459
1122 470
1122 475
1122 482
1122 483
1122 484
1122 486
1122 492
1122 516
1122 518
1122 519
1122 523
1122 527
1122 530
1122 534
1122 541
1122 542
1122 546
1122 547
1122 549
1122 550
1122 565
1122 580
1122 583
1122 587
1122 591
1122 593
1122 598
1122 605
1122 610
1122 611
1122 612
1122 613
1122 644
1122 647
1122 651
1122 655
1122 657
1122 662
1122 667
1122 668
1122 669
1122 674
1122 675
1122 676
1122 677
1122 708
1122 715
1122 719
1122 721
1122 726
1122 732
1122 733
1122 736
1122 738
1122 740
1122 741
1122 772
1122 778
1122 779
1122 783
1122 795
1122 797
1122 802
1122 804
1122 806
1122 812
1122 836
1122 843
1122 847
1122 849
1122 868
1122 869
1122 900
1122 902
1122 903
1122 907
1122 911
1122 913
1122 923
1122 925
1122 930
1122 931
1122 964
1122 971
1122 975
1122 977
1122 978
1122 982
1122 994
1122 997
1122 998
1122 1028
1122 1035
1122 1039
1122 1041
1122 1053
1122 1058
1122 1061
1122 1092
1122 1099
1122 1103
1122 1105
1122 1110
1122 1124
1122 1156
1122 1159
1122 1163
1122 1165
1122 1167
1122 1169
1122 1174
1122 1179
1122 1181
1122 1185
1122 1186
1122 1189
1122 1196
1122 1216
1122 1220
1122 1223
1122 1231
1122 1233
1122 1238
1122 1243
1122 1246
1122 1250
1122 1253
1123 884
1123 931
1123 995
1123 1059
1123 1187
1123 1251
1124 9
1124 11
1124 22
1124 35
1124 36
1124 37
1124 71
1124 98
1124 132
1124 143
1124 157
1124 162
1124 163
1124 165
1124 196
1124 203
1124 214
1124 219
1124 229
1124 260
1124 263
1124 267
1124 268
1124 271
1124 273
1124 274
1124 278
1124 283
1124 284
1124 285
1124 288
1124 289
1124 290
1124 291
1124 292
1124 293
1124 294
1124 311
1124 324
1124 331
1124 333
1124 335
1124 337
1124 348
1124 349
1124 350
1124 353
1124 354
1124 355
1124 357
1124 358
1124 388
1124 391
1124 395
1124 397
1124 399
1124 401
1124 406
1124 411
1124 413
1124 418
1124 419
1124 420
1124 421
1124 422
1124 428
1124 437
1124 448
1124 452
1124 454
1124 459
1124 463
1124 465
1124 470
1124 475
1124 482
1124 483
1124 484
1124 486
1124 492
1124 516
1124 518
1124 519
1124 523
1124 527
1124 529
1124 534
1124 541
1124 542
1124 546
1124 547
1124 549
1124 550
1124 565
1124 580
1124 582
1124 583
1124 587
1124 590
1124 591
1124 593
1124 598
1124 605
1124 610
1124 611
1124 612
1124 613
1124 644
1124 647
1124 651
1124 655
1124 657
1124 662
1124 667
1124 669
1124 674
1124 675
1124 676
1124 677
1124 708
1124 715
1124 718
1124 719
1124 721
1124 726
1124 732
1124 733
1124 736
1124 738
1124 740
1124 741
1124 772
1124 778
1124 779
1124 783
1124 785
1124 795
1124 797
1124 802
1124 804
1124 806
1124 812
1124 836
1124 846
1124 847
1124 849
1124 868
1124 869
1124 900
1124 902
1124 911
1124 913
1124 923
1124 925
1124 930
1124 931
1124 932
1124 964
1124 966
1124 971
1124 975
1124 977
1124 978
1124 982
1124 994
1124 996
1124 997
1124 998
1124 1028
1124 1030
1124 1035
1124 1038
1124 1039
1124 1041
1124 1060
1124 1061
1124 1092
1124 1094
1124 1099
1124 1102
1124 1103
1124 1105
1124 1110
1124 1122
1124 1156
1124 1159
1124 1163
1124 1165
1124 1167
1124 1169
1124 1174
1124 1179
1124 1181
1124 1185
1124 1186
1124 1188
1124 1189
1124 1196
1124 1216
1124 1220
1124 1222
1124 1223
1124 1231
1124 1233
1124 1238
1124 1243
1124 1246
1124 1250
1124 1252
1124 1253
1125 257
1125 477
1125 608
1125 659
1125 704
1125 789
1125 801
1125 819
1125 932
1125 933
1125 988
1125 997
1125 1061
1125 1162
1125 1170
1125 1189
1125 1253
1125 1270
1126 55
1126 934
1126 998
1126 1062
1126 1190
1126 1254
1127 469
1127 556
1127 935
1127 999
1127 1063
1127 1191
1127 1255
1128 16
1128 936
1128 1000
1128 1064
1128 1192
1128 1256
1129 319
1129 937
1129 1001
1129 1065
1129 1193
1129 1215
1129 1257
1130 938
1130 1002
1130 1066
1130 1194
1130 1258
1131 108
1131 179
1131 939
1131 1003
1131 1067
1131 1195
1131 1259
1132 543
1132 727
1132 940
1132 1004
1132 1068
1132 1196
1132 1260
1133 941
1133 958
1133 1005
1133 1069
1133 1197
1133 1261
1134 942
1134 1006
1134 1070
1134 1198
1134 1262
1135 943
1135 1007
1135 1071
1135 1199
1135 1263
1136 944
1136 1008
1136 1072
1136 1200
1136 1264
1137 141
1137 208
1137 441
1137 487
1137 945
1137 963
1137 1009
1137 1073
1137 1201
1137 1265
1138 301
1138 409
1138 946
1138 1010
1138 1074
1138 1139
1138 1202
1138 1266
1139 301
1139 409
1139 947
1139 1011
1139 1075
1139 1138
1139 1203
1139 1267
1140 250
1140 948
1140 1012
1140 1076
1140 1204
1140 1268
1141 692
1141 949
1141 1013
1141 1077
1141 1205
1141 1269
1142 645
1142 950
1142 1014
1142 1024
1142 1078
1142 1206
1142 1270
1143 951
1143 1015
1143 1079
1143 1207
1143 1271
1144 952
1144 1016
1144 1080
1144 1208
1144 1272
1145 875
1145 953
1145 1017
1145 1081
1145 1209
1145 1273
1146 954
1146 1018
1146 1082
1146 1147
1146 1210
1146 1274
1147 955
1147 1019
1147 1083
1147 1146
1147 1211
1147 1275
1148 172
1148 956
1148 1020
1148 1084
1148 1212
1148 1276
1149 223
1149 957
1149 1021
1149 1074
1149 1085
1149 1213
1149 1244
1149 1277
1150 433
1150 958
1150 1022
1150 1086
1150 1091
1150 1111
1150 1214
1150 1278
1151 959
1151 1023
1151 1079
1151 1087
1151 1215
1151 1241
1151 1279
1152 45
1152 960
1152 1024
1152 1088
1152 1216
1153 140
1153 961
1153 1025
1153 1089
1153 1217
1154 513
1154 770
1154 962
1154 1026
1154 1090
1154 1218
1155 607
1155 963
1155 1027
1155 1091
1155 1219
1156 4
1156 9
1156 11
1156 35
1156 37
1156 38
1156 71
1156 79
1156 81
1156 98
1156 143
1156 157
1156 162
1156 163
1156 165
1156 196
1156 203
1156 221
1156 267
1156 274
1156 278
1156 285
1156 291
1156 293
1156 294
1156 324
1156 326
1156 335
1156 337
1156 348
1156 349
1156 350
1156 353
1156 354
1156 355
1156 357
1156 358
1156 388
1156 390
1156 391
1156 395
1156 397
1156 398
1156 399
1156 401
1156 406
1156 411
1156 413
1156 418
1156 420
1156 421
1156 422
1156 437
1156 448
1156 452
1156 454
1156 459
1156 463
1156 465
1156 470
1156 475
1156 482
1156 483
1156 484
1156 486
1156 516
1156 518
1156 519
1156 523
1156 527
1156 529
1156 534
1156 541
1156 542
1156 546
1156 547
1156 549
1156 550
1156 565
1156 580
1156 582
1156 583
1156 590
1156 591
1156 593
1156 605
1156 610
1156 611
1156 612
1156 613
1156 644
1156 646
1156 647
1156 651
1156 655
1156 657
1156 667
1156 669
1156 674
1156 676
1156 677
1156 708
1156 710
1156 715
1156 718
1156 719
1156 721
1156 726
1156 732
1156 733
1156 736
1156 738
1156 740
1156 741
1156 772
1156 774
1156 778
1156 779
1156 783
1156 785
1156 795
1156 797
1156 802
1156 804
1156 806
1156 836
1156 838
1156 846
1156 847
1156 849
1156 868
1156 900
1156 902
1156 910
1156 911
1156 913
1156 925
1156 930
1156 931
1156 964
1156 966
1156 971
1156 974
1156 975
1156 977
1156 978
1156 982
1156 994
1156 997
1156 998
1156 1028
1156 1030
1156 1035
1156 1038
1156 1039
1156 1041
1156 1061
1156 1092
1156 1094
1156 1099
1156 1102
1156 1103
1156 1105
1156 1110
1156 1122
1156 1124
1156 1158
1156 1159
1156 1163
1156 1166
1156 1167
1156 1169
1156 1174
1156 1185
1156 1186
1156 1189
1156 1196
1156 1216
1156 1220
1156 1222
1156 1223
1156 1230
1156 1231
1156 1233
1156 1238
1156 1243
1156 1246
1156 1250
1156 1253
1157 5
1157 72
1157 135
1157 199
1157 264
1157 329
1157 392
1157 457
1157 521
1157 581
1157 648
1157 712
1157 773
1157 841
1157 905
1157 965
1157 967
1157 1029
1157 1033
1157 1093
1157 1221
1157 1225
1158 6
1158 15
1158 17
1158 29
1158 34
1158 78
1158 134
1158 142
1158 198
1158 206
1158 207
1158 209
1158 226
1158 262
1158 271
1158 273
1158 290
1158 326
1158 334
1158 335
1158 337
1158 349
1158 354
1158 355
1158 388
1158 390
1158 398
1158 399
1158 401
1158 406
1158 418
1158 452
1158 454
1158 462
1158 463
1158 465
1158 475
1158 516
1158 518
1158 526
1158 527
1158 529
1158 546
1158 549
1158 582
1158 590
1158 591
1158 593
1158 610
1158 644
1158 646
1158 654
1158 655
1158 657
1158 708
1158 710
1158 718
1158 721
1158 726
1158 738
1158 774
1158 779
1158 782
1158 783
1158 785
1158 795
1158 802
1158 804
1158 838
1158 846
1158 847
1158 849
1158 902
1158 910
1158 911
1158 913
1158 966
1158 974
1158 975
1158 977
1158 994
1158 1030
1158 1038
1158 1041
1158 1094
1158 1102
1158 1105
1158 1156
1158 1159
1158 1163
1158 1166
1158 1167
1158 1169
1158 1174
1158 1186
1158 1189
1158 1222
1158 1230
1158 1231
1158 1233
1159 4
1159 9
1159 11
1159 35
1159 37
1159 38
1159 70
1159 71
1159 79
1159 81
1159 98
1159 143
1159 157
1159 162
1159 163
1159 165
1159 196
1159 203
1159 221
1159 267
1159 274
1159 278
1159 285
1159 291
1159 293
1159 294
1159 324
1159 326
1159 335
1159 337
1159 348
1159 349
1159 350
1159 353
1159 354
1159 355
1159 357
1159 358
1159 388
1159 390
1159 391
1159 395
1159 397
1159 398
1159 399
1159 401
1159 406
1159 411
1159 413
1159 418
1159 420
1159 421
1159 422
1159 437
1159 448
1159 452
1159 454
1159 459
1159 462
1159 463
1159 465
1159 470
1159 475
1159 482
1159 483
1159 484
1159 486
1159 516
1159 518
1159 519
1159 523
1159 527
1159 529
1159 534
1159 541
1159 542
1159 546
1159 547
1159 549
1159 550
1159 565
1159 580
1159 582
1159 583
1159 590
1159 591
1159 593
1159 605
1159 610
1159 611
1159 612
1159 613
1159 644
1159 646
1159 647
1159 651
1159 655
1159 657
1159 667
1159 669
1159 674
1159 676
1159 677
1159 708
1159 710
1159 715
1159 718
1159 719
1159 721
1159 726
1159 732
1159 733
1159 736
1159 738
1159 740
1159 741
1159 772
1159 774
1159 778
1159 779
1159 783
1159 785
1159 795
1159 797
1159 802
1159 804
1159 806
1159 836
1159 838
1159 846
1159 847
1159 849
1159 868
1159 900
1159 902
1159 910
1159 911
1159 913
1159 925
1159 930
1159 931
1159 964
1159 966
1159 967
1159 971
1159 974
1159 975
1159 977
1159 978
1159 982
1159 994
1159 997
1159 998
1159 1028
1159 1030
1159 1031
1159 1035
1159 1038
1159 1039
1159 1041
1159 1061
1159 1092
1159 1094
1159 1095
1159 1099
1159 1102
1159 1103
1159 1105
1159 1110
1159 1122
1159 1124
1159 1156
1159 1158
1159 1163
1159 1166
1159 1167
1159 1169
1159 1174
1159 1185
1159 1186
1159 1189
1159 1196
1159 1220
1159 1222
1159 1223
1159 1230
1159 1231
1159 1233
1159 1238
1159 1243
1159 1250
1159 1253
1160 7
1160 968
1160 1032
1160 1096
1160 1224
1161 837
1161 969
1161 1033
1161 1097
1161 1225
1162 1
1162 21
1162 91
1162 201
1162 230
1162 247
1162 338
1162 347
1162 402
1162 412
1162 431
1162 449
1162 461
1162 477
1162 539
1162 589
1162 603
1162 608
1162 713
1162 731
1162 775
1162 789
1162 790
1162 801
1162 805
1162 819
1162 839
1162 845
1162 854
1162 870
1162 918
1162 928
1162 933
1162 949
1162 970
1162 988
1162 989
1162 1031
1162 1034
1162 1059
1162 1097
1162 1098
1162 1125
1162 1170
1162 1190
1162 1206
1162 1226
1162 1227
1162 1249
1162 1252
1162 1254
1162 1270
1163 4
1163 11
1163 35
1163 37
1163 38
1163 70
1163 79
1163 81
1163 98
1163 143
1163 145
1163 162
1163 163
1163 165
1163 196
1163 203
1163 221
1163 260
1163 267
1163 274
1163 278
1163 285
1163 290
1163 291
1163 293
1163 294
1163 324
1163 326
1163 334
1163 335
1163 337
1163 348
1163 349
1163 350
1163 354
1163 355
1163 357
1163 388
1163 390
1163 391
1163 395
1163 398
1163 399
1163 401
1163 406
1163 411
1163 413
1163 418
1163 420
1163 421
1163 422
1163 437
1163 448
1163 452
1163 454
1163 459
1163 462
1163 463
1163 465
1163 470
1163 475
1163 482
1163 484
1163 486
1163 516
1163 518
1163 519
1163 523
1163 527
1163 529
1163 534
1163 541
1163 542
1163 546
1163 549
1163 550
1163 565
1163 580
1163 582
1163 583
1163 590
1163 591
1163 593
1163 605
1163 610
1163 611
1163 612
1163 644
1163 646
1163 647
1163 651
1163 654
1163 655
1163 657
1163 667
1163 669
1163 674
1163 677
1163 708
1163 710
1163 715
1163 718
1163 719
1163 721
1163 726
1163 732
1163 733
1163 736
1163 738
1163 740
1163 741
1163 772
1163 774
1163 778
1163 779
1163 783
1163 785
1163 795
1163 802
1163 804
1163 806
1163 836
1163 838
1163 846
1163 847
1163 849
1163 900
1163 902
1163 910
1163 911
1163 913
1163 930
1163 931
1163 964
1163 966
1163 971
1163 974
1163 975
1163 977
1163 978
1163 982
1163 994
1163 997
1163 998
1163 1028
1163 1030
1163 1035
1163 1038
1163 1039
1163 1041
1163 1094
1163 1099
1163 1102
1163 1103
1163 1105
1163 1122
1163 1124
1163 1156
1163 1158
1163 1159
1163 1166
1163 1167
1163 1169
1163 1174
1163 1185
1163 1186
1163 1189
1163 1220
1163 1222
1163 1223
1163 1227
1163 1230
1163 1231
1163 1233
1163 1238
1163 1243
1163 1250
1163 1253
1164 456
1164 972
1164 1036
1164 1100
1164 1193
1164 1228
1165 0
1165 12
1165 18
1165 44
1165 47
1165 53
1165 68
1165 86
1165 93
1165 99
1165 101
1165 150
1165 164
1165 192
1165 193
1165 205
1165 224
1165 225
1165 227
1165 245
1165 263
1165 284
1165 289
1165 292
1165 311
1165 320
1165 324
1165 327
1165 331
1165 333
1165 342
1165 347
1165 348
1165 350
1165 352
1165 353
1165 354
1165 356
1165 357
1165 358
1165 367
1165 391
1165 395
1165 397
1165 411
1165 413
1165 417
1165 419
1165 420
1165 421
1165 422
1165 428
1165 437
1165 448
1165 455
1165 459
1165 470
1165 482
1165 483
1165 484
1165 486
1165 492
1165 519
1165 523
1165 530
1165 534
1165 539
1165 541
1165 542
1165 547
1165 549
1165 550
1165 565
1165 580
1165 583
1165 587
1165 598
1165 605
1165 611
1165 612
1165 613
1165 614
1165 647
1165 651
1165 662
1165 667
1165 668
1165 669
1165 674
1165 675
1165 676
1165 677
1165 715
1165 719
1165 732
1165 733
1165 736
1165 739
1165 740
1165 741
1165 772
1165 778
1165 795
1165 797
1165 800
1165 805
1165 806
1165 812
1165 836
1165 843
1165 845
1165 847
1165 854
1165 866
1165 868
1165 869
1165 900
1165 903
1165 907
1165 923
1165 925
1165 928
1165 930
1165 931
1165 933
1165 949
1165 964
1165 969
1165 971
1165 973
1165 978
1165 982
1165 995
1165 997
1165 998
1165 1028
1165 1031
1165 1035
1165 1037
1165 1039
1165 1053
1165 1061
1165 1092
1165 1099
1165 1101
1165 1103
1165 1110
1165 1122
1165 1124
1165 1179
1165 1181
1165 1185
1165 1188
1165 1190
1165 1196
1165 1206
1165 1216
1165 1220
1165 1223
1165 1227
1165 1229
1165 1238
1165 1243
1165 1246
1165 1250
1165 1253
1166 6
1166 15
1166 17
1166 29
1166 34
1166 78
1166 134
1166 142
1166 198
1166 206
1166 207
1166 209
1166 226
1166 260
1166 262
1166 271
1166 273
1166 290
1166 326
1166 334
1166 335
1166 337
1166 349
1166 354
1166 355
1166 388
1166 390
1166 398
1166 399
1166 401
1166 406
1166 418
1166 452
1166 454
1166 462
1166 463
1166 465
1166 475
1166 516
1166 518
1166 526
1166 527
1166 529
1166 546
1166 549
1166 582
1166 590
1166 591
1166 593
1166 610
1166 644
1166 646
1166 654
1166 655
1166 657
1166 708
1166 710
1166 718
1166 721
1166 726
1166 738
1166 740
1166 774
1166 779
1166 782
1166 783
1166 785
1166 795
1166 802
1166 804
1166 838
1166 846
1166 847
1166 849
1166 902
1166 910
1166 911
1166 913
1166 966
1166 974
1166 975
1166 977
1166 994
1166 1030
1166 1038
1166 1041
1166 1094
1166 1102
1166 1105
1166 1156
1166 1158
1166 1159
1166 1163
1166 1167
1166 1169
1166 1174
1166 1186
1166 1189
1166 1222
1166 1230
1166 1231
1166 1233
1167 4
1167 11
1167 35
1167 37
1167 38
1167 70
1167 79
1167 81
1167 98
1167 143
1167 145
1167 162
1167 163
1167 165
1167 196
1167 203
1167 221
1167 260
1167 267
1167 274
1167 278
1167 285
1167 290
1167 291
1167 293
1167 294
1167 324
1167 326
1167 334
1167 335
1167 337
1167 348
1167 349
1167 350
1167 354
1167 355
1167 357
1167 388
1167 390
1167 391
1167 395
1167 398
1167 399
1167 401
1167 406
1167 411
1167 413
1167 418
1167 420
1167 421
1167 422
1167 437
1167 448
1167 452
1167 454
1167 459
1167 462
1167 463
1167 465
1167 470
1167 475
1167 482
1167 484
1167 486
1167 516
1167 518
1167 519
1167 523
1167 527
1167 529
1167 534
1167 541
1167 542
1167 546
1167 549
1167 550
1167 565
1167 580
1167 582
1167 583
1167 590
1167 591
1167 593
1167 605
1167 610
1167 611
1167 612
1167 644
1167 646
1167 647
1167 651
1167 654
1167 655
1167 657
1167 667
1167 669
1167 674
1167 677
1167 708
1167 710
1167 715
1167 718
1167 719
1167 721
1167 726
1167 732
1167 733
1167 736
1167 738
1167 740
1167 741
1167 772
1167 774
1167 778
1167 779
1167 783
1167 785
1167 795
1167 802
1167 804
1167 806
1167 836
1167 838
1167 846
1167 847
1167 849
1167 900
1167 902
1167 910
1167 911
1167 913
1167 930
1167 931
1167 964
1167 966
1167 971
1167 974
1167 975
1167 977
1167 978
1167 982
1167 994
1167 997
1167 998
1167 1028
1167 1030
1167 1038
1167 1039
1167 1041
1167 1094
1167 1102
1167 1103
1167 1105
1167 1122
1167 1124
1167 1156
1167 1158
1167 1159
1167 1163
1167 1166
1167 1169
1167 1174
1167 1185
1167 1186
1167 1189
1167 1220
1167 1222
1167 1223
1167 1230
1167 1231
1167 1233
1167 1238
1167 1243
1167 1250
1167 1253
1168 568
1168 793
1168 976
1168 1040
1168 1104
1168 1232
1169 4
1169 6
1169 15
1169 29
1169 34
1169 38
1169 70
1169 78
1169 81
1169 134
1169 142
1169 145
1169 207
1169 209
1169 221
1169 226
1169 260
1169 262
1169 271
1169 273
1169 290
1169 294
1169 324
1169 326
1169 334
1169 335
1169 337
1169 348
1169 349
1169 354
1169 355
1169 357
1169 388
1169 390
1169 395
1169 398
1169 399
1169 401
1169 406
1169 413
1169 418
1169 421
1169 422
1169 452
1169 454
1169 459
1169 462
1169 463
1169 465
1169 475
1169 486
1169 516
1169 518
1169 519
1169 526
1169 527
1169 529
1169 534
1169 542
1169 546
1169 549
1169 550
1169 582
1169 583
1169 590
1169 591
1169 593
1169 605
1169 610
1169 612
1169 644
1169 646
1169 647
1169 654
1169 655
1169 657
1169 667
1169 669
1169 674
1169 708
1169 710
1169 715
1169 718
1169 719
1169 721
1169 726
1169 738
1169 740
1169 772
1169 774
1169 779
1169 782
1169 783
1169 785
1169 795
1169 802
1169 804
1169 838
1169 846
1169 847
1169 849
1169 900
1169 902
1169 910
1169 911
1169 913
1169 931
1169 964
1169 966
1169 971
1169 974
1169 975
1169 977
1169 994
1169 997
1169 998
1169 1030
1169 1038
1169 1039
1169 1041
1169 1094
1169 1102
1169 1103
1169 1105
1169 1122
1169 1124
1169 1156
1169 1158
1169 1159
1169 1163
1169 1166
1169 1167
1169 1174
1169 1185
1169 1186
1169 1189
1169 1220
1169 1222
1169 1223
1169 1230
1169 1231
1169 1233
1170 1
1170 21
1170 201
1170 247
1170 257
1170 338
1170 402
1170 412
1170 431
1170 449
1170 461
1170 477
1170 589
1170 603
1170 608
1170 704
1170 713
1170 731
1170 775
1170 789
1170 790
1170 801
1170 819
1170 839
1170 870
1170 918
1170 932
1170 978
1170 988
1170 989
1170 1042
1170 1059
1170 1097
1170 1106
1170 1125
1170 1162
1170 1206
1170 1234
1170 1249
1170 1252
1170 1254
1170 1270
1171 628
1171 979
1171 1043
1171 1107
1171 1235
1172 980
1172 1044
1172 1108
1172 1236
1173 23
1173 981
1173 1045
1173 1109
1173 1237
1174 4
1174 11
1174 35
1174 37
1174 38
1174 70
1174 79
1174 81
1174 98
1174 143
1174 145
1174 162
1174 163
1174 165
1174 196
1174 203
1174 221
1174 260
1174 267
1174 274
1174 278
1174 285
1174 290
1174 291
1174 294
1174 324
1174 326
1174 334
1174 335
1174 337
1174 348
1174 349
1174 354
1174 355
1174 357
1174 388
1174 390
1174 391
1174 395
1174 398
1174 399
1174 401
1174 406
1174 411
1174 413
1174 418
1174 420
1174 421
1174 422
1174 437
1174 448
1174 452
1174 454
1174 459
1174 462
1174 463
1174 465
1174 470
1174 475
1174 482
1174 484
1174 486
1174 516
1174 518
1174 519
1174 523
1174 526
1174 527
1174 529
1174 534
1174 541
1174 542
1174 546
1174 549
1174 550
1174 565
1174 582
1174 583
1174 590
1174 591
1174 593
1174 605
1174 610
1174 611
1174 612
1174 644
1174 646
1174 647
1174 654
1174 655
1174 657
1174 667
1174 669
1174 674
1174 677
1174 708
1174 710
1174 715
1174 718
1174 719
1174 721
1174 726
1174 732
1174 733
1174 736
1174 738
1174 740
1174 741
1174 772
1174 774
1174 778
1174 779
1174 782
1174 783
1174 785
1174 795
1174 802
1174 804
1174 806
1174 836
1174 838
1174 846
1174 847
1174 849
1174 900
1174 902
1174 910
1174 911
1174 913
1174 930
1174 931
1174 964
1174 966
1174 971
1174 974
1174 975
1174 977
1174 978
1174 982
1174 994
1174 997
1174 998
1174 1028
1174 1030
1174 1038
1174 1039
1174 1041
1174 1046
1174 1094
1174 1102
1174 1103
1174 1105
1174 1110
1174 1122
1174 1124
1174 1156
1174 1158
1174 1159
1174 1163
1174 1166
1174 1167
1174 1169
1174 1185
1174 1186
1174 1189
1174 1220
1174 1222
1174 1223
1174 1230
1174 1231
1174 1233
1174 1238
1174 1243
1174 1253
1175 251
1175 983
1175 1047
1175 1048
1175 1111
1175 1232
1175 1239
1176 287
1176 297
1176 723
1176 984
1176 1048
1176 1112
1176 1240
1177 985
1177 1049
1177 1096
1177 1113
1177 1241
1178 986
1178 1050
1178 1114
1178 1242
1179 0
1179 12
1179 18
1179 44
1179 47
1179 53
1179 68
1179 86
1179 93
1179 99
1179 101
1179 150
1179 164
1179 192
1179 193
1179 205
1179 224
1179 225
1179 227
1179 245
1179 263
1179 284
1179 289
1179 292
1179 311
1179 320
1179 324
1179 327
1179 331
1179 333
1179 342
1179 347
1179 348
1179 350
1179 352
1179 353
1179 354
1179 356
1179 357
1179 358
1179 367
1179 391
1179 395
1179 397
1179 411
1179 413
1179 417
1179 419
1179 420
1179 421
1179 422
1179 428
1179 437
1179 448
1179 455
1179 459
1179 470
1179 475
1179 482
1179 483
1179 484
1179 486
1179 492
1179 519
1179 523
1179 530
1179 534
1179 539
1179 541
1179 542
1179 547
1179 549
1179 550
1179 565
1179 580
1179 583
1179 587
1179 598
1179 605
1179 611
1179 612
1179 613
1179 614
1179 647
1179 651
1179 662
1179 667
1179 668
1179 669
1179 674
1179 675
1179 676
1179 677
1179 715
1179 719
1179 726
1179 732
1179 733
1179 736
1179 739
1179 740
1179 741
1179 772
1179 778
1179 795
1179 797
1179 800
1179 805
1179 806
1179 812
1179 836
1179 843
1179 845
1179 847
1179 854
1179 866
1179 868
1179 869
1179 900
1179 903
1179 907
1179 923
1179 925
1179 928
1179 930
1179 931
1179 933
1179 949
1179 964
1179 969
1179 971
1179 978
1179 982
1179 987
1179 995
1179 997
1179 998
1179 1028
1179 1031
1179 1035
1179 1039
1179 1051
1179 1053
1179 1061
1179 1092
1179 1099
1179 1103
1179 1110
1179 1115
1179 1122
1179 1124
1179 1165
1179 1181
1179 1185
1179 1188
1179 1190
1179 1196
1179 1216
1179 1220
1179 1223
1179 1227
1179 1238
1179 1243
1179 1246
1179 1250
1179 1253
1180 988
1180 1052
1180 1116
1180 1244
1181 0
1181 10
1181 12
1181 18
1181 44
1181 47
1181 53
1181 86
1181 93
1181 99
1181 101
1181 150
1181 164
1181 192
1181 193
1181 205
1181 224
1181 225
1181 227
1181 245
1181 284
1181 289
1181 292
1181 311
1181 320
1181 324
1181 327
1181 331
1181 333
1181 342
1181 347
1181 348
1181 350
1181 352
1181 353
1181 356
1181 357
1181 358
1181 367
1181 391
1181 395
1181 397
1181 402
1181 411
1181 413
1181 417
1181 419
1181 420
1181 421
1181 422
1181 428
1181 437
1181 448
1181 455
1181 459
1181 470
1181 482
1181 483
1181 484
1181 486
1181 492
1181 519
1181 523
1181 530
1181 534
1181 539
1181 541
1181 542
1181 547
1181 550
1181 565
1181 580
1181 583
1181 587
1181 598
1181 605
1181 611
1181 612
1181 613
1181 614
1181 647
1181 651
1181 662
1181 667
1181 668
1181 669
1181 674
1181 675
1181 676
1181 677
1181 715
1181 719
1181 732
1181 733
1181 736
1181 739
1181 740
1181 741
1181 772
1181 778
1181 795
1181 797
1181 800
1181 805
1181 806
1181 812
1181 836
1181 843
1181 845
1181 847
1181 854
1181 866
1181 868
1181 869
1181 870
1181 900
1181 903
1181 907
1181 923
1181 925
1181 928
1181 930
1181 931
1181 933
1181 949
1181 964
1181 969
1181 971
1181 978
1181 982
1181 989
1181 995
1181 997
1181 998
1181 1028
1181 1031
1181 1035
1181 1039
1181 1053
1181 1061
1181 1092
1181 1099
1181 1103
1181 1110
1181 1117
1181 1122
1181 1124
1181 1165
1181 1179
1181 1185
1181 1188
1181 1190
1181 1196
1181 1206
1181 1216
1181 1220
1181 1223
1181 1227
1181 1238
1181 1243
1181 1245
1181 1246
1181 1249
1181 1250
1181 1253
1182 149
1182 990
1182 1054
1182 1118
1182 1246
1183 485
1183 796
1183 991
1183 1055
1183 1119
1183 1199
1183 1247
1184 256
1184 302
1184 416
1184 864
1184 992
1184 1056
1184 1120
1184 1248
1185 9
1185 11
1185 22
1185 36
1185 71
1185 98
1185 132
1185 139
1185 143
1185 157
1185 162
1185 163
1185 165
1185 196
1185 203
1185 214
1185 219
1185 229
1185 267
1185 268
1185 283
1185 288
1185 291
1185 293
1185 324
1185 331
1185 333
1185 335
1185 337
1185 342
1185 348
1185 349
1185 350
1185 353
1185 354
1185 355
1185 357
1185 358
1185 388
1185 391
1185 395
1185 397
1185 399
1185 401
1185 406
1185 411
1185 413
1185 418
1185 419
1185 420
1185 421
1185 422
1185 428
1185 437
1185 448
1185 452
1185 455
1185 459
1185 463
1185 465
1185 470
1185 475
1185 482
1185 483
1185 484
1185 486
1185 492
1185 516
1185 518
1185 519
1185 523
1185 527
1185 529
1185 534
1185 541
1185 542
1185 546
1185 547
1185 549
1185 550
1185 565
1185 580
1185 583
1185 587
1185 590
1185 591
1185 593
1185 598
1185 605
1185 610
1185 611
1185 612
1185 613
1185 644
1185 647
1185 651
1185 655
1185 657
1185 662
1185 667
1185 668
1185 669
1185 674
1185 675
1185 676
1185 677
1185 708
1185 715
1185 718
1185 719
1185 721
1185 726
1185 732
1185 733
1185 736
1185 738
1185 740
1185 741
1185 772
1185 778
1185 779
1185 783
1185 785
1185 795
1185 797
1185 802
1185 804
1185 806
1185 812
1185 836
1185 846
1185 847
1185 849
1185 868
1185 869
1185 900
1185 902
1185 903
1185 911
1185 913
1185 923
1185 925
1185 930
1185 931
1185 964
1185 971
1185 975
1185 977
1185 978
1185 982
1185 993
1185 994
1185 997
1185 998
1185 1028
1185 1030
1185 1035
1185 1039
1185 1041
1185 1053
1185 1057
1185 1061
1185 1092
1185 1094
1185 1099
1185 1102
1185 1103
1185 1105
1185 1110
1185 1121
1185 1122
1185 1124
1185 1156
1185 1159
1185 1163
1185 1165
1185 1167
1185 1169
1185 1174
1185 1179
1185 1181
1185 1186
1185 1189
1185 1196
1185 1216
1185 1220
1185 1222
1185 1223
1185 1231
1185 1233
1185 1238
1185 1243
1185 1246
1185 1249
1185 1250
1185 1253
1186 4
1186 34
1186 35
1186 37
1186 38
1186 70
1186 79
1186 81
1186 143
1186 145
1186 162
1186 163
1186 221
1186 260
1186 271
1186 274
1186 278
1186 285
1186 290
1186 291
1186 294
1186 324
1186 326
1186 334
1186 335
1186 337
1186 348
1186 349
1186 354
1186 355
1186 357
1186 388
1186 390
1186 391
1186 395
1186 398
1186 399
1186 401
1186 406
1186 413
1186 418
1186 421
1186 422
1186 452
1186 454
1186 459
1186 462
1186 463
1186 465
1186 470
1186 475
1186 482
1186 486
1186 516
1186 518
1186 519
1186 526
1186 527
1186 529
1186 534
1186 541
1186 542
1186 546
1186 549
1186 550
1186 565
1186 582
1186 583
1186 590
1186 591
1186 593
1186 605
1186 610
1186 611
1186 612
1186 644
1186 646
1186 647
1186 654
1186 655
1186 657
1186 667
1186 669
1186 674
1186 677
1186 708
1186 710
1186 715
1186 718
1186 719
1186 721
1186 726
1186 733
1186 736
1186 738
1186 740
1186 741
1186 772
1186 774
1186 779
1186 782
1186 783
1186 785
1186 795
1186 802
1186 804
1186 806
1186 836
1186 838
1186 846
1186 847
1186 849
1186 900
1186 902
1186 910
1186 911
1186 913
1186 930
1186 931
1186 964
1186 966
1186 971
1186 974
1186 975
1186 977
1186 978
1186 994
1186 997
1186 998
1186 1028
1186 1030
1186 1038
1186 1039
1186 1041
1186 1058
1186 1094
1186 1102
1186 1103
1186 1105
1186 1122
1186 1124
1186 1156
1186 1158
1186 1159
1186 1163
1186 1166
1186 1167
1186 1169
1186 1174
1186 1185
1186 1189
1186 1220
1186 1222
1186 1223
1186 1230
1186 1231
1186 1233
1186 1238
1186 1243
1186 1250
1186 1253
1187 995
1187 1059
1187 1123
1187 1251
1188 10
1188 12
1188 47
1188 101
1188 137
1188 164
1188 192
1188 193
1188 202
1188 224
1188 228
1188 239
1188 245
1188 258
1188 275
1188 320
1188 327
1188 331
1188 333
1188 338
1188 342
1188 347
1188 350
1188 352
1188 353
1188 356
1188 358
1188 367
1188 397
1188 402
1188 411
1188 412
1188 417
1188 419
1188 420
1188 428
1188 431
1188 437
1188 448
1188 449
1188 455
1188 461
1188 470
1188 482
1188 483
1188 484
1188 492
1188 523
1188 530
1188 539
1188 547
1188 580
1188 587
1188 589
1188 598
1188 603
1188 613
1188 614
1188 651
1188 662
1188 668
1188 675
1188 676
1188 677
1188 713
1188 731
1188 732
1188 733
1188 739
1188 775
1188 778
1188 797
1188 800
1188 805
1188 806
1188 812
1188 836
1188 839
1188 843
1188 845
1188 854
1188 866
1188 868
1188 869
1188 870
1188 903
1188 907
1188 918
1188 923
1188 925
1188 928
1188 930
1188 933
1188 949
1188 969
1188 978
1188 982
1188 989
1188 995
1188 996
1188 1028
1188 1031
1188 1035
1188 1053
1188 1059
1188 1060
1188 1061
1188 1092
1188 1097
1188 1099
1188 1110
1188 1124
1188 1165
1188 1179
1188 1181
1188 1190
1188 1196
1188 1206
1188 1216
1188 1227
1188 1246
1188 1249
1188 1250
1188 1252
1188 1253
1188 1254
1189 4
1189 9
1189 11
1189 35
1189 37
1189 38
1189 70
1189 71
1189 79
1189 81
1189 98
1189 143
1189 157
1189 162
1189 163
1189 165
1189 196
1189 203
1189 221
1189 267
1189 274
1189 278
1189 285
1189 291
1189 293
1189 294
1189 324
1189 326
1189 335
1189 337
1189 348
1189 349
1189 350
1189 353
1189 354
1189 355
1189 357
1189 358
1189 388
1189 390
1189 391
1189 395
1189 397
1189 398
1189 399
1189 401
1189 406
1189 411
1189 413
1189 418
1189 420
1189 421
1189 422
1189 437
1189 448
1189 452
1189 454
1189 459
1189 462
1189 463
1189 465
1189 470
1189 475
1189 482
1189 483
1189 484
1189 486
1189 516
1189 518
1189 519
1189 523
1189 527
1189 529
1189 534
1189 541
1189 542
1189 546
1189 547
1189 549
1189 550
1189 565
1189 580
1189 582
1189 583
1189 590
1189 591
1189 593
1189 605
1189 610
1189 611
1189 612
1189 613
1189 644
1189 646
1189 647
1189 651
1189 655
1189 657
1189 667
1189 669
1189 674
1189 676
1189 677
1189 708
1189 710
1189 715
1189 718
1189 719
1189 721
1189 726
1189 732
1189 733
1189 736
1189 738
1189 740
1189 741
1189 772
1189 774
1189 778
1189 779
1189 783
1189 785
1189 795
1189 797
1189 802
1189 804
1189 806
1189 836
1189 838
1189 846
1189 847
1189 849
1189 868
1189 900
1189 902
1189 910
1189 911
1189 913
1189 925
1189 930
1189 931
1189 964
1189 966
1189 971
1189 974
1189 975
1189 977
1189 978
1189 982
1189 994
1189 997
1189 998
1189 1028
1189 1030
1189 1035
1189 1038
1189 1039
1189 1041
1189 1061
1189 1092
1189 1094
1189 1099
1189 1102
1189 1103
1189 1105
1189 1110
1189 1122
1189 1124
1189 1125
1189 1156
1189 1158
1189 1159
1189 1163
1189 1166
1189 1167
1189 1169
1189 1174
1189 1185
1189 1186
1189 1196
1189 1220
1189 1222
1189 1223
1189 1230
1189 1231
1189 1233
1189 1238
1189 1243
1189 1250
1189 1253
1190 51
1190 202
1190 228
1190 239
1190 258
1190 275
1190 320
1190 327
1190 331
1190 333
1190 338
1190 342
1190 347
1190 352
1190 356
1190 367
1190 402
1190 412
1190 417
1190 419
1190 428
1190 431
1190 449
1190 455
1190 461
1190 477
1190 492
1190 530
1190 539
1190 587
1190 589
1190 598
1190 603
1190 608
1190 614
1190 662
1190 668
1190 675
1190 713
1190 731
1190 739
1190 775
1190 789
1190 790
1190 800
1190 805
1190 812
1190 819
1190 839
1190 843
1190 845
1190 854
1190 866
1190 869
1190 870
1190 903
1190 907
1190 918
1190 923
1190 928
1190 933
1190 949
1190 969
1190 988
1190 989
1190 995
1190 998
1190 1031
1190 1035
1190 1053
1190 1059
1190 1062
1190 1097
1190 1099
1190 1110
1190 1126
1190 1162
1190 1165
1190 1179
1190 1181
1190 1188
1190 1206
1190 1216
1190 1227
1190 1246
1190 1249
1190 1252
1190 1254
1191 364
1191 533
1191 833
1191 861
1191 999
1191 1063
1191 1127
1191 1255
1192 1000
1192 1064
1192 1128
1192 1256
1193 456
1193 1001
1193 1065
1193 1129
1193 1164
1193 1257
1194 1002
1194 1066
1194 1130
1194 1258
1195 1003
1195 1067
1195 1131
1195 1259
1196 0
1196 18
1196 22
1196 44
1196 53
1196 68
1196 86
1196 93
1196 99
1196 132
1196 139
1196 150
1196 205
1196 214
1196 219
1196 225
1196 227
1196 263
1196 284
1196 288
1196 289
1196 292
1196 311
1196 320
1196 324
1196 327
1196 331
1196 333
1196 342
1196 347
1196 348
1196 350
1196 352
1196 353
1196 354
1196 355
1196 356
1196 357
1196 358
1196 367
1196 391
1196 395
1196 397
1196 406
1196 411
1196 413
1196 417
1196 419
1196 420
1196 421
1196 422
1196 428
1196 437
1196 448
1196 452
1196 455
1196 459
1196 470
1196 475
1196 482
1196 483
1196 484
1196 486
1196 492
1196 516
1196 519
1196 523
1196 530
1196 534
1196 539
1196 541
1196 542
1196 547
1196 549
1196 550
1196 565
1196 580
1196 583
1196 587
1196 598
1196 605
1196 611
1196 612
1196 613
1196 614
1196 644
1196 647
1196 651
1196 655
1196 662
1196 667
1196 668
1196 669
1196 674
1196 675
1196 676
1196 677
1196 708
1196 715
1196 719
1196 726
1196 732
1196 733
1196 736
1196 738
1196 739
1196 740
1196 741
1196 772
1196 778
1196 779
1196 795
1196 797
1196 800
1196 804
1196 806
1196 812
1196 836
1196 843
1196 847
1196 866
1196 868
1196 869
1196 900
1196 903
1196 907
1196 911
1196 923
1196 925
1196 930
1196 931
1196 949
1196 964
1196 969
1196 971
1196 978
1196 982
1196 994
1196 995
1196 997
1196 998
1196 1004
1196 1028
1196 1035
1196 1039
1196 1041
1196 1053
1196 1061
1196 1068
1196 1092
1196 1099
1196 1103
1196 1110
1196 1122
1196 1124
1196 1132
1196 1156
1196 1159
1196 1165
1196 1179
1196 1181
1196 1185
1196 1188
1196 1189
1196 1216
1196 1220
1196 1223
1196 1227
1196 1231
1196 1238
1196 1243
1196 1246
1196 1250
1196 1253
1196 1260
1197 26
1197 489
1197 620
1197 771
1197 1005
1197 1069
1197 1133
1197 1257
1197 1261
1198 1006
1198 1070
1198 1134
1198 1262
1199 485
1199 796
1199 1007
1199 1071
1199 1135
1199 1183
1199 1263
1200 443
1200 509
1200 1008
1200 1072
1200 1136
1200 1264
1201 537
1201 1009
1201 1054
1201 1073
1201 1137
1201 1265
1202 31
1202 1010
1202 1074
1202 1101
1202 1138
1202 1266
1203 1011
1203 1075
1203 1139
1203 1267
1204 745
1204 1012
1204 1076
1204 1140
1204 1268
1205 351
1205 678
1205 961
1205 1013
1205 1077
1205 1141
1205 1269
1206 51
1206 91
1206 202
1206 228
1206 275
1206 320
1206 327
1206 333
1206 338
1206 342
1206 347
1206 352
1206 356
1206 367
1206 402
1206 412
1206 417
1206 431
1206 449
1206 455
1206 461
1206 477
1206 530
1206 539
1206 589
1206 603
1206 608
1206 614
1206 662
1206 668
1206 675
1206 713
1206 731
1206 739
1206 775
1206 789
1206 790
1206 800
1206 805
1206 812
1206 819
1206 839
1206 843
1206 845
1206 854
1206 866
1206 869
1206 870
1206 903
1206 907
1206 918
1206 923
1206 928
1206 933
1206 949
1206 969
1206 988
1206 989
1206 995
1206 1014
1206 1031
1206 1053
1206 1059
1206 1078
1206 1097
1206 1142
1206 1162
1206 1165
1206 1170
1206 1181
1206 1188
1206 1190
1206 1227
1206 1249
1206 1252
1206 1254
1206 1270
1207 66
1207 1015
1207 1079
1207 1143
1207 1271
1208 323
1208 1004
1208 1016
1208 1080
1208 1144
1208 1266
1208 1272
1209 564
1209 707
1209 1017
1209 1081
1209 1145
1209 1273
1210 1018
1210 1082
1210 1146
1210 1274
1211 87
1211 504
1211 627
1211 730
1211 1019
1211 1083
1211 1147
1211 1275
1212 442
1212 700
1212 1020
1212 1084
1212 1148
1212 1276
1213 41
1213 54
1213 233
1213 814
1213 1021
1213 1085
1213 1149
1213 1277
1214 1007
1214 1022
1214 1086
1214 1150
1214 1278
1215 319
1215 1023
1215 1087
1215 1129
1215 1151
1215 1279
1216 0
1216 18
1216 44
1216 53
1216 68
1216 86
1216 93
1216 99
1216 101
1216 150
1216 164
1216 193
1216 205
1216 224
1216 225
1216 227
1216 245
1216 263
1216 284
1216 289
1216 292
1216 311
1216 331
1216 333
1216 342
1216 350
1216 353
1216 358
1216 391
1216 395
1216 397
1216 411
1216 413
1216 417
1216 419
1216 420
1216 421
1216 422
1216 428
1216 437
1216 448
1216 455
1216 459
1216 470
1216 475
1216 482
1216 483
1216 484
1216 486
1216 492
1216 516
1216 519
1216 523
1216 530
1216 534
1216 539
1216 541
1216 542
1216 547
1216 549
1216 550
1216 565
1216 580
1216 583
1216 587
1216 598
1216 605
1216 611
1216 612
1216 613
1216 614
1216 647
1216 651
1216 662
1216 667
1216 668
1216 669
1216 674
1216 675
1216 676
1216 677
1216 715
1216 719
1216 726
1216 732
1216 733
1216 736
1216 739
1216 740
1216 741
1216 772
1216 778
1216 779
1216 795
1216 797
1216 800
1216 806
1216 812
1216 836
1216 843
1216 845
1216 847
1216 866
1216 868
1216 869
1216 900
1216 903
1216 907
1216 911
1216 923
1216 925
1216 928
1216 930
1216 931
1216 933
1216 949
1216 964
1216 969
1216 971
1216 978
1216 982
1216 994
1216 995
1216 997
1216 998
1216 1024
1216 1028
1216 1035
1216 1039
1216 1053
1216 1061
1216 1088
1216 1092
1216 1099
1216 1103
1216 1110
1216 1122
1216 1124
1216 1152
1216 1156
1216 1165
1216 1179
1216 1181
1216 1185
1216 1188
1216 1190
1216 1196
1216 1220
1216 1223
1216 1227
1216 1231
1216 1238
1216 1243
1216 1246
1216 1250
1216 1253
1217 1025
1217 1089
1217 1153
1217 1226
1218 1026
1218 1090
1218 1154
1218 1224
1219 1027
1219 1091
1219 1155
1220 9
1220 11
1220 22
1220 36
1220 71
1220 98
1220 132
1220 139
1220 143
1220 157
1220 162
1220 163
1220 165
1220 196
1220 203
1220 214
1220 219
1220 229
1220 267
1220 268
1220 283
1220 288
1220 291
1220 293
1220 324
1220 348
1220 354
1220 357
1220 388
1220 391
1220 395
1220 397
1220 399
1220 401
1220 406
1220 411
1220 413
1220 418
1220 419
1220 420
1220 421
1220 422
1220 428
1220 437
1220 448
1220 452
1220 455
1220 459
1220 463
1220 465
1220 470
1220 475
1220 482
1220 483
1220 484
1220 486
1220 492
1220 516
1220 518
1220 519
1220 523
1220 527
1220 529
1220 534
1220 541
1220 542
1220 546
1220 547
1220 549
1220 550
1220 565
1220 580
1220 583
1220 587
1220 590
1220 591
1220 593
1220 598
1220 605
1220 610
1220 611
1220 612
1220 613
1220 644
1220 647
1220 651
1220 655
1220 657
1220 662
1220 667
1220 668
1220 669
1220 674
1220 675
1220 676
1220 677
1220 708
1220 715
1220 718
1220 719
1220 721
1220 726
1220 732
1220 733
1220 736
1220 738
1220 740
1220 741
1220 772
1220 778
1220 779
1220 783
1220 785
1220 795
1220 797
1220 802
1220 804
1220 806
1220 812
1220 836
1220 846
1220 847
1220 849
1220 868
1220 869
1220 900
1220 902
1220 903
1220 911
1220 913
1220 923
1220 925
1220 930
1220 931
1220 964
1220 971
1220 975
1220 977
1220 978
1220 982
1220 994
1220 997
1220 998
1220 1028
1220 1030
1220 1035
1220 1039
1220 1041
1220 1053
1220 1061
1220 1092
1220 1094
1220 1099
1220 1102
1220 1103
1220 1105
1220 1110
1220 1122
1220 1124
1220 1156
1220 1159
1220 1163
1220 1165
1220 1167
1220 1169
1220 1174
1220 1179
1220 1181
1220 1185
1220 1186
1220 1189
1220 1196
1220 1216
1220 1222
1220 1223
1220 1231
1220 1233
1220 1238
1220 1243
1220 1246
1220 1250
1220 1253
1221 1029
1221 1093
1221 1157
1222 4
1222 6
1222 15
1222 29
1222 34
1222 38
1222 70
1222 78
1222 81
1222 134
1222 142
1222 145
1222 207
1222 209
1222 221
1222 226
1222 260
1222 262
1222 271
1222 273
1222 290
1222 294
1222 326
1222 335
1222 337
1222 349
1222 388
1222 390
1222 395
1222 398
1222 399
1222 401
1222 406
1222 413
1222 418
1222 421
1222 422
1222 452
1222 454
1222 459
1222 462
1222 463
1222 465
1222 475
1222 486
1222 516
1222 518
1222 519
1222 526
1222 527
1222 529
1222 534
1222 546
1222 549
1222 550
1222 582
1222 590
1222 591
1222 593
1222 605
1222 610
1222 612
1222 644
1222 646
1222 647
1222 654
1222 655
1222 657
1222 667
1222 669
1222 674
1222 708
1222 710
1222 715
1222 718
1222 719
1222 721
1222 726
1222 738
1222 740
1222 772
1222 774
1222 779
1222 782
1222 783
1222 785
1222 795
1222 802
1222 804
1222 838
1222 846
1222 847
1222 849
1222 900
1222 902
1222 910
1222 911
1222 913
1222 931
1222 964
1222 966
1222 971
1222 974
1222 975
1222 977
1222 994
1222 997
1222 998
1222 1030
1222 1038
1222 1039
1222 1041
1222 1094
1222 1102
1222 1103
1222 1105
1222 1124
1222 1156
1222 1158
1222 1159
1222 1163
1222 1166
1222 1167
1222 1169
1222 1174
1222 1185
1222 1186
1222 1189
1222 1220
1222 1223
1222 1230
1222 1231
1222 1233
1223 9
1223 11
1223 22
1223 35
1223 36
1223 37
1223 71
1223 98
1223 132
1223 139
1223 143
1223 157
1223 162
1223 163
1223 165
1223 196
1223 203
1223 214
1223 219
1223 229
1223 267
1223 268
1223 283
1223 288
1223 291
1223 293
1223 324
1223 348
1223 354
1223 357
1223 388
1223 391
1223 395
1223 397
1223 399
1223 401
1223 406
1223 411
1223 413
1223 418
1223 419
1223 420
1223 421
1223 422
1223 428
1223 437
1223 448
1223 452
1223 455
1223 459
1223 463
1223 465
1223 470
1223 475
1223 482
1223 483
1223 484
1223 486
1223 492
1223 516
1223 518
1223 519
1223 523
1223 527
1223 529
1223 534
1223 541
1223 542
1223 546
1223 547
1223 549
1223 550
1223 565
1223 580
1223 583
1223 587
1223 590
1223 591
1223 593
1223 598
1223 605
1223 610
1223 611
1223 612
1223 613
1223 644
1223 647
1223 651
1223 655
1223 657
1223 662
1223 667
1223 668
1223 669
1223 674
1223 675
1223 676
1223 677
1223 708
1223 715
1223 718
1223 719
1223 721
1223 726
1223 732
1223 733
1223 736
1223 738
1223 740
1223 741
1223 772
1223 778
1223 779
1223 783
1223 785
1223 795
1223 797
1223 802
1223 804
1223 806
1223 812
1223 836
1223 846
1223 847
1223 849
1223 868
1223 869
1223 900
1223 902
1223 911
1223 913
1223 923
1223 925
1223 930
1223 931
1223 964
1223 971
1223 975
1223 977
1223 978
1223 982
1223 994
1223 997
1223 998
1223 1028
1223 1030
1223 1031
1223 1035
1223 1039
1223 1041
1223 1053
1223 1061
1223 1092
1223 1094
1223 1095
1223 1099
1223 1102
1223 1103
1223 1105
1223 1110
1223 1122
1223 1124
1223 1156
1223 1159
1223 1163
1223 1165
1223 1167
1223 1169
1223 1174
1223 1179
1223 1181
1223 1185
1223 1186
1223 1189
1223 1196
1223 1216
1223 1220
1223 1222
1223 1231
1223 1233
1223 1238
1223 1243
1223 1246
1223 1250
1223 1253
1224 1032
1224 1096
1224 1160
1224 1218
1225 5
1225 72
1225 135
1225 199
1225 264
1225 329
1225 392
1225 457
1225 521
1225 581
1225 648
1225 712
1225 773
1225 841
1225 905
1225 967
1225 1033
1225 1093
1225 1097
1225 1157
1225 1161
1226 1034
1226 1098
1226 1162
1226 1217
1227 10
1227 12
1227 47
1227 137
1227 202
1227 228
1227 239
1227 258
1227 275
1227 320
1227 327
1227 347
1227 352
1227 356
1227 367
1227 397
1227 402
1227 412
1227 417
1227 419
1227 428
1227 431
1227 448
1227 449
1227 455
1227 461
1227 477
1227 483
1227 484
1227 492
1227 523
1227 530
1227 539
1227 547
1227 580
1227 587
1227 589
1227 598
1227 603
1227 613
1227 614
1227 651
1227 662
1227 668
1227 675
1227 676
1227 713
1227 731
1227 739
1227 775
1227 778
1227 790
1227 797
1227 800
1227 805
1227 812
1227 819
1227 839
1227 843
1227 845
1227 854
1227 866
1227 868
1227 869
1227 870
1227 903
1227 907
1227 918
1227 923
1227 925
1227 928
1227 933
1227 949
1227 969
1227 982
1227 989
1227 995
1227 1031
1227 1035
1227 1053
1227 1059
1227 1061
1227 1092
1227 1097
1227 1099
1227 1110
1227 1162
1227 1163
1227 1165
1227 1179
1227 1181
1227 1188
1227 1190
1227 1196
1227 1206
1227 1216
1227 1246
1227 1249
1227 1250
1227 1252
1227 1254
1228 237
1228 246
1228 1036
1228 1100
1228 1164
1229 310
1229 396
1229 1032
1229 1037
1229 1101
1229 1165
1230 6
1230 14
1230 15
1230 17
1230 29
1230 34
1230 78
1230 134
1230 142
1230 198
1230 206
1230 207
1230 209
1230 226
1230 262
1230 270
1230 271
1230 273
1230 326
1230 334
1230 337
1230 388
1230 390
1230 398
1230 399
1230 401
1230 406
1230 418
1230 452
1230 454
1230 462
1230 463
1230 465
1230 516
1230 518
1230 526
1230 527
1230 529
1230 546
1230 582
1230 590
1230 591
1230 593
1230 610
1230 644
1230 646
1230 654
1230 655
1230 657
1230 708
1230 710
1230 718
1230 721
1230 738
1230 774
1230 779
1230 782
1230 783
1230 785
1230 802
1230 804
1230 838
1230 846
1230 849
1230 902
1230 910
1230 911
1230 913
1230 966
1230 974
1230 975
1230 977
1230 994
1230 1030
1230 1038
1230 1041
1230 1094
1230 1102
1230 1105
1230 1156
1230 1158
1230 1159
1230 1163
1230 1166
1230 1167
1230 1169
1230 1174
1230 1186
1230 1189
1230 1222
1230 1231
1230 1233
1231 4
1231 9
1231 11
1231 35
1231 37
1231 38
1231 70
1231 71
1231 79
1231 81
1231 98
1231 143
1231 157
1231 162
1231 163
1231 165
1231 196
1231 203
1231 221
1231 267
1231 274
1231 278
1231 285
1231 291
1231 293
1231 294
1231 324
1231 335
1231 348
1231 349
1231 354
1231 355
1231 357
1231 388
1231 390
1231 391
1231 395
1231 397
1231 398
1231 399
1231 401
1231 406
1231 411
1231 413
1231 418
1231 420
1231 421
1231 422
1231 437
1231 448
1231 452
1231 454
1231 459
1231 463
1231 465
1231 470
1231 475
1231 482
1231 483
1231 484
1231 486
1231 516
1231 518
1231 519
1231 523
1231 527
1231 529
1231 534
1231 541
1231 542
1231 546
1231 547
1231 549
1231 550
1231 565
1231 580
1231 582
1231 583
1231 590
1231 591
1231 593
1231 605
1231 610
1231 611
1231 612
1231 613
1231 644
1231 646
1231 647
1231 651
1231 655
1231 657
1231 667
1231 669
1231 674
1231 676
1231 677
1231 708
1231 710
1231 715
1231 718
1231 719
1231 721
1231 726
1231 732
1231 733
1231 736
1231 738
1231 740
1231 741
1231 772
1231 774
1231 778
1231 779
1231 783
1231 785
1231 795
1231 797
1231 802
1231 804
1231 806
1231 836
1231 838
1231 846
1231 847
1231 849
1231 868
1231 900
1231 902
1231 910
1231 911
1231 913
1231 925
1231 930
1231 931
1231 964
1231 966
1231 971
1231 974
1231 975
1231 977
1231 978
1231 982
1231 994
1231 997
1231 998
1231 1028
1231 1030
1231 1035
1231 1038
1231 1039
1231 1041
1231 1061
1231 1092
1231 1094
1231 1099
1231 1102
1231 1103
1231 1105
1231 1110
1231 1122
1231 1124
1231 1156
1231 1158
1231 1159
1231 1163
1231 1166
1231 1167
1231 1169
1231 1174
1231 1185
1231 1186
1231 1189
1231 1196
1231 1216
1231 1220
1231 1222
1231 1223
1231 1230
1231 1233
1231 1238
1231 1243
1231 1246
1231 1250
1231 1253
1232 251
1232 1040
1232 1048
1232 1104
1232 1168
1232 1175
1233 4
1233 34
1233 35
1233 37
1233 38
1233 70
1233 79
1233 81
1233 134
1233 143
1233 145
1233 162
1233 163
1233 221
1233 260
1233 271
1233 273
1233 274
1233 278
1233 285
1233 290
1233 291
1233 294
1233 335
1233 337
1233 349
1233 355
1233 388
1233 390
1233 391
1233 395
1233 398
1233 399
1233 401
1233 406
1233 413
1233 418
1233 421
1233 422
1233 452
1233 454
1233 459
1233 462
1233 463
1233 465
1233 470
1233 475
1233 482
1233 486
1233 516
1233 518
1233 519
1233 526
1233 527
1233 529
1233 534
1233 541
1233 542
1233 546
1233 549
1233 550
1233 565
1233 582
1233 583
1233 590
1233 591
1233 593
1233 605
1233 610
1233 611
1233 612
1233 644
1233 646
1233 647
1233 654
1233 655
1233 657
1233 667
1233 669
1233 674
1233 677
1233 708
1233 710
1233 715
1233 718
1233 719
1233 721
1233 726
1233 733
1233 736
1233 738
1233 740
1233 741
1233 772
1233 774
1233 779
1233 782
1233 783
1233 785
1233 795
1233 802
1233 804
1233 806
1233 836
1233 838
1233 846
1233 847
1233 849
1233 900
1233 902
1233 910
1233 911
1233 913
1233 930
1233 931
1233 964
1233 966
1233 971
1233 974
1233 975
1233 977
1233 978
1233 994
1233 997
1233 998
1233 1030
1233 1038
1233 1039
1233 1041
1233 1094
1233 1102
1233 1103
1233 1105
1233 1122
1233 1124
1233 1156
1233 1158
1233 1159
1233 1163
1233 1166
1233 1167
1233 1169
1233 1174
1233 1185
1233 1186
1233 1189
1233 1220
1233 1222
1233 1223
1233 1230
1233 1231
1233 1238
1233 1243
1234 1042
1234 1106
1234 1170
1235 118
1235 882
1235 1043
1235 1107
1235 1171
1236 1044
1236 1108
1236 1172
1237 423
1237 592
1237 714
1237 794
1237 1045
1237 1109
1237 1173
1238 9
1238 11
1238 22
1238 36
1238 53
1238 68
1238 71
1238 93
1238 98
1238 132
1238 139
1238 150
1238 157
1238 165
1238 196
1238 203
1238 214
1238 219
1238 229
1238 263
1238 267
1238 268
1238 283
1238 288
1238 293
1238 324
1238 348
1238 350
1238 354
1238 357
1238 388
1238 391
1238 395
1238 397
1238 399
1238 401
1238 406
1238 411
1238 413
1238 418
1238 419
1238 420
1238 421
1238 422
1238 428
1238 437
1238 448
1238 452
1238 455
1238 459
1238 470
1238 475
1238 482
1238 483
1238 484
1238 486
1238 492
1238 516
1238 518
1238 519
1238 523
1238 527
1238 530
1238 534
1238 541
1238 542
1238 546
1238 547
1238 549
1238 550
1238 565
1238 580
1238 583
1238 587
1238 591
1238 593
1238 598
1238 605
1238 610
1238 611
1238 612
1238 613
1238 644
1238 647
1238 651
1238 655
1238 657
1238 662
1238 667
1238 668
1238 669
1238 674
1238 675
1238 676
1238 677
1238 708
1238 715
1238 719
1238 721
1238 726
1238 732
1238 733
1238 736
1238 738
1238 740
1238 741
1238 772
1238 778
1238 779
1238 783
1238 795
1238 797
1238 802
1238 804
1238 806
1238 812
1238 836
1238 843
1238 847
1238 849
1238 868
1238 869
1238 900
1238 903
1238 907
1238 911
1238 913
1238 923
1238 925
1238 930
1238 931
1238 964
1238 971
1238 975
1238 977
1238 978
1238 982
1238 994
1238 997
1238 998
1238 1028
1238 1035
1238 1039
1238 1041
1238 1046
1238 1053
1238 1061
1238 1092
1238 1099
1238 1103
1238 1105
1238 1110
1238 1122
1238 1124
1238 1156
1238 1159
1238 1163
1238 1165
1238 1167
1238 1174
1238 1179
1238 1181
1238 1185
1238 1186
1238 1189
1238 1196
1238 1216
1238 1220
1238 1223
1238 1231
1238 1233
1238 1243
1238 1246
1238 1250
1238 1253
1239 83
1239 505
1239 1047
1239 1111
1239 1175
1240 377
1240 1048
1240 1112
1240 1176
1240 1242
1241 1049
1241 1079
1241 1113
1241 1151
1241 1177
1242 377
1242 1050
1242 1114
1242 1178
1242 1240
1243 0
1243 9
1243 22
1243 36
1243 44
1243 53
1243 68
1243 71
1243 93
1243 132
1243 139
1243 150
1243 157
1243 214
1243 219
1243 227
1243 229
1243 263
1243 268
1243 283
1243 288
1243 311
1243 324
1243 348
1243 350
1243 353
1243 357
1243 358
1243 388
1243 391
1243 395
1243 397
1243 399
1243 401
1243 406
1243 411
1243 413
1243 417
1243 418
1243 419
1243 420
1243 421
1243 422
1243 428
1243 437
1243 448
1243 452
1243 455
1243 459
1243 470
1243 475
1243 482
1243 483
1243 484
1243 486
1243 492
1243 516
1243 519
1243 523
1243 530
1243 534
1243 541
1243 542
1243 546
1243 547
1243 549
1243 550
1243 565
1243 580
1243 583
1243 587
1243 591
1243 593
1243 598
1243 605
1243 610
1243 611
1243 612
1243 613
1243 644
1243 647
1243 651
1243 655
1243 657
1243 662
1243 667
1243 668
1243 669
1243 674
1243 675
1243 676
1243 677
1243 708
1243 715
1243 719
1243 726
1243 732
1243 733
1243 736
1243 738
1243 739
1243 740
1243 741
1243 772
1243 778
1243 779
1243 783
1243 795
1243 797
1243 802
1243 804
1243 806
1243 812
1243 836
1243 843
1243 847
1243 849
1243 866
1243 868
1243 869
1243 900
1243 903
1243 907
1243 911
1243 913
1243 923
1243 925
1243 930
1243 931
1243 964
1243 969
1243 971
1243 975
1243 977
1243 978
1243 982
1243 994
1243 995
1243 997
1243 998
1243 1028
1243 1035
1243 1039
1243 1041
1243 1051
1243 1053
1243 1061
1243 1092
1243 1099
1243 1103
1243 1105
1243 1110
1243 1115
1243 1122
1243 1124
1243 1156
1243 1159
1243 1163
1243 1165
1243 1167
1243 1174
1243 1179
1243 1181
1243 1185
1243 1186
1243 1189
1243 1196
1243 1216
1243 1220
1243 1223
1243 1231
1243 1233
1243 1238
1243 1246
1243 1250
1243 1253
1244 223
1244 1052
1244 1074
1244 1116
1244 1149
1244 1180
1245 39
1245 1053
1245 1117
1245 1181
1246 0
1246 18
1246 44
1246 53
1246 68
1246 86
1246 93
1246 99
1246 101
1246 139
1246 150
1246 164
1246 193
1246 205
1246 224
1246 225
1246 227
1246 245
1246 263
1246 284
1246 289
1246 292
1246 311
1246 331
1246 333
1246 342
1246 350
1246 353
1246 358
1246 391
1246 395
1246 397
1246 411
1246 413
1246 417
1246 419
1246 420
1246 421
1246 422
1246 428
1246 437
1246 448
1246 455
1246 459
1246 470
1246 475
1246 482
1246 483
1246 484
1246 486
1246 492
1246 516
1246 519
1246 523
1246 530
1246 534
1246 539
1246 541
1246 542
1246 547
1246 549
1246 550
1246 565
1246 580
1246 583
1246 587
1246 598
1246 605
1246 611
1246 612
1246 613
1246 614
1246 647
1246 651
1246 662
1246 667
1246 668
1246 669
1246 674
1246 675
1246 676
1246 677
1246 715
1246 719
1246 726
1246 732
1246 733
1246 736
1246 739
1246 740
1246 741
1246 772
1246 778
1246 779
1246 795
1246 797
1246 800
1246 806
1246 812
1246 836
1246 843
1246 845
1246 847
1246 866
1246 868
1246 869
1246 900
1246 903
1246 907
1246 911
1246 923
1246 925
1246 930
1246 931
1246 933
1246 949
1246 964
1246 969
1246 971
1246 978
1246 982
1246 994
1246 995
1246 997
1246 998
1246 1028
1246 1035
1246 1039
1246 1053
1246 1054
1246 1061
1246 1092
1246 1099
1246 1103
1246 1110
1246 1118
1246 1122
1246 1124
1246 1156
1246 1165
1246 1179
1246 1181
1246 1182
1246 1185
1246 1188
1246 1190
1246 1196
1246 1216
1246 1220
1246 1223
1246 1227
1246 1231
1246 1238
1246 1243
1246 1250
1246 1253
1247 570
1247 1055
1247 1119
1247 1183
1248 1056
1248 1120
1248 1184
1249 51
1249 91
1249 202
1249 228
1249 275
1249 338
1249 402
1249 412
1249 417
1249 431
1249 449
1249 455
1249 461
1249 477
1249 530
1249 539
1249 589
1249 603
1249 608
1249 614
1249 662
1249 668
1249 675
1249 713
1249 731
1249 739
1249 775
1249 789
1249 790
1249 800
1249 805
1249 812
1249 819
1249 839
1249 843
1249 845
1249 854
1249 866
1249 870
1249 903
1249 907
1249 918
1249 928
1249 933
1249 949
1249 969
1249 988
1249 989
1249 995
1249 1031
1249 1053
1249 1057
1249 1059
1249 1097
1249 1121
1249 1162
1249 1170
1249 1181
1249 1185
1249 1188
1249 1190
1249 1206
1249 1227
1249 1252
1249 1254
1249 1270
1250 0
1250 18
1250 22
1250 44
1250 53
1250 68
1250 86
1250 93
1250 99
1250 132
1250 139
1250 150
1250 205
1250 214
1250 219
1250 225
1250 227
1250 263
1250 268
1250 283
1250 284
1250 288
1250 289
1250 292
1250 311
1250 331
1250 333
1250 350
1250 353
1250 358
1250 391
1250 395
1250 397
1250 406
1250 411
1250 413
1250 417
1250 419
1250 420
1250 421
1250 422
1250 428
1250 437
1250 448
1250 452
1250 455
1250 459
1250 470
1250 475
1250 482
1250 483
1250 484
1250 486
1250 492
1250 516
1250 519
1250 523
1250 530
1250 534
1250 539
1250 541
1250 542
1250 547
1250 549
1250 550
1250 565
1250 580
1250 583
1250 587
1250 598
1250 605
1250 611
1250 612
1250 613
1250 614
1250 644
1250 647
1250 651
1250 655
1250 662
1250 667
1250 668
1250 669
1250 674
1250 675
1250 676
1250 677
1250 708
1250 715
1250 719
1250 726
1250 732
1250 733
1250 736
1250 738
1250 739
1250 740
1250 741
1250 772
1250 778
1250 779
1250 795
1250 797
1250 800
1250 804
1250 806
1250 812
1250 836
1250 843
1250 847
1250 866
1250 868
1250 869
1250 900
1250 903
1250 907
1250 911
1250 923
1250 925
1250 930
1250 931
1250 949
1250 964
1250 969
1250 971
1250 978
1250 982
1250 994
1250 995
1250 997
1250 998
1250 1028
1250 1035
1250 1039
1250 1041
1250 1053
1250 1058
1250 1061
1250 1092
1250 1099
1250 1103
1250 1110
1250 1122
1250 1124
1250 1156
1250 1159
1250 1163
1250 1165
1250 1167
1250 1179
1250 1181
1250 1185
1250 1186
1250 1188
1250 1189
1250 1196
1250 1216
1250 1220
1250 1223
1250 1227
1250 1231
1250 1238
1250 1243
1250 1246
1250 1253
1251 670
1251 742
1251 960
1251 1059
1251 1123
1251 1187
1252 51
1252 91
1252 228
1252 230
1252 338
1252 402
1252 412
1252 417
1252 431
1252 449
1252 461
1252 477
1252 530
1252 539
1252 589
1252 603
1252 608
1252 614
1252 713
1252 731
1252 739
1252 775
1252 789
1252 790
1252 800
1252 805
1252 819
1252 839
1252 843
1252 845
1252 854
1252 866
1252 870
1252 903
1252 907
1252 918
1252 928
1252 933
1252 949
1252 969
1252 988
1252 989
1252 995
1252 1031
1252 1059
1252 1060
1252 1097
1252 1124
1252 1162
1252 1170
1252 1188
1252 1190
1252 1206
1252 1227
1252 1249
1252 1254
1252 1270
1253 0
1253 18
1253 22
1253 36
1253 44
1253 53
1253 68
1253 86
1253 93
1253 132
1253 139
1253 150
1253 205
1253 214
1253 219
1253 227
1253 229
1253 263
1253 268
1253 283
1253 288
1253 289
1253 292
1253 311
1253 331
1253 348
1253 350
1253 353
1253 358
1253 388
1253 391
1253 395
1253 397
1253 406
1253 411
1253 413
1253 417
1253 418
1253 419
1253 420
1253 421
1253 422
1253 428
1253 437
1253 448
1253 452
1253 455
1253 459
1253 470
1253 475
1253 482
1253 483
1253 484
1253 486
1253 492
1253 516
1253 519
1253 523
1253 530
1253 534
1253 541
1253 542
1253 546
1253 547
1253 549
1253 550
1253 565
1253 580
1253 583
1253 587
1253 591
1253 598
1253 605
1253 610
1253 611
1253 612
1253 613
1253 614
1253 644
1253 647
1253 651
1253 655
1253 662
1253 667
1253 668
1253 669
1253 674
1253 675
1253 676
1253 677
1253 708
1253 715
1253 719
1253 726
1253 732
1253 733
1253 736
1253 738
1253 739
1253 740
1253 741
1253 772
1253 778
1253 779
1253 795
1253 797
1253 800
1253 802
1253 804
1253 806
1253 812
1253 836
1253 843
1253 847
1253 866
1253 868
1253 869
1253 900
1253 903
1253 907
1253 911
1253 913
1253 923
1253 925
1253 930
1253 931
1253 964
1253 969
1253 971
1253 977
1253 978
1253 982
1253 994
1253 995
1253 997
1253 998
1253 1028
1253 1035
1253 1039
1253 1041
1253 1053
1253 1061
1253 1092
1253 1099
1253 1103
1253 1105
1253 1110
1253 1122
1253 1124
1253 1125
1253 1156
1253 1159
1253 1163
1253 1165
1253 1167
1253 1174
1253 1179
1253 1181
1253 1185
1253 1186
1253 1188
1253 1189
1253 1196
1253 1216
1253 1220
1253 1223
1253 1231
1253 1238
1253 1243
1253 1246
1253 1250
1254 21
1254 51
1254 91
1254 201
1254 230
1254 247
1254 338
1254 402
1254 412
1254 417
1254 431
1254 449
1254 461
1254 477
1254 530
1254 539
1254 589
1254 603
1254 608
1254 614
1254 713
1254 731
1254 739
1254 775
1254 789
1254 790
1254 800
1254 805
1254 819
1254 839
1254 843
1254 845
1254 854
1254 866
1254 870
1254 907
1254 918
1254 928
1254 933
1254 949
1254 969
1254 988
1254 989
1254 995
1254 1031
1254 1059
1254 1062
1254 1097
1254 1126
1254 1162
1254 1170
1254 1188
1254 1190
1254 1206
1254 1227
1254 1249
1254 1252
1254 1270
1255 122
1255 491
1255 1063
1255 1127
1255 1191
1256 92
1256 1064
1256 1128
1256 1192
1257 26
1257 489
1257 620
1257 771
1257 1065
1257 1129
1257 1193
1257 1197
1258 171
1258 191
1258 959
1258 1066
1258 1069
1258 1130
1258 1194
1259 113
1259 1067
1259 1131
1259 1195
1260 1034
1260 1068
1260 1132
1260 1196
1261 1069
1261 1133
1261 1197
1262 369
1262 976
1262 1070
1262 1134
1262 1198
1263 361
1263 394
1263 1071
1263 1135
1263 1199
1264 1072
1264 1136
1264 1200
1265 252
1265 474
1265 1073
1265 1078
1265 1137
1265 1201
1266 323
1266 1004
1266 1074
1266 1138
1266 1202
1266 1208
1267 426
1267 434
1267 1014
1267 1075
1267 1139
1267 1203
1268 128
1268 671
1268 1076
1268 1140
1268 1204
1269 1077
1269 1141
1269 1205
1270 1
1270 21
1270 201
1270 247
1270 257
1270 402
1270 412
1270 431
1270 449
1270 461
1270 477
1270 589
1270 603
1270 608
1270 704
1270 713
1270 731
1270 775
1270 789
1270 790
1270 801
1270 819
1270 839
1270 870
1270 918
1270 932
1270 988
1270 989
1270 1059
1270 1078
1270 1097
1270 1125
1270 1142
1270 1162
1270 1170
1270 1206
1270 1249
1270 1252
1270 1254
1271 579
1271 631
1271 1079
1271 1143
1271 1207
1272 1005
1272 1080
1272 1144
1272 1208
1273 362
1273 444
1273 881
1273 920
1273 1081
1273 1145
1273 1209
1274 1082
1274 1114
1274 1146
1274 1210
1275 1083
1275 1147
1275 1211
1276 186
1276 1084
1276 1148
1276 1212
1277 185
1277 602
1277 872
1277 1006
1277 1085
1277 1149
1277 1213
1278 950
1278 1086
1278 1150
1278 1214
1279 560
1279 1082
1279 1087
1279 1151
1279 1215
