0 64
0 128
0 192
1 65
1 129
1 193
1 328
1 822
1 940
2 66
2 130
2 194
2 468
2 576
2 616
3 67
3 131
3 195
3 1148
4 7
4 14
4 17
4 23
4 36
4 68
4 70
4 73
4 132
4 166
4 196
4 202
4 211
4 222
4 223
4 268
4 279
4 390
4 422
4 452
4 460
4 461
4 465
4 521
4 546
4 586
4 647
4 654
4 708
4 714
4 715
4 721
4 722
4 736
4 740
4 750
4 759
4 800
4 802
4 908
4 977
4 1030
4 1031
4 1034
4 1118
4 1129
4 1158
4 1159
4 1198
4 1225
4 1239
5 69
5 133
5 197
5 735
6 12
6 15
6 30
6 34
6 70
6 79
6 134
6 135
6 143
6 166
6 198
6 201
6 204
6 206
6 207
6 215
6 226
6 230
6 262
6 263
6 271
6 290
6 294
6 326
6 327
6 332
6 335
6 358
6 391
6 396
6 399
6 454
6 455
6 458
6 462
6 463
6 477
6 486
6 519
6 522
6 527
6 550
6 582
6 583
6 678
6 710
6 713
6 716
6 717
6 727
6 734
6 738
6 742
6 774
6 775
6 780
6 806
6 839
6 841
6 844
6 870
6 906
6 910
6 934
6 967
6 998
6 1098
6 1122
6 1190
6 1223
7 4
7 12
7 17
7 23
7 30
7 70
7 71
7 73
7 79
7 134
7 135
7 143
7 166
7 196
7 199
7 201
7 202
7 204
7 206
7 215
7 223
7 226
7 230
7 262
7 263
7 268
7 290
7 294
7 326
7 327
7 358
7 390
7 391
7 396
7 452
7 454
7 458
7 461
7 462
7 465
7 477
7 519
7 521
7 522
7 546
7 550
7 582
7 583
7 647
7 654
7 708
7 714
7 715
7 717
7 740
7 750
7 774
7 780
7 800
7 802
7 839
7 841
7 844
7 870
7 902
7 937
7 942
7 969
7 1092
7 1095
7 1097
7 1100
7 1134
7 1254
7 1257
8 72
8 136
8 200
8 1203
8 1266
9 71
9 73
9 137
9 199
9 201
9 265
9 329
9 393
9 457
9 518
9 585
9 649
9 711
9 745
9 777
9 838
9 903
9 966
9 1033
9 1094
9 1161
9 1222
10 74
10 138
10 202
11 75
11 139
11 203
11 362
11 768
11 1128
12 6
12 7
12 15
12 17
12 30
12 34
12 70
12 73
12 76
12 79
12 134
12 135
12 140
12 143
12 166
12 196
12 198
12 201
12 202
12 204
12 206
12 215
12 226
12 230
12 262
12 263
12 268
12 290
12 294
12 326
12 327
12 332
12 358
12 390
12 391
12 396
12 454
12 458
12 462
12 477
12 486
12 519
12 522
12 550
12 582
12 583
12 678
12 708
12 710
12 714
12 715
12 717
12 727
12 734
12 738
12 740
12 774
12 775
12 780
12 800
12 802
12 839
12 841
12 844
12 870
12 902
12 910
12 937
12 942
12 972
12 1036
12 1098
12 1100
12 1134
13 77
13 141
13 205
13 751
13 765
13 980
13 1076
14 4
14 23
14 36
14 78
14 142
14 206
14 211
14 222
14 279
14 418
14 422
14 460
14 461
14 465
14 586
14 646
14 654
14 721
14 722
14 736
14 759
14 905
14 1228
15 6
15 12
15 30
15 34
15 79
15 134
15 135
15 143
15 198
15 201
15 204
15 206
15 207
15 215
15 226
15 230
15 262
15 263
15 271
15 290
15 294
15 326
15 327
15 332
15 335
15 358
15 391
15 396
15 399
15 454
15 455
15 458
15 462
15 463
15 477
15 486
15 519
15 522
15 527
15 550
15 582
15 583
15 678
15 710
15 713
15 716
15 717
15 727
15 734
15 738
15 742
15 774
15 775
15 780
15 806
15 839
15 841
15 844
15 870
15 906
15 910
15 934
15 967
15 998
15 1062
15 1098
15 1122
15 1190
15 1223
16 80
16 144
16 208
16 216
17 4
17 7
17 12
17 23
17 70
17 73
17 79
17 81
17 134
17 145
17 166
17 196
17 201
17 202
17 206
17 209
17 211
17 222
17 223
17 263
17 268
17 294
17 326
17 390
17 396
17 422
17 452
17 458
17 460
17 461
17 462
17 465
17 521
17 522
17 546
17 582
17 586
17 647
17 654
17 708
17 714
17 715
17 717
17 721
17 722
17 736
17 740
17 750
17 759
17 800
17 802
17 841
17 844
17 1030
17 1031
17 1092
17 1097
17 1118
17 1129
17 1158
17 1198
17 1225
17 1239
17 1257
18 82
18 146
18 210
18 577
19 83
19 147
19 211
20 84
20 148
20 212
21 65
21 72
21 85
21 125
21 149
21 213
21 645
21 1002
21 1272
22 86
22 150
22 167
22 214
23 4
23 7
23 14
23 17
23 36
23 70
23 87
23 151
23 196
23 202
23 211
23 215
23 222
23 223
23 268
23 279
23 390
23 422
23 452
23 460
23 461
23 465
23 521
23 546
23 586
23 647
23 654
23 708
23 714
23 715
23 721
23 722
23 736
23 740
23 750
23 759
23 800
23 802
23 908
23 977
23 1034
23 1118
23 1129
23 1158
23 1159
23 1198
24 88
24 152
24 164
24 216
24 776
24 1121
24 1155
25 89
25 153
25 217
25 1079
26 90
26 154
26 172
26 218
26 795
26 1242
27 91
27 155
27 219
27 1022
28 92
28 156
28 220
28 893
28 1032
28 1042
29 89
29 93
29 113
29 157
29 221
30 6
30 7
30 12
30 15
30 34
30 70
30 73
30 79
30 94
30 134
30 135
30 143
30 158
30 166
30 198
30 201
30 202
30 204
30 206
30 215
30 222
30 226
30 230
30 262
30 263
30 290
30 294
30 326
30 327
30 332
30 358
30 391
30 396
30 454
30 455
30 458
30 462
30 477
30 486
30 519
30 522
30 550
30 582
30 583
30 678
30 710
30 713
30 714
30 715
30 716
30 717
30 727
30 734
30 738
30 740
30 742
30 774
30 775
30 780
30 800
30 802
30 839
30 841
30 844
30 870
30 906
30 910
30 934
30 972
30 998
30 1036
30 1098
30 1122
30 1190
30 1223
31 95
31 159
31 223
31 971
31 1015
32 96
32 160
32 224
32 748
32 909
32 961
33 42
33 92
33 97
33 161
33 225
34 6
34 12
34 15
34 30
34 79
34 98
34 135
34 143
34 162
34 198
34 201
34 204
34 206
34 207
34 215
34 226
34 230
34 262
34 271
34 290
34 294
34 326
34 327
34 332
34 335
34 358
34 391
34 396
34 399
34 454
34 455
34 458
34 462
34 463
34 477
34 486
34 519
34 527
34 550
34 582
34 583
34 591
34 678
34 710
34 713
34 716
34 717
34 727
34 734
34 738
34 742
34 774
34 775
34 780
34 806
34 839
34 841
34 844
34 870
34 906
34 910
34 934
34 967
34 998
34 1062
34 1122
34 1190
34 1223
35 99
35 163
35 227
35 622
36 4
36 14
36 23
36 100
36 164
36 211
36 222
36 228
36 279
36 418
36 422
36 460
36 461
36 586
36 646
36 721
36 722
36 736
36 759
36 778
36 905
36 1228
37 101
37 165
37 229
38 102
38 166
38 230
38 808
39 103
39 151
39 167
39 231
40 104
40 168
40 232
40 756
40 1142
41 105
41 169
41 233
41 786
41 1130
42 33
42 92
42 106
42 170
42 234
43 107
43 171
43 235
43 427
43 538
43 592
43 618
43 976
43 1009
44 108
44 172
44 236
45 109
45 173
45 237
45 443
46 110
46 174
46 238
47 111
47 175
47 239
48 112
48 176
48 240
48 248
48 789
49 113
49 177
49 241
49 1000
50 114
50 178
50 242
50 953
51 115
51 179
51 243
51 406
51 1256
52 116
52 132
52 180
52 244
53 117
53 181
53 245
53 446
54 63
54 118
54 182
54 246
54 412
54 637
54 1114
54 1151
55 119
55 183
55 213
55 247
55 261
55 1116
56 120
56 184
56 248
56 562
56 1083
56 1212
57 95
57 121
57 185
57 249
57 819
57 1019
58 122
58 186
58 250
59 123
59 187
59 251
60 124
60 188
60 252
60 314
60 867
61 125
61 189
61 253
61 503
61 771
62 126
62 190
62 254
62 528
63 54
63 127
63 191
63 255
63 412
63 637
63 1114
63 1151
64 0
64 128
64 192
64 256
64 769
64 1229
65 1
65 21
65 72
65 125
65 129
65 193
65 257
65 645
65 1002
65 1272
66 2
66 130
66 194
66 255
66 258
66 606
66 833
66 1021
66 1270
67 3
67 131
67 195
67 259
68 4
68 132
68 196
68 260
68 723
68 731
68 926
69 5
69 131
69 133
69 197
69 261
70 4
70 6
70 7
70 12
70 17
70 23
70 30
70 73
70 79
70 134
70 135
70 143
70 166
70 196
70 198
70 201
70 202
70 204
70 206
70 223
70 226
70 230
70 262
70 263
70 268
70 290
70 294
70 326
70 327
70 358
70 390
70 391
70 396
70 452
70 458
70 461
70 462
70 465
70 477
70 519
70 521
70 522
70 546
70 550
70 582
70 583
70 647
70 654
70 708
70 714
70 715
70 717
70 721
70 740
70 750
70 774
70 800
70 802
70 839
70 841
70 844
70 902
70 910
70 937
70 942
70 969
70 1092
70 1095
70 1097
70 1100
70 1134
70 1254
70 1257
71 7
71 9
71 135
71 137
71 199
71 263
71 265
71 329
71 393
71 457
71 518
71 585
71 649
71 711
71 745
71 777
71 838
71 903
71 966
71 1033
71 1094
71 1161
71 1222
72 8
72 21
72 65
72 125
72 136
72 200
72 264
72 645
72 1002
72 1272
73 4
73 7
73 9
73 12
73 17
73 30
73 70
73 79
73 134
73 135
73 137
73 143
73 166
73 196
73 201
73 202
73 204
73 206
73 215
73 223
73 226
73 230
73 262
73 263
73 265
73 268
73 290
73 294
73 326
73 327
73 358
73 390
73 391
73 396
73 452
73 454
73 458
73 461
73 462
73 465
73 477
73 519
73 521
73 522
73 546
73 550
73 582
73 583
73 647
73 654
73 678
73 708
73 714
73 715
73 717
73 740
73 750
73 774
73 780
73 800
73 802
73 839
73 841
73 844
73 870
73 902
73 906
73 910
73 934
73 937
73 942
73 969
73 1036
73 1092
73 1095
73 1097
73 1100
73 1134
73 1254
73 1257
74 10
74 138
74 202
74 266
74 296
74 448
75 11
75 139
75 203
75 267
76 12
76 140
76 204
76 268
76 718
77 13
77 141
77 205
77 269
78 14
78 142
78 206
78 270
78 1088
79 6
79 7
79 12
79 15
79 17
79 30
79 34
79 70
79 73
79 134
79 135
79 143
79 166
79 196
79 198
79 201
79 202
79 204
79 206
79 207
79 215
79 226
79 230
79 262
79 263
79 268
79 271
79 290
79 294
79 326
79 327
79 332
79 358
79 390
79 391
79 396
79 454
79 458
79 462
79 477
79 486
79 519
79 522
79 550
79 582
79 583
79 678
79 708
79 710
79 714
79 715
79 717
79 727
79 734
79 738
79 740
79 774
79 775
79 780
79 800
79 802
79 839
79 841
79 844
79 870
79 902
79 906
79 910
79 934
79 937
79 942
79 972
79 1036
79 1098
79 1100
79 1134
80 16
80 144
80 208
80 272
80 665
81 17
81 145
81 209
81 212
81 273
81 790
82 18
82 146
82 210
82 274
82 301
82 309
82 602
82 1264
83 19
83 147
83 211
83 275
83 348
83 855
84 20
84 148
84 178
84 212
84 276
84 383
84 853
85 21
85 149
85 213
85 277
85 632
86 22
86 150
86 214
86 278
86 281
87 23
87 151
87 165
87 215
87 279
87 343
87 648
87 999
87 1056
88 24
88 152
88 216
88 280
88 402
88 688
89 25
89 29
89 113
89 153
89 217
89 281
90 26
90 154
90 218
90 282
90 543
90 1237
91 27
91 155
91 219
91 283
91 445
91 729
91 1213
91 1216
92 28
92 33
92 42
92 156
92 220
92 284
93 29
93 157
93 221
93 285
94 30
94 158
94 214
94 222
94 286
94 925
94 949
95 31
95 57
95 159
95 223
95 287
95 819
95 1019
96 32
96 160
96 224
96 288
96 366
96 797
96 944
96 1064
97 33
97 161
97 225
97 289
97 1196
98 34
98 162
98 226
98 290
99 35
99 163
99 227
99 291
99 323
100 36
100 164
100 228
100 292
100 662
100 1271
101 37
101 165
101 229
101 293
102 38
102 166
102 230
102 294
103 39
103 167
103 231
103 295
103 1001
104 40
104 168
104 232
104 250
104 296
104 869
105 41
105 169
105 233
105 297
105 1089
105 1133
106 42
106 170
106 234
106 298
106 604
107 43
107 171
107 235
107 299
107 502
107 687
107 1214
108 44
108 172
108 236
108 289
108 300
108 784
108 831
109 45
109 173
109 237
109 301
109 739
109 1068
109 1249
110 46
110 174
110 238
110 302
111 47
111 175
111 239
111 303
111 837
111 1207
112 48
112 176
112 240
112 304
112 351
112 954
113 29
113 49
113 89
113 177
113 241
113 305
114 50
114 178
114 242
114 306
115 51
115 179
115 243
115 307
115 658
116 52
116 180
116 244
116 308
116 415
116 1004
117 53
117 181
117 183
117 245
117 309
117 501
118 54
118 182
118 246
118 310
119 55
119 183
119 247
119 311
119 730
119 814
120 56
120 184
120 248
120 312
120 431
120 456
121 57
121 185
121 249
121 313
122 58
122 186
122 250
122 314
122 495
122 656
122 1045
122 1153
123 59
123 187
123 251
123 315
124 60
124 155
124 188
124 252
124 316
124 862
125 21
125 61
125 65
125 72
125 189
125 253
125 317
125 645
125 1002
125 1272
126 62
126 190
126 254
126 318
126 325
126 438
126 488
126 560
126 848
127 63
127 154
127 191
127 255
127 319
128 0
128 64
128 192
128 205
128 256
128 320
128 333
129 1
129 65
129 193
129 257
129 321
129 419
130 2
130 66
130 194
130 258
130 322
130 520
130 873
131 3
131 67
131 69
131 195
131 259
131 323
132 4
132 52
132 68
132 196
132 260
132 324
133 5
133 69
133 197
133 261
133 311
133 325
134 6
134 7
134 12
134 15
134 17
134 30
134 70
134 73
134 79
134 135
134 143
134 166
134 196
134 198
134 201
134 202
134 204
134 206
134 215
134 223
134 226
134 230
134 262
134 263
134 268
134 290
134 294
134 326
134 327
134 332
134 358
134 390
134 391
134 396
134 452
134 454
134 458
134 462
134 465
134 477
134 519
134 521
134 522
134 546
134 550
134 582
134 583
134 647
134 654
134 678
134 708
134 714
134 715
134 717
134 738
134 740
134 750
134 774
134 780
134 800
134 802
134 839
134 841
134 844
134 870
134 902
134 906
134 910
134 934
134 937
134 942
134 969
134 972
134 998
134 1036
134 1092
134 1095
134 1100
134 1134
134 1254
135 6
135 7
135 12
135 15
135 30
135 34
135 70
135 71
135 73
135 79
135 134
135 143
135 166
135 198
135 199
135 201
135 202
135 204
135 206
135 215
135 226
135 230
135 262
135 263
135 290
135 294
135 326
135 327
135 332
135 358
135 390
135 391
135 396
135 454
135 455
135 458
135 462
135 477
135 486
135 519
135 522
135 550
135 582
135 583
135 678
135 708
135 710
135 713
135 714
135 715
135 716
135 717
135 727
135 734
135 738
135 740
135 742
135 774
135 775
135 780
135 800
135 802
135 839
135 841
135 844
135 870
135 902
135 906
135 910
135 934
135 937
135 942
135 967
135 969
135 972
135 998
135 1036
135 1098
135 1122
135 1134
135 1223
136 8
136 72
136 181
136 200
136 264
136 328
136 506
136 825
136 885
137 9
137 71
137 73
137 199
137 201
137 265
137 329
137 393
137 457
137 518
137 585
137 649
137 711
137 745
137 777
137 838
137 903
137 966
137 1033
137 1094
137 1161
137 1222
138 10
138 74
138 202
138 266
138 330
138 659
139 11
139 75
139 203
139 267
139 331
139 755
140 12
140 76
140 192
140 204
140 268
140 332
141 13
141 77
141 205
141 269
141 333
141 1093
142 14
142 78
142 206
142 270
142 334
143 6
143 7
143 12
143 15
143 30
143 34
143 70
143 73
143 79
143 134
143 135
143 166
143 198
143 201
143 202
143 204
143 206
143 207
143 215
143 226
143 230
143 262
143 263
143 271
143 290
143 294
143 326
143 327
143 332
143 335
143 358
143 391
143 396
143 454
143 455
143 458
143 462
143 477
143 486
143 519
143 522
143 550
143 582
143 583
143 678
143 708
143 710
143 713
143 714
143 715
143 716
143 717
143 727
143 734
143 738
143 740
143 742
143 774
143 775
143 780
143 800
143 802
143 839
143 841
143 844
143 870
143 902
143 906
143 910
143 934
143 937
143 942
143 967
143 969
143 972
143 998
143 1036
143 1098
143 1122
143 1190
143 1223
144 16
144 80
144 208
144 272
144 336
144 761
144 1081
145 17
145 81
145 209
145 273
145 337
145 982
145 1053
146 18
146 82
146 210
146 274
146 338
147 19
147 83
147 211
147 275
147 339
147 385
147 429
147 681
148 20
148 84
148 212
148 218
148 276
148 340
149 21
149 85
149 213
149 277
149 341
149 425
149 1027
150 22
150 86
150 214
150 278
150 303
150 342
150 1235
151 23
151 39
151 87
151 215
151 279
151 343
152 24
152 88
152 216
152 280
152 344
152 638
153 25
153 89
153 217
153 281
153 345
154 26
154 90
154 127
154 218
154 282
154 346
155 27
155 91
155 124
155 219
155 283
155 347
155 862
156 28
156 92
156 220
156 284
156 322
156 348
156 535
156 948
157 29
157 93
157 221
157 285
157 349
158 30
158 94
158 222
158 286
158 350
158 962
159 31
159 95
159 223
159 287
159 351
160 32
160 96
160 224
160 288
160 352
160 513
160 857
161 33
161 97
161 225
161 289
161 353
161 692
161 793
161 794
162 34
162 98
162 197
162 226
162 290
162 354
162 935
163 35
163 99
163 227
163 291
163 355
163 447
164 24
164 36
164 100
164 228
164 292
164 356
164 776
164 1121
164 1155
165 37
165 87
165 101
165 229
165 293
165 343
165 357
165 648
165 999
165 1056
166 4
166 6
166 7
166 12
166 17
166 30
166 38
166 70
166 73
166 79
166 102
166 134
166 135
166 143
166 196
166 198
166 201
166 202
166 204
166 206
166 215
166 223
166 226
166 230
166 262
166 263
166 268
166 290
166 294
166 326
166 327
166 332
166 358
166 390
166 391
166 396
166 452
166 454
166 458
166 462
166 465
166 477
166 519
166 521
166 522
166 546
166 550
166 582
166 583
166 647
166 654
166 678
166 708
166 714
166 715
166 717
166 740
166 750
166 774
166 780
166 800
166 802
166 839
166 841
166 844
166 870
166 902
166 906
166 910
166 934
166 937
166 942
166 969
166 972
166 998
166 1036
166 1092
166 1095
166 1100
166 1134
166 1254
167 22
167 39
167 103
167 231
167 295
167 359
168 40
168 104
168 232
168 296
168 360
168 430
168 913
169 41
169 105
169 233
169 297
169 361
170 42
170 106
170 234
170 277
170 298
170 362
170 1168
170 1200
171 43
171 107
171 235
171 299
171 363
171 404
172 26
172 44
172 108
172 236
172 300
172 364
172 795
172 1242
173 45
173 109
173 237
173 301
173 365
173 930
174 46
174 110
174 238
174 302
174 366
174 1166
175 47
175 111
175 239
175 293
175 303
175 367
175 469
176 48
176 112
176 240
176 304
176 368
176 1049
177 49
177 113
177 241
177 305
177 369
177 400
177 597
178 50
178 84
178 114
178 242
178 306
178 370
178 383
178 853
179 51
179 115
179 240
179 243
179 307
179 371
179 864
180 52
180 116
180 244
180 308
180 372
180 584
180 672
180 922
180 958
180 1205
181 53
181 117
181 136
181 245
181 309
181 373
181 506
181 825
181 885
182 54
182 118
182 246
182 310
182 374
182 693
182 823
182 1137
182 1150
183 55
183 117
183 119
183 247
183 311
183 375
183 501
184 56
184 120
184 248
184 312
184 376
185 57
185 121
185 249
185 313
185 377
185 596
186 58
186 122
186 250
186 272
186 314
186 378
186 1071
187 59
187 123
187 251
187 315
187 379
188 60
188 124
188 252
188 316
188 380
189 61
189 125
189 253
189 280
189 317
189 381
190 62
190 126
190 254
190 318
190 382
190 728
190 1279
191 63
191 127
191 255
191 319
191 369
191 383
192 0
192 64
192 128
192 140
192 256
192 320
192 384
193 1
193 65
193 129
193 257
193 321
193 385
193 553
194 2
194 66
194 130
194 257
194 258
194 322
194 386
194 744
195 3
195 67
195 131
195 259
195 323
195 387
195 388
196 4
196 7
196 12
196 17
196 23
196 68
196 70
196 73
196 79
196 132
196 134
196 166
196 201
196 202
196 206
196 211
196 222
196 223
196 260
196 263
196 268
196 294
196 324
196 326
196 388
196 390
196 396
196 422
196 452
196 458
196 460
196 461
196 462
196 465
196 521
196 522
196 546
196 582
196 586
196 647
196 654
196 708
196 714
196 715
196 717
196 721
196 722
196 736
196 740
196 750
196 759
196 800
196 802
196 841
196 844
196 902
196 908
196 937
196 942
196 969
196 977
196 1030
196 1031
196 1034
196 1036
196 1092
196 1097
196 1118
196 1129
196 1158
196 1198
196 1225
196 1239
196 1257
197 5
197 69
197 133
197 162
197 261
197 325
197 389
197 935
198 6
198 12
198 15
198 30
198 34
198 70
198 79
198 134
198 135
198 143
198 166
198 201
198 204
198 206
198 207
198 215
198 226
198 230
198 262
198 263
198 271
198 290
198 294
198 326
198 327
198 332
198 335
198 358
198 390
198 391
198 396
198 399
198 454
198 455
198 458
198 462
198 463
198 477
198 486
198 519
198 522
198 527
198 550
198 582
198 583
198 678
198 710
198 713
198 716
198 717
198 727
198 734
198 738
198 742
198 774
198 775
198 780
198 806
198 839
198 841
198 844
198 870
198 902
198 906
198 910
198 934
198 937
198 942
198 967
198 972
198 998
198 1036
198 1062
198 1098
198 1122
198 1190
198 1223
199 7
199 9
199 71
199 135
199 137
199 263
199 265
199 327
199 329
199 391
199 393
199 457
199 518
199 585
199 649
199 711
199 745
199 777
199 838
199 903
199 966
199 1033
199 1094
199 1161
199 1222
200 8
200 72
200 136
200 264
200 328
200 392
200 878
201 6
201 7
201 9
201 12
201 15
201 17
201 30
201 34
201 70
201 73
201 79
201 134
201 135
201 137
201 143
201 166
201 196
201 198
201 202
201 204
201 206
201 215
201 226
201 230
201 262
201 263
201 265
201 268
201 290
201 294
201 326
201 327
201 329
201 332
201 358
201 390
201 391
201 393
201 396
201 454
201 458
201 462
201 477
201 486
201 519
201 522
201 550
201 582
201 583
201 678
201 708
201 710
201 714
201 715
201 717
201 727
201 734
201 738
201 740
201 774
201 775
201 780
201 800
201 802
201 839
201 841
201 844
201 870
201 902
201 906
201 910
201 934
201 937
201 942
201 967
201 969
201 972
201 998
201 1036
201 1098
201 1100
201 1134
202 4
202 7
202 10
202 12
202 17
202 23
202 30
202 70
202 73
202 74
202 79
202 134
202 135
202 138
202 143
202 166
202 196
202 201
202 206
202 223
202 226
202 230
202 262
202 263
202 266
202 268
202 290
202 294
202 326
202 327
202 330
202 358
202 390
202 391
202 394
202 396
202 452
202 458
202 461
202 462
202 465
202 477
202 519
202 521
202 522
202 546
202 550
202 582
202 583
202 647
202 654
202 708
202 714
202 715
202 717
202 721
202 740
202 750
202 774
202 800
202 802
202 839
202 841
202 844
202 902
202 910
202 937
202 942
202 969
202 972
202 998
202 1030
202 1031
202 1036
202 1092
202 1095
202 1097
202 1100
202 1134
202 1254
202 1257
203 11
203 75
203 139
203 267
203 331
203 395
203 1253
204 6
204 7
204 12
204 15
204 30
204 34
204 70
204 73
204 76
204 79
204 134
204 135
204 140
204 143
204 166
204 198
204 201
204 206
204 215
204 226
204 230
204 262
204 263
204 268
204 271
204 290
204 294
204 326
204 327
204 332
204 335
204 358
204 391
204 396
204 399
204 454
204 455
204 458
204 462
204 477
204 486
204 519
204 522
204 550
204 582
204 583
204 678
204 710
204 713
204 716
204 717
204 727
204 734
204 738
204 740
204 742
204 774
204 775
204 780
204 802
204 806
204 839
204 841
204 844
204 870
204 902
204 906
204 910
204 934
204 937
204 942
204 967
204 972
204 998
204 1036
204 1062
204 1098
204 1122
204 1190
204 1223
205 13
205 77
205 128
205 141
205 269
205 333
205 397
206 6
206 7
206 12
206 14
206 15
206 17
206 30
206 34
206 70
206 73
206 78
206 79
206 134
206 135
206 142
206 143
206 166
206 196
206 198
206 201
206 202
206 204
206 215
206 223
206 226
206 230
206 262
206 263
206 268
206 270
206 290
206 294
206 326
206 327
206 332
206 334
206 358
206 390
206 391
206 396
206 398
206 452
206 454
206 458
206 462
206 477
206 519
206 521
206 522
206 546
206 550
206 582
206 583
206 647
206 678
206 708
206 710
206 714
206 715
206 717
206 734
206 738
206 740
206 774
206 780
206 800
206 802
206 839
206 841
206 844
206 870
206 902
206 906
206 910
206 934
206 937
206 942
206 967
206 969
206 972
206 998
206 1030
206 1031
206 1036
206 1095
206 1100
206 1134
206 1254
207 6
207 15
207 34
207 79
207 143
207 198
207 271
207 332
207 335
207 399
207 454
207 455
207 463
207 486
207 527
207 591
207 655
207 678
207 710
207 713
207 716
207 719
207 727
207 734
207 738
207 742
207 775
207 780
207 783
207 806
207 847
207 870
207 906
207 911
207 934
207 967
207 975
207 1039
207 1062
207 1126
207 1167
207 1231
208 16
208 80
208 144
208 272
208 336
208 400
208 531
209 17
209 81
209 145
209 273
209 337
209 401
209 595
209 990
209 1058
210 18
210 82
210 146
210 274
210 338
210 402
211 4
211 14
211 17
211 19
211 23
211 36
211 83
211 147
211 196
211 222
211 223
211 268
211 275
211 279
211 339
211 390
211 403
211 418
211 422
211 452
211 460
211 461
211 465
211 521
211 546
211 586
211 646
211 647
211 654
211 721
211 722
211 736
211 750
211 759
211 905
211 908
211 977
211 1030
211 1031
211 1034
211 1228
212 20
212 81
212 84
212 148
212 276
212 340
212 404
212 790
213 21
213 55
213 85
213 149
213 261
213 277
213 341
213 405
213 1116
214 22
214 86
214 94
214 150
214 278
214 342
214 406
214 925
214 949
215 6
215 7
215 12
215 15
215 23
215 30
215 34
215 73
215 79
215 87
215 134
215 135
215 143
215 151
215 166
215 198
215 201
215 204
215 206
215 226
215 230
215 262
215 263
215 271
215 279
215 290
215 294
215 326
215 327
215 332
215 335
215 343
215 358
215 391
215 396
215 399
215 407
215 454
215 455
215 458
215 462
215 477
215 486
215 519
215 522
215 550
215 582
215 583
215 678
215 710
215 713
215 716
215 717
215 727
215 734
215 738
215 740
215 742
215 774
215 775
215 780
215 802
215 806
215 839
215 841
215 844
215 870
215 902
215 906
215 910
215 934
215 937
215 942
215 967
215 972
215 998
215 1036
215 1062
215 1098
215 1122
215 1190
215 1223
216 16
216 24
216 88
216 152
216 280
216 344
216 408
217 25
217 89
217 153
217 281
217 345
217 409
217 1110
218 26
218 90
218 148
218 154
218 282
218 346
218 410
219 27
219 91
219 155
219 247
219 283
219 347
219 411
220 28
220 92
220 156
220 284
220 348
220 412
221 29
221 93
221 157
221 285
221 349
221 413
222 4
222 14
222 17
222 23
222 30
222 36
222 94
222 158
222 196
222 211
222 223
222 268
222 279
222 286
222 350
222 390
222 414
222 418
222 422
222 452
222 460
222 461
222 465
222 521
222 546
222 586
222 646
222 647
222 654
222 708
222 721
222 722
222 736
222 750
222 759
222 800
222 905
222 908
222 977
222 1030
222 1031
222 1034
222 1159
222 1228
223 4
223 7
223 17
223 23
223 31
223 70
223 73
223 95
223 134
223 159
223 166
223 196
223 202
223 206
223 211
223 222
223 263
223 268
223 279
223 287
223 294
223 351
223 390
223 415
223 422
223 452
223 460
223 461
223 465
223 521
223 522
223 546
223 586
223 647
223 654
223 708
223 714
223 715
223 717
223 721
223 722
223 736
223 740
223 750
223 759
223 800
223 802
223 844
223 905
223 908
223 937
223 942
223 969
223 977
223 1030
223 1031
223 1034
223 1118
223 1129
223 1158
223 1159
223 1198
223 1225
223 1239
223 1257
224 32
224 96
224 160
224 288
224 352
224 416
224 1117
225 33
225 97
225 161
225 289
225 353
225 417
225 475
226 6
226 7
226 12
226 15
226 30
226 34
226 70
226 73
226 79
226 98
226 134
226 135
226 143
226 162
226 166
226 198
226 201
226 202
226 204
226 206
226 215
226 230
226 262
226 263
226 290
226 294
226 326
226 327
226 332
226 354
226 358
226 390
226 391
226 396
226 418
226 454
226 455
226 458
226 462
226 477
226 486
226 519
226 522
226 550
226 582
226 583
226 678
226 708
226 710
226 713
226 714
226 715
226 716
226 717
226 727
226 734
226 738
226 740
226 742
226 774
226 775
226 780
226 800
226 802
226 839
226 841
226 844
226 870
226 902
226 906
226 910
226 934
226 937
226 942
226 967
226 969
226 972
226 998
226 1036
226 1062
226 1098
226 1122
226 1134
226 1223
227 35
227 99
227 163
227 291
227 355
227 419
227 435
227 757
227 979
227 1090
227 1170
228 36
228 100
228 164
228 292
228 356
228 420
228 466
229 37
229 101
229 165
229 293
229 354
229 357
229 421
230 6
230 7
230 12
230 15
230 30
230 34
230 38
230 70
230 73
230 79
230 102
230 134
230 135
230 143
230 166
230 198
230 201
230 202
230 204
230 206
230 215
230 226
230 262
230 263
230 271
230 290
230 294
230 326
230 327
230 332
230 358
230 391
230 396
230 399
230 422
230 454
230 455
230 458
230 462
230 477
230 486
230 519
230 522
230 550
230 582
230 583
230 678
230 710
230 713
230 716
230 717
230 727
230 734
230 738
230 740
230 742
230 774
230 775
230 780
230 802
230 806
230 839
230 841
230 844
230 870
230 902
230 906
230 910
230 934
230 937
230 942
230 967
230 969
230 972
230 998
230 1036
230 1062
230 1098
230 1122
230 1190
230 1223
231 39
231 103
231 167
231 295
231 359
231 423
232 40
232 104
232 168
232 296
232 360
232 424
233 41
233 105
233 169
233 297
233 361
233 425
234 42
234 106
234 170
234 298
234 305
234 362
234 426
234 512
234 617
235 43
235 107
235 171
235 299
235 300
235 363
235 427
235 809
236 44
236 108
236 172
236 300
236 364
236 428
236 554
236 850
236 946
236 1066
237 45
237 109
237 173
237 301
237 365
237 429
237 607
238 46
238 110
238 174
238 302
238 366
238 430
239 47
239 111
239 175
239 303
239 367
239 431
240 48
240 112
240 176
240 179
240 304
240 368
240 432
240 864
241 49
241 113
241 177
241 305
241 336
241 369
241 433
241 936
242 50
242 114
242 178
242 306
242 370
242 434
242 957
242 1277
243 51
243 115
243 179
243 307
243 371
243 435
244 52
244 116
244 180
244 308
244 372
244 436
244 593
245 53
245 117
245 181
245 256
245 309
245 373
245 437
246 54
246 118
246 182
246 310
246 374
246 438
247 55
247 119
247 183
247 219
247 311
247 375
247 439
248 48
248 56
248 120
248 184
248 312
248 376
248 440
248 789
249 57
249 121
249 185
249 313
249 377
249 441
249 1251
250 58
250 104
250 122
250 186
250 314
250 378
250 442
250 869
251 59
251 123
251 187
251 315
251 379
251 443
251 479
251 515
251 1201
252 60
252 124
252 188
252 316
252 380
252 444
253 61
253 125
253 189
253 317
253 381
253 445
253 1011
253 1181
254 62
254 126
254 190
254 318
254 382
254 446
254 657
254 1052
255 63
255 66
255 127
255 191
255 319
255 383
255 447
255 606
255 833
255 1021
255 1270
256 64
256 128
256 192
256 245
256 320
256 384
256 448
257 65
257 129
257 193
257 194
257 321
257 385
257 449
257 744
258 66
258 130
258 194
258 322
258 386
258 450
259 67
259 131
259 195
259 323
259 387
259 451
260 68
260 132
260 196
260 324
260 388
260 452
260 524
260 1186
261 55
261 69
261 133
261 197
261 213
261 325
261 389
261 453
261 1116
262 6
262 7
262 12
262 15
262 30
262 34
262 70
262 73
262 79
262 134
262 135
262 143
262 166
262 198
262 201
262 202
262 204
262 206
262 215
262 226
262 230
262 263
262 290
262 294
262 326
262 327
262 332
262 358
262 390
262 391
262 396
262 454
262 455
262 458
262 462
262 477
262 486
262 519
262 522
262 550
262 582
262 583
262 678
262 708
262 710
262 713
262 714
262 715
262 716
262 717
262 727
262 734
262 738
262 740
262 742
262 774
262 775
262 780
262 800
262 802
262 839
262 841
262 844
262 870
262 902
262 906
262 910
262 934
262 937
262 942
262 967
262 969
262 972
262 998
262 1036
262 1062
262 1092
262 1095
262 1097
262 1098
262 1100
262 1122
262 1126
262 1134
262 1190
262 1223
263 6
263 7
263 12
263 15
263 17
263 30
263 70
263 71
263 73
263 79
263 134
263 135
263 143
263 166
263 196
263 198
263 199
263 201
263 202
263 204
263 206
263 215
263 223
263 226
263 230
263 262
263 268
263 290
263 294
263 326
263 327
263 332
263 358
263 390
263 391
263 396
263 452
263 454
263 455
263 458
263 462
263 465
263 477
263 519
263 521
263 522
263 546
263 550
263 582
263 583
263 647
263 654
263 678
263 708
263 714
263 715
263 717
263 738
263 740
263 750
263 774
263 780
263 800
263 802
263 839
263 841
263 844
263 870
263 902
263 906
263 910
263 934
263 937
263 942
263 969
263 972
263 998
263 1030
263 1031
263 1036
263 1092
263 1095
263 1097
263 1098
263 1100
263 1118
263 1122
263 1129
263 1134
263 1254
264 72
264 136
264 200
264 328
264 353
264 392
264 456
265 9
265 71
265 73
265 137
265 199
265 201
265 329
265 393
265 457
265 518
265 585
265 649
265 711
265 745
265 777
265 838
265 903
265 966
265 1033
265 1094
265 1161
265 1222
266 74
266 138
266 202
266 330
266 394
266 458
267 75
267 139
267 203
267 269
267 331
267 395
267 459
267 896
268 4
268 7
268 12
268 17
268 23
268 70
268 73
268 76
268 79
268 134
268 140
268 166
268 196
268 201
268 202
268 204
268 206
268 211
268 222
268 223
268 263
268 294
268 326
268 332
268 390
268 391
268 396
268 422
268 452
268 458
268 460
268 461
268 462
268 465
268 521
268 522
268 546
268 582
268 586
268 647
268 654
268 708
268 714
268 715
268 717
268 721
268 722
268 736
268 740
268 750
268 759
268 800
268 802
268 841
268 844
268 902
268 908
268 937
268 942
268 969
268 977
268 1030
268 1031
268 1034
268 1036
268 1092
268 1095
268 1097
268 1100
268 1118
268 1129
268 1134
268 1158
268 1198
268 1225
268 1239
268 1257
269 77
269 141
269 205
269 267
269 333
269 397
269 461
269 896
270 78
270 142
270 206
270 334
270 398
270 462
270 992
271 6
271 15
271 34
271 79
271 143
271 198
271 204
271 207
271 215
271 230
271 332
271 335
271 399
271 454
271 455
271 463
271 486
271 527
271 591
271 655
271 678
271 710
271 713
271 716
271 719
271 727
271 734
271 738
271 742
271 775
271 780
271 783
271 806
271 847
271 870
271 906
271 910
271 911
271 934
271 967
271 975
271 998
271 1039
271 1062
271 1103
271 1122
271 1126
272 80
272 144
272 186
272 208
272 336
272 400
272 464
272 1071
273 81
273 145
273 209
273 292
273 337
273 395
273 401
273 465
274 82
274 146
274 210
274 338
274 402
274 466
274 1197
275 83
275 147
275 211
275 339
275 403
275 467
276 84
276 148
276 212
276 340
276 404
276 468
277 85
277 149
277 170
277 213
277 341
277 405
277 469
277 1168
277 1200
278 86
278 150
278 214
278 342
278 406
278 470
278 1269
279 4
279 14
279 23
279 36
279 87
279 151
279 211
279 215
279 222
279 223
279 343
279 407
279 418
279 422
279 460
279 461
279 465
279 471
279 546
279 586
279 646
279 654
279 721
279 722
279 736
279 750
279 759
279 905
279 908
279 977
279 1034
279 1129
279 1228
280 88
280 152
280 189
280 216
280 344
280 408
280 472
281 86
281 89
281 153
281 217
281 345
281 409
281 473
282 90
282 154
282 218
282 346
282 410
282 474
283 91
283 155
283 219
283 347
283 397
283 411
283 475
284 92
284 156
284 220
284 348
284 412
284 476
285 93
285 157
285 221
285 349
285 413
285 477
286 94
286 158
286 222
286 350
286 414
286 478
287 95
287 159
287 223
287 320
287 351
287 415
287 479
287 523
288 96
288 160
288 224
288 352
288 361
288 416
288 480
289 97
289 108
289 161
289 225
289 353
289 417
289 481
289 784
289 831
290 6
290 7
290 12
290 15
290 30
290 34
290 70
290 73
290 79
290 98
290 134
290 135
290 143
290 162
290 166
290 198
290 201
290 202
290 204
290 206
290 215
290 226
290 230
290 262
290 263
290 294
290 326
290 327
290 332
290 354
290 358
290 390
290 391
290 396
290 418
290 454
290 455
290 458
290 462
290 477
290 482
290 486
290 519
290 522
290 550
290 582
290 583
290 678
290 708
290 710
290 713
290 714
290 715
290 716
290 717
290 727
290 734
290 738
290 740
290 742
290 774
290 775
290 780
290 800
290 802
290 839
290 841
290 844
290 870
290 902
290 906
290 910
290 934
290 937
290 942
290 967
290 969
290 972
290 998
290 1036
290 1062
290 1092
290 1095
290 1097
290 1098
290 1100
290 1122
290 1134
291 99
291 163
291 227
291 355
291 419
291 483
291 547
292 100
292 164
292 228
292 273
292 356
292 395
292 420
292 484
293 101
293 165
293 175
293 229
293 357
293 421
293 469
293 485
294 6
294 7
294 12
294 15
294 17
294 30
294 34
294 70
294 73
294 79
294 102
294 134
294 135
294 143
294 166
294 196
294 198
294 201
294 202
294 204
294 206
294 215
294 223
294 226
294 230
294 262
294 263
294 268
294 290
294 326
294 327
294 332
294 358
294 390
294 391
294 396
294 422
294 452
294 454
294 458
294 462
294 477
294 486
294 519
294 521
294 522
294 546
294 550
294 582
294 583
294 647
294 678
294 708
294 714
294 715
294 717
294 734
294 738
294 740
294 750
294 774
294 780
294 800
294 802
294 839
294 841
294 844
294 870
294 902
294 906
294 910
294 934
294 937
294 942
294 967
294 969
294 972
294 998
294 1030
294 1031
294 1036
294 1092
294 1095
294 1097
294 1098
294 1100
294 1118
294 1122
294 1134
294 1254
295 103
295 167
295 231
295 359
295 394
295 423
295 487
295 614
295 663
295 846
296 74
296 104
296 168
296 232
296 360
296 424
296 448
296 488
297 105
297 169
297 233
297 361
297 409
297 425
297 489
297 555
298 106
298 170
298 234
298 312
298 362
298 426
298 490
298 1173
299 107
299 171
299 235
299 363
299 427
299 491
299 991
300 108
300 172
300 235
300 236
300 364
300 428
300 492
300 809
301 82
301 109
301 173
301 237
301 309
301 365
301 429
301 493
301 602
301 1264
302 110
302 174
302 238
302 366
302 430
302 494
303 111
303 150
303 175
303 239
303 367
303 431
303 495
303 1235
304 112
304 176
304 240
304 368
304 432
304 496
304 965
305 113
305 177
305 234
305 241
305 369
305 433
305 497
305 512
305 617
306 114
306 178
306 242
306 370
306 434
306 498
307 115
307 179
307 243
307 371
307 435
307 499
308 116
308 180
308 244
308 372
308 436
308 500
308 1188
309 82
309 117
309 181
309 245
309 301
309 373
309 437
309 501
309 602
309 1264
310 118
310 182
310 246
310 374
310 438
310 502
310 698
311 119
311 133
311 183
311 247
311 375
311 439
311 503
312 120
312 184
312 248
312 298
312 376
312 440
312 504
312 1173
313 121
313 185
313 249
313 377
313 441
313 505
313 859
314 60
314 122
314 186
314 250
314 378
314 442
314 506
314 867
315 123
315 187
315 251
315 379
315 443
315 507
316 124
316 188
316 252
316 380
316 444
316 508
316 545
317 125
317 189
317 253
317 381
317 445
317 509
318 126
318 190
318 254
318 338
318 382
318 426
318 446
318 510
318 611
318 1025
319 127
319 191
319 255
319 383
319 447
319 511
319 1007
319 1073
320 128
320 192
320 256
320 287
320 384
320 448
320 512
320 523
321 129
321 193
321 257
321 385
321 449
321 513
321 642
321 993
321 1154
322 130
322 156
322 194
322 258
322 386
322 450
322 514
322 535
322 948
323 99
323 131
323 195
323 259
323 387
323 451
323 515
324 132
324 196
324 260
324 388
324 452
324 516
325 126
325 133
325 197
325 261
325 389
325 438
325 453
325 488
325 517
325 560
325 848
326 6
326 7
326 12
326 15
326 17
326 30
326 34
326 70
326 73
326 79
326 134
326 135
326 143
326 166
326 196
326 198
326 201
326 202
326 204
326 206
326 215
326 226
326 230
326 262
326 263
326 268
326 290
326 294
326 327
326 332
326 358
326 390
326 391
326 396
326 452
326 454
326 458
326 462
326 477
326 518
326 519
326 521
326 522
326 550
326 582
326 583
326 678
326 708
326 710
326 714
326 715
326 717
326 727
326 734
326 738
326 740
326 774
326 780
326 800
326 802
326 839
326 841
326 844
326 870
326 902
326 906
326 910
326 934
326 937
326 942
326 967
326 969
326 972
326 998
326 1030
326 1031
326 1036
326 1092
326 1095
326 1097
326 1098
326 1100
326 1122
326 1134
326 1190
327 6
327 7
327 12
327 15
327 30
327 34
327 70
327 73
327 79
327 134
327 135
327 143
327 166
327 198
327 199
327 201
327 202
327 204
327 206
327 215
327 226
327 230
327 262
327 263
327 290
327 294
327 326
327 332
327 358
327 391
327 396
327 454
327 455
327 458
327 462
327 477
327 486
327 519
327 522
327 550
327 582
327 583
327 678
327 710
327 713
327 714
327 716
327 717
327 727
327 734
327 738
327 740
327 742
327 774
327 775
327 780
327 802
327 839
327 841
327 844
327 870
327 902
327 906
327 910
327 934
327 937
327 942
327 967
327 969
327 972
327 998
327 1036
327 1062
327 1092
327 1095
327 1098
327 1100
327 1122
327 1126
327 1134
327 1190
327 1223
328 1
328 136
328 200
328 264
328 392
328 456
328 520
328 822
328 940
329 9
329 71
329 137
329 199
329 201
329 265
329 393
329 457
329 518
329 521
329 585
329 649
329 711
329 745
329 777
329 838
329 903
329 966
329 1033
329 1094
329 1161
329 1222
330 138
330 202
330 266
330 394
330 458
330 522
330 1070
331 139
331 203
331 267
331 395
331 459
331 523
331 820
332 6
332 12
332 15
332 30
332 34
332 79
332 134
332 135
332 140
332 143
332 166
332 198
332 201
332 204
332 206
332 207
332 215
332 226
332 230
332 262
332 263
332 268
332 271
332 290
332 294
332 326
332 327
332 335
332 358
332 391
332 396
332 399
332 454
332 455
332 458
332 460
332 462
332 463
332 477
332 486
332 519
332 522
332 524
332 527
332 550
332 582
332 583
332 678
332 710
332 713
332 716
332 717
332 727
332 734
332 738
332 742
332 774
332 775
332 780
332 806
332 839
332 841
332 844
332 870
332 902
332 906
332 910
332 934
332 937
332 942
332 967
332 972
332 998
332 1036
332 1062
332 1098
332 1100
332 1122
332 1126
332 1134
332 1190
332 1223
333 128
333 141
333 205
333 269
333 397
333 461
333 525
334 142
334 206
334 270
334 398
334 462
334 485
334 526
335 6
335 15
335 34
335 143
335 198
335 204
335 207
335 215
335 271
335 332
335 399
335 454
335 455
335 463
335 486
335 527
335 591
335 655
335 678
335 710
335 713
335 716
335 719
335 727
335 734
335 738
335 742
335 775
335 780
335 783
335 806
335 847
335 870
335 906
335 911
335 934
335 967
335 975
335 1039
335 1062
335 1103
335 1126
335 1167
335 1190
335 1231
336 144
336 208
336 241
336 272
336 400
336 464
336 528
336 936
337 145
337 209
337 273
337 401
337 465
337 529
337 644
338 146
338 210
338 274
338 318
338 402
338 426
338 466
338 530
338 611
338 1025
339 147
339 211
339 275
339 403
339 467
339 473
339 531
340 148
340 212
340 276
340 404
340 468
340 532
341 149
341 213
341 277
341 405
341 469
341 533
342 150
342 214
342 278
342 406
342 470
342 534
342 685
342 1179
343 87
343 151
343 165
343 215
343 279
343 407
343 471
343 535
343 648
343 999
343 1056
344 152
344 216
344 280
344 405
344 408
344 472
344 536
344 578
344 968
344 988
344 1260
345 153
345 217
345 281
345 409
345 473
345 537
345 701
345 1023
345 1026
345 1160
346 154
346 218
346 282
346 410
346 474
346 538
347 155
347 219
347 283
347 411
347 475
347 539
347 1047
348 83
348 156
348 220
348 284
348 412
348 476
348 540
348 855
349 157
349 221
349 285
349 413
349 477
349 541
349 634
349 824
350 158
350 222
350 286
350 414
350 478
350 542
351 112
351 159
351 223
351 287
351 415
351 479
351 543
351 954
352 160
352 224
352 288
352 416
352 480
352 544
352 832
352 1111
353 161
353 225
353 264
353 289
353 417
353 481
353 545
354 162
354 226
354 229
354 290
354 418
354 482
354 546
355 163
355 227
355 291
355 419
355 483
355 492
355 547
355 872
356 164
356 228
356 292
356 420
356 484
356 548
356 613
356 758
357 165
357 229
357 293
357 421
357 485
357 549
357 667
357 907
358 6
358 7
358 12
358 15
358 30
358 34
358 70
358 73
358 79
358 134
358 135
358 143
358 166
358 198
358 201
358 202
358 204
358 206
358 215
358 226
358 230
358 262
358 263
358 290
358 294
358 326
358 327
358 332
358 391
358 396
358 422
358 454
358 455
358 458
358 462
358 477
358 486
358 519
358 522
358 550
358 582
358 583
358 678
358 710
358 713
358 714
358 715
358 716
358 717
358 727
358 734
358 738
358 740
358 742
358 774
358 775
358 780
358 800
358 802
358 839
358 841
358 844
358 870
358 902
358 906
358 910
358 934
358 937
358 942
358 967
358 969
358 972
358 998
358 1036
358 1062
358 1092
358 1095
358 1097
358 1098
358 1100
358 1122
358 1126
358 1134
358 1190
358 1223
359 167
359 231
359 295
359 423
359 487
359 551
359 653
360 168
360 232
360 296
360 424
360 488
360 552
361 169
361 233
361 288
361 297
361 425
361 489
361 553
362 11
362 170
362 234
362 298
362 426
362 490
362 554
362 768
362 1128
363 171
363 235
363 299
363 427
363 491
363 555
363 624
363 1003
364 172
364 236
364 300
364 428
364 439
364 492
364 556
364 620
365 173
365 237
365 301
365 429
365 493
365 557
366 96
366 174
366 238
366 302
366 430
366 494
366 558
366 797
366 944
366 1064
367 175
367 239
367 303
367 431
367 495
367 559
368 176
368 240
368 304
368 432
368 496
368 560
368 1240
369 177
369 191
369 241
369 305
369 433
369 497
369 561
370 178
370 242
370 306
370 377
370 434
370 498
370 562
371 179
371 243
371 307
371 435
371 499
371 563
372 180
372 244
372 308
372 436
372 500
372 564
372 1204
373 181
373 245
373 309
373 437
373 501
373 565
374 182
374 246
374 310
374 438
374 502
374 566
375 183
375 247
375 311
375 439
375 481
375 503
375 567
375 943
375 1241
376 184
376 248
376 312
376 440
376 504
376 568
377 185
377 249
377 313
377 370
377 441
377 505
377 569
378 186
378 250
378 314
378 442
378 506
378 570
378 1017
379 187
379 251
379 315
379 443
379 507
379 571
379 763
380 188
380 252
380 316
380 444
380 508
380 572
380 1178
381 189
381 253
381 317
381 445
381 509
381 573
381 603
382 190
382 254
382 318
382 446
382 510
382 574
382 1199
383 84
383 178
383 191
383 255
383 319
383 447
383 511
383 575
383 853
384 192
384 256
384 320
384 448
384 512
384 576
385 147
385 193
385 257
385 321
385 429
385 449
385 513
385 577
385 681
386 194
386 258
386 322
386 450
386 514
386 578
386 929
386 1044
386 1238
387 195
387 259
387 323
387 451
387 515
387 579
387 836
388 195
388 196
388 260
388 324
388 452
388 516
388 580
389 197
389 261
389 325
389 453
389 517
389 581
390 4
390 7
390 12
390 17
390 23
390 70
390 73
390 79
390 134
390 135
390 166
390 196
390 198
390 201
390 202
390 206
390 211
390 222
390 223
390 226
390 262
390 263
390 268
390 290
390 294
390 326
390 391
390 396
390 452
390 454
390 458
390 460
390 461
390 462
390 465
390 518
390 521
390 522
390 546
390 550
390 582
390 586
390 647
390 654
390 708
390 714
390 715
390 717
390 721
390 722
390 736
390 740
390 750
390 759
390 800
390 802
390 839
390 841
390 844
390 902
390 908
390 937
390 942
390 969
390 977
390 1030
390 1031
390 1034
390 1036
390 1092
390 1095
390 1097
390 1100
390 1118
390 1129
390 1134
390 1158
390 1159
390 1198
390 1225
390 1239
390 1254
390 1257
391 6
391 7
391 12
391 15
391 30
391 34
391 70
391 73
391 79
391 134
391 135
391 143
391 166
391 198
391 199
391 201
391 202
391 204
391 206
391 215
391 226
391 230
391 262
391 263
391 268
391 290
391 294
391 326
391 327
391 332
391 358
391 390
391 396
391 454
391 455
391 458
391 462
391 477
391 486
391 519
391 522
391 550
391 582
391 583
391 678
391 708
391 710
391 713
391 714
391 715
391 716
391 717
391 727
391 734
391 738
391 740
391 742
391 774
391 775
391 780
391 800
391 802
391 839
391 841
391 844
391 870
391 902
391 906
391 910
391 934
391 937
391 942
391 967
391 969
391 972
391 998
391 1036
391 1062
391 1092
391 1095
391 1097
391 1098
391 1100
391 1122
391 1134
391 1190
391 1223
391 1254
391 1257
392 200
392 264
392 328
392 456
392 520
392 579
392 584
392 835
393 9
393 71
393 137
393 199
393 201
393 265
393 329
393 457
393 518
393 521
393 585
393 649
393 711
393 745
393 777
393 838
393 903
393 966
393 1033
393 1094
393 1161
393 1222
394 202
394 266
394 295
394 330
394 458
394 522
394 586
394 614
394 663
394 846
395 203
395 267
395 273
395 292
395 331
395 459
395 523
395 587
396 6
396 7
396 12
396 15
396 17
396 30
396 34
396 70
396 73
396 79
396 134
396 135
396 143
396 166
396 196
396 198
396 201
396 202
396 204
396 206
396 215
396 226
396 230
396 262
396 263
396 268
396 290
396 294
396 326
396 327
396 332
396 358
396 390
396 391
396 454
396 458
396 460
396 462
396 477
396 486
396 519
396 522
396 524
396 550
396 582
396 583
396 588
396 678
396 708
396 710
396 714
396 715
396 717
396 727
396 734
396 738
396 740
396 774
396 775
396 780
396 800
396 802
396 839
396 841
396 844
396 870
396 902
396 906
396 910
396 934
396 937
396 942
396 967
396 969
396 972
396 998
396 1036
396 1062
396 1092
396 1095
396 1097
396 1098
396 1100
396 1122
396 1134
396 1190
396 1223
396 1254
396 1257
397 205
397 269
397 283
397 333
397 461
397 525
397 589
398 206
398 270
398 334
398 462
398 526
398 529
398 590
398 1069
399 6
399 15
399 34
399 198
399 204
399 207
399 215
399 230
399 271
399 332
399 335
399 454
399 455
399 463
399 486
399 527
399 591
399 655
399 678
399 710
399 713
399 716
399 719
399 727
399 734
399 738
399 742
399 775
399 780
399 783
399 806
399 847
399 870
399 906
399 910
399 911
399 934
399 967
399 975
399 998
399 1039
399 1062
399 1103
399 1122
399 1126
399 1167
399 1190
399 1223
399 1231
400 177
400 208
400 272
400 336
400 464
400 528
400 592
400 597
401 209
401 273
401 337
401 465
401 529
401 593
402 88
402 210
402 274
402 338
402 466
402 530
402 594
402 688
403 211
403 275
403 339
403 467
403 531
403 532
403 595
403 1113
403 1187
404 171
404 212
404 276
404 340
404 468
404 532
404 596
405 213
405 277
405 341
405 344
405 469
405 533
405 578
405 597
405 968
405 988
405 1260
406 51
406 214
406 278
406 342
406 470
406 534
406 598
406 1256
407 215
407 279
407 343
407 471
407 535
407 599
408 216
408 280
408 344
408 472
408 536
408 557
408 600
408 661
408 891
408 1108
409 217
409 281
409 297
409 345
409 473
409 537
409 555
409 601
410 218
410 282
410 346
410 444
410 474
410 538
410 602
411 219
411 283
411 347
411 475
411 539
411 603
411 636
412 54
412 63
412 220
412 284
412 348
412 476
412 540
412 604
412 637
412 1114
412 1151
413 221
413 285
413 349
413 477
413 541
413 605
414 222
414 286
414 350
414 478
414 542
414 606
415 116
415 223
415 287
415 351
415 479
415 543
415 607
415 1004
416 224
416 288
416 352
416 450
416 480
416 544
416 608
417 225
417 289
417 353
417 481
417 545
417 609
418 14
418 36
418 211
418 222
418 226
418 279
418 290
418 354
418 422
418 460
418 482
418 546
418 586
418 610
418 646
418 722
418 736
418 759
418 778
418 905
418 908
418 977
418 1034
418 1228
419 129
419 227
419 291
419 355
419 483
419 547
419 611
420 228
420 292
420 356
420 484
420 548
420 612
421 229
421 293
421 357
421 485
421 549
421 613
421 901
422 4
422 14
422 17
422 23
422 36
422 196
422 211
422 222
422 223
422 230
422 268
422 279
422 294
422 358
422 418
422 452
422 460
422 461
422 465
422 486
422 521
422 546
422 550
422 586
422 614
422 646
422 647
422 654
422 721
422 722
422 736
422 750
422 759
422 905
422 908
422 977
422 1030
422 1031
422 1034
422 1118
422 1129
422 1158
422 1159
422 1198
422 1225
422 1228
422 1239
423 231
423 295
423 359
423 487
423 551
423 615
423 1169
424 232
424 296
424 360
424 488
424 552
424 616
425 149
425 233
425 297
425 361
425 489
425 553
425 617
425 1027
426 234
426 298
426 318
426 338
426 362
426 490
426 554
426 611
426 618
426 1025
427 43
427 235
427 299
427 363
427 491
427 538
427 555
427 592
427 618
427 619
427 976
427 1009
428 236
428 300
428 364
428 492
428 556
428 620
429 147
429 237
429 301
429 365
429 385
429 493
429 557
429 621
429 681
430 168
430 238
430 302
430 366
430 494
430 558
430 622
430 913
431 120
431 239
431 303
431 367
431 456
431 495
431 559
431 623
432 240
432 304
432 368
432 496
432 560
432 623
432 624
433 241
433 305
433 369
433 497
433 561
433 625
433 1084
434 242
434 306
434 370
434 498
434 562
434 626
434 884
435 227
435 243
435 307
435 371
435 499
435 563
435 627
435 757
435 979
435 1090
435 1170
436 244
436 308
436 372
436 500
436 564
436 628
437 245
437 309
437 373
437 501
437 540
437 565
437 629
438 126
438 246
438 310
438 325
438 374
438 488
438 502
438 560
438 566
438 630
438 848
439 247
439 311
439 364
439 375
439 503
439 567
439 620
439 631
440 248
440 312
440 376
440 504
440 568
440 632
440 889
441 249
441 313
441 377
441 505
441 569
441 633
442 250
442 314
442 378
442 506
442 570
442 634
443 45
443 251
443 315
443 379
443 507
443 571
443 635
444 252
444 316
444 380
444 410
444 508
444 572
444 636
445 91
445 253
445 317
445 381
445 509
445 573
445 637
445 729
445 1213
445 1216
446 53
446 254
446 318
446 382
446 510
446 574
446 638
447 163
447 255
447 319
447 383
447 511
447 575
447 639
448 74
448 256
448 296
448 320
448 384
448 512
448 576
448 640
449 257
449 321
449 385
449 513
449 577
449 641
449 921
450 258
450 322
450 386
450 416
450 514
450 578
450 642
451 259
451 323
451 387
451 515
451 579
451 643
452 4
452 7
452 17
452 23
452 70
452 73
452 134
452 166
452 196
452 202
452 206
452 211
452 222
452 223
452 260
452 263
452 268
452 294
452 324
452 326
452 388
452 390
452 422
452 460
452 461
452 465
452 516
452 521
452 522
452 546
452 580
452 586
452 644
452 647
452 654
452 708
452 714
452 715
452 717
452 721
452 722
452 736
452 740
452 750
452 759
452 800
452 802
452 844
452 902
452 905
452 908
452 937
452 942
452 969
452 977
452 1030
452 1031
452 1034
452 1092
452 1095
452 1097
452 1100
452 1118
452 1129
452 1134
452 1158
452 1159
452 1198
452 1225
452 1228
452 1239
452 1254
452 1257
453 261
453 325
453 389
453 517
453 573
453 581
453 645
453 754
454 6
454 7
454 12
454 15
454 30
454 34
454 73
454 79
454 134
454 135
454 143
454 166
454 198
454 201
454 204
454 206
454 207
454 215
454 226
454 230
454 262
454 263
454 271
454 290
454 294
454 326
454 327
454 332
454 335
454 358
454 390
454 391
454 396
454 399
454 455
454 458
454 462
454 463
454 477
454 486
454 518
454 519
454 522
454 550
454 582
454 583
454 646
454 678
454 710
454 713
454 716
454 717
454 727
454 734
454 738
454 740
454 742
454 774
454 775
454 780
454 802
454 806
454 839
454 841
454 844
454 870
454 902
454 906
454 910
454 934
454 937
454 942
454 967
454 972
454 998
454 1036
454 1062
454 1095
454 1098
454 1100
454 1122
454 1126
454 1134
454 1190
454 1223
454 1254
455 6
455 15
455 30
455 34
455 135
455 143
455 198
455 204
455 207
455 215
455 226
455 230
455 262
455 263
455 271
455 290
455 327
455 332
455 335
455 358
455 391
455 399
455 454
455 463
455 477
455 486
455 519
455 527
455 550
455 583
455 591
455 647
455 655
455 678
455 710
455 713
455 716
455 727
455 734
455 738
455 742
455 774
455 775
455 780
455 783
455 806
455 839
455 847
455 870
455 906
455 910
455 911
455 934
455 967
455 972
455 975
455 998
455 1039
455 1062
455 1098
455 1122
455 1126
455 1167
455 1190
455 1223
455 1231
456 120
456 264
456 328
456 392
456 431
456 520
456 584
456 648
457 9
457 71
457 137
457 199
457 265
457 329
457 393
457 518
457 521
457 585
457 649
457 711
457 745
457 777
457 838
457 903
457 966
457 1033
457 1094
457 1161
457 1222
458 6
458 7
458 12
458 15
458 17
458 30
458 34
458 70
458 73
458 79
458 134
458 135
458 143
458 166
458 196
458 198
458 201
458 202
458 204
458 206
458 215
458 226
458 230
458 262
458 263
458 266
458 268
458 290
458 294
458 326
458 327
458 330
458 332
458 358
458 390
458 391
458 394
458 396
458 454
458 462
458 477
458 486
458 519
458 522
458 550
458 582
458 583
458 586
458 650
458 678
458 708
458 710
458 714
458 715
458 716
458 717
458 727
458 734
458 738
458 740
458 774
458 775
458 780
458 800
458 802
458 839
458 841
458 844
458 870
458 902
458 906
458 910
458 934
458 937
458 942
458 967
458 969
458 972
458 998
458 1036
458 1062
458 1092
458 1095
458 1097
458 1098
458 1100
458 1122
458 1134
458 1190
458 1223
458 1254
458 1257
459 267
459 331
459 395
459 523
459 587
459 651
460 4
460 14
460 17
460 23
460 36
460 196
460 211
460 222
460 223
460 268
460 279
460 332
460 390
460 396
460 418
460 422
460 452
460 461
460 465
460 521
460 524
460 546
460 586
460 588
460 646
460 647
460 652
460 654
460 708
460 715
460 721
460 722
460 736
460 750
460 759
460 800
460 905
460 908
460 977
460 1030
460 1031
460 1034
460 1097
460 1118
460 1129
460 1158
460 1159
460 1198
460 1225
460 1228
460 1239
460 1257
461 4
461 7
461 14
461 17
461 23
461 36
461 70
461 73
461 196
461 202
461 211
461 222
461 223
461 268
461 269
461 279
461 333
461 390
461 397
461 422
461 452
461 460
461 465
461 521
461 525
461 546
461 586
461 589
461 647
461 653
461 654
461 708
461 714
461 715
461 721
461 722
461 736
461 740
461 750
461 759
461 800
461 802
461 905
461 908
461 969
461 977
461 1030
461 1031
461 1034
461 1092
461 1095
461 1097
461 1118
461 1129
461 1158
461 1159
461 1198
461 1225
461 1228
461 1239
461 1254
461 1257
462 6
462 7
462 12
462 15
462 17
462 30
462 34
462 70
462 73
462 79
462 134
462 135
462 143
462 166
462 196
462 198
462 201
462 202
462 204
462 206
462 215
462 226
462 230
462 262
462 263
462 268
462 270
462 290
462 294
462 326
462 327
462 332
462 334
462 358
462 390
462 391
462 396
462 398
462 454
462 458
462 477
462 486
462 519
462 522
462 526
462 550
462 582
462 583
462 590
462 654
462 678
462 708
462 710
462 714
462 715
462 717
462 727
462 734
462 738
462 740
462 774
462 775
462 780
462 800
462 802
462 839
462 841
462 844
462 870
462 902
462 906
462 910
462 934
462 937
462 942
462 967
462 969
462 972
462 998
462 1036
462 1062
462 1092
462 1095
462 1097
462 1098
462 1100
462 1122
462 1134
462 1190
462 1223
462 1254
462 1257
463 6
463 15
463 34
463 198
463 207
463 271
463 332
463 335
463 399
463 454
463 455
463 486
463 527
463 591
463 655
463 678
463 710
463 713
463 716
463 719
463 727
463 734
463 738
463 742
463 775
463 780
463 783
463 806
463 847
463 911
463 934
463 967
463 975
463 1039
463 1062
463 1103
463 1126
463 1167
463 1231
464 272
464 336
464 400
464 528
464 592
464 656
464 916
464 984
464 1109
465 4
465 7
465 14
465 17
465 23
465 70
465 73
465 134
465 166
465 196
465 202
465 211
465 222
465 223
465 263
465 268
465 273
465 279
465 337
465 390
465 401
465 422
465 452
465 460
465 461
465 521
465 522
465 529
465 546
465 586
465 593
465 647
465 654
465 657
465 708
465 714
465 715
465 717
465 721
465 722
465 736
465 740
465 750
465 759
465 800
465 802
465 844
465 905
465 908
465 937
465 942
465 969
465 977
465 1030
465 1031
465 1034
465 1092
465 1095
465 1097
465 1100
465 1118
465 1129
465 1134
465 1158
465 1159
465 1198
465 1225
465 1228
465 1239
465 1254
465 1257
466 228
466 274
466 338
466 402
466 530
466 594
466 658
467 275
467 339
467 403
467 531
467 595
467 659
468 2
468 276
468 340
468 404
468 532
468 576
468 596
468 616
468 660
469 175
469 277
469 293
469 341
469 405
469 533
469 597
469 661
470 278
470 342
470 406
470 534
470 598
470 662
470 871
471 279
471 343
471 407
471 535
471 599
471 663
472 280
472 344
472 408
472 536
472 600
472 664
473 281
473 339
473 345
473 409
473 537
473 601
473 665
474 282
474 346
474 410
474 538
474 602
474 666
475 225
475 283
475 347
475 411
475 539
475 603
475 667
476 284
476 348
476 412
476 539
476 540
476 604
476 668
476 805
476 951
477 6
477 7
477 12
477 15
477 30
477 34
477 70
477 73
477 79
477 134
477 135
477 143
477 166
477 198
477 201
477 202
477 204
477 206
477 215
477 226
477 230
477 262
477 263
477 285
477 290
477 294
477 326
477 327
477 332
477 349
477 358
477 391
477 396
477 413
477 454
477 455
477 458
477 462
477 486
477 519
477 522
477 541
477 550
477 582
477 583
477 605
477 669
477 678
477 710
477 713
477 714
477 716
477 717
477 727
477 734
477 738
477 740
477 742
477 774
477 775
477 780
477 802
477 839
477 841
477 844
477 870
477 902
477 906
477 910
477 934
477 937
477 942
477 967
477 969
477 972
477 998
477 1036
477 1062
477 1092
477 1095
477 1098
477 1100
477 1122
477 1126
477 1134
477 1190
477 1223
477 1254
478 286
478 350
478 414
478 542
478 606
478 670
478 680
479 251
479 287
479 351
479 415
479 515
479 543
479 607
479 671
479 1201
480 288
480 352
480 416
480 544
480 608
480 672
481 289
481 353
481 375
481 417
481 545
481 609
481 673
481 943
481 1241
482 290
482 354
482 418
482 546
482 610
482 674
482 1125
483 291
483 355
483 419
483 547
483 611
483 675
483 1080
483 1149
484 292
484 356
484 420
484 548
484 612
484 676
484 798
484 829
485 293
485 334
485 357
485 421
485 549
485 613
485 677
486 6
486 12
486 15
486 30
486 34
486 79
486 135
486 143
486 198
486 201
486 204
486 207
486 215
486 226
486 230
486 262
486 271
486 290
486 294
486 327
486 332
486 335
486 358
486 391
486 396
486 399
486 422
486 454
486 455
486 458
486 462
486 463
486 477
486 519
486 527
486 550
486 582
486 583
486 591
486 614
486 655
486 678
486 710
486 713
486 716
486 727
486 734
486 738
486 742
486 774
486 775
486 780
486 806
486 839
486 847
486 870
486 906
486 910
486 934
486 967
486 972
486 998
486 1039
486 1062
486 1098
486 1122
486 1126
486 1167
486 1190
486 1223
486 1231
487 295
487 359
487 423
487 551
487 615
487 679
488 126
488 296
488 325
488 360
488 424
488 438
488 552
488 560
488 616
488 680
488 848
489 297
489 361
489 425
489 553
489 617
489 681
489 1014
490 298
490 362
490 426
490 554
490 618
490 682
490 955
490 1074
490 1243
491 299
491 363
491 427
491 555
491 619
491 625
491 683
492 300
492 355
492 364
492 428
492 556
492 620
492 684
492 872
493 301
493 365
493 429
493 557
493 621
493 685
493 1037
493 1141
494 302
494 366
494 430
494 558
494 622
494 686
494 1255
495 122
495 303
495 367
495 431
495 559
495 623
495 656
495 687
495 1045
495 1153
496 304
496 368
496 432
496 560
496 624
496 688
497 305
497 369
497 433
497 561
497 625
497 689
497 1135
497 1232
498 306
498 370
498 434
498 562
498 626
498 690
498 696
498 890
499 307
499 371
499 435
499 563
499 627
499 691
499 817
500 308
500 372
500 436
500 564
500 628
500 692
501 117
501 183
501 309
501 373
501 437
501 565
501 629
501 693
502 107
502 310
502 374
502 438
502 566
502 630
502 687
502 694
502 1214
503 61
503 311
503 375
503 439
503 567
503 631
503 695
503 771
504 312
504 376
504 440
504 534
504 568
504 632
504 696
504 1176
505 313
505 377
505 441
505 569
505 633
505 697
506 136
506 181
506 314
506 378
506 442
506 570
506 634
506 698
506 825
506 885
507 315
507 379
507 443
507 571
507 635
507 699
508 316
508 380
508 444
508 572
508 636
508 700
509 317
509 381
509 445
509 573
509 637
509 701
510 318
510 382
510 446
510 563
510 574
510 638
510 702
511 319
511 383
511 447
511 575
511 639
511 703
511 1005
512 234
512 305
512 320
512 384
512 448
512 576
512 617
512 640
512 704
513 160
513 321
513 385
513 449
513 577
513 641
513 705
513 857
514 322
514 386
514 450
514 578
514 642
514 706
514 801
515 251
515 323
515 387
515 451
515 479
515 579
515 643
515 707
515 1201
516 324
516 388
516 452
516 580
516 590
516 644
516 708
517 325
517 389
517 453
517 581
517 645
517 709
517 1247
518 9
518 71
518 137
518 199
518 265
518 326
518 329
518 390
518 393
518 454
518 457
518 582
518 585
518 646
518 649
518 710
518 711
518 745
518 777
518 838
518 903
518 966
518 1033
518 1094
518 1161
518 1222
519 6
519 7
519 12
519 15
519 30
519 34
519 70
519 73
519 79
519 134
519 135
519 143
519 166
519 198
519 201
519 202
519 204
519 206
519 215
519 226
519 230
519 262
519 263
519 290
519 294
519 326
519 327
519 332
519 358
519 391
519 396
519 454
519 455
519 458
519 462
519 477
519 486
519 522
519 550
519 582
519 583
519 647
519 678
519 708
519 710
519 711
519 713
519 714
519 715
519 716
519 717
519 727
519 734
519 738
519 740
519 742
519 774
519 775
519 780
519 800
519 802
519 839
519 841
519 844
519 870
519 902
519 906
519 910
519 934
519 937
519 942
519 967
519 969
519 972
519 998
519 1036
519 1062
519 1092
519 1095
519 1097
519 1098
519 1100
519 1122
519 1134
519 1190
519 1223
519 1254
519 1257
520 130
520 328
520 392
520 456
520 584
520 648
520 712
520 873
521 4
521 7
521 17
521 23
521 70
521 73
521 134
521 166
521 196
521 202
521 206
521 211
521 222
521 223
521 263
521 268
521 294
521 326
521 329
521 390
521 393
521 422
521 452
521 457
521 460
521 461
521 465
521 522
521 546
521 585
521 586
521 647
521 649
521 654
521 708
521 713
521 714
521 715
521 717
521 721
521 722
521 736
521 740
521 750
521 759
521 800
521 802
521 841
521 844
521 902
521 905
521 908
521 937
521 942
521 969
521 977
521 1030
521 1031
521 1034
521 1036
521 1092
521 1095
521 1097
521 1100
521 1118
521 1129
521 1134
521 1158
521 1159
521 1198
521 1225
521 1228
521 1239
521 1254
521 1257
522 6
522 7
522 12
522 15
522 17
522 30
522 70
522 73
522 79
522 134
522 135
522 143
522 166
522 196
522 198
522 201
522 202
522 204
522 206
522 215
522 223
522 226
522 230
522 262
522 263
522 268
522 290
522 294
522 326
522 327
522 330
522 332
522 358
522 390
522 391
522 394
522 396
522 452
522 454
522 458
522 462
522 465
522 477
522 519
522 521
522 546
522 550
522 582
522 583
522 586
522 647
522 650
522 654
522 678
522 708
522 714
522 715
522 717
522 738
522 740
522 750
522 774
522 780
522 800
522 802
522 839
522 841
522 844
522 870
522 902
522 906
522 910
522 934
522 937
522 942
522 969
522 972
522 998
522 1030
522 1031
522 1036
522 1092
522 1095
522 1097
522 1098
522 1100
522 1118
522 1122
522 1129
522 1134
522 1158
522 1190
522 1198
522 1223
522 1225
522 1239
522 1254
522 1257
523 287
523 320
523 331
523 395
523 459
523 587
523 651
523 715
524 260
524 332
524 396
524 460
524 588
524 652
524 716
524 1186
525 333
525 397
525 461
525 589
525 615
525 653
525 717
525 725
525 752
525 995
526 334
526 398
526 462
526 590
526 654
526 718
527 6
527 15
527 34
527 198
527 207
527 271
527 332
527 335
527 399
527 455
527 463
527 486
527 591
527 655
527 710
527 713
527 716
527 719
527 727
527 734
527 738
527 742
527 775
527 783
527 806
527 847
527 911
527 934
527 967
527 975
527 1039
527 1062
527 1103
527 1126
527 1167
527 1231
528 62
528 336
528 400
528 464
528 592
528 656
528 720
529 337
529 398
529 401
529 465
529 593
529 657
529 721
529 1069
530 338
530 402
530 466
530 594
530 658
530 722
531 208
531 339
531 403
531 467
531 595
531 659
531 723
532 340
532 403
532 404
532 468
532 596
532 660
532 724
532 1113
532 1187
533 341
533 405
533 469
533 597
533 661
533 725
533 959
534 342
534 406
534 470
534 504
534 598
534 662
534 726
534 1176
535 156
535 322
535 343
535 407
535 471
535 599
535 663
535 727
535 948
536 344
536 408
536 472
536 600
536 664
536 728
537 345
537 409
537 473
537 601
537 665
537 729
538 43
538 346
538 410
538 427
538 474
538 592
538 602
538 618
538 666
538 730
538 976
538 1009
539 347
539 411
539 475
539 476
539 603
539 667
539 731
539 805
539 951
540 348
540 412
540 437
540 476
540 604
540 668
540 732
541 349
541 413
541 477
541 605
541 669
541 733
541 924
541 1162
541 1221
542 350
542 414
542 478
542 606
542 670
542 734
543 90
543 351
543 415
543 479
543 607
543 671
543 735
543 1237
544 352
544 416
544 480
544 608
544 672
544 736
545 316
545 353
545 417
545 481
545 609
545 673
545 737
546 4
546 7
546 17
546 23
546 70
546 73
546 134
546 166
546 196
546 202
546 206
546 211
546 222
546 223
546 263
546 268
546 279
546 294
546 354
546 390
546 418
546 422
546 452
546 460
546 461
546 465
546 482
546 521
546 522
546 586
546 610
546 647
546 654
546 674
546 708
546 714
546 715
546 717
546 721
546 722
546 736
546 738
546 740
546 750
546 759
546 800
546 802
546 844
546 905
546 908
546 937
546 942
546 969
546 977
546 1030
546 1031
546 1034
546 1092
546 1095
546 1097
546 1100
546 1118
546 1129
546 1134
546 1158
546 1159
546 1198
546 1225
546 1228
546 1239
546 1254
546 1257
547 291
547 355
547 419
547 483
547 611
547 675
547 739
548 356
548 420
548 484
548 612
548 676
548 740
549 357
549 421
549 485
549 613
549 677
549 741
550 6
550 7
550 12
550 15
550 30
550 34
550 70
550 73
550 79
550 134
550 135
550 143
550 166
550 198
550 201
550 202
550 204
550 206
550 215
550 226
550 230
550 262
550 263
550 290
550 294
550 326
550 327
550 332
550 358
550 390
550 391
550 396
550 422
550 454
550 455
550 458
550 462
550 477
550 486
550 519
550 522
550 582
550 583
550 614
550 678
550 708
550 710
550 713
550 714
550 715
550 716
550 717
550 727
550 734
550 738
550 740
550 742
550 774
550 775
550 780
550 800
550 802
550 839
550 841
550 844
550 870
550 902
550 906
550 910
550 934
550 937
550 942
550 967
550 969
550 972
550 998
550 1036
550 1062
550 1092
550 1095
550 1097
550 1098
550 1100
550 1122
550 1134
550 1190
550 1223
550 1254
550 1257
551 359
551 423
551 487
551 615
551 679
551 743
551 1230
552 360
552 424
552 488
552 616
552 680
552 744
553 193
553 361
553 425
553 489
553 617
553 681
553 745
554 236
554 362
554 426
554 490
554 618
554 682
554 746
554 850
554 946
554 1066
555 297
555 363
555 409
555 427
555 491
555 619
555 683
555 747
556 364
556 428
556 492
556 620
556 684
556 748
556 830
556 1018
557 365
557 408
557 429
557 493
557 621
557 661
557 685
557 749
557 891
557 1108
558 366
558 430
558 494
558 622
558 686
558 750
559 367
559 431
559 495
559 623
559 687
559 751
559 888
560 126
560 325
560 368
560 432
560 438
560 488
560 496
560 624
560 688
560 752
560 848
561 369
561 433
561 497
561 625
561 689
561 753
562 56
562 370
562 434
562 498
562 626
562 690
562 754
562 1083
562 1212
563 371
563 435
563 499
563 510
563 627
563 691
563 755
564 372
564 436
564 500
564 628
564 692
564 756
565 373
565 437
565 501
565 629
565 693
565 757
565 1211
566 374
566 438
566 502
566 630
566 694
566 758
567 375
567 439
567 503
567 631
567 695
567 759
567 1273
568 376
568 440
568 504
568 632
568 664
568 696
568 760
569 377
569 441
569 505
569 633
569 697
569 761
569 1209
569 1268
570 378
570 442
570 506
570 634
570 698
570 762
570 978
571 379
571 443
571 507
571 635
571 699
571 763
571 875
571 1185
572 380
572 444
572 508
572 636
572 699
572 700
572 764
573 381
573 445
573 453
573 509
573 637
573 701
573 754
573 765
574 382
574 446
574 510
574 638
574 702
574 766
574 981
574 1278
575 383
575 447
575 511
575 639
575 703
575 767
575 917
576 2
576 384
576 448
576 468
576 512
576 616
576 640
576 704
576 768
577 18
577 385
577 449
577 513
577 641
577 705
577 769
578 344
578 386
578 405
578 450
578 514
578 642
578 706
578 770
578 968
578 988
578 1260
579 387
579 392
579 451
579 515
579 643
579 707
579 771
579 835
580 388
580 452
580 516
580 644
580 708
580 733
580 772
581 389
581 453
581 517
581 645
581 709
581 764
581 773
582 6
582 7
582 12
582 15
582 17
582 30
582 34
582 70
582 73
582 79
582 134
582 135
582 143
582 166
582 196
582 198
582 201
582 202
582 204
582 206
582 215
582 226
582 230
582 262
582 263
582 268
582 290
582 294
582 326
582 327
582 332
582 358
582 390
582 391
582 396
582 454
582 458
582 462
582 477
582 486
582 518
582 519
582 522
582 550
582 583
582 646
582 678
582 708
582 710
582 714
582 715
582 717
582 727
582 734
582 738
582 740
582 774
582 775
582 780
582 800
582 802
582 839
582 841
582 844
582 870
582 902
582 906
582 910
582 934
582 937
582 942
582 967
582 969
582 972
582 998
582 1036
582 1062
582 1092
582 1095
582 1097
582 1098
582 1100
582 1122
582 1134
582 1190
582 1223
582 1254
582 1257
583 6
583 7
583 12
583 15
583 30
583 34
583 70
583 73
583 79
583 134
583 135
583 143
583 166
583 198
583 201
583 202
583 204
583 206
583 215
583 226
583 230
583 262
583 263
583 290
583 294
583 326
583 327
583 332
583 358
583 391
583 396
583 454
583 455
583 458
583 462
583 477
583 486
583 519
583 522
583 550
583 582
583 647
583 678
583 710
583 711
583 713
583 714
583 715
583 716
583 717
583 727
583 734
583 738
583 740
583 742
583 774
583 775
583 780
583 802
583 839
583 841
583 844
583 870
583 902
583 906
583 910
583 934
583 937
583 942
583 967
583 969
583 972
583 998
583 1036
583 1062
583 1092
583 1095
583 1098
583 1100
583 1122
583 1126
583 1134
583 1190
583 1223
583 1254
584 180
584 392
584 456
584 520
584 648
584 672
584 712
584 776
584 922
584 958
584 1205
585 9
585 71
585 137
585 199
585 265
585 329
585 393
585 457
585 518
585 521
585 649
585 711
585 713
585 745
585 777
585 838
585 903
585 966
585 1033
585 1094
585 1161
585 1222
586 4
586 14
586 17
586 23
586 36
586 196
586 211
586 222
586 223
586 268
586 279
586 390
586 394
586 418
586 422
586 452
586 458
586 460
586 461
586 465
586 521
586 522
586 546
586 646
586 647
586 650
586 654
586 714
586 721
586 722
586 736
586 750
586 759
586 778
586 905
586 908
586 977
586 1030
586 1031
586 1034
586 1118
586 1129
586 1158
586 1159
586 1198
586 1225
586 1228
586 1239
587 395
587 459
587 523
587 651
587 715
587 779
587 796
588 396
588 460
588 524
588 652
588 716
588 780
589 397
589 461
589 525
589 653
589 717
589 781
590 398
590 462
590 516
590 526
590 654
590 718
590 782
591 34
591 207
591 271
591 335
591 399
591 455
591 463
591 486
591 527
591 655
591 710
591 713
591 716
591 719
591 727
591 734
591 742
591 775
591 783
591 806
591 847
591 911
591 967
591 975
591 1039
591 1062
591 1103
591 1126
591 1167
591 1231
592 43
592 400
592 427
592 464
592 528
592 538
592 618
592 656
592 720
592 784
592 976
592 1009
593 244
593 401
593 465
593 529
593 657
593 721
593 785
594 402
594 466
594 530
594 658
594 722
594 786
594 1174
595 209
595 403
595 467
595 531
595 659
595 723
595 787
595 990
595 1058
596 185
596 404
596 468
596 532
596 660
596 724
596 788
597 177
597 400
597 405
597 469
597 533
597 661
597 725
597 789
598 406
598 470
598 534
598 662
598 726
598 790
598 941
598 1120
599 407
599 471
599 535
599 663
599 727
599 791
599 799
599 1046
599 1182
600 408
600 472
600 536
600 664
600 671
600 728
600 792
600 1259
601 409
601 473
601 537
601 665
601 729
601 793
602 82
602 301
602 309
602 410
602 474
602 538
602 666
602 730
602 794
602 1264
603 381
603 411
603 475
603 539
603 667
603 731
603 795
604 106
604 412
604 476
604 540
604 668
604 732
604 796
605 413
605 477
605 541
605 669
605 733
605 797
605 1060
606 66
606 255
606 414
606 478
606 542
606 670
606 734
606 798
606 833
606 1021
606 1270
607 237
607 415
607 479
607 543
607 671
607 735
607 799
608 416
608 480
608 544
608 672
608 736
608 800
609 417
609 481
609 545
609 673
609 737
609 801
609 1008
609 1050
610 418
610 482
610 546
610 674
610 738
610 802
611 318
611 338
611 419
611 426
611 483
611 547
611 675
611 739
611 803
611 1025
612 420
612 484
612 548
612 676
612 740
612 804
612 920
612 950
613 356
613 421
613 485
613 549
613 677
613 741
613 758
613 805
614 295
614 394
614 422
614 486
614 550
614 663
614 678
614 742
614 806
614 846
615 423
615 487
615 525
615 551
615 679
615 725
615 743
615 752
615 807
615 995
616 2
616 424
616 468
616 488
616 552
616 576
616 680
616 744
616 808
617 234
617 305
617 425
617 489
617 512
617 553
617 681
617 745
617 809
618 43
618 426
618 427
618 490
618 538
618 554
618 592
618 682
618 746
618 810
618 976
618 1009
619 427
619 491
619 555
619 626
619 683
619 684
619 747
619 811
620 364
620 428
620 439
620 492
620 556
620 684
620 748
620 812
621 429
621 493
621 557
621 675
621 685
621 749
621 813
621 1145
622 35
622 430
622 494
622 558
622 686
622 750
622 814
623 431
623 432
623 495
623 559
623 687
623 751
623 815
624 363
624 432
624 496
624 560
624 688
624 752
624 816
624 1003
625 433
625 491
625 497
625 561
625 689
625 753
625 817
626 434
626 498
626 562
626 619
626 684
626 690
626 754
626 818
627 435
627 499
627 563
627 691
627 755
627 819
628 436
628 500
628 564
628 692
628 756
628 820
628 1157
629 437
629 501
629 565
629 693
629 757
629 821
630 438
630 502
630 566
630 694
630 758
630 822
630 923
631 439
631 503
631 567
631 695
631 759
631 823
632 85
632 440
632 504
632 568
632 696
632 760
632 824
633 441
633 505
633 569
633 697
633 761
633 825
634 349
634 442
634 506
634 570
634 698
634 762
634 824
634 826
635 443
635 507
635 571
635 699
635 763
635 827
635 894
636 411
636 444
636 508
636 572
636 700
636 764
636 828
637 54
637 63
637 412
637 445
637 509
637 573
637 701
637 765
637 829
637 1114
637 1151
638 152
638 446
638 510
638 574
638 702
638 766
638 830
639 447
639 511
639 575
639 690
639 703
639 767
639 827
639 831
639 985
639 1267
640 448
640 512
640 576
640 704
640 768
640 832
641 449
641 513
641 577
641 705
641 769
641 833
641 1057
642 321
642 450
642 514
642 578
642 706
642 770
642 834
642 993
642 1154
643 451
643 515
643 579
643 707
643 771
643 835
644 337
644 452
644 516
644 580
644 708
644 772
644 836
645 21
645 65
645 72
645 125
645 453
645 517
645 581
645 709
645 773
645 837
645 1002
645 1272
646 14
646 36
646 211
646 222
646 279
646 418
646 422
646 454
646 460
646 518
646 582
646 586
646 710
646 722
646 736
646 759
646 774
646 778
646 838
646 905
646 908
646 977
646 1034
646 1228
647 4
647 7
647 17
647 23
647 70
647 73
647 134
647 166
647 196
647 202
647 206
647 211
647 222
647 223
647 263
647 268
647 294
647 390
647 422
647 452
647 455
647 460
647 461
647 465
647 519
647 521
647 522
647 546
647 583
647 586
647 654
647 708
647 711
647 714
647 715
647 717
647 721
647 722
647 736
647 740
647 750
647 759
647 775
647 800
647 802
647 839
647 844
647 902
647 905
647 908
647 937
647 942
647 969
647 977
647 1030
647 1031
647 1034
647 1092
647 1095
647 1097
647 1100
647 1118
647 1129
647 1134
647 1158
647 1159
647 1198
647 1225
647 1228
647 1239
647 1254
647 1257
648 87
648 165
648 343
648 456
648 520
648 584
648 712
648 776
648 840
648 999
648 1056
649 9
649 71
649 137
649 199
649 265
649 329
649 393
649 457
649 518
649 521
649 585
649 711
649 713
649 745
649 777
649 838
649 841
649 903
649 966
649 1033
649 1094
649 1161
649 1222
650 458
650 522
650 586
650 714
650 778
650 842
651 459
651 523
651 587
651 715
651 720
651 779
651 843
651 1096
652 460
652 524
652 588
652 716
652 780
652 844
653 359
653 461
653 525
653 589
653 717
653 781
653 845
654 4
654 7
654 14
654 17
654 23
654 70
654 73
654 134
654 166
654 196
654 202
654 211
654 222
654 223
654 263
654 268
654 279
654 390
654 422
654 452
654 460
654 461
654 462
654 465
654 521
654 522
654 526
654 546
654 586
654 590
654 647
654 708
654 714
654 715
654 717
654 718
654 721
654 722
654 736
654 740
654 750
654 759
654 782
654 800
654 802
654 844
654 846
654 905
654 908
654 937
654 942
654 969
654 977
654 1030
654 1031
654 1034
654 1092
654 1095
654 1097
654 1100
654 1118
654 1129
654 1134
654 1158
654 1159
654 1198
654 1225
654 1228
654 1239
654 1254
654 1257
655 207
655 271
655 335
655 399
655 455
655 463
655 486
655 527
655 591
655 713
655 716
655 719
655 727
655 742
655 775
655 783
655 806
655 847
655 911
655 975
655 1039
655 1062
655 1103
655 1126
655 1167
655 1231
656 122
656 464
656 495
656 528
656 592
656 720
656 784
656 848
656 1045
656 1153
657 254
657 465
657 529
657 593
657 721
657 785
657 849
657 1052
658 115
658 466
658 530
658 594
658 722
658 786
658 850
659 138
659 467
659 531
659 595
659 723
659 787
659 851
660 468
660 532
660 596
660 724
660 788
660 852
660 1183
661 408
661 469
661 533
661 557
661 597
661 725
661 789
661 853
661 891
661 1108
662 100
662 470
662 534
662 598
662 726
662 790
662 854
662 1271
663 295
663 394
663 471
663 535
663 599
663 614
663 727
663 791
663 846
663 855
664 472
664 536
664 568
664 600
664 728
664 792
664 856
665 80
665 473
665 537
665 601
665 729
665 793
665 857
666 474
666 538
666 602
666 730
666 794
666 858
667 357
667 475
667 539
667 603
667 731
667 795
667 859
667 907
668 476
668 540
668 604
668 732
668 796
668 860
669 477
669 541
669 605
669 733
669 797
669 861
670 478
670 542
670 606
670 734
670 798
670 862
671 479
671 543
671 600
671 607
671 735
671 799
671 863
671 1259
672 180
672 480
672 544
672 584
672 608
672 736
672 800
672 864
672 922
672 958
672 1205
673 481
673 545
673 609
673 737
673 801
673 865
673 1146
674 482
674 546
674 610
674 707
674 738
674 802
674 866
674 1091
675 483
675 547
675 611
675 621
675 739
675 803
675 867
675 1145
676 484
676 548
676 612
676 740
676 804
676 868
677 485
677 549
677 613
677 741
677 805
677 869
678 6
678 12
678 15
678 30
678 34
678 73
678 79
678 134
678 135
678 143
678 166
678 198
678 201
678 204
678 206
678 207
678 215
678 226
678 230
678 262
678 263
678 271
678 290
678 294
678 326
678 327
678 332
678 335
678 358
678 391
678 396
678 399
678 454
678 455
678 458
678 462
678 463
678 477
678 486
678 519
678 522
678 550
678 582
678 583
678 614
678 710
678 713
678 716
678 717
678 727
678 734
678 738
678 740
678 742
678 774
678 775
678 780
678 802
678 806
678 839
678 841
678 844
678 870
678 902
678 906
678 910
678 934
678 937
678 942
678 967
678 972
678 998
678 1036
678 1062
678 1098
678 1100
678 1122
678 1126
678 1134
678 1190
678 1223
678 1254
679 487
679 551
679 615
679 743
679 807
679 871
679 1220
680 478
680 488
680 552
680 616
680 744
680 808
680 872
681 147
681 385
681 429
681 489
681 553
681 617
681 745
681 809
681 873
682 490
682 554
682 618
682 746
682 810
682 874
683 491
683 555
683 619
683 747
683 811
683 875
684 492
684 556
684 619
684 620
684 626
684 748
684 812
684 876
685 342
685 493
685 557
685 621
685 749
685 813
685 877
685 1179
686 494
686 558
686 622
686 750
686 814
686 878
686 1227
687 107
687 495
687 502
687 559
687 623
687 751
687 815
687 879
687 1214
688 88
688 402
688 496
688 560
688 624
688 752
688 816
688 880
689 497
689 561
689 625
689 753
689 817
689 881
690 498
690 562
690 626
690 639
690 754
690 818
690 827
690 882
690 985
690 1267
691 499
691 563
691 627
691 755
691 819
691 883
691 914
691 1013
691 1136
692 161
692 500
692 564
692 628
692 756
692 793
692 794
692 820
692 884
693 182
693 501
693 565
693 629
693 757
693 821
693 823
693 885
693 1137
693 1150
694 502
694 566
694 630
694 758
694 822
694 886
694 986
694 1172
694 1234
695 503
695 567
695 631
695 759
695 823
695 887
696 498
696 504
696 568
696 632
696 760
696 824
696 888
696 890
697 505
697 569
697 633
697 761
697 825
697 889
698 310
698 506
698 570
698 634
698 762
698 826
698 890
699 507
699 571
699 572
699 635
699 763
699 827
699 891
700 508
700 572
700 636
700 764
700 828
700 892
701 345
701 509
701 573
701 637
701 765
701 829
701 893
701 1023
701 1026
701 1160
702 510
702 574
702 638
702 766
702 830
702 880
702 894
703 511
703 575
703 639
703 767
703 831
703 886
703 895
704 512
704 576
704 640
704 768
704 832
704 896
705 513
705 577
705 641
705 769
705 833
705 897
706 514
706 578
706 642
706 770
706 834
706 898
707 515
707 579
707 643
707 674
707 771
707 835
707 899
707 1091
708 4
708 7
708 12
708 17
708 23
708 70
708 73
708 79
708 134
708 135
708 143
708 166
708 196
708 201
708 202
708 206
708 222
708 223
708 226
708 262
708 263
708 268
708 290
708 294
708 326
708 390
708 391
708 396
708 452
708 458
708 460
708 461
708 462
708 465
708 516
708 519
708 521
708 522
708 546
708 550
708 580
708 582
708 644
708 647
708 654
708 714
708 715
708 717
708 721
708 722
708 740
708 750
708 759
708 772
708 800
708 802
708 836
708 839
708 841
708 844
708 900
708 902
708 908
708 937
708 942
708 969
708 972
708 977
708 1030
708 1031
708 1034
708 1036
708 1092
708 1095
708 1097
708 1100
708 1118
708 1129
708 1134
708 1158
708 1159
708 1198
708 1225
708 1239
708 1254
708 1257
709 517
709 581
709 645
709 773
709 837
709 901
710 6
710 12
710 15
710 30
710 34
710 79
710 135
710 143
710 198
710 201
710 204
710 206
710 207
710 215
710 226
710 230
710 262
710 271
710 290
710 326
710 327
710 332
710 335
710 358
710 391
710 396
710 399
710 454
710 455
710 458
710 462
710 463
710 477
710 486
710 518
710 519
710 527
710 550
710 582
710 583
710 591
710 646
710 678
710 713
710 716
710 727
710 734
710 738
710 742
710 774
710 775
710 780
710 806
710 838
710 839
710 841
710 847
710 870
710 902
710 906
710 910
710 934
710 967
710 972
710 998
710 1036
710 1062
710 1098
710 1122
710 1126
710 1167
710 1190
710 1223
711 9
711 71
711 137
711 199
711 265
711 329
711 393
711 457
711 518
711 519
711 583
711 585
711 647
711 649
711 745
711 775
711 777
711 838
711 839
711 903
711 966
711 1033
711 1094
711 1161
711 1222
712 520
712 584
712 648
712 776
712 840
712 904
713 6
713 15
713 30
713 34
713 135
713 143
713 198
713 204
713 207
713 215
713 226
713 230
713 262
713 271
713 290
713 327
713 332
713 335
713 358
713 391
713 399
713 454
713 455
713 463
713 477
713 486
713 519
713 521
713 527
713 550
713 583
713 585
713 591
713 649
713 655
713 678
713 710
713 716
713 727
713 734
713 738
713 742
713 774
713 775
713 777
713 780
713 783
713 806
713 839
713 841
713 847
713 870
713 905
713 906
713 910
713 911
713 934
713 967
713 972
713 975
713 998
713 1039
713 1062
713 1098
713 1122
713 1126
713 1167
713 1190
713 1223
713 1231
714 4
714 7
714 12
714 17
714 23
714 30
714 70
714 73
714 79
714 134
714 135
714 143
714 166
714 196
714 201
714 202
714 206
714 223
714 226
714 262
714 263
714 268
714 290
714 294
714 326
714 327
714 358
714 390
714 391
714 396
714 452
714 458
714 461
714 462
714 465
714 477
714 519
714 521
714 522
714 546
714 550
714 582
714 583
714 586
714 647
714 650
714 654
714 708
714 715
714 717
714 721
714 740
714 750
714 774
714 778
714 800
714 802
714 839
714 841
714 842
714 844
714 902
714 906
714 910
714 937
714 942
714 969
714 972
714 998
714 1030
714 1031
714 1036
714 1092
714 1095
714 1097
714 1098
714 1100
714 1118
714 1129
714 1134
714 1158
714 1159
714 1198
714 1225
714 1239
714 1254
714 1257
715 4
715 7
715 12
715 17
715 23
715 30
715 70
715 73
715 79
715 134
715 135
715 143
715 166
715 196
715 201
715 202
715 206
715 223
715 226
715 262
715 263
715 268
715 290
715 294
715 326
715 358
715 390
715 391
715 396
715 452
715 458
715 460
715 461
715 462
715 465
715 519
715 521
715 522
715 523
715 546
715 550
715 582
715 583
715 587
715 647
715 651
715 654
715 708
715 714
715 717
715 721
715 740
715 750
715 759
715 779
715 800
715 802
715 839
715 841
715 843
715 844
715 902
715 907
715 908
715 937
715 942
715 969
715 972
715 977
715 1030
715 1031
715 1034
715 1036
715 1092
715 1095
715 1097
715 1100
715 1118
715 1129
715 1134
715 1158
715 1159
715 1198
715 1225
715 1239
715 1254
715 1257
716 6
716 15
716 30
716 34
716 135
716 143
716 198
716 204
716 207
716 215
716 226
716 230
716 262
716 271
716 290
716 327
716 332
716 335
716 358
716 391
716 399
716 454
716 455
716 458
716 463
716 477
716 486
716 519
716 524
716 527
716 550
716 583
716 588
716 591
716 652
716 655
716 678
716 710
716 713
716 727
716 734
716 738
716 742
716 774
716 775
716 780
716 783
716 806
716 839
716 844
716 847
716 870
716 906
716 908
716 910
716 911
716 934
716 967
716 972
716 975
716 998
716 1039
716 1062
716 1098
716 1122
716 1126
716 1167
716 1190
716 1223
716 1231
717 6
717 7
717 12
717 15
717 17
717 30
717 34
717 70
717 73
717 79
717 134
717 135
717 143
717 166
717 196
717 198
717 201
717 202
717 204
717 206
717 215
717 223
717 226
717 230
717 262
717 263
717 268
717 290
717 294
717 326
717 327
717 332
717 358
717 390
717 391
717 396
717 452
717 454
717 458
717 462
717 465
717 477
717 519
717 521
717 522
717 525
717 546
717 550
717 582
717 583
717 589
717 647
717 653
717 654
717 678
717 708
717 714
717 715
717 734
717 738
717 740
717 750
717 774
717 780
717 781
717 800
717 802
717 839
717 841
717 844
717 845
717 870
717 902
717 906
717 909
717 910
717 934
717 937
717 942
717 967
717 969
717 972
717 998
717 1030
717 1031
717 1036
717 1092
717 1095
717 1097
717 1098
717 1100
717 1118
717 1122
717 1134
717 1158
717 1190
717 1198
717 1223
717 1225
717 1239
717 1254
717 1257
718 76
718 526
718 590
718 654
718 782
718 846
718 910
719 207
719 271
719 335
719 399
719 463
719 527
719 591
719 655
719 783
719 806
719 847
719 911
719 975
719 1039
719 1103
719 1126
719 1167
719 1231
720 528
720 592
720 651
720 656
720 784
720 848
720 912
720 1096
721 4
721 14
721 17
721 23
721 36
721 70
721 196
721 202
721 211
721 222
721 223
721 268
721 279
721 390
721 422
721 452
721 460
721 461
721 465
721 521
721 529
721 546
721 586
721 593
721 647
721 654
721 657
721 708
721 714
721 715
721 722
721 736
721 750
721 759
721 785
721 800
721 849
721 905
721 908
721 913
721 969
721 977
721 1030
721 1031
721 1034
721 1092
721 1097
721 1118
721 1129
721 1158
721 1159
721 1198
721 1225
721 1228
721 1239
721 1257
722 4
722 14
722 17
722 23
722 36
722 196
722 211
722 222
722 223
722 268
722 279
722 390
722 418
722 422
722 452
722 460
722 461
722 465
722 521
722 530
722 546
722 586
722 594
722 646
722 647
722 654
722 658
722 708
722 721
722 736
722 750
722 759
722 786
722 800
722 850
722 905
722 908
722 914
722 977
722 1030
722 1031
722 1034
722 1097
722 1118
722 1129
722 1158
722 1159
722 1198
722 1225
722 1228
722 1239
722 1257
723 68
723 531
723 595
723 659
723 731
723 787
723 851
723 915
723 926
724 532
724 596
724 660
724 788
724 852
724 861
724 916
724 931
725 525
725 533
725 597
725 615
725 661
725 752
725 789
725 853
725 917
725 995
726 534
726 598
726 662
726 790
726 854
726 918
727 6
727 12
727 15
727 30
727 34
727 79
727 135
727 143
727 198
727 201
727 204
727 207
727 215
727 226
727 230
727 262
727 271
727 290
727 326
727 327
727 332
727 335
727 358
727 391
727 396
727 399
727 454
727 455
727 458
727 462
727 463
727 477
727 486
727 519
727 527
727 535
727 550
727 582
727 583
727 591
727 599
727 655
727 663
727 678
727 710
727 713
727 716
727 734
727 738
727 742
727 774
727 775
727 780
727 791
727 806
727 839
727 841
727 847
727 855
727 870
727 906
727 910
727 919
727 934
727 967
727 972
727 998
727 1036
727 1039
727 1062
727 1098
727 1122
727 1126
727 1167
727 1190
727 1223
727 1231
728 190
728 536
728 600
728 664
728 792
728 856
728 920
728 1279
729 91
729 445
729 537
729 601
729 665
729 793
729 857
729 921
729 1213
729 1216
730 119
730 538
730 602
730 666
730 794
730 814
730 858
730 922
731 68
731 539
731 603
731 667
731 723
731 795
731 859
731 923
731 926
732 540
732 604
732 668
732 796
732 860
732 924
733 541
733 580
733 605
733 669
733 797
733 861
733 925
734 6
734 12
734 15
734 30
734 34
734 79
734 135
734 143
734 198
734 201
734 204
734 206
734 207
734 215
734 226
734 230
734 262
734 271
734 290
734 294
734 326
734 327
734 332
734 335
734 358
734 391
734 396
734 399
734 454
734 455
734 458
734 462
734 463
734 477
734 486
734 519
734 527
734 542
734 550
734 582
734 583
734 591
734 606
734 670
734 678
734 710
734 713
734 716
734 717
734 727
734 738
734 742
734 774
734 775
734 780
734 798
734 806
734 839
734 841
734 844
734 862
734 870
734 902
734 906
734 910
734 926
734 934
734 967
734 972
734 998
734 1036
734 1062
734 1098
734 1122
734 1126
734 1190
734 1223
735 5
735 543
735 607
735 671
735 799
735 863
735 927
736 4
736 14
736 17
736 23
736 36
736 196
736 211
736 222
736 223
736 268
736 279
736 390
736 418
736 422
736 452
736 460
736 461
736 465
736 521
736 544
736 546
736 586
736 608
736 646
736 647
736 654
736 672
736 721
736 722
736 750
736 759
736 800
736 864
736 905
736 908
736 928
736 977
736 1030
736 1031
736 1034
736 1118
736 1129
736 1158
736 1159
736 1198
736 1225
736 1228
736 1239
737 545
737 609
737 673
737 801
737 865
737 929
738 6
738 12
738 15
738 30
738 34
738 79
738 134
738 135
738 143
738 198
738 201
738 204
738 206
738 207
738 215
738 226
738 230
738 262
738 263
738 271
738 290
738 294
738 326
738 327
738 332
738 335
738 358
738 391
738 396
738 399
738 454
738 455
738 458
738 462
738 463
738 477
738 486
738 519
738 522
738 527
738 546
738 550
738 582
738 583
738 610
738 674
738 678
738 710
738 713
738 716
738 717
738 727
738 734
738 742
738 774
738 775
738 780
738 802
738 806
738 839
738 841
738 844
738 866
738 870
738 902
738 906
738 910
738 930
738 934
738 937
738 942
738 967
738 972
738 998
738 1036
738 1062
738 1098
738 1100
738 1122
738 1126
738 1134
738 1190
738 1223
739 109
739 547
739 611
739 675
739 803
739 867
739 931
739 1068
739 1249
740 4
740 7
740 12
740 17
740 23
740 30
740 70
740 73
740 79
740 134
740 135
740 143
740 166
740 196
740 201
740 202
740 204
740 206
740 215
740 223
740 226
740 230
740 262
740 263
740 268
740 290
740 294
740 326
740 327
740 358
740 390
740 391
740 396
740 452
740 454
740 458
740 461
740 462
740 465
740 477
740 519
740 521
740 522
740 546
740 548
740 550
740 582
740 583
740 612
740 647
740 654
740 676
740 678
740 708
740 714
740 715
740 717
740 750
740 774
740 780
740 800
740 802
740 804
740 839
740 841
740 844
740 868
740 870
740 902
740 906
740 910
740 932
740 937
740 942
740 969
740 972
740 998
740 1030
740 1031
740 1036
740 1092
740 1095
740 1097
740 1098
740 1100
740 1118
740 1122
740 1129
740 1134
740 1158
740 1190
740 1198
740 1223
740 1225
740 1239
740 1254
740 1257
741 549
741 613
741 677
741 805
741 869
741 933
742 6
742 15
742 30
742 34
742 135
742 143
742 198
742 204
742 207
742 215
742 226
742 230
742 262
742 271
742 290
742 327
742 332
742 335
742 358
742 391
742 399
742 454
742 455
742 463
742 477
742 486
742 519
742 527
742 550
742 583
742 591
742 614
742 655
742 678
742 710
742 713
742 716
742 727
742 734
742 738
742 774
742 775
742 780
742 783
742 806
742 839
742 847
742 870
742 906
742 910
742 911
742 934
742 967
742 972
742 975
742 998
742 1039
742 1062
742 1098
742 1122
742 1126
742 1167
742 1190
742 1223
742 1231
743 551
743 615
743 679
743 807
743 871
743 935
744 194
744 257
744 552
744 616
744 680
744 808
744 872
744 936
745 9
745 71
745 137
745 199
745 265
745 329
745 393
745 457
745 518
745 553
745 585
745 617
745 649
745 681
745 711
745 777
745 809
745 838
745 873
745 903
745 937
745 966
745 1033
745 1094
745 1161
745 1222
746 554
746 618
746 682
746 810
746 874
746 918
746 938
747 555
747 619
747 683
747 811
747 875
747 939
747 1016
748 32
748 556
748 620
748 684
748 812
748 876
748 909
748 940
748 961
749 557
749 621
749 685
749 813
749 877
749 941
750 4
750 7
750 17
750 23
750 70
750 73
750 134
750 166
750 196
750 202
750 211
750 222
750 223
750 263
750 268
750 279
750 294
750 390
750 422
750 452
750 460
750 461
750 465
750 521
750 522
750 546
750 558
750 586
750 622
750 647
750 654
750 686
750 708
750 714
750 715
750 717
750 721
750 722
750 736
750 740
750 759
750 800
750 802
750 814
750 844
750 878
750 905
750 908
750 937
750 942
750 969
750 977
750 1030
750 1031
750 1034
750 1092
750 1095
750 1097
750 1100
750 1118
750 1129
750 1134
750 1158
750 1159
750 1198
750 1225
750 1228
750 1239
750 1254
750 1257
751 13
751 559
751 623
751 687
751 765
751 815
751 879
751 943
751 980
751 1076
752 525
752 560
752 615
752 624
752 688
752 725
752 816
752 880
752 944
752 995
753 561
753 625
753 689
753 773
753 817
753 881
753 945
753 1244
754 453
754 562
754 573
754 626
754 690
754 818
754 882
754 946
755 139
755 563
755 627
755 691
755 819
755 883
755 947
756 40
756 564
756 628
756 692
756 820
756 884
756 948
756 1142
757 227
757 435
757 565
757 629
757 693
757 821
757 885
757 949
757 979
757 1090
757 1170
758 356
758 566
758 613
758 630
758 694
758 822
758 886
758 950
759 4
759 14
759 17
759 23
759 36
759 196
759 211
759 222
759 223
759 268
759 279
759 390
759 418
759 422
759 452
759 460
759 461
759 465
759 521
759 546
759 567
759 586
759 631
759 646
759 647
759 654
759 695
759 708
759 715
759 721
759 722
759 736
759 750
759 800
759 823
759 887
759 905
759 908
759 951
759 977
759 1030
759 1031
759 1034
759 1097
759 1118
759 1129
759 1158
759 1159
759 1198
759 1225
759 1228
759 1239
759 1257
760 568
760 632
760 696
760 792
760 824
760 888
760 952
760 1061
760 1258
761 144
761 569
761 633
761 697
761 825
761 889
761 953
761 1081
762 570
762 634
762 698
762 826
762 890
762 954
763 379
763 571
763 635
763 699
763 827
763 891
763 955
764 572
764 581
764 636
764 700
764 828
764 892
764 956
765 13
765 573
765 637
765 701
765 751
765 829
765 893
765 957
765 980
765 1076
766 574
766 638
766 702
766 830
766 894
766 958
767 575
767 639
767 703
767 831
767 895
767 959
768 11
768 362
768 576
768 640
768 704
768 832
768 896
768 960
768 1128
769 64
769 577
769 641
769 705
769 833
769 897
769 961
769 1229
770 578
770 642
770 706
770 834
770 897
770 898
770 962
771 61
771 503
771 579
771 643
771 707
771 835
771 899
771 963
772 580
772 644
772 708
772 779
772 836
772 900
772 964
773 581
773 645
773 709
773 753
773 837
773 901
773 965
773 1244
774 6
774 7
774 12
774 15
774 30
774 34
774 70
774 73
774 79
774 134
774 135
774 143
774 166
774 198
774 201
774 202
774 204
774 206
774 215
774 226
774 230
774 262
774 263
774 290
774 294
774 326
774 327
774 332
774 358
774 391
774 396
774 454
774 455
774 458
774 462
774 477
774 486
774 519
774 522
774 550
774 582
774 583
774 646
774 678
774 710
774 713
774 714
774 716
774 717
774 727
774 734
774 738
774 740
774 742
774 775
774 780
774 802
774 806
774 838
774 839
774 841
774 844
774 870
774 902
774 906
774 910
774 934
774 937
774 942
774 966
774 967
774 969
774 972
774 998
774 1036
774 1062
774 1092
774 1095
774 1098
774 1100
774 1122
774 1126
774 1134
774 1190
774 1223
774 1254
775 6
775 12
775 15
775 30
775 34
775 79
775 135
775 143
775 198
775 201
775 204
775 207
775 215
775 226
775 230
775 262
775 271
775 290
775 327
775 332
775 335
775 358
775 391
775 396
775 399
775 454
775 455
775 458
775 462
775 463
775 477
775 486
775 519
775 527
775 550
775 582
775 583
775 591
775 647
775 655
775 678
775 710
775 711
775 713
775 716
775 727
775 734
775 738
775 742
775 774
775 780
775 806
775 839
775 847
775 870
775 903
775 906
775 910
775 934
775 967
775 972
775 998
775 1039
775 1062
775 1098
775 1122
775 1126
775 1167
775 1190
775 1223
775 1231
776 24
776 164
776 584
776 648
776 712
776 840
776 904
776 968
776 1121
776 1155
777 9
777 71
777 137
777 199
777 265
777 329
777 393
777 457
777 518
777 585
777 649
777 711
777 713
777 745
777 838
777 841
777 903
777 905
777 966
777 969
777 1033
777 1094
777 1161
777 1222
778 36
778 418
778 586
778 646
778 650
778 714
778 842
778 906
778 970
779 587
779 651
779 715
779 772
779 843
779 907
779 971
780 6
780 7
780 12
780 15
780 30
780 34
780 73
780 79
780 134
780 135
780 143
780 166
780 198
780 201
780 204
780 206
780 207
780 215
780 226
780 230
780 262
780 263
780 271
780 290
780 294
780 326
780 327
780 332
780 335
780 358
780 391
780 396
780 399
780 454
780 455
780 458
780 462
780 463
780 477
780 486
780 519
780 522
780 550
780 582
780 583
780 588
780 652
780 678
780 710
780 713
780 716
780 717
780 727
780 734
780 738
780 740
780 742
780 774
780 775
780 802
780 806
780 839
780 841
780 844
780 870
780 902
780 906
780 908
780 910
780 934
780 937
780 942
780 967
780 972
780 998
780 1036
780 1062
780 1098
780 1100
780 1122
780 1126
780 1134
780 1190
780 1223
780 1254
781 589
781 653
781 717
781 845
781 909
781 973
782 590
782 654
782 718
782 846
782 910
782 974
783 207
783 271
783 335
783 399
783 455
783 463
783 527
783 591
783 655
783 713
783 716
783 719
783 742
783 806
783 847
783 911
783 975
783 1039
783 1062
783 1103
783 1126
783 1167
783 1231
784 108
784 289
784 592
784 656
784 720
784 831
784 848
784 912
784 976
785 593
785 657
785 721
785 849
785 913
785 977
786 41
786 594
786 658
786 722
786 850
786 914
786 978
786 1130
787 595
787 659
787 723
787 851
787 915
787 979
788 596
788 660
788 724
788 852
788 916
788 980
788 1163
789 48
789 248
789 597
789 661
789 725
789 853
789 917
789 981
790 81
790 212
790 598
790 662
790 726
790 854
790 918
790 982
791 599
791 663
791 727
791 855
791 919
791 983
792 600
792 664
792 728
792 760
792 856
792 920
792 984
792 1061
792 1258
793 161
793 601
793 665
793 692
793 729
793 794
793 857
793 921
793 985
794 161
794 602
794 666
794 692
794 730
794 793
794 858
794 922
794 986
795 26
795 172
795 603
795 667
795 731
795 859
795 923
795 987
795 1242
796 587
796 604
796 668
796 732
796 860
796 924
796 988
797 96
797 366
797 605
797 669
797 733
797 861
797 925
797 944
797 989
797 1064
798 484
798 606
798 670
798 734
798 829
798 862
798 926
798 990
799 599
799 607
799 671
799 735
799 863
799 927
799 991
799 1046
799 1182
800 4
800 7
800 12
800 17
800 23
800 30
800 70
800 73
800 79
800 134
800 135
800 143
800 166
800 196
800 201
800 202
800 206
800 222
800 223
800 226
800 262
800 263
800 268
800 290
800 294
800 326
800 358
800 390
800 391
800 396
800 452
800 458
800 460
800 461
800 462
800 465
800 519
800 521
800 522
800 546
800 550
800 582
800 608
800 647
800 654
800 672
800 708
800 714
800 715
800 717
800 721
800 722
800 736
800 740
800 750
800 759
800 802
800 839
800 841
800 844
800 864
800 902
800 908
800 928
800 937
800 942
800 969
800 972
800 977
800 992
800 1030
800 1031
800 1034
800 1036
800 1092
800 1095
800 1097
800 1100
800 1118
800 1129
800 1134
800 1158
800 1159
800 1198
800 1225
800 1239
800 1254
800 1257
801 514
801 609
801 673
801 737
801 865
801 929
801 993
802 4
802 7
802 12
802 17
802 23
802 30
802 70
802 73
802 79
802 134
802 135
802 143
802 166
802 196
802 201
802 202
802 204
802 206
802 215
802 223
802 226
802 230
802 262
802 263
802 268
802 290
802 294
802 326
802 327
802 358
802 390
802 391
802 396
802 452
802 454
802 458
802 461
802 462
802 465
802 477
802 519
802 521
802 522
802 546
802 550
802 582
802 583
802 610
802 647
802 654
802 674
802 678
802 708
802 714
802 715
802 717
802 738
802 740
802 750
802 774
802 780
802 800
802 839
802 841
802 844
802 866
802 870
802 902
802 906
802 910
802 930
802 937
802 942
802 969
802 972
802 994
802 998
802 1030
802 1031
802 1036
802 1092
802 1095
802 1097
802 1098
802 1100
802 1118
802 1122
802 1129
802 1134
802 1158
802 1190
802 1198
802 1223
802 1225
802 1239
802 1254
802 1257
803 611
803 675
803 739
803 867
803 931
803 945
803 995
803 1086
804 612
804 676
804 740
804 868
804 932
804 996
805 476
805 539
805 613
805 677
805 741
805 869
805 933
805 951
805 997
806 6
806 15
806 34
806 198
806 204
806 207
806 215
806 230
806 271
806 332
806 335
806 399
806 454
806 455
806 463
806 486
806 527
806 591
806 614
806 655
806 678
806 710
806 713
806 716
806 719
806 727
806 734
806 738
806 742
806 774
806 775
806 780
806 783
806 847
806 870
806 906
806 910
806 911
806 934
806 967
806 975
806 998
806 1039
806 1062
806 1103
806 1122
806 1126
806 1167
806 1190
806 1223
806 1231
807 615
807 679
807 743
807 871
807 935
807 999
807 1124
808 38
808 616
808 680
808 744
808 872
808 936
808 1000
809 235
809 300
809 617
809 681
809 745
809 873
809 937
809 1001
810 618
810 682
810 746
810 874
810 938
810 1002
810 1177
810 1236
811 619
811 683
811 747
811 875
811 939
811 1003
811 1208
812 620
812 684
812 748
812 876
812 940
812 1004
813 621
813 685
813 749
813 818
813 877
813 941
813 1005
814 119
814 622
814 686
814 730
814 750
814 878
814 942
814 1006
815 623
815 687
815 751
815 879
815 943
815 1007
816 624
816 688
816 752
816 880
816 944
816 1008
817 499
817 625
817 689
817 753
817 881
817 945
817 1009
818 626
818 690
818 754
818 813
818 882
818 946
818 1010
819 57
819 95
819 627
819 691
819 755
819 883
819 947
819 1011
819 1019
820 331
820 628
820 692
820 756
820 884
820 948
820 1012
821 629
821 693
821 757
821 885
821 949
821 1013
822 1
822 328
822 630
822 694
822 758
822 886
822 940
822 950
822 1014
823 182
823 631
823 693
823 695
823 759
823 887
823 951
823 1015
823 1137
823 1150
824 349
824 632
824 634
824 696
824 760
824 888
824 952
824 1016
825 136
825 181
825 506
825 633
825 697
825 761
825 885
825 889
825 953
825 1017
826 634
826 698
826 762
826 890
826 954
826 1018
827 635
827 639
827 690
827 699
827 763
827 891
827 955
827 985
827 1019
827 1267
828 636
828 700
828 764
828 892
828 956
828 1020
829 484
829 637
829 701
829 765
829 798
829 893
829 957
829 1021
830 556
830 638
830 702
830 766
830 894
830 958
830 1018
830 1022
831 108
831 289
831 639
831 703
831 767
831 784
831 895
831 959
831 1023
832 352
832 640
832 704
832 768
832 896
832 960
832 1024
832 1111
833 66
833 255
833 606
833 641
833 705
833 769
833 897
833 961
833 1021
833 1025
833 1270
834 642
834 706
834 770
834 898
834 962
834 1026
834 1147
835 392
835 579
835 643
835 707
835 771
835 899
835 963
835 1027
836 387
836 644
836 708
836 772
836 900
836 964
836 1028
837 111
837 645
837 709
837 773
837 901
837 965
837 1029
837 1207
838 9
838 71
838 137
838 199
838 265
838 329
838 393
838 457
838 518
838 585
838 646
838 649
838 710
838 711
838 745
838 774
838 777
838 902
838 903
838 966
838 1030
838 1033
838 1094
838 1161
838 1222
839 6
839 7
839 12
839 15
839 30
839 34
839 70
839 73
839 79
839 134
839 135
839 143
839 166
839 198
839 201
839 202
839 204
839 206
839 215
839 226
839 230
839 262
839 263
839 290
839 294
839 326
839 327
839 332
839 358
839 390
839 391
839 396
839 454
839 455
839 458
839 462
839 477
839 486
839 519
839 522
839 550
839 582
839 583
839 647
839 678
839 708
839 710
839 711
839 713
839 714
839 715
839 716
839 717
839 727
839 734
839 738
839 740
839 742
839 774
839 775
839 780
839 800
839 802
839 841
839 844
839 870
839 902
839 903
839 906
839 910
839 934
839 937
839 942
839 967
839 969
839 972
839 998
839 1031
839 1036
839 1062
839 1092
839 1095
839 1097
839 1098
839 1100
839 1122
839 1134
839 1190
839 1223
839 1254
839 1257
840 648
840 712
840 776
840 904
840 968
840 1032
840 1274
841 6
841 7
841 12
841 15
841 17
841 30
841 34
841 70
841 73
841 79
841 134
841 135
841 143
841 166
841 196
841 198
841 201
841 202
841 204
841 206
841 215
841 226
841 230
841 262
841 263
841 268
841 290
841 294
841 326
841 327
841 332
841 358
841 390
841 391
841 396
841 454
841 458
841 462
841 477
841 519
841 521
841 522
841 550
841 582
841 583
841 649
841 678
841 708
841 710
841 713
841 714
841 715
841 717
841 727
841 734
841 738
841 740
841 774
841 777
841 780
841 800
841 802
841 839
841 844
841 870
841 902
841 905
841 906
841 910
841 934
841 937
841 942
841 967
841 969
841 972
841 998
841 1031
841 1033
841 1036
841 1092
841 1095
841 1097
841 1098
841 1100
841 1122
841 1134
841 1190
841 1223
841 1225
841 1239
841 1254
841 1257
842 650
842 714
842 778
842 906
842 970
842 1034
842 1250
843 651
843 715
843 779
843 907
843 971
843 1035
844 6
844 7
844 12
844 15
844 17
844 30
844 34
844 70
844 73
844 79
844 134
844 135
844 143
844 166
844 196
844 198
844 201
844 202
844 204
844 206
844 215
844 223
844 226
844 230
844 262
844 263
844 268
844 290
844 294
844 326
844 327
844 332
844 358
844 390
844 391
844 396
844 452
844 454
844 458
844 462
844 465
844 477
844 519
844 521
844 522
844 546
844 550
844 582
844 583
844 647
844 652
844 654
844 678
844 708
844 714
844 715
844 716
844 717
844 734
844 738
844 740
844 750
844 774
844 780
844 800
844 802
844 839
844 841
844 870
844 902
844 906
844 908
844 910
844 934
844 937
844 942
844 967
844 969
844 972
844 998
844 1030
844 1031
844 1036
844 1092
844 1095
844 1097
844 1098
844 1100
844 1118
844 1122
844 1134
844 1158
844 1190
844 1198
844 1223
844 1225
844 1239
844 1254
844 1257
845 653
845 717
845 781
845 909
845 973
845 1037
846 295
846 394
846 614
846 654
846 663
846 718
846 782
846 910
846 974
846 1038
847 207
847 271
847 335
847 399
847 455
847 463
847 486
847 527
847 591
847 655
847 710
847 713
847 716
847 719
847 727
847 742
847 775
847 783
847 806
847 911
847 975
847 1039
847 1062
847 1103
847 1126
847 1167
847 1231
848 126
848 325
848 438
848 488
848 560
848 656
848 720
848 784
848 912
848 976
848 1040
849 657
849 721
849 785
849 913
849 977
849 1041
850 236
850 554
850 658
850 722
850 786
850 914
850 946
850 978
850 1042
850 1066
851 659
851 723
851 787
851 915
851 979
851 1043
851 1252
852 660
852 724
852 788
852 881
852 916
852 980
852 1044
853 84
853 178
853 383
853 661
853 725
853 789
853 917
853 981
853 1045
854 662
854 726
854 790
854 918
854 982
854 1046
854 1180
854 1184
855 83
855 348
855 663
855 727
855 791
855 919
855 983
855 1047
856 664
856 728
856 792
856 920
856 984
856 1048
857 160
857 513
857 665
857 729
857 793
857 921
857 985
857 1049
858 666
858 730
858 794
858 922
858 986
858 1050
859 313
859 667
859 731
859 795
859 923
859 987
859 1051
860 668
860 732
860 796
860 924
860 988
860 1052
860 1112
861 669
861 724
861 733
861 797
861 925
861 931
861 989
861 1053
862 124
862 155
862 670
862 734
862 798
862 926
862 990
862 1054
863 671
863 735
863 799
863 927
863 991
863 1055
864 179
864 240
864 672
864 736
864 800
864 928
864 992
864 1056
865 673
865 737
865 801
865 929
865 993
865 1057
866 674
866 738
866 802
866 930
866 994
866 1058
867 60
867 314
867 675
867 739
867 803
867 931
867 995
867 1059
868 676
868 740
868 804
868 932
868 996
868 1060
869 104
869 250
869 677
869 741
869 805
869 933
869 997
869 1061
870 6
870 7
870 12
870 15
870 30
870 34
870 73
870 79
870 134
870 135
870 143
870 166
870 198
870 201
870 204
870 206
870 207
870 215
870 226
870 230
870 262
870 263
870 271
870 290
870 294
870 326
870 327
870 332
870 335
870 358
870 391
870 396
870 399
870 454
870 455
870 458
870 462
870 477
870 486
870 519
870 522
870 550
870 582
870 583
870 678
870 710
870 713
870 716
870 717
870 727
870 734
870 738
870 740
870 742
870 774
870 775
870 780
870 802
870 806
870 839
870 841
870 844
870 902
870 906
870 910
870 934
870 937
870 942
870 967
870 972
870 998
870 1036
870 1062
870 1095
870 1098
870 1100
870 1122
870 1126
870 1134
870 1190
870 1223
870 1254
871 470
871 679
871 743
871 807
871 935
871 999
871 1063
872 355
872 492
872 680
872 744
872 808
872 936
872 1000
872 1064
873 130
873 520
873 681
873 745
873 809
873 937
873 1001
873 1065
874 682
874 746
874 810
874 938
874 1002
874 1066
875 571
875 683
875 747
875 811
875 939
875 1003
875 1067
875 1185
876 684
876 748
876 812
876 940
876 1004
876 1068
877 685
877 749
877 813
877 941
877 1005
877 1069
878 200
878 686
878 750
878 814
878 942
878 1006
878 1070
879 687
879 751
879 815
879 943
879 1007
879 1071
880 688
880 702
880 752
880 816
880 944
880 1008
880 1072
881 689
881 753
881 817
881 852
881 945
881 1009
881 1073
882 690
882 754
882 818
882 946
882 1010
882 1074
882 1202
883 691
883 755
883 819
883 947
883 1011
883 1075
884 434
884 692
884 756
884 820
884 948
884 1012
884 1076
885 136
885 181
885 506
885 693
885 757
885 821
885 825
885 949
885 1013
885 1077
886 694
886 703
886 758
886 822
886 950
886 1014
886 1078
887 695
887 759
887 823
887 919
887 951
887 1015
887 1079
888 559
888 696
888 760
888 824
888 952
888 1016
888 1080
889 440
889 697
889 761
889 825
889 953
889 1017
889 1081
890 498
890 696
890 698
890 762
890 826
890 954
890 1018
890 1082
891 408
891 557
891 661
891 699
891 763
891 827
891 955
891 1019
891 1083
891 1108
892 700
892 764
892 828
892 956
892 1020
892 1084
893 28
893 701
893 765
893 829
893 957
893 1021
893 1032
893 1042
893 1085
894 635
894 702
894 766
894 830
894 958
894 1022
894 1086
895 703
895 767
895 831
895 959
895 1023
895 1087
895 1195
896 267
896 269
896 704
896 768
896 832
896 960
896 1024
896 1088
897 705
897 769
897 770
897 833
897 961
897 1025
897 1089
898 706
898 770
898 834
898 938
898 962
898 1026
898 1090
899 707
899 771
899 835
899 963
899 1027
899 1059
899 1091
899 1140
900 708
900 772
900 836
900 964
900 1028
900 1092
901 421
901 709
901 773
901 837
901 965
901 1029
901 1093
902 7
902 12
902 70
902 73
902 79
902 134
902 135
902 143
902 166
902 196
902 198
902 201
902 202
902 204
902 206
902 215
902 226
902 230
902 262
902 263
902 268
902 290
902 294
902 326
902 327
902 332
902 358
902 390
902 391
902 396
902 452
902 454
902 458
902 462
902 477
902 519
902 521
902 522
902 550
902 582
902 583
902 647
902 678
902 708
902 710
902 714
902 715
902 717
902 734
902 738
902 740
902 774
902 780
902 800
902 802
902 838
902 839
902 841
902 844
902 870
902 906
902 910
902 934
902 937
902 942
902 966
902 967
902 969
902 972
902 998
902 1030
902 1031
902 1036
902 1092
902 1094
902 1095
902 1097
902 1098
902 1100
902 1118
902 1122
902 1134
902 1158
902 1190
902 1223
902 1225
902 1239
902 1254
902 1257
903 9
903 71
903 137
903 199
903 265
903 329
903 393
903 457
903 518
903 585
903 649
903 711
903 745
903 775
903 777
903 838
903 839
903 966
903 967
903 1031
903 1033
903 1094
903 1095
903 1161
903 1222
904 712
904 776
904 840
904 968
904 1032
904 1096
905 14
905 36
905 211
905 222
905 223
905 279
905 418
905 422
905 452
905 460
905 461
905 465
905 521
905 546
905 586
905 646
905 647
905 654
905 713
905 721
905 722
905 736
905 750
905 759
905 777
905 841
905 908
905 969
905 977
905 1030
905 1031
905 1033
905 1034
905 1097
905 1118
905 1129
905 1158
905 1159
905 1198
905 1225
905 1228
905 1239
906 6
906 15
906 30
906 34
906 73
906 79
906 134
906 135
906 143
906 166
906 198
906 201
906 204
906 206
906 207
906 215
906 226
906 230
906 262
906 263
906 271
906 290
906 294
906 326
906 327
906 332
906 335
906 358
906 391
906 396
906 399
906 454
906 455
906 458
906 462
906 477
906 486
906 519
906 522
906 550
906 582
906 583
906 678
906 710
906 713
906 714
906 716
906 717
906 727
906 734
906 738
906 740
906 742
906 774
906 775
906 778
906 780
906 802
906 806
906 839
906 841
906 842
906 844
906 870
906 902
906 910
906 934
906 937
906 942
906 967
906 970
906 972
906 998
906 1034
906 1036
906 1062
906 1095
906 1098
906 1100
906 1122
906 1126
906 1134
906 1190
906 1223
906 1254
907 357
907 667
907 715
907 779
907 843
907 971
907 1035
907 1099
908 4
908 23
908 196
908 211
908 222
908 223
908 268
908 279
908 390
908 418
908 422
908 452
908 460
908 461
908 465
908 521
908 546
908 586
908 646
908 647
908 654
908 708
908 715
908 716
908 721
908 722
908 736
908 750
908 759
908 780
908 800
908 844
908 905
908 972
908 977
908 1030
908 1031
908 1034
908 1036
908 1097
908 1100
908 1118
908 1129
908 1158
908 1159
908 1198
908 1225
908 1228
908 1239
908 1257
909 32
909 717
909 748
909 781
909 845
909 961
909 973
909 1037
909 1101
910 6
910 12
910 15
910 30
910 34
910 70
910 73
910 79
910 134
910 135
910 143
910 166
910 198
910 201
910 202
910 204
910 206
910 215
910 226
910 230
910 262
910 263
910 271
910 290
910 294
910 326
910 327
910 332
910 358
910 391
910 396
910 399
910 454
910 455
910 458
910 462
910 477
910 486
910 519
910 522
910 550
910 582
910 583
910 678
910 710
910 713
910 714
910 716
910 717
910 718
910 727
910 734
910 738
910 740
910 742
910 774
910 775
910 780
910 782
910 802
910 806
910 839
910 841
910 844
910 846
910 870
910 902
910 906
910 934
910 937
910 942
910 967
910 969
910 972
910 974
910 998
910 1036
910 1038
910 1062
910 1095
910 1098
910 1100
910 1102
910 1122
910 1126
910 1134
910 1190
910 1223
910 1254
911 207
911 271
911 335
911 399
911 455
911 463
911 527
911 591
911 655
911 713
911 716
911 719
911 742
911 783
911 806
911 847
911 975
911 1039
911 1103
911 1126
911 1167
911 1231
912 720
912 784
912 848
912 976
912 1040
912 1104
913 168
913 430
913 721
913 785
913 849
913 977
913 1041
913 1105
914 691
914 722
914 786
914 850
914 978
914 1013
914 1042
914 1106
914 1136
915 723
915 787
915 851
915 979
915 1043
915 1107
916 464
916 724
916 788
916 852
916 980
916 984
916 1044
916 1108
916 1109
917 575
917 725
917 789
917 853
917 981
917 1045
917 1109
918 726
918 746
918 790
918 854
918 982
918 1046
918 1110
919 727
919 791
919 855
919 887
919 983
919 1047
919 1111
920 612
920 728
920 792
920 856
920 950
920 984
920 1048
920 1112
921 449
921 729
921 793
921 857
921 985
921 1049
921 1113
922 180
922 584
922 672
922 730
922 794
922 858
922 958
922 986
922 1050
922 1114
922 1205
923 630
923 731
923 795
923 859
923 987
923 1051
923 1115
924 541
924 732
924 796
924 860
924 988
924 1052
924 1116
924 1162
924 1221
925 94
925 214
925 733
925 797
925 861
925 949
925 989
925 1053
925 1117
926 68
926 723
926 731
926 734
926 798
926 862
926 990
926 1054
926 1118
927 735
927 799
927 863
927 991
927 1055
927 1119
928 736
928 800
928 864
928 992
928 1056
928 1120
929 386
929 737
929 801
929 865
929 993
929 1044
929 1057
929 1121
929 1238
930 173
930 738
930 802
930 866
930 994
930 1058
930 1122
931 724
931 739
931 803
931 861
931 867
931 995
931 1059
931 1123
932 740
932 804
932 868
932 996
932 1060
932 1105
932 1124
933 741
933 805
933 869
933 997
933 1035
933 1061
933 1125
934 6
934 15
934 30
934 34
934 73
934 79
934 134
934 135
934 143
934 166
934 198
934 201
934 204
934 206
934 207
934 215
934 226
934 230
934 262
934 263
934 271
934 290
934 294
934 326
934 327
934 332
934 335
934 358
934 391
934 396
934 399
934 454
934 455
934 458
934 462
934 463
934 477
934 486
934 519
934 522
934 527
934 550
934 582
934 583
934 678
934 710
934 713
934 716
934 717
934 727
934 734
934 738
934 742
934 774
934 775
934 780
934 806
934 839
934 841
934 844
934 870
934 902
934 906
934 910
934 937
934 942
934 967
934 972
934 998
934 1036
934 1062
934 1098
934 1100
934 1122
934 1126
934 1134
934 1190
934 1223
935 162
935 197
935 743
935 807
935 871
935 999
935 1063
935 1127
936 241
936 336
936 744
936 808
936 872
936 1000
936 1064
936 1128
937 7
937 12
937 70
937 73
937 79
937 134
937 135
937 143
937 166
937 196
937 198
937 201
937 202
937 204
937 206
937 215
937 223
937 226
937 230
937 262
937 263
937 268
937 290
937 294
937 326
937 327
937 332
937 358
937 390
937 391
937 396
937 452
937 454
937 458
937 462
937 465
937 477
937 519
937 521
937 522
937 546
937 550
937 582
937 583
937 647
937 654
937 678
937 708
937 714
937 715
937 717
937 738
937 740
937 745
937 750
937 774
937 780
937 800
937 802
937 809
937 839
937 841
937 844
937 870
937 873
937 902
937 906
937 910
937 934
937 942
937 969
937 972
937 998
937 1001
937 1030
937 1031
937 1036
937 1065
937 1092
937 1095
937 1097
937 1098
937 1100
937 1118
937 1122
937 1129
937 1134
937 1158
937 1190
937 1198
937 1223
937 1225
937 1239
937 1254
937 1257
938 746
938 810
938 874
938 898
938 1002
938 1066
938 1130
939 747
939 811
939 875
939 1003
939 1067
939 1131
940 1
940 328
940 748
940 812
940 822
940 876
940 1004
940 1068
940 1132
941 598
941 749
941 813
941 877
941 1005
941 1069
941 1120
941 1133
942 7
942 12
942 70
942 73
942 79
942 134
942 135
942 143
942 166
942 196
942 198
942 201
942 202
942 204
942 206
942 215
942 223
942 226
942 230
942 262
942 263
942 268
942 290
942 294
942 326
942 327
942 332
942 358
942 390
942 391
942 396
942 452
942 454
942 458
942 462
942 465
942 477
942 519
942 521
942 522
942 546
942 550
942 582
942 583
942 647
942 654
942 678
942 708
942 714
942 715
942 717
942 738
942 740
942 750
942 774
942 780
942 800
942 802
942 814
942 839
942 841
942 844
942 870
942 878
942 902
942 906
942 910
942 934
942 937
942 969
942 972
942 998
942 1006
942 1030
942 1031
942 1036
942 1070
942 1092
942 1095
942 1097
942 1098
942 1100
942 1118
942 1122
942 1129
942 1134
942 1158
942 1190
942 1198
942 1223
942 1225
942 1239
942 1254
942 1257
943 375
943 481
943 751
943 815
943 879
943 1007
943 1071
943 1135
943 1241
944 96
944 366
944 752
944 797
944 816
944 880
944 1008
944 1064
944 1072
944 1136
945 753
945 803
945 817
945 881
945 1009
945 1073
945 1086
945 1137
946 236
946 554
946 754
946 818
946 850
946 882
946 1010
946 1066
946 1074
946 1138
947 755
947 819
947 883
947 1011
947 1075
947 1139
948 156
948 322
948 535
948 756
948 820
948 884
948 1012
948 1076
948 1140
949 94
949 214
949 757
949 821
949 885
949 925
949 1013
949 1077
949 1141
950 612
950 758
950 822
950 886
950 920
950 1014
950 1078
950 1142
951 476
951 539
951 759
951 805
951 823
951 887
951 1015
951 1079
951 1143
952 760
952 824
952 888
952 1016
952 1080
952 1144
953 50
953 761
953 825
953 889
953 1017
953 1081
953 1145
954 112
954 351
954 762
954 826
954 890
954 1018
954 1082
954 1146
955 490
955 763
955 827
955 891
955 1019
955 1074
955 1083
955 1147
955 1243
956 764
956 828
956 892
956 1020
956 1084
956 1148
957 242
957 765
957 829
957 893
957 1021
957 1085
957 1149
957 1277
958 180
958 584
958 672
958 766
958 830
958 894
958 922
958 1022
958 1086
958 1150
958 1205
959 533
959 767
959 831
959 895
959 1023
959 1087
959 1151
960 768
960 832
960 896
960 1024
960 1088
960 1152
961 32
961 748
961 769
961 833
961 897
961 909
961 1025
961 1089
961 1153
962 158
962 770
962 834
962 898
962 1026
962 1090
962 1154
963 771
963 835
963 899
963 1027
963 1055
963 1091
963 1155
964 772
964 836
964 900
964 1028
964 1092
964 1156
965 304
965 773
965 837
965 901
965 1029
965 1093
965 1157
966 9
966 71
966 137
966 199
966 265
966 329
966 393
966 457
966 518
966 585
966 649
966 711
966 745
966 774
966 777
966 838
966 902
966 903
966 1030
966 1033
966 1094
966 1158
966 1161
966 1222
967 6
967 15
967 34
967 135
967 143
967 198
967 201
967 204
967 206
967 207
967 215
967 226
967 230
967 262
967 271
967 290
967 294
967 326
967 327
967 332
967 335
967 358
967 391
967 396
967 399
967 454
967 455
967 458
967 462
967 463
967 477
967 486
967 519
967 527
967 550
967 582
967 583
967 591
967 678
967 710
967 713
967 716
967 717
967 727
967 734
967 738
967 742
967 774
967 775
967 780
967 806
967 839
967 841
967 844
967 870
967 902
967 903
967 906
967 910
967 934
967 972
967 998
967 1031
967 1036
967 1062
967 1095
967 1098
967 1122
967 1126
967 1134
967 1159
967 1190
967 1223
968 344
968 405
968 578
968 776
968 840
968 904
968 988
968 1032
968 1096
968 1160
968 1260
969 7
969 70
969 73
969 134
969 135
969 143
969 166
969 196
969 201
969 202
969 206
969 223
969 226
969 230
969 262
969 263
969 268
969 290
969 294
969 326
969 327
969 358
969 390
969 391
969 396
969 452
969 458
969 461
969 462
969 465
969 477
969 519
969 521
969 522
969 546
969 550
969 582
969 583
969 647
969 654
969 708
969 714
969 715
969 717
969 721
969 740
969 750
969 774
969 777
969 800
969 802
969 839
969 841
969 844
969 902
969 905
969 910
969 937
969 942
969 972
969 998
969 1030
969 1031
969 1033
969 1036
969 1092
969 1095
969 1097
969 1098
969 1100
969 1118
969 1129
969 1134
969 1158
969 1159
969 1161
969 1198
969 1223
969 1225
969 1239
969 1254
969 1257
970 778
970 842
970 906
970 1034
970 1098
970 1162
971 31
971 779
971 843
971 907
971 1015
971 1035
971 1099
971 1163
972 12
972 30
972 79
972 134
972 135
972 143
972 166
972 198
972 201
972 202
972 204
972 206
972 215
972 226
972 230
972 262
972 263
972 290
972 294
972 326
972 327
972 332
972 358
972 391
972 396
972 454
972 455
972 458
972 462
972 477
972 486
972 519
972 522
972 550
972 582
972 583
972 678
972 708
972 710
972 713
972 714
972 715
972 716
972 717
972 727
972 734
972 738
972 740
972 742
972 774
972 775
972 780
972 800
972 802
972 839
972 841
972 844
972 870
972 902
972 906
972 908
972 910
972 934
972 937
972 942
972 967
972 969
972 998
972 1036
972 1062
972 1092
972 1095
972 1097
972 1098
972 1100
972 1122
972 1134
972 1164
972 1190
972 1223
972 1254
972 1257
973 781
973 845
973 909
973 1037
973 1101
973 1165
974 782
974 846
974 910
974 1038
974 1102
974 1166
975 207
975 271
975 335
975 399
975 455
975 463
975 527
975 591
975 655
975 713
975 716
975 719
975 742
975 783
975 806
975 847
975 911
975 1039
975 1103
975 1126
975 1167
975 1231
976 43
976 427
976 538
976 592
976 618
976 784
976 848
976 912
976 1009
976 1040
976 1104
976 1168
977 4
977 23
977 196
977 211
977 222
977 223
977 268
977 279
977 390
977 418
977 422
977 452
977 460
977 461
977 465
977 521
977 546
977 586
977 646
977 647
977 654
977 708
977 715
977 721
977 722
977 736
977 750
977 759
977 785
977 800
977 849
977 905
977 908
977 913
977 1030
977 1031
977 1034
977 1041
977 1097
977 1105
977 1118
977 1129
977 1158
977 1159
977 1169
977 1198
977 1225
977 1228
977 1239
977 1257
978 570
978 786
978 850
978 914
978 1042
978 1106
978 1170
979 227
979 435
979 757
979 787
979 851
979 915
979 1043
979 1090
979 1107
979 1170
979 1171
980 13
980 751
980 765
980 788
980 852
980 916
980 1044
980 1076
980 1108
980 1172
981 574
981 789
981 853
981 917
981 1045
981 1109
981 1173
981 1278
982 145
982 790
982 854
982 918
982 1046
982 1053
982 1110
982 1174
983 791
983 855
983 919
983 1047
983 1111
983 1175
984 464
984 792
984 856
984 916
984 920
984 1048
984 1109
984 1112
984 1176
985 639
985 690
985 793
985 827
985 857
985 921
985 1049
985 1113
985 1177
985 1267
986 694
986 794
986 858
986 922
986 1050
986 1114
986 1172
986 1178
986 1234
987 795
987 859
987 923
987 1051
987 1115
987 1179
988 344
988 405
988 578
988 796
988 860
988 924
988 968
988 1052
988 1116
988 1180
988 1260
989 797
989 861
989 925
989 1053
989 1117
989 1181
990 209
990 595
990 798
990 862
990 926
990 1054
990 1058
990 1118
990 1182
991 299
991 799
991 863
991 927
991 1055
991 1119
991 1183
992 270
992 800
992 864
992 928
992 1056
992 1120
992 1184
993 321
993 642
993 801
993 865
993 929
993 1057
993 1121
993 1154
993 1185
994 802
994 866
994 930
994 1058
994 1122
994 1186
995 525
995 615
995 725
995 752
995 803
995 867
995 931
995 1059
995 1123
995 1187
996 804
996 868
996 932
996 1060
996 1124
996 1188
997 805
997 869
997 933
997 1061
997 1125
997 1189
998 6
998 15
998 30
998 34
998 134
998 135
998 143
998 166
998 198
998 201
998 202
998 204
998 206
998 215
998 226
998 230
998 262
998 263
998 271
998 290
998 294
998 326
998 327
998 332
998 358
998 391
998 396
998 399
998 454
998 455
998 458
998 462
998 477
998 486
998 519
998 522
998 550
998 582
998 583
998 678
998 710
998 713
998 714
998 716
998 717
998 727
998 734
998 738
998 740
998 742
998 774
998 775
998 780
998 802
998 806
998 839
998 841
998 844
998 870
998 902
998 906
998 910
998 934
998 937
998 942
998 967
998 969
998 972
998 1036
998 1062
998 1095
998 1098
998 1100
998 1122
998 1126
998 1134
998 1190
998 1223
998 1254
999 87
999 165
999 343
999 648
999 807
999 871
999 935
999 1056
999 1063
999 1127
999 1191
1000 49
1000 808
1000 872
1000 936
1000 1064
1000 1128
1000 1192
1001 103
1001 809
1001 873
1001 937
1001 1065
1001 1129
1001 1193
1002 21
1002 65
1002 72
1002 125
1002 645
1002 810
1002 874
1002 938
1002 1066
1002 1130
1002 1194
1002 1272
1003 363
1003 624
1003 811
1003 875
1003 939
1003 1067
1003 1131
1003 1195
1004 116
1004 415
1004 812
1004 876
1004 940
1004 1068
1004 1132
1004 1196
1005 511
1005 813
1005 877
1005 941
1005 1069
1005 1133
1005 1197
1006 814
1006 878
1006 942
1006 1070
1006 1134
1006 1198
1007 319
1007 815
1007 879
1007 943
1007 1071
1007 1073
1007 1135
1007 1199
1008 609
1008 816
1008 880
1008 944
1008 1050
1008 1072
1008 1136
1008 1200
1009 43
1009 427
1009 538
1009 592
1009 618
1009 817
1009 881
1009 945
1009 976
1009 1073
1009 1137
1009 1201
1010 818
1010 882
1010 946
1010 1074
1010 1138
1010 1202
1011 253
1011 819
1011 883
1011 947
1011 1075
1011 1139
1011 1181
1011 1203
1012 820
1012 884
1012 948
1012 1063
1012 1076
1012 1140
1012 1204
1013 691
1013 821
1013 885
1013 914
1013 949
1013 1077
1013 1136
1013 1141
1013 1205
1014 489
1014 822
1014 886
1014 950
1014 1078
1014 1142
1014 1206
1015 31
1015 823
1015 887
1015 951
1015 971
1015 1079
1015 1143
1015 1207
1016 747
1016 824
1016 888
1016 952
1016 1080
1016 1144
1016 1208
1017 378
1017 825
1017 889
1017 953
1017 1081
1017 1145
1017 1209
1018 556
1018 826
1018 830
1018 890
1018 954
1018 1082
1018 1146
1018 1210
1019 57
1019 95
1019 819
1019 827
1019 891
1019 955
1019 1083
1019 1147
1019 1211
1020 828
1020 892
1020 956
1020 1084
1020 1148
1020 1212
1021 66
1021 255
1021 606
1021 829
1021 833
1021 893
1021 957
1021 1085
1021 1149
1021 1213
1021 1270
1022 27
1022 830
1022 894
1022 958
1022 1086
1022 1150
1022 1214
1023 345
1023 701
1023 831
1023 895
1023 959
1023 1026
1023 1087
1023 1151
1023 1160
1023 1215
1024 832
1024 896
1024 960
1024 1088
1024 1152
1024 1216
1024 1219
1025 318
1025 338
1025 426
1025 611
1025 833
1025 897
1025 961
1025 1089
1025 1153
1025 1217
1026 345
1026 701
1026 834
1026 898
1026 962
1026 1023
1026 1090
1026 1154
1026 1160
1026 1218
1027 149
1027 425
1027 835
1027 899
1027 963
1027 1091
1027 1155
1027 1219
1028 836
1028 900
1028 964
1028 1092
1028 1156
1028 1220
1029 837
1029 901
1029 965
1029 1093
1029 1157
1029 1221
1030 4
1030 17
1030 196
1030 202
1030 206
1030 211
1030 222
1030 223
1030 263
1030 268
1030 294
1030 326
1030 390
1030 422
1030 452
1030 460
1030 461
1030 465
1030 521
1030 522
1030 546
1030 586
1030 647
1030 654
1030 708
1030 714
1030 715
1030 717
1030 721
1030 722
1030 736
1030 740
1030 750
1030 759
1030 800
1030 802
1030 838
1030 844
1030 902
1030 905
1030 908
1030 937
1030 942
1030 966
1030 969
1030 977
1030 1031
1030 1034
1030 1092
1030 1094
1030 1095
1030 1097
1030 1100
1030 1118
1030 1129
1030 1134
1030 1158
1030 1159
1030 1198
1030 1222
1030 1225
1030 1228
1030 1239
1030 1254
1030 1257
1031 4
1031 17
1031 196
1031 202
1031 206
1031 211
1031 222
1031 223
1031 263
1031 268
1031 294
1031 326
1031 390
1031 422
1031 452
1031 460
1031 461
1031 465
1031 521
1031 522
1031 546
1031 586
1031 647
1031 654
1031 708
1031 714
1031 715
1031 717
1031 721
1031 722
1031 736
1031 740
1031 750
1031 759
1031 800
1031 802
1031 839
1031 841
1031 844
1031 902
1031 903
1031 905
1031 908
1031 937
1031 942
1031 967
1031 969
1031 977
1031 1030
1031 1034
1031 1036
1031 1092
1031 1095
1031 1097
1031 1100
1031 1118
1031 1129
1031 1134
1031 1158
1031 1159
1031 1198
1031 1223
1031 1225
1031 1228
1031 1239
1031 1254
1031 1257
1032 28
1032 840
1032 893
1032 904
1032 968
1032 1042
1032 1096
1032 1160
1032 1224
1033 9
1033 71
1033 137
1033 199
1033 265
1033 329
1033 393
1033 457
1033 518
1033 585
1033 649
1033 711
1033 745
1033 777
1033 838
1033 841
1033 903
1033 905
1033 966
1033 969
1033 1094
1033 1097
1033 1161
1033 1222
1033 1225
1034 4
1034 23
1034 196
1034 211
1034 222
1034 223
1034 268
1034 279
1034 390
1034 418
1034 422
1034 452
1034 460
1034 461
1034 465
1034 521
1034 546
1034 586
1034 646
1034 647
1034 654
1034 708
1034 715
1034 721
1034 722
1034 736
1034 750
1034 759
1034 800
1034 842
1034 905
1034 906
1034 908
1034 970
1034 977
1034 1030
1034 1031
1034 1097
1034 1098
1034 1118
1034 1129
1034 1158
1034 1159
1034 1162
1034 1198
1034 1225
1034 1226
1034 1228
1034 1239
1034 1257
1035 843
1035 907
1035 933
1035 971
1035 1099
1035 1163
1035 1227
1036 12
1036 30
1036 73
1036 79
1036 134
1036 135
1036 143
1036 166
1036 196
1036 198
1036 201
1036 202
1036 204
1036 206
1036 215
1036 226
1036 230
1036 262
1036 263
1036 268
1036 290
1036 294
1036 326
1036 327
1036 332
1036 358
1036 390
1036 391
1036 396
1036 454
1036 458
1036 462
1036 477
1036 519
1036 521
1036 522
1036 550
1036 582
1036 583
1036 678
1036 708
1036 710
1036 714
1036 715
1036 717
1036 727
1036 734
1036 738
1036 740
1036 774
1036 780
1036 800
1036 802
1036 839
1036 841
1036 844
1036 870
1036 902
1036 906
1036 908
1036 910
1036 934
1036 937
1036 942
1036 967
1036 969
1036 972
1036 998
1036 1031
1036 1092
1036 1095
1036 1097
1036 1098
1036 1100
1036 1122
1036 1134
1036 1164
1036 1190
1036 1223
1036 1225
1036 1228
1036 1239
1036 1254
1036 1257
1037 493
1037 845
1037 909
1037 973
1037 1101
1037 1141
1037 1165
1037 1229
1038 846
1038 910
1038 974
1038 1085
1038 1102
1038 1138
1038 1166
1038 1230
1039 207
1039 271
1039 335
1039 399
1039 455
1039 463
1039 486
1039 527
1039 591
1039 655
1039 713
1039 716
1039 719
1039 727
1039 742
1039 775
1039 783
1039 806
1039 847
1039 911
1039 975
1039 1062
1039 1103
1039 1126
1039 1167
1039 1231
1040 848
1040 912
1040 976
1040 1104
1040 1168
1040 1232
1041 849
1041 913
1041 977
1041 1105
1041 1169
1041 1233
1042 28
1042 850
1042 893
1042 914
1042 978
1042 1032
1042 1106
1042 1170
1042 1234
1043 851
1043 915
1043 979
1043 1107
1043 1171
1043 1235
1044 386
1044 852
1044 916
1044 929
1044 980
1044 1108
1044 1172
1044 1236
1044 1238
1045 122
1045 495
1045 656
1045 853
1045 917
1045 981
1045 1109
1045 1153
1045 1173
1045 1237
1046 599
1046 799
1046 854
1046 918
1046 982
1046 1110
1046 1174
1046 1182
1046 1238
1047 347
1047 855
1047 919
1047 983
1047 1111
1047 1175
1047 1239
1048 856
1048 920
1048 984
1048 1112
1048 1176
1048 1240
1049 176
1049 857
1049 921
1049 985
1049 1113
1049 1177
1049 1241
1050 609
1050 858
1050 922
1050 986
1050 1008
1050 1114
1050 1178
1050 1242
1051 859
1051 923
1051 987
1051 1115
1051 1179
1051 1243
1052 254
1052 657
1052 860
1052 924
1052 988
1052 1116
1052 1180
1052 1244
1053 145
1053 861
1053 925
1053 982
1053 989
1053 1117
1053 1181
1053 1245
1054 862
1054 926
1054 990
1054 1118
1054 1182
1054 1246
1055 863
1055 927
1055 963
1055 991
1055 1119
1055 1183
1055 1247
1056 87
1056 165
1056 343
1056 648
1056 864
1056 928
1056 992
1056 999
1056 1120
1056 1184
1056 1248
1057 641
1057 865
1057 929
1057 993
1057 1121
1057 1185
1057 1249
1058 209
1058 595
1058 866
1058 930
1058 990
1058 994
1058 1122
1058 1186
1058 1250
1059 867
1059 899
1059 931
1059 995
1059 1123
1059 1140
1059 1187
1059 1251
1060 605
1060 868
1060 932
1060 996
1060 1124
1060 1188
1060 1252
1061 760
1061 792
1061 869
1061 933
1061 997
1061 1125
1061 1189
1061 1253
1061 1258
1062 15
1062 34
1062 198
1062 204
1062 207
1062 215
1062 226
1062 230
1062 262
1062 271
1062 290
1062 327
1062 332
1062 335
1062 358
1062 391
1062 396
1062 399
1062 454
1062 455
1062 458
1062 462
1062 463
1062 477
1062 486
1062 519
1062 527
1062 550
1062 582
1062 583
1062 591
1062 655
1062 678
1062 710
1062 713
1062 716
1062 727
1062 734
1062 738
1062 742
1062 774
1062 775
1062 780
1062 783
1062 806
1062 839
1062 847
1062 870
1062 906
1062 910
1062 934
1062 967
1062 972
1062 998
1062 1039
1062 1098
1062 1122
1062 1126
1062 1167
1062 1190
1062 1223
1062 1231
1062 1254
1063 871
1063 935
1063 999
1063 1012
1063 1127
1063 1191
1063 1255
1064 96
1064 366
1064 797
1064 872
1064 936
1064 944
1064 1000
1064 1128
1064 1192
1064 1256
1065 873
1065 937
1065 1001
1065 1129
1065 1193
1065 1257
1066 236
1066 554
1066 850
1066 874
1066 938
1066 946
1066 1002
1066 1130
1066 1194
1066 1258
1067 875
1067 939
1067 1003
1067 1131
1067 1195
1067 1259
1068 109
1068 739
1068 876
1068 940
1068 1004
1068 1132
1068 1196
1068 1249
1068 1260
1069 398
1069 529
1069 877
1069 941
1069 1005
1069 1133
1069 1197
1069 1261
1070 330
1070 878
1070 942
1070 1006
1070 1134
1070 1198
1070 1262
1071 186
1071 272
1071 879
1071 943
1071 1007
1071 1135
1071 1199
1071 1263
1072 880
1072 944
1072 1008
1072 1136
1072 1200
1072 1264
1073 319
1073 881
1073 945
1073 1007
1073 1009
1073 1137
1073 1201
1073 1265
1074 490
1074 882
1074 946
1074 955
1074 1010
1074 1138
1074 1202
1074 1243
1074 1266
1075 883
1075 947
1075 1011
1075 1139
1075 1203
1075 1267
1076 13
1076 751
1076 765
1076 884
1076 948
1076 980
1076 1012
1076 1140
1076 1204
1076 1268
1077 885
1077 949
1077 1013
1077 1141
1077 1205
1077 1269
1078 886
1078 950
1078 1014
1078 1142
1078 1206
1078 1270
1079 25
1079 887
1079 951
1079 1015
1079 1143
1079 1207
1079 1271
1080 483
1080 888
1080 952
1080 1016
1080 1144
1080 1149
1080 1208
1080 1272
1081 144
1081 761
1081 889
1081 953
1081 1017
1081 1145
1081 1209
1081 1273
1082 890
1082 954
1082 1018
1082 1146
1082 1210
1082 1274
1083 56
1083 562
1083 891
1083 955
1083 1019
1083 1147
1083 1211
1083 1212
1083 1275
1084 433
1084 892
1084 956
1084 1020
1084 1148
1084 1212
1084 1276
1085 893
1085 957
1085 1021
1085 1038
1085 1138
1085 1149
1085 1213
1085 1277
1086 803
1086 894
1086 945
1086 958
1086 1022
1086 1150
1086 1214
1086 1278
1087 895
1087 959
1087 1023
1087 1151
1087 1194
1087 1215
1087 1279
1088 78
1088 896
1088 960
1088 1024
1088 1152
1088 1216
1089 105
1089 897
1089 961
1089 1025
1089 1133
1089 1153
1089 1217
1090 227
1090 435
1090 757
1090 898
1090 962
1090 979
1090 1026
1090 1154
1090 1170
1090 1218
1091 674
1091 707
1091 899
1091 963
1091 1027
1091 1155
1091 1219
1092 7
1092 17
1092 70
1092 73
1092 134
1092 166
1092 196
1092 202
1092 262
1092 263
1092 268
1092 290
1092 294
1092 326
1092 327
1092 358
1092 390
1092 391
1092 396
1092 452
1092 458
1092 461
1092 462
1092 465
1092 477
1092 519
1092 521
1092 522
1092 546
1092 550
1092 582
1092 583
1092 647
1092 654
1092 708
1092 714
1092 715
1092 717
1092 721
1092 740
1092 750
1092 774
1092 800
1092 802
1092 839
1092 841
1092 844
1092 900
1092 902
1092 937
1092 942
1092 964
1092 969
1092 972
1092 1028
1092 1030
1092 1031
1092 1036
1092 1095
1092 1097
1092 1098
1092 1100
1092 1118
1092 1129
1092 1134
1092 1156
1092 1158
1092 1159
1092 1198
1092 1220
1092 1225
1092 1239
1092 1254
1092 1257
1093 141
1093 901
1093 965
1093 1029
1093 1157
1093 1221
1094 9
1094 71
1094 137
1094 199
1094 265
1094 329
1094 393
1094 457
1094 518
1094 585
1094 649
1094 711
1094 745
1094 777
1094 838
1094 902
1094 903
1094 966
1094 1030
1094 1033
1094 1158
1094 1161
1094 1222
1095 7
1095 70
1095 73
1095 134
1095 166
1095 202
1095 206
1095 262
1095 263
1095 268
1095 290
1095 294
1095 326
1095 327
1095 358
1095 390
1095 391
1095 396
1095 452
1095 454
1095 458
1095 461
1095 462
1095 465
1095 477
1095 519
1095 521
1095 522
1095 546
1095 550
1095 582
1095 583
1095 647
1095 654
1095 708
1095 714
1095 715
1095 717
1095 740
1095 750
1095 774
1095 800
1095 802
1095 839
1095 841
1095 844
1095 870
1095 902
1095 903
1095 906
1095 910
1095 937
1095 942
1095 967
1095 969
1095 972
1095 998
1095 1030
1095 1031
1095 1036
1095 1092
1095 1097
1095 1098
1095 1100
1095 1118
1095 1122
1095 1129
1095 1134
1095 1158
1095 1159
1095 1190
1095 1198
1095 1223
1095 1225
1095 1239
1095 1254
1095 1257
1096 651
1096 720
1096 904
1096 968
1096 1032
1096 1160
1096 1224
1097 7
1097 17
1097 70
1097 73
1097 196
1097 202
1097 262
1097 263
1097 268
1097 290
1097 294
1097 326
1097 358
1097 390
1097 391
1097 396
1097 452
1097 458
1097 460
1097 461
1097 462
1097 465
1097 519
1097 521
1097 522
1097 546
1097 550
1097 582
1097 647
1097 654
1097 708
1097 714
1097 715
1097 717
1097 721
1097 722
1097 740
1097 750
1097 759
1097 800
1097 802
1097 839
1097 841
1097 844
1097 902
1097 905
1097 908
1097 937
1097 942
1097 969
1097 972
1097 977
1097 1030
1097 1031
1097 1033
1097 1034
1097 1036
1097 1092
1097 1095
1097 1100
1097 1118
1097 1129
1097 1134
1097 1158
1097 1159
1097 1161
1097 1198
1097 1225
1097 1239
1097 1254
1097 1257
1098 6
1098 12
1098 15
1098 30
1098 79
1098 135
1098 143
1098 198
1098 201
1098 204
1098 215
1098 226
1098 230
1098 262
1098 263
1098 290
1098 294
1098 326
1098 327
1098 332
1098 358
1098 391
1098 396
1098 454
1098 455
1098 458
1098 462
1098 477
1098 486
1098 519
1098 522
1098 550
1098 582
1098 583
1098 678
1098 710
1098 713
1098 714
1098 716
1098 717
1098 727
1098 734
1098 738
1098 740
1098 742
1098 774
1098 775
1098 780
1098 802
1098 839
1098 841
1098 844
1098 870
1098 902
1098 906
1098 910
1098 934
1098 937
1098 942
1098 967
1098 969
1098 970
1098 972
1098 998
1098 1034
1098 1036
1098 1062
1098 1092
1098 1095
1098 1100
1098 1122
1098 1126
1098 1134
1098 1162
1098 1190
1098 1223
1098 1226
1098 1254
1099 907
1099 971
1099 1035
1099 1163
1099 1227
1100 7
1100 12
1100 70
1100 73
1100 79
1100 134
1100 166
1100 201
1100 202
1100 206
1100 262
1100 263
1100 268
1100 290
1100 294
1100 326
1100 327
1100 332
1100 358
1100 390
1100 391
1100 396
1100 452
1100 454
1100 458
1100 462
1100 465
1100 477
1100 519
1100 521
1100 522
1100 546
1100 550
1100 582
1100 583
1100 647
1100 654
1100 678
1100 708
1100 714
1100 715
1100 717
1100 738
1100 740
1100 750
1100 774
1100 780
1100 800
1100 802
1100 839
1100 841
1100 844
1100 870
1100 902
1100 906
1100 908
1100 910
1100 934
1100 937
1100 942
1100 969
1100 972
1100 998
1100 1030
1100 1031
1100 1036
1100 1092
1100 1095
1100 1097
1100 1098
1100 1118
1100 1122
1100 1134
1100 1158
1100 1164
1100 1190
1100 1198
1100 1223
1100 1225
1100 1228
1100 1239
1100 1254
1100 1257
1101 909
1101 973
1101 1037
1101 1165
1101 1229
1102 910
1102 974
1102 1038
1102 1166
1102 1230
1103 271
1103 335
1103 399
1103 463
1103 527
1103 591
1103 655
1103 719
1103 783
1103 806
1103 847
1103 911
1103 975
1103 1039
1103 1126
1103 1167
1103 1231
1104 912
1104 976
1104 1040
1104 1168
1104 1232
1105 913
1105 932
1105 977
1105 1041
1105 1169
1105 1233
1106 914
1106 978
1106 1042
1106 1170
1106 1234
1107 915
1107 979
1107 1043
1107 1171
1107 1235
1108 408
1108 557
1108 661
1108 891
1108 916
1108 980
1108 1044
1108 1172
1108 1236
1109 464
1109 916
1109 917
1109 981
1109 984
1109 1045
1109 1173
1109 1237
1110 217
1110 918
1110 982
1110 1046
1110 1174
1110 1238
1111 352
1111 832
1111 919
1111 983
1111 1047
1111 1175
1111 1239
1112 860
1112 920
1112 984
1112 1048
1112 1176
1112 1240
1113 403
1113 532
1113 921
1113 985
1113 1049
1113 1177
1113 1187
1113 1241
1114 54
1114 63
1114 412
1114 637
1114 922
1114 986
1114 1050
1114 1151
1114 1178
1114 1242
1115 923
1115 987
1115 1051
1115 1179
1115 1243
1116 55
1116 213
1116 261
1116 924
1116 988
1116 1052
1116 1180
1116 1244
1117 224
1117 925
1117 989
1117 1053
1117 1181
1117 1245
1118 4
1118 17
1118 23
1118 196
1118 223
1118 263
1118 268
1118 294
1118 390
1118 422
1118 452
1118 460
1118 461
1118 465
1118 521
1118 522
1118 546
1118 586
1118 647
1118 654
1118 708
1118 714
1118 715
1118 717
1118 721
1118 722
1118 736
1118 740
1118 750
1118 759
1118 800
1118 802
1118 844
1118 902
1118 905
1118 908
1118 926
1118 937
1118 942
1118 969
1118 977
1118 990
1118 1030
1118 1031
1118 1034
1118 1054
1118 1092
1118 1095
1118 1097
1118 1100
1118 1129
1118 1134
1118 1158
1118 1159
1118 1182
1118 1198
1118 1225
1118 1228
1118 1239
1118 1246
1118 1254
1118 1257
1119 927
1119 991
1119 1055
1119 1183
1119 1247
1120 598
1120 928
1120 941
1120 992
1120 1056
1120 1184
1120 1248
1121 24
1121 164
1121 776
1121 929
1121 993
1121 1057
1121 1155
1121 1185
1121 1249
1122 6
1122 15
1122 30
1122 34
1122 135
1122 143
1122 198
1122 204
1122 215
1122 226
1122 230
1122 262
1122 263
1122 271
1122 290
1122 294
1122 326
1122 327
1122 332
1122 358
1122 391
1122 396
1122 399
1122 454
1122 455
1122 458
1122 462
1122 477
1122 486
1122 519
1122 522
1122 550
1122 582
1122 583
1122 678
1122 710
1122 713
1122 716
1122 717
1122 727
1122 734
1122 738
1122 740
1122 742
1122 774
1122 775
1122 780
1122 802
1122 806
1122 839
1122 841
1122 844
1122 870
1122 902
1122 906
1122 910
1122 930
1122 934
1122 937
1122 942
1122 967
1122 972
1122 994
1122 998
1122 1036
1122 1058
1122 1062
1122 1095
1122 1098
1122 1100
1122 1126
1122 1134
1122 1186
1122 1190
1122 1223
1122 1250
1122 1254
1123 931
1123 995
1123 1059
1123 1187
1123 1251
1124 807
1124 932
1124 996
1124 1060
1124 1188
1124 1252
1125 482
1125 933
1125 997
1125 1061
1125 1189
1125 1253
1126 207
1126 262
1126 271
1126 327
1126 332
1126 335
1126 358
1126 399
1126 454
1126 455
1126 463
1126 477
1126 486
1126 527
1126 583
1126 591
1126 655
1126 678
1126 710
1126 713
1126 716
1126 719
1126 727
1126 734
1126 738
1126 742
1126 774
1126 775
1126 780
1126 783
1126 806
1126 847
1126 870
1126 906
1126 910
1126 911
1126 934
1126 967
1126 975
1126 998
1126 1039
1126 1062
1126 1098
1126 1103
1126 1122
1126 1167
1126 1190
1126 1223
1126 1231
1126 1254
1127 935
1127 999
1127 1063
1127 1191
1127 1255
1128 11
1128 362
1128 768
1128 936
1128 1000
1128 1064
1128 1192
1128 1256
1129 4
1129 17
1129 23
1129 196
1129 223
1129 263
1129 268
1129 279
1129 390
1129 422
1129 452
1129 460
1129 461
1129 465
1129 521
1129 522
1129 546
1129 586
1129 647
1129 654
1129 708
1129 714
1129 715
1129 721
1129 722
1129 736
1129 740
1129 750
1129 759
1129 800
1129 802
1129 905
1129 908
1129 937
1129 942
1129 969
1129 977
1129 1001
1129 1030
1129 1031
1129 1034
1129 1065
1129 1092
1129 1095
1129 1097
1129 1118
1129 1158
1129 1159
1129 1193
1129 1198
1129 1225
1129 1228
1129 1239
1129 1254
1129 1257
1130 41
1130 786
1130 938
1130 1002
1130 1066
1130 1194
1130 1258
1131 939
1131 1003
1131 1067
1131 1195
1131 1259
1132 940
1132 1004
1132 1068
1132 1196
1132 1260
1133 105
1133 941
1133 1005
1133 1069
1133 1089
1133 1197
1133 1261
1134 7
1134 12
1134 70
1134 73
1134 79
1134 134
1134 135
1134 166
1134 201
1134 202
1134 206
1134 226
1134 262
1134 263
1134 268
1134 290
1134 294
1134 326
1134 327
1134 332
1134 358
1134 390
1134 391
1134 396
1134 452
1134 454
1134 458
1134 462
1134 465
1134 477
1134 519
1134 521
1134 522
1134 546
1134 550
1134 582
1134 583
1134 647
1134 654
1134 678
1134 708
1134 714
1134 715
1134 717
1134 738
1134 740
1134 750
1134 774
1134 780
1134 800
1134 802
1134 839
1134 841
1134 844
1134 870
1134 902
1134 906
1134 910
1134 934
1134 937
1134 942
1134 967
1134 969
1134 972
1134 998
1134 1006
1134 1030
1134 1031
1134 1036
1134 1070
1134 1092
1134 1095
1134 1097
1134 1098
1134 1100
1134 1118
1134 1122
1134 1158
1134 1190
1134 1198
1134 1223
1134 1225
1134 1239
1134 1254
1134 1257
1134 1262
1135 497
1135 943
1135 1007
1135 1071
1135 1199
1135 1232
1135 1263
1136 691
1136 914
1136 944
1136 1008
1136 1013
1136 1072
1136 1200
1136 1264
1137 182
1137 693
1137 823
1137 945
1137 1009
1137 1073
1137 1150
1137 1201
1137 1265
1138 946
1138 1010
1138 1038
1138 1074
1138 1085
1138 1202
1138 1266
1139 947
1139 1011
1139 1075
1139 1203
1139 1267
1140 899
1140 948
1140 1012
1140 1059
1140 1076
1140 1204
1140 1268
1141 493
1141 949
1141 1013
1141 1037
1141 1077
1141 1205
1141 1269
1142 40
1142 756
1142 950
1142 1014
1142 1078
1142 1206
1142 1270
1143 951
1143 1015
1143 1079
1143 1207
1143 1271
1144 952
1144 1016
1144 1080
1144 1208
1144 1272
1145 621
1145 675
1145 953
1145 1017
1145 1081
1145 1209
1145 1273
1146 673
1146 954
1146 1018
1146 1082
1146 1210
1146 1274
1147 834
1147 955
1147 1019
1147 1083
1147 1211
1147 1275
1148 3
1148 956
1148 1020
1148 1084
1148 1212
1148 1276
1149 483
1149 957
1149 1021
1149 1080
1149 1085
1149 1213
1149 1277
1150 182
1150 693
1150 823
1150 958
1150 1022
1150 1086
1150 1137
1150 1214
1150 1278
1151 54
1151 63
1151 412
1151 637
1151 959
1151 1023
1151 1087
1151 1114
1151 1215
1151 1279
1152 960
1152 1024
1152 1088
1152 1216
1153 122
1153 495
1153 656
1153 961
1153 1025
1153 1045
1153 1089
1153 1217
1154 321
1154 642
1154 962
1154 993
1154 1026
1154 1090
1154 1218
1155 24
1155 164
1155 776
1155 963
1155 1027
1155 1091
1155 1121
1155 1219
1156 964
1156 1028
1156 1092
1156 1220
1157 628
1157 965
1157 1029
1157 1093
1157 1221
1158 4
1158 17
1158 23
1158 196
1158 223
1158 268
1158 390
1158 422
1158 452
1158 460
1158 461
1158 465
1158 521
1158 522
1158 546
1158 586
1158 647
1158 654
1158 708
1158 714
1158 715
1158 717
1158 721
1158 722
1158 736
1158 740
1158 750
1158 759
1158 800
1158 802
1158 844
1158 902
1158 905
1158 908
1158 937
1158 942
1158 966
1158 969
1158 977
1158 1030
1158 1031
1158 1034
1158 1092
1158 1094
1158 1095
1158 1097
1158 1100
1158 1118
1158 1129
1158 1134
1158 1159
1158 1198
1158 1222
1158 1225
1158 1228
1158 1239
1158 1254
1158 1257
1159 4
1159 23
1159 222
1159 223
1159 390
1159 422
1159 452
1159 460
1159 461
1159 465
1159 521
1159 546
1159 586
1159 647
1159 654
1159 708
1159 714
1159 715
1159 721
1159 722
1159 736
1159 750
1159 759
1159 800
1159 905
1159 908
1159 967
1159 969
1159 977
1159 1030
1159 1031
1159 1034
1159 1092
1159 1095
1159 1097
1159 1118
1159 1129
1159 1158
1159 1198
1159 1223
1159 1225
1159 1228
1159 1239
1159 1257
1160 345
1160 701
1160 968
1160 1023
1160 1026
1160 1032
1160 1096
1160 1224
1161 9
1161 71
1161 137
1161 199
1161 265
1161 329
1161 393
1161 457
1161 518
1161 585
1161 649
1161 711
1161 745
1161 777
1161 838
1161 903
1161 966
1161 969
1161 1033
1161 1094
1161 1097
1161 1222
1161 1225
1162 541
1162 924
1162 970
1162 1034
1162 1098
1162 1221
1162 1226
1163 788
1163 971
1163 1035
1163 1099
1163 1227
1164 972
1164 1036
1164 1100
1164 1228
1165 973
1165 1037
1165 1101
1165 1229
1166 174
1166 974
1166 1038
1166 1102
1166 1230
1167 207
1167 335
1167 399
1167 455
1167 463
1167 486
1167 527
1167 591
1167 655
1167 710
1167 713
1167 716
1167 719
1167 727
1167 742
1167 775
1167 783
1167 806
1167 847
1167 911
1167 975
1167 1039
1167 1062
1167 1103
1167 1126
1167 1231
1168 170
1168 277
1168 976
1168 1040
1168 1104
1168 1200
1168 1232
1169 423
1169 977
1169 1041
1169 1105
1169 1233
1170 227
1170 435
1170 757
1170 978
1170 979
1170 1042
1170 1090
1170 1106
1170 1234
1171 979
1171 1043
1171 1107
1171 1235
1172 694
1172 980
1172 986
1172 1044
1172 1108
1172 1234
1172 1236
1173 298
1173 312
1173 981
1173 1045
1173 1109
1173 1237
1174 594
1174 982
1174 1046
1174 1110
1174 1238
1175 983
1175 1047
1175 1111
1175 1239
1176 504
1176 534
1176 984
1176 1048
1176 1112
1176 1240
1177 810
1177 985
1177 1049
1177 1113
1177 1236
1177 1241
1178 380
1178 986
1178 1050
1178 1114
1178 1242
1179 342
1179 685
1179 987
1179 1051
1179 1115
1179 1243
1180 854
1180 988
1180 1052
1180 1116
1180 1184
1180 1244
1181 253
1181 989
1181 1011
1181 1053
1181 1117
1181 1245
1182 599
1182 799
1182 990
1182 1046
1182 1054
1182 1118
1182 1246
1183 660
1183 991
1183 1055
1183 1119
1183 1247
1184 854
1184 992
1184 1056
1184 1120
1184 1180
1184 1248
1185 571
1185 875
1185 993
1185 1057
1185 1121
1185 1249
1186 260
1186 524
1186 994
1186 1058
1186 1122
1186 1250
1187 403
1187 532
1187 995
1187 1059
1187 1113
1187 1123
1187 1251
1188 308
1188 996
1188 1060
1188 1124
1188 1252
1189 997
1189 1061
1189 1125
1189 1253
1190 6
1190 15
1190 30
1190 34
1190 143
1190 198
1190 204
1190 215
1190 230
1190 262
1190 326
1190 327
1190 332
1190 335
1190 358
1190 391
1190 396
1190 399
1190 454
1190 455
1190 458
1190 462
1190 477
1190 486
1190 519
1190 522
1190 550
1190 582
1190 583
1190 678
1190 710
1190 713
1190 716
1190 717
1190 727
1190 734
1190 738
1190 740
1190 742
1190 774
1190 775
1190 780
1190 802
1190 806
1190 839
1190 841
1190 844
1190 870
1190 902
1190 906
1190 910
1190 934
1190 937
1190 942
1190 967
1190 972
1190 998
1190 1036
1190 1062
1190 1095
1190 1098
1190 1100
1190 1122
1190 1126
1190 1134
1190 1223
1190 1254
1191 999
1191 1063
1191 1127
1191 1255
1192 1000
1192 1064
1192 1128
1192 1256
1193 1001
1193 1065
1193 1129
1193 1257
1194 1002
1194 1066
1194 1087
1194 1130
1194 1258
1195 895
1195 1003
1195 1067
1195 1131
1195 1259
1196 97
1196 1004
1196 1068
1196 1132
1196 1260
1197 274
1197 1005
1197 1069
1197 1133
1197 1261
1198 4
1198 17
1198 23
1198 196
1198 223
1198 268
1198 390
1198 422
1198 452
1198 460
1198 461
1198 465
1198 521
1198 522
1198 546
1198 586
1198 647
1198 654
1198 708
1198 714
1198 715
1198 717
1198 721
1198 722
1198 736
1198 740
1198 750
1198 759
1198 800
1198 802
1198 844
1198 905
1198 908
1198 937
1198 942
1198 969
1198 977
1198 1006
1198 1030
1198 1031
1198 1034
1198 1070
1198 1092
1198 1095
1198 1097
1198 1100
1198 1118
1198 1129
1198 1134
1198 1158
1198 1159
1198 1225
1198 1228
1198 1239
1198 1254
1198 1257
1198 1262
1199 382
1199 1007
1199 1071
1199 1135
1199 1263
1200 170
1200 277
1200 1008
1200 1072
1200 1136
1200 1168
1200 1264
1201 251
1201 479
1201 515
1201 1009
1201 1073
1201 1137
1201 1265
1202 882
1202 1010
1202 1074
1202 1138
1202 1266
1203 8
1203 1011
1203 1075
1203 1139
1203 1266
1203 1267
1204 372
1204 1012
1204 1076
1204 1140
1204 1268
1205 180
1205 584
1205 672
1205 922
1205 958
1205 1013
1205 1077
1205 1141
1205 1269
1206 1014
1206 1078
1206 1142
1206 1270
1207 111
1207 837
1207 1015
1207 1079
1207 1143
1207 1271
1208 811
1208 1016
1208 1080
1208 1144
1208 1272
1209 569
1209 1017
1209 1081
1209 1145
1209 1268
1209 1273
1210 1018
1210 1082
1210 1146
1210 1274
1211 565
1211 1019
1211 1083
1211 1147
1211 1275
1212 56
1212 562
1212 1020
1212 1083
1212 1084
1212 1148
1212 1276
1213 91
1213 445
1213 729
1213 1021
1213 1085
1213 1149
1213 1216
1213 1277
1214 107
1214 502
1214 687
1214 1022
1214 1086
1214 1150
1214 1278
1215 1023
1215 1087
1215 1151
1215 1279
1216 91
1216 445
1216 729
1216 1024
1216 1088
1216 1152
1216 1213
1217 1025
1217 1089
1217 1153
1218 1026
1218 1090
1218 1154
1219 1024
1219 1027
1219 1091
1219 1155
1220 679
1220 1028
1220 1092
1220 1156
1221 541
1221 924
1221 1029
1221 1093
1221 1157
1221 1162
1222 9
1222 71
1222 137
1222 199
1222 265
1222 329
1222 393
1222 457
1222 518
1222 585
1222 649
1222 711
1222 745
1222 777
1222 838
1222 903
1222 966
1222 1030
1222 1033
1222 1094
1222 1158
1222 1161
1223 6
1223 15
1223 30
1223 34
1223 135
1223 143
1223 198
1223 204
1223 215
1223 226
1223 230
1223 262
1223 327
1223 332
1223 358
1223 391
1223 396
1223 399
1223 454
1223 455
1223 458
1223 462
1223 477
1223 486
1223 519
1223 522
1223 550
1223 582
1223 583
1223 678
1223 710
1223 713
1223 716
1223 717
1223 727
1223 734
1223 738
1223 740
1223 742
1223 774
1223 775
1223 780
1223 802
1223 806
1223 839
1223 841
1223 844
1223 870
1223 902
1223 906
1223 910
1223 934
1223 937
1223 942
1223 967
1223 969
1223 972
1223 998
1223 1031
1223 1036
1223 1062
1223 1095
1223 1098
1223 1100
1223 1122
1223 1126
1223 1134
1223 1159
1223 1190
1223 1254
1224 1032
1224 1096
1224 1160
1225 4
1225 17
1225 196
1225 223
1225 268
1225 390
1225 422
1225 452
1225 460
1225 461
1225 465
1225 521
1225 522
1225 546
1225 586
1225 647
1225 654
1225 708
1225 714
1225 715
1225 717
1225 721
1225 722
1225 736
1225 740
1225 750
1225 759
1225 800
1225 802
1225 841
1225 844
1225 902
1225 905
1225 908
1225 937
1225 942
1225 969
1225 977
1225 1030
1225 1031
1225 1033
1225 1034
1225 1036
1225 1092
1225 1095
1225 1097
1225 1100
1225 1118
1225 1129
1225 1134
1225 1158
1225 1159
1225 1161
1225 1198
1225 1228
1225 1239
1225 1254
1225 1257
1226 1034
1226 1098
1226 1162
1227 686
1227 1035
1227 1099
1227 1163
1228 14
1228 36
1228 211
1228 222
1228 279
1228 418
1228 422
1228 452
1228 460
1228 461
1228 465
1228 521
1228 546
1228 586
1228 646
1228 647
1228 654
1228 721
1228 722
1228 736
1228 750
1228 759
1228 905
1228 908
1228 977
1228 1030
1228 1031
1228 1034
1228 1036
1228 1100
1228 1118
1228 1129
1228 1158
1228 1159
1228 1164
1228 1198
1228 1225
1228 1239
1229 64
1229 769
1229 1037
1229 1101
1229 1165
1230 551
1230 1038
1230 1102
1230 1166
1231 207
1231 335
1231 399
1231 455
1231 463
1231 486
1231 527
1231 591
1231 655
1231 713
1231 716
1231 719
1231 727
1231 742
1231 775
1231 783
1231 806
1231 847
1231 911
1231 975
1231 1039
1231 1062
1231 1103
1231 1126
1231 1167
1232 497
1232 1040
1232 1104
1232 1135
1232 1168
1233 1041
1233 1105
1233 1169
1234 694
1234 986
1234 1042
1234 1106
1234 1170
1234 1172
1235 150
1235 303
1235 1043
1235 1107
1235 1171
1236 810
1236 1044
1236 1108
1236 1172
1236 1177
1237 90
1237 543
1237 1045
1237 1109
1237 1173
1238 386
1238 929
1238 1044
1238 1046
1238 1110
1238 1174
1239 4
1239 17
1239 196
1239 223
1239 268
1239 390
1239 422
1239 452
1239 460
1239 461
1239 465
1239 521
1239 522
1239 546
1239 586
1239 647
1239 654
1239 708
1239 714
1239 715
1239 717
1239 721
1239 722
1239 736
1239 740
1239 750
1239 759
1239 800
1239 802
1239 841
1239 844
1239 902
1239 905
1239 908
1239 937
1239 942
1239 969
1239 977
1239 1030
1239 1031
1239 1034
1239 1036
1239 1047
1239 1092
1239 1095
1239 1097
1239 1100
1239 1111
1239 1118
1239 1129
1239 1134
1239 1158
1239 1159
1239 1175
1239 1198
1239 1225
1239 1228
1239 1254
1239 1257
1240 368
1240 1048
1240 1112
1240 1176
1241 375
1241 481
1241 943
1241 1049
1241 1113
1241 1177
1242 26
1242 172
1242 795
1242 1050
1242 1114
1242 1178
1243 490
1243 955
1243 1051
1243 1074
1243 1115
1243 1179
1244 753
1244 773
1244 1052
1244 1116
1244 1180
1245 1053
1245 1117
1245 1181
1246 1054
1246 1118
1246 1182
1247 517
1247 1055
1247 1119
1247 1183
1248 1056
1248 1120
1248 1184
1249 109
1249 739
1249 1057
1249 1068
1249 1121
1249 1185
1250 842
1250 1058
1250 1122
1250 1186
1251 249
1251 1059
1251 1123
1251 1187
1252 851
1252 1060
1252 1124
1252 1188
1253 203
1253 1061
1253 1125
1253 1189
1254 7
1254 70
1254 73
1254 134
1254 166
1254 202
1254 206
1254 263
1254 294
1254 390
1254 391
1254 396
1254 452
1254 454
1254 458
1254 461
1254 462
1254 465
1254 477
1254 519
1254 521
1254 522
1254 546
1254 550
1254 582
1254 583
1254 647
1254 654
1254 678
1254 708
1254 714
1254 715
1254 717
1254 740
1254 750
1254 774
1254 780
1254 800
1254 802
1254 839
1254 841
1254 844
1254 870
1254 902
1254 906
1254 910
1254 937
1254 942
1254 969
1254 972
1254 998
1254 1030
1254 1031
1254 1036
1254 1062
1254 1092
1254 1095
1254 1097
1254 1098
1254 1100
1254 1118
1254 1122
1254 1126
1254 1129
1254 1134
1254 1158
1254 1190
1254 1198
1254 1223
1254 1225
1254 1239
1254 1257
1255 494
1255 1063
1255 1127
1255 1191
1256 51
1256 406
1256 1064
1256 1128
1256 1192
1257 7
1257 17
1257 70
1257 73
1257 196
1257 202
1257 223
1257 268
1257 390
1257 391
1257 396
1257 452
1257 458
1257 460
1257 461
1257 462
1257 465
1257 519
1257 521
1257 522
1257 546
1257 550
1257 582
1257 647
1257 654
1257 708
1257 714
1257 715
1257 717
1257 721
1257 722
1257 740
1257 750
1257 759
1257 800
1257 802
1257 839
1257 841
1257 844
1257 902
1257 908
1257 937
1257 942
1257 969
1257 972
1257 977
1257 1030
1257 1031
1257 1034
1257 1036
1257 1065
1257 1092
1257 1095
1257 1097
1257 1100
1257 1118
1257 1129
1257 1134
1257 1158
1257 1159
1257 1193
1257 1198
1257 1225
1257 1239
1257 1254
1258 760
1258 792
1258 1061
1258 1066
1258 1130
1258 1194
1259 600
1259 671
1259 1067
1259 1131
1259 1195
1260 344
1260 405
1260 578
1260 968
1260 988
1260 1068
1260 1132
1260 1196
1261 1069
1261 1133
1261 1197
1262 1070
1262 1134
1262 1198
1263 1071
1263 1135
1263 1199
1264 82
1264 301
1264 309
1264 602
1264 1072
1264 1136
1264 1200
1265 1073
1265 1137
1265 1201
1266 8
1266 1074
1266 1138
1266 1202
1266 1203
1267 639
1267 690
1267 827
1267 985
1267 1075
1267 1139
1267 1203
1268 569
1268 1076
1268 1140
1268 1204
1268 1209
1269 278
1269 1077
1269 1141
1269 1205
1270 66
1270 255
1270 606
1270 833
1270 1021
1270 1078
1270 1142
1270 1206
1271 100
1271 662
1271 1079
1271 1143
1271 1207
1272 21
1272 65
1272 72
1272 125
1272 645
1272 1002
1272 1080
1272 1144
1272 1208
1273 567
1273 1081
1273 1145
1273 1209
1274 840
1274 1082
1274 1146
1274 1210
1275 1083
1275 1147
1275 1211
1276 1084
1276 1148
1276 1212
1277 242
1277 957
1277 1085
1277 1149
1277 1213
1278 574
1278 981
1278 1086
1278 1150
1278 1214
1279 190
1279 728
1279 1087
1279 1151
1279 1215
