0 64
0 128
0 192
0 547
0 584
0 776
1 65
1 96
1 129
1 193
2 66
2 130
2 194
2 466
2 986
2 1187
3 67
3 131
3 195
4 68
4 132
4 196
4 475
5 69
5 133
5 197
6 12
6 13
6 14
6 15
6 19
6 21
6 22
6 38
6 70
6 76
6 78
6 79
6 134
6 135
6 139
6 140
6 141
6 142
6 143
6 147
6 156
6 198
6 199
6 203
6 204
6 205
6 206
6 207
6 211
6 213
6 214
6 222
6 230
6 231
6 262
6 263
6 267
6 268
6 269
6 271
6 275
6 286
6 295
6 323
6 324
6 326
6 327
6 331
6 332
6 333
6 334
6 335
6 339
6 340
6 341
6 342
6 347
6 348
6 356
6 357
6 358
6 359
6 372
6 387
6 390
6 391
6 395
6 396
6 397
6 398
6 399
6 403
6 404
6 405
6 406
6 418
6 421
6 422
6 423
6 433
6 435
6 451
6 452
6 454
6 455
6 459
6 460
6 461
6 462
6 463
6 467
6 468
6 469
6 470
6 476
6 478
6 485
6 486
6 487
6 497
6 502
6 515
6 518
6 519
6 523
6 524
6 525
6 526
6 527
6 531
6 534
6 540
6 542
6 548
6 549
6 550
6 551
6 564
6 579
6 582
6 583
6 587
6 588
6 589
6 590
6 591
6 595
6 597
6 598
6 613
6 614
6 615
6 625
6 643
6 646
6 647
6 651
6 652
6 653
6 654
6 655
6 659
6 660
6 661
6 662
6 668
6 674
6 677
6 678
6 679
6 692
6 707
6 710
6 711
6 715
6 716
6 717
6 718
6 719
6 723
6 725
6 731
6 743
6 774
6 775
6 779
6 780
6 781
6 782
6 783
6 807
6 835
6 838
6 839
6 843
6 844
6 845
6 846
6 847
6 851
6 853
6 854
6 862
6 868
6 871
6 884
6 902
6 907
6 910
6 911
6 915
6 924
6 933
6 934
6 935
6 948
6 966
6 967
6 971
6 974
6 978
6 979
6 980
6 981
6 982
6 997
6 998
6 1001
6 1012
6 1027
6 1037
6 1039
6 1063
6 1076
6 1091
6 1094
6 1101
6 1102
6 1107
6 1126
6 1127
6 1140
6 1155
6 1165
6 1167
6 1191
6 1204
6 1222
6 1223
6 1230
6 1231
6 1235
6 1254
6 1255
6 1268
7 11
7 20
7 21
7 22
7 28
7 32
7 70
7 71
7 78
7 79
7 134
7 135
7 139
7 146
7 147
7 148
7 149
7 150
7 156
7 158
7 164
7 166
7 167
7 195
7 196
7 199
7 203
7 205
7 211
7 212
7 213
7 214
7 222
7 228
7 231
7 259
7 263
7 267
7 270
7 275
7 277
7 278
7 286
7 292
7 293
7 294
7 295
7 305
7 323
7 324
7 327
7 340
7 341
7 342
7 347
7 351
7 354
7 366
7 369
7 388
7 391
7 394
7 404
7 408
7 411
7 415
7 418
7 420
7 421
7 433
7 435
7 438
7 449
7 452
7 458
7 476
7 478
7 484
7 489
7 494
7 497
7 500
7 502
7 516
7 518
7 531
7 532
7 533
7 541
7 542
7 548
7 561
7 564
7 594
7 595
7 596
7 597
7 598
7 604
7 606
7 608
7 610
7 613
7 614
7 625
7 640
7 647
7 657
7 660
7 662
7 668
7 670
7 674
7 676
7 677
7 689
7 691
7 692
7 710
7 711
7 715
7 718
7 723
7 725
7 726
7 731
7 732
7 742
7 771
7 774
7 775
7 779
7 782
7 783
7 787
7 805
7 820
7 839
7 851
7 854
7 855
7 862
7 864
7 868
7 869
7 870
7 906
7 930
7 960
7 962
7 970
7 991
7 1031
7 1034
7 1044
7 1052
7 1056
7 1058
7 1061
7 1110
7 1116
7 1125
7 1158
7 1163
7 1174
7 1188
7 1216
7 1220
7 1236
7 1246
7 1269
8 72
8 136
8 200
8 1264
9 73
9 133
9 137
9 197
9 201
9 261
9 329
9 393
9 453
9 517
9 581
9 628
9 649
9 713
9 777
9 837
9 901
9 965
9 1033
9 1097
9 1161
9 1221
10 74
10 138
10 202
11 7
11 13
11 14
11 19
11 20
11 21
11 22
11 28
11 32
11 38
11 71
11 75
11 76
11 78
11 79
11 134
11 135
11 139
11 141
11 146
11 147
11 148
11 149
11 150
11 156
11 158
11 164
11 166
11 167
11 196
11 198
11 199
11 203
11 205
11 211
11 212
11 213
11 214
11 222
11 230
11 231
11 259
11 262
11 263
11 267
11 269
11 275
11 277
11 278
11 286
11 293
11 294
11 295
11 323
11 324
11 327
11 340
11 341
11 342
11 347
11 348
11 351
11 354
11 356
11 357
11 366
11 369
11 372
11 388
11 391
11 394
11 395
11 404
11 406
11 408
11 411
11 415
11 418
11 420
11 421
11 433
11 435
11 438
11 449
11 451
11 452
11 458
11 459
11 462
11 468
11 470
11 476
11 478
11 484
11 494
11 497
11 500
11 502
11 516
11 518
11 531
11 532
11 533
11 534
11 540
11 541
11 542
11 548
11 549
11 561
11 564
11 579
11 583
11 594
11 595
11 596
11 597
11 598
11 604
11 606
11 608
11 610
11 613
11 614
11 625
11 640
11 646
11 647
11 651
11 657
11 660
11 661
11 662
11 668
11 674
11 676
11 677
11 678
11 689
11 691
11 692
11 710
11 711
11 715
11 718
11 723
11 725
11 726
11 731
11 732
11 742
11 743
11 771
11 774
11 775
11 779
11 781
11 782
11 783
11 787
11 805
11 807
11 820
11 839
11 843
11 846
11 851
11 853
11 854
11 855
11 862
11 864
11 868
11 869
11 870
11 906
11 916
11 960
11 961
11 990
11 991
11 1009
11 1014
11 1031
11 1034
11 1043
11 1044
11 1045
11 1052
11 1056
11 1058
11 1061
11 1062
11 1099
11 1110
11 1116
11 1125
11 1158
11 1163
11 1216
11 1220
11 1236
11 1238
11 1246
11 1252
11 1253
11 1269
12 6
12 13
12 14
12 15
12 19
12 38
12 76
12 134
12 140
12 141
12 142
12 143
12 147
12 156
12 198
12 203
12 204
12 206
12 207
12 213
12 230
12 231
12 262
12 268
12 269
12 271
12 295
12 326
12 327
12 331
12 332
12 333
12 334
12 335
12 339
12 348
12 356
12 357
12 358
12 359
12 372
12 387
12 390
12 395
12 396
12 397
12 398
12 399
12 403
12 405
12 406
12 422
12 423
12 435
12 451
12 452
12 454
12 455
12 459
12 460
12 461
12 462
12 463
12 467
12 468
12 469
12 470
12 476
12 478
12 485
12 486
12 487
12 515
12 519
12 523
12 524
12 525
12 526
12 527
12 534
12 540
12 542
12 549
12 550
12 551
12 579
12 582
12 583
12 587
12 588
12 589
12 590
12 591
12 615
12 643
12 646
12 651
12 652
12 653
12 654
12 655
12 659
12 661
12 678
12 679
12 692
12 707
12 711
12 715
12 716
12 717
12 719
12 743
12 780
12 781
12 782
12 783
12 807
12 835
12 838
12 843
12 844
12 845
12 846
12 847
12 853
12 871
12 884
12 899
12 902
12 908
12 909
12 910
12 911
12 935
12 963
12 972
12 973
12 974
12 975
12 998
12 999
12 1012
12 1027
12 1036
12 1039
12 1063
12 1100
12 1101
12 1103
12 1127
12 1164
12 1219
12 1228
12 1229
12 1231
13 6
13 11
13 12
13 14
13 15
13 19
13 21
13 22
13 28
13 38
13 71
13 76
13 77
13 78
13 79
13 134
13 135
13 139
13 140
13 141
13 142
13 143
13 147
13 156
13 167
13 198
13 199
13 203
13 204
13 205
13 206
13 207
13 211
13 213
13 214
13 222
13 230
13 231
13 262
13 263
13 267
13 268
13 269
13 271
13 275
13 286
13 294
13 295
13 323
13 324
13 326
13 327
13 331
13 332
13 333
13 334
13 335
13 339
13 340
13 341
13 342
13 347
13 348
13 354
13 356
13 357
13 358
13 359
13 372
13 387
13 390
13 391
13 395
13 396
13 397
13 398
13 399
13 403
13 404
13 405
13 406
13 415
13 418
13 421
13 422
13 423
13 433
13 435
13 451
13 452
13 454
13 455
13 459
13 461
13 462
13 463
13 467
13 468
13 469
13 470
13 476
13 478
13 484
13 485
13 486
13 487
13 494
13 497
13 500
13 502
13 515
13 516
13 518
13 519
13 523
13 524
13 525
13 526
13 527
13 531
13 533
13 534
13 540
13 542
13 548
13 549
13 550
13 551
13 561
13 564
13 579
13 582
13 583
13 587
13 588
13 589
13 590
13 591
13 595
13 597
13 598
13 604
13 606
13 613
13 614
13 615
13 625
13 643
13 646
13 647
13 651
13 652
13 653
13 654
13 655
13 659
13 660
13 661
13 662
13 668
13 674
13 676
13 677
13 678
13 679
13 692
13 707
13 710
13 711
13 715
13 716
13 717
13 718
13 719
13 723
13 725
13 731
13 743
13 771
13 774
13 775
13 779
13 780
13 781
13 782
13 783
13 787
13 805
13 807
13 835
13 838
13 839
13 843
13 845
13 846
13 847
13 851
13 853
13 854
13 862
13 868
13 869
13 870
13 871
13 884
13 907
13 915
13 918
13 924
13 926
13 933
13 934
13 948
13 966
13 967
13 971
13 978
13 979
13 980
13 981
13 982
13 997
13 1001
13 1030
13 1037
13 1038
13 1076
13 1091
13 1094
13 1095
13 1102
13 1107
13 1126
13 1140
13 1155
13 1166
13 1167
13 1171
13 1190
13 1191
13 1204
13 1222
13 1223
13 1227
13 1230
13 1235
13 1237
13 1254
13 1255
13 1268
14 6
14 11
14 12
14 13
14 15
14 19
14 21
14 22
14 28
14 38
14 71
14 76
14 78
14 79
14 134
14 135
14 139
14 140
14 141
14 142
14 143
14 147
14 156
14 167
14 198
14 199
14 203
14 204
14 205
14 206
14 207
14 211
14 213
14 214
14 222
14 230
14 231
14 262
14 263
14 267
14 268
14 269
14 271
14 275
14 277
14 286
14 294
14 295
14 323
14 324
14 326
14 327
14 331
14 332
14 333
14 334
14 335
14 339
14 340
14 341
14 342
14 347
14 348
14 351
14 354
14 356
14 357
14 358
14 359
14 372
14 387
14 390
14 391
14 394
14 395
14 396
14 397
14 398
14 399
14 403
14 404
14 405
14 406
14 415
14 418
14 421
14 422
14 423
14 433
14 435
14 449
14 451
14 452
14 454
14 455
14 459
14 461
14 462
14 463
14 467
14 468
14 469
14 470
14 476
14 478
14 484
14 485
14 486
14 487
14 494
14 497
14 500
14 502
14 515
14 516
14 518
14 519
14 523
14 524
14 525
14 526
14 527
14 531
14 532
14 533
14 534
14 540
14 542
14 548
14 549
14 550
14 551
14 561
14 564
14 579
14 582
14 583
14 587
14 588
14 589
14 590
14 591
14 595
14 597
14 598
14 604
14 606
14 613
14 614
14 615
14 625
14 643
14 646
14 647
14 651
14 652
14 653
14 654
14 655
14 659
14 660
14 661
14 662
14 668
14 674
14 676
14 677
14 678
14 679
14 692
14 707
14 710
14 711
14 715
14 716
14 717
14 718
14 719
14 723
14 725
14 731
14 743
14 771
14 774
14 775
14 779
14 780
14 781
14 782
14 783
14 787
14 805
14 807
14 835
14 838
14 839
14 843
14 845
14 846
14 847
14 851
14 853
14 854
14 862
14 868
14 869
14 870
14 871
14 884
14 907
14 915
14 918
14 924
14 926
14 933
14 934
14 948
14 967
14 978
14 980
14 981
14 982
14 997
14 1001
14 1030
14 1035
14 1037
14 1038
14 1046
14 1076
14 1094
14 1095
14 1102
14 1107
14 1126
14 1155
14 1166
14 1167
14 1171
14 1190
14 1191
14 1204
14 1223
14 1227
14 1235
14 1237
14 1254
14 1255
14 1268
15 6
15 12
15 13
15 14
15 19
15 38
15 76
15 78
15 79
15 134
15 140
15 141
15 142
15 143
15 147
15 156
15 198
15 203
15 204
15 205
15 206
15 207
15 213
15 230
15 231
15 262
15 267
15 268
15 269
15 271
15 286
15 295
15 326
15 327
15 331
15 332
15 333
15 334
15 335
15 339
15 341
15 348
15 356
15 357
15 358
15 359
15 372
15 387
15 390
15 391
15 395
15 396
15 397
15 398
15 399
15 403
15 404
15 405
15 406
15 422
15 423
15 435
15 451
15 452
15 454
15 455
15 459
15 460
15 461
15 462
15 463
15 467
15 468
15 469
15 470
15 476
15 478
15 485
15 486
15 487
15 515
15 518
15 519
15 523
15 524
15 525
15 526
15 527
15 531
15 534
15 540
15 542
15 549
15 550
15 551
15 579
15 582
15 583
15 587
15 588
15 589
15 590
15 591
15 613
15 615
15 643
15 646
15 647
15 651
15 652
15 653
15 654
15 655
15 659
15 661
15 677
15 678
15 679
15 692
15 707
15 710
15 711
15 715
15 716
15 717
15 719
15 723
15 743
15 780
15 781
15 782
15 783
15 807
15 835
15 838
15 843
15 844
15 845
15 846
15 847
15 853
15 854
15 871
15 884
15 899
15 902
15 908
15 909
15 910
15 911
15 935
15 963
15 966
15 971
15 972
15 974
15 975
15 979
15 998
15 999
15 1012
15 1027
15 1036
15 1039
15 1063
15 1091
15 1100
15 1101
15 1103
15 1127
15 1140
15 1164
15 1165
15 1219
15 1222
15 1228
15 1229
15 1230
15 1231
16 80
16 144
16 208
17 81
17 145
17 209
17 1178
18 82
18 146
18 210
18 1278
19 6
19 11
19 12
19 13
19 14
19 15
19 21
19 22
19 28
19 38
19 71
19 76
19 78
19 79
19 83
19 134
19 135
19 139
19 140
19 141
19 142
19 143
19 147
19 156
19 167
19 198
19 199
19 203
19 204
19 205
19 206
19 207
19 211
19 213
19 214
19 222
19 230
19 231
19 262
19 263
19 267
19 268
19 269
19 271
19 275
19 286
19 295
19 323
19 324
19 326
19 327
19 331
19 332
19 333
19 334
19 335
19 339
19 340
19 341
19 342
19 347
19 348
19 354
19 356
19 357
19 358
19 359
19 372
19 387
19 390
19 391
19 395
19 396
19 397
19 398
19 399
19 403
19 404
19 405
19 406
19 415
19 418
19 421
19 422
19 423
19 433
19 435
19 451
19 452
19 454
19 455
19 459
19 460
19 461
19 462
19 463
19 467
19 468
19 469
19 470
19 476
19 478
19 485
19 486
19 487
19 494
19 497
19 502
19 515
19 518
19 519
19 523
19 524
19 525
19 526
19 527
19 531
19 533
19 534
19 540
19 542
19 548
19 549
19 550
19 551
19 561
19 564
19 579
19 582
19 583
19 587
19 588
19 589
19 590
19 591
19 595
19 597
19 598
19 604
19 606
19 613
19 614
19 615
19 625
19 643
19 646
19 647
19 651
19 652
19 653
19 654
19 655
19 659
19 660
19 661
19 662
19 668
19 674
19 676
19 677
19 678
19 679
19 692
19 707
19 710
19 711
19 715
19 716
19 717
19 718
19 719
19 723
19 725
19 731
19 743
19 774
19 775
19 779
19 780
19 781
19 782
19 783
19 807
19 835
19 838
19 839
19 843
19 845
19 846
19 847
19 851
19 853
19 854
19 862
19 868
19 869
19 870
19 871
19 884
19 902
19 907
19 910
19 911
19 915
19 918
19 924
19 926
19 933
19 934
19 948
19 966
19 967
19 971
19 974
19 978
19 979
19 980
19 981
19 982
19 997
19 998
19 1001
19 1027
19 1037
19 1038
19 1039
19 1063
19 1076
19 1091
19 1094
19 1095
19 1102
19 1107
19 1126
19 1127
19 1140
19 1155
19 1165
19 1166
19 1167
19 1171
19 1190
19 1191
19 1204
19 1222
19 1223
19 1230
19 1235
19 1237
19 1254
19 1255
19 1268
20 7
20 11
20 21
20 22
20 28
20 32
20 70
20 71
20 78
20 79
20 83
20 84
20 132
20 135
20 139
20 146
20 148
20 149
20 150
20 158
20 164
20 166
20 167
20 195
20 196
20 199
20 205
20 211
20 212
20 214
20 222
20 228
20 259
20 263
20 270
20 275
20 277
20 278
20 286
20 292
20 293
20 294
20 305
20 323
20 324
20 340
20 342
20 347
20 351
20 354
20 366
20 369
20 388
20 394
20 402
20 404
20 408
20 411
20 415
20 418
20 420
20 421
20 433
20 438
20 449
20 458
20 472
20 484
20 489
20 494
20 497
20 500
20 502
20 516
20 530
20 531
20 532
20 533
20 541
20 548
20 561
20 564
20 594
20 595
20 596
20 597
20 598
20 604
20 606
20 608
20 610
20 613
20 614
20 617
20 625
20 640
20 647
20 657
20 660
20 662
20 668
20 670
20 674
20 676
20 677
20 689
20 691
20 710
20 718
20 725
20 726
20 731
20 732
20 742
20 771
20 774
20 775
20 779
20 787
20 805
20 820
20 839
20 851
20 855
20 862
20 864
20 868
20 869
20 870
20 897
20 903
20 906
20 930
20 960
20 962
20 964
20 970
20 992
20 1034
20 1056
20 1061
20 1108
20 1109
20 1110
20 1125
20 1156
20 1158
20 1163
20 1174
20 1180
20 1188
20 1216
20 1269
21 6
21 7
21 11
21 13
21 14
21 19
21 20
21 22
21 28
21 38
21 71
21 76
21 78
21 79
21 85
21 134
21 135
21 139
21 141
21 147
21 149
21 150
21 156
21 158
21 164
21 166
21 167
21 196
21 198
21 199
21 203
21 205
21 206
21 207
21 211
21 212
21 213
21 214
21 222
21 230
21 231
21 259
21 262
21 263
21 267
21 269
21 275
21 277
21 278
21 286
21 293
21 294
21 295
21 323
21 324
21 327
21 331
21 339
21 340
21 341
21 342
21 347
21 348
21 351
21 354
21 356
21 357
21 358
21 366
21 369
21 372
21 387
21 388
21 391
21 394
21 395
21 404
21 405
21 406
21 408
21 415
21 418
21 420
21 421
21 422
21 423
21 433
21 435
21 438
21 449
21 451
21 452
21 455
21 458
21 459
21 461
21 462
21 468
21 470
21 476
21 478
21 484
21 485
21 486
21 487
21 494
21 497
21 500
21 502
21 515
21 516
21 518
21 519
21 523
21 526
21 531
21 532
21 533
21 534
21 540
21 541
21 542
21 548
21 549
21 551
21 561
21 564
21 579
21 582
21 583
21 587
21 595
21 596
21 597
21 598
21 604
21 606
21 608
21 610
21 613
21 614
21 615
21 625
21 640
21 643
21 646
21 647
21 651
21 657
21 660
21 661
21 662
21 668
21 674
21 676
21 677
21 678
21 689
21 691
21 692
21 707
21 710
21 711
21 715
21 716
21 717
21 718
21 719
21 723
21 725
21 731
21 732
21 742
21 743
21 771
21 774
21 775
21 779
21 781
21 782
21 783
21 787
21 805
21 807
21 820
21 835
21 838
21 839
21 843
21 846
21 847
21 851
21 853
21 854
21 855
21 862
21 864
21 868
21 869
21 870
21 884
21 916
21 917
21 918
21 926
21 961
21 990
21 991
21 1009
21 1014
21 1030
21 1031
21 1035
21 1038
21 1043
21 1044
21 1045
21 1046
21 1058
21 1062
21 1095
21 1099
21 1116
21 1166
21 1220
21 1227
21 1236
21 1238
21 1246
21 1252
21 1253
22 6
22 7
22 11
22 13
22 14
22 19
22 20
22 21
22 28
22 38
22 71
22 76
22 78
22 79
22 86
22 134
22 135
22 139
22 141
22 147
22 150
22 156
22 158
22 164
22 166
22 167
22 196
22 198
22 199
22 203
22 205
22 206
22 207
22 211
22 212
22 213
22 214
22 222
22 230
22 231
22 259
22 262
22 263
22 267
22 269
22 275
22 277
22 278
22 286
22 293
22 294
22 295
22 323
22 324
22 326
22 327
22 331
22 339
22 340
22 341
22 342
22 347
22 348
22 351
22 354
22 356
22 357
22 358
22 359
22 366
22 369
22 372
22 387
22 388
22 391
22 394
22 395
22 397
22 403
22 404
22 405
22 406
22 408
22 415
22 418
22 420
22 421
22 422
22 423
22 433
22 435
22 438
22 449
22 451
22 452
22 455
22 458
22 459
22 461
22 462
22 468
22 470
22 476
22 478
22 484
22 485
22 486
22 487
22 494
22 497
22 500
22 502
22 515
22 516
22 518
22 519
22 523
22 526
22 531
22 532
22 533
22 534
22 540
22 541
22 542
22 548
22 549
22 551
22 561
22 564
22 579
22 582
22 583
22 587
22 595
22 596
22 597
22 598
22 604
22 606
22 608
22 610
22 613
22 614
22 615
22 625
22 640
22 643
22 646
22 647
22 651
22 657
22 660
22 661
22 662
22 668
22 674
22 676
22 677
22 678
22 679
22 689
22 691
22 692
22 707
22 710
22 711
22 715
22 716
22 717
22 718
22 719
22 723
22 725
22 731
22 732
22 742
22 743
22 771
22 774
22 775
22 779
22 781
22 782
22 783
22 787
22 805
22 807
22 820
22 835
22 838
22 839
22 843
22 846
22 847
22 851
22 853
22 854
22 855
22 862
22 864
22 868
22 869
22 870
22 871
22 884
22 916
22 917
22 918
22 926
22 961
22 990
22 991
22 1009
22 1014
22 1030
22 1031
22 1035
22 1038
22 1043
22 1044
22 1045
22 1046
22 1058
22 1062
22 1095
22 1099
22 1166
22 1171
22 1190
22 1220
22 1227
22 1236
22 1237
22 1238
22 1246
22 1252
22 1253
23 87
23 151
23 215
24 88
24 152
24 216
24 465
25 89
25 153
25 217
26 90
26 154
26 218
26 848
27 91
27 155
27 219
28 7
28 11
28 13
28 14
28 19
28 20
28 21
28 22
28 32
28 38
28 71
28 76
28 78
28 79
28 92
28 134
28 135
28 139
28 141
28 146
28 147
28 148
28 150
28 156
28 158
28 164
28 166
28 167
28 196
28 198
28 199
28 203
28 205
28 211
28 212
28 213
28 214
28 220
28 222
28 230
28 231
28 259
28 262
28 263
28 267
28 269
28 275
28 277
28 278
28 286
28 293
28 294
28 295
28 323
28 324
28 327
28 331
28 339
28 340
28 341
28 342
28 347
28 348
28 351
28 354
28 356
28 357
28 358
28 366
28 369
28 372
28 387
28 388
28 391
28 394
28 395
28 404
28 406
28 408
28 411
28 415
28 418
28 420
28 421
28 422
28 433
28 435
28 438
28 449
28 451
28 452
28 458
28 459
28 462
28 468
28 470
28 476
28 478
28 484
28 494
28 497
28 500
28 502
28 516
28 518
28 531
28 532
28 533
28 534
28 540
28 541
28 542
28 548
28 549
28 561
28 564
28 579
28 583
28 587
28 594
28 595
28 596
28 597
28 598
28 604
28 606
28 608
28 610
28 613
28 614
28 625
28 640
28 646
28 647
28 651
28 657
28 660
28 661
28 662
28 668
28 674
28 676
28 677
28 678
28 689
28 691
28 692
28 707
28 710
28 711
28 715
28 718
28 723
28 725
28 726
28 731
28 732
28 742
28 743
28 771
28 774
28 775
28 779
28 781
28 782
28 783
28 787
28 805
28 807
28 820
28 839
28 843
28 846
28 851
28 853
28 854
28 855
28 862
28 864
28 868
28 869
28 870
28 884
28 906
28 916
28 917
28 960
28 961
28 990
28 991
28 1009
28 1014
28 1031
28 1043
28 1044
28 1045
28 1052
28 1056
28 1058
28 1062
28 1099
28 1110
28 1116
28 1125
28 1158
28 1216
28 1220
28 1236
28 1238
28 1246
28 1252
28 1253
28 1269
29 93
29 157
29 161
29 221
29 773
30 94
30 158
30 201
30 222
31 95
31 159
31 223
31 1057
32 7
32 11
32 20
32 28
32 37
32 70
32 71
32 75
32 83
32 96
32 132
32 146
32 148
32 149
32 150
32 158
32 160
32 164
32 166
32 167
32 195
32 196
32 212
32 214
32 220
32 222
32 224
32 228
32 259
32 270
32 275
32 277
32 278
32 292
32 293
32 294
32 305
32 351
32 354
32 366
32 369
32 388
32 394
32 402
32 408
32 411
32 415
32 420
32 438
32 449
32 458
32 472
32 477
32 484
32 489
32 494
32 497
32 500
32 514
32 516
32 530
32 532
32 533
32 541
32 561
32 594
32 596
32 604
32 606
32 608
32 610
32 614
32 617
32 625
32 640
32 657
32 670
32 676
32 681
32 689
32 691
32 724
32 726
32 731
32 732
32 742
32 771
32 787
32 805
32 820
32 855
32 862
32 863
32 864
32 868
32 869
32 870
32 897
32 903
32 962
32 964
32 970
32 984
32 988
32 992
32 996
32 1011
32 1060
32 1092
32 1108
32 1109
32 1118
32 1139
32 1156
32 1180
32 1188
33 97
33 161
33 225
33 281
33 1197
34 98
34 162
34 226
34 521
34 741
35 99
35 163
35 184
35 227
36 100
36 164
36 228
36 697
37 32
37 70
37 75
37 83
37 101
37 131
37 132
37 146
37 148
37 149
37 165
37 195
37 220
37 228
37 229
37 270
37 273
37 279
37 288
37 292
37 305
37 308
37 402
37 411
37 472
37 477
37 489
37 514
37 530
37 594
37 612
37 617
37 644
37 658
37 670
37 681
37 724
37 726
37 728
37 836
37 863
37 864
37 913
37 932
37 941
37 983
37 994
37 1115
37 1159
37 1226
37 1234
37 1239
37 1250
38 6
38 11
38 12
38 13
38 14
38 15
38 19
38 21
38 22
38 28
38 71
38 76
38 78
38 79
38 102
38 134
38 135
38 139
38 140
38 141
38 142
38 143
38 147
38 156
38 166
38 167
38 198
38 199
38 203
38 204
38 205
38 206
38 207
38 211
38 213
38 214
38 222
38 230
38 231
38 262
38 263
38 267
38 268
38 269
38 271
38 275
38 277
38 286
38 294
38 295
38 323
38 324
38 326
38 327
38 331
38 332
38 333
38 334
38 335
38 339
38 340
38 341
38 342
38 347
38 348
38 351
38 354
38 356
38 357
38 358
38 359
38 372
38 387
38 390
38 391
38 394
38 395
38 396
38 397
38 398
38 399
38 403
38 404
38 405
38 406
38 415
38 418
38 421
38 422
38 423
38 433
38 435
38 449
38 451
38 452
38 454
38 455
38 459
38 461
38 462
38 463
38 467
38 468
38 469
38 470
38 476
38 478
38 484
38 485
38 486
38 487
38 494
38 497
38 500
38 502
38 515
38 516
38 518
38 519
38 523
38 524
38 525
38 526
38 527
38 531
38 533
38 534
38 540
38 542
38 548
38 549
38 550
38 551
38 561
38 564
38 579
38 582
38 583
38 587
38 588
38 589
38 590
38 591
38 595
38 597
38 598
38 604
38 606
38 613
38 614
38 615
38 625
38 643
38 646
38 647
38 651
38 652
38 653
38 654
38 655
38 659
38 660
38 661
38 662
38 668
38 674
38 676
38 677
38 678
38 679
38 692
38 707
38 710
38 711
38 715
38 716
38 717
38 718
38 719
38 723
38 725
38 731
38 743
38 771
38 774
38 775
38 779
38 780
38 781
38 782
38 783
38 787
38 805
38 807
38 835
38 838
38 839
38 843
38 845
38 846
38 847
38 851
38 853
38 854
38 862
38 868
38 869
38 870
38 871
38 884
38 907
38 915
38 918
38 924
38 926
38 933
38 934
38 948
38 967
38 978
38 979
38 980
38 981
38 982
38 997
38 1001
38 1030
38 1035
38 1037
38 1038
38 1046
38 1076
38 1091
38 1094
38 1095
38 1102
38 1107
38 1126
38 1140
38 1155
38 1166
38 1167
38 1171
38 1190
38 1191
38 1204
38 1223
38 1227
38 1235
38 1237
38 1254
38 1255
38 1268
39 103
39 167
39 231
39 672
40 104
40 168
40 232
40 923
41 105
41 169
41 233
41 430
41 1157
42 106
42 170
42 234
43 107
43 171
43 235
43 529
43 635
44 108
44 172
44 236
45 109
45 173
45 237
45 995
45 1066
46 110
46 174
46 238
46 656
46 753
47 111
47 175
47 239
47 752
47 875
48 112
48 176
48 178
48 240
48 792
49 113
49 177
49 241
50 114
50 178
50 242
50 694
51 115
51 179
51 243
52 116
52 180
52 244
52 684
52 1113
52 1274
53 64
53 117
53 181
53 245
53 1079
53 1149
54 118
54 182
54 246
54 1249
55 119
55 183
55 193
55 247
55 858
56 120
56 184
56 248
56 1245
57 121
57 185
57 249
57 382
58 122
58 186
58 250
59 123
59 187
59 251
60 124
60 188
60 252
61 80
61 104
61 125
61 189
61 253
62 126
62 155
62 190
62 254
62 510
63 127
63 191
63 255
63 556
64 0
64 53
64 128
64 192
64 256
64 1079
64 1149
65 1
65 129
65 193
65 257
65 317
66 2
66 130
66 194
66 258
66 1096
67 3
67 131
67 195
67 259
68 4
68 132
68 196
68 260
68 493
68 1010
69 5
69 133
69 197
69 261
70 6
70 7
70 20
70 32
70 37
70 75
70 83
70 132
70 134
70 146
70 148
70 149
70 150
70 158
70 164
70 166
70 195
70 196
70 198
70 212
70 220
70 228
70 259
70 262
70 270
70 277
70 278
70 288
70 292
70 293
70 305
70 351
70 366
70 369
70 388
70 394
70 402
70 408
70 411
70 420
70 438
70 449
70 458
70 472
70 477
70 489
70 514
70 530
70 532
70 541
70 594
70 596
70 608
70 610
70 612
70 617
70 640
70 644
70 657
70 658
70 670
70 681
70 689
70 691
70 724
70 726
70 732
70 742
70 787
70 805
70 820
70 855
70 863
70 864
70 897
70 903
70 906
70 913
70 930
70 932
70 941
70 984
70 988
70 992
70 994
70 996
70 1011
70 1060
70 1092
70 1118
70 1139
70 1180
70 1226
70 1234
70 1239
70 1250
71 7
71 11
71 13
71 14
71 19
71 20
71 21
71 22
71 28
71 32
71 38
71 76
71 78
71 79
71 134
71 135
71 139
71 141
71 146
71 147
71 148
71 149
71 150
71 156
71 158
71 164
71 166
71 167
71 196
71 198
71 199
71 203
71 205
71 211
71 212
71 213
71 214
71 222
71 230
71 231
71 259
71 262
71 263
71 267
71 269
71 275
71 277
71 278
71 286
71 293
71 294
71 295
71 323
71 324
71 327
71 340
71 341
71 342
71 347
71 348
71 351
71 354
71 356
71 357
71 366
71 369
71 372
71 388
71 391
71 394
71 395
71 404
71 406
71 408
71 411
71 415
71 418
71 420
71 421
71 433
71 435
71 438
71 449
71 451
71 452
71 458
71 459
71 462
71 468
71 470
71 476
71 478
71 484
71 494
71 497
71 500
71 502
71 516
71 518
71 531
71 532
71 533
71 534
71 540
71 541
71 542
71 548
71 549
71 561
71 564
71 579
71 583
71 594
71 595
71 596
71 597
71 598
71 604
71 606
71 608
71 610
71 613
71 614
71 625
71 640
71 646
71 647
71 651
71 657
71 660
71 661
71 662
71 668
71 674
71 676
71 677
71 678
71 689
71 691
71 692
71 707
71 710
71 711
71 715
71 718
71 723
71 725
71 726
71 731
71 732
71 742
71 743
71 771
71 774
71 775
71 779
71 781
71 782
71 783
71 787
71 805
71 807
71 820
71 839
71 843
71 846
71 851
71 853
71 854
71 855
71 862
71 864
71 868
71 869
71 870
71 897
71 903
71 906
71 907
71 915
71 916
71 917
71 918
71 924
71 926
71 930
71 934
71 960
71 961
71 990
71 991
71 1009
71 1014
71 1031
71 1034
71 1043
71 1044
71 1045
71 1052
71 1056
71 1058
71 1062
71 1099
71 1110
71 1116
71 1125
71 1158
71 1216
71 1220
71 1236
71 1238
71 1246
71 1252
71 1253
71 1269
72 8
72 136
72 200
72 264
73 9
73 133
73 137
73 197
73 201
73 261
73 265
73 329
73 393
73 453
73 517
73 581
73 628
73 649
73 713
73 777
73 837
73 901
73 965
73 1033
73 1097
73 1161
73 1221
74 10
74 138
74 202
74 266
75 11
75 32
75 37
75 70
75 83
75 131
75 132
75 139
75 146
75 148
75 149
75 195
75 203
75 220
75 228
75 267
75 270
75 273
75 279
75 288
75 292
75 305
75 308
75 402
75 411
75 472
75 477
75 489
75 514
75 530
75 594
75 612
75 617
75 644
75 658
75 670
75 681
75 724
75 726
75 728
75 836
75 863
75 897
75 913
75 932
75 941
75 983
75 994
75 1115
75 1159
75 1217
75 1239
75 1250
76 6
76 11
76 12
76 13
76 14
76 15
76 19
76 21
76 22
76 28
76 38
76 71
76 78
76 79
76 134
76 135
76 139
76 140
76 141
76 142
76 143
76 147
76 156
76 167
76 198
76 199
76 203
76 204
76 205
76 206
76 207
76 211
76 213
76 214
76 222
76 230
76 231
76 262
76 263
76 267
76 268
76 269
76 271
76 275
76 277
76 286
76 294
76 295
76 323
76 324
76 326
76 327
76 331
76 332
76 333
76 334
76 335
76 339
76 340
76 341
76 342
76 347
76 348
76 351
76 354
76 356
76 357
76 358
76 359
76 372
76 387
76 390
76 391
76 394
76 395
76 396
76 397
76 398
76 399
76 403
76 404
76 405
76 406
76 415
76 418
76 421
76 422
76 423
76 433
76 435
76 449
76 451
76 452
76 454
76 455
76 459
76 461
76 462
76 463
76 467
76 468
76 469
76 470
76 476
76 478
76 484
76 485
76 486
76 487
76 494
76 497
76 500
76 502
76 515
76 516
76 518
76 519
76 523
76 524
76 525
76 526
76 527
76 531
76 533
76 534
76 540
76 542
76 548
76 549
76 550
76 551
76 561
76 564
76 579
76 582
76 583
76 587
76 588
76 589
76 590
76 591
76 595
76 597
76 598
76 604
76 606
76 613
76 614
76 615
76 625
76 643
76 646
76 647
76 651
76 652
76 653
76 654
76 655
76 659
76 660
76 661
76 662
76 668
76 674
76 676
76 677
76 678
76 679
76 692
76 707
76 710
76 711
76 715
76 716
76 717
76 718
76 719
76 723
76 725
76 731
76 743
76 771
76 774
76 775
76 779
76 780
76 781
76 782
76 783
76 787
76 805
76 807
76 835
76 838
76 839
76 843
76 845
76 846
76 847
76 851
76 853
76 854
76 862
76 868
76 869
76 870
76 871
76 884
76 899
76 902
76 906
76 907
76 908
76 909
76 910
76 911
76 915
76 916
76 917
76 918
76 924
76 926
76 933
76 934
76 935
76 948
76 967
76 978
76 979
76 980
76 981
76 982
76 997
76 1001
76 1030
76 1035
76 1037
76 1038
76 1046
76 1076
76 1091
76 1094
76 1095
76 1102
76 1107
76 1126
76 1140
76 1155
76 1166
76 1167
76 1171
76 1190
76 1191
76 1204
76 1223
76 1227
76 1235
76 1237
76 1254
76 1255
76 1268
77 13
77 141
77 205
77 269
77 690
78 6
78 7
78 11
78 13
78 14
78 15
78 19
78 20
78 21
78 22
78 28
78 38
78 71
78 76
78 79
78 134
78 135
78 139
78 140
78 141
78 142
78 143
78 147
78 156
78 158
78 164
78 166
78 167
78 196
78 198
78 199
78 203
78 204
78 205
78 206
78 207
78 211
78 212
78 213
78 214
78 222
78 230
78 231
78 262
78 263
78 267
78 269
78 270
78 275
78 277
78 286
78 293
78 294
78 295
78 323
78 324
78 326
78 327
78 331
78 333
78 334
78 335
78 339
78 340
78 341
78 342
78 347
78 348
78 351
78 354
78 356
78 357
78 358
78 359
78 366
78 369
78 372
78 387
78 388
78 390
78 391
78 394
78 395
78 397
78 403
78 404
78 405
78 406
78 408
78 415
78 418
78 420
78 421
78 422
78 423
78 433
78 435
78 438
78 449
78 451
78 452
78 454
78 455
78 458
78 459
78 461
78 462
78 463
78 467
78 468
78 469
78 470
78 476
78 478
78 484
78 485
78 486
78 487
78 494
78 497
78 500
78 502
78 515
78 516
78 518
78 519
78 523
78 525
78 526
78 531
78 532
78 533
78 534
78 540
78 542
78 548
78 549
78 550
78 551
78 561
78 564
78 579
78 582
78 583
78 587
78 588
78 589
78 590
78 595
78 596
78 597
78 598
78 604
78 606
78 608
78 610
78 613
78 614
78 615
78 625
78 643
78 646
78 647
78 651
78 653
78 659
78 660
78 661
78 662
78 668
78 674
78 676
78 677
78 678
78 679
78 691
78 692
78 707
78 710
78 711
78 715
78 716
78 717
78 718
78 719
78 723
78 725
78 731
78 732
78 742
78 743
78 771
78 774
78 775
78 779
78 780
78 781
78 782
78 783
78 787
78 805
78 807
78 820
78 835
78 838
78 839
78 843
78 846
78 847
78 851
78 853
78 854
78 862
78 868
78 869
78 870
78 871
78 884
78 902
78 906
78 907
78 910
78 911
78 915
78 916
78 917
78 918
78 924
78 926
78 930
78 933
78 934
78 935
78 948
78 961
78 967
78 978
78 980
78 990
78 997
78 1001
78 1009
78 1014
78 1030
78 1035
78 1038
78 1045
78 1046
78 1062
78 1094
78 1095
78 1099
78 1102
78 1107
78 1126
78 1166
78 1167
78 1171
78 1190
78 1191
78 1227
78 1237
78 1253
79 6
79 7
79 11
79 13
79 14
79 15
79 19
79 20
79 21
79 22
79 28
79 38
79 71
79 76
79 78
79 134
79 135
79 139
79 141
79 142
79 143
79 147
79 156
79 158
79 164
79 166
79 167
79 196
79 198
79 199
79 203
79 204
79 205
79 206
79 207
79 211
79 212
79 213
79 214
79 222
79 230
79 231
79 262
79 263
79 267
79 269
79 271
79 275
79 277
79 278
79 286
79 293
79 294
79 295
79 323
79 324
79 326
79 327
79 331
79 333
79 334
79 339
79 340
79 341
79 342
79 347
79 348
79 351
79 354
79 356
79 357
79 358
79 359
79 366
79 369
79 372
79 387
79 388
79 391
79 394
79 395
79 397
79 403
79 404
79 405
79 406
79 408
79 415
79 418
79 420
79 421
79 422
79 423
79 433
79 435
79 438
79 449
79 451
79 452
79 454
79 455
79 458
79 459
79 461
79 462
79 463
79 467
79 468
79 469
79 470
79 476
79 478
79 484
79 485
79 486
79 487
79 494
79 497
79 500
79 502
79 515
79 516
79 518
79 519
79 523
79 525
79 526
79 531
79 532
79 533
79 534
79 540
79 541
79 542
79 548
79 549
79 551
79 561
79 564
79 579
79 582
79 583
79 587
79 588
79 589
79 590
79 595
79 596
79 597
79 598
79 604
79 606
79 608
79 610
79 613
79 614
79 615
79 625
79 640
79 643
79 646
79 647
79 651
79 653
79 657
79 659
79 660
79 661
79 662
79 668
79 674
79 676
79 677
79 678
79 679
79 691
79 692
79 707
79 710
79 711
79 715
79 716
79 717
79 718
79 719
79 723
79 725
79 731
79 732
79 742
79 743
79 771
79 774
79 775
79 779
79 780
79 781
79 782
79 783
79 787
79 805
79 807
79 820
79 835
79 838
79 839
79 843
79 846
79 847
79 851
79 853
79 854
79 862
79 868
79 869
79 870
79 871
79 884
79 902
79 906
79 907
79 910
79 911
79 915
79 916
79 917
79 918
79 924
79 926
79 930
79 933
79 934
79 935
79 948
79 961
79 967
79 980
79 990
79 997
79 1001
79 1009
79 1014
79 1030
79 1035
79 1038
79 1043
79 1045
79 1046
79 1062
79 1094
79 1095
79 1099
79 1102
79 1107
79 1166
79 1167
79 1171
79 1190
79 1191
79 1220
79 1227
79 1237
79 1238
79 1252
79 1253
80 16
80 61
80 104
80 144
80 208
80 272
81 17
81 145
81 209
81 273
81 1146
82 18
82 146
82 210
82 274
83 19
83 20
83 32
83 37
83 70
83 75
83 131
83 132
83 146
83 147
83 148
83 149
83 150
83 164
83 195
83 211
83 220
83 228
83 259
83 270
83 273
83 275
83 278
83 279
83 288
83 292
83 293
83 305
83 366
83 402
83 408
83 411
83 472
83 477
83 489
83 514
83 530
83 541
83 594
83 596
83 612
83 617
83 640
83 644
83 657
83 658
83 670
83 681
83 689
83 691
83 724
83 726
83 728
83 820
83 855
83 863
83 864
83 897
83 903
83 913
83 930
83 932
83 941
83 983
83 994
83 1092
83 1115
83 1118
83 1139
83 1159
83 1226
83 1234
83 1239
83 1250
84 20
84 148
84 212
84 276
84 1179
85 21
85 149
85 213
85 277
86 22
86 150
86 214
86 278
87 23
87 151
87 215
87 279
88 24
88 152
88 216
88 280
89 25
89 153
89 175
89 217
89 281
89 688
90 26
90 154
90 218
90 282
91 27
91 155
91 219
91 283
91 1214
92 28
92 131
92 156
92 220
92 273
92 279
92 284
92 288
92 308
92 361
92 501
92 544
92 728
92 836
92 1051
92 1172
92 1184
93 29
93 157
93 221
93 285
93 712
93 881
93 1121
93 1150
94 30
94 158
94 222
94 286
94 920
95 31
95 159
95 223
95 287
95 823
95 1047
96 1
96 32
96 160
96 224
96 288
97 33
97 161
97 191
97 225
97 289
97 744
98 34
98 162
98 226
98 290
98 813
99 35
99 163
99 227
99 291
99 861
100 36
100 164
100 228
100 292
101 37
101 165
101 229
101 293
101 842
102 38
102 166
102 230
102 294
103 39
103 167
103 231
103 295
103 645
103 841
103 866
104 40
104 61
104 80
104 168
104 232
104 296
105 41
105 169
105 233
105 297
105 506
105 1145
106 42
106 170
106 190
106 234
106 298
107 43
107 171
107 235
107 299
108 44
108 172
108 236
108 300
109 45
109 173
109 237
109 301
109 795
109 877
109 954
109 1148
110 46
110 174
110 238
110 302
111 47
111 175
111 239
111 303
112 48
112 176
112 240
112 304
113 49
113 177
113 241
113 305
113 825
113 1185
114 50
114 178
114 242
114 306
114 315
115 51
115 179
115 243
115 307
115 1266
116 52
116 180
116 244
116 308
116 552
116 1141
117 53
117 181
117 245
117 309
117 442
117 491
117 778
117 803
118 54
118 182
118 246
118 310
118 879
118 1209
119 55
119 183
119 247
119 311
119 495
119 1194
120 56
120 184
120 248
120 312
121 57
121 185
121 249
121 313
122 58
122 186
122 250
122 314
123 59
123 187
123 251
123 315
124 60
124 188
124 252
124 316
125 61
125 189
125 253
125 317
126 62
126 190
126 254
126 318
127 63
127 191
127 255
127 319
128 0
128 64
128 192
128 256
128 320
129 1
129 65
129 193
129 257
129 282
129 321
130 2
130 66
130 194
130 258
130 322
130 349
131 3
131 37
131 67
131 75
131 83
131 92
131 195
131 220
131 259
131 273
131 279
131 288
131 308
131 323
131 361
131 477
131 501
131 514
131 544
131 612
131 644
131 658
131 681
131 724
131 728
131 836
131 863
131 932
131 941
131 983
131 1051
131 1217
132 4
132 20
132 32
132 37
132 68
132 70
132 75
132 83
132 146
132 148
132 149
132 150
132 164
132 195
132 196
132 212
132 220
132 228
132 259
132 260
132 270
132 273
132 278
132 279
132 288
132 292
132 293
132 305
132 324
132 366
132 402
132 408
132 411
132 472
132 477
132 489
132 514
132 530
132 541
132 594
132 596
132 612
132 617
132 640
132 644
132 657
132 658
132 670
132 681
132 689
132 691
132 724
132 726
132 728
132 742
132 820
132 855
132 863
132 864
132 897
132 903
132 913
132 930
132 932
132 941
132 962
132 964
132 970
132 983
132 984
132 988
132 992
132 994
132 996
132 1011
132 1060
132 1092
132 1115
132 1118
132 1139
132 1159
132 1226
132 1234
132 1239
132 1250
133 5
133 9
133 69
133 73
133 197
133 261
133 325
133 329
133 393
133 453
133 517
133 581
133 628
133 649
133 713
133 777
133 837
133 901
133 965
133 1033
133 1097
133 1161
133 1221
134 6
134 7
134 11
134 12
134 13
134 14
134 15
134 19
134 21
134 22
134 28
134 38
134 70
134 71
134 76
134 78
134 79
134 135
134 139
134 140
134 141
134 142
134 143
134 147
134 156
134 166
134 167
134 196
134 198
134 199
134 203
134 204
134 205
134 206
134 207
134 211
134 213
134 214
134 222
134 230
134 231
134 262
134 263
134 267
134 268
134 269
134 271
134 275
134 277
134 286
134 294
134 295
134 323
134 324
134 326
134 327
134 331
134 332
134 333
134 334
134 335
134 339
134 340
134 341
134 342
134 347
134 348
134 351
134 354
134 356
134 357
134 358
134 359
134 372
134 387
134 390
134 391
134 394
134 395
134 396
134 397
134 398
134 399
134 403
134 404
134 405
134 406
134 415
134 418
134 420
134 421
134 422
134 423
134 433
134 435
134 438
134 449
134 451
134 452
134 454
134 455
134 458
134 459
134 461
134 462
134 463
134 467
134 468
134 469
134 470
134 476
134 478
134 484
134 485
134 486
134 487
134 494
134 497
134 500
134 502
134 515
134 516
134 518
134 519
134 523
134 525
134 526
134 527
134 531
134 532
134 533
134 534
134 540
134 542
134 548
134 549
134 550
134 551
134 561
134 564
134 579
134 582
134 583
134 587
134 588
134 589
134 590
134 595
134 597
134 598
134 604
134 606
134 610
134 613
134 614
134 615
134 625
134 643
134 646
134 647
134 651
134 653
134 654
134 655
134 659
134 660
134 661
134 662
134 668
134 674
134 676
134 677
134 678
134 679
134 692
134 707
134 710
134 711
134 715
134 716
134 717
134 718
134 719
134 723
134 725
134 731
134 743
134 771
134 774
134 775
134 779
134 780
134 781
134 782
134 783
134 787
134 805
134 807
134 835
134 838
134 839
134 843
134 846
134 847
134 851
134 853
134 854
134 862
134 868
134 869
134 870
134 871
134 884
134 899
134 902
134 906
134 907
134 909
134 910
134 911
134 915
134 916
134 917
134 918
134 924
134 926
134 933
134 934
134 935
134 948
134 960
134 961
134 966
134 967
134 971
134 974
134 978
134 979
134 980
134 981
134 982
134 990
134 991
134 997
134 998
134 1001
134 1009
134 1012
134 1014
134 1030
134 1035
134 1037
134 1038
134 1046
134 1076
134 1094
134 1095
134 1102
134 1107
134 1126
134 1166
134 1167
134 1171
134 1190
134 1191
134 1204
134 1223
134 1227
134 1235
134 1237
134 1253
135 6
135 7
135 11
135 13
135 14
135 19
135 20
135 21
135 22
135 28
135 38
135 71
135 76
135 78
135 79
135 134
135 139
135 141
135 142
135 147
135 150
135 156
135 158
135 164
135 166
135 167
135 196
135 198
135 199
135 203
135 205
135 206
135 207
135 211
135 212
135 213
135 214
135 222
135 230
135 231
135 259
135 262
135 263
135 267
135 269
135 275
135 277
135 278
135 286
135 293
135 294
135 295
135 323
135 324
135 326
135 327
135 331
135 333
135 334
135 339
135 340
135 341
135 342
135 347
135 348
135 351
135 354
135 356
135 357
135 358
135 359
135 366
135 369
135 372
135 387
135 388
135 391
135 394
135 395
135 397
135 403
135 404
135 405
135 406
135 408
135 415
135 418
135 420
135 421
135 422
135 423
135 433
135 435
135 438
135 449
135 451
135 452
135 455
135 458
135 459
135 461
135 462
135 463
135 468
135 469
135 470
135 476
135 478
135 484
135 485
135 486
135 487
135 494
135 497
135 500
135 502
135 515
135 516
135 518
135 519
135 523
135 526
135 531
135 532
135 533
135 534
135 540
135 541
135 542
135 548
135 549
135 551
135 561
135 564
135 579
135 582
135 583
135 587
135 595
135 596
135 597
135 598
135 604
135 606
135 608
135 610
135 613
135 614
135 615
135 625
135 640
135 643
135 646
135 647
135 651
135 657
135 660
135 661
135 662
135 668
135 674
135 676
135 677
135 678
135 679
135 689
135 691
135 692
135 707
135 710
135 711
135 715
135 716
135 717
135 718
135 719
135 723
135 725
135 731
135 732
135 742
135 743
135 771
135 774
135 775
135 779
135 781
135 782
135 783
135 787
135 805
135 807
135 820
135 835
135 838
135 839
135 843
135 846
135 847
135 851
135 853
135 854
135 855
135 862
135 868
135 869
135 870
135 871
135 884
135 902
135 906
135 907
135 910
135 911
135 915
135 916
135 917
135 918
135 924
135 926
135 930
135 933
135 934
135 935
135 948
135 960
135 961
135 962
135 966
135 967
135 970
135 971
135 974
135 978
135 979
135 980
135 981
135 982
135 990
135 991
135 997
135 998
135 1001
135 1009
135 1012
135 1014
135 1030
135 1035
135 1038
135 1043
135 1044
135 1045
135 1046
135 1058
135 1062
135 1094
135 1095
135 1099
135 1166
135 1171
135 1190
135 1220
135 1227
135 1236
135 1237
135 1238
135 1246
135 1252
135 1253
136 8
136 72
136 200
136 264
136 328
136 683
137 9
137 73
137 201
137 265
137 329
137 949
138 10
138 74
138 202
138 266
138 330
138 337
138 605
139 6
139 7
139 11
139 13
139 14
139 19
139 20
139 21
139 22
139 28
139 38
139 71
139 75
139 76
139 78
139 79
139 134
139 135
139 141
139 147
139 150
139 156
139 158
139 164
139 166
139 167
139 196
139 198
139 199
139 203
139 205
139 206
139 207
139 211
139 212
139 213
139 214
139 222
139 230
139 231
139 259
139 262
139 263
139 267
139 269
139 275
139 277
139 278
139 286
139 293
139 294
139 295
139 323
139 324
139 327
139 331
139 339
139 340
139 341
139 342
139 347
139 348
139 351
139 354
139 356
139 357
139 358
139 366
139 369
139 372
139 387
139 388
139 391
139 394
139 395
139 404
139 405
139 406
139 408
139 415
139 418
139 420
139 421
139 422
139 433
139 435
139 438
139 449
139 451
139 452
139 455
139 458
139 459
139 461
139 462
139 468
139 470
139 476
139 478
139 484
139 485
139 486
139 487
139 494
139 497
139 500
139 502
139 515
139 516
139 518
139 519
139 523
139 526
139 531
139 532
139 533
139 534
139 540
139 541
139 542
139 548
139 549
139 551
139 561
139 564
139 579
139 582
139 583
139 587
139 595
139 596
139 597
139 598
139 604
139 606
139 608
139 610
139 613
139 614
139 615
139 625
139 640
139 643
139 646
139 647
139 651
139 657
139 660
139 661
139 662
139 668
139 674
139 676
139 677
139 678
139 689
139 691
139 692
139 707
139 710
139 711
139 715
139 716
139 717
139 718
139 719
139 723
139 725
139 731
139 732
139 742
139 743
139 771
139 774
139 775
139 779
139 781
139 782
139 783
139 787
139 805
139 807
139 820
139 835
139 838
139 839
139 843
139 846
139 847
139 851
139 853
139 854
139 855
139 862
139 864
139 868
139 869
139 870
139 884
139 902
139 906
139 907
139 911
139 915
139 916
139 917
139 918
139 924
139 926
139 930
139 933
139 934
139 948
139 960
139 961
139 962
139 966
139 967
139 970
139 971
139 974
139 978
139 979
139 980
139 981
139 982
139 990
139 991
139 997
139 998
139 1001
139 1009
139 1014
139 1030
139 1031
139 1035
139 1038
139 1043
139 1044
139 1045
139 1046
139 1052
139 1058
139 1062
139 1095
139 1099
139 1116
139 1220
139 1227
139 1236
139 1238
139 1246
139 1252
139 1253
140 6
140 12
140 13
140 14
140 15
140 19
140 38
140 76
140 78
140 134
140 141
140 142
140 143
140 147
140 156
140 198
140 203
140 204
140 205
140 206
140 207
140 213
140 230
140 231
140 262
140 267
140 268
140 269
140 271
140 286
140 295
140 323
140 326
140 327
140 331
140 332
140 333
140 334
140 335
140 339
140 341
140 348
140 356
140 357
140 358
140 359
140 372
140 387
140 390
140 391
140 395
140 396
140 397
140 398
140 399
140 403
140 404
140 405
140 406
140 421
140 422
140 423
140 435
140 451
140 452
140 454
140 455
140 459
140 460
140 461
140 462
140 463
140 467
140 468
140 469
140 470
140 476
140 478
140 485
140 486
140 487
140 515
140 518
140 519
140 523
140 524
140 525
140 526
140 527
140 531
140 534
140 540
140 542
140 549
140 550
140 551
140 579
140 582
140 583
140 587
140 588
140 589
140 590
140 591
140 597
140 613
140 615
140 643
140 646
140 647
140 651
140 652
140 653
140 654
140 655
140 659
140 660
140 661
140 677
140 678
140 679
140 692
140 707
140 710
140 711
140 715
140 716
140 717
140 719
140 723
140 743
140 780
140 781
140 782
140 783
140 807
140 835
140 838
140 843
140 844
140 845
140 846
140 847
140 853
140 854
140 871
140 884
140 899
140 902
140 907
140 908
140 909
140 910
140 911
140 915
140 918
140 924
140 926
140 933
140 934
140 935
140 948
140 963
140 966
140 967
140 971
140 972
140 973
140 974
140 975
140 978
140 979
140 980
140 981
140 982
140 997
140 998
140 999
140 1001
140 1012
140 1027
140 1036
140 1039
140 1063
140 1091
140 1100
140 1101
140 1103
140 1127
140 1140
140 1164
140 1165
140 1219
140 1222
140 1228
140 1229
140 1230
140 1231
140 1254
140 1268
141 6
141 11
141 12
141 13
141 14
141 15
141 19
141 21
141 22
141 28
141 38
141 71
141 76
141 77
141 78
141 79
141 134
141 135
141 139
141 140
141 142
141 143
141 147
141 156
141 167
141 198
141 199
141 203
141 204
141 205
141 206
141 207
141 211
141 213
141 214
141 222
141 230
141 231
141 262
141 263
141 267
141 268
141 269
141 271
141 275
141 277
141 286
141 294
141 295
141 323
141 324
141 326
141 327
141 331
141 332
141 333
141 334
141 335
141 339
141 340
141 341
141 342
141 347
141 348
141 354
141 356
141 357
141 358
141 359
141 372
141 387
141 390
141 391
141 394
141 395
141 396
141 397
141 398
141 399
141 403
141 404
141 405
141 406
141 415
141 418
141 421
141 422
141 423
141 433
141 435
141 449
141 451
141 452
141 454
141 455
141 459
141 461
141 462
141 463
141 467
141 468
141 469
141 470
141 476
141 478
141 484
141 485
141 486
141 487
141 494
141 497
141 500
141 502
141 515
141 516
141 518
141 519
141 523
141 524
141 525
141 526
141 527
141 531
141 533
141 534
141 540
141 542
141 548
141 549
141 550
141 551
141 561
141 564
141 579
141 582
141 583
141 587
141 588
141 589
141 590
141 591
141 595
141 597
141 598
141 604
141 606
141 613
141 614
141 615
141 625
141 643
141 646
141 647
141 651
141 652
141 653
141 654
141 655
141 659
141 660
141 661
141 662
141 668
141 674
141 676
141 677
141 678
141 679
141 692
141 707
141 710
141 711
141 715
141 716
141 717
141 718
141 719
141 723
141 725
141 731
141 743
141 771
141 774
141 775
141 779
141 780
141 781
141 782
141 783
141 787
141 805
141 807
141 835
141 838
141 839
141 843
141 845
141 846
141 847
141 851
141 853
141 854
141 862
141 868
141 869
141 870
141 871
141 884
141 899
141 902
141 906
141 907
141 908
141 909
141 910
141 911
141 915
141 916
141 917
141 918
141 924
141 926
141 933
141 934
141 935
141 948
141 960
141 961
141 963
141 966
141 967
141 971
141 974
141 975
141 978
141 979
141 980
141 981
141 982
141 990
141 991
141 997
141 998
141 999
141 1001
141 1009
141 1012
141 1014
141 1030
141 1035
141 1037
141 1038
141 1046
141 1076
141 1091
141 1094
141 1095
141 1102
141 1107
141 1126
141 1140
141 1155
141 1166
141 1167
141 1171
141 1190
141 1191
141 1204
141 1223
141 1227
141 1235
141 1237
141 1254
141 1255
141 1268
142 6
142 12
142 13
142 14
142 15
142 19
142 38
142 76
142 78
142 79
142 134
142 135
142 140
142 141
142 143
142 147
142 156
142 198
142 203
142 204
142 205
142 206
142 207
142 211
142 213
142 230
142 231
142 262
142 267
142 268
142 269
142 270
142 271
142 286
142 295
142 323
142 324
142 326
142 327
142 331
142 332
142 333
142 334
142 335
142 339
142 341
142 342
142 348
142 356
142 357
142 358
142 359
142 372
142 387
142 390
142 391
142 395
142 396
142 397
142 398
142 399
142 403
142 404
142 405
142 406
142 421
142 422
142 423
142 435
142 451
142 452
142 454
142 455
142 459
142 460
142 461
142 462
142 463
142 467
142 468
142 469
142 470
142 476
142 478
142 485
142 486
142 487
142 502
142 515
142 518
142 519
142 523
142 524
142 525
142 526
142 527
142 531
142 534
142 540
142 542
142 548
142 549
142 550
142 551
142 579
142 582
142 583
142 587
142 588
142 589
142 590
142 591
142 595
142 597
142 613
142 615
142 643
142 646
142 647
142 651
142 652
142 653
142 654
142 655
142 659
142 660
142 661
142 674
142 677
142 678
142 679
142 692
142 707
142 710
142 711
142 715
142 716
142 717
142 719
142 723
142 725
142 743
142 780
142 781
142 782
142 783
142 807
142 835
142 838
142 843
142 844
142 845
142 846
142 847
142 853
142 854
142 871
142 884
142 899
142 902
142 907
142 908
142 909
142 910
142 911
142 915
142 917
142 918
142 924
142 926
142 933
142 934
142 935
142 948
142 963
142 966
142 967
142 971
142 972
142 973
142 974
142 975
142 978
142 979
142 980
142 981
142 982
142 997
142 998
142 999
142 1001
142 1012
142 1027
142 1036
142 1037
142 1039
142 1063
142 1091
142 1100
142 1101
142 1103
142 1127
142 1140
142 1155
142 1164
142 1165
142 1204
142 1222
142 1230
142 1231
142 1235
142 1254
142 1255
142 1268
143 6
143 12
143 13
143 14
143 15
143 19
143 38
143 76
143 78
143 79
143 134
143 140
143 141
143 142
143 147
143 156
143 198
143 203
143 204
143 205
143 206
143 207
143 211
143 213
143 230
143 231
143 262
143 267
143 268
143 269
143 271
143 286
143 295
143 323
143 324
143 326
143 327
143 331
143 332
143 333
143 334
143 335
143 339
143 341
143 348
143 356
143 357
143 358
143 359
143 372
143 387
143 390
143 391
143 395
143 396
143 397
143 398
143 399
143 403
143 404
143 405
143 406
143 421
143 422
143 423
143 435
143 451
143 452
143 454
143 455
143 459
143 460
143 461
143 462
143 463
143 467
143 468
143 469
143 470
143 476
143 478
143 485
143 486
143 487
143 502
143 515
143 518
143 519
143 523
143 524
143 525
143 526
143 527
143 531
143 534
143 540
143 542
143 549
143 550
143 551
143 579
143 582
143 583
143 587
143 588
143 589
143 590
143 591
143 597
143 613
143 615
143 643
143 646
143 647
143 651
143 652
143 653
143 654
143 655
143 659
143 660
143 661
143 677
143 678
143 679
143 692
143 707
143 710
143 711
143 715
143 716
143 717
143 719
143 723
143 725
143 743
143 780
143 781
143 782
143 783
143 807
143 835
143 838
143 843
143 844
143 845
143 846
143 847
143 853
143 854
143 871
143 884
143 899
143 902
143 907
143 908
143 909
143 910
143 911
143 915
143 918
143 924
143 926
143 933
143 934
143 935
143 948
143 963
143 966
143 967
143 971
143 972
143 973
143 974
143 975
143 978
143 979
143 980
143 981
143 982
143 997
143 998
143 999
143 1001
143 1012
143 1027
143 1036
143 1037
143 1039
143 1063
143 1091
143 1100
143 1101
143 1103
143 1127
143 1140
143 1155
143 1164
143 1165
143 1222
143 1229
143 1230
143 1231
143 1254
143 1255
143 1268
144 16
144 80
144 208
144 272
144 336
144 730
145 17
145 81
145 209
145 273
145 337
146 7
146 11
146 18
146 20
146 28
146 32
146 37
146 70
146 71
146 75
146 82
146 83
146 132
146 148
146 149
146 150
146 158
146 164
146 166
146 167
146 195
146 196
146 210
146 212
146 214
146 220
146 222
146 228
146 259
146 270
146 274
146 275
146 277
146 278
146 292
146 293
146 294
146 305
146 338
146 351
146 354
146 366
146 369
146 388
146 394
146 402
146 408
146 411
146 415
146 420
146 438
146 449
146 458
146 472
146 477
146 484
146 489
146 494
146 497
146 500
146 514
146 516
146 530
146 532
146 533
146 541
146 561
146 594
146 596
146 604
146 606
146 608
146 610
146 612
146 617
146 625
146 640
146 657
146 670
146 676
146 681
146 689
146 691
146 724
146 726
146 731
146 732
146 742
146 771
146 787
146 805
146 820
146 855
146 862
146 863
146 864
146 868
146 869
146 870
146 897
146 903
146 906
146 913
146 930
146 932
146 941
146 960
146 962
146 964
146 970
146 983
146 984
146 988
146 991
146 992
146 994
146 996
146 1011
146 1060
146 1092
146 1108
146 1109
146 1118
146 1139
146 1156
146 1180
146 1188
147 6
147 7
147 11
147 12
147 13
147 14
147 15
147 19
147 21
147 22
147 28
147 38
147 71
147 76
147 78
147 79
147 83
147 134
147 135
147 139
147 140
147 141
147 142
147 143
147 156
147 166
147 167
147 198
147 199
147 203
147 204
147 205
147 206
147 207
147 211
147 213
147 214
147 222
147 230
147 231
147 262
147 263
147 267
147 268
147 269
147 271
147 275
147 277
147 286
147 294
147 295
147 323
147 324
147 326
147 327
147 331
147 332
147 333
147 334
147 335
147 339
147 340
147 341
147 342
147 347
147 348
147 351
147 354
147 356
147 357
147 358
147 359
147 372
147 387
147 390
147 391
147 394
147 395
147 396
147 397
147 398
147 399
147 403
147 404
147 405
147 406
147 415
147 418
147 420
147 421
147 422
147 423
147 433
147 435
147 449
147 451
147 452
147 454
147 455
147 458
147 459
147 461
147 462
147 463
147 467
147 468
147 469
147 470
147 476
147 478
147 484
147 485
147 486
147 487
147 494
147 497
147 500
147 502
147 515
147 516
147 518
147 519
147 523
147 525
147 526
147 527
147 531
147 532
147 533
147 534
147 540
147 542
147 548
147 549
147 550
147 551
147 561
147 564
147 579
147 582
147 583
147 587
147 588
147 589
147 590
147 595
147 597
147 598
147 604
147 606
147 610
147 613
147 614
147 615
147 625
147 643
147 646
147 647
147 651
147 653
147 654
147 655
147 659
147 660
147 661
147 662
147 668
147 674
147 676
147 677
147 678
147 679
147 692
147 707
147 710
147 711
147 715
147 716
147 717
147 718
147 719
147 723
147 725
147 731
147 743
147 771
147 774
147 775
147 779
147 780
147 781
147 782
147 783
147 787
147 805
147 807
147 835
147 838
147 839
147 843
147 845
147 846
147 847
147 851
147 853
147 854
147 862
147 868
147 869
147 870
147 871
147 884
147 899
147 902
147 906
147 907
147 909
147 910
147 911
147 915
147 916
147 917
147 918
147 924
147 926
147 933
147 934
147 935
147 948
147 960
147 961
147 963
147 966
147 967
147 971
147 974
147 978
147 979
147 980
147 981
147 982
147 990
147 991
147 997
147 998
147 1001
147 1009
147 1012
147 1014
147 1030
147 1035
147 1037
147 1038
147 1046
147 1076
147 1094
147 1095
147 1102
147 1107
147 1126
147 1155
147 1166
147 1167
147 1171
147 1190
147 1191
147 1204
147 1223
147 1227
147 1235
147 1237
147 1253
147 1255
148 7
148 11
148 20
148 28
148 32
148 37
148 70
148 71
148 75
148 83
148 84
148 132
148 146
148 149
148 150
148 158
148 164
148 166
148 167
148 195
148 196
148 212
148 220
148 228
148 259
148 270
148 276
148 277
148 278
148 292
148 293
148 294
148 305
148 340
148 351
148 354
148 366
148 369
148 388
148 394
148 402
148 408
148 411
148 415
148 420
148 438
148 449
148 458
148 472
148 477
148 484
148 489
148 494
148 500
148 514
148 516
148 530
148 532
148 533
148 541
148 561
148 594
148 596
148 604
148 606
148 608
148 610
148 612
148 617
148 640
148 657
148 670
148 676
148 681
148 689
148 691
148 724
148 726
148 732
148 742
148 771
148 787
148 805
148 820
148 855
148 863
148 864
148 869
148 870
148 897
148 903
148 906
148 913
148 930
148 932
148 941
148 960
148 962
148 964
148 970
148 983
148 984
148 988
148 991
148 992
148 994
148 996
148 1011
148 1060
148 1092
148 1108
148 1109
148 1118
148 1139
148 1156
148 1180
148 1188
148 1226
149 7
149 11
149 20
149 21
149 32
149 37
149 70
149 71
149 75
149 83
149 85
149 132
149 146
149 148
149 150
149 158
149 164
149 166
149 167
149 195
149 196
149 212
149 213
149 220
149 228
149 259
149 270
149 277
149 278
149 292
149 293
149 294
149 305
149 341
149 351
149 354
149 366
149 369
149 388
149 394
149 402
149 408
149 411
149 420
149 438
149 449
149 458
149 472
149 477
149 484
149 489
149 494
149 500
149 514
149 516
149 530
149 532
149 533
149 541
149 561
149 594
149 596
149 604
149 606
149 608
149 610
149 612
149 617
149 640
149 657
149 670
149 676
149 681
149 689
149 691
149 724
149 726
149 732
149 742
149 771
149 787
149 805
149 820
149 855
149 863
149 864
149 869
149 870
149 897
149 903
149 906
149 913
149 930
149 932
149 941
149 960
149 962
149 964
149 970
149 983
149 984
149 988
149 991
149 992
149 994
149 996
149 1011
149 1060
149 1092
149 1108
149 1109
149 1118
149 1139
149 1156
149 1180
149 1188
149 1226
149 1234
150 7
150 11
150 20
150 21
150 22
150 28
150 32
150 70
150 71
150 83
150 86
150 132
150 135
150 139
150 146
150 148
150 149
150 158
150 164
150 166
150 167
150 195
150 196
150 199
150 212
150 214
150 222
150 228
150 259
150 263
150 270
150 275
150 277
150 278
150 292
150 293
150 294
150 305
150 340
150 342
150 347
150 351
150 354
150 366
150 369
150 388
150 394
150 402
150 408
150 411
150 415
150 418
150 420
150 433
150 438
150 449
150 458
150 472
150 484
150 489
150 494
150 497
150 500
150 516
150 530
150 532
150 533
150 541
150 548
150 561
150 564
150 594
150 595
150 596
150 598
150 604
150 606
150 608
150 610
150 614
150 617
150 625
150 640
150 657
150 662
150 668
150 670
150 674
150 676
150 689
150 691
150 718
150 724
150 726
150 731
150 732
150 742
150 771
150 774
150 775
150 779
150 787
150 805
150 820
150 839
150 851
150 855
150 862
150 864
150 868
150 869
150 870
150 897
150 903
150 906
150 913
150 916
150 917
150 930
150 932
150 941
150 960
150 961
150 962
150 964
150 970
150 983
150 984
150 988
150 990
150 991
150 992
150 994
150 996
150 1009
150 1011
150 1014
150 1034
150 1061
150 1108
150 1109
150 1156
150 1163
150 1174
150 1180
150 1188
151 23
151 87
151 215
151 279
151 343
152 24
152 88
152 216
152 280
152 344
152 566
152 922
153 25
153 89
153 217
153 238
153 281
153 345
153 641
154 26
154 90
154 218
154 282
154 310
154 346
154 602
154 878
155 27
155 62
155 91
155 219
155 283
155 347
155 510
156 6
156 7
156 11
156 12
156 13
156 14
156 15
156 19
156 21
156 22
156 28
156 38
156 71
156 76
156 78
156 79
156 92
156 134
156 135
156 139
156 140
156 141
156 142
156 143
156 147
156 166
156 167
156 196
156 198
156 199
156 203
156 204
156 205
156 206
156 207
156 211
156 213
156 214
156 220
156 222
156 230
156 231
156 262
156 263
156 267
156 268
156 269
156 271
156 275
156 277
156 284
156 286
156 294
156 295
156 323
156 324
156 326
156 327
156 331
156 332
156 333
156 334
156 335
156 339
156 340
156 341
156 342
156 347
156 348
156 351
156 354
156 356
156 357
156 358
156 359
156 372
156 387
156 390
156 391
156 394
156 395
156 396
156 397
156 398
156 399
156 403
156 404
156 405
156 406
156 415
156 418
156 420
156 421
156 422
156 423
156 433
156 435
156 438
156 449
156 451
156 452
156 454
156 455
156 458
156 459
156 461
156 462
156 463
156 467
156 468
156 469
156 470
156 476
156 478
156 484
156 485
156 486
156 487
156 494
156 497
156 500
156 502
156 515
156 516
156 518
156 519
156 523
156 525
156 526
156 527
156 531
156 532
156 533
156 534
156 540
156 542
156 548
156 549
156 550
156 551
156 561
156 564
156 579
156 582
156 583
156 587
156 588
156 589
156 590
156 595
156 597
156 598
156 604
156 606
156 610
156 613
156 614
156 615
156 625
156 643
156 646
156 647
156 651
156 653
156 654
156 655
156 659
156 660
156 661
156 662
156 668
156 674
156 676
156 677
156 678
156 679
156 692
156 707
156 710
156 711
156 715
156 716
156 717
156 718
156 719
156 723
156 725
156 731
156 743
156 771
156 774
156 775
156 779
156 780
156 781
156 782
156 783
156 787
156 805
156 807
156 835
156 838
156 839
156 843
156 846
156 847
156 851
156 853
156 854
156 862
156 868
156 869
156 870
156 871
156 884
156 899
156 902
156 906
156 907
156 909
156 910
156 911
156 915
156 916
156 917
156 918
156 924
156 926
156 933
156 934
156 935
156 948
156 960
156 961
156 966
156 967
156 971
156 974
156 978
156 979
156 980
156 981
156 982
156 990
156 991
156 997
156 998
156 1001
156 1009
156 1012
156 1014
156 1030
156 1035
156 1037
156 1038
156 1046
156 1076
156 1094
156 1095
156 1102
156 1107
156 1126
156 1166
156 1167
156 1171
156 1190
156 1191
156 1204
156 1223
156 1227
156 1235
156 1237
156 1253
157 29
157 93
157 221
157 285
157 349
157 755
158 7
158 11
158 20
158 21
158 22
158 28
158 30
158 32
158 70
158 71
158 78
158 79
158 94
158 135
158 139
158 146
158 148
158 149
158 150
158 164
158 166
158 167
158 195
158 196
158 199
158 205
158 211
158 212
158 213
158 214
158 222
158 228
158 259
158 263
158 267
158 270
158 275
158 277
158 278
158 286
158 292
158 293
158 294
158 305
158 323
158 324
158 340
158 341
158 342
158 347
158 350
158 351
158 354
158 366
158 369
158 388
158 391
158 394
158 404
158 408
158 411
158 415
158 418
158 420
158 421
158 433
158 435
158 438
158 449
158 458
158 472
158 484
158 489
158 494
158 497
158 500
158 502
158 516
158 518
158 531
158 532
158 533
158 541
158 548
158 561
158 564
158 594
158 595
158 596
158 597
158 598
158 604
158 606
158 608
158 610
158 613
158 614
158 625
158 640
158 647
158 657
158 660
158 662
158 668
158 670
158 674
158 676
158 677
158 689
158 691
158 710
158 718
158 723
158 725
158 726
158 731
158 732
158 742
158 771
158 774
158 775
158 779
158 782
158 787
158 805
158 820
158 839
158 851
158 854
158 855
158 862
158 864
158 868
158 869
158 870
158 897
158 903
158 906
158 916
158 917
158 918
158 926
158 930
158 960
158 961
158 962
158 964
158 970
158 984
158 988
158 990
158 991
158 992
158 996
158 1009
158 1011
158 1014
158 1031
158 1034
158 1052
158 1056
158 1061
158 1108
158 1109
158 1110
158 1116
158 1125
158 1156
158 1158
158 1163
158 1174
158 1188
158 1216
158 1269
159 31
159 95
159 223
159 287
159 302
159 351
159 1023
159 1026
160 32
160 96
160 224
160 256
160 288
160 352
160 563
160 809
161 29
161 33
161 97
161 225
161 289
161 353
161 773
162 34
162 98
162 226
162 290
162 354
163 35
163 99
163 227
163 291
163 355
164 7
164 11
164 20
164 21
164 22
164 28
164 32
164 36
164 70
164 71
164 78
164 79
164 83
164 100
164 132
164 135
164 139
164 146
164 148
164 149
164 150
164 158
164 166
164 167
164 195
164 196
164 199
164 205
164 211
164 212
164 214
164 222
164 228
164 259
164 263
164 270
164 275
164 277
164 278
164 286
164 292
164 293
164 294
164 305
164 323
164 324
164 340
164 342
164 347
164 351
164 354
164 356
164 366
164 369
164 388
164 394
164 402
164 404
164 408
164 411
164 415
164 418
164 420
164 421
164 433
164 438
164 449
164 458
164 472
164 484
164 489
164 494
164 497
164 500
164 502
164 516
164 530
164 531
164 532
164 533
164 541
164 548
164 561
164 564
164 594
164 595
164 596
164 597
164 598
164 604
164 606
164 608
164 610
164 613
164 614
164 617
164 625
164 640
164 647
164 657
164 660
164 662
164 668
164 670
164 674
164 676
164 677
164 689
164 691
164 710
164 718
164 725
164 726
164 731
164 732
164 742
164 771
164 774
164 775
164 779
164 787
164 805
164 820
164 839
164 851
164 855
164 862
164 864
164 868
164 869
164 870
164 897
164 903
164 906
164 913
164 916
164 917
164 930
164 960
164 961
164 962
164 964
164 970
164 984
164 988
164 990
164 991
164 992
164 994
164 996
164 1009
164 1011
164 1014
164 1034
164 1056
164 1061
164 1108
164 1109
164 1110
164 1125
164 1156
164 1158
164 1163
164 1174
164 1180
164 1188
164 1216
164 1269
165 37
165 101
165 229
165 293
165 357
165 577
166 7
166 11
166 20
166 21
166 22
166 28
166 32
166 38
166 70
166 71
166 78
166 79
166 102
166 134
166 135
166 139
166 146
166 147
166 148
166 149
166 150
166 156
166 158
166 164
166 167
166 195
166 196
166 199
166 203
166 205
166 211
166 212
166 213
166 214
166 222
166 228
166 230
166 259
166 263
166 267
166 270
166 275
166 277
166 278
166 286
166 292
166 293
166 294
166 295
166 305
166 323
166 324
166 327
166 340
166 341
166 342
166 347
166 351
166 354
166 358
166 366
166 369
166 388
166 391
166 394
166 404
166 408
166 411
166 415
166 418
166 420
166 421
166 433
166 435
166 438
166 449
166 452
166 458
166 472
166 476
166 478
166 484
166 489
166 494
166 497
166 500
166 502
166 516
166 518
166 531
166 532
166 533
166 541
166 542
166 548
166 561
166 564
166 594
166 595
166 596
166 597
166 598
166 604
166 606
166 608
166 610
166 613
166 614
166 625
166 640
166 647
166 657
166 660
166 662
166 668
166 670
166 674
166 676
166 677
166 689
166 691
166 710
166 715
166 718
166 723
166 725
166 726
166 731
166 732
166 742
166 771
166 774
166 775
166 779
166 782
166 783
166 787
166 805
166 820
166 839
166 851
166 854
166 855
166 862
166 864
166 868
166 869
166 870
166 897
166 903
166 906
166 916
166 917
166 918
166 926
166 930
166 960
166 961
166 962
166 964
166 970
166 984
166 988
166 990
166 991
166 992
166 996
166 1009
166 1011
166 1014
166 1031
166 1034
166 1044
166 1052
166 1056
166 1058
166 1061
166 1109
166 1110
166 1116
166 1125
166 1158
166 1163
166 1174
166 1188
166 1216
166 1220
166 1236
166 1246
166 1269
167 7
167 11
167 13
167 14
167 19
167 20
167 21
167 22
167 28
167 32
167 38
167 39
167 71
167 76
167 78
167 79
167 103
167 134
167 135
167 139
167 141
167 146
167 147
167 148
167 149
167 150
167 156
167 158
167 164
167 166
167 196
167 198
167 199
167 203
167 205
167 211
167 212
167 213
167 214
167 222
167 230
167 231
167 259
167 262
167 263
167 267
167 269
167 275
167 277
167 278
167 286
167 293
167 294
167 295
167 323
167 324
167 327
167 340
167 341
167 342
167 347
167 348
167 351
167 354
167 356
167 357
167 359
167 366
167 369
167 372
167 388
167 391
167 394
167 395
167 404
167 406
167 408
167 411
167 415
167 418
167 420
167 421
167 433
167 435
167 438
167 449
167 451
167 452
167 458
167 459
167 462
167 468
167 470
167 476
167 478
167 484
167 494
167 497
167 500
167 502
167 516
167 518
167 531
167 532
167 533
167 534
167 540
167 541
167 542
167 548
167 549
167 561
167 564
167 579
167 583
167 594
167 595
167 596
167 597
167 598
167 604
167 606
167 608
167 610
167 613
167 614
167 625
167 640
167 646
167 647
167 651
167 657
167 660
167 661
167 662
167 668
167 674
167 676
167 677
167 678
167 689
167 691
167 692
167 710
167 711
167 715
167 718
167 723
167 725
167 726
167 731
167 732
167 742
167 743
167 771
167 774
167 775
167 779
167 781
167 782
167 783
167 787
167 805
167 807
167 820
167 839
167 843
167 846
167 851
167 853
167 854
167 855
167 862
167 864
167 868
167 869
167 870
167 897
167 903
167 906
167 907
167 916
167 917
167 918
167 924
167 926
167 930
167 934
167 960
167 961
167 962
167 964
167 967
167 970
167 978
167 980
167 981
167 988
167 990
167 991
167 992
167 996
167 997
167 1001
167 1009
167 1011
167 1014
167 1031
167 1034
167 1043
167 1044
167 1045
167 1052
167 1056
167 1058
167 1061
167 1062
167 1099
167 1110
167 1116
167 1125
167 1158
167 1163
167 1216
167 1220
167 1236
167 1238
167 1246
167 1252
167 1253
167 1269
168 40
168 104
168 232
168 296
168 360
168 1018
168 1085
168 1211
169 41
169 105
169 233
169 297
169 361
170 42
170 106
170 234
170 298
170 362
170 764
170 828
171 43
171 107
171 235
171 299
171 363
172 44
172 108
172 236
172 300
172 364
173 45
173 109
173 237
173 301
173 365
174 46
174 110
174 238
174 302
174 366
174 1013
175 47
175 89
175 111
175 239
175 303
175 367
175 688
176 48
176 112
176 240
176 304
176 368
177 49
177 113
177 241
177 305
177 369
178 48
178 50
178 114
178 242
178 306
178 370
178 792
179 51
179 115
179 243
179 307
179 371
179 1117
180 52
180 116
180 244
180 308
180 372
181 53
181 117
181 208
181 245
181 309
181 373
182 54
182 118
182 246
182 310
182 374
182 671
182 867
183 55
183 119
183 247
183 296
183 311
183 375
183 1201
183 1205
183 1242
184 35
184 56
184 120
184 248
184 312
184 376
185 57
185 121
185 249
185 313
185 377
185 620
186 58
186 122
186 250
186 314
186 378
187 59
187 123
187 251
187 315
187 379
188 60
188 124
188 252
188 316
188 380
189 61
189 125
189 253
189 317
189 381
189 891
189 1087
190 62
190 106
190 126
190 254
190 318
190 382
191 63
191 97
191 127
191 255
191 319
191 383
191 744
192 0
192 64
192 128
192 256
192 320
192 344
192 384
193 1
193 55
193 65
193 129
193 257
193 321
193 385
193 858
194 2
194 66
194 130
194 248
194 258
194 322
194 346
194 386
195 3
195 7
195 20
195 32
195 37
195 67
195 70
195 75
195 83
195 131
195 132
195 146
195 148
195 149
195 150
195 158
195 164
195 166
195 196
195 212
195 220
195 228
195 259
195 270
195 278
195 288
195 292
195 293
195 305
195 323
195 351
195 366
195 369
195 387
195 388
195 394
195 402
195 408
195 411
195 420
195 438
195 458
195 472
195 477
195 489
195 514
195 530
195 532
195 541
195 594
195 596
195 608
195 610
195 612
195 617
195 640
195 644
195 657
195 658
195 670
195 681
195 689
195 691
195 724
195 726
195 732
195 742
195 820
195 855
195 863
195 864
195 897
195 903
195 913
195 930
195 932
195 941
195 962
195 964
195 970
195 983
195 984
195 988
195 992
195 994
195 996
195 1011
195 1034
195 1060
195 1061
195 1092
195 1118
195 1139
195 1226
195 1234
195 1239
195 1250
196 4
196 7
196 11
196 20
196 21
196 22
196 28
196 32
196 68
196 70
196 71
196 78
196 79
196 132
196 134
196 135
196 139
196 146
196 148
196 149
196 150
196 156
196 158
196 164
196 166
196 167
196 195
196 199
196 205
196 211
196 212
196 213
196 214
196 222
196 228
196 259
196 260
196 263
196 267
196 270
196 275
196 277
196 278
196 286
196 292
196 293
196 294
196 295
196 305
196 323
196 324
196 340
196 341
196 342
196 347
196 351
196 354
196 366
196 369
196 388
196 391
196 394
196 404
196 408
196 411
196 415
196 418
196 420
196 421
196 433
196 435
196 438
196 449
196 458
196 472
196 478
196 484
196 489
196 494
196 497
196 500
196 502
196 516
196 518
196 531
196 532
196 533
196 541
196 542
196 548
196 561
196 564
196 594
196 595
196 596
196 597
196 598
196 604
196 606
196 608
196 610
196 613
196 614
196 625
196 640
196 647
196 657
196 660
196 662
196 668
196 670
196 674
196 676
196 677
196 689
196 691
196 710
196 718
196 723
196 725
196 726
196 731
196 732
196 742
196 771
196 774
196 775
196 779
196 782
196 787
196 805
196 820
196 839
196 851
196 854
196 855
196 862
196 864
196 868
196 869
196 870
196 897
196 903
196 906
196 916
196 917
196 918
196 926
196 930
196 960
196 961
196 962
196 964
196 970
196 984
196 988
196 990
196 991
196 992
196 996
196 1009
196 1011
196 1014
196 1030
196 1031
196 1034
196 1035
196 1038
196 1043
196 1044
196 1045
196 1046
196 1052
196 1056
196 1058
196 1060
196 1061
196 1062
196 1109
196 1110
196 1116
196 1125
196 1156
196 1158
196 1163
196 1174
196 1188
196 1216
196 1246
196 1269
197 5
197 9
197 69
197 73
197 133
197 261
197 325
197 329
197 389
197 393
197 453
197 517
197 581
197 628
197 649
197 713
197 777
197 837
197 901
197 965
197 1033
197 1097
197 1161
197 1221
198 6
198 11
198 12
198 13
198 14
198 15
198 19
198 21
198 22
198 28
198 38
198 70
198 71
198 76
198 78
198 79
198 134
198 135
198 139
198 140
198 141
198 142
198 143
198 147
198 156
198 167
198 199
198 203
198 204
198 205
198 206
198 207
198 211
198 213
198 214
198 222
198 230
198 231
198 262
198 263
198 267
198 268
198 269
198 271
198 275
198 286
198 294
198 295
198 323
198 324
198 326
198 327
198 331
198 332
198 333
198 334
198 335
198 339
198 340
198 341
198 342
198 347
198 348
198 354
198 356
198 357
198 358
198 359
198 372
198 387
198 390
198 391
198 395
198 396
198 397
198 398
198 399
198 403
198 404
198 405
198 406
198 415
198 418
198 421
198 422
198 423
198 433
198 435
198 451
198 452
198 454
198 455
198 459
198 461
198 462
198 463
198 467
198 468
198 469
198 470
198 476
198 478
198 484
198 485
198 486
198 487
198 494
198 497
198 502
198 515
198 518
198 519
198 523
198 524
198 525
198 526
198 527
198 531
198 533
198 534
198 540
198 542
198 548
198 549
198 550
198 551
198 561
198 564
198 579
198 582
198 583
198 587
198 588
198 589
198 590
198 591
198 595
198 597
198 598
198 604
198 606
198 613
198 614
198 615
198 625
198 643
198 646
198 647
198 651
198 652
198 653
198 654
198 655
198 659
198 660
198 661
198 662
198 668
198 674
198 676
198 677
198 678
198 679
198 692
198 707
198 710
198 711
198 715
198 716
198 717
198 718
198 719
198 723
198 725
198 731
198 743
198 771
198 774
198 775
198 779
198 780
198 781
198 782
198 783
198 807
198 835
198 838
198 839
198 843
198 845
198 846
198 847
198 851
198 853
198 854
198 862
198 868
198 869
198 870
198 871
198 884
198 899
198 902
198 907
198 908
198 909
198 910
198 911
198 915
198 916
198 917
198 918
198 924
198 926
198 933
198 934
198 935
198 948
198 960
198 961
198 963
198 966
198 967
198 971
198 972
198 974
198 975
198 978
198 979
198 980
198 981
198 982
198 990
198 991
198 997
198 998
198 999
198 1001
198 1009
198 1012
198 1014
198 1027
198 1030
198 1031
198 1035
198 1036
198 1037
198 1038
198 1039
198 1043
198 1044
198 1045
198 1046
198 1052
198 1058
198 1062
198 1063
198 1076
198 1091
198 1094
198 1095
198 1102
198 1107
198 1126
198 1140
198 1155
198 1165
198 1166
198 1167
198 1171
198 1190
198 1191
198 1204
198 1222
198 1223
198 1227
198 1230
198 1235
198 1237
198 1254
198 1255
198 1268
199 6
199 7
199 11
199 13
199 14
199 19
199 20
199 21
199 22
199 28
199 38
199 71
199 76
199 78
199 79
199 134
199 135
199 139
199 141
199 147
199 150
199 156
199 158
199 164
199 166
199 167
199 196
199 198
199 203
199 205
199 206
199 207
199 211
199 212
199 213
199 214
199 222
199 230
199 231
199 259
199 262
199 263
199 267
199 269
199 275
199 277
199 278
199 286
199 293
199 294
199 295
199 323
199 324
199 326
199 327
199 331
199 339
199 340
199 341
199 342
199 347
199 348
199 351
199 354
199 356
199 357
199 358
199 359
199 366
199 369
199 372
199 387
199 388
199 391
199 394
199 395
199 397
199 403
199 404
199 405
199 406
199 408
199 415
199 418
199 420
199 421
199 422
199 423
199 433
199 435
199 438
199 449
199 451
199 452
199 455
199 458
199 459
199 461
199 462
199 468
199 470
199 476
199 478
199 484
199 485
199 486
199 487
199 494
199 497
199 500
199 502
199 515
199 516
199 518
199 519
199 523
199 526
199 531
199 532
199 533
199 534
199 540
199 541
199 542
199 548
199 549
199 551
199 561
199 564
199 579
199 582
199 583
199 587
199 595
199 596
199 597
199 598
199 604
199 606
199 608
199 610
199 613
199 614
199 615
199 625
199 640
199 643
199 646
199 647
199 651
199 657
199 660
199 661
199 662
199 668
199 674
199 676
199 677
199 678
199 679
199 689
199 691
199 692
199 707
199 710
199 711
199 715
199 716
199 717
199 718
199 719
199 723
199 725
199 731
199 732
199 742
199 743
199 771
199 774
199 775
199 779
199 781
199 782
199 783
199 787
199 805
199 807
199 820
199 835
199 838
199 839
199 843
199 846
199 847
199 851
199 853
199 854
199 855
199 862
199 864
199 868
199 869
199 870
199 871
199 884
199 902
199 906
199 907
199 910
199 911
199 915
199 916
199 917
199 918
199 924
199 926
199 930
199 933
199 934
199 948
199 960
199 961
199 962
199 966
199 967
199 970
199 971
199 974
199 978
199 979
199 980
199 981
199 982
199 990
199 991
199 997
199 998
199 1001
199 1009
199 1012
199 1014
199 1027
199 1030
199 1031
199 1034
199 1035
199 1037
199 1038
199 1039
199 1043
199 1044
199 1045
199 1046
199 1052
199 1056
199 1058
199 1061
199 1062
199 1063
199 1076
199 1095
199 1099
199 1166
199 1171
199 1190
199 1220
199 1227
199 1236
199 1237
199 1238
199 1246
199 1252
199 1253
200 8
200 72
200 136
200 264
200 328
200 392
201 9
201 30
201 73
201 137
201 265
201 329
201 393
202 10
202 74
202 138
202 266
202 328
202 330
202 394
202 1032
203 6
203 7
203 11
203 12
203 13
203 14
203 15
203 19
203 21
203 22
203 28
203 38
203 71
203 75
203 76
203 78
203 79
203 134
203 135
203 139
203 140
203 141
203 142
203 143
203 147
203 156
203 166
203 167
203 198
203 199
203 204
203 205
203 206
203 207
203 211
203 213
203 214
203 222
203 230
203 231
203 262
203 263
203 267
203 268
203 269
203 271
203 275
203 277
203 286
203 294
203 295
203 323
203 324
203 326
203 327
203 331
203 332
203 333
203 334
203 335
203 339
203 340
203 341
203 342
203 347
203 348
203 351
203 354
203 356
203 357
203 358
203 359
203 372
203 387
203 390
203 391
203 394
203 395
203 396
203 397
203 398
203 399
203 403
203 404
203 405
203 406
203 415
203 418
203 420
203 421
203 422
203 423
203 433
203 435
203 449
203 451
203 452
203 454
203 455
203 458
203 459
203 461
203 462
203 463
203 467
203 468
203 469
203 470
203 476
203 478
203 484
203 485
203 486
203 487
203 494
203 497
203 500
203 502
203 515
203 516
203 518
203 519
203 523
203 525
203 526
203 527
203 531
203 532
203 533
203 534
203 540
203 542
203 548
203 549
203 550
203 551
203 561
203 564
203 579
203 582
203 583
203 587
203 588
203 589
203 590
203 595
203 597
203 598
203 604
203 606
203 613
203 614
203 615
203 625
203 643
203 646
203 647
203 651
203 653
203 654
203 655
203 659
203 660
203 661
203 662
203 668
203 674
203 676
203 677
203 678
203 679
203 692
203 707
203 710
203 711
203 715
203 716
203 717
203 718
203 719
203 723
203 725
203 731
203 743
203 771
203 774
203 775
203 779
203 780
203 781
203 782
203 783
203 787
203 805
203 807
203 835
203 838
203 839
203 843
203 845
203 846
203 847
203 851
203 853
203 854
203 862
203 868
203 869
203 870
203 871
203 884
203 899
203 902
203 906
203 907
203 909
203 910
203 911
203 915
203 916
203 917
203 918
203 924
203 926
203 933
203 934
203 935
203 948
203 960
203 961
203 963
203 966
203 967
203 971
203 974
203 978
203 979
203 980
203 981
203 982
203 990
203 991
203 997
203 998
203 1001
203 1009
203 1012
203 1014
203 1027
203 1030
203 1031
203 1035
203 1036
203 1037
203 1038
203 1039
203 1043
203 1044
203 1045
203 1046
203 1052
203 1056
203 1058
203 1062
203 1063
203 1076
203 1094
203 1095
203 1102
203 1107
203 1126
203 1155
203 1166
203 1167
203 1171
203 1190
203 1191
203 1204
203 1223
203 1227
203 1235
203 1237
203 1253
203 1255
204 6
204 12
204 13
204 14
204 15
204 19
204 38
204 76
204 78
204 79
204 134
204 140
204 141
204 142
204 143
204 147
204 156
204 198
204 203
204 205
204 206
204 207
204 213
204 230
204 231
204 262
204 267
204 268
204 269
204 271
204 286
204 295
204 323
204 326
204 327
204 331
204 332
204 333
204 334
204 335
204 339
204 341
204 348
204 356
204 357
204 358
204 359
204 372
204 387
204 390
204 391
204 395
204 396
204 397
204 398
204 399
204 403
204 404
204 405
204 406
204 421
204 422
204 423
204 435
204 451
204 452
204 454
204 455
204 459
204 460
204 461
204 462
204 463
204 467
204 468
204 469
204 470
204 476
204 478
204 485
204 486
204 487
204 515
204 518
204 519
204 523
204 524
204 525
204 526
204 527
204 531
204 534
204 540
204 542
204 549
204 550
204 551
204 579
204 582
204 583
204 587
204 588
204 589
204 590
204 591
204 597
204 613
204 615
204 643
204 646
204 647
204 651
204 652
204 653
204 654
204 655
204 659
204 660
204 661
204 677
204 678
204 679
204 692
204 707
204 710
204 711
204 715
204 716
204 717
204 719
204 723
204 743
204 780
204 781
204 782
204 783
204 807
204 835
204 838
204 843
204 844
204 845
204 846
204 847
204 853
204 854
204 871
204 884
204 899
204 902
204 907
204 908
204 909
204 910
204 911
204 915
204 918
204 924
204 926
204 933
204 934
204 935
204 948
204 963
204 966
204 967
204 971
204 972
204 973
204 974
204 975
204 978
204 979
204 980
204 981
204 982
204 997
204 998
204 999
204 1001
204 1012
204 1027
204 1030
204 1036
204 1037
204 1038
204 1039
204 1046
204 1063
204 1076
204 1091
204 1100
204 1101
204 1103
204 1127
204 1140
204 1164
204 1165
204 1219
204 1222
204 1228
204 1229
204 1230
204 1231
204 1254
204 1268
205 6
205 7
205 11
205 13
205 14
205 15
205 19
205 20
205 21
205 22
205 28
205 38
205 71
205 76
205 77
205 78
205 79
205 134
205 135
205 139
205 140
205 141
205 142
205 143
205 147
205 156
205 158
205 164
205 166
205 167
205 196
205 198
205 199
205 203
205 204
205 206
205 207
205 211
205 212
205 213
205 214
205 222
205 230
205 231
205 262
205 263
205 267
205 269
205 275
205 277
205 286
205 293
205 294
205 295
205 323
205 324
205 326
205 327
205 331
205 333
205 334
205 335
205 339
205 340
205 341
205 342
205 347
205 348
205 351
205 354
205 356
205 357
205 358
205 359
205 369
205 372
205 387
205 388
205 390
205 391
205 394
205 395
205 397
205 403
205 404
205 405
205 406
205 408
205 415
205 418
205 420
205 421
205 422
205 423
205 433
205 435
205 438
205 449
205 451
205 452
205 454
205 455
205 458
205 459
205 461
205 462
205 463
205 467
205 468
205 469
205 470
205 476
205 478
205 484
205 485
205 486
205 487
205 494
205 497
205 500
205 502
205 515
205 516
205 518
205 519
205 523
205 525
205 526
205 531
205 532
205 533
205 534
205 540
205 542
205 548
205 549
205 550
205 551
205 561
205 564
205 579
205 582
205 583
205 587
205 588
205 589
205 590
205 595
205 596
205 597
205 598
205 604
205 606
205 608
205 610
205 613
205 614
205 615
205 625
205 643
205 646
205 647
205 651
205 653
205 659
205 660
205 661
205 662
205 668
205 674
205 676
205 677
205 678
205 679
205 691
205 692
205 707
205 710
205 711
205 715
205 716
205 717
205 718
205 719
205 723
205 725
205 731
205 732
205 742
205 743
205 771
205 774
205 775
205 779
205 780
205 781
205 782
205 783
205 787
205 805
205 807
205 820
205 835
205 838
205 839
205 843
205 846
205 847
205 851
205 853
205 854
205 862
205 868
205 869
205 870
205 871
205 884
205 899
205 902
205 906
205 907
205 909
205 910
205 911
205 915
205 916
205 917
205 918
205 924
205 926
205 930
205 933
205 934
205 935
205 948
205 960
205 961
205 966
205 967
205 971
205 974
205 978
205 979
205 980
205 981
205 982
205 990
205 991
205 997
205 998
205 1001
205 1009
205 1012
205 1014
205 1027
205 1030
205 1031
205 1034
205 1035
205 1037
205 1038
205 1039
205 1043
205 1044
205 1045
205 1046
205 1052
205 1056
205 1058
205 1061
205 1062
205 1063
205 1076
205 1094
205 1095
205 1102
205 1107
205 1126
205 1166
205 1167
205 1171
205 1190
205 1191
205 1227
205 1237
205 1253
206 6
206 12
206 13
206 14
206 15
206 19
206 21
206 22
206 38
206 76
206 78
206 79
206 134
206 135
206 139
206 140
206 141
206 142
206 143
206 147
206 156
206 198
206 199
206 203
206 204
206 205
206 207
206 211
206 213
206 214
206 222
206 230
206 231
206 262
206 263
206 267
206 268
206 269
206 270
206 271
206 275
206 286
206 295
206 323
206 324
206 326
206 327
206 331
206 332
206 333
206 334
206 335
206 339
206 340
206 341
206 342
206 347
206 348
206 356
206 357
206 358
206 359
206 372
206 387
206 390
206 391
206 395
206 396
206 397
206 398
206 399
206 403
206 404
206 405
206 406
206 418
206 421
206 422
206 423
206 433
206 435
206 451
206 452
206 454
206 455
206 459
206 460
206 461
206 462
206 463
206 467
206 468
206 469
206 470
206 476
206 478
206 485
206 486
206 487
206 497
206 502
206 515
206 518
206 519
206 523
206 524
206 525
206 526
206 527
206 531
206 534
206 540
206 542
206 548
206 549
206 550
206 551
206 564
206 579
206 582
206 583
206 587
206 588
206 589
206 590
206 591
206 595
206 597
206 598
206 613
206 614
206 615
206 625
206 643
206 646
206 647
206 651
206 652
206 653
206 654
206 655
206 659
206 660
206 661
206 662
206 668
206 674
206 677
206 678
206 679
206 692
206 707
206 710
206 711
206 715
206 716
206 717
206 718
206 719
206 723
206 725
206 731
206 743
206 774
206 775
206 779
206 780
206 781
206 782
206 783
206 807
206 835
206 838
206 839
206 843
206 844
206 845
206 846
206 847
206 851
206 853
206 854
206 862
206 868
206 871
206 884
206 899
206 902
206 907
206 908
206 909
206 910
206 911
206 915
206 916
206 917
206 918
206 924
206 926
206 933
206 934
206 935
206 948
206 961
206 963
206 966
206 967
206 971
206 972
206 973
206 974
206 975
206 978
206 979
206 980
206 981
206 982
206 990
206 997
206 998
206 999
206 1001
206 1009
206 1012
206 1014
206 1027
206 1030
206 1035
206 1036
206 1037
206 1038
206 1039
206 1043
206 1045
206 1046
206 1062
206 1063
206 1076
206 1091
206 1094
206 1101
206 1102
206 1107
206 1126
206 1127
206 1140
206 1155
206 1165
206 1167
206 1191
206 1204
206 1222
206 1223
206 1230
206 1231
206 1235
206 1254
206 1255
206 1268
207 6
207 12
207 13
207 14
207 15
207 19
207 21
207 22
207 38
207 76
207 78
207 79
207 134
207 135
207 139
207 140
207 141
207 142
207 143
207 147
207 156
207 198
207 199
207 203
207 204
207 205
207 206
207 211
207 213
207 214
207 230
207 231
207 262
207 263
207 267
207 268
207 269
207 271
207 286
207 295
207 323
207 324
207 326
207 327
207 331
207 332
207 333
207 334
207 335
207 339
207 340
207 341
207 342
207 347
207 348
207 356
207 357
207 358
207 359
207 372
207 387
207 390
207 391
207 395
207 396
207 397
207 398
207 399
207 403
207 404
207 405
207 406
207 418
207 421
207 422
207 423
207 433
207 435
207 451
207 452
207 454
207 455
207 459
207 460
207 461
207 462
207 463
207 467
207 468
207 469
207 470
207 476
207 478
207 485
207 486
207 487
207 497
207 502
207 515
207 518
207 519
207 523
207 524
207 525
207 526
207 527
207 531
207 534
207 540
207 542
207 548
207 549
207 550
207 551
207 564
207 579
207 582
207 583
207 587
207 588
207 589
207 590
207 591
207 595
207 597
207 598
207 613
207 614
207 615
207 625
207 643
207 646
207 647
207 651
207 652
207 653
207 654
207 655
207 659
207 660
207 661
207 662
207 668
207 674
207 677
207 678
207 679
207 692
207 707
207 710
207 711
207 715
207 716
207 717
207 718
207 719
207 723
207 725
207 743
207 774
207 775
207 779
207 780
207 781
207 782
207 783
207 807
207 835
207 838
207 839
207 843
207 844
207 845
207 846
207 847
207 851
207 853
207 854
207 871
207 884
207 899
207 902
207 907
207 908
207 909
207 910
207 911
207 915
207 916
207 917
207 918
207 924
207 926
207 933
207 934
207 935
207 948
207 961
207 963
207 966
207 967
207 971
207 972
207 973
207 974
207 975
207 978
207 979
207 980
207 981
207 982
207 990
207 997
207 998
207 999
207 1001
207 1009
207 1012
207 1014
207 1027
207 1030
207 1035
207 1036
207 1037
207 1038
207 1039
207 1043
207 1045
207 1046
207 1062
207 1063
207 1076
207 1091
207 1094
207 1101
207 1102
207 1107
207 1126
207 1127
207 1140
207 1155
207 1165
207 1167
207 1191
207 1204
207 1222
207 1223
207 1230
207 1231
207 1235
207 1254
207 1255
207 1268
208 16
208 80
208 144
208 181
208 272
208 336
208 400
209 17
209 81
209 145
209 273
209 337
209 401
209 537
209 950
210 18
210 82
210 146
210 274
210 338
210 402
210 536
211 6
211 7
211 11
211 13
211 14
211 19
211 20
211 21
211 22
211 28
211 38
211 71
211 76
211 78
211 79
211 83
211 134
211 135
211 139
211 141
211 142
211 143
211 147
211 156
211 158
211 164
211 166
211 167
211 196
211 198
211 199
211 203
211 205
211 206
211 207
211 212
211 213
211 214
211 222
211 230
211 231
211 259
211 262
211 263
211 267
211 269
211 275
211 277
211 278
211 286
211 293
211 294
211 295
211 323
211 324
211 326
211 327
211 331
211 333
211 334
211 339
211 340
211 341
211 342
211 347
211 348
211 351
211 354
211 356
211 357
211 358
211 359
211 366
211 369
211 372
211 387
211 388
211 391
211 394
211 395
211 397
211 403
211 404
211 405
211 406
211 408
211 415
211 418
211 420
211 421
211 422
211 423
211 433
211 435
211 438
211 449
211 451
211 452
211 454
211 455
211 458
211 459
211 461
211 462
211 463
211 468
211 469
211 470
211 476
211 478
211 484
211 485
211 486
211 487
211 494
211 497
211 500
211 502
211 515
211 516
211 518
211 519
211 523
211 526
211 531
211 532
211 533
211 534
211 540
211 541
211 542
211 548
211 549
211 551
211 561
211 564
211 579
211 582
211 583
211 587
211 595
211 596
211 597
211 598
211 604
211 606
211 608
211 610
211 613
211 614
211 615
211 625
211 640
211 643
211 646
211 647
211 651
211 653
211 657
211 660
211 661
211 662
211 668
211 674
211 676
211 677
211 678
211 679
211 691
211 692
211 707
211 710
211 711
211 715
211 716
211 717
211 718
211 719
211 723
211 725
211 731
211 732
211 742
211 743
211 771
211 774
211 775
211 779
211 781
211 782
211 783
211 787
211 805
211 807
211 820
211 835
211 838
211 839
211 843
211 846
211 847
211 851
211 853
211 854
211 855
211 862
211 868
211 869
211 870
211 871
211 884
211 902
211 906
211 907
211 910
211 911
211 915
211 916
211 917
211 918
211 924
211 926
211 930
211 933
211 934
211 935
211 948
211 960
211 961
211 962
211 966
211 967
211 970
211 971
211 974
211 978
211 979
211 980
211 981
211 982
211 990
211 991
211 997
211 998
211 1001
211 1009
211 1012
211 1014
211 1027
211 1030
211 1031
211 1034
211 1035
211 1037
211 1038
211 1039
211 1043
211 1044
211 1045
211 1046
211 1052
211 1056
211 1058
211 1061
211 1062
211 1063
211 1076
211 1094
211 1095
211 1099
211 1166
211 1171
211 1190
211 1220
211 1227
211 1236
211 1237
211 1238
211 1246
211 1252
211 1253
212 7
212 11
212 20
212 21
212 22
212 28
212 32
212 70
212 71
212 78
212 79
212 84
212 132
212 135
212 139
212 146
212 148
212 149
212 150
212 158
212 164
212 166
212 167
212 195
212 196
212 199
212 205
212 211
212 214
212 222
212 228
212 259
212 263
212 267
212 270
212 275
212 276
212 277
212 278
212 286
212 292
212 293
212 294
212 305
212 323
212 324
212 340
212 341
212 342
212 347
212 351
212 354
212 366
212 369
212 388
212 391
212 394
212 402
212 404
212 408
212 411
212 415
212 418
212 420
212 421
212 433
212 438
212 449
212 458
212 472
212 484
212 489
212 494
212 497
212 500
212 502
212 516
212 518
212 530
212 531
212 532
212 533
212 541
212 548
212 561
212 564
212 594
212 595
212 596
212 597
212 598
212 604
212 606
212 608
212 610
212 613
212 614
212 617
212 625
212 640
212 647
212 657
212 660
212 662
212 668
212 670
212 674
212 676
212 677
212 689
212 691
212 710
212 718
212 723
212 725
212 726
212 731
212 732
212 742
212 771
212 774
212 775
212 779
212 787
212 805
212 820
212 839
212 851
212 854
212 855
212 862
212 864
212 868
212 869
212 870
212 897
212 903
212 906
212 913
212 916
212 917
212 918
212 926
212 930
212 960
212 961
212 962
212 964
212 970
212 984
212 988
212 990
212 991
212 992
212 994
212 996
212 1009
212 1011
212 1014
212 1030
212 1031
212 1034
212 1035
212 1038
212 1043
212 1044
212 1045
212 1046
212 1052
212 1056
212 1058
212 1060
212 1061
212 1062
212 1108
212 1109
212 1110
212 1116
212 1125
212 1156
212 1158
212 1163
212 1174
212 1188
212 1216
212 1269
213 6
213 7
213 11
213 12
213 13
213 14
213 15
213 19
213 21
213 22
213 28
213 38
213 71
213 76
213 78
213 79
213 85
213 134
213 135
213 139
213 140
213 141
213 142
213 143
213 147
213 149
213 156
213 158
213 166
213 167
213 196
213 198
213 199
213 203
213 204
213 205
213 206
213 207
213 211
213 214
213 222
213 230
213 231
213 262
213 263
213 267
213 268
213 269
213 275
213 277
213 286
213 294
213 295
213 323
213 324
213 326
213 327
213 331
213 332
213 333
213 334
213 335
213 339
213 340
213 341
213 342
213 347
213 348
213 351
213 354
213 356
213 357
213 358
213 359
213 369
213 372
213 387
213 390
213 391
213 394
213 395
213 396
213 397
213 398
213 399
213 403
213 404
213 405
213 406
213 415
213 418
213 420
213 421
213 422
213 423
213 433
213 435
213 438
213 449
213 451
213 452
213 454
213 455
213 458
213 459
213 461
213 462
213 463
213 467
213 468
213 469
213 470
213 476
213 478
213 484
213 485
213 486
213 487
213 494
213 497
213 500
213 502
213 515
213 516
213 518
213 519
213 523
213 525
213 526
213 527
213 531
213 532
213 533
213 534
213 540
213 542
213 548
213 549
213 550
213 551
213 561
213 564
213 579
213 582
213 583
213 587
213 588
213 589
213 590
213 595
213 597
213 598
213 604
213 606
213 608
213 610
213 613
213 614
213 615
213 625
213 643
213 646
213 647
213 651
213 653
213 654
213 655
213 659
213 660
213 661
213 662
213 668
213 674
213 676
213 677
213 678
213 679
213 692
213 707
213 710
213 711
213 715
213 716
213 717
213 718
213 719
213 723
213 725
213 731
213 732
213 743
213 771
213 774
213 775
213 779
213 780
213 781
213 782
213 783
213 787
213 805
213 807
213 835
213 838
213 839
213 843
213 846
213 847
213 851
213 853
213 854
213 862
213 868
213 869
213 870
213 871
213 884
213 899
213 902
213 906
213 907
213 909
213 910
213 911
213 915
213 916
213 917
213 918
213 924
213 926
213 933
213 934
213 935
213 948
213 960
213 961
213 966
213 967
213 971
213 974
213 978
213 979
213 980
213 981
213 982
213 990
213 991
213 997
213 998
213 1001
213 1009
213 1012
213 1014
213 1027
213 1030
213 1031
213 1034
213 1035
213 1036
213 1037
213 1038
213 1039
213 1043
213 1044
213 1045
213 1046
213 1052
213 1056
213 1058
213 1062
213 1063
213 1076
213 1094
213 1095
213 1102
213 1107
213 1126
213 1166
213 1167
213 1171
213 1190
213 1191
213 1204
213 1223
213 1227
213 1237
213 1253
214 6
214 7
214 11
214 13
214 14
214 19
214 20
214 21
214 22
214 28
214 32
214 38
214 71
214 76
214 78
214 79
214 86
214 134
214 135
214 139
214 141
214 146
214 147
214 150
214 156
214 158
214 164
214 166
214 167
214 196
214 198
214 199
214 203
214 205
214 206
214 207
214 211
214 212
214 213
214 222
214 230
214 231
214 259
214 262
214 263
214 267
214 269
214 275
214 277
214 278
214 286
214 293
214 294
214 295
214 323
214 324
214 327
214 331
214 339
214 340
214 341
214 342
214 347
214 348
214 351
214 354
214 356
214 357
214 358
214 366
214 369
214 372
214 387
214 388
214 391
214 394
214 395
214 404
214 406
214 408
214 411
214 415
214 418
214 420
214 421
214 422
214 433
214 435
214 438
214 449
214 451
214 452
214 458
214 459
214 462
214 468
214 470
214 476
214 478
214 484
214 485
214 494
214 497
214 500
214 502
214 516
214 518
214 519
214 531
214 532
214 533
214 534
214 540
214 541
214 542
214 548
214 549
214 561
214 564
214 579
214 583
214 587
214 594
214 595
214 596
214 597
214 598
214 604
214 606
214 608
214 610
214 613
214 614
214 625
214 640
214 643
214 646
214 647
214 651
214 657
214 660
214 661
214 662
214 668
214 674
214 676
214 677
214 678
214 689
214 691
214 692
214 707
214 710
214 711
214 715
214 718
214 723
214 725
214 726
214 731
214 732
214 742
214 743
214 771
214 774
214 775
214 779
214 781
214 782
214 783
214 787
214 805
214 807
214 820
214 839
214 843
214 846
214 847
214 851
214 853
214 854
214 855
214 862
214 864
214 868
214 869
214 870
214 884
214 897
214 903
214 906
214 907
214 915
214 916
214 917
214 918
214 924
214 926
214 930
214 934
214 948
214 960
214 961
214 962
214 964
214 967
214 970
214 978
214 980
214 981
214 982
214 988
214 990
214 991
214 992
214 997
214 1001
214 1009
214 1011
214 1014
214 1030
214 1031
214 1034
214 1035
214 1037
214 1038
214 1043
214 1044
214 1045
214 1046
214 1052
214 1056
214 1058
214 1061
214 1062
214 1076
214 1099
214 1110
214 1116
214 1125
214 1158
214 1216
214 1220
214 1236
214 1238
214 1246
214 1252
214 1253
214 1269
215 23
215 87
215 151
215 279
215 343
215 407
216 24
216 88
216 152
216 280
216 344
216 362
216 408
217 25
217 89
217 153
217 281
217 345
217 409
218 26
218 90
218 154
218 282
218 346
218 410
218 631
219 27
219 91
219 155
219 283
219 347
219 411
220 28
220 32
220 37
220 70
220 75
220 83
220 92
220 131
220 132
220 146
220 148
220 149
220 156
220 195
220 228
220 270
220 273
220 279
220 284
220 288
220 292
220 305
220 308
220 348
220 402
220 411
220 412
220 472
220 477
220 489
220 514
220 530
220 594
220 612
220 617
220 644
220 658
220 670
220 681
220 724
220 726
220 728
220 836
220 863
220 897
220 903
220 913
220 932
220 941
220 964
220 983
220 984
220 988
220 992
220 994
220 996
220 1011
220 1060
220 1115
220 1159
220 1217
220 1239
220 1250
221 29
221 93
221 157
221 285
221 330
221 349
221 413
221 739
222 6
222 7
222 11
222 13
222 14
222 19
222 20
222 21
222 22
222 28
222 30
222 32
222 38
222 71
222 76
222 78
222 79
222 94
222 134
222 135
222 139
222 141
222 146
222 147
222 150
222 156
222 158
222 164
222 166
222 167
222 196
222 198
222 199
222 203
222 205
222 206
222 211
222 212
222 213
222 214
222 230
222 231
222 259
222 262
222 263
222 267
222 269
222 275
222 277
222 278
222 286
222 293
222 294
222 295
222 323
222 324
222 327
222 331
222 339
222 340
222 341
222 342
222 347
222 348
222 350
222 351
222 354
222 356
222 357
222 358
222 366
222 369
222 372
222 387
222 388
222 391
222 394
222 395
222 404
222 406
222 408
222 411
222 414
222 415
222 418
222 420
222 421
222 422
222 433
222 435
222 438
222 449
222 451
222 452
222 458
222 459
222 462
222 468
222 470
222 476
222 478
222 484
222 494
222 497
222 500
222 502
222 516
222 518
222 519
222 531
222 532
222 533
222 534
222 540
222 541
222 542
222 548
222 549
222 561
222 564
222 579
222 583
222 587
222 594
222 595
222 596
222 597
222 598
222 604
222 606
222 608
222 610
222 613
222 614
222 625
222 640
222 643
222 646
222 647
222 651
222 657
222 660
222 661
222 662
222 668
222 674
222 676
222 677
222 678
222 689
222 691
222 692
222 707
222 710
222 711
222 715
222 718
222 723
222 725
222 726
222 731
222 732
222 742
222 743
222 771
222 774
222 775
222 779
222 781
222 782
222 783
222 787
222 805
222 807
222 820
222 839
222 843
222 846
222 847
222 851
222 853
222 854
222 855
222 862
222 864
222 868
222 869
222 870
222 884
222 897
222 903
222 906
222 907
222 915
222 916
222 917
222 918
222 924
222 926
222 930
222 934
222 948
222 960
222 961
222 962
222 964
222 967
222 970
222 978
222 980
222 981
222 982
222 988
222 990
222 991
222 992
222 997
222 1001
222 1009
222 1011
222 1014
222 1030
222 1031
222 1034
222 1035
222 1037
222 1038
222 1043
222 1044
222 1045
222 1046
222 1052
222 1056
222 1058
222 1061
222 1062
222 1076
222 1099
222 1110
222 1116
222 1125
222 1158
222 1216
222 1220
222 1236
222 1238
222 1246
222 1252
222 1253
222 1269
223 31
223 95
223 159
223 287
223 351
223 415
223 437
223 1189
224 32
224 96
224 160
224 288
224 352
224 416
225 33
225 97
225 161
225 289
225 353
225 373
225 417
225 504
225 1162
226 34
226 98
226 162
226 290
226 354
226 418
227 35
227 99
227 163
227 291
227 355
227 380
227 419
227 785
228 7
228 20
228 32
228 36
228 37
228 70
228 75
228 83
228 100
228 132
228 146
228 148
228 149
228 150
228 158
228 164
228 166
228 195
228 196
228 212
228 220
228 259
228 270
228 277
228 278
228 292
228 293
228 294
228 305
228 351
228 356
228 366
228 369
228 388
228 394
228 402
228 408
228 411
228 420
228 438
228 449
228 458
228 472
228 477
228 484
228 489
228 494
228 500
228 514
228 516
228 530
228 532
228 533
228 541
228 561
228 594
228 596
228 606
228 608
228 610
228 612
228 617
228 640
228 644
228 657
228 658
228 670
228 681
228 689
228 691
228 724
228 726
228 732
228 742
228 771
228 787
228 805
228 820
228 855
228 863
228 864
228 897
228 903
228 906
228 913
228 930
228 932
228 941
228 960
228 962
228 964
228 970
228 983
228 984
228 988
228 992
228 994
228 996
228 1011
228 1034
228 1052
228 1056
228 1060
228 1061
228 1092
228 1108
228 1118
228 1139
228 1156
228 1180
228 1226
228 1234
228 1239
228 1250
229 37
229 101
229 165
229 293
229 357
229 421
229 788
230 6
230 11
230 12
230 13
230 14
230 15
230 19
230 21
230 22
230 28
230 38
230 71
230 76
230 78
230 79
230 102
230 134
230 135
230 139
230 140
230 141
230 142
230 143
230 147
230 156
230 166
230 167
230 198
230 199
230 203
230 204
230 205
230 206
230 207
230 211
230 213
230 214
230 222
230 231
230 262
230 263
230 267
230 268
230 269
230 271
230 275
230 286
230 294
230 295
230 323
230 324
230 326
230 327
230 331
230 332
230 333
230 334
230 335
230 339
230 340
230 341
230 342
230 347
230 348
230 354
230 356
230 357
230 358
230 359
230 372
230 387
230 390
230 391
230 395
230 396
230 397
230 398
230 399
230 403
230 404
230 405
230 406
230 415
230 418
230 421
230 422
230 423
230 433
230 435
230 451
230 452
230 454
230 455
230 459
230 460
230 461
230 462
230 463
230 467
230 468
230 469
230 470
230 476
230 478
230 485
230 486
230 487
230 494
230 497
230 502
230 515
230 518
230 519
230 523
230 524
230 525
230 526
230 527
230 531
230 534
230 540
230 542
230 548
230 549
230 550
230 551
230 561
230 564
230 579
230 582
230 583
230 587
230 588
230 589
230 590
230 591
230 595
230 597
230 598
230 604
230 613
230 614
230 615
230 625
230 643
230 646
230 647
230 651
230 652
230 653
230 654
230 655
230 659
230 660
230 661
230 662
230 668
230 674
230 676
230 677
230 678
230 679
230 692
230 707
230 710
230 711
230 715
230 716
230 717
230 718
230 719
230 723
230 725
230 731
230 743
230 774
230 775
230 779
230 780
230 781
230 782
230 783
230 807
230 835
230 838
230 839
230 843
230 844
230 845
230 846
230 847
230 851
230 853
230 854
230 862
230 868
230 869
230 870
230 871
230 884
230 899
230 902
230 907
230 908
230 909
230 910
230 911
230 915
230 916
230 917
230 918
230 924
230 926
230 933
230 934
230 935
230 948
230 961
230 963
230 966
230 967
230 971
230 972
230 973
230 974
230 975
230 978
230 979
230 980
230 981
230 982
230 990
230 991
230 997
230 998
230 999
230 1001
230 1009
230 1012
230 1014
230 1027
230 1030
230 1031
230 1035
230 1036
230 1037
230 1038
230 1039
230 1043
230 1044
230 1045
230 1046
230 1058
230 1062
230 1063
230 1076
230 1091
230 1094
230 1095
230 1102
230 1107
230 1126
230 1127
230 1140
230 1155
230 1165
230 1166
230 1167
230 1171
230 1190
230 1191
230 1204
230 1222
230 1223
230 1230
230 1235
230 1237
230 1254
230 1255
230 1268
231 6
231 7
231 11
231 12
231 13
231 14
231 15
231 19
231 21
231 22
231 28
231 38
231 39
231 71
231 76
231 78
231 79
231 103
231 134
231 135
231 139
231 140
231 141
231 142
231 143
231 147
231 156
231 167
231 198
231 199
231 203
231 204
231 205
231 206
231 207
231 211
231 213
231 214
231 222
231 230
231 262
231 263
231 267
231 268
231 269
231 271
231 275
231 277
231 286
231 294
231 295
231 323
231 324
231 326
231 327
231 331
231 332
231 333
231 334
231 335
231 339
231 340
231 341
231 342
231 347
231 348
231 351
231 354
231 356
231 357
231 358
231 359
231 372
231 387
231 390
231 391
231 394
231 395
231 396
231 397
231 398
231 399
231 403
231 404
231 405
231 406
231 415
231 418
231 420
231 421
231 422
231 423
231 433
231 435
231 449
231 451
231 452
231 454
231 455
231 458
231 459
231 461
231 462
231 463
231 467
231 468
231 469
231 470
231 476
231 478
231 484
231 485
231 486
231 487
231 494
231 497
231 500
231 502
231 515
231 516
231 518
231 519
231 523
231 525
231 526
231 527
231 531
231 532
231 533
231 534
231 540
231 542
231 548
231 549
231 550
231 551
231 561
231 564
231 579
231 582
231 583
231 587
231 588
231 589
231 590
231 595
231 597
231 598
231 604
231 606
231 613
231 614
231 615
231 625
231 643
231 646
231 647
231 651
231 653
231 654
231 655
231 659
231 660
231 661
231 662
231 668
231 674
231 676
231 677
231 678
231 679
231 692
231 707
231 710
231 711
231 715
231 716
231 717
231 718
231 719
231 723
231 725
231 731
231 743
231 771
231 774
231 775
231 779
231 780
231 781
231 782
231 783
231 787
231 805
231 807
231 835
231 838
231 839
231 843
231 845
231 846
231 847
231 851
231 853
231 854
231 862
231 868
231 869
231 870
231 871
231 884
231 899
231 902
231 906
231 907
231 908
231 909
231 910
231 911
231 915
231 916
231 917
231 918
231 924
231 926
231 933
231 934
231 935
231 948
231 960
231 961
231 963
231 966
231 967
231 971
231 974
231 978
231 979
231 980
231 981
231 982
231 990
231 991
231 997
231 998
231 1001
231 1009
231 1012
231 1014
231 1027
231 1030
231 1031
231 1035
231 1036
231 1037
231 1038
231 1039
231 1043
231 1044
231 1045
231 1046
231 1052
231 1056
231 1058
231 1062
231 1063
231 1076
231 1094
231 1095
231 1102
231 1107
231 1126
231 1155
231 1166
231 1167
231 1171
231 1190
231 1191
231 1204
231 1223
231 1227
231 1235
231 1237
231 1255
232 40
232 104
232 168
232 296
232 360
232 424
232 898
233 41
233 105
233 169
233 297
233 361
233 425
233 894
233 936
234 42
234 106
234 170
234 298
234 362
234 426
235 43
235 107
235 171
235 299
235 363
235 427
236 44
236 108
236 172
236 300
236 364
236 428
236 821
236 1279
237 45
237 109
237 173
237 301
237 365
237 429
237 1176
238 46
238 110
238 153
238 174
238 302
238 366
238 430
238 641
239 47
239 111
239 175
239 303
239 367
239 431
239 574
240 48
240 112
240 176
240 304
240 368
240 432
241 49
241 113
241 177
241 305
241 369
241 433
242 50
242 114
242 178
242 306
242 370
242 434
243 51
243 115
243 179
243 307
243 371
243 435
244 52
244 116
244 180
244 308
244 372
244 436
245 53
245 117
245 181
245 309
245 373
245 437
246 54
246 118
246 182
246 310
246 374
246 438
246 575
246 1241
247 55
247 119
247 183
247 311
247 375
247 439
248 56
248 120
248 184
248 194
248 312
248 346
248 376
248 440
249 57
249 121
249 185
249 313
249 377
249 441
250 58
250 122
250 186
250 314
250 378
250 442
250 955
251 59
251 123
251 187
251 300
251 315
251 379
251 443
251 1213
252 60
252 124
252 188
252 316
252 380
252 444
253 61
253 125
253 189
253 317
253 381
253 445
254 62
254 126
254 190
254 318
254 382
254 446
254 639
255 63
255 127
255 191
255 319
255 383
255 447
256 64
256 128
256 160
256 192
256 320
256 384
256 448
256 563
256 809
257 65
257 129
257 193
257 321
257 385
257 449
257 603
257 666
258 66
258 130
258 194
258 322
258 386
258 450
259 7
259 11
259 20
259 21
259 22
259 28
259 32
259 67
259 70
259 71
259 83
259 131
259 132
259 135
259 139
259 146
259 148
259 149
259 150
259 158
259 164
259 166
259 167
259 195
259 196
259 199
259 211
259 212
259 214
259 222
259 228
259 263
259 270
259 275
259 277
259 278
259 292
259 293
259 294
259 305
259 323
259 340
259 342
259 347
259 351
259 354
259 366
259 369
259 387
259 388
259 394
259 402
259 408
259 411
259 415
259 418
259 420
259 433
259 438
259 449
259 451
259 458
259 472
259 484
259 489
259 494
259 497
259 500
259 516
259 530
259 532
259 533
259 541
259 548
259 561
259 564
259 594
259 595
259 596
259 598
259 604
259 606
259 608
259 610
259 614
259 617
259 625
259 640
259 657
259 662
259 668
259 670
259 674
259 676
259 689
259 691
259 718
259 724
259 726
259 731
259 732
259 742
259 771
259 774
259 775
259 779
259 787
259 805
259 820
259 839
259 851
259 855
259 862
259 864
259 868
259 869
259 870
259 897
259 903
259 906
259 913
259 916
259 917
259 930
259 941
259 960
259 961
259 962
259 964
259 970
259 983
259 984
259 988
259 990
259 991
259 992
259 994
259 996
259 1009
259 1011
259 1014
259 1031
259 1034
259 1043
259 1044
259 1045
259 1052
259 1056
259 1058
259 1060
259 1061
259 1062
259 1092
259 1099
259 1108
259 1109
259 1110
259 1116
259 1118
259 1125
259 1139
259 1156
259 1163
259 1174
259 1180
259 1188
260 68
260 132
260 196
260 324
260 388
260 452
261 9
261 69
261 73
261 133
261 197
261 325
261 329
261 389
261 393
261 453
261 517
261 581
261 628
261 649
261 713
261 777
261 837
261 901
261 965
261 1033
261 1097
261 1161
261 1221
262 6
262 11
262 12
262 13
262 14
262 15
262 19
262 21
262 22
262 28
262 38
262 70
262 71
262 76
262 78
262 79
262 134
262 135
262 139
262 140
262 141
262 142
262 143
262 147
262 156
262 167
262 198
262 199
262 203
262 204
262 205
262 206
262 207
262 211
262 213
262 214
262 222
262 230
262 231
262 263
262 267
262 268
262 269
262 271
262 275
262 286
262 294
262 295
262 323
262 324
262 326
262 327
262 331
262 332
262 333
262 334
262 335
262 339
262 340
262 341
262 342
262 347
262 348
262 354
262 356
262 357
262 358
262 359
262 372
262 387
262 390
262 391
262 395
262 396
262 397
262 398
262 399
262 403
262 404
262 405
262 406
262 415
262 418
262 421
262 422
262 423
262 433
262 435
262 451
262 452
262 454
262 455
262 459
262 461
262 462
262 463
262 467
262 468
262 469
262 470
262 476
262 478
262 484
262 485
262 486
262 487
262 494
262 497
262 500
262 502
262 515
262 516
262 518
262 519
262 523
262 524
262 525
262 526
262 527
262 531
262 533
262 534
262 540
262 542
262 548
262 549
262 550
262 551
262 561
262 564
262 579
262 582
262 583
262 587
262 588
262 589
262 590
262 591
262 595
262 597
262 598
262 604
262 606
262 613
262 614
262 615
262 625
262 643
262 646
262 647
262 651
262 652
262 653
262 654
262 655
262 659
262 660
262 661
262 662
262 668
262 674
262 676
262 677
262 678
262 679
262 692
262 707
262 710
262 711
262 715
262 716
262 717
262 718
262 719
262 723
262 725
262 731
262 743
262 771
262 774
262 775
262 779
262 780
262 781
262 782
262 783
262 787
262 807
262 835
262 838
262 839
262 843
262 845
262 846
262 847
262 851
262 853
262 854
262 862
262 868
262 869
262 870
262 871
262 884
262 899
262 902
262 907
262 908
262 909
262 910
262 911
262 915
262 916
262 917
262 918
262 924
262 926
262 933
262 934
262 935
262 948
262 960
262 961
262 963
262 966
262 967
262 971
262 972
262 974
262 975
262 978
262 979
262 980
262 981
262 982
262 990
262 991
262 997
262 998
262 999
262 1001
262 1009
262 1012
262 1014
262 1027
262 1030
262 1031
262 1035
262 1036
262 1037
262 1038
262 1039
262 1043
262 1044
262 1045
262 1046
262 1052
262 1058
262 1062
262 1063
262 1076
262 1091
262 1094
262 1095
262 1099
262 1100
262 1101
262 1102
262 1103
262 1107
262 1110
262 1116
262 1125
262 1126
262 1127
262 1140
262 1155
262 1165
262 1166
262 1167
262 1171
262 1190
262 1191
262 1204
262 1222
262 1223
262 1227
262 1230
262 1235
262 1237
262 1254
262 1255
262 1268
263 6
263 7
263 11
263 13
263 14
263 19
263 20
263 21
263 22
263 28
263 38
263 71
263 76
263 78
263 79
263 134
263 135
263 139
263 141
263 147
263 150
263 156
263 158
263 164
263 166
263 167
263 196
263 198
263 199
263 203
263 205
263 206
263 207
263 211
263 212
263 213
263 214
263 222
263 230
263 231
263 259
263 262
263 267
263 269
263 275
263 277
263 278
263 286
263 293
263 294
263 295
263 323
263 324
263 327
263 331
263 339
263 340
263 341
263 342
263 347
263 348
263 351
263 354
263 356
263 357
263 358
263 366
263 369
263 372
263 387
263 388
263 391
263 394
263 395
263 404
263 405
263 406
263 408
263 415
263 418
263 420
263 421
263 422
263 433
263 435
263 438
263 449
263 451
263 452
263 455
263 458
263 459
263 461
263 462
263 468
263 470
263 476
263 478
263 484
263 485
263 494
263 497
263 500
263 502
263 516
263 518
263 519
263 523
263 531
263 532
263 533
263 534
263 540
263 541
263 542
263 548
263 549
263 551
263 561
263 564
263 579
263 583
263 587
263 594
263 595
263 596
263 597
263 598
263 604
263 606
263 608
263 610
263 613
263 614
263 615
263 625
263 640
263 643
263 646
263 647
263 651
263 657
263 660
263 661
263 662
263 668
263 674
263 676
263 677
263 678
263 689
263 691
263 692
263 707
263 710
263 711
263 715
263 717
263 718
263 719
263 723
263 725
263 726
263 731
263 732
263 742
263 743
263 771
263 774
263 775
263 779
263 781
263 782
263 783
263 787
263 805
263 807
263 820
263 835
263 838
263 839
263 843
263 846
263 847
263 851
263 853
263 854
263 855
263 862
263 864
263 868
263 869
263 870
263 884
263 897
263 903
263 906
263 907
263 915
263 916
263 917
263 918
263 924
263 926
263 930
263 933
263 934
263 948
263 960
263 961
263 962
263 964
263 967
263 970
263 978
263 979
263 980
263 981
263 982
263 990
263 991
263 992
263 997
263 1001
263 1009
263 1014
263 1030
263 1031
263 1034
263 1035
263 1037
263 1038
263 1043
263 1044
263 1045
263 1046
263 1052
263 1056
263 1058
263 1061
263 1062
263 1076
263 1091
263 1094
263 1095
263 1099
263 1102
263 1107
263 1108
263 1109
263 1110
263 1116
263 1125
263 1126
263 1140
263 1158
263 1216
263 1220
263 1227
263 1236
263 1238
263 1246
263 1252
263 1253
263 1269
264 72
264 136
264 200
264 328
264 392
264 456
265 73
265 137
265 201
265 329
265 385
265 393
265 457
265 849
265 977
266 74
266 138
266 202
266 280
266 330
266 394
266 458
266 1265
267 6
267 7
267 11
267 13
267 14
267 15
267 19
267 21
267 22
267 28
267 38
267 71
267 75
267 76
267 78
267 79
267 134
267 135
267 139
267 140
267 141
267 142
267 143
267 147
267 156
267 158
267 166
267 167
267 196
267 198
267 199
267 203
267 204
267 205
267 206
267 207
267 211
267 212
267 213
267 214
267 222
267 230
267 231
267 262
267 263
267 268
267 269
267 275
267 277
267 286
267 294
267 295
267 323
267 324
267 326
267 327
267 331
267 332
267 333
267 334
267 335
267 339
267 340
267 341
267 342
267 347
267 348
267 351
267 354
267 356
267 357
267 358
267 359
267 369
267 372
267 387
267 388
267 390
267 391
267 394
267 395
267 397
267 398
267 399
267 403
267 404
267 405
267 406
267 415
267 418
267 420
267 421
267 422
267 423
267 433
267 435
267 438
267 449
267 451
267 452
267 454
267 455
267 458
267 459
267 461
267 462
267 463
267 467
267 468
267 469
267 470
267 476
267 478
267 484
267 485
267 486
267 487
267 494
267 497
267 500
267 502
267 515
267 516
267 518
267 519
267 523
267 525
267 526
267 527
267 531
267 532
267 533
267 534
267 540
267 542
267 548
267 549
267 550
267 551
267 561
267 564
267 579
267 582
267 583
267 587
267 588
267 589
267 590
267 595
267 597
267 598
267 604
267 606
267 608
267 610
267 613
267 614
267 615
267 625
267 643
267 646
267 647
267 651
267 653
267 654
267 659
267 660
267 661
267 662
267 668
267 674
267 676
267 677
267 678
267 679
267 692
267 707
267 710
267 711
267 715
267 716
267 717
267 718
267 719
267 723
267 725
267 731
267 732
267 742
267 743
267 771
267 774
267 775
267 779
267 780
267 781
267 782
267 783
267 787
267 805
267 807
267 835
267 838
267 839
267 843
267 846
267 847
267 851
267 853
267 854
267 862
267 868
267 869
267 870
267 871
267 884
267 899
267 902
267 906
267 907
267 909
267 910
267 911
267 915
267 916
267 917
267 918
267 924
267 926
267 933
267 934
267 935
267 948
267 960
267 961
267 966
267 967
267 971
267 974
267 978
267 979
267 980
267 981
267 982
267 990
267 991
267 997
267 998
267 1001
267 1009
267 1012
267 1014
267 1027
267 1030
267 1031
267 1034
267 1035
267 1036
267 1037
267 1038
267 1039
267 1043
267 1044
267 1045
267 1046
267 1052
267 1056
267 1058
267 1061
267 1062
267 1063
267 1076
267 1091
267 1094
267 1095
267 1099
267 1100
267 1101
267 1102
267 1103
267 1107
267 1110
267 1116
267 1125
267 1126
267 1127
267 1140
267 1166
267 1167
267 1171
267 1190
267 1191
267 1223
267 1227
267 1237
267 1253
268 6
268 12
268 13
268 14
268 15
268 19
268 38
268 76
268 134
268 140
268 141
268 142
268 143
268 147
268 156
268 198
268 203
268 204
268 206
268 207
268 213
268 230
268 231
268 262
268 267
268 269
268 271
268 295
268 326
268 327
268 331
268 332
268 333
268 334
268 335
268 339
268 341
268 348
268 356
268 357
268 358
268 359
268 372
268 387
268 390
268 395
268 396
268 397
268 398
268 399
268 403
268 405
268 406
268 422
268 423
268 435
268 451
268 452
268 454
268 455
268 459
268 460
268 461
268 462
268 463
268 467
268 468
268 469
268 470
268 476
268 478
268 485
268 486
268 487
268 515
268 519
268 523
268 524
268 525
268 526
268 527
268 534
268 540
268 542
268 549
268 550
268 551
268 579
268 582
268 583
268 587
268 588
268 589
268 590
268 591
268 615
268 643
268 646
268 651
268 652
268 653
268 654
268 655
268 659
268 661
268 678
268 679
268 692
268 707
268 711
268 715
268 716
268 717
268 719
268 743
268 780
268 781
268 782
268 783
268 807
268 835
268 838
268 843
268 844
268 845
268 846
268 847
268 853
268 871
268 884
268 899
268 902
268 907
268 908
268 909
268 910
268 911
268 915
268 924
268 933
268 934
268 935
268 948
268 963
268 966
268 967
268 971
268 972
268 973
268 974
268 975
268 978
268 979
268 980
268 981
268 982
268 997
268 998
268 999
268 1001
268 1012
268 1027
268 1036
268 1037
268 1039
268 1063
268 1076
268 1091
268 1094
268 1095
268 1100
268 1101
268 1102
268 1103
268 1107
268 1126
268 1127
268 1140
268 1164
268 1165
268 1219
268 1228
268 1229
268 1231
269 6
269 11
269 12
269 13
269 14
269 15
269 19
269 21
269 22
269 28
269 38
269 71
269 76
269 77
269 78
269 79
269 134
269 135
269 139
269 140
269 141
269 142
269 143
269 147
269 156
269 167
269 198
269 199
269 203
269 204
269 205
269 206
269 207
269 211
269 213
269 214
269 222
269 230
269 231
269 262
269 263
269 267
269 268
269 271
269 275
269 277
269 286
269 294
269 295
269 323
269 324
269 326
269 327
269 331
269 332
269 333
269 334
269 335
269 339
269 340
269 341
269 342
269 347
269 348
269 351
269 354
269 356
269 357
269 358
269 359
269 372
269 387
269 390
269 391
269 394
269 395
269 396
269 397
269 398
269 399
269 403
269 404
269 405
269 406
269 415
269 418
269 421
269 422
269 423
269 433
269 435
269 449
269 451
269 452
269 454
269 455
269 459
269 461
269 462
269 463
269 467
269 468
269 469
269 470
269 476
269 478
269 484
269 485
269 486
269 487
269 494
269 497
269 500
269 502
269 515
269 516
269 518
269 519
269 523
269 524
269 525
269 526
269 527
269 531
269 533
269 534
269 540
269 542
269 548
269 549
269 550
269 551
269 561
269 564
269 579
269 582
269 583
269 587
269 588
269 589
269 590
269 591
269 595
269 597
269 598
269 604
269 606
269 613
269 614
269 615
269 625
269 643
269 646
269 647
269 651
269 652
269 653
269 654
269 655
269 659
269 660
269 661
269 662
269 668
269 674
269 676
269 677
269 678
269 679
269 692
269 707
269 710
269 711
269 715
269 716
269 717
269 718
269 719
269 723
269 725
269 731
269 743
269 771
269 774
269 775
269 779
269 780
269 781
269 782
269 783
269 787
269 805
269 807
269 835
269 838
269 839
269 843
269 845
269 846
269 847
269 851
269 853
269 854
269 862
269 868
269 869
269 870
269 871
269 884
269 899
269 902
269 906
269 907
269 908
269 909
269 910
269 911
269 915
269 916
269 917
269 918
269 924
269 926
269 933
269 934
269 935
269 948
269 960
269 961
269 963
269 966
269 967
269 971
269 974
269 975
269 978
269 979
269 980
269 981
269 982
269 990
269 991
269 997
269 998
269 999
269 1001
269 1009
269 1012
269 1014
269 1027
269 1030
269 1031
269 1035
269 1036
269 1037
269 1038
269 1039
269 1043
269 1044
269 1045
269 1046
269 1052
269 1056
269 1058
269 1062
269 1063
269 1076
269 1091
269 1094
269 1095
269 1099
269 1100
269 1101
269 1102
269 1103
269 1107
269 1110
269 1116
269 1125
269 1126
269 1127
269 1140
269 1155
269 1166
269 1167
269 1171
269 1190
269 1191
269 1204
269 1223
269 1227
269 1235
269 1237
269 1254
269 1255
269 1268
270 7
270 20
270 32
270 37
270 70
270 75
270 78
270 83
270 132
270 142
270 146
270 148
270 149
270 150
270 158
270 164
270 166
270 195
270 196
270 206
270 212
270 220
270 228
270 259
270 277
270 278
270 292
270 293
270 294
270 305
270 334
270 351
270 366
270 369
270 388
270 394
270 398
270 402
270 408
270 411
270 420
270 438
270 449
270 458
270 462
270 472
270 477
270 484
270 489
270 500
270 514
270 516
270 530
270 532
270 533
270 541
270 594
270 596
270 606
270 608
270 610
270 612
270 617
270 640
270 644
270 657
270 658
270 670
270 681
270 689
270 691
270 724
270 726
270 732
270 742
270 771
270 787
270 805
270 820
270 855
270 863
270 864
270 897
270 903
270 906
270 913
270 930
270 932
270 941
270 960
270 962
270 964
270 970
270 983
270 984
270 988
270 992
270 994
270 996
270 1011
270 1034
270 1052
270 1056
270 1060
270 1061
270 1092
270 1108
270 1109
270 1110
270 1115
270 1118
270 1125
270 1139
270 1180
270 1226
270 1234
270 1239
270 1250
271 6
271 12
271 13
271 14
271 15
271 19
271 38
271 76
271 79
271 134
271 140
271 141
271 142
271 143
271 147
271 156
271 198
271 203
271 204
271 206
271 207
271 230
271 231
271 262
271 268
271 269
271 295
271 326
271 327
271 331
271 332
271 333
271 334
271 335
271 339
271 348
271 356
271 357
271 358
271 359
271 372
271 387
271 390
271 395
271 396
271 397
271 398
271 399
271 403
271 405
271 406
271 422
271 423
271 451
271 452
271 454
271 455
271 459
271 460
271 461
271 462
271 463
271 467
271 468
271 469
271 470
271 476
271 478
271 485
271 486
271 487
271 515
271 519
271 523
271 524
271 525
271 526
271 527
271 534
271 540
271 542
271 549
271 550
271 551
271 579
271 582
271 583
271 587
271 588
271 589
271 590
271 591
271 615
271 643
271 646
271 651
271 652
271 653
271 654
271 655
271 659
271 661
271 678
271 679
271 692
271 707
271 711
271 715
271 716
271 717
271 719
271 743
271 780
271 781
271 783
271 807
271 835
271 838
271 843
271 844
271 845
271 846
271 847
271 853
271 871
271 884
271 899
271 902
271 907
271 908
271 909
271 910
271 911
271 915
271 924
271 933
271 934
271 935
271 948
271 963
271 966
271 967
271 971
271 972
271 973
271 974
271 975
271 978
271 979
271 980
271 981
271 982
271 997
271 998
271 999
271 1001
271 1012
271 1027
271 1036
271 1037
271 1039
271 1063
271 1076
271 1091
271 1094
271 1100
271 1101
271 1102
271 1103
271 1107
271 1126
271 1127
271 1140
271 1164
271 1219
271 1228
271 1229
271 1231
272 80
272 144
272 208
272 336
272 400
272 464
272 559
272 687
272 747
272 1080
272 1276
273 37
273 75
273 81
273 83
273 92
273 131
273 132
273 145
273 209
273 220
273 279
273 288
273 308
273 337
273 361
273 401
273 402
273 465
273 477
273 501
273 514
273 530
273 544
273 612
273 617
273 644
273 658
273 681
273 724
273 728
273 836
273 863
273 913
273 932
273 941
273 983
273 994
273 1051
273 1115
273 1217
274 82
274 146
274 210
274 338
274 402
274 466
275 6
275 7
275 11
275 13
275 14
275 19
275 20
275 21
275 22
275 28
275 32
275 38
275 71
275 76
275 78
275 79
275 83
275 134
275 135
275 139
275 141
275 146
275 147
275 150
275 156
275 158
275 164
275 166
275 167
275 196
275 198
275 199
275 203
275 205
275 206
275 211
275 212
275 213
275 214
275 222
275 230
275 231
275 259
275 262
275 263
275 267
275 269
275 277
275 278
275 286
275 293
275 294
275 295
275 323
275 324
275 327
275 331
275 339
275 340
275 341
275 342
275 347
275 348
275 351
275 354
275 356
275 357
275 358
275 366
275 369
275 372
275 387
275 388
275 391
275 394
275 395
275 403
275 404
275 406
275 408
275 411
275 415
275 418
275 420
275 421
275 422
275 433
275 435
275 438
275 449
275 451
275 452
275 458
275 459
275 462
275 467
275 468
275 470
275 476
275 478
275 484
275 494
275 497
275 500
275 502
275 516
275 518
275 519
275 531
275 532
275 533
275 534
275 540
275 541
275 542
275 548
275 549
275 561
275 564
275 579
275 583
275 587
275 594
275 595
275 596
275 597
275 598
275 604
275 606
275 608
275 610
275 613
275 614
275 625
275 640
275 643
275 646
275 647
275 651
275 657
275 660
275 661
275 662
275 668
275 674
275 676
275 677
275 678
275 689
275 691
275 692
275 707
275 710
275 711
275 715
275 718
275 723
275 725
275 726
275 731
275 732
275 742
275 743
275 771
275 774
275 775
275 779
275 781
275 782
275 783
275 787
275 805
275 807
275 820
275 839
275 843
275 846
275 847
275 851
275 853
275 854
275 855
275 862
275 864
275 868
275 869
275 870
275 884
275 897
275 903
275 906
275 907
275 915
275 916
275 917
275 918
275 924
275 926
275 930
275 934
275 948
275 960
275 961
275 962
275 964
275 967
275 970
275 978
275 980
275 981
275 982
275 988
275 990
275 991
275 992
275 997
275 1001
275 1009
275 1011
275 1014
275 1030
275 1031
275 1034
275 1035
275 1037
275 1038
275 1043
275 1044
275 1045
275 1046
275 1052
275 1056
275 1058
275 1061
275 1062
275 1076
275 1094
275 1095
275 1099
275 1102
275 1107
275 1108
275 1109
275 1110
275 1116
275 1125
275 1126
275 1158
275 1216
275 1220
275 1236
275 1238
275 1246
275 1252
275 1253
275 1269
276 84
276 148
276 212
276 340
276 404
276 468
277 7
277 11
277 14
277 20
277 21
277 22
277 28
277 32
277 38
277 70
277 71
277 76
277 78
277 79
277 85
277 134
277 135
277 139
277 141
277 146
277 147
277 148
277 149
277 150
277 156
277 158
277 164
277 166
277 167
277 196
277 199
277 203
277 205
277 211
277 212
277 213
277 214
277 222
277 228
277 231
277 259
277 263
277 267
277 269
277 270
277 275
277 278
277 286
277 292
277 293
277 294
277 295
277 323
277 324
277 327
277 340
277 341
277 342
277 347
277 351
277 354
277 357
277 366
277 369
277 372
277 388
277 391
277 394
277 404
277 405
277 406
277 408
277 411
277 415
277 418
277 420
277 421
277 433
277 435
277 438
277 449
277 452
277 458
277 459
277 462
277 469
277 476
277 478
277 484
277 489
277 494
277 497
277 500
277 502
277 516
277 518
277 531
277 532
277 533
277 534
277 540
277 541
277 542
277 548
277 561
277 564
277 583
277 594
277 595
277 596
277 597
277 598
277 604
277 606
277 608
277 610
277 613
277 614
277 625
277 640
277 647
277 657
277 660
277 662
277 668
277 674
277 676
277 677
277 689
277 691
277 692
277 710
277 711
277 715
277 718
277 723
277 725
277 726
277 731
277 732
277 742
277 743
277 771
277 774
277 775
277 779
277 782
277 783
277 787
277 805
277 820
277 839
277 851
277 853
277 854
277 855
277 862
277 864
277 868
277 869
277 870
277 897
277 903
277 906
277 916
277 917
277 918
277 926
277 930
277 934
277 960
277 961
277 962
277 964
277 967
277 970
277 980
277 984
277 988
277 990
277 991
277 992
277 996
277 997
277 1001
277 1009
277 1011
277 1014
277 1030
277 1031
277 1034
277 1035
277 1038
277 1043
277 1044
277 1045
277 1046
277 1052
277 1056
277 1058
277 1060
277 1061
277 1062
277 1094
277 1095
277 1099
277 1102
277 1107
277 1108
277 1109
277 1110
277 1116
277 1125
277 1139
277 1158
277 1163
277 1174
277 1216
277 1220
277 1236
277 1238
277 1246
277 1252
277 1269
278 7
278 11
278 20
278 21
278 22
278 28
278 32
278 70
278 71
278 79
278 83
278 86
278 132
278 135
278 139
278 146
278 148
278 149
278 150
278 158
278 164
278 166
278 167
278 195
278 196
278 199
278 211
278 212
278 214
278 222
278 228
278 259
278 263
278 270
278 275
278 277
278 292
278 293
278 294
278 305
278 324
278 340
278 342
278 347
278 351
278 354
278 366
278 369
278 388
278 394
278 402
278 406
278 408
278 411
278 415
278 418
278 420
278 433
278 438
278 449
278 458
278 470
278 472
278 484
278 489
278 494
278 497
278 500
278 502
278 516
278 530
278 532
278 533
278 541
278 548
278 561
278 564
278 594
278 595
278 596
278 598
278 604
278 606
278 608
278 610
278 614
278 617
278 625
278 640
278 657
278 662
278 668
278 670
278 674
278 676
278 689
278 691
278 718
278 724
278 725
278 726
278 731
278 732
278 742
278 771
278 774
278 775
278 779
278 787
278 805
278 820
278 839
278 851
278 855
278 862
278 864
278 868
278 869
278 870
278 897
278 903
278 906
278 913
278 916
278 917
278 930
278 960
278 961
278 962
278 964
278 970
278 984
278 988
278 990
278 991
278 992
278 994
278 996
278 1009
278 1011
278 1014
278 1031
278 1034
278 1035
278 1043
278 1044
278 1045
278 1052
278 1056
278 1058
278 1060
278 1061
278 1062
278 1092
278 1099
278 1108
278 1109
278 1110
278 1116
278 1118
278 1125
278 1139
278 1156
278 1163
278 1174
278 1180
278 1188
278 1269
279 37
279 75
279 83
279 87
279 92
279 131
279 132
279 151
279 215
279 220
279 273
279 288
279 305
279 308
279 343
279 361
279 402
279 407
279 471
279 472
279 477
279 514
279 530
279 544
279 612
279 617
279 644
279 658
279 670
279 681
279 724
279 728
279 836
279 863
279 913
279 932
279 941
279 983
279 994
279 1051
279 1092
279 1115
279 1118
279 1217
280 88
280 152
280 216
280 266
280 344
280 408
280 472
280 1265
281 33
281 89
281 153
281 217
281 345
281 409
281 473
281 1197
282 90
282 129
282 154
282 218
282 346
282 410
282 474
283 91
283 155
283 219
283 347
283 411
283 475
283 714
284 92
284 156
284 220
284 348
284 412
284 476
284 705
285 93
285 157
285 221
285 349
285 376
285 413
285 477
285 507
285 1004
285 1042
286 6
286 7
286 11
286 13
286 14
286 15
286 19
286 20
286 21
286 22
286 28
286 38
286 71
286 76
286 78
286 79
286 94
286 134
286 135
286 139
286 140
286 141
286 142
286 143
286 147
286 156
286 158
286 164
286 166
286 167
286 196
286 198
286 199
286 203
286 204
286 205
286 206
286 207
286 211
286 212
286 213
286 214
286 222
286 230
286 231
286 262
286 263
286 267
286 269
286 275
286 277
286 293
286 294
286 295
286 323
286 324
286 326
286 327
286 331
286 333
286 334
286 339
286 340
286 341
286 342
286 347
286 348
286 350
286 351
286 354
286 356
286 357
286 358
286 359
286 366
286 369
286 372
286 387
286 388
286 390
286 391
286 394
286 395
286 397
286 403
286 404
286 405
286 406
286 408
286 414
286 415
286 418
286 420
286 421
286 422
286 423
286 433
286 435
286 438
286 449
286 451
286 452
286 454
286 455
286 458
286 459
286 461
286 462
286 463
286 467
286 468
286 469
286 470
286 476
286 478
286 484
286 485
286 486
286 487
286 494
286 497
286 500
286 502
286 515
286 516
286 518
286 519
286 523
286 525
286 526
286 531
286 532
286 533
286 534
286 540
286 542
286 548
286 549
286 551
286 561
286 564
286 579
286 582
286 583
286 587
286 588
286 589
286 590
286 595
286 596
286 597
286 598
286 604
286 606
286 608
286 610
286 613
286 614
286 615
286 625
286 643
286 646
286 647
286 651
286 653
286 659
286 660
286 661
286 662
286 668
286 674
286 676
286 677
286 678
286 679
286 691
286 692
286 707
286 710
286 711
286 715
286 716
286 717
286 718
286 719
286 723
286 725
286 731
286 732
286 742
286 743
286 771
286 774
286 775
286 779
286 780
286 781
286 782
286 783
286 787
286 805
286 807
286 820
286 835
286 838
286 839
286 843
286 846
286 847
286 851
286 853
286 854
286 862
286 868
286 869
286 870
286 871
286 884
286 902
286 906
286 907
286 910
286 911
286 915
286 916
286 917
286 918
286 924
286 926
286 930
286 933
286 934
286 935
286 948
286 960
286 961
286 966
286 967
286 971
286 974
286 978
286 979
286 980
286 981
286 982
286 990
286 991
286 997
286 998
286 1001
286 1009
286 1012
286 1014
286 1027
286 1030
286 1031
286 1034
286 1035
286 1037
286 1038
286 1039
286 1043
286 1044
286 1045
286 1046
286 1052
286 1056
286 1058
286 1061
286 1062
286 1063
286 1076
286 1091
286 1094
286 1095
286 1099
286 1100
286 1101
286 1102
286 1103
286 1107
286 1110
286 1116
286 1125
286 1126
286 1127
286 1140
286 1166
286 1167
286 1171
286 1190
286 1191
286 1227
286 1237
286 1253
287 95
287 159
287 223
287 351
287 415
287 479
287 1111
288 37
288 70
288 75
288 83
288 92
288 96
288 131
288 132
288 160
288 195
288 220
288 224
288 273
288 279
288 305
288 308
288 352
288 361
288 402
288 416
288 472
288 477
288 480
288 514
288 530
288 544
288 612
288 617
288 644
288 658
288 670
288 681
288 724
288 728
288 836
288 863
288 913
288 932
288 941
288 983
288 994
288 1051
288 1092
288 1115
288 1118
288 1139
288 1217
289 97
289 161
289 225
289 353
289 417
289 481
290 98
290 162
290 226
290 354
290 418
290 482
290 735
291 99
291 163
291 227
291 355
291 419
291 424
291 483
291 1123
292 7
292 20
292 32
292 37
292 70
292 75
292 83
292 100
292 132
292 146
292 148
292 149
292 150
292 158
292 164
292 166
292 195
292 196
292 212
292 220
292 228
292 259
292 270
292 277
292 278
292 293
292 294
292 305
292 351
292 356
292 366
292 369
292 388
292 394
292 402
292 408
292 411
292 420
292 438
292 449
292 458
292 472
292 477
292 484
292 489
292 500
292 514
292 516
292 530
292 532
292 541
292 594
292 596
292 608
292 610
292 612
292 617
292 640
292 644
292 657
292 658
292 670
292 681
292 689
292 691
292 724
292 726
292 732
292 742
292 771
292 787
292 805
292 820
292 855
292 863
292 864
292 897
292 903
292 906
292 913
292 930
292 932
292 941
292 960
292 962
292 964
292 970
292 983
292 984
292 988
292 992
292 994
292 996
292 1011
292 1034
292 1052
292 1056
292 1060
292 1061
292 1092
292 1108
292 1109
292 1110
292 1115
292 1118
292 1125
292 1139
292 1180
292 1226
292 1234
292 1239
292 1250
293 7
293 11
293 20
293 21
293 22
293 28
293 32
293 70
293 71
293 78
293 79
293 83
293 101
293 132
293 135
293 139
293 146
293 148
293 149
293 150
293 158
293 164
293 165
293 166
293 167
293 195
293 196
293 199
293 205
293 211
293 212
293 214
293 222
293 228
293 229
293 259
293 263
293 270
293 275
293 277
293 278
293 286
293 292
293 294
293 305
293 323
293 324
293 340
293 342
293 347
293 351
293 354
293 357
293 366
293 369
293 388
293 394
293 402
293 404
293 408
293 411
293 415
293 418
293 420
293 421
293 433
293 438
293 449
293 458
293 472
293 484
293 485
293 489
293 494
293 497
293 500
293 502
293 516
293 530
293 531
293 532
293 533
293 541
293 548
293 561
293 564
293 594
293 595
293 596
293 597
293 598
293 604
293 606
293 608
293 610
293 613
293 614
293 617
293 625
293 640
293 647
293 657
293 660
293 662
293 668
293 670
293 674
293 676
293 677
293 689
293 691
293 710
293 718
293 723
293 725
293 726
293 731
293 732
293 742
293 771
293 774
293 775
293 779
293 787
293 805
293 820
293 839
293 851
293 855
293 862
293 864
293 868
293 869
293 870
293 897
293 903
293 906
293 913
293 916
293 917
293 918
293 926
293 930
293 960
293 961
293 962
293 964
293 970
293 984
293 988
293 990
293 991
293 992
293 994
293 996
293 1009
293 1011
293 1014
293 1030
293 1031
293 1034
293 1035
293 1043
293 1044
293 1045
293 1046
293 1052
293 1056
293 1058
293 1060
293 1061
293 1062
293 1092
293 1099
293 1108
293 1109
293 1110
293 1116
293 1118
293 1125
293 1139
293 1156
293 1158
293 1163
293 1174
293 1180
293 1188
293 1216
293 1269
294 7
294 11
294 13
294 14
294 20
294 21
294 22
294 28
294 32
294 38
294 71
294 76
294 78
294 79
294 102
294 134
294 135
294 139
294 141
294 146
294 147
294 148
294 149
294 150
294 156
294 158
294 164
294 166
294 167
294 196
294 198
294 199
294 203
294 205
294 211
294 212
294 213
294 214
294 222
294 228
294 230
294 231
294 259
294 262
294 263
294 267
294 269
294 270
294 275
294 277
294 278
294 286
294 292
294 293
294 295
294 323
294 324
294 327
294 340
294 341
294 342
294 347
294 348
294 351
294 354
294 357
294 358
294 366
294 369
294 372
294 388
294 391
294 394
294 404
294 406
294 408
294 411
294 415
294 418
294 420
294 421
294 422
294 433
294 435
294 438
294 449
294 451
294 452
294 458
294 459
294 462
294 468
294 476
294 478
294 484
294 486
294 489
294 494
294 497
294 500
294 502
294 516
294 518
294 531
294 532
294 533
294 534
294 540
294 541
294 542
294 548
294 549
294 561
294 564
294 583
294 594
294 595
294 596
294 597
294 598
294 604
294 606
294 608
294 610
294 613
294 614
294 625
294 640
294 646
294 647
294 651
294 657
294 660
294 661
294 662
294 668
294 674
294 676
294 677
294 678
294 689
294 691
294 692
294 710
294 711
294 715
294 718
294 723
294 725
294 726
294 731
294 732
294 742
294 743
294 771
294 774
294 775
294 779
294 782
294 783
294 787
294 805
294 807
294 820
294 839
294 843
294 851
294 853
294 854
294 855
294 862
294 864
294 868
294 869
294 870
294 897
294 903
294 906
294 916
294 917
294 918
294 924
294 926
294 930
294 934
294 960
294 961
294 962
294 964
294 967
294 970
294 978
294 980
294 984
294 988
294 990
294 991
294 992
294 996
294 997
294 1001
294 1009
294 1011
294 1014
294 1030
294 1031
294 1034
294 1035
294 1038
294 1043
294 1044
294 1045
294 1046
294 1052
294 1056
294 1058
294 1060
294 1061
294 1062
294 1094
294 1095
294 1099
294 1102
294 1107
294 1108
294 1109
294 1110
294 1116
294 1125
294 1126
294 1158
294 1163
294 1174
294 1216
294 1220
294 1236
294 1238
294 1246
294 1252
294 1269
295 6
295 7
295 11
295 12
295 13
295 14
295 15
295 19
295 21
295 22
295 28
295 38
295 71
295 76
295 78
295 79
295 103
295 134
295 135
295 139
295 140
295 141
295 142
295 143
295 147
295 156
295 166
295 167
295 196
295 198
295 199
295 203
295 204
295 205
295 206
295 207
295 211
295 213
295 214
295 222
295 230
295 231
295 262
295 263
295 267
295 268
295 269
295 271
295 275
295 277
295 286
295 294
295 323
295 324
295 326
295 327
295 331
295 332
295 333
295 334
295 335
295 339
295 340
295 341
295 342
295 347
295 348
295 351
295 354
295 356
295 357
295 358
295 359
295 369
295 372
295 387
295 390
295 391
295 394
295 395
295 396
295 397
295 398
295 399
295 403
295 404
295 405
295 406
295 415
295 418
295 420
295 421
295 422
295 423
295 433
295 435
295 438
295 449
295 451
295 452
295 454
295 455
295 458
295 459
295 461
295 462
295 463
295 467
295 468
295 469
295 470
295 476
295 478
295 484
295 485
295 486
295 487
295 494
295 497
295 500
295 502
295 515
295 516
295 518
295 519
295 523
295 525
295 526
295 527
295 531
295 532
295 533
295 534
295 540
295 542
295 548
295 549
295 550
295 551
295 561
295 564
295 579
295 582
295 583
295 587
295 588
295 589
295 590
295 595
295 597
295 598
295 604
295 606
295 610
295 613
295 614
295 615
295 625
295 643
295 646
295 647
295 651
295 653
295 654
295 655
295 659
295 660
295 661
295 662
295 668
295 674
295 676
295 677
295 678
295 679
295 692
295 707
295 710
295 711
295 715
295 716
295 717
295 718
295 719
295 723
295 725
295 731
295 743
295 771
295 774
295 775
295 779
295 780
295 781
295 782
295 783
295 787
295 805
295 807
295 835
295 838
295 839
295 843
295 846
295 847
295 851
295 853
295 854
295 862
295 868
295 869
295 870
295 871
295 884
295 899
295 902
295 906
295 907
295 909
295 910
295 911
295 915
295 916
295 917
295 918
295 924
295 926
295 933
295 934
295 935
295 948
295 960
295 961
295 966
295 967
295 971
295 974
295 978
295 979
295 980
295 981
295 982
295 990
295 991
295 997
295 998
295 1001
295 1009
295 1012
295 1014
295 1027
295 1030
295 1031
295 1034
295 1035
295 1036
295 1037
295 1038
295 1039
295 1043
295 1044
295 1045
295 1046
295 1052
295 1056
295 1058
295 1062
295 1063
295 1076
295 1091
295 1094
295 1095
295 1099
295 1100
295 1101
295 1102
295 1103
295 1107
295 1110
295 1116
295 1125
295 1126
295 1127
295 1140
295 1166
295 1167
295 1171
295 1190
295 1191
295 1204
295 1223
295 1227
295 1235
295 1237
295 1253
296 104
296 168
296 183
296 232
296 360
296 424
296 488
296 1201
296 1205
296 1242
297 105
297 169
297 233
297 361
297 377
297 425
297 489
298 106
298 170
298 234
298 362
298 426
298 490
299 107
299 171
299 235
299 363
299 427
299 491
300 108
300 172
300 236
300 251
300 364
300 428
300 492
300 1213
301 109
301 173
301 237
301 365
301 429
301 493
302 110
302 159
302 174
302 238
302 366
302 430
302 494
302 1023
302 1026
303 111
303 175
303 239
303 367
303 431
303 495
304 112
304 176
304 240
304 368
304 432
304 496
305 7
305 20
305 32
305 37
305 70
305 75
305 83
305 113
305 132
305 146
305 148
305 149
305 150
305 158
305 164
305 166
305 177
305 195
305 196
305 212
305 220
305 228
305 241
305 259
305 270
305 278
305 279
305 288
305 292
305 293
305 366
305 369
305 388
305 402
305 408
305 411
305 420
305 433
305 438
305 458
305 472
305 477
305 489
305 497
305 514
305 530
305 532
305 541
305 594
305 596
305 608
305 610
305 612
305 617
305 640
305 644
305 657
305 658
305 670
305 681
305 689
305 691
305 724
305 726
305 728
305 732
305 742
305 820
305 855
305 863
305 864
305 897
305 903
305 913
305 930
305 932
305 941
305 962
305 964
305 970
305 983
305 984
305 988
305 992
305 994
305 996
305 1011
305 1034
305 1060
305 1061
305 1092
305 1108
305 1109
305 1115
305 1118
305 1139
305 1226
305 1234
305 1239
305 1250
306 114
306 178
306 242
306 370
306 434
306 498
306 1049
307 115
307 179
307 243
307 371
307 435
307 499
307 667
308 37
308 75
308 92
308 116
308 131
308 180
308 220
308 244
308 273
308 279
308 288
308 361
308 372
308 436
308 477
308 500
308 501
308 514
308 544
308 612
308 644
308 658
308 681
308 724
308 728
308 836
308 863
308 932
308 941
308 983
308 1051
308 1115
308 1172
309 117
309 181
309 245
309 373
309 437
309 501
309 1077
310 118
310 154
310 182
310 246
310 374
310 438
310 502
310 602
310 878
311 119
311 183
311 247
311 375
311 439
311 503
311 601
312 120
312 184
312 248
312 376
312 440
312 504
313 121
313 185
313 249
313 377
313 441
313 447
313 505
314 122
314 186
314 250
314 378
314 442
314 506
314 1199
315 114
315 123
315 187
315 251
315 379
315 443
315 507
316 124
316 188
316 252
316 380
316 444
316 508
316 1070
316 1181
317 65
317 125
317 189
317 253
317 381
317 445
317 509
318 126
318 190
318 254
318 382
318 446
318 510
318 639
319 127
319 191
319 255
319 383
319 447
319 511
320 128
320 192
320 256
320 384
320 448
320 512
321 129
321 193
321 257
321 385
321 449
321 513
322 130
322 194
322 258
322 386
322 450
322 514
322 558
323 6
323 7
323 11
323 13
323 14
323 19
323 20
323 21
323 22
323 28
323 38
323 71
323 76
323 78
323 79
323 131
323 134
323 135
323 139
323 140
323 141
323 142
323 143
323 147
323 156
323 158
323 164
323 166
323 167
323 195
323 196
323 198
323 199
323 203
323 204
323 205
323 206
323 207
323 211
323 212
323 213
323 214
323 222
323 230
323 231
323 259
323 262
323 263
323 267
323 269
323 275
323 277
323 286
323 293
323 294
323 295
323 324
323 326
323 327
323 331
323 333
323 334
323 339
323 340
323 341
323 342
323 347
323 348
323 351
323 354
323 356
323 357
323 358
323 359
323 366
323 369
323 372
323 387
323 388
323 390
323 391
323 394
323 395
323 397
323 403
323 404
323 405
323 406
323 408
323 415
323 418
323 420
323 421
323 422
323 423
323 433
323 435
323 438
323 449
323 451
323 452
323 454
323 455
323 458
323 459
323 461
323 462
323 463
323 467
323 468
323 469
323 470
323 476
323 478
323 484
323 485
323 486
323 487
323 494
323 497
323 500
323 502
323 515
323 516
323 518
323 519
323 523
323 525
323 526
323 531
323 532
323 533
323 534
323 540
323 541
323 542
323 548
323 549
323 551
323 561
323 564
323 579
323 582
323 583
323 587
323 588
323 589
323 590
323 595
323 596
323 597
323 598
323 604
323 606
323 608
323 610
323 613
323 614
323 615
323 625
323 643
323 646
323 647
323 651
323 653
323 659
323 660
323 661
323 662
323 668
323 674
323 676
323 677
323 678
323 679
323 691
323 692
323 707
323 710
323 711
323 715
323 716
323 717
323 718
323 719
323 723
323 725
323 731
323 732
323 742
323 743
323 771
323 774
323 775
323 779
323 780
323 781
323 782
323 783
323 787
323 805
323 807
323 820
323 835
323 838
323 839
323 843
323 846
323 847
323 851
323 853
323 854
323 862
323 868
323 869
323 870
323 871
323 884
323 902
323 906
323 907
323 910
323 911
323 915
323 916
323 917
323 918
323 924
323 926
323 930
323 933
323 934
323 935
323 948
323 960
323 961
323 966
323 967
323 971
323 974
323 978
323 979
323 980
323 981
323 982
323 990
323 991
323 997
323 998
323 1001
323 1009
323 1012
323 1014
323 1027
323 1030
323 1031
323 1034
323 1035
323 1037
323 1038
323 1039
323 1043
323 1044
323 1045
323 1046
323 1052
323 1056
323 1058
323 1061
323 1062
323 1063
323 1076
323 1091
323 1094
323 1095
323 1099
323 1101
323 1102
323 1103
323 1107
323 1110
323 1116
323 1125
323 1126
323 1127
323 1140
323 1155
323 1158
323 1163
323 1165
323 1166
323 1167
323 1171
323 1174
323 1190
323 1191
323 1204
323 1227
323 1237
323 1238
323 1252
323 1253
324 6
324 7
324 11
324 13
324 14
324 19
324 20
324 21
324 22
324 28
324 38
324 71
324 76
324 78
324 79
324 132
324 134
324 135
324 139
324 141
324 142
324 143
324 147
324 156
324 158
324 164
324 166
324 167
324 196
324 198
324 199
324 203
324 205
324 206
324 207
324 211
324 212
324 213
324 214
324 222
324 230
324 231
324 260
324 262
324 263
324 267
324 269
324 275
324 277
324 278
324 286
324 293
324 294
324 295
324 323
324 326
324 327
324 331
324 333
324 334
324 339
324 340
324 341
324 342
324 347
324 348
324 351
324 354
324 356
324 357
324 358
324 359
324 366
324 369
324 372
324 387
324 388
324 391
324 394
324 395
324 397
324 403
324 404
324 405
324 406
324 408
324 415
324 418
324 420
324 421
324 422
324 423
324 433
324 435
324 438
324 449
324 451
324 452
324 454
324 455
324 458
324 459
324 461
324 462
324 463
324 468
324 469
324 470
324 476
324 478
324 484
324 485
324 486
324 487
324 494
324 497
324 500
324 502
324 515
324 516
324 518
324 519
324 523
324 525
324 526
324 531
324 532
324 533
324 534
324 540
324 541
324 542
324 548
324 549
324 551
324 561
324 564
324 579
324 582
324 583
324 587
324 588
324 589
324 590
324 595
324 596
324 597
324 598
324 604
324 606
324 608
324 610
324 613
324 614
324 615
324 625
324 640
324 643
324 646
324 647
324 651
324 653
324 657
324 660
324 661
324 662
324 668
324 674
324 676
324 677
324 678
324 679
324 691
324 692
324 707
324 710
324 711
324 715
324 716
324 717
324 718
324 719
324 723
324 725
324 731
324 732
324 742
324 743
324 771
324 774
324 775
324 779
324 781
324 782
324 783
324 787
324 805
324 807
324 820
324 835
324 838
324 839
324 843
324 846
324 847
324 851
324 853
324 854
324 855
324 862
324 868
324 869
324 870
324 871
324 884
324 902
324 906
324 907
324 910
324 911
324 915
324 916
324 917
324 918
324 924
324 926
324 930
324 933
324 934
324 935
324 948
324 960
324 961
324 966
324 967
324 971
324 974
324 978
324 979
324 980
324 981
324 982
324 990
324 991
324 997
324 998
324 1001
324 1009
324 1012
324 1014
324 1027
324 1030
324 1031
324 1034
324 1035
324 1037
324 1038
324 1039
324 1043
324 1044
324 1045
324 1046
324 1052
324 1056
324 1058
324 1061
324 1062
324 1063
324 1076
324 1091
324 1094
324 1095
324 1099
324 1101
324 1102
324 1107
324 1110
324 1116
324 1125
324 1126
324 1127
324 1140
324 1155
324 1158
324 1163
324 1165
324 1166
324 1167
324 1171
324 1174
324 1190
324 1191
324 1204
324 1220
324 1227
324 1237
324 1238
324 1252
324 1253
325 133
325 197
325 261
325 389
325 453
325 517
325 1122
326 6
326 12
326 13
326 14
326 15
326 19
326 22
326 38
326 76
326 78
326 79
326 134
326 135
326 140
326 141
326 142
326 143
326 147
326 156
326 198
326 199
326 203
326 204
326 205
326 206
326 207
326 211
326 213
326 230
326 231
326 262
326 267
326 268
326 269
326 271
326 286
326 295
326 323
326 324
326 327
326 331
326 332
326 333
326 334
326 335
326 339
326 341
326 342
326 348
326 356
326 357
326 358
326 359
326 372
326 387
326 390
326 391
326 395
326 396
326 397
326 398
326 399
326 403
326 404
326 405
326 406
326 421
326 422
326 423
326 435
326 451
326 452
326 454
326 455
326 459
326 460
326 461
326 462
326 463
326 467
326 468
326 469
326 470
326 476
326 478
326 485
326 486
326 487
326 502
326 515
326 518
326 519
326 523
326 524
326 525
326 526
326 527
326 531
326 534
326 540
326 542
326 548
326 549
326 550
326 551
326 579
326 582
326 583
326 587
326 588
326 589
326 590
326 591
326 595
326 597
326 613
326 615
326 643
326 646
326 647
326 651
326 652
326 653
326 654
326 655
326 659
326 660
326 661
326 674
326 677
326 678
326 679
326 692
326 707
326 710
326 711
326 715
326 716
326 717
326 719
326 723
326 725
326 743
326 780
326 781
326 782
326 783
326 807
326 835
326 838
326 843
326 844
326 845
326 846
326 847
326 853
326 854
326 871
326 884
326 899
326 902
326 907
326 908
326 909
326 910
326 911
326 915
326 917
326 918
326 924
326 926
326 933
326 934
326 935
326 948
326 963
326 966
326 967
326 971
326 972
326 973
326 974
326 975
326 978
326 979
326 980
326 981
326 982
326 997
326 998
326 999
326 1001
326 1009
326 1012
326 1027
326 1030
326 1035
326 1036
326 1037
326 1038
326 1039
326 1046
326 1063
326 1076
326 1091
326 1094
326 1095
326 1100
326 1101
326 1102
326 1103
326 1107
326 1126
326 1127
326 1140
326 1155
326 1164
326 1165
326 1166
326 1167
326 1171
326 1190
326 1191
326 1204
326 1222
326 1230
326 1231
326 1235
326 1254
326 1255
326 1268
327 6
327 7
327 11
327 12
327 13
327 14
327 15
327 19
327 21
327 22
327 28
327 38
327 71
327 76
327 78
327 79
327 134
327 135
327 139
327 140
327 141
327 142
327 143
327 147
327 156
327 166
327 167
327 198
327 199
327 203
327 204
327 205
327 206
327 207
327 211
327 213
327 214
327 222
327 230
327 231
327 262
327 263
327 267
327 268
327 269
327 271
327 275
327 277
327 286
327 294
327 295
327 323
327 324
327 326
327 331
327 332
327 333
327 334
327 335
327 339
327 340
327 341
327 342
327 347
327 348
327 351
327 354
327 356
327 357
327 358
327 359
327 372
327 387
327 390
327 391
327 394
327 395
327 396
327 397
327 398
327 399
327 403
327 404
327 405
327 406
327 415
327 418
327 420
327 421
327 422
327 423
327 433
327 435
327 449
327 451
327 452
327 454
327 455
327 458
327 459
327 461
327 462
327 463
327 467
327 468
327 469
327 470
327 476
327 478
327 484
327 485
327 486
327 487
327 494
327 497
327 500
327 502
327 515
327 516
327 518
327 519
327 523
327 525
327 526
327 527
327 531
327 532
327 533
327 534
327 540
327 542
327 548
327 549
327 550
327 551
327 561
327 564
327 579
327 582
327 583
327 587
327 588
327 589
327 590
327 595
327 597
327 598
327 604
327 606
327 610
327 613
327 614
327 615
327 625
327 643
327 646
327 647
327 651
327 653
327 654
327 655
327 659
327 660
327 661
327 662
327 668
327 674
327 676
327 677
327 678
327 679
327 692
327 707
327 710
327 711
327 715
327 716
327 717
327 718
327 719
327 723
327 725
327 731
327 743
327 771
327 774
327 775
327 779
327 780
327 781
327 782
327 783
327 787
327 805
327 807
327 835
327 838
327 839
327 843
327 845
327 846
327 847
327 851
327 853
327 854
327 862
327 868
327 869
327 870
327 871
327 884
327 899
327 902
327 906
327 907
327 909
327 910
327 911
327 915
327 916
327 917
327 918
327 924
327 926
327 933
327 934
327 935
327 948
327 960
327 961
327 963
327 966
327 967
327 971
327 974
327 978
327 979
327 980
327 981
327 982
327 990
327 991
327 997
327 998
327 1001
327 1009
327 1012
327 1014
327 1027
327 1030
327 1031
327 1035
327 1036
327 1037
327 1038
327 1039
327 1043
327 1044
327 1045
327 1046
327 1052
327 1056
327 1058
327 1062
327 1063
327 1076
327 1091
327 1094
327 1095
327 1099
327 1100
327 1101
327 1102
327 1103
327 1107
327 1110
327 1116
327 1125
327 1126
327 1127
327 1140
327 1155
327 1158
327 1164
327 1165
327 1166
327 1167
327 1171
327 1190
327 1191
327 1204
327 1223
327 1227
327 1235
327 1237
327 1253
327 1255
328 136
328 200
328 202
328 264
328 392
328 456
328 520
328 1032
329 9
329 73
329 133
329 137
329 197
329 201
329 261
329 265
329 393
329 453
329 457
329 517
329 521
329 581
329 628
329 649
329 713
329 777
329 837
329 901
329 965
329 1033
329 1097
329 1161
329 1221
330 138
330 202
330 221
330 266
330 394
330 458
330 522
330 739
331 6
331 12
331 13
331 14
331 15
331 19
331 21
331 22
331 28
331 38
331 76
331 78
331 79
331 134
331 135
331 139
331 140
331 141
331 142
331 143
331 147
331 156
331 198
331 199
331 203
331 204
331 205
331 206
331 207
331 211
331 213
331 214
331 222
331 230
331 231
331 262
331 263
331 267
331 268
331 269
331 271
331 275
331 286
331 295
331 323
331 324
331 326
331 327
331 332
331 333
331 334
331 335
331 339
331 340
331 341
331 342
331 347
331 348
331 356
331 357
331 358
331 359
331 372
331 387
331 390
331 391
331 395
331 396
331 397
331 398
331 399
331 403
331 404
331 405
331 406
331 415
331 418
331 421
331 422
331 423
331 433
331 435
331 451
331 452
331 454
331 455
331 459
331 460
331 461
331 462
331 463
331 467
331 468
331 469
331 470
331 476
331 478
331 485
331 486
331 487
331 497
331 502
331 515
331 518
331 519
331 523
331 524
331 525
331 526
331 527
331 531
331 534
331 540
331 542
331 548
331 549
331 550
331 551
331 564
331 579
331 582
331 583
331 587
331 588
331 589
331 590
331 591
331 595
331 597
331 598
331 613
331 614
331 615
331 625
331 643
331 646
331 647
331 651
331 652
331 653
331 654
331 655
331 659
331 660
331 661
331 662
331 668
331 674
331 677
331 678
331 679
331 692
331 707
331 710
331 711
331 715
331 716
331 717
331 718
331 719
331 723
331 725
331 731
331 743
331 774
331 775
331 779
331 780
331 781
331 782
331 783
331 807
331 835
331 838
331 839
331 843
331 844
331 845
331 846
331 847
331 851
331 853
331 854
331 862
331 868
331 871
331 884
331 899
331 902
331 907
331 908
331 909
331 910
331 911
331 915
331 916
331 917
331 918
331 924
331 926
331 933
331 934
331 935
331 948
331 961
331 963
331 966
331 967
331 971
331 972
331 973
331 974
331 975
331 978
331 979
331 980
331 981
331 982
331 990
331 997
331 998
331 999
331 1001
331 1009
331 1012
331 1014
331 1027
331 1030
331 1035
331 1036
331 1037
331 1038
331 1039
331 1043
331 1044
331 1045
331 1046
331 1062
331 1063
331 1076
331 1091
331 1094
331 1095
331 1099
331 1100
331 1101
331 1102
331 1103
331 1107
331 1126
331 1127
331 1140
331 1155
331 1164
331 1165
331 1166
331 1167
331 1171
331 1190
331 1191
331 1204
331 1222
331 1223
331 1230
331 1235
331 1237
331 1254
331 1255
331 1268
332 6
332 12
332 13
332 14
332 15
332 19
332 38
332 76
332 134
332 140
332 141
332 142
332 143
332 147
332 156
332 198
332 203
332 204
332 206
332 207
332 213
332 230
332 231
332 262
332 267
332 268
332 269
332 271
332 295
332 326
332 327
332 331
332 333
332 334
332 335
332 339
332 341
332 348
332 356
332 357
332 358
332 359
332 372
332 387
332 390
332 391
332 395
332 396
332 397
332 398
332 399
332 403
332 405
332 406
332 422
332 423
332 435
332 451
332 452
332 454
332 455
332 459
332 460
332 461
332 462
332 463
332 467
332 468
332 469
332 470
332 476
332 478
332 485
332 486
332 487
332 515
332 518
332 519
332 523
332 524
332 525
332 526
332 527
332 534
332 540
332 542
332 549
332 550
332 551
332 579
332 582
332 583
332 587
332 588
332 589
332 590
332 591
332 615
332 643
332 646
332 651
332 652
332 653
332 654
332 655
332 659
332 661
332 678
332 679
332 692
332 707
332 711
332 715
332 716
332 717
332 719
332 743
332 780
332 781
332 782
332 783
332 807
332 835
332 838
332 843
332 844
332 845
332 846
332 847
332 853
332 854
332 871
332 884
332 899
332 902
332 907
332 908
332 909
332 910
332 911
332 915
332 924
332 933
332 934
332 935
332 948
332 963
332 966
332 967
332 971
332 972
332 973
332 974
332 975
332 978
332 979
332 980
332 981
332 982
332 997
332 998
332 999
332 1001
332 1012
332 1027
332 1036
332 1037
332 1038
332 1039
332 1063
332 1076
332 1091
332 1094
332 1095
332 1100
332 1101
332 1102
332 1103
332 1107
332 1126
332 1127
332 1140
332 1155
332 1164
332 1165
332 1166
332 1167
332 1171
332 1190
332 1191
332 1204
332 1219
332 1222
332 1228
332 1229
332 1231
333 6
333 12
333 13
333 14
333 15
333 19
333 38
333 76
333 78
333 79
333 134
333 135
333 140
333 141
333 142
333 143
333 147
333 156
333 198
333 203
333 204
333 205
333 206
333 207
333 211
333 213
333 230
333 231
333 262
333 267
333 268
333 269
333 271
333 286
333 295
333 323
333 324
333 326
333 327
333 331
333 332
333 334
333 335
333 339
333 341
333 342
333 348
333 356
333 357
333 358
333 359
333 372
333 387
333 390
333 391
333 395
333 396
333 397
333 398
333 399
333 403
333 404
333 405
333 406
333 421
333 422
333 423
333 435
333 451
333 452
333 454
333 455
333 459
333 460
333 461
333 462
333 463
333 467
333 468
333 469
333 470
333 476
333 478
333 485
333 486
333 487
333 502
333 515
333 518
333 519
333 523
333 524
333 525
333 526
333 527
333 531
333 534
333 540
333 542
333 548
333 549
333 550
333 551
333 579
333 582
333 583
333 587
333 588
333 589
333 590
333 591
333 595
333 597
333 613
333 615
333 643
333 646
333 647
333 651
333 652
333 653
333 654
333 655
333 659
333 660
333 661
333 674
333 677
333 678
333 679
333 692
333 707
333 710
333 711
333 715
333 716
333 717
333 719
333 723
333 725
333 743
333 780
333 781
333 782
333 783
333 807
333 835
333 838
333 843
333 844
333 845
333 846
333 847
333 853
333 854
333 871
333 884
333 899
333 902
333 907
333 908
333 909
333 910
333 911
333 915
333 917
333 918
333 924
333 926
333 933
333 934
333 935
333 948
333 963
333 966
333 967
333 971
333 972
333 973
333 974
333 975
333 978
333 979
333 980
333 981
333 982
333 997
333 998
333 999
333 1001
333 1012
333 1027
333 1030
333 1035
333 1036
333 1037
333 1038
333 1039
333 1046
333 1063
333 1076
333 1091
333 1094
333 1095
333 1100
333 1101
333 1102
333 1103
333 1107
333 1126
333 1127
333 1140
333 1155
333 1164
333 1165
333 1166
333 1167
333 1171
333 1190
333 1191
333 1204
333 1222
333 1230
333 1231
333 1235
333 1254
333 1255
333 1268
334 6
334 12
334 13
334 14
334 15
334 19
334 38
334 76
334 78
334 79
334 134
334 135
334 140
334 141
334 142
334 143
334 147
334 156
334 198
334 203
334 204
334 205
334 206
334 207
334 211
334 213
334 230
334 231
334 262
334 267
334 268
334 269
334 270
334 271
334 286
334 295
334 323
334 324
334 326
334 327
334 331
334 332
334 333
334 335
334 339
334 341
334 342
334 348
334 356
334 357
334 358
334 359
334 372
334 387
334 390
334 391
334 395
334 396
334 397
334 398
334 399
334 403
334 404
334 405
334 406
334 421
334 422
334 423
334 435
334 451
334 452
334 454
334 455
334 459
334 460
334 461
334 462
334 463
334 467
334 468
334 469
334 470
334 476
334 478
334 485
334 486
334 487
334 502
334 515
334 518
334 519
334 523
334 524
334 525
334 526
334 527
334 531
334 534
334 540
334 542
334 548
334 549
334 550
334 551
334 579
334 582
334 583
334 587
334 588
334 589
334 590
334 591
334 595
334 597
334 613
334 615
334 643
334 646
334 647
334 651
334 652
334 653
334 654
334 655
334 659
334 660
334 661
334 674
334 677
334 678
334 679
334 692
334 707
334 710
334 711
334 715
334 716
334 717
334 719
334 723
334 725
334 743
334 780
334 781
334 782
334 783
334 807
334 835
334 838
334 843
334 844
334 845
334 846
334 847
334 853
334 854
334 871
334 884
334 899
334 902
334 907
334 908
334 909
334 910
334 911
334 915
334 917
334 918
334 924
334 926
334 933
334 934
334 935
334 948
334 963
334 966
334 967
334 971
334 972
334 973
334 974
334 975
334 978
334 979
334 980
334 981
334 982
334 997
334 998
334 999
334 1001
334 1012
334 1027
334 1030
334 1035
334 1036
334 1037
334 1038
334 1039
334 1046
334 1063
334 1076
334 1091
334 1094
334 1095
334 1100
334 1101
334 1102
334 1103
334 1107
334 1126
334 1127
334 1140
334 1155
334 1164
334 1165
334 1166
334 1167
334 1171
334 1190
334 1191
334 1204
334 1222
334 1230
334 1231
334 1235
334 1254
334 1255
334 1268
335 6
335 12
335 13
335 14
335 15
335 19
335 38
335 76
335 78
335 134
335 140
335 141
335 142
335 143
335 147
335 156
335 198
335 203
335 204
335 205
335 206
335 207
335 213
335 230
335 231
335 262
335 267
335 268
335 269
335 271
335 295
335 326
335 327
335 331
335 332
335 333
335 334
335 339
335 341
335 348
335 356
335 357
335 358
335 359
335 372
335 387
335 390
335 391
335 395
335 396
335 397
335 398
335 399
335 403
335 405
335 406
335 422
335 423
335 435
335 451
335 452
335 454
335 455
335 459
335 460
335 461
335 462
335 463
335 467
335 468
335 469
335 470
335 476
335 478
335 485
335 486
335 487
335 515
335 518
335 519
335 523
335 524
335 525
335 526
335 527
335 534
335 540
335 542
335 549
335 550
335 551
335 579
335 582
335 583
335 587
335 588
335 589
335 590
335 591
335 615
335 643
335 646
335 647
335 651
335 652
335 653
335 654
335 655
335 659
335 661
335 678
335 679
335 692
335 707
335 711
335 715
335 716
335 717
335 719
335 723
335 743
335 780
335 781
335 782
335 783
335 807
335 835
335 838
335 843
335 844
335 845
335 846
335 847
335 853
335 854
335 871
335 884
335 899
335 902
335 907
335 908
335 909
335 910
335 911
335 915
335 918
335 924
335 926
335 933
335 934
335 935
335 948
335 963
335 966
335 967
335 971
335 972
335 973
335 974
335 975
335 978
335 979
335 980
335 981
335 982
335 997
335 998
335 999
335 1001
335 1012
335 1027
335 1036
335 1037
335 1038
335 1039
335 1063
335 1076
335 1091
335 1094
335 1095
335 1100
335 1101
335 1102
335 1103
335 1107
335 1126
335 1127
335 1140
335 1155
335 1164
335 1165
335 1166
335 1167
335 1171
335 1190
335 1191
335 1204
335 1219
335 1222
335 1228
335 1229
335 1230
335 1231
336 144
336 208
336 272
336 400
336 464
336 528
337 138
337 145
337 209
337 273
337 401
337 465
337 529
337 605
338 146
338 210
338 274
338 402
338 466
338 530
339 6
339 12
339 13
339 14
339 15
339 19
339 21
339 22
339 28
339 38
339 76
339 78
339 79
339 134
339 135
339 139
339 140
339 141
339 142
339 143
339 147
339 156
339 198
339 199
339 203
339 204
339 205
339 206
339 207
339 211
339 213
339 214
339 222
339 230
339 231
339 262
339 263
339 267
339 268
339 269
339 271
339 275
339 286
339 295
339 323
339 324
339 326
339 327
339 331
339 332
339 333
339 334
339 335
339 340
339 341
339 342
339 347
339 348
339 356
339 357
339 358
339 359
339 372
339 387
339 390
339 391
339 395
339 396
339 397
339 398
339 399
339 403
339 404
339 405
339 406
339 415
339 418
339 421
339 422
339 423
339 433
339 435
339 451
339 452
339 454
339 455
339 459
339 460
339 461
339 462
339 463
339 467
339 468
339 469
339 470
339 476
339 478
339 485
339 486
339 487
339 497
339 502
339 515
339 518
339 519
339 523
339 524
339 525
339 526
339 527
339 531
339 534
339 540
339 542
339 548
339 549
339 550
339 551
339 564
339 579
339 582
339 583
339 587
339 588
339 589
339 590
339 591
339 595
339 597
339 598
339 613
339 614
339 615
339 625
339 643
339 646
339 647
339 651
339 652
339 653
339 654
339 655
339 659
339 660
339 661
339 662
339 668
339 674
339 677
339 678
339 679
339 692
339 707
339 710
339 711
339 715
339 716
339 717
339 718
339 719
339 723
339 725
339 731
339 743
339 774
339 775
339 779
339 780
339 781
339 782
339 783
339 807
339 835
339 838
339 839
339 843
339 844
339 845
339 846
339 847
339 851
339 853
339 854
339 862
339 868
339 871
339 884
339 899
339 902
339 907
339 908
339 909
339 910
339 911
339 915
339 916
339 917
339 918
339 924
339 926
339 933
339 934
339 935
339 948
339 961
339 963
339 966
339 967
339 971
339 972
339 973
339 974
339 975
339 978
339 979
339 980
339 981
339 982
339 990
339 997
339 998
339 999
339 1001
339 1009
339 1012
339 1014
339 1027
339 1030
339 1035
339 1036
339 1037
339 1038
339 1039
339 1043
339 1044
339 1045
339 1046
339 1062
339 1063
339 1076
339 1091
339 1094
339 1095
339 1099
339 1100
339 1101
339 1102
339 1103
339 1107
339 1126
339 1127
339 1140
339 1155
339 1164
339 1165
339 1166
339 1167
339 1171
339 1190
339 1191
339 1204
339 1222
339 1223
339 1230
339 1235
339 1237
339 1254
339 1255
339 1268
340 6
340 7
340 11
340 13
340 14
340 19
340 20
340 21
340 22
340 28
340 38
340 71
340 76
340 78
340 79
340 134
340 135
340 139
340 141
340 147
340 148
340 150
340 156
340 158
340 164
340 166
340 167
340 196
340 198
340 199
340 203
340 205
340 206
340 207
340 211
340 212
340 213
340 214
340 222
340 230
340 231
340 259
340 262
340 263
340 267
340 269
340 275
340 276
340 277
340 278
340 286
340 293
340 294
340 295
340 323
340 324
340 327
340 331
340 339
340 341
340 342
340 347
340 348
340 351
340 354
340 356
340 357
340 358
340 366
340 369
340 372
340 387
340 388
340 391
340 394
340 395
340 404
340 405
340 406
340 408
340 415
340 418
340 420
340 421
340 422
340 433
340 435
340 438
340 449
340 451
340 452
340 455
340 458
340 459
340 461
340 462
340 468
340 470
340 476
340 478
340 484
340 485
340 494
340 497
340 500
340 502
340 516
340 518
340 519
340 523
340 531
340 532
340 533
340 534
340 540
340 541
340 542
340 548
340 549
340 551
340 561
340 564
340 579
340 583
340 587
340 594
340 595
340 596
340 597
340 598
340 604
340 606
340 608
340 610
340 613
340 614
340 615
340 625
340 640
340 643
340 646
340 647
340 651
340 657
340 660
340 661
340 662
340 668
340 674
340 676
340 677
340 678
340 689
340 691
340 692
340 707
340 710
340 711
340 715
340 717
340 718
340 719
340 723
340 725
340 726
340 731
340 732
340 742
340 743
340 771
340 774
340 775
340 779
340 781
340 782
340 783
340 787
340 805
340 807
340 820
340 835
340 838
340 839
340 843
340 846
340 847
340 851
340 853
340 854
340 855
340 862
340 864
340 868
340 869
340 870
340 884
340 897
340 903
340 906
340 907
340 915
340 916
340 917
340 918
340 924
340 926
340 930
340 933
340 934
340 948
340 960
340 961
340 962
340 964
340 967
340 970
340 978
340 979
340 980
340 981
340 982
340 990
340 991
340 992
340 997
340 1001
340 1009
340 1014
340 1030
340 1031
340 1034
340 1035
340 1037
340 1038
340 1043
340 1044
340 1045
340 1046
340 1052
340 1056
340 1058
340 1061
340 1062
340 1076
340 1091
340 1094
340 1095
340 1099
340 1102
340 1107
340 1108
340 1109
340 1110
340 1116
340 1125
340 1126
340 1140
340 1155
340 1156
340 1158
340 1163
340 1166
340 1167
340 1171
340 1174
340 1180
340 1188
340 1190
340 1191
340 1204
340 1216
340 1220
340 1227
340 1236
340 1238
340 1246
340 1252
340 1253
341 6
341 7
341 11
341 13
341 14
341 15
341 19
341 21
341 22
341 28
341 38
341 71
341 76
341 78
341 79
341 134
341 135
341 139
341 140
341 141
341 142
341 143
341 147
341 149
341 156
341 158
341 166
341 167
341 196
341 198
341 199
341 203
341 204
341 205
341 206
341 207
341 211
341 212
341 213
341 214
341 222
341 230
341 231
341 262
341 263
341 267
341 268
341 269
341 275
341 277
341 286
341 294
341 295
341 323
341 324
341 326
341 327
341 331
341 332
341 333
341 334
341 335
341 339
341 340
341 342
341 347
341 348
341 351
341 354
341 356
341 357
341 358
341 359
341 369
341 372
341 387
341 388
341 390
341 391
341 394
341 395
341 397
341 399
341 403
341 404
341 405
341 406
341 415
341 418
341 420
341 421
341 422
341 423
341 433
341 435
341 438
341 449
341 451
341 452
341 454
341 455
341 458
341 459
341 461
341 462
341 463
341 467
341 468
341 469
341 470
341 476
341 478
341 484
341 485
341 486
341 487
341 494
341 497
341 500
341 502
341 515
341 516
341 518
341 519
341 523
341 525
341 526
341 527
341 531
341 532
341 533
341 534
341 540
341 542
341 548
341 549
341 550
341 551
341 561
341 564
341 579
341 582
341 583
341 587
341 588
341 589
341 590
341 595
341 597
341 598
341 604
341 606
341 608
341 610
341 613
341 614
341 615
341 625
341 643
341 646
341 647
341 651
341 653
341 654
341 659
341 660
341 661
341 662
341 668
341 674
341 676
341 677
341 678
341 679
341 692
341 707
341 710
341 711
341 715
341 716
341 717
341 718
341 719
341 723
341 725
341 731
341 732
341 742
341 743
341 771
341 774
341 775
341 779
341 780
341 781
341 782
341 783
341 787
341 805
341 807
341 835
341 838
341 839
341 843
341 846
341 847
341 851
341 853
341 854
341 862
341 868
341 869
341 870
341 871
341 884
341 899
341 902
341 906
341 907
341 909
341 910
341 911
341 915
341 916
341 917
341 918
341 924
341 926
341 933
341 934
341 935
341 948
341 960
341 961
341 966
341 967
341 971
341 974
341 978
341 979
341 980
341 981
341 982
341 990
341 991
341 997
341 998
341 1001
341 1009
341 1012
341 1014
341 1027
341 1030
341 1031
341 1034
341 1035
341 1036
341 1037
341 1038
341 1039
341 1043
341 1044
341 1045
341 1046
341 1052
341 1056
341 1058
341 1061
341 1062
341 1063
341 1076
341 1091
341 1094
341 1095
341 1099
341 1100
341 1101
341 1102
341 1103
341 1107
341 1110
341 1116
341 1125
341 1126
341 1127
341 1140
341 1155
341 1158
341 1163
341 1164
341 1165
341 1166
341 1167
341 1171
341 1174
341 1190
341 1191
341 1204
341 1223
341 1227
341 1237
341 1253
342 6
342 7
342 11
342 13
342 14
342 19
342 20
342 21
342 22
342 28
342 38
342 71
342 76
342 78
342 79
342 134
342 135
342 139
342 141
342 142
342 147
342 150
342 156
342 158
342 164
342 166
342 167
342 196
342 198
342 199
342 203
342 205
342 206
342 207
342 211
342 212
342 213
342 214
342 222
342 230
342 231
342 259
342 262
342 263
342 267
342 269
342 275
342 277
342 278
342 286
342 293
342 294
342 295
342 323
342 324
342 326
342 327
342 331
342 333
342 334
342 339
342 340
342 341
342 347
342 348
342 351
342 354
342 356
342 357
342 358
342 359
342 366
342 369
342 372
342 387
342 388
342 391
342 394
342 395
342 397
342 403
342 404
342 405
342 406
342 408
342 415
342 418
342 420
342 421
342 422
342 423
342 433
342 435
342 438
342 449
342 451
342 452
342 455
342 458
342 459
342 461
342 462
342 463
342 468
342 469
342 470
342 476
342 478
342 484
342 485
342 486
342 487
342 494
342 497
342 500
342 502
342 515
342 516
342 518
342 519
342 523
342 526
342 531
342 532
342 533
342 534
342 540
342 541
342 542
342 548
342 549
342 551
342 561
342 564
342 579
342 582
342 583
342 587
342 595
342 596
342 597
342 598
342 604
342 606
342 608
342 610
342 613
342 614
342 615
342 625
342 640
342 643
342 646
342 647
342 651
342 657
342 660
342 661
342 662
342 668
342 674
342 676
342 677
342 678
342 679
342 689
342 691
342 692
342 707
342 710
342 711
342 715
342 716
342 717
342 718
342 719
342 723
342 725
342 731
342 732
342 742
342 743
342 771
342 774
342 775
342 779
342 781
342 782
342 783
342 787
342 805
342 807
342 820
342 835
342 838
342 839
342 843
342 846
342 847
342 851
342 853
342 854
342 855
342 862
342 868
342 869
342 870
342 871
342 884
342 902
342 906
342 907
342 910
342 911
342 915
342 916
342 917
342 918
342 924
342 926
342 930
342 933
342 934
342 935
342 948
342 960
342 961
342 962
342 966
342 967
342 970
342 971
342 974
342 978
342 979
342 980
342 981
342 982
342 990
342 991
342 997
342 998
342 1001
342 1009
342 1012
342 1014
342 1027
342 1030
342 1031
342 1034
342 1035
342 1037
342 1038
342 1039
342 1043
342 1044
342 1045
342 1046
342 1052
342 1056
342 1058
342 1061
342 1062
342 1063
342 1076
342 1091
342 1094
342 1095
342 1099
342 1101
342 1102
342 1107
342 1110
342 1116
342 1125
342 1126
342 1127
342 1140
342 1155
342 1158
342 1163
342 1165
342 1166
342 1167
342 1171
342 1174
342 1188
342 1190
342 1191
342 1204
342 1220
342 1227
342 1236
342 1237
342 1238
342 1246
342 1252
342 1253
343 151
343 215
343 279
343 407
343 471
343 535
343 1175
344 152
344 192
344 216
344 280
344 408
344 472
344 536
345 153
345 217
345 281
345 409
345 473
345 537
345 675
345 1002
346 154
346 194
346 218
346 248
346 282
346 410
346 474
346 538
347 6
347 7
347 11
347 13
347 14
347 19
347 20
347 21
347 22
347 28
347 38
347 71
347 76
347 78
347 79
347 134
347 135
347 139
347 141
347 147
347 150
347 155
347 156
347 158
347 164
347 166
347 167
347 196
347 198
347 199
347 203
347 205
347 206
347 207
347 211
347 212
347 213
347 214
347 219
347 222
347 230
347 231
347 259
347 262
347 263
347 267
347 269
347 275
347 277
347 278
347 283
347 286
347 293
347 294
347 295
347 323
347 324
347 327
347 331
347 339
347 340
347 341
347 342
347 348
347 351
347 354
347 356
347 357
347 358
347 366
347 369
347 372
347 387
347 388
347 391
347 394
347 395
347 404
347 405
347 406
347 408
347 411
347 415
347 418
347 420
347 421
347 422
347 433
347 435
347 438
347 449
347 451
347 452
347 455
347 458
347 459
347 461
347 462
347 468
347 470
347 475
347 476
347 478
347 484
347 485
347 486
347 494
347 497
347 500
347 502
347 515
347 516
347 518
347 519
347 523
347 531
347 532
347 533
347 534
347 539
347 540
347 541
347 542
347 548
347 549
347 551
347 561
347 564
347 579
347 583
347 587
347 595
347 596
347 597
347 598
347 604
347 606
347 608
347 610
347 613
347 614
347 615
347 625
347 640
347 643
347 646
347 647
347 651
347 657
347 660
347 661
347 662
347 668
347 674
347 676
347 677
347 678
347 689
347 691
347 692
347 707
347 710
347 711
347 715
347 716
347 717
347 718
347 719
347 723
347 725
347 731
347 732
347 742
347 743
347 771
347 774
347 775
347 779
347 781
347 782
347 783
347 787
347 805
347 807
347 820
347 835
347 838
347 839
347 843
347 846
347 847
347 851
347 853
347 854
347 855
347 862
347 864
347 868
347 869
347 870
347 884
347 902
347 903
347 906
347 907
347 915
347 916
347 917
347 918
347 924
347 926
347 930
347 933
347 934
347 948
347 960
347 961
347 962
347 964
347 966
347 967
347 970
347 971
347 974
347 978
347 979
347 980
347 981
347 982
347 990
347 991
347 997
347 1001
347 1009
347 1014
347 1030
347 1031
347 1034
347 1035
347 1037
347 1038
347 1043
347 1044
347 1045
347 1046
347 1052
347 1056
347 1058
347 1061
347 1062
347 1076
347 1091
347 1094
347 1095
347 1099
347 1102
347 1107
347 1108
347 1109
347 1110
347 1116
347 1125
347 1126
347 1140
347 1155
347 1156
347 1158
347 1163
347 1165
347 1166
347 1167
347 1171
347 1174
347 1188
347 1190
347 1191
347 1204
347 1216
347 1220
347 1227
347 1236
347 1238
347 1246
347 1252
347 1253
348 6
348 11
348 12
348 13
348 14
348 15
348 19
348 21
348 22
348 28
348 38
348 71
348 76
348 78
348 79
348 134
348 135
348 139
348 140
348 141
348 142
348 143
348 147
348 156
348 167
348 198
348 199
348 203
348 204
348 205
348 206
348 207
348 211
348 213
348 214
348 220
348 222
348 230
348 231
348 262
348 263
348 267
348 268
348 269
348 271
348 275
348 284
348 286
348 294
348 295
348 323
348 324
348 326
348 327
348 331
348 332
348 333
348 334
348 335
348 339
348 340
348 341
348 342
348 347
348 354
348 356
348 357
348 358
348 359
348 372
348 387
348 390
348 391
348 395
348 396
348 397
348 398
348 399
348 403
348 404
348 405
348 406
348 412
348 415
348 418
348 421
348 422
348 423
348 433
348 435
348 451
348 452
348 454
348 455
348 459
348 461
348 462
348 463
348 467
348 468
348 469
348 470
348 476
348 478
348 484
348 485
348 486
348 487
348 494
348 497
348 500
348 502
348 515
348 516
348 518
348 519
348 523
348 524
348 525
348 526
348 527
348 531
348 533
348 534
348 540
348 542
348 548
348 549
348 550
348 551
348 561
348 564
348 579
348 582
348 583
348 587
348 588
348 589
348 590
348 591
348 595
348 597
348 598
348 604
348 606
348 613
348 614
348 615
348 625
348 643
348 646
348 647
348 651
348 652
348 653
348 654
348 655
348 659
348 660
348 661
348 662
348 668
348 674
348 676
348 677
348 678
348 679
348 692
348 707
348 710
348 711
348 715
348 716
348 717
348 718
348 719
348 723
348 725
348 731
348 743
348 771
348 774
348 775
348 779
348 780
348 781
348 782
348 783
348 807
348 835
348 838
348 839
348 843
348 845
348 846
348 847
348 851
348 853
348 854
348 862
348 868
348 869
348 870
348 871
348 884
348 899
348 902
348 907
348 908
348 909
348 910
348 911
348 915
348 916
348 917
348 918
348 924
348 926
348 933
348 934
348 935
348 948
348 960
348 961
348 963
348 966
348 967
348 971
348 972
348 974
348 975
348 978
348 979
348 980
348 981
348 982
348 990
348 991
348 997
348 998
348 999
348 1001
348 1009
348 1012
348 1014
348 1027
348 1030
348 1031
348 1035
348 1036
348 1037
348 1038
348 1039
348 1043
348 1044
348 1045
348 1046
348 1052
348 1058
348 1062
348 1063
348 1076
348 1091
348 1094
348 1095
348 1099
348 1100
348 1101
348 1102
348 1103
348 1107
348 1110
348 1116
348 1125
348 1126
348 1127
348 1140
348 1155
348 1158
348 1164
348 1165
348 1166
348 1167
348 1171
348 1190
348 1191
348 1204
348 1222
348 1223
348 1227
348 1230
348 1235
348 1237
348 1254
348 1255
348 1268
349 130
349 157
349 221
349 285
349 413
349 477
349 541
350 158
350 222
350 286
350 414
350 478
350 542
351 7
351 11
351 14
351 20
351 21
351 22
351 28
351 32
351 38
351 70
351 71
351 76
351 78
351 79
351 134
351 135
351 139
351 146
351 147
351 148
351 149
351 150
351 156
351 158
351 159
351 164
351 166
351 167
351 195
351 196
351 199
351 203
351 205
351 211
351 212
351 213
351 214
351 222
351 223
351 228
351 231
351 259
351 263
351 267
351 269
351 270
351 275
351 277
351 278
351 286
351 287
351 292
351 293
351 294
351 295
351 323
351 324
351 327
351 340
351 341
351 342
351 347
351 354
351 366
351 369
351 388
351 391
351 394
351 404
351 406
351 408
351 411
351 415
351 418
351 420
351 421
351 433
351 435
351 438
351 449
351 452
351 458
351 459
351 462
351 476
351 478
351 479
351 484
351 489
351 494
351 497
351 500
351 502
351 516
351 518
351 531
351 532
351 533
351 534
351 540
351 541
351 542
351 543
351 548
351 561
351 564
351 594
351 595
351 596
351 597
351 598
351 604
351 606
351 608
351 610
351 613
351 614
351 625
351 640
351 647
351 657
351 660
351 662
351 668
351 670
351 674
351 676
351 677
351 689
351 691
351 692
351 710
351 711
351 715
351 718
351 723
351 725
351 726
351 731
351 732
351 742
351 743
351 771
351 774
351 775
351 779
351 782
351 783
351 787
351 805
351 820
351 839
351 851
351 853
351 854
351 855
351 862
351 864
351 868
351 869
351 870
351 897
351 903
351 906
351 916
351 917
351 918
351 926
351 930
351 934
351 960
351 961
351 962
351 964
351 967
351 970
351 980
351 984
351 988
351 990
351 991
351 992
351 996
351 1001
351 1009
351 1011
351 1014
351 1030
351 1031
351 1034
351 1035
351 1038
351 1043
351 1044
351 1045
351 1046
351 1052
351 1056
351 1058
351 1060
351 1061
351 1062
351 1092
351 1094
351 1095
351 1099
351 1108
351 1109
351 1110
351 1116
351 1125
351 1139
351 1156
351 1158
351 1163
351 1166
351 1167
351 1171
351 1174
351 1180
351 1188
351 1190
351 1216
351 1220
351 1236
351 1238
351 1246
351 1252
351 1269
352 160
352 224
352 288
352 416
352 480
352 544
352 1277
353 161
353 225
353 289
353 417
353 481
353 545
353 804
354 7
354 11
354 13
354 14
354 19
354 20
354 21
354 22
354 28
354 32
354 38
354 71
354 76
354 78
354 79
354 134
354 135
354 139
354 141
354 146
354 147
354 148
354 149
354 150
354 156
354 158
354 162
354 164
354 166
354 167
354 196
354 198
354 199
354 203
354 205
354 211
354 212
354 213
354 214
354 222
354 226
354 230
354 231
354 259
354 262
354 263
354 267
354 269
354 275
354 277
354 278
354 286
354 290
354 293
354 294
354 295
354 323
354 324
354 327
354 340
354 341
354 342
354 347
354 348
354 351
354 356
354 357
354 366
354 369
354 372
354 387
354 388
354 391
354 394
354 395
354 404
354 406
354 408
354 411
354 415
354 418
354 420
354 421
354 433
354 435
354 438
354 449
354 451
354 452
354 458
354 459
354 462
354 468
354 470
354 476
354 478
354 482
354 484
354 494
354 497
354 500
354 502
354 516
354 518
354 531
354 532
354 533
354 534
354 540
354 541
354 542
354 546
354 548
354 549
354 561
354 564
354 579
354 583
354 594
354 595
354 596
354 597
354 598
354 604
354 606
354 608
354 610
354 613
354 614
354 625
354 640
354 646
354 647
354 651
354 657
354 660
354 661
354 662
354 668
354 674
354 676
354 677
354 678
354 689
354 691
354 692
354 707
354 710
354 711
354 715
354 718
354 723
354 725
354 726
354 731
354 732
354 742
354 743
354 771
354 774
354 775
354 779
354 781
354 782
354 783
354 787
354 805
354 807
354 820
354 839
354 843
354 846
354 851
354 853
354 854
354 855
354 862
354 864
354 868
354 869
354 870
354 897
354 903
354 906
354 907
354 915
354 916
354 917
354 918
354 924
354 926
354 930
354 934
354 960
354 961
354 962
354 964
354 967
354 970
354 978
354 980
354 981
354 988
354 990
354 991
354 992
354 997
354 1001
354 1009
354 1011
354 1014
354 1030
354 1031
354 1034
354 1035
354 1038
354 1043
354 1044
354 1045
354 1046
354 1052
354 1056
354 1058
354 1061
354 1062
354 1076
354 1094
354 1095
354 1099
354 1102
354 1107
354 1108
354 1109
354 1110
354 1116
354 1125
354 1126
354 1156
354 1158
354 1163
354 1166
354 1167
354 1171
354 1174
354 1180
354 1188
354 1190
354 1191
354 1204
354 1216
354 1220
354 1236
354 1238
354 1246
354 1252
354 1253
354 1269
355 163
355 227
355 291
355 419
355 428
355 483
355 547
355 802
355 1059
356 6
356 11
356 12
356 13
356 14
356 15
356 19
356 21
356 22
356 28
356 38
356 71
356 76
356 78
356 79
356 134
356 135
356 139
356 140
356 141
356 142
356 143
356 147
356 156
356 164
356 167
356 198
356 199
356 203
356 204
356 205
356 206
356 207
356 211
356 213
356 214
356 222
356 228
356 230
356 231
356 262
356 263
356 267
356 268
356 269
356 271
356 275
356 286
356 292
356 295
356 323
356 324
356 326
356 327
356 331
356 332
356 333
356 334
356 335
356 339
356 340
356 341
356 342
356 347
356 348
356 354
356 357
356 358
356 359
356 372
356 387
356 390
356 391
356 395
356 396
356 397
356 398
356 399
356 403
356 404
356 405
356 406
356 415
356 418
356 420
356 421
356 422
356 423
356 433
356 435
356 451
356 452
356 454
356 455
356 459
356 460
356 461
356 462
356 463
356 467
356 468
356 469
356 470
356 476
356 478
356 484
356 485
356 486
356 487
356 494
356 497
356 502
356 515
356 518
356 519
356 523
356 524
356 525
356 526
356 527
356 531
356 534
356 540
356 542
356 548
356 549
356 550
356 551
356 561
356 564
356 579
356 582
356 583
356 587
356 588
356 589
356 590
356 591
356 595
356 597
356 598
356 604
356 613
356 614
356 615
356 625
356 643
356 646
356 647
356 651
356 652
356 653
356 654
356 655
356 659
356 660
356 661
356 662
356 668
356 674
356 676
356 677
356 678
356 679
356 692
356 707
356 710
356 711
356 715
356 716
356 717
356 718
356 719
356 723
356 725
356 731
356 743
356 774
356 775
356 779
356 780
356 781
356 782
356 783
356 807
356 835
356 838
356 839
356 843
356 844
356 845
356 846
356 847
356 851
356 853
356 854
356 862
356 868
356 869
356 870
356 871
356 884
356 899
356 902
356 907
356 908
356 909
356 910
356 911
356 915
356 916
356 917
356 918
356 924
356 926
356 933
356 934
356 935
356 948
356 961
356 963
356 966
356 967
356 971
356 972
356 973
356 974
356 975
356 978
356 979
356 980
356 981
356 982
356 990
356 991
356 997
356 998
356 999
356 1001
356 1009
356 1012
356 1014
356 1027
356 1030
356 1031
356 1035
356 1036
356 1037
356 1038
356 1039
356 1043
356 1044
356 1045
356 1046
356 1058
356 1062
356 1063
356 1076
356 1091
356 1094
356 1095
356 1099
356 1100
356 1101
356 1102
356 1103
356 1107
356 1116
356 1126
356 1127
356 1140
356 1155
356 1164
356 1165
356 1166
356 1167
356 1171
356 1190
356 1191
356 1204
356 1222
356 1223
356 1230
356 1235
356 1237
356 1254
356 1255
356 1268
357 6
357 11
357 12
357 13
357 14
357 15
357 19
357 21
357 22
357 28
357 38
357 71
357 76
357 78
357 79
357 134
357 135
357 139
357 140
357 141
357 142
357 143
357 147
357 156
357 165
357 167
357 198
357 199
357 203
357 204
357 205
357 206
357 207
357 211
357 213
357 214
357 222
357 229
357 230
357 231
357 262
357 263
357 267
357 268
357 269
357 271
357 275
357 277
357 286
357 293
357 294
357 295
357 323
357 324
357 326
357 327
357 331
357 332
357 333
357 334
357 335
357 339
357 340
357 341
357 342
357 347
357 348
357 354
357 356
357 358
357 359
357 372
357 387
357 390
357 391
357 395
357 396
357 397
357 398
357 399
357 403
357 404
357 405
357 406
357 415
357 418
357 421
357 422
357 423
357 433
357 435
357 449
357 451
357 452
357 454
357 455
357 459
357 461
357 462
357 463
357 467
357 468
357 469
357 470
357 476
357 478
357 484
357 485
357 486
357 487
357 494
357 497
357 500
357 502
357 515
357 516
357 518
357 519
357 523
357 524
357 525
357 526
357 527
357 531
357 533
357 534
357 540
357 542
357 548
357 549
357 550
357 551
357 561
357 564
357 579
357 582
357 583
357 587
357 588
357 589
357 590
357 591
357 595
357 597
357 598
357 604
357 606
357 613
357 614
357 615
357 625
357 643
357 646
357 647
357 651
357 652
357 653
357 654
357 655
357 659
357 660
357 661
357 662
357 668
357 674
357 676
357 677
357 678
357 679
357 692
357 707
357 710
357 711
357 715
357 716
357 717
357 718
357 719
357 723
357 725
357 731
357 743
357 771
357 774
357 775
357 779
357 780
357 781
357 782
357 783
357 787
357 805
357 807
357 835
357 838
357 839
357 843
357 845
357 846
357 847
357 851
357 853
357 854
357 862
357 868
357 869
357 870
357 871
357 884
357 899
357 902
357 906
357 907
357 908
357 909
357 910
357 911
357 915
357 916
357 917
357 918
357 924
357 926
357 933
357 934
357 935
357 948
357 960
357 961
357 963
357 966
357 967
357 971
357 972
357 974
357 975
357 978
357 979
357 980
357 981
357 982
357 990
357 991
357 997
357 998
357 999
357 1001
357 1009
357 1012
357 1014
357 1027
357 1030
357 1031
357 1035
357 1036
357 1037
357 1038
357 1039
357 1043
357 1044
357 1045
357 1046
357 1052
357 1056
357 1058
357 1062
357 1063
357 1076
357 1091
357 1094
357 1095
357 1099
357 1100
357 1101
357 1102
357 1103
357 1107
357 1110
357 1116
357 1125
357 1126
357 1127
357 1140
357 1155
357 1158
357 1164
357 1165
357 1166
357 1167
357 1171
357 1190
357 1191
357 1204
357 1223
357 1227
357 1230
357 1235
357 1237
357 1254
357 1255
357 1268
358 6
358 12
358 13
358 14
358 15
358 19
358 21
358 22
358 28
358 38
358 76
358 78
358 79
358 134
358 135
358 139
358 140
358 141
358 142
358 143
358 147
358 156
358 166
358 198
358 199
358 203
358 204
358 205
358 206
358 207
358 211
358 213
358 214
358 222
358 230
358 231
358 262
358 263
358 267
358 268
358 269
358 271
358 275
358 286
358 294
358 295
358 323
358 324
358 326
358 327
358 331
358 332
358 333
358 334
358 335
358 339
358 340
358 341
358 342
358 347
358 348
358 356
358 357
358 359
358 372
358 387
358 390
358 391
358 395
358 396
358 397
358 398
358 399
358 403
358 404
358 405
358 406
358 418
358 421
358 422
358 423
358 433
358 435
358 451
358 452
358 454
358 455
358 459
358 460
358 461
358 462
358 463
358 467
358 468
358 469
358 470
358 476
358 478
358 485
358 486
358 487
358 497
358 502
358 515
358 518
358 519
358 523
358 524
358 525
358 526
358 527
358 531
358 534
358 540
358 542
358 548
358 549
358 550
358 551
358 564
358 579
358 582
358 583
358 587
358 588
358 589
358 590
358 591
358 595
358 597
358 598
358 613
358 614
358 615
358 625
358 643
358 646
358 647
358 651
358 652
358 653
358 654
358 655
358 659
358 660
358 661
358 662
358 668
358 674
358 677
358 678
358 679
358 692
358 707
358 710
358 711
358 715
358 716
358 717
358 718
358 719
358 723
358 725
358 731
358 743
358 774
358 775
358 779
358 780
358 781
358 782
358 783
358 807
358 835
358 838
358 839
358 843
358 844
358 845
358 846
358 847
358 851
358 853
358 854
358 862
358 868
358 871
358 884
358 899
358 902
358 907
358 908
358 909
358 910
358 911
358 915
358 916
358 917
358 918
358 924
358 926
358 933
358 934
358 935
358 948
358 961
358 963
358 966
358 967
358 971
358 972
358 973
358 974
358 975
358 978
358 979
358 980
358 981
358 982
358 990
358 997
358 998
358 999
358 1001
358 1009
358 1012
358 1014
358 1027
358 1030
358 1035
358 1036
358 1037
358 1038
358 1039
358 1043
358 1044
358 1045
358 1046
358 1062
358 1063
358 1076
358 1091
358 1094
358 1095
358 1099
358 1100
358 1101
358 1102
358 1103
358 1107
358 1126
358 1127
358 1140
358 1155
358 1164
358 1165
358 1166
358 1167
358 1171
358 1190
358 1191
358 1204
358 1222
358 1223
358 1230
358 1235
358 1237
358 1254
358 1255
358 1268
359 6
359 12
359 13
359 14
359 15
359 19
359 22
359 38
359 76
359 78
359 79
359 134
359 135
359 140
359 141
359 142
359 143
359 147
359 156
359 167
359 198
359 199
359 203
359 204
359 205
359 206
359 207
359 211
359 213
359 230
359 231
359 262
359 267
359 268
359 269
359 271
359 286
359 295
359 323
359 324
359 326
359 327
359 331
359 332
359 333
359 334
359 335
359 339
359 341
359 342
359 348
359 356
359 357
359 358
359 372
359 387
359 390
359 391
359 395
359 396
359 397
359 398
359 399
359 403
359 404
359 405
359 406
359 421
359 422
359 423
359 435
359 451
359 452
359 454
359 455
359 459
359 460
359 461
359 462
359 463
359 467
359 468
359 469
359 470
359 476
359 478
359 485
359 486
359 487
359 502
359 515
359 518
359 519
359 523
359 524
359 525
359 526
359 527
359 531
359 534
359 540
359 542
359 548
359 549
359 550
359 551
359 579
359 582
359 583
359 587
359 588
359 589
359 590
359 591
359 595
359 597
359 613
359 615
359 643
359 646
359 647
359 651
359 652
359 653
359 654
359 655
359 659
359 660
359 661
359 668
359 674
359 677
359 678
359 679
359 692
359 707
359 710
359 711
359 715
359 716
359 717
359 719
359 723
359 725
359 743
359 774
359 780
359 781
359 782
359 783
359 807
359 835
359 838
359 843
359 844
359 845
359 846
359 847
359 853
359 854
359 871
359 884
359 899
359 902
359 907
359 908
359 909
359 910
359 911
359 915
359 917
359 918
359 924
359 926
359 933
359 934
359 935
359 948
359 963
359 966
359 967
359 971
359 972
359 973
359 974
359 975
359 978
359 979
359 980
359 981
359 982
359 997
359 998
359 999
359 1001
359 1009
359 1012
359 1027
359 1030
359 1035
359 1036
359 1037
359 1038
359 1039
359 1046
359 1063
359 1076
359 1091
359 1094
359 1095
359 1100
359 1101
359 1102
359 1103
359 1107
359 1126
359 1127
359 1140
359 1155
359 1164
359 1165
359 1166
359 1167
359 1171
359 1190
359 1191
359 1204
359 1222
359 1230
359 1231
359 1235
359 1254
359 1255
359 1268
360 168
360 232
360 296
360 424
360 488
360 552
361 92
361 131
361 169
361 233
361 273
361 279
361 288
361 297
361 308
361 425
361 489
361 501
361 544
361 553
361 644
361 658
361 728
361 836
361 1051
361 1172
361 1184
362 170
362 216
362 234
362 298
362 426
362 490
362 554
363 171
363 235
363 299
363 427
363 491
363 555
364 172
364 236
364 300
364 428
364 492
364 556
365 173
365 237
365 301
365 429
365 493
365 557
365 939
365 1244
366 7
366 11
366 20
366 21
366 22
366 28
366 32
366 70
366 71
366 78
366 79
366 83
366 132
366 135
366 139
366 146
366 148
366 149
366 150
366 158
366 164
366 166
366 167
366 174
366 195
366 196
366 199
366 211
366 212
366 214
366 222
366 228
366 238
366 259
366 263
366 270
366 275
366 277
366 278
366 286
366 292
366 293
366 294
366 302
366 305
366 323
366 324
366 340
366 342
366 347
366 351
366 354
366 369
366 388
366 394
366 402
366 404
366 408
366 411
366 415
366 418
366 420
366 421
366 430
366 433
366 438
366 449
366 458
366 472
366 484
366 489
366 494
366 497
366 500
366 502
366 516
366 530
366 531
366 532
366 533
366 541
366 548
366 558
366 561
366 564
366 594
366 595
366 596
366 597
366 598
366 604
366 606
366 608
366 610
366 613
366 614
366 617
366 625
366 640
366 647
366 657
366 660
366 662
366 668
366 670
366 674
366 676
366 677
366 689
366 691
366 710
366 718
366 725
366 726
366 731
366 732
366 742
366 771
366 774
366 775
366 779
366 787
366 805
366 820
366 839
366 851
366 855
366 862
366 864
366 868
366 869
366 870
366 897
366 903
366 906
366 913
366 916
366 917
366 930
366 960
366 961
366 962
366 964
366 970
366 984
366 988
366 990
366 991
366 992
366 994
366 996
366 1009
366 1011
366 1014
366 1030
366 1031
366 1034
366 1035
366 1043
366 1044
366 1045
366 1046
366 1052
366 1056
366 1058
366 1060
366 1061
366 1062
366 1092
366 1099
366 1108
366 1109
366 1110
366 1116
366 1118
366 1125
366 1139
366 1156
366 1158
366 1163
366 1174
366 1180
366 1188
366 1269
367 175
367 239
367 303
367 431
367 495
367 559
367 632
367 801
368 176
368 240
368 304
368 432
368 496
368 560
369 7
369 11
369 20
369 21
369 22
369 28
369 32
369 70
369 71
369 78
369 79
369 135
369 139
369 146
369 148
369 149
369 150
369 158
369 164
369 166
369 167
369 177
369 195
369 196
369 199
369 205
369 211
369 212
369 213
369 214
369 222
369 228
369 241
369 259
369 263
369 267
369 270
369 275
369 277
369 278
369 286
369 292
369 293
369 294
369 295
369 305
369 323
369 324
369 340
369 341
369 342
369 347
369 351
369 354
369 366
369 388
369 391
369 394
369 404
369 408
369 411
369 415
369 418
369 420
369 421
369 433
369 435
369 438
369 449
369 458
369 472
369 484
369 489
369 494
369 497
369 500
369 502
369 516
369 518
369 531
369 532
369 533
369 541
369 548
369 561
369 564
369 594
369 595
369 596
369 597
369 598
369 604
369 606
369 608
369 610
369 613
369 614
369 625
369 640
369 647
369 657
369 660
369 662
369 668
369 670
369 674
369 676
369 677
369 689
369 691
369 710
369 718
369 723
369 725
369 726
369 731
369 732
369 742
369 771
369 774
369 775
369 779
369 782
369 787
369 805
369 820
369 839
369 851
369 854
369 855
369 862
369 864
369 868
369 869
369 870
369 897
369 903
369 906
369 916
369 917
369 918
369 926
369 930
369 960
369 961
369 962
369 964
369 970
369 984
369 988
369 990
369 991
369 992
369 996
369 1009
369 1011
369 1014
369 1030
369 1031
369 1034
369 1035
369 1038
369 1043
369 1044
369 1045
369 1046
369 1052
369 1056
369 1058
369 1060
369 1061
369 1062
369 1092
369 1095
369 1099
369 1108
369 1109
369 1110
369 1116
369 1118
369 1125
369 1139
369 1156
369 1158
369 1163
369 1174
369 1180
369 1188
369 1216
369 1269
370 178
370 242
370 306
370 434
370 498
370 562
371 179
371 243
371 307
371 435
371 499
371 563
371 709
372 6
372 11
372 12
372 13
372 14
372 15
372 19
372 21
372 22
372 28
372 38
372 71
372 76
372 78
372 79
372 134
372 135
372 139
372 140
372 141
372 142
372 143
372 147
372 156
372 167
372 180
372 198
372 199
372 203
372 204
372 205
372 206
372 207
372 211
372 213
372 214
372 222
372 230
372 231
372 244
372 262
372 263
372 267
372 268
372 269
372 271
372 275
372 277
372 286
372 294
372 295
372 308
372 323
372 324
372 326
372 327
372 331
372 332
372 333
372 334
372 335
372 339
372 340
372 341
372 342
372 347
372 348
372 354
372 356
372 357
372 358
372 359
372 387
372 390
372 391
372 395
372 396
372 397
372 398
372 399
372 403
372 404
372 405
372 406
372 415
372 418
372 421
372 422
372 423
372 433
372 435
372 436
372 449
372 451
372 452
372 454
372 455
372 459
372 461
372 462
372 463
372 467
372 468
372 469
372 470
372 476
372 478
372 484
372 485
372 486
372 487
372 494
372 497
372 500
372 502
372 515
372 516
372 518
372 519
372 523
372 524
372 525
372 526
372 527
372 531
372 533
372 534
372 540
372 542
372 548
372 549
372 550
372 551
372 561
372 564
372 579
372 582
372 583
372 587
372 588
372 589
372 590
372 591
372 595
372 597
372 598
372 604
372 606
372 613
372 614
372 615
372 625
372 643
372 646
372 647
372 651
372 652
372 653
372 654
372 655
372 659
372 660
372 661
372 662
372 668
372 674
372 676
372 677
372 678
372 679
372 692
372 707
372 710
372 711
372 715
372 716
372 717
372 718
372 719
372 723
372 725
372 731
372 743
372 771
372 774
372 775
372 779
372 780
372 781
372 782
372 783
372 787
372 805
372 807
372 835
372 838
372 839
372 843
372 845
372 846
372 847
372 851
372 853
372 854
372 862
372 868
372 869
372 870
372 871
372 884
372 899
372 902
372 906
372 907
372 908
372 909
372 910
372 911
372 915
372 916
372 917
372 918
372 924
372 926
372 933
372 934
372 935
372 948
372 960
372 961
372 963
372 966
372 967
372 971
372 972
372 974
372 975
372 978
372 979
372 980
372 981
372 982
372 990
372 991
372 997
372 998
372 999
372 1001
372 1009
372 1012
372 1014
372 1027
372 1030
372 1031
372 1035
372 1036
372 1037
372 1038
372 1039
372 1043
372 1044
372 1045
372 1046
372 1052
372 1056
372 1058
372 1062
372 1063
372 1076
372 1091
372 1094
372 1095
372 1099
372 1100
372 1101
372 1102
372 1103
372 1107
372 1110
372 1116
372 1125
372 1126
372 1127
372 1140
372 1155
372 1158
372 1164
372 1165
372 1166
372 1167
372 1171
372 1190
372 1191
372 1204
372 1222
372 1223
372 1227
372 1230
372 1235
372 1237
372 1254
372 1255
372 1268
373 181
373 225
373 245
373 309
373 437
373 501
373 504
373 565
373 1162
374 182
374 246
374 310
374 438
374 502
374 566
375 183
375 247
375 311
375 439
375 503
375 567
376 184
376 248
376 285
376 312
376 440
376 504
376 507
376 568
376 1004
376 1042
377 185
377 249
377 297
377 313
377 441
377 505
377 569
378 186
378 250
378 314
378 442
378 506
378 570
378 763
379 187
379 251
379 315
379 443
379 507
379 571
380 188
380 227
380 252
380 316
380 444
380 508
380 572
380 785
381 189
381 253
381 317
381 445
381 509
381 567
381 573
381 1041
382 57
382 190
382 254
382 318
382 446
382 510
382 574
383 191
383 255
383 319
383 447
383 511
383 575
383 727
383 1020
384 192
384 256
384 320
384 448
384 512
384 576
385 193
385 257
385 265
385 321
385 449
385 513
385 577
385 849
385 977
386 194
386 258
386 322
386 450
386 514
386 578
386 969
387 6
387 12
387 13
387 14
387 15
387 19
387 21
387 22
387 28
387 38
387 76
387 78
387 79
387 134
387 135
387 139
387 140
387 141
387 142
387 143
387 147
387 156
387 195
387 198
387 199
387 203
387 204
387 205
387 206
387 207
387 211
387 213
387 214
387 222
387 230
387 231
387 259
387 262
387 263
387 267
387 268
387 269
387 271
387 275
387 286
387 295
387 323
387 324
387 326
387 327
387 331
387 332
387 333
387 334
387 335
387 339
387 340
387 341
387 342
387 347
387 348
387 354
387 356
387 357
387 358
387 359
387 372
387 390
387 391
387 395
387 396
387 397
387 398
387 399
387 403
387 404
387 405
387 406
387 415
387 418
387 421
387 422
387 423
387 433
387 435
387 451
387 452
387 454
387 455
387 459
387 460
387 461
387 462
387 463
387 467
387 468
387 469
387 470
387 476
387 478
387 485
387 486
387 487
387 497
387 502
387 515
387 518
387 519
387 523
387 524
387 525
387 526
387 527
387 531
387 534
387 540
387 542
387 548
387 549
387 550
387 551
387 564
387 579
387 582
387 583
387 587
387 588
387 589
387 590
387 591
387 595
387 597
387 598
387 613
387 614
387 615
387 625
387 643
387 646
387 647
387 651
387 652
387 653
387 654
387 655
387 659
387 660
387 661
387 662
387 668
387 674
387 677
387 678
387 679
387 692
387 707
387 710
387 711
387 715
387 716
387 717
387 718
387 719
387 723
387 725
387 731
387 743
387 774
387 775
387 779
387 780
387 781
387 782
387 783
387 807
387 835
387 838
387 839
387 843
387 844
387 845
387 846
387 847
387 851
387 853
387 854
387 862
387 868
387 871
387 884
387 899
387 902
387 907
387 908
387 909
387 910
387 911
387 915
387 916
387 917
387 918
387 924
387 926
387 933
387 934
387 935
387 948
387 961
387 963
387 966
387 967
387 971
387 972
387 973
387 974
387 975
387 978
387 979
387 980
387 981
387 982
387 990
387 997
387 998
387 999
387 1001
387 1009
387 1012
387 1014
387 1027
387 1030
387 1035
387 1036
387 1037
387 1038
387 1039
387 1043
387 1044
387 1045
387 1046
387 1058
387 1062
387 1063
387 1076
387 1091
387 1094
387 1095
387 1099
387 1100
387 1101
387 1102
387 1103
387 1107
387 1126
387 1127
387 1140
387 1155
387 1164
387 1165
387 1166
387 1167
387 1171
387 1190
387 1191
387 1204
387 1219
387 1220
387 1222
387 1223
387 1227
387 1228
387 1229
387 1230
387 1231
387 1235
387 1236
387 1237
387 1238
387 1246
387 1252
387 1253
387 1254
387 1255
387 1268
388 7
388 11
388 20
388 21
388 22
388 28
388 32
388 70
388 71
388 78
388 79
388 135
388 139
388 146
388 148
388 149
388 150
388 158
388 164
388 166
388 167
388 195
388 196
388 199
388 205
388 211
388 212
388 214
388 222
388 228
388 259
388 260
388 263
388 267
388 270
388 275
388 277
388 278
388 286
388 292
388 293
388 294
388 305
388 323
388 324
388 340
388 341
388 342
388 347
388 351
388 354
388 366
388 369
388 391
388 394
388 402
388 404
388 408
388 411
388 415
388 418
388 420
388 421
388 433
388 438
388 449
388 452
388 458
388 472
388 484
388 489
388 494
388 497
388 500
388 502
388 516
388 518
388 530
388 531
388 532
388 533
388 541
388 548
388 561
388 564
388 580
388 594
388 595
388 596
388 597
388 598
388 604
388 606
388 608
388 610
388 613
388 614
388 617
388 625
388 640
388 647
388 657
388 660
388 662
388 668
388 670
388 674
388 676
388 677
388 689
388 691
388 710
388 718
388 723
388 725
388 726
388 731
388 732
388 742
388 771
388 774
388 775
388 779
388 782
388 787
388 805
388 820
388 839
388 851
388 854
388 855
388 862
388 864
388 868
388 869
388 870
388 897
388 903
388 906
388 913
388 916
388 917
388 918
388 926
388 930
388 960
388 961
388 962
388 964
388 970
388 984
388 988
388 990
388 991
388 992
388 994
388 996
388 1009
388 1011
388 1014
388 1030
388 1031
388 1034
388 1035
388 1038
388 1043
388 1044
388 1045
388 1046
388 1052
388 1056
388 1058
388 1060
388 1061
388 1062
388 1092
388 1095
388 1099
388 1108
388 1109
388 1110
388 1116
388 1118
388 1125
388 1139
388 1156
388 1158
388 1163
388 1174
388 1180
388 1188
388 1216
388 1220
388 1226
388 1227
388 1234
388 1236
388 1238
388 1246
388 1250
388 1252
388 1253
388 1269
389 197
389 261
389 325
389 453
389 517
389 581
390 6
390 12
390 13
390 14
390 15
390 19
390 38
390 76
390 78
390 134
390 140
390 141
390 142
390 143
390 147
390 156
390 198
390 203
390 204
390 205
390 206
390 207
390 213
390 230
390 231
390 262
390 267
390 268
390 269
390 271
390 286
390 295
390 323
390 326
390 327
390 331
390 332
390 333
390 334
390 335
390 339
390 341
390 348
390 356
390 357
390 358
390 359
390 372
390 387
390 391
390 395
390 396
390 397
390 398
390 399
390 403
390 404
390 405
390 406
390 421
390 422
390 423
390 435
390 451
390 452
390 454
390 455
390 459
390 460
390 461
390 462
390 463
390 467
390 468
390 469
390 470
390 476
390 478
390 485
390 486
390 487
390 515
390 518
390 519
390 523
390 524
390 525
390 526
390 527
390 531
390 534
390 540
390 542
390 549
390 550
390 551
390 579
390 582
390 583
390 587
390 588
390 589
390 590
390 591
390 597
390 613
390 615
390 643
390 646
390 647
390 651
390 652
390 653
390 654
390 655
390 659
390 660
390 661
390 677
390 678
390 679
390 692
390 707
390 710
390 711
390 715
390 716
390 717
390 719
390 723
390 743
390 780
390 781
390 782
390 783
390 807
390 835
390 838
390 843
390 844
390 845
390 846
390 847
390 853
390 854
390 871
390 884
390 899
390 902
390 907
390 908
390 909
390 910
390 911
390 915
390 918
390 924
390 926
390 933
390 934
390 935
390 948
390 963
390 966
390 967
390 971
390 972
390 973
390 974
390 975
390 978
390 979
390 980
390 981
390 982
390 997
390 998
390 999
390 1001
390 1012
390 1027
390 1036
390 1037
390 1038
390 1039
390 1063
390 1076
390 1091
390 1094
390 1095
390 1100
390 1101
390 1102
390 1103
390 1107
390 1126
390 1127
390 1140
390 1155
390 1164
390 1165
390 1166
390 1167
390 1171
390 1190
390 1191
390 1204
390 1219
390 1222
390 1223
390 1227
390 1228
390 1229
390 1230
390 1231
390 1235
390 1237
390 1254
390 1255
390 1268
391 6
391 7
391 11
391 13
391 14
391 15
391 19
391 21
391 22
391 28
391 38
391 71
391 76
391 78
391 79
391 134
391 135
391 139
391 140
391 141
391 142
391 143
391 147
391 156
391 158
391 166
391 167
391 196
391 198
391 199
391 203
391 204
391 205
391 206
391 207
391 211
391 212
391 213
391 214
391 222
391 230
391 231
391 262
391 263
391 267
391 269
391 275
391 277
391 286
391 294
391 295
391 323
391 324
391 326
391 327
391 331
391 332
391 333
391 334
391 335
391 339
391 340
391 341
391 342
391 347
391 348
391 351
391 354
391 356
391 357
391 358
391 359
391 369
391 372
391 387
391 388
391 390
391 394
391 395
391 397
391 403
391 404
391 405
391 406
391 415
391 418
391 420
391 421
391 422
391 423
391 433
391 435
391 438
391 449
391 451
391 452
391 454
391 455
391 458
391 459
391 461
391 462
391 463
391 467
391 468
391 469
391 470
391 476
391 478
391 484
391 485
391 486
391 487
391 494
391 497
391 500
391 502
391 515
391 516
391 518
391 519
391 523
391 525
391 526
391 531
391 532
391 533
391 534
391 540
391 542
391 548
391 549
391 550
391 551
391 561
391 564
391 579
391 582
391 583
391 587
391 588
391 589
391 590
391 595
391 597
391 598
391 604
391 606
391 608
391 610
391 613
391 614
391 615
391 625
391 643
391 646
391 647
391 651
391 653
391 654
391 659
391 660
391 661
391 662
391 668
391 674
391 676
391 677
391 678
391 679
391 692
391 707
391 710
391 711
391 715
391 716
391 717
391 718
391 719
391 723
391 725
391 731
391 732
391 742
391 743
391 771
391 774
391 775
391 779
391 780
391 781
391 782
391 783
391 787
391 805
391 807
391 835
391 838
391 839
391 843
391 846
391 847
391 851
391 853
391 854
391 862
391 868
391 869
391 870
391 871
391 884
391 899
391 902
391 906
391 907
391 909
391 910
391 911
391 915
391 916
391 917
391 918
391 924
391 926
391 933
391 934
391 935
391 948
391 960
391 961
391 966
391 967
391 971
391 974
391 978
391 979
391 980
391 981
391 982
391 990
391 991
391 997
391 998
391 1001
391 1009
391 1012
391 1014
391 1027
391 1030
391 1031
391 1034
391 1035
391 1036
391 1037
391 1038
391 1039
391 1043
391 1044
391 1045
391 1046
391 1052
391 1056
391 1058
391 1061
391 1062
391 1063
391 1076
391 1091
391 1094
391 1095
391 1099
391 1100
391 1101
391 1102
391 1103
391 1107
391 1110
391 1116
391 1125
391 1126
391 1127
391 1140
391 1155
391 1158
391 1163
391 1164
391 1165
391 1166
391 1167
391 1171
391 1174
391 1190
391 1191
391 1204
391 1216
391 1220
391 1222
391 1223
391 1227
391 1230
391 1231
391 1235
391 1236
391 1237
391 1238
391 1246
391 1252
391 1253
391 1254
391 1255
391 1268
391 1269
392 200
392 264
392 328
392 436
392 456
392 520
392 584
392 896
393 9
393 73
393 133
393 197
393 201
393 261
393 265
393 329
393 453
393 457
393 517
393 521
393 581
393 585
393 628
393 649
393 713
393 777
393 837
393 901
393 965
393 1033
393 1097
393 1161
393 1221
394 7
394 11
394 14
394 20
394 21
394 22
394 28
394 32
394 38
394 70
394 71
394 76
394 78
394 79
394 134
394 135
394 139
394 141
394 146
394 147
394 148
394 149
394 150
394 156
394 158
394 164
394 166
394 167
394 195
394 196
394 199
394 202
394 203
394 205
394 211
394 212
394 213
394 214
394 222
394 228
394 231
394 259
394 263
394 266
394 267
394 269
394 270
394 275
394 277
394 278
394 286
394 292
394 293
394 294
394 295
394 323
394 324
394 327
394 330
394 340
394 341
394 342
394 347
394 351
394 354
394 366
394 369
394 388
394 391
394 404
394 406
394 408
394 411
394 415
394 418
394 420
394 421
394 433
394 435
394 438
394 449
394 452
394 458
394 459
394 462
394 476
394 478
394 484
394 489
394 494
394 497
394 500
394 502
394 516
394 518
394 522
394 531
394 532
394 533
394 534
394 540
394 541
394 542
394 548
394 561
394 564
394 583
394 586
394 594
394 595
394 596
394 597
394 598
394 604
394 606
394 608
394 610
394 613
394 614
394 625
394 640
394 647
394 657
394 660
394 662
394 668
394 670
394 674
394 676
394 677
394 689
394 691
394 692
394 710
394 711
394 715
394 718
394 723
394 725
394 726
394 731
394 732
394 742
394 743
394 771
394 774
394 775
394 779
394 782
394 783
394 787
394 805
394 820
394 839
394 851
394 853
394 854
394 855
394 862
394 864
394 868
394 869
394 870
394 897
394 903
394 906
394 916
394 917
394 918
394 926
394 930
394 934
394 960
394 961
394 962
394 964
394 967
394 970
394 980
394 984
394 988
394 990
394 991
394 992
394 996
394 1001
394 1009
394 1011
394 1014
394 1030
394 1031
394 1034
394 1035
394 1038
394 1043
394 1044
394 1045
394 1046
394 1052
394 1056
394 1058
394 1060
394 1061
394 1062
394 1092
394 1094
394 1095
394 1099
394 1102
394 1107
394 1108
394 1109
394 1110
394 1116
394 1125
394 1139
394 1156
394 1158
394 1163
394 1166
394 1167
394 1171
394 1174
394 1180
394 1188
394 1190
394 1216
394 1220
394 1227
394 1236
394 1237
394 1238
394 1246
394 1252
394 1253
394 1269
395 6
395 11
395 12
395 13
395 14
395 15
395 19
395 21
395 22
395 28
395 38
395 71
395 76
395 78
395 79
395 134
395 135
395 139
395 140
395 141
395 142
395 143
395 147
395 156
395 167
395 198
395 199
395 203
395 204
395 205
395 206
395 207
395 211
395 213
395 214
395 222
395 230
395 231
395 262
395 263
395 267
395 268
395 269
395 271
395 275
395 286
395 295
395 323
395 324
395 326
395 327
395 331
395 332
395 333
395 334
395 335
395 339
395 340
395 341
395 342
395 347
395 348
395 354
395 356
395 357
395 358
395 359
395 372
395 387
395 390
395 391
395 396
395 397
395 398
395 399
395 403
395 404
395 405
395 406
395 415
395 418
395 421
395 422
395 423
395 433
395 435
395 451
395 452
395 454
395 455
395 459
395 460
395 461
395 462
395 463
395 467
395 468
395 469
395 470
395 476
395 478
395 485
395 486
395 487
395 497
395 502
395 515
395 518
395 519
395 523
395 524
395 525
395 526
395 527
395 531
395 534
395 540
395 542
395 548
395 549
395 550
395 551
395 564
395 579
395 582
395 583
395 587
395 588
395 589
395 590
395 591
395 595
395 597
395 598
395 604
395 613
395 614
395 615
395 625
395 643
395 646
395 647
395 651
395 652
395 653
395 654
395 655
395 659
395 660
395 661
395 662
395 668
395 674
395 676
395 677
395 678
395 679
395 692
395 707
395 710
395 711
395 715
395 716
395 717
395 718
395 719
395 723
395 725
395 731
395 743
395 774
395 775
395 779
395 780
395 781
395 782
395 783
395 807
395 835
395 838
395 839
395 843
395 844
395 845
395 846
395 847
395 851
395 853
395 854
395 862
395 868
395 869
395 870
395 871
395 884
395 899
395 902
395 907
395 908
395 909
395 910
395 911
395 915
395 916
395 917
395 918
395 924
395 926
395 933
395 934
395 935
395 948
395 961
395 963
395 966
395 967
395 971
395 972
395 973
395 974
395 975
395 978
395 979
395 980
395 981
395 982
395 990
395 991
395 997
395 998
395 999
395 1001
395 1009
395 1012
395 1014
395 1027
395 1030
395 1031
395 1035
395 1036
395 1037
395 1038
395 1039
395 1043
395 1044
395 1045
395 1046
395 1058
395 1062
395 1063
395 1076
395 1091
395 1094
395 1095
395 1099
395 1100
395 1101
395 1102
395 1103
395 1107
395 1126
395 1127
395 1140
395 1155
395 1164
395 1165
395 1166
395 1167
395 1171
395 1190
395 1191
395 1204
395 1219
395 1220
395 1222
395 1223
395 1227
395 1228
395 1229
395 1230
395 1231
395 1235
395 1236
395 1237
395 1238
395 1246
395 1252
395 1253
395 1254
395 1255
395 1268
396 6
396 12
396 13
396 14
396 15
396 19
396 38
396 76
396 134
396 140
396 141
396 142
396 143
396 147
396 156
396 198
396 203
396 204
396 206
396 207
396 213
396 230
396 231
396 262
396 268
396 269
396 271
396 295
396 326
396 327
396 331
396 332
396 333
396 334
396 335
396 339
396 348
396 356
396 357
396 358
396 359
396 372
396 387
396 390
396 395
396 397
396 398
396 399
396 403
396 405
396 406
396 422
396 423
396 435
396 451
396 452
396 454
396 455
396 459
396 460
396 461
396 462
396 463
396 467
396 468
396 469
396 470
396 476
396 478
396 485
396 486
396 487
396 515
396 519
396 523
396 524
396 525
396 526
396 527
396 534
396 540
396 542
396 549
396 550
396 551
396 579
396 582
396 583
396 587
396 588
396 589
396 590
396 591
396 615
396 643
396 646
396 651
396 652
396 653
396 654
396 655
396 659
396 661
396 678
396 679
396 692
396 707
396 711
396 715
396 716
396 717
396 719
396 743
396 780
396 781
396 783
396 807
396 835
396 838
396 843
396 844
396 845
396 846
396 847
396 853
396 871
396 884
396 899
396 902
396 907
396 908
396 909
396 910
396 911
396 915
396 924
396 933
396 934
396 935
396 948
396 963
396 966
396 967
396 971
396 972
396 973
396 974
396 975
396 978
396 979
396 980
396 981
396 982
396 997
396 998
396 999
396 1001
396 1012
396 1027
396 1036
396 1037
396 1039
396 1063
396 1076
396 1091
396 1094
396 1100
396 1101
396 1102
396 1103
396 1107
396 1126
396 1127
396 1140
396 1155
396 1164
396 1165
396 1166
396 1167
396 1171
396 1190
396 1191
396 1204
396 1219
396 1222
396 1223
396 1228
396 1229
396 1230
396 1231
396 1235
396 1237
396 1254
396 1255
396 1268
397 6
397 12
397 13
397 14
397 15
397 19
397 22
397 38
397 76
397 78
397 79
397 134
397 135
397 140
397 141
397 142
397 143
397 147
397 156
397 198
397 199
397 203
397 204
397 205
397 206
397 207
397 211
397 213
397 230
397 231
397 262
397 267
397 268
397 269
397 271
397 286
397 295
397 323
397 324
397 326
397 327
397 331
397 332
397 333
397 334
397 335
397 339
397 341
397 342
397 348
397 356
397 357
397 358
397 359
397 372
397 387
397 390
397 391
397 395
397 396
397 398
397 399
397 403
397 404
397 405
397 406
397 421
397 422
397 423
397 435
397 451
397 452
397 454
397 455
397 459
397 460
397 461
397 462
397 463
397 467
397 468
397 469
397 470
397 476
397 478
397 485
397 486
397 487
397 502
397 515
397 518
397 519
397 523
397 524
397 525
397 526
397 527
397 531
397 534
397 540
397 542
397 548
397 549
397 550
397 551
397 579
397 582
397 583
397 587
397 588
397 589
397 590
397 591
397 595
397 597
397 613
397 615
397 643
397 646
397 647
397 651
397 652
397 653
397 654
397 655
397 659
397 660
397 661
397 674
397 677
397 678
397 679
397 692
397 707
397 710
397 711
397 715
397 716
397 717
397 719
397 723
397 725
397 743
397 780
397 781
397 782
397 783
397 807
397 835
397 838
397 843
397 844
397 845
397 846
397 847
397 853
397 854
397 871
397 884
397 899
397 902
397 907
397 908
397 909
397 910
397 911
397 915
397 917
397 918
397 924
397 926
397 933
397 934
397 935
397 948
397 963
397 966
397 967
397 971
397 972
397 973
397 974
397 975
397 978
397 979
397 980
397 981
397 982
397 997
397 998
397 999
397 1001
397 1009
397 1012
397 1027
397 1030
397 1035
397 1036
397 1037
397 1038
397 1039
397 1046
397 1063
397 1076
397 1091
397 1094
397 1095
397 1100
397 1101
397 1102
397 1103
397 1107
397 1126
397 1127
397 1140
397 1155
397 1164
397 1165
397 1166
397 1167
397 1171
397 1190
397 1191
397 1204
397 1219
397 1222
397 1223
397 1227
397 1228
397 1229
397 1230
397 1231
397 1235
397 1237
397 1253
397 1254
397 1255
397 1268
398 6
398 12
398 13
398 14
398 15
398 19
398 38
398 76
398 134
398 140
398 141
398 142
398 143
398 147
398 156
398 198
398 203
398 204
398 206
398 207
398 213
398 230
398 231
398 262
398 267
398 268
398 269
398 270
398 271
398 295
398 326
398 327
398 331
398 332
398 333
398 334
398 335
398 339
398 348
398 356
398 357
398 358
398 359
398 372
398 387
398 390
398 395
398 396
398 397
398 399
398 403
398 405
398 406
398 422
398 423
398 435
398 451
398 452
398 454
398 455
398 459
398 460
398 461
398 462
398 463
398 467
398 468
398 469
398 470
398 476
398 478
398 485
398 486
398 487
398 515
398 519
398 523
398 524
398 525
398 526
398 527
398 534
398 540
398 542
398 549
398 550
398 551
398 579
398 582
398 583
398 587
398 588
398 589
398 590
398 591
398 615
398 643
398 646
398 651
398 652
398 653
398 654
398 655
398 659
398 661
398 678
398 679
398 692
398 707
398 711
398 715
398 716
398 717
398 719
398 743
398 780
398 781
398 782
398 783
398 807
398 835
398 838
398 843
398 844
398 845
398 846
398 847
398 853
398 871
398 884
398 899
398 902
398 907
398 908
398 909
398 910
398 911
398 915
398 924
398 933
398 934
398 935
398 948
398 963
398 966
398 967
398 971
398 972
398 973
398 974
398 975
398 978
398 979
398 980
398 981
398 982
398 997
398 998
398 999
398 1001
398 1012
398 1027
398 1036
398 1037
398 1039
398 1063
398 1076
398 1091
398 1094
398 1095
398 1100
398 1101
398 1102
398 1103
398 1107
398 1126
398 1127
398 1140
398 1155
398 1164
398 1165
398 1166
398 1167
398 1171
398 1190
398 1191
398 1204
398 1219
398 1222
398 1223
398 1228
398 1229
398 1230
398 1231
398 1235
398 1237
398 1254
398 1255
398 1268
399 6
399 12
399 13
399 14
399 15
399 19
399 38
399 76
399 134
399 140
399 141
399 142
399 143
399 147
399 156
399 198
399 203
399 204
399 206
399 207
399 213
399 230
399 231
399 262
399 267
399 268
399 269
399 271
399 295
399 326
399 327
399 331
399 332
399 333
399 334
399 335
399 339
399 341
399 348
399 356
399 357
399 358
399 359
399 372
399 387
399 390
399 395
399 396
399 397
399 398
399 403
399 405
399 406
399 422
399 423
399 435
399 451
399 452
399 454
399 455
399 459
399 460
399 461
399 462
399 463
399 467
399 468
399 469
399 470
399 476
399 478
399 485
399 486
399 487
399 515
399 519
399 523
399 524
399 525
399 526
399 527
399 534
399 540
399 542
399 549
399 550
399 551
399 579
399 582
399 583
399 587
399 588
399 589
399 590
399 591
399 615
399 643
399 646
399 651
399 652
399 653
399 654
399 655
399 659
399 661
399 678
399 679
399 692
399 707
399 711
399 715
399 716
399 717
399 719
399 743
399 780
399 781
399 782
399 783
399 807
399 835
399 838
399 843
399 844
399 845
399 846
399 847
399 853
399 871
399 884
399 899
399 902
399 907
399 908
399 909
399 910
399 911
399 915
399 924
399 933
399 934
399 935
399 948
399 963
399 966
399 967
399 971
399 972
399 973
399 974
399 975
399 978
399 979
399 980
399 981
399 982
399 997
399 998
399 999
399 1001
399 1012
399 1027
399 1036
399 1037
399 1039
399 1063
399 1076
399 1091
399 1094
399 1095
399 1100
399 1101
399 1102
399 1103
399 1107
399 1126
399 1127
399 1140
399 1155
399 1164
399 1165
399 1166
399 1167
399 1171
399 1190
399 1191
399 1204
399 1219
399 1222
399 1223
399 1228
399 1229
399 1230
399 1231
399 1235
399 1237
399 1254
399 1255
399 1268
400 208
400 272
400 336
400 464
400 528
400 592
401 209
401 273
401 337
401 465
401 529
401 593
401 1258
402 20
402 32
402 37
402 70
402 75
402 83
402 132
402 146
402 148
402 149
402 150
402 164
402 195
402 210
402 212
402 220
402 228
402 259
402 270
402 273
402 274
402 278
402 279
402 288
402 292
402 293
402 305
402 338
402 366
402 388
402 408
402 411
402 466
402 472
402 477
402 489
402 514
402 530
402 541
402 594
402 596
402 608
402 612
402 617
402 640
402 644
402 657
402 658
402 670
402 681
402 689
402 691
402 724
402 726
402 728
402 732
402 742
402 820
402 855
402 863
402 864
402 897
402 903
402 913
402 930
402 932
402 941
402 962
402 964
402 970
402 983
402 984
402 988
402 992
402 994
402 996
402 1011
402 1060
402 1061
402 1092
402 1108
402 1109
402 1115
402 1118
402 1139
402 1156
402 1159
402 1163
402 1174
402 1180
402 1188
402 1217
402 1226
402 1234
402 1239
402 1250
403 6
403 12
403 13
403 14
403 15
403 19
403 22
403 38
403 76
403 78
403 79
403 134
403 135
403 140
403 141
403 142
403 143
403 147
403 156
403 198
403 199
403 203
403 204
403 205
403 206
403 207
403 211
403 213
403 230
403 231
403 262
403 267
403 268
403 269
403 271
403 275
403 286
403 295
403 323
403 324
403 326
403 327
403 331
403 332
403 333
403 334
403 335
403 339
403 341
403 342
403 348
403 356
403 357
403 358
403 359
403 372
403 387
403 390
403 391
403 395
403 396
403 397
403 398
403 399
403 404
403 405
403 406
403 421
403 422
403 423
403 435
403 451
403 452
403 454
403 455
403 459
403 460
403 461
403 462
403 463
403 467
403 468
403 469
403 470
403 476
403 478
403 485
403 486
403 487
403 502
403 515
403 518
403 519
403 523
403 524
403 525
403 526
403 527
403 531
403 534
403 540
403 542
403 548
403 549
403 550
403 551
403 579
403 582
403 583
403 587
403 588
403 589
403 590
403 591
403 595
403 597
403 613
403 615
403 643
403 646
403 647
403 651
403 652
403 653
403 654
403 655
403 659
403 660
403 661
403 668
403 674
403 677
403 678
403 679
403 692
403 707
403 710
403 711
403 715
403 716
403 717
403 719
403 723
403 725
403 743
403 774
403 780
403 781
403 782
403 783
403 807
403 835
403 838
403 843
403 844
403 845
403 846
403 847
403 853
403 854
403 871
403 884
403 899
403 902
403 907
403 908
403 909
403 910
403 911
403 915
403 917
403 918
403 924
403 926
403 933
403 934
403 935
403 948
403 963
403 966
403 967
403 971
403 972
403 973
403 974
403 975
403 978
403 979
403 980
403 981
403 982
403 997
403 998
403 999
403 1001
403 1009
403 1012
403 1027
403 1030
403 1035
403 1036
403 1037
403 1038
403 1039
403 1046
403 1063
403 1076
403 1091
403 1094
403 1095
403 1100
403 1101
403 1102
403 1103
403 1107
403 1126
403 1127
403 1140
403 1155
403 1164
403 1165
403 1166
403 1167
403 1171
403 1190
403 1191
403 1204
403 1219
403 1222
403 1223
403 1227
403 1228
403 1229
403 1230
403 1231
403 1235
403 1237
403 1253
403 1254
403 1255
403 1268
404 6
404 7
404 11
404 13
404 14
404 15
404 19
404 20
404 21
404 22
404 28
404 38
404 71
404 76
404 78
404 79
404 134
404 135
404 139
404 140
404 141
404 142
404 143
404 147
404 156
404 158
404 164
404 166
404 167
404 196
404 198
404 199
404 203
404 204
404 205
404 206
404 207
404 211
404 212
404 213
404 214
404 222
404 230
404 231
404 262
404 263
404 267
404 269
404 275
404 276
404 277
404 286
404 293
404 294
404 295
404 323
404 324
404 326
404 327
404 331
404 333
404 334
404 339
404 340
404 341
404 342
404 347
404 348
404 351
404 354
404 356
404 357
404 358
404 359
404 366
404 369
404 372
404 387
404 388
404 390
404 391
404 394
404 395
404 397
404 403
404 405
404 406
404 408
404 415
404 418
404 420
404 421
404 422
404 423
404 433
404 435
404 438
404 449
404 451
404 452
404 454
404 455
404 458
404 459
404 461
404 462
404 463
404 467
404 468
404 469
404 470
404 476
404 478
404 484
404 485
404 486
404 487
404 494
404 497
404 500
404 502
404 515
404 516
404 518
404 519
404 523
404 525
404 526
404 531
404 532
404 533
404 534
404 540
404 542
404 548
404 549
404 551
404 561
404 564
404 579
404 582
404 583
404 587
404 588
404 589
404 590
404 595
404 596
404 597
404 598
404 604
404 606
404 608
404 610
404 613
404 614
404 615
404 625
404 643
404 646
404 647
404 651
404 653
404 659
404 660
404 661
404 662
404 668
404 674
404 676
404 677
404 678
404 679
404 691
404 692
404 707
404 710
404 711
404 715
404 716
404 717
404 718
404 719
404 723
404 725
404 731
404 732
404 742
404 743
404 771
404 774
404 775
404 779
404 780
404 781
404 782
404 783
404 787
404 805
404 807
404 820
404 835
404 838
404 839
404 843
404 846
404 847
404 851
404 853
404 854
404 862
404 868
404 869
404 870
404 871
404 884
404 902
404 906
404 907
404 910
404 911
404 915
404 916
404 917
404 918
404 924
404 926
404 930
404 933
404 934
404 935
404 948
404 960
404 961
404 966
404 967
404 971
404 974
404 978
404 979
404 980
404 981
404 982
404 990
404 991
404 997
404 998
404 1001
404 1009
404 1012
404 1014
404 1027
404 1030
404 1031
404 1034
404 1035
404 1037
404 1038
404 1039
404 1043
404 1044
404 1045
404 1046
404 1052
404 1056
404 1058
404 1061
404 1062
404 1063
404 1076
404 1091
404 1094
404 1095
404 1099
404 1100
404 1101
404 1102
404 1103
404 1107
404 1110
404 1116
404 1125
404 1126
404 1127
404 1140
404 1155
404 1158
404 1163
404 1165
404 1166
404 1167
404 1171
404 1174
404 1190
404 1191
404 1204
404 1216
404 1220
404 1222
404 1223
404 1227
404 1230
404 1231
404 1235
404 1236
404 1237
404 1238
404 1246
404 1252
404 1253
404 1254
404 1255
404 1268
404 1269
405 6
405 12
405 13
405 14
405 15
405 19
405 21
405 22
405 38
405 76
405 78
405 79
405 134
405 135
405 139
405 140
405 141
405 142
405 143
405 147
405 156
405 198
405 199
405 203
405 204
405 205
405 206
405 207
405 211
405 213
405 230
405 231
405 262
405 263
405 267
405 268
405 269
405 271
405 277
405 286
405 295
405 323
405 324
405 326
405 327
405 331
405 332
405 333
405 334
405 335
405 339
405 340
405 341
405 342
405 347
405 348
405 356
405 357
405 358
405 359
405 372
405 387
405 390
405 391
405 395
405 396
405 397
405 398
405 399
405 403
405 404
405 406
405 418
405 421
405 422
405 423
405 433
405 435
405 451
405 452
405 454
405 455
405 459
405 460
405 461
405 462
405 463
405 467
405 468
405 469
405 470
405 476
405 478
405 485
405 486
405 487
405 502
405 515
405 518
405 519
405 523
405 524
405 525
405 526
405 527
405 531
405 533
405 534
405 540
405 542
405 548
405 549
405 550
405 551
405 564
405 579
405 582
405 583
405 587
405 588
405 589
405 590
405 591
405 595
405 597
405 598
405 613
405 615
405 643
405 646
405 647
405 651
405 652
405 653
405 654
405 655
405 659
405 660
405 661
405 662
405 668
405 674
405 677
405 678
405 679
405 692
405 707
405 710
405 711
405 715
405 716
405 717
405 718
405 719
405 723
405 725
405 743
405 774
405 775
405 779
405 780
405 781
405 782
405 783
405 807
405 835
405 838
405 839
405 843
405 844
405 845
405 846
405 847
405 851
405 853
405 854
405 871
405 884
405 899
405 902
405 907
405 908
405 909
405 910
405 911
405 915
405 917
405 918
405 924
405 926
405 933
405 934
405 935
405 948
405 961
405 963
405 966
405 967
405 971
405 972
405 973
405 974
405 975
405 978
405 979
405 980
405 981
405 982
405 990
405 997
405 998
405 999
405 1001
405 1009
405 1012
405 1014
405 1027
405 1030
405 1035
405 1036
405 1037
405 1038
405 1039
405 1045
405 1046
405 1062
405 1063
405 1076
405 1091
405 1094
405 1095
405 1100
405 1101
405 1102
405 1103
405 1107
405 1126
405 1127
405 1140
405 1155
405 1164
405 1165
405 1166
405 1167
405 1171
405 1190
405 1191
405 1204
405 1219
405 1222
405 1223
405 1227
405 1228
405 1229
405 1230
405 1231
405 1235
405 1237
405 1253
405 1254
405 1255
405 1268
406 6
406 11
406 12
406 13
406 14
406 15
406 19
406 21
406 22
406 28
406 38
406 71
406 76
406 78
406 79
406 134
406 135
406 139
406 140
406 141
406 142
406 143
406 147
406 156
406 167
406 198
406 199
406 203
406 204
406 205
406 206
406 207
406 211
406 213
406 214
406 222
406 230
406 231
406 262
406 263
406 267
406 268
406 269
406 271
406 275
406 277
406 278
406 286
406 294
406 295
406 323
406 324
406 326
406 327
406 331
406 332
406 333
406 334
406 335
406 339
406 340
406 341
406 342
406 347
406 348
406 351
406 354
406 356
406 357
406 358
406 359
406 372
406 387
406 390
406 391
406 394
406 395
406 396
406 397
406 398
406 399
406 403
406 404
406 405
406 415
406 418
406 421
406 422
406 423
406 433
406 435
406 449
406 451
406 452
406 454
406 455
406 459
406 461
406 462
406 463
406 467
406 468
406 469
406 470
406 476
406 478
406 484
406 485
406 486
406 487
406 494
406 497
406 500
406 502
406 515
406 516
406 518
406 519
406 523
406 524
406 525
406 526
406 527
406 531
406 533
406 534
406 540
406 542
406 548
406 549
406 550
406 551
406 561
406 564
406 579
406 582
406 583
406 587
406 588
406 589
406 590
406 591
406 595
406 597
406 598
406 604
406 606
406 613
406 614
406 615
406 625
406 643
406 646
406 647
406 651
406 652
406 653
406 654
406 655
406 659
406 660
406 661
406 662
406 668
406 674
406 676
406 677
406 678
406 679
406 692
406 707
406 710
406 711
406 715
406 716
406 717
406 718
406 719
406 723
406 725
406 731
406 743
406 771
406 774
406 775
406 779
406 780
406 781
406 782
406 783
406 787
406 805
406 807
406 835
406 838
406 839
406 843
406 845
406 846
406 847
406 851
406 853
406 854
406 862
406 868
406 869
406 870
406 871
406 884
406 899
406 902
406 906
406 907
406 908
406 909
406 910
406 911
406 915
406 916
406 917
406 918
406 924
406 926
406 933
406 934
406 935
406 948
406 960
406 961
406 963
406 966
406 967
406 971
406 974
406 975
406 978
406 979
406 980
406 981
406 982
406 990
406 991
406 997
406 998
406 999
406 1001
406 1009
406 1012
406 1014
406 1027
406 1030
406 1031
406 1035
406 1036
406 1037
406 1038
406 1039
406 1043
406 1044
406 1045
406 1046
406 1052
406 1056
406 1058
406 1062
406 1063
406 1076
406 1091
406 1094
406 1095
406 1099
406 1100
406 1101
406 1102
406 1103
406 1107
406 1110
406 1116
406 1125
406 1126
406 1127
406 1140
406 1155
406 1158
406 1164
406 1165
406 1166
406 1167
406 1171
406 1190
406 1191
406 1204
406 1216
406 1219
406 1220
406 1222
406 1223
406 1227
406 1228
406 1229
406 1230
406 1231
406 1235
406 1236
406 1237
406 1238
406 1246
406 1252
406 1253
406 1254
406 1255
406 1268
406 1269
407 215
407 279
407 343
407 471
407 535
407 599
407 872
408 7
408 11
408 20
408 21
408 22
408 28
408 32
408 70
408 71
408 78
408 79
408 83
408 132
408 135
408 139
408 146
408 148
408 149
408 150
408 158
408 164
408 166
408 167
408 195
408 196
408 199
408 205
408 211
408 212
408 214
408 216
408 222
408 228
408 259
408 263
408 270
408 275
408 277
408 278
408 280
408 286
408 292
408 293
408 294
408 305
408 323
408 324
408 340
408 342
408 344
408 347
408 351
408 354
408 366
408 369
408 388
408 394
408 402
408 404
408 411
408 415
408 418
408 420
408 421
408 433
408 438
408 449
408 458
408 472
408 484
408 489
408 494
408 497
408 500
408 502
408 516
408 530
408 531
408 532
408 533
408 536
408 541
408 548
408 561
408 564
408 594
408 595
408 596
408 597
408 598
408 600
408 604
408 606
408 608
408 610
408 613
408 614
408 617
408 625
408 640
408 647
408 657
408 660
408 662
408 668
408 670
408 674
408 676
408 677
408 689
408 691
408 710
408 718
408 723
408 725
408 726
408 731
408 732
408 742
408 771
408 774
408 775
408 779
408 787
408 805
408 820
408 839
408 851
408 855
408 862
408 864
408 868
408 869
408 870
408 897
408 903
408 906
408 913
408 916
408 917
408 918
408 926
408 930
408 960
408 961
408 962
408 964
408 970
408 984
408 988
408 990
408 991
408 992
408 994
408 996
408 1009
408 1011
408 1014
408 1030
408 1031
408 1034
408 1035
408 1043
408 1044
408 1045
408 1046
408 1052
408 1056
408 1058
408 1060
408 1061
408 1062
408 1092
408 1099
408 1108
408 1109
408 1110
408 1116
408 1118
408 1125
408 1139
408 1156
408 1158
408 1163
408 1174
408 1180
408 1188
408 1216
408 1220
408 1226
408 1227
408 1234
408 1236
408 1238
408 1239
408 1246
408 1250
408 1252
408 1253
408 1269
409 217
409 281
409 345
409 434
409 473
409 537
409 601
410 218
410 282
410 346
410 474
410 538
410 578
410 602
411 7
411 11
411 20
411 28
411 32
411 37
411 70
411 71
411 75
411 83
411 132
411 146
411 148
411 149
411 150
411 158
411 164
411 166
411 167
411 195
411 196
411 212
411 214
411 219
411 220
411 222
411 228
411 259
411 270
411 275
411 277
411 278
411 283
411 292
411 293
411 294
411 305
411 347
411 351
411 354
411 366
411 369
411 388
411 394
411 402
411 408
411 415
411 420
411 438
411 449
411 458
411 472
411 475
411 477
411 484
411 489
411 494
411 497
411 500
411 514
411 516
411 530
411 532
411 533
411 539
411 541
411 561
411 594
411 596
411 603
411 604
411 606
411 608
411 610
411 614
411 617
411 625
411 640
411 657
411 670
411 676
411 681
411 689
411 691
411 724
411 726
411 731
411 732
411 742
411 771
411 787
411 805
411 820
411 855
411 862
411 863
411 864
411 868
411 869
411 870
411 897
411 903
411 906
411 913
411 916
411 930
411 932
411 941
411 960
411 962
411 964
411 970
411 983
411 984
411 988
411 991
411 992
411 994
411 996
411 1011
411 1031
411 1034
411 1043
411 1044
411 1052
411 1056
411 1058
411 1060
411 1061
411 1092
411 1099
411 1108
411 1109
411 1110
411 1115
411 1116
411 1118
411 1125
411 1139
411 1156
411 1158
411 1159
411 1163
411 1174
411 1180
411 1188
411 1216
411 1220
411 1226
411 1234
411 1236
411 1238
411 1239
411 1246
411 1250
411 1252
411 1269
412 220
412 284
412 348
412 476
412 479
412 540
412 604
412 607
412 814
413 221
413 285
413 349
413 477
413 503
413 541
413 605
414 222
414 286
414 350
414 478
414 542
414 606
415 7
415 11
415 13
415 14
415 19
415 20
415 21
415 22
415 28
415 32
415 38
415 71
415 76
415 78
415 79
415 134
415 135
415 139
415 141
415 146
415 147
415 148
415 150
415 156
415 158
415 164
415 166
415 167
415 196
415 198
415 199
415 203
415 205
415 211
415 212
415 213
415 214
415 222
415 223
415 230
415 231
415 259
415 262
415 263
415 267
415 269
415 275
415 277
415 278
415 286
415 287
415 293
415 294
415 295
415 323
415 324
415 327
415 331
415 339
415 340
415 341
415 342
415 347
415 348
415 351
415 354
415 356
415 357
415 366
415 369
415 372
415 387
415 388
415 391
415 394
415 395
415 404
415 406
415 408
415 411
415 418
415 420
415 421
415 422
415 433
415 435
415 438
415 449
415 451
415 452
415 458
415 459
415 462
415 468
415 470
415 476
415 478
415 479
415 484
415 494
415 497
415 500
415 502
415 516
415 518
415 531
415 532
415 533
415 534
415 540
415 541
415 542
415 543
415 548
415 549
415 561
415 564
415 579
415 583
415 587
415 594
415 595
415 596
415 597
415 598
415 604
415 606
415 607
415 608
415 610
415 613
415 614
415 625
415 640
415 646
415 647
415 651
415 657
415 660
415 661
415 662
415 668
415 674
415 676
415 677
415 678
415 689
415 691
415 692
415 707
415 710
415 711
415 715
415 718
415 723
415 725
415 726
415 731
415 732
415 742
415 743
415 771
415 774
415 775
415 779
415 781
415 782
415 783
415 787
415 805
415 807
415 820
415 839
415 843
415 846
415 851
415 853
415 854
415 855
415 862
415 864
415 868
415 869
415 870
415 884
415 897
415 903
415 906
415 907
415 915
415 916
415 917
415 918
415 924
415 926
415 930
415 934
415 948
415 960
415 961
415 962
415 964
415 967
415 970
415 978
415 980
415 981
415 982
415 988
415 990
415 991
415 992
415 997
415 1001
415 1009
415 1011
415 1014
415 1030
415 1031
415 1034
415 1035
415 1037
415 1038
415 1043
415 1044
415 1045
415 1046
415 1052
415 1056
415 1058
415 1061
415 1062
415 1076
415 1094
415 1095
415 1099
415 1102
415 1107
415 1108
415 1109
415 1110
415 1116
415 1125
415 1126
415 1156
415 1158
415 1163
415 1166
415 1167
415 1171
415 1174
415 1180
415 1188
415 1190
415 1191
415 1204
415 1216
415 1220
415 1223
415 1227
415 1235
415 1236
415 1237
415 1238
415 1246
415 1252
415 1253
415 1269
416 224
416 288
416 352
416 480
416 544
416 608
416 627
417 225
417 289
417 353
417 481
417 545
417 609
418 6
418 7
418 11
418 13
418 14
418 19
418 20
418 21
418 22
418 28
418 38
418 71
418 76
418 78
418 79
418 134
418 135
418 139
418 141
418 147
418 150
418 156
418 158
418 164
418 166
418 167
418 196
418 198
418 199
418 203
418 205
418 206
418 207
418 211
418 212
418 213
418 214
418 222
418 226
418 230
418 231
418 259
418 262
418 263
418 267
418 269
418 275
418 277
418 278
418 286
418 290
418 293
418 294
418 295
418 323
418 324
418 327
418 331
418 339
418 340
418 341
418 342
418 347
418 348
418 351
418 354
418 356
418 357
418 358
418 366
418 369
418 372
418 387
418 388
418 391
418 394
418 395
418 404
418 405
418 406
418 408
418 415
418 420
418 421
418 422
418 433
418 435
418 438
418 449
418 451
418 452
418 455
418 458
418 459
418 461
418 462
418 468
418 470
418 476
418 478
418 482
418 484
418 485
418 494
418 497
418 500
418 502
418 516
418 518
418 519
418 523
418 531
418 532
418 533
418 534
418 540
418 541
418 542
418 546
418 548
418 549
418 551
418 561
418 564
418 579
418 583
418 587
418 594
418 595
418 596
418 597
418 598
418 604
418 606
418 608
418 610
418 613
418 614
418 615
418 625
418 640
418 643
418 646
418 647
418 651
418 657
418 660
418 661
418 662
418 668
418 674
418 676
418 677
418 678
418 689
418 691
418 692
418 707
418 710
418 711
418 715
418 717
418 718
418 719
418 723
418 725
418 726
418 731
418 732
418 742
418 743
418 771
418 774
418 775
418 779
418 781
418 782
418 783
418 787
418 805
418 807
418 820
418 835
418 838
418 839
418 843
418 846
418 847
418 851
418 853
418 854
418 855
418 862
418 864
418 868
418 869
418 870
418 884
418 897
418 903
418 906
418 907
418 915
418 916
418 917
418 918
418 924
418 926
418 930
418 933
418 934
418 948
418 960
418 961
418 962
418 964
418 967
418 970
418 978
418 979
418 980
418 981
418 982
418 990
418 991
418 992
418 997
418 1001
418 1009
418 1014
418 1030
418 1031
418 1034
418 1035
418 1037
418 1038
418 1043
418 1044
418 1045
418 1046
418 1052
418 1056
418 1058
418 1061
418 1062
418 1076
418 1091
418 1094
418 1095
418 1099
418 1102
418 1107
418 1108
418 1109
418 1110
418 1116
418 1125
418 1126
418 1140
418 1155
418 1156
418 1158
418 1163
418 1166
418 1167
418 1171
418 1174
418 1180
418 1188
418 1190
418 1191
418 1204
418 1216
418 1220
418 1223
418 1227
418 1230
418 1235
418 1236
418 1237
418 1238
418 1246
418 1252
418 1253
418 1254
418 1255
418 1268
418 1269
419 227
419 291
419 355
419 483
419 547
419 611
419 1257
420 7
420 11
420 20
420 21
420 22
420 28
420 32
420 70
420 71
420 78
420 79
420 134
420 135
420 139
420 146
420 147
420 148
420 149
420 150
420 156
420 158
420 164
420 166
420 167
420 195
420 196
420 199
420 203
420 205
420 211
420 212
420 213
420 214
420 222
420 228
420 231
420 259
420 263
420 267
420 270
420 275
420 277
420 278
420 286
420 292
420 293
420 294
420 295
420 305
420 323
420 324
420 327
420 340
420 341
420 342
420 347
420 351
420 354
420 356
420 366
420 369
420 388
420 391
420 394
420 404
420 408
420 411
420 415
420 418
420 421
420 433
420 435
420 438
420 449
420 452
420 458
420 476
420 478
420 484
420 489
420 494
420 497
420 500
420 502
420 516
420 518
420 531
420 532
420 533
420 541
420 542
420 548
420 561
420 564
420 594
420 595
420 596
420 597
420 598
420 604
420 606
420 608
420 610
420 612
420 613
420 614
420 625
420 640
420 647
420 657
420 660
420 662
420 668
420 670
420 674
420 676
420 677
420 689
420 691
420 692
420 710
420 711
420 715
420 718
420 723
420 725
420 726
420 731
420 732
420 742
420 771
420 774
420 775
420 779
420 782
420 783
420 787
420 805
420 820
420 839
420 851
420 854
420 855
420 862
420 864
420 868
420 869
420 870
420 897
420 903
420 906
420 916
420 917
420 918
420 926
420 930
420 960
420 961
420 962
420 964
420 967
420 970
420 980
420 984
420 988
420 990
420 991
420 992
420 996
420 1009
420 1011
420 1014
420 1030
420 1031
420 1034
420 1035
420 1038
420 1043
420 1044
420 1045
420 1046
420 1052
420 1056
420 1058
420 1060
420 1061
420 1062
420 1092
420 1094
420 1095
420 1099
420 1108
420 1109
420 1110
420 1116
420 1118
420 1125
420 1139
420 1156
420 1158
420 1163
420 1166
420 1171
420 1174
420 1180
420 1188
420 1190
420 1216
420 1220
420 1227
420 1236
420 1237
420 1238
420 1246
420 1252
420 1253
420 1269
421 6
421 7
421 11
421 13
421 14
421 19
421 20
421 21
421 22
421 28
421 38
421 71
421 76
421 78
421 79
421 134
421 135
421 139
421 140
421 141
421 142
421 143
421 147
421 156
421 158
421 164
421 166
421 167
421 196
421 198
421 199
421 203
421 204
421 205
421 206
421 207
421 211
421 212
421 213
421 214
421 222
421 229
421 230
421 231
421 262
421 263
421 267
421 269
421 275
421 277
421 286
421 293
421 294
421 295
421 323
421 324
421 326
421 327
421 331
421 333
421 334
421 339
421 340
421 341
421 342
421 347
421 348
421 351
421 354
421 356
421 357
421 358
421 359
421 366
421 369
421 372
421 387
421 388
421 390
421 391
421 394
421 395
421 397
421 403
421 404
421 405
421 406
421 408
421 415
421 418
421 420
421 422
421 423
421 433
421 435
421 438
421 449
421 451
421 452
421 454
421 455
421 458
421 459
421 461
421 462
421 463
421 467
421 468
421 469
421 470
421 476
421 478
421 484
421 485
421 486
421 487
421 494
421 497
421 500
421 502
421 515
421 516
421 518
421 519
421 523
421 525
421 526
421 531
421 532
421 533
421 534
421 540
421 541
421 542
421 548
421 549
421 551
421 561
421 564
421 579
421 582
421 583
421 587
421 588
421 589
421 590
421 595
421 596
421 597
421 598
421 604
421 606
421 608
421 610
421 613
421 614
421 615
421 625
421 643
421 646
421 647
421 651
421 653
421 659
421 660
421 661
421 662
421 668
421 674
421 676
421 677
421 678
421 679
421 691
421 692
421 707
421 710
421 711
421 715
421 716
421 717
421 718
421 719
421 723
421 725
421 731
421 732
421 742
421 743
421 771
421 774
421 775
421 779
421 780
421 781
421 782
421 783
421 787
421 805
421 807
421 820
421 835
421 838
421 839
421 843
421 846
421 847
421 851
421 853
421 854
421 862
421 868
421 869
421 870
421 871
421 884
421 902
421 906
421 907
421 910
421 911
421 915
421 916
421 917
421 918
421 924
421 926
421 930
421 933
421 934
421 935
421 948
421 960
421 961
421 966
421 967
421 971
421 974
421 978
421 979
421 980
421 981
421 982
421 990
421 991
421 997
421 998
421 1001
421 1009
421 1012
421 1014
421 1027
421 1030
421 1031
421 1034
421 1035
421 1037
421 1038
421 1039
421 1043
421 1044
421 1045
421 1046
421 1052
421 1056
421 1058
421 1061
421 1062
421 1063
421 1076
421 1091
421 1094
421 1095
421 1099
421 1101
421 1102
421 1103
421 1107
421 1110
421 1116
421 1125
421 1126
421 1127
421 1140
421 1155
421 1158
421 1163
421 1165
421 1166
421 1167
421 1171
421 1174
421 1190
421 1191
421 1204
421 1216
421 1220
421 1222
421 1223
421 1227
421 1230
421 1231
421 1235
421 1236
421 1237
421 1238
421 1246
421 1252
421 1253
421 1254
421 1255
421 1268
421 1269
422 6
422 12
422 13
422 14
422 15
422 19
422 21
422 22
422 28
422 38
422 76
422 78
422 79
422 134
422 135
422 139
422 140
422 141
422 142
422 143
422 147
422 156
422 198
422 199
422 203
422 204
422 205
422 206
422 207
422 211
422 213
422 214
422 222
422 230
422 231
422 262
422 263
422 267
422 268
422 269
422 271
422 275
422 286
422 294
422 295
422 323
422 324
422 326
422 327
422 331
422 332
422 333
422 334
422 335
422 339
422 340
422 341
422 342
422 347
422 348
422 356
422 357
422 358
422 359
422 372
422 387
422 390
422 391
422 395
422 396
422 397
422 398
422 399
422 403
422 404
422 405
422 406
422 415
422 418
422 421
422 423
422 433
422 435
422 451
422 452
422 454
422 455
422 459
422 460
422 461
422 462
422 463
422 467
422 468
422 469
422 470
422 476
422 478
422 485
422 486
422 487
422 497
422 502
422 515
422 518
422 519
422 523
422 524
422 525
422 526
422 527
422 531
422 534
422 540
422 542
422 548
422 549
422 550
422 551
422 564
422 579
422 582
422 583
422 587
422 588
422 589
422 590
422 591
422 595
422 597
422 598
422 613
422 614
422 615
422 625
422 643
422 646
422 647
422 651
422 652
422 653
422 654
422 655
422 659
422 660
422 661
422 662
422 668
422 674
422 677
422 678
422 679
422 692
422 707
422 710
422 711
422 715
422 716
422 717
422 718
422 719
422 723
422 725
422 731
422 743
422 774
422 775
422 779
422 780
422 781
422 782
422 783
422 807
422 835
422 838
422 839
422 843
422 844
422 845
422 846
422 847
422 851
422 853
422 854
422 862
422 868
422 871
422 884
422 899
422 902
422 907
422 908
422 909
422 910
422 911
422 915
422 916
422 917
422 918
422 924
422 926
422 933
422 934
422 935
422 948
422 961
422 963
422 966
422 967
422 971
422 972
422 973
422 974
422 975
422 978
422 979
422 980
422 981
422 982
422 990
422 997
422 998
422 999
422 1001
422 1009
422 1012
422 1014
422 1027
422 1030
422 1035
422 1036
422 1037
422 1038
422 1039
422 1043
422 1044
422 1045
422 1046
422 1058
422 1062
422 1063
422 1076
422 1091
422 1094
422 1095
422 1099
422 1100
422 1101
422 1102
422 1103
422 1107
422 1126
422 1127
422 1140
422 1155
422 1164
422 1165
422 1166
422 1167
422 1171
422 1190
422 1191
422 1204
422 1219
422 1220
422 1222
422 1223
422 1227
422 1228
422 1229
422 1230
422 1231
422 1235
422 1236
422 1237
422 1238
422 1246
422 1252
422 1253
422 1254
422 1255
422 1268
423 6
423 12
423 13
423 14
423 15
423 19
423 21
423 22
423 38
423 76
423 78
423 79
423 134
423 135
423 140
423 141
423 142
423 143
423 147
423 156
423 198
423 199
423 203
423 204
423 205
423 206
423 207
423 211
423 213
423 230
423 231
423 262
423 267
423 268
423 269
423 271
423 286
423 295
423 323
423 324
423 326
423 327
423 331
423 332
423 333
423 334
423 335
423 339
423 341
423 342
423 348
423 356
423 357
423 358
423 359
423 372
423 387
423 390
423 391
423 395
423 396
423 397
423 398
423 399
423 403
423 404
423 405
423 406
423 421
423 422
423 435
423 451
423 452
423 454
423 455
423 459
423 460
423 461
423 462
423 463
423 467
423 468
423 469
423 470
423 476
423 478
423 485
423 486
423 487
423 502
423 515
423 518
423 519
423 523
423 524
423 525
423 526
423 527
423 531
423 534
423 540
423 542
423 548
423 549
423 550
423 551
423 579
423 582
423 583
423 587
423 588
423 589
423 590
423 591
423 595
423 597
423 613
423 615
423 643
423 646
423 647
423 651
423 652
423 653
423 654
423 655
423 659
423 660
423 661
423 668
423 674
423 677
423 678
423 679
423 692
423 707
423 710
423 711
423 715
423 716
423 717
423 719
423 723
423 725
423 743
423 774
423 780
423 781
423 782
423 783
423 807
423 835
423 838
423 839
423 843
423 844
423 845
423 846
423 847
423 853
423 854
423 871
423 884
423 899
423 902
423 907
423 908
423 909
423 910
423 911
423 915
423 917
423 918
423 924
423 926
423 933
423 934
423 935
423 948
423 963
423 966
423 967
423 971
423 972
423 973
423 974
423 975
423 978
423 979
423 980
423 981
423 982
423 997
423 998
423 999
423 1001
423 1009
423 1012
423 1027
423 1030
423 1035
423 1036
423 1037
423 1038
423 1039
423 1046
423 1063
423 1076
423 1091
423 1094
423 1095
423 1100
423 1101
423 1102
423 1103
423 1107
423 1126
423 1127
423 1140
423 1155
423 1164
423 1165
423 1166
423 1167
423 1171
423 1190
423 1191
423 1204
423 1219
423 1222
423 1223
423 1227
423 1228
423 1229
423 1230
423 1231
423 1235
423 1237
423 1253
423 1254
423 1255
423 1268
424 232
424 291
424 296
424 360
424 488
424 552
424 616
424 1123
425 233
425 297
425 361
425 489
425 553
425 617
426 234
426 298
426 362
426 490
426 554
426 618
427 235
427 299
427 363
427 491
427 555
427 619
428 236
428 300
428 355
428 364
428 492
428 556
428 620
428 802
428 1059
429 237
429 301
429 365
429 493
429 557
429 609
429 621
430 41
430 238
430 302
430 366
430 494
430 558
430 622
430 1157
431 239
431 303
431 367
431 495
431 559
431 623
431 648
432 240
432 304
432 368
432 496
432 560
432 624
432 859
433 6
433 7
433 11
433 13
433 14
433 19
433 20
433 21
433 22
433 28
433 38
433 71
433 76
433 78
433 79
433 134
433 135
433 139
433 141
433 147
433 150
433 156
433 158
433 164
433 166
433 167
433 196
433 198
433 199
433 203
433 205
433 206
433 207
433 211
433 212
433 213
433 214
433 222
433 230
433 231
433 241
433 259
433 262
433 263
433 267
433 269
433 275
433 277
433 278
433 286
433 293
433 294
433 295
433 305
433 323
433 324
433 327
433 331
433 339
433 340
433 341
433 342
433 347
433 348
433 351
433 354
433 356
433 357
433 358
433 366
433 369
433 372
433 387
433 388
433 391
433 394
433 395
433 404
433 405
433 406
433 408
433 415
433 418
433 420
433 421
433 422
433 435
433 438
433 449
433 451
433 452
433 455
433 458
433 459
433 461
433 462
433 468
433 470
433 476
433 478
433 484
433 485
433 486
433 494
433 497
433 500
433 502
433 515
433 516
433 518
433 519
433 523
433 531
433 532
433 533
433 534
433 540
433 541
433 542
433 548
433 549
433 551
433 561
433 564
433 579
433 582
433 583
433 587
433 595
433 596
433 597
433 598
433 604
433 606
433 608
433 610
433 613
433 614
433 615
433 625
433 640
433 643
433 646
433 647
433 651
433 657
433 660
433 661
433 662
433 668
433 674
433 676
433 677
433 678
433 689
433 691
433 692
433 707
433 710
433 711
433 715
433 716
433 717
433 718
433 719
433 723
433 725
433 731
433 732
433 742
433 743
433 771
433 774
433 775
433 779
433 781
433 782
433 783
433 787
433 805
433 807
433 820
433 835
433 838
433 839
433 843
433 846
433 847
433 851
433 853
433 854
433 855
433 862
433 864
433 868
433 869
433 870
433 884
433 902
433 903
433 906
433 907
433 915
433 916
433 917
433 918
433 924
433 926
433 930
433 933
433 934
433 948
433 960
433 961
433 962
433 964
433 966
433 967
433 970
433 971
433 974
433 978
433 979
433 980
433 981
433 982
433 990
433 991
433 997
433 1001
433 1009
433 1014
433 1030
433 1031
433 1034
433 1035
433 1037
433 1038
433 1039
433 1043
433 1044
433 1045
433 1046
433 1052
433 1056
433 1058
433 1061
433 1062
433 1076
433 1091
433 1094
433 1095
433 1099
433 1102
433 1107
433 1108
433 1109
433 1110
433 1116
433 1125
433 1126
433 1127
433 1140
433 1155
433 1156
433 1158
433 1163
433 1165
433 1166
433 1167
433 1171
433 1174
433 1188
433 1190
433 1191
433 1204
433 1216
433 1220
433 1222
433 1223
433 1227
433 1230
433 1235
433 1236
433 1237
433 1238
433 1246
433 1252
433 1253
433 1254
433 1255
433 1268
433 1269
434 242
434 306
434 370
434 409
434 498
434 562
434 626
435 6
435 7
435 11
435 12
435 13
435 14
435 15
435 19
435 21
435 22
435 28
435 38
435 71
435 76
435 78
435 79
435 134
435 135
435 139
435 140
435 141
435 142
435 143
435 147
435 156
435 158
435 166
435 167
435 196
435 198
435 199
435 203
435 204
435 205
435 206
435 207
435 211
435 213
435 214
435 222
435 230
435 231
435 243
435 262
435 263
435 267
435 268
435 269
435 275
435 277
435 286
435 294
435 295
435 307
435 323
435 324
435 326
435 327
435 331
435 332
435 333
435 334
435 335
435 339
435 340
435 341
435 342
435 347
435 348
435 351
435 354
435 356
435 357
435 358
435 359
435 369
435 371
435 372
435 387
435 390
435 391
435 394
435 395
435 396
435 397
435 398
435 399
435 403
435 404
435 405
435 406
435 415
435 418
435 420
435 421
435 422
435 423
435 433
435 438
435 449
435 451
435 452
435 454
435 455
435 458
435 459
435 461
435 462
435 463
435 467
435 468
435 469
435 470
435 476
435 478
435 484
435 485
435 486
435 487
435 494
435 497
435 499
435 500
435 502
435 515
435 516
435 518
435 519
435 523
435 525
435 526
435 527
435 531
435 532
435 533
435 534
435 540
435 542
435 548
435 549
435 550
435 551
435 561
435 563
435 564
435 579
435 582
435 583
435 587
435 588
435 589
435 590
435 595
435 597
435 598
435 604
435 606
435 608
435 610
435 613
435 614
435 615
435 625
435 627
435 643
435 646
435 647
435 651
435 653
435 654
435 659
435 660
435 661
435 662
435 668
435 674
435 676
435 677
435 678
435 679
435 692
435 707
435 710
435 711
435 715
435 716
435 717
435 718
435 719
435 723
435 725
435 731
435 732
435 743
435 771
435 774
435 775
435 779
435 780
435 781
435 782
435 783
435 787
435 805
435 807
435 835
435 838
435 839
435 843
435 846
435 847
435 851
435 853
435 854
435 862
435 868
435 869
435 870
435 871
435 884
435 899
435 902
435 906
435 907
435 909
435 910
435 911
435 915
435 916
435 917
435 918
435 924
435 926
435 933
435 934
435 935
435 948
435 960
435 961
435 966
435 967
435 971
435 974
435 978
435 979
435 980
435 981
435 982
435 990
435 991
435 997
435 998
435 1001
435 1009
435 1012
435 1014
435 1027
435 1030
435 1031
435 1034
435 1035
435 1036
435 1037
435 1038
435 1039
435 1043
435 1044
435 1045
435 1046
435 1052
435 1056
435 1058
435 1061
435 1062
435 1063
435 1076
435 1091
435 1094
435 1095
435 1099
435 1100
435 1101
435 1102
435 1103
435 1107
435 1110
435 1116
435 1125
435 1126
435 1127
435 1140
435 1155
435 1158
435 1163
435 1164
435 1165
435 1166
435 1167
435 1171
435 1190
435 1191
435 1204
435 1216
435 1220
435 1222
435 1223
435 1227
435 1230
435 1231
435 1235
435 1236
435 1237
435 1238
435 1246
435 1252
435 1253
435 1254
435 1255
435 1268
435 1269
436 244
436 308
436 372
436 392
436 500
436 564
436 628
436 896
437 223
437 245
437 309
437 373
437 501
437 565
437 629
437 1189
438 7
438 11
438 20
438 21
438 22
438 28
438 32
438 70
438 71
438 78
438 79
438 134
438 135
438 139
438 146
438 148
438 149
438 150
438 156
438 158
438 164
438 166
438 167
438 195
438 196
438 199
438 205
438 211
438 212
438 213
438 214
438 222
438 228
438 246
438 259
438 263
438 267
438 270
438 275
438 277
438 278
438 286
438 292
438 293
438 294
438 295
438 305
438 310
438 323
438 324
438 340
438 341
438 342
438 347
438 351
438 354
438 366
438 369
438 374
438 388
438 391
438 394
438 404
438 408
438 411
438 415
438 418
438 420
438 421
438 433
438 435
438 449
438 458
438 472
438 478
438 484
438 489
438 494
438 497
438 500
438 502
438 516
438 518
438 531
438 532
438 533
438 541
438 542
438 548
438 561
438 564
438 566
438 594
438 595
438 596
438 597
438 598
438 604
438 606
438 608
438 610
438 613
438 614
438 625
438 630
438 640
438 647
438 657
438 660
438 662
438 668
438 670
438 674
438 676
438 677
438 689
438 691
438 710
438 718
438 723
438 725
438 726
438 731
438 732
438 742
438 771
438 774
438 775
438 779
438 782
438 787
438 805
438 820
438 839
438 851
438 854
438 855
438 862
438 864
438 868
438 869
438 870
438 897
438 903
438 906
438 916
438 917
438 918
438 926
438 930
438 960
438 961
438 962
438 964
438 970
438 984
438 988
438 990
438 991
438 992
438 996
438 1009
438 1011
438 1014
438 1030
438 1031
438 1034
438 1035
438 1038
438 1043
438 1044
438 1045
438 1046
438 1052
438 1056
438 1058
438 1060
438 1061
438 1062
438 1092
438 1095
438 1099
438 1108
438 1109
438 1110
438 1116
438 1118
438 1125
438 1139
438 1156
438 1158
438 1163
438 1166
438 1174
438 1180
438 1188
438 1216
438 1220
438 1226
438 1227
438 1234
438 1236
438 1237
438 1238
438 1246
438 1252
438 1253
438 1269
439 247
439 311
439 375
439 503
439 567
439 631
439 768
440 248
440 312
440 376
440 504
440 568
440 632
441 249
441 313
441 377
441 505
441 569
441 633
441 832
442 117
442 250
442 314
442 378
442 491
442 506
442 570
442 634
442 778
442 803
443 251
443 315
443 379
443 507
443 571
443 635
444 252
444 316
444 380
444 508
444 572
444 636
445 253
445 317
445 381
445 509
445 573
445 637
446 254
446 318
446 382
446 510
446 573
446 574
446 638
447 255
447 313
447 319
447 383
447 511
447 575
447 639
448 256
448 320
448 384
448 512
448 576
448 640
449 7
449 11
449 14
449 20
449 21
449 22
449 28
449 32
449 38
449 70
449 71
449 76
449 78
449 79
449 134
449 135
449 139
449 141
449 146
449 147
449 148
449 149
449 150
449 156
449 158
449 164
449 166
449 167
449 196
449 199
449 203
449 205
449 211
449 212
449 213
449 214
449 222
449 228
449 231
449 257
449 259
449 263
449 267
449 269
449 270
449 275
449 277
449 278
449 286
449 292
449 293
449 294
449 295
449 321
449 323
449 324
449 327
449 340
449 341
449 342
449 347
449 351
449 354
449 357
449 366
449 369
449 372
449 385
449 388
449 391
449 394
449 404
449 406
449 408
449 411
449 415
449 418
449 420
449 421
449 433
449 435
449 438
449 452
449 458
449 459
449 462
449 476
449 478
449 484
449 489
449 494
449 497
449 500
449 502
449 513
449 516
449 518
449 531
449 532
449 533
449 534
449 540
449 541
449 542
449 548
449 561
449 564
449 577
449 583
449 594
449 595
449 596
449 597
449 598
449 604
449 606
449 608
449 610
449 613
449 614
449 625
449 640
449 641
449 647
449 651
449 657
449 660
449 662
449 668
449 674
449 676
449 677
449 689
449 691
449 692
449 710
449 711
449 715
449 718
449 723
449 725
449 726
449 731
449 732
449 742
449 743
449 771
449 774
449 775
449 779
449 782
449 783
449 787
449 805
449 820
449 839
449 851
449 853
449 854
449 855
449 862
449 864
449 868
449 869
449 870
449 897
449 903
449 906
449 916
449 917
449 918
449 926
449 930
449 934
449 960
449 961
449 962
449 964
449 967
449 970
449 980
449 984
449 988
449 990
449 991
449 992
449 996
449 997
449 1001
449 1009
449 1011
449 1014
449 1030
449 1031
449 1034
449 1035
449 1038
449 1043
449 1044
449 1045
449 1046
449 1052
449 1056
449 1058
449 1060
449 1061
449 1062
449 1094
449 1095
449 1099
449 1102
449 1107
449 1108
449 1109
449 1110
449 1116
449 1125
449 1139
449 1156
449 1158
449 1163
449 1166
449 1167
449 1171
449 1174
449 1180
449 1188
449 1190
449 1191
449 1216
449 1220
449 1227
449 1236
449 1237
449 1238
449 1246
449 1252
449 1253
449 1269
450 258
450 322
450 386
450 514
450 578
450 642
451 6
451 11
451 12
451 13
451 14
451 15
451 19
451 21
451 22
451 28
451 38
451 71
451 76
451 78
451 79
451 134
451 135
451 139
451 140
451 141
451 142
451 143
451 147
451 156
451 167
451 198
451 199
451 203
451 204
451 205
451 206
451 207
451 211
451 213
451 214
451 222
451 230
451 231
451 259
451 262
451 263
451 267
451 268
451 269
451 271
451 275
451 286
451 294
451 295
451 323
451 324
451 326
451 327
451 331
451 332
451 333
451 334
451 335
451 339
451 340
451 341
451 342
451 347
451 348
451 354
451 356
451 357
451 358
451 359
451 372
451 387
451 390
451 391
451 395
451 396
451 397
451 398
451 399
451 403
451 404
451 405
451 406
451 415
451 418
451 421
451 422
451 423
451 433
451 435
451 452
451 454
451 455
451 459
451 460
451 461
451 462
451 463
451 467
451 468
451 469
451 470
451 476
451 478
451 485
451 486
451 487
451 494
451 497
451 502
451 515
451 518
451 519
451 523
451 524
451 525
451 526
451 527
451 531
451 533
451 534
451 540
451 542
451 548
451 549
451 550
451 551
451 561
451 564
451 579
451 582
451 583
451 587
451 588
451 589
451 590
451 591
451 595
451 597
451 598
451 604
451 606
451 613
451 614
451 615
451 625
451 643
451 646
451 647
451 651
451 652
451 653
451 654
451 655
451 659
451 660
451 661
451 662
451 668
451 674
451 676
451 677
451 678
451 679
451 692
451 707
451 710
451 711
451 715
451 716
451 717
451 718
451 719
451 723
451 725
451 731
451 743
451 771
451 774
451 775
451 779
451 780
451 781
451 782
451 783
451 807
451 835
451 838
451 839
451 843
451 845
451 846
451 847
451 851
451 853
451 854
451 862
451 868
451 869
451 870
451 871
451 884
451 899
451 902
451 907
451 908
451 909
451 910
451 911
451 915
451 916
451 917
451 918
451 924
451 926
451 933
451 934
451 935
451 948
451 960
451 961
451 963
451 966
451 967
451 971
451 972
451 973
451 974
451 975
451 978
451 979
451 980
451 981
451 982
451 990
451 991
451 997
451 998
451 999
451 1001
451 1009
451 1012
451 1014
451 1027
451 1030
451 1031
451 1035
451 1036
451 1037
451 1038
451 1039
451 1043
451 1044
451 1045
451 1046
451 1052
451 1058
451 1062
451 1063
451 1076
451 1091
451 1094
451 1095
451 1099
451 1100
451 1101
451 1102
451 1103
451 1107
451 1116
451 1126
451 1127
451 1140
451 1155
451 1164
451 1165
451 1166
451 1167
451 1171
451 1190
451 1191
451 1204
451 1216
451 1219
451 1220
451 1222
451 1223
451 1227
451 1228
451 1229
451 1230
451 1231
451 1235
451 1236
451 1237
451 1238
451 1246
451 1252
451 1253
451 1254
451 1255
451 1268
452 6
452 7
452 11
452 12
452 13
452 14
452 15
452 19
452 21
452 22
452 28
452 38
452 71
452 76
452 78
452 79
452 134
452 135
452 139
452 140
452 141
452 142
452 143
452 147
452 156
452 166
452 167
452 198
452 199
452 203
452 204
452 205
452 206
452 207
452 211
452 213
452 214
452 222
452 230
452 231
452 260
452 262
452 263
452 267
452 268
452 269
452 271
452 275
452 277
452 286
452 294
452 295
452 323
452 324
452 326
452 327
452 331
452 332
452 333
452 334
452 335
452 339
452 340
452 341
452 342
452 347
452 348
452 351
452 354
452 356
452 357
452 358
452 359
452 372
452 387
452 388
452 390
452 391
452 394
452 395
452 396
452 397
452 398
452 399
452 403
452 404
452 405
452 406
452 415
452 418
452 420
452 421
452 422
452 423
452 433
452 435
452 449
452 451
452 454
452 455
452 458
452 459
452 461
452 462
452 463
452 467
452 468
452 469
452 470
452 476
452 478
452 484
452 485
452 486
452 487
452 494
452 497
452 500
452 502
452 515
452 516
452 518
452 519
452 523
452 525
452 526
452 527
452 531
452 532
452 533
452 534
452 540
452 542
452 548
452 549
452 550
452 551
452 561
452 564
452 579
452 580
452 582
452 583
452 587
452 588
452 589
452 590
452 595
452 597
452 598
452 604
452 606
452 613
452 614
452 615
452 625
452 643
452 644
452 646
452 647
452 651
452 653
452 654
452 655
452 659
452 660
452 661
452 662
452 668
452 674
452 676
452 677
452 678
452 679
452 692
452 707
452 710
452 711
452 715
452 716
452 717
452 718
452 719
452 723
452 725
452 731
452 743
452 771
452 774
452 775
452 779
452 780
452 781
452 782
452 783
452 787
452 805
452 807
452 835
452 838
452 839
452 843
452 845
452 846
452 847
452 851
452 853
452 854
452 862
452 868
452 869
452 870
452 871
452 884
452 899
452 902
452 906
452 907
452 909
452 910
452 911
452 915
452 916
452 917
452 918
452 924
452 926
452 933
452 934
452 935
452 948
452 960
452 961
452 963
452 966
452 967
452 971
452 974
452 978
452 979
452 980
452 981
452 982
452 990
452 991
452 997
452 998
452 1001
452 1009
452 1012
452 1014
452 1027
452 1030
452 1031
452 1035
452 1036
452 1037
452 1038
452 1039
452 1043
452 1044
452 1045
452 1046
452 1052
452 1056
452 1058
452 1062
452 1063
452 1076
452 1091
452 1094
452 1095
452 1099
452 1100
452 1101
452 1102
452 1103
452 1107
452 1110
452 1116
452 1125
452 1126
452 1127
452 1140
452 1155
452 1158
452 1164
452 1165
452 1166
452 1167
452 1171
452 1190
452 1191
452 1204
452 1216
452 1220
452 1222
452 1223
452 1227
452 1230
452 1231
452 1235
452 1236
452 1237
452 1238
452 1246
452 1252
452 1253
452 1254
452 1255
452 1268
452 1269
453 9
453 73
453 133
453 197
453 261
453 325
453 329
453 389
453 393
453 517
453 581
453 628
453 645
453 649
453 713
453 777
453 837
453 901
453 965
453 1033
453 1097
453 1161
453 1221
454 6
454 12
454 13
454 14
454 15
454 19
454 38
454 76
454 78
454 79
454 134
454 140
454 141
454 142
454 143
454 147
454 156
454 198
454 203
454 204
454 205
454 206
454 207
454 211
454 213
454 230
454 231
454 262
454 267
454 268
454 269
454 271
454 286
454 295
454 323
454 324
454 326
454 327
454 331
454 332
454 333
454 334
454 335
454 339
454 341
454 348
454 356
454 357
454 358
454 359
454 372
454 387
454 390
454 391
454 395
454 396
454 397
454 398
454 399
454 403
454 404
454 405
454 406
454 421
454 422
454 423
454 435
454 451
454 452
454 455
454 459
454 460
454 461
454 462
454 463
454 467
454 468
454 469
454 470
454 476
454 478
454 485
454 486
454 487
454 502
454 515
454 518
454 519
454 523
454 524
454 525
454 526
454 527
454 531
454 534
454 540
454 542
454 549
454 550
454 551
454 579
454 582
454 583
454 587
454 588
454 589
454 590
454 591
454 597
454 613
454 615
454 643
454 646
454 647
454 651
454 652
454 653
454 654
454 655
454 659
454 660
454 661
454 677
454 678
454 679
454 692
454 707
454 710
454 711
454 715
454 716
454 717
454 719
454 723
454 725
454 743
454 780
454 781
454 782
454 783
454 807
454 835
454 838
454 843
454 844
454 845
454 846
454 847
454 853
454 854
454 871
454 884
454 899
454 902
454 907
454 908
454 909
454 910
454 911
454 915
454 918
454 924
454 926
454 933
454 934
454 935
454 948
454 963
454 966
454 967
454 971
454 972
454 973
454 974
454 975
454 978
454 979
454 980
454 981
454 982
454 997
454 998
454 999
454 1001
454 1012
454 1027
454 1030
454 1035
454 1036
454 1037
454 1038
454 1039
454 1046
454 1063
454 1076
454 1091
454 1094
454 1095
454 1100
454 1101
454 1102
454 1103
454 1107
454 1126
454 1127
454 1140
454 1155
454 1164
454 1165
454 1166
454 1167
454 1171
454 1190
454 1191
454 1204
454 1219
454 1222
454 1223
454 1227
454 1228
454 1229
454 1230
454 1231
454 1235
454 1237
454 1254
454 1255
454 1268
455 6
455 12
455 13
455 14
455 15
455 19
455 21
455 22
455 38
455 76
455 78
455 79
455 134
455 135
455 139
455 140
455 141
455 142
455 143
455 147
455 156
455 198
455 199
455 203
455 204
455 205
455 206
455 207
455 211
455 213
455 230
455 231
455 262
455 263
455 267
455 268
455 269
455 271
455 286
455 295
455 323
455 324
455 326
455 327
455 331
455 332
455 333
455 334
455 335
455 339
455 340
455 341
455 342
455 347
455 348
455 356
455 357
455 358
455 359
455 372
455 387
455 390
455 391
455 395
455 396
455 397
455 398
455 399
455 403
455 404
455 405
455 406
455 418
455 421
455 422
455 423
455 433
455 435
455 451
455 452
455 454
455 459
455 460
455 461
455 462
455 463
455 467
455 468
455 469
455 470
455 476
455 478
455 485
455 486
455 487
455 502
455 515
455 518
455 519
455 523
455 524
455 525
455 526
455 527
455 531
455 534
455 540
455 542
455 548
455 549
455 550
455 551
455 564
455 579
455 582
455 583
455 587
455 588
455 589
455 590
455 591
455 595
455 597
455 598
455 613
455 614
455 615
455 625
455 643
455 646
455 647
455 651
455 652
455 653
455 654
455 655
455 659
455 660
455 661
455 662
455 668
455 674
455 677
455 678
455 679
455 692
455 707
455 710
455 711
455 715
455 716
455 717
455 718
455 719
455 723
455 725
455 743
455 774
455 775
455 779
455 780
455 781
455 782
455 783
455 807
455 835
455 838
455 839
455 843
455 844
455 845
455 846
455 847
455 851
455 853
455 854
455 871
455 884
455 899
455 902
455 907
455 908
455 909
455 910
455 911
455 915
455 916
455 917
455 918
455 924
455 926
455 933
455 934
455 935
455 948
455 961
455 963
455 966
455 967
455 971
455 972
455 973
455 974
455 975
455 978
455 979
455 980
455 981
455 982
455 990
455 997
455 998
455 999
455 1001
455 1009
455 1012
455 1014
455 1027
455 1030
455 1035
455 1036
455 1037
455 1038
455 1039
455 1043
455 1045
455 1046
455 1062
455 1063
455 1076
455 1091
455 1094
455 1095
455 1099
455 1100
455 1101
455 1102
455 1103
455 1107
455 1126
455 1127
455 1140
455 1155
455 1164
455 1165
455 1166
455 1167
455 1171
455 1190
455 1191
455 1204
455 1219
455 1222
455 1223
455 1227
455 1228
455 1229
455 1230
455 1231
455 1235
455 1237
455 1238
455 1252
455 1253
455 1254
455 1255
455 1268
456 264
456 328
456 392
456 520
456 584
456 648
456 1198
457 265
457 329
457 393
457 521
457 585
457 592
457 649
457 976
457 1218
458 7
458 11
458 20
458 21
458 22
458 28
458 32
458 70
458 71
458 78
458 79
458 134
458 135
458 139
458 146
458 147
458 148
458 149
458 150
458 156
458 158
458 164
458 166
458 167
458 195
458 196
458 199
458 203
458 205
458 211
458 212
458 213
458 214
458 222
458 228
458 231
458 259
458 263
458 266
458 267
458 270
458 275
458 277
458 278
458 286
458 292
458 293
458 294
458 295
458 305
458 323
458 324
458 327
458 330
458 340
458 341
458 342
458 347
458 351
458 354
458 366
458 369
458 388
458 391
458 394
458 404
458 408
458 411
458 415
458 418
458 420
458 421
458 433
458 435
458 438
458 449
458 452
458 476
458 478
458 484
458 489
458 494
458 497
458 500
458 502
458 516
458 518
458 522
458 531
458 532
458 533
458 534
458 541
458 542
458 548
458 561
458 564
458 586
458 594
458 595
458 596
458 597
458 598
458 604
458 606
458 608
458 610
458 613
458 614
458 625
458 640
458 647
458 650
458 657
458 660
458 662
458 668
458 670
458 674
458 676
458 677
458 689
458 691
458 692
458 710
458 711
458 715
458 718
458 723
458 725
458 726
458 731
458 732
458 742
458 771
458 774
458 775
458 779
458 782
458 783
458 787
458 805
458 820
458 839
458 851
458 854
458 855
458 862
458 864
458 868
458 869
458 870
458 897
458 903
458 906
458 916
458 917
458 918
458 926
458 930
458 934
458 960
458 961
458 962
458 964
458 967
458 970
458 980
458 984
458 988
458 990
458 991
458 992
458 996
458 1009
458 1011
458 1014
458 1030
458 1031
458 1034
458 1035
458 1038
458 1043
458 1044
458 1045
458 1046
458 1052
458 1056
458 1058
458 1060
458 1061
458 1062
458 1092
458 1094
458 1095
458 1099
458 1108
458 1109
458 1110
458 1116
458 1118
458 1125
458 1139
458 1156
458 1158
458 1163
458 1166
458 1171
458 1174
458 1180
458 1188
458 1190
458 1216
458 1220
458 1227
458 1236
458 1237
458 1238
458 1246
458 1252
458 1253
458 1269
459 6
459 11
459 12
459 13
459 14
459 15
459 19
459 21
459 22
459 28
459 38
459 71
459 76
459 78
459 79
459 134
459 135
459 139
459 140
459 141
459 142
459 143
459 147
459 156
459 167
459 198
459 199
459 203
459 204
459 205
459 206
459 207
459 211
459 213
459 214
459 222
459 230
459 231
459 262
459 263
459 267
459 268
459 269
459 271
459 275
459 277
459 286
459 294
459 295
459 323
459 324
459 326
459 327
459 331
459 332
459 333
459 334
459 335
459 339
459 340
459 341
459 342
459 347
459 348
459 351
459 354
459 356
459 357
459 358
459 359
459 372
459 387
459 390
459 391
459 394
459 395
459 396
459 397
459 398
459 399
459 403
459 404
459 405
459 406
459 415
459 418
459 421
459 422
459 423
459 433
459 435
459 449
459 451
459 452
459 454
459 455
459 461
459 462
459 463
459 467
459 468
459 469
459 470
459 476
459 478
459 484
459 485
459 486
459 487
459 494
459 497
459 500
459 502
459 515
459 516
459 518
459 519
459 523
459 524
459 525
459 526
459 527
459 531
459 533
459 534
459 540
459 542
459 548
459 549
459 550
459 551
459 561
459 564
459 579
459 582
459 583
459 587
459 588
459 589
459 590
459 591
459 595
459 597
459 598
459 604
459 606
459 613
459 614
459 615
459 625
459 643
459 646
459 647
459 651
459 652
459 653
459 654
459 655
459 659
459 660
459 661
459 662
459 668
459 674
459 676
459 677
459 678
459 679
459 692
459 707
459 710
459 711
459 715
459 716
459 717
459 718
459 719
459 723
459 725
459 731
459 743
459 771
459 774
459 775
459 779
459 780
459 781
459 782
459 783
459 787
459 805
459 807
459 835
459 838
459 839
459 843
459 845
459 846
459 847
459 851
459 853
459 854
459 862
459 868
459 869
459 870
459 871
459 884
459 899
459 902
459 906
459 907
459 908
459 909
459 910
459 911
459 915
459 916
459 917
459 918
459 924
459 926
459 933
459 934
459 935
459 948
459 960
459 961
459 963
459 966
459 967
459 971
459 974
459 975
459 978
459 979
459 980
459 981
459 982
459 990
459 991
459 997
459 998
459 999
459 1001
459 1009
459 1012
459 1014
459 1027
459 1030
459 1031
459 1035
459 1036
459 1037
459 1038
459 1039
459 1043
459 1044
459 1045
459 1046
459 1052
459 1056
459 1058
459 1062
459 1063
459 1076
459 1091
459 1094
459 1095
459 1099
459 1100
459 1101
459 1102
459 1103
459 1107
459 1110
459 1116
459 1125
459 1126
459 1127
459 1140
459 1155
459 1158
459 1164
459 1165
459 1166
459 1167
459 1171
459 1190
459 1191
459 1204
459 1216
459 1219
459 1220
459 1222
459 1223
459 1227
459 1228
459 1229
459 1230
459 1231
459 1235
459 1236
459 1237
459 1238
459 1246
459 1252
459 1253
459 1254
459 1255
459 1268
459 1269
460 6
460 12
460 15
460 19
460 140
460 142
460 143
460 204
460 206
460 207
460 230
460 268
460 271
460 326
460 331
460 332
460 333
460 334
460 335
460 339
460 356
460 358
460 359
460 387
460 390
460 395
460 396
460 397
460 398
460 399
460 403
460 405
460 422
460 423
460 451
460 454
460 455
460 461
460 463
460 467
460 469
460 470
460 485
460 486
460 487
460 515
460 519
460 523
460 524
460 525
460 526
460 527
460 550
460 551
460 579
460 582
460 587
460 588
460 589
460 590
460 591
460 615
460 643
460 646
460 652
460 653
460 654
460 655
460 659
460 661
460 679
460 707
460 716
460 717
460 719
460 780
460 781
460 807
460 835
460 838
460 844
460 845
460 846
460 847
460 871
460 884
460 899
460 902
460 907
460 908
460 909
460 910
460 911
460 915
460 933
460 935
460 948
460 963
460 966
460 971
460 972
460 973
460 974
460 975
460 979
460 981
460 982
460 998
460 999
460 1012
460 1027
460 1036
460 1037
460 1039
460 1063
460 1076
460 1091
460 1100
460 1101
460 1103
460 1127
460 1140
460 1155
460 1164
460 1165
460 1204
460 1219
460 1222
460 1223
460 1228
460 1229
460 1230
460 1231
460 1235
460 1254
460 1255
460 1268
461 6
461 12
461 13
461 14
461 15
461 19
461 21
461 22
461 38
461 76
461 78
461 79
461 134
461 135
461 139
461 140
461 141
461 142
461 143
461 147
461 156
461 198
461 199
461 203
461 204
461 205
461 206
461 207
461 211
461 213
461 230
461 231
461 262
461 263
461 267
461 268
461 269
461 271
461 286
461 295
461 323
461 324
461 326
461 327
461 331
461 332
461 333
461 334
461 335
461 339
461 340
461 341
461 342
461 347
461 348
461 356
461 357
461 358
461 359
461 372
461 387
461 390
461 391
461 395
461 396
461 397
461 398
461 399
461 403
461 404
461 405
461 406
461 418
461 421
461 422
461 423
461 433
461 435
461 451
461 452
461 454
461 455
461 459
461 460
461 462
461 463
461 467
461 468
461 469
461 470
461 476
461 478
461 485
461 486
461 487
461 502
461 515
461 518
461 519
461 523
461 524
461 525
461 526
461 527
461 531
461 534
461 540
461 542
461 548
461 549
461 550
461 551
461 564
461 579
461 582
461 583
461 587
461 588
461 589
461 590
461 591
461 595
461 597
461 598
461 613
461 615
461 643
461 646
461 647
461 651
461 652
461 653
461 654
461 655
461 659
461 660
461 661
461 662
461 668
461 674
461 677
461 678
461 679
461 692
461 707
461 710
461 711
461 715
461 716
461 717
461 718
461 719
461 723
461 725
461 743
461 774
461 775
461 779
461 780
461 781
461 782
461 783
461 807
461 835
461 838
461 839
461 843
461 844
461 845
461 846
461 847
461 851
461 853
461 854
461 871
461 884
461 899
461 902
461 907
461 908
461 909
461 910
461 911
461 915
461 917
461 918
461 924
461 926
461 933
461 934
461 935
461 948
461 961
461 963
461 966
461 967
461 971
461 972
461 973
461 974
461 975
461 978
461 979
461 980
461 981
461 982
461 990
461 997
461 998
461 999
461 1001
461 1009
461 1012
461 1014
461 1027
461 1030
461 1035
461 1036
461 1037
461 1038
461 1039
461 1045
461 1046
461 1062
461 1063
461 1076
461 1091
461 1094
461 1095
461 1100
461 1101
461 1102
461 1103
461 1107
461 1126
461 1127
461 1140
461 1155
461 1164
461 1165
461 1166
461 1167
461 1171
461 1190
461 1191
461 1204
461 1219
461 1222
461 1223
461 1227
461 1228
461 1229
461 1230
461 1231
461 1235
461 1237
461 1253
461 1254
461 1255
461 1268
462 6
462 11
462 12
462 13
462 14
462 15
462 19
462 21
462 22
462 28
462 38
462 71
462 76
462 78
462 79
462 134
462 135
462 139
462 140
462 141
462 142
462 143
462 147
462 156
462 167
462 198
462 199
462 203
462 204
462 205
462 206
462 207
462 211
462 213
462 214
462 222
462 230
462 231
462 262
462 263
462 267
462 268
462 269
462 270
462 271
462 275
462 277
462 286
462 294
462 295
462 323
462 324
462 326
462 327
462 331
462 332
462 333
462 334
462 335
462 339
462 340
462 341
462 342
462 347
462 348
462 351
462 354
462 356
462 357
462 358
462 359
462 372
462 387
462 390
462 391
462 394
462 395
462 396
462 397
462 398
462 399
462 403
462 404
462 405
462 406
462 415
462 418
462 421
462 422
462 423
462 433
462 435
462 449
462 451
462 452
462 454
462 455
462 459
462 461
462 463
462 467
462 468
462 469
462 470
462 476
462 478
462 484
462 485
462 486
462 487
462 494
462 497
462 500
462 502
462 515
462 516
462 518
462 519
462 523
462 524
462 525
462 526
462 527
462 531
462 533
462 534
462 540
462 542
462 548
462 549
462 550
462 551
462 561
462 564
462 579
462 582
462 583
462 587
462 588
462 589
462 590
462 591
462 595
462 597
462 598
462 604
462 606
462 613
462 614
462 615
462 625
462 643
462 646
462 647
462 651
462 652
462 653
462 654
462 655
462 659
462 660
462 661
462 662
462 668
462 674
462 676
462 677
462 678
462 679
462 692
462 707
462 710
462 711
462 715
462 716
462 717
462 718
462 719
462 723
462 725
462 731
462 743
462 771
462 774
462 775
462 779
462 780
462 781
462 782
462 783
462 787
462 805
462 807
462 835
462 838
462 839
462 843
462 845
462 846
462 847
462 851
462 853
462 854
462 862
462 868
462 869
462 870
462 871
462 884
462 899
462 902
462 906
462 907
462 908
462 909
462 910
462 911
462 915
462 916
462 917
462 918
462 924
462 926
462 933
462 934
462 935
462 948
462 960
462 961
462 963
462 966
462 967
462 971
462 974
462 975
462 978
462 979
462 980
462 981
462 982
462 990
462 991
462 997
462 998
462 999
462 1001
462 1009
462 1012
462 1014
462 1027
462 1030
462 1031
462 1035
462 1036
462 1037
462 1038
462 1039
462 1043
462 1044
462 1045
462 1046
462 1052
462 1056
462 1058
462 1062
462 1063
462 1076
462 1091
462 1094
462 1095
462 1099
462 1100
462 1101
462 1102
462 1103
462 1107
462 1110
462 1116
462 1125
462 1126
462 1127
462 1140
462 1155
462 1158
462 1164
462 1165
462 1166
462 1167
462 1171
462 1190
462 1191
462 1204
462 1216
462 1219
462 1220
462 1222
462 1223
462 1227
462 1228
462 1229
462 1230
462 1231
462 1235
462 1236
462 1237
462 1238
462 1246
462 1252
462 1253
462 1254
462 1255
462 1268
462 1269
463 6
463 12
463 13
463 14
463 15
463 19
463 38
463 76
463 78
463 79
463 134
463 135
463 140
463 141
463 142
463 143
463 147
463 156
463 198
463 203
463 204
463 205
463 206
463 207
463 211
463 213
463 230
463 231
463 262
463 267
463 268
463 269
463 271
463 286
463 295
463 323
463 324
463 326
463 327
463 331
463 332
463 333
463 334
463 335
463 339
463 341
463 342
463 348
463 356
463 357
463 358
463 359
463 372
463 387
463 390
463 391
463 395
463 396
463 397
463 398
463 399
463 403
463 404
463 405
463 406
463 421
463 422
463 423
463 435
463 451
463 452
463 454
463 455
463 459
463 460
463 461
463 462
463 467
463 468
463 469
463 470
463 476
463 478
463 485
463 486
463 487
463 502
463 515
463 518
463 519
463 523
463 524
463 525
463 526
463 527
463 531
463 534
463 540
463 542
463 548
463 549
463 550
463 551
463 579
463 582
463 583
463 587
463 588
463 589
463 590
463 591
463 595
463 597
463 613
463 615
463 643
463 646
463 647
463 651
463 652
463 653
463 654
463 655
463 659
463 660
463 661
463 674
463 677
463 678
463 679
463 692
463 707
463 710
463 711
463 715
463 716
463 717
463 719
463 723
463 725
463 743
463 780
463 781
463 782
463 783
463 807
463 835
463 838
463 843
463 844
463 845
463 846
463 847
463 853
463 854
463 871
463 884
463 899
463 902
463 907
463 908
463 909
463 910
463 911
463 915
463 917
463 918
463 924
463 926
463 933
463 934
463 935
463 948
463 963
463 966
463 967
463 971
463 972
463 973
463 974
463 975
463 978
463 979
463 980
463 981
463 982
463 997
463 998
463 999
463 1001
463 1012
463 1027
463 1030
463 1035
463 1036
463 1037
463 1038
463 1039
463 1046
463 1063
463 1076
463 1091
463 1094
463 1095
463 1100
463 1101
463 1102
463 1103
463 1107
463 1126
463 1127
463 1140
463 1155
463 1164
463 1165
463 1166
463 1167
463 1171
463 1190
463 1191
463 1204
463 1219
463 1222
463 1223
463 1227
463 1228
463 1229
463 1230
463 1231
463 1235
463 1237
463 1253
463 1254
463 1255
463 1268
464 272
464 336
464 400
464 528
464 592
464 611
464 656
465 24
465 273
465 337
465 401
465 529
465 593
465 657
466 2
466 274
466 338
466 402
466 530
466 594
466 658
466 986
466 1187
467 6
467 12
467 13
467 14
467 15
467 19
467 38
467 76
467 78
467 79
467 134
467 140
467 141
467 142
467 143
467 147
467 156
467 198
467 203
467 204
467 205
467 206
467 207
467 213
467 230
467 231
467 262
467 267
467 268
467 269
467 271
467 275
467 286
467 295
467 323
467 326
467 327
467 331
467 332
467 333
467 334
467 335
467 339
467 341
467 348
467 356
467 357
467 358
467 359
467 372
467 387
467 390
467 391
467 395
467 396
467 397
467 398
467 399
467 403
467 404
467 405
467 406
467 421
467 422
467 423
467 435
467 451
467 452
467 454
467 455
467 459
467 460
467 461
467 462
467 463
467 468
467 469
467 470
467 476
467 478
467 485
467 486
467 487
467 515
467 518
467 519
467 523
467 524
467 525
467 526
467 527
467 531
467 534
467 540
467 542
467 549
467 550
467 551
467 579
467 582
467 583
467 587
467 588
467 589
467 590
467 591
467 595
467 597
467 613
467 615
467 643
467 646
467 647
467 651
467 652
467 653
467 654
467 655
467 659
467 660
467 661
467 677
467 678
467 679
467 692
467 707
467 710
467 711
467 715
467 716
467 717
467 719
467 723
467 743
467 780
467 781
467 782
467 783
467 807
467 835
467 838
467 843
467 844
467 845
467 846
467 847
467 853
467 854
467 871
467 884
467 899
467 902
467 907
467 908
467 909
467 910
467 911
467 915
467 918
467 924
467 926
467 933
467 934
467 935
467 948
467 963
467 966
467 967
467 971
467 972
467 973
467 974
467 975
467 978
467 979
467 980
467 981
467 982
467 997
467 998
467 999
467 1001
467 1012
467 1027
467 1030
467 1036
467 1037
467 1038
467 1039
467 1046
467 1063
467 1076
467 1091
467 1094
467 1095
467 1100
467 1101
467 1102
467 1103
467 1107
467 1126
467 1127
467 1140
467 1155
467 1164
467 1165
467 1166
467 1167
467 1171
467 1190
467 1191
467 1204
467 1219
467 1222
467 1223
467 1227
467 1228
467 1229
467 1230
467 1231
467 1235
467 1237
467 1254
467 1255
467 1268
468 6
468 11
468 12
468 13
468 14
468 15
468 19
468 21
468 22
468 28
468 38
468 71
468 76
468 78
468 79
468 134
468 135
468 139
468 140
468 141
468 142
468 143
468 147
468 156
468 167
468 198
468 199
468 203
468 204
468 205
468 206
468 207
468 211
468 213
468 214
468 222
468 230
468 231
468 262
468 263
468 267
468 268
468 269
468 271
468 275
468 276
468 286
468 294
468 295
468 323
468 324
468 326
468 327
468 331
468 332
468 333
468 334
468 335
468 339
468 340
468 341
468 342
468 347
468 348
468 354
468 356
468 357
468 358
468 359
468 372
468 387
468 390
468 391
468 395
468 396
468 397
468 398
468 399
468 403
468 404
468 405
468 406
468 415
468 418
468 421
468 422
468 423
468 433
468 435
468 451
468 452
468 454
468 455
468 459
468 461
468 462
468 463
468 467
468 469
468 470
468 476
468 478
468 484
468 485
468 486
468 487
468 494
468 497
468 500
468 502
468 515
468 516
468 518
468 519
468 523
468 524
468 525
468 526
468 527
468 531
468 532
468 533
468 534
468 540
468 542
468 548
468 549
468 550
468 551
468 561
468 564
468 579
468 582
468 583
468 587
468 588
468 589
468 590
468 591
468 595
468 596
468 597
468 598
468 604
468 606
468 613
468 614
468 615
468 625
468 643
468 646
468 647
468 651
468 652
468 653
468 654
468 655
468 659
468 660
468 661
468 662
468 668
468 674
468 676
468 677
468 678
468 679
468 692
468 707
468 710
468 711
468 715
468 716
468 717
468 718
468 719
468 723
468 725
468 731
468 743
468 771
468 774
468 775
468 779
468 780
468 781
468 782
468 783
468 807
468 835
468 838
468 839
468 843
468 845
468 846
468 847
468 851
468 853
468 854
468 862
468 868
468 869
468 870
468 871
468 884
468 899
468 902
468 907
468 908
468 909
468 910
468 911
468 915
468 916
468 917
468 918
468 924
468 926
468 933
468 934
468 935
468 948
468 960
468 961
468 963
468 966
468 967
468 971
468 972
468 974
468 975
468 978
468 979
468 980
468 981
468 982
468 990
468 991
468 997
468 998
468 999
468 1001
468 1009
468 1012
468 1014
468 1027
468 1030
468 1031
468 1035
468 1036
468 1037
468 1038
468 1039
468 1043
468 1044
468 1045
468 1046
468 1052
468 1058
468 1062
468 1063
468 1076
468 1091
468 1094
468 1095
468 1099
468 1100
468 1101
468 1102
468 1103
468 1107
468 1110
468 1116
468 1125
468 1126
468 1127
468 1140
468 1155
468 1158
468 1164
468 1165
468 1166
468 1167
468 1171
468 1190
468 1191
468 1204
468 1216
468 1219
468 1220
468 1222
468 1223
468 1227
468 1228
468 1229
468 1230
468 1231
468 1235
468 1236
468 1237
468 1238
468 1246
468 1252
468 1253
468 1254
468 1255
468 1268
469 6
469 12
469 13
469 14
469 15
469 19
469 38
469 76
469 78
469 79
469 134
469 135
469 140
469 141
469 142
469 143
469 147
469 156
469 198
469 203
469 204
469 205
469 206
469 207
469 211
469 213
469 230
469 231
469 262
469 267
469 268
469 269
469 271
469 277
469 286
469 295
469 323
469 324
469 326
469 327
469 331
469 332
469 333
469 334
469 335
469 339
469 341
469 342
469 348
469 356
469 357
469 358
469 359
469 372
469 387
469 390
469 391
469 395
469 396
469 397
469 398
469 399
469 403
469 404
469 405
469 406
469 421
469 422
469 423
469 435
469 451
469 452
469 454
469 455
469 459
469 460
469 461
469 462
469 463
469 467
469 468
469 470
469 476
469 478
469 485
469 486
469 487
469 502
469 515
469 518
469 519
469 523
469 524
469 525
469 526
469 527
469 531
469 533
469 534
469 540
469 542
469 548
469 549
469 550
469 551
469 579
469 582
469 583
469 587
469 588
469 589
469 590
469 591
469 595
469 597
469 613
469 615
469 643
469 646
469 647
469 651
469 652
469 653
469 654
469 655
469 659
469 660
469 661
469 674
469 677
469 678
469 679
469 692
469 707
469 710
469 711
469 715
469 716
469 717
469 719
469 723
469 725
469 743
469 780
469 781
469 782
469 783
469 807
469 835
469 838
469 843
469 844
469 845
469 846
469 847
469 853
469 854
469 871
469 884
469 899
469 902
469 907
469 908
469 909
469 910
469 911
469 915
469 917
469 918
469 924
469 926
469 933
469 934
469 935
469 948
469 963
469 966
469 967
469 971
469 972
469 973
469 974
469 975
469 978
469 979
469 980
469 981
469 982
469 997
469 998
469 999
469 1001
469 1012
469 1027
469 1030
469 1035
469 1036
469 1037
469 1038
469 1039
469 1046
469 1063
469 1076
469 1091
469 1094
469 1095
469 1100
469 1101
469 1102
469 1103
469 1107
469 1126
469 1127
469 1140
469 1155
469 1164
469 1165
469 1166
469 1167
469 1171
469 1190
469 1191
469 1204
469 1219
469 1222
469 1223
469 1227
469 1228
469 1229
469 1230
469 1231
469 1235
469 1237
469 1253
469 1254
469 1255
469 1268
470 6
470 11
470 12
470 13
470 14
470 15
470 19
470 21
470 22
470 28
470 38
470 71
470 76
470 78
470 79
470 134
470 135
470 139
470 140
470 141
470 142
470 143
470 147
470 156
470 167
470 198
470 199
470 203
470 204
470 205
470 206
470 207
470 211
470 213
470 214
470 222
470 230
470 231
470 262
470 263
470 267
470 268
470 269
470 271
470 275
470 278
470 286
470 295
470 323
470 324
470 326
470 327
470 331
470 332
470 333
470 334
470 335
470 339
470 340
470 341
470 342
470 347
470 348
470 354
470 356
470 357
470 358
470 359
470 372
470 387
470 390
470 391
470 395
470 396
470 397
470 398
470 399
470 403
470 404
470 405
470 406
470 415
470 418
470 421
470 422
470 423
470 433
470 435
470 451
470 452
470 454
470 455
470 459
470 460
470 461
470 462
470 463
470 467
470 468
470 469
470 476
470 478
470 485
470 486
470 487
470 497
470 502
470 515
470 518
470 519
470 523
470 524
470 525
470 526
470 527
470 531
470 534
470 540
470 542
470 548
470 549
470 550
470 551
470 564
470 579
470 582
470 583
470 587
470 588
470 589
470 590
470 591
470 595
470 597
470 598
470 604
470 613
470 614
470 615
470 625
470 643
470 646
470 647
470 651
470 652
470 653
470 654
470 655
470 659
470 660
470 661
470 662
470 668
470 674
470 676
470 677
470 678
470 679
470 692
470 707
470 710
470 711
470 715
470 716
470 717
470 718
470 719
470 723
470 725
470 731
470 743
470 774
470 775
470 779
470 780
470 781
470 782
470 783
470 807
470 835
470 838
470 839
470 843
470 844
470 845
470 846
470 847
470 851
470 853
470 854
470 862
470 868
470 869
470 870
470 871
470 884
470 899
470 902
470 907
470 908
470 909
470 910
470 911
470 915
470 916
470 917
470 918
470 924
470 926
470 933
470 934
470 935
470 948
470 961
470 963
470 966
470 967
470 971
470 972
470 973
470 974
470 975
470 978
470 979
470 980
470 981
470 982
470 990
470 997
470 998
470 999
470 1001
470 1009
470 1012
470 1014
470 1027
470 1030
470 1035
470 1036
470 1037
470 1038
470 1039
470 1043
470 1044
470 1045
470 1046
470 1058
470 1062
470 1063
470 1076
470 1091
470 1094
470 1095
470 1099
470 1100
470 1101
470 1102
470 1103
470 1107
470 1126
470 1127
470 1140
470 1155
470 1164
470 1165
470 1166
470 1167
470 1171
470 1190
470 1191
470 1204
470 1219
470 1220
470 1222
470 1223
470 1227
470 1228
470 1229
470 1230
470 1231
470 1235
470 1236
470 1237
470 1238
470 1246
470 1252
470 1253
470 1254
470 1255
470 1268
471 279
471 343
471 407
471 535
471 599
471 663
471 701
472 20
472 32
472 37
472 70
472 75
472 83
472 132
472 146
472 148
472 149
472 150
472 158
472 164
472 166
472 195
472 196
472 212
472 220
472 228
472 259
472 270
472 278
472 279
472 280
472 288
472 292
472 293
472 305
472 344
472 366
472 369
472 388
472 402
472 408
472 411
472 438
472 477
472 489
472 514
472 530
472 536
472 541
472 594
472 596
472 600
472 608
472 610
472 612
472 617
472 640
472 644
472 657
472 658
472 664
472 670
472 681
472 689
472 691
472 724
472 726
472 728
472 732
472 742
472 820
472 855
472 863
472 864
472 897
472 903
472 913
472 930
472 932
472 941
472 962
472 964
472 970
472 983
472 984
472 988
472 992
472 994
472 996
472 1011
472 1034
472 1060
472 1061
472 1092
472 1108
472 1109
472 1115
472 1118
472 1139
472 1156
472 1159
472 1163
472 1174
472 1180
472 1188
472 1217
472 1226
472 1234
472 1239
472 1250
473 281
473 345
473 409
473 537
473 601
473 665
474 282
474 346
474 410
474 538
474 602
474 666
475 4
475 283
475 347
475 411
475 539
475 603
475 667
476 6
476 7
476 11
476 12
476 13
476 14
476 15
476 19
476 21
476 22
476 28
476 38
476 71
476 76
476 78
476 79
476 134
476 135
476 139
476 140
476 141
476 142
476 143
476 147
476 156
476 166
476 167
476 198
476 199
476 203
476 204
476 205
476 206
476 207
476 211
476 213
476 214
476 222
476 230
476 231
476 262
476 263
476 267
476 268
476 269
476 271
476 275
476 277
476 284
476 286
476 294
476 295
476 323
476 324
476 326
476 327
476 331
476 332
476 333
476 334
476 335
476 339
476 340
476 341
476 342
476 347
476 348
476 351
476 354
476 356
476 357
476 358
476 359
476 372
476 387
476 390
476 391
476 394
476 395
476 396
476 397
476 398
476 399
476 403
476 404
476 405
476 406
476 412
476 415
476 418
476 420
476 421
476 422
476 423
476 433
476 435
476 449
476 451
476 452
476 454
476 455
476 458
476 459
476 461
476 462
476 463
476 467
476 468
476 469
476 470
476 478
476 484
476 485
476 486
476 487
476 494
476 497
476 500
476 502
476 515
476 516
476 518
476 519
476 523
476 525
476 526
476 527
476 531
476 532
476 533
476 534
476 540
476 542
476 548
476 549
476 550
476 551
476 561
476 564
476 579
476 582
476 583
476 587
476 588
476 589
476 590
476 595
476 597
476 598
476 604
476 606
476 613
476 614
476 615
476 625
476 643
476 646
476 647
476 651
476 653
476 654
476 655
476 659
476 660
476 661
476 662
476 668
476 674
476 676
476 677
476 678
476 679
476 692
476 707
476 710
476 711
476 715
476 716
476 717
476 718
476 719
476 723
476 725
476 731
476 743
476 771
476 774
476 775
476 779
476 780
476 781
476 782
476 783
476 787
476 805
476 807
476 835
476 838
476 839
476 843
476 845
476 846
476 847
476 851
476 853
476 854
476 862
476 868
476 869
476 870
476 871
476 884
476 899
476 902
476 906
476 907
476 909
476 910
476 911
476 915
476 916
476 917
476 918
476 924
476 926
476 933
476 934
476 935
476 948
476 960
476 961
476 963
476 966
476 967
476 971
476 974
476 978
476 979
476 980
476 981
476 982
476 990
476 991
476 997
476 998
476 1001
476 1009
476 1012
476 1014
476 1027
476 1030
476 1031
476 1035
476 1036
476 1037
476 1038
476 1039
476 1043
476 1044
476 1045
476 1046
476 1052
476 1056
476 1058
476 1062
476 1063
476 1076
476 1091
476 1094
476 1095
476 1099
476 1100
476 1101
476 1102
476 1103
476 1107
476 1110
476 1116
476 1125
476 1126
476 1127
476 1140
476 1155
476 1158
476 1164
476 1165
476 1166
476 1167
476 1171
476 1190
476 1191
476 1204
476 1216
476 1220
476 1222
476 1223
476 1227
476 1230
476 1231
476 1235
476 1236
476 1237
476 1238
476 1246
476 1252
476 1253
476 1254
476 1255
476 1268
476 1269
477 32
477 37
477 70
477 75
477 83
477 131
477 132
477 146
477 148
477 149
477 195
477 220
477 228
477 270
477 273
477 279
477 285
477 288
477 292
477 305
477 308
477 349
477 402
477 411
477 413
477 472
477 489
477 514
477 530
477 541
477 594
477 605
477 612
477 617
477 644
477 658
477 669
477 670
477 681
477 724
477 726
477 728
477 836
477 863
477 897
477 913
477 932
477 941
477 983
477 984
477 988
477 992
477 994
477 996
477 1011
477 1051
477 1060
477 1092
477 1115
477 1118
477 1139
477 1159
477 1180
477 1217
477 1226
477 1234
477 1239
477 1250
478 6
478 7
478 11
478 12
478 13
478 14
478 15
478 19
478 21
478 22
478 28
478 38
478 71
478 76
478 78
478 79
478 134
478 135
478 139
478 140
478 141
478 142
478 143
478 147
478 156
478 166
478 167
478 196
478 198
478 199
478 203
478 204
478 205
478 206
478 207
478 211
478 213
478 214
478 222
478 230
478 231
478 262
478 263
478 267
478 268
478 269
478 271
478 275
478 277
478 286
478 294
478 295
478 323
478 324
478 326
478 327
478 331
478 332
478 333
478 334
478 335
478 339
478 340
478 341
478 342
478 347
478 348
478 350
478 351
478 354
478 356
478 357
478 358
478 359
478 372
478 387
478 390
478 391
478 394
478 395
478 396
478 397
478 398
478 399
478 403
478 404
478 405
478 406
478 414
478 415
478 418
478 420
478 421
478 422
478 423
478 433
478 435
478 438
478 449
478 451
478 452
478 454
478 455
478 458
478 459
478 461
478 462
478 463
478 467
478 468
478 469
478 470
478 476
478 484
478 485
478 486
478 487
478 494
478 497
478 500
478 502
478 515
478 516
478 518
478 519
478 523
478 525
478 526
478 527
478 531
478 532
478 533
478 534
478 540
478 542
478 548
478 549
478 550
478 551
478 561
478 564
478 579
478 582
478 583
478 587
478 588
478 589
478 590
478 595
478 597
478 598
478 604
478 606
478 610
478 613
478 614
478 615
478 625
478 643
478 646
478 647
478 651
478 653
478 654
478 655
478 659
478 660
478 661
478 662
478 668
478 670
478 674
478 676
478 677
478 678
478 679
478 692
478 707
478 710
478 711
478 715
478 716
478 717
478 718
478 719
478 723
478 725
478 731
478 743
478 771
478 774
478 775
478 779
478 780
478 781
478 782
478 783
478 787
478 805
478 807
478 835
478 838
478 839
478 843
478 846
478 847
478 851
478 853
478 854
478 862
478 868
478 869
478 870
478 871
478 884
478 899
478 902
478 906
478 907
478 909
478 910
478 911
478 915
478 916
478 917
478 918
478 924
478 926
478 933
478 934
478 935
478 948
478 960
478 961
478 966
478 967
478 971
478 974
478 978
478 979
478 980
478 981
478 982
478 990
478 991
478 997
478 998
478 1001
478 1009
478 1012
478 1014
478 1027
478 1030
478 1031
478 1035
478 1036
478 1037
478 1038
478 1039
478 1043
478 1044
478 1045
478 1046
478 1052
478 1056
478 1058
478 1062
478 1063
478 1076
478 1091
478 1094
478 1095
478 1099
478 1100
478 1101
478 1102
478 1103
478 1107
478 1110
478 1116
478 1125
478 1126
478 1127
478 1140
478 1155
478 1158
478 1164
478 1165
478 1166
478 1167
478 1171
478 1190
478 1191
478 1204
478 1216
478 1220
478 1222
478 1223
478 1227
478 1230
478 1231
478 1235
478 1236
478 1237
478 1238
478 1246
478 1252
478 1253
478 1254
478 1255
478 1268
478 1269
479 287
479 351
479 412
479 415
479 543
479 607
479 671
479 814
480 288
480 352
480 416
480 544
480 608
480 672
481 289
481 353
481 417
481 545
481 609
481 673
482 290
482 354
482 418
482 546
482 610
482 626
482 674
482 947
483 291
483 355
483 419
483 539
483 547
483 611
483 675
484 7
484 11
484 13
484 14
484 20
484 21
484 22
484 28
484 32
484 38
484 71
484 76
484 78
484 79
484 134
484 135
484 139
484 141
484 146
484 147
484 148
484 149
484 150
484 156
484 158
484 164
484 166
484 167
484 196
484 198
484 199
484 203
484 205
484 211
484 212
484 213
484 214
484 222
484 228
484 231
484 259
484 262
484 263
484 267
484 269
484 270
484 275
484 277
484 278
484 286
484 292
484 293
484 294
484 295
484 323
484 324
484 327
484 340
484 341
484 342
484 347
484 348
484 351
484 354
484 356
484 357
484 366
484 369
484 372
484 388
484 391
484 394
484 404
484 406
484 408
484 411
484 415
484 418
484 420
484 421
484 433
484 435
484 438
484 449
484 452
484 458
484 459
484 462
484 468
484 476
484 478
484 489
484 494
484 497
484 500
484 502
484 516
484 518
484 531
484 532
484 533
484 534
484 540
484 541
484 542
484 548
484 549
484 561
484 564
484 583
484 594
484 595
484 596
484 597
484 598
484 604
484 606
484 608
484 610
484 612
484 613
484 614
484 625
484 640
484 646
484 647
484 651
484 657
484 660
484 662
484 668
484 674
484 676
484 677
484 678
484 689
484 691
484 692
484 710
484 711
484 715
484 718
484 723
484 725
484 726
484 731
484 732
484 742
484 743
484 771
484 774
484 775
484 779
484 782
484 783
484 787
484 805
484 820
484 839
484 843
484 851
484 853
484 854
484 855
484 862
484 864
484 868
484 869
484 870
484 897
484 903
484 906
484 916
484 917
484 918
484 924
484 926
484 930
484 934
484 960
484 961
484 962
484 964
484 967
484 970
484 978
484 980
484 984
484 988
484 990
484 991
484 992
484 996
484 997
484 1001
484 1009
484 1011
484 1014
484 1030
484 1031
484 1034
484 1035
484 1038
484 1043
484 1044
484 1045
484 1046
484 1052
484 1056
484 1058
484 1060
484 1061
484 1062
484 1094
484 1095
484 1099
484 1102
484 1107
484 1108
484 1109
484 1110
484 1116
484 1125
484 1126
484 1139
484 1156
484 1158
484 1163
484 1166
484 1167
484 1171
484 1174
484 1180
484 1188
484 1190
484 1191
484 1216
484 1220
484 1227
484 1236
484 1237
484 1238
484 1246
484 1252
484 1253
484 1269
485 6
485 12
485 13
485 14
485 15
485 19
485 21
485 22
485 38
485 76
485 78
485 79
485 134
485 135
485 139
485 140
485 141
485 142
485 143
485 147
485 156
485 198
485 199
485 203
485 204
485 205
485 206
485 207
485 211
485 213
485 214
485 230
485 231
485 262
485 263
485 267
485 268
485 269
485 271
485 286
485 293
485 295
485 323
485 324
485 326
485 327
485 331
485 332
485 333
485 334
485 335
485 339
485 340
485 341
485 342
485 347
485 348
485 356
485 357
485 358
485 359
485 372
485 387
485 390
485 391
485 395
485 396
485 397
485 398
485 399
485 403
485 404
485 405
485 406
485 418
485 421
485 422
485 423
485 433
485 435
485 451
485 452
485 454
485 455
485 459
485 460
485 461
485 462
485 463
485 467
485 468
485 469
485 470
485 476
485 478
485 486
485 487
485 497
485 502
485 515
485 518
485 519
485 523
485 524
485 525
485 526
485 527
485 531
485 534
485 540
485 542
485 548
485 549
485 550
485 551
485 564
485 579
485 582
485 583
485 587
485 588
485 589
485 590
485 591
485 595
485 597
485 598
485 613
485 614
485 615
485 625
485 643
485 646
485 647
485 651
485 652
485 653
485 654
485 655
485 659
485 660
485 661
485 662
485 668
485 674
485 677
485 678
485 679
485 692
485 707
485 710
485 711
485 715
485 716
485 717
485 718
485 719
485 723
485 725
485 743
485 774
485 775
485 779
485 780
485 781
485 782
485 783
485 807
485 835
485 838
485 839
485 843
485 844
485 845
485 846
485 847
485 851
485 853
485 854
485 862
485 871
485 884
485 899
485 902
485 907
485 908
485 909
485 910
485 911
485 915
485 916
485 917
485 918
485 924
485 926
485 933
485 934
485 935
485 948
485 961
485 963
485 966
485 967
485 971
485 972
485 973
485 974
485 975
485 978
485 979
485 980
485 981
485 982
485 990
485 997
485 998
485 999
485 1001
485 1009
485 1012
485 1014
485 1027
485 1030
485 1035
485 1036
485 1037
485 1038
485 1039
485 1043
485 1045
485 1046
485 1062
485 1063
485 1076
485 1091
485 1094
485 1095
485 1099
485 1100
485 1101
485 1102
485 1103
485 1107
485 1126
485 1127
485 1140
485 1155
485 1164
485 1165
485 1166
485 1167
485 1171
485 1190
485 1191
485 1204
485 1219
485 1220
485 1222
485 1223
485 1227
485 1228
485 1229
485 1230
485 1231
485 1235
485 1237
485 1238
485 1252
485 1253
485 1254
485 1255
485 1268
486 6
486 12
486 13
486 14
486 15
486 19
486 21
486 22
486 38
486 76
486 78
486 79
486 134
486 135
486 139
486 140
486 141
486 142
486 143
486 147
486 156
486 198
486 199
486 203
486 204
486 205
486 206
486 207
486 211
486 213
486 230
486 231
486 262
486 267
486 268
486 269
486 271
486 286
486 294
486 295
486 323
486 324
486 326
486 327
486 331
486 332
486 333
486 334
486 335
486 339
486 341
486 342
486 347
486 348
486 356
486 357
486 358
486 359
486 372
486 387
486 390
486 391
486 395
486 396
486 397
486 398
486 399
486 403
486 404
486 405
486 406
486 421
486 422
486 423
486 433
486 435
486 451
486 452
486 454
486 455
486 459
486 460
486 461
486 462
486 463
486 467
486 468
486 469
486 470
486 476
486 478
486 485
486 487
486 502
486 515
486 518
486 519
486 523
486 524
486 525
486 526
486 527
486 531
486 534
486 540
486 542
486 548
486 549
486 550
486 551
486 564
486 579
486 582
486 583
486 587
486 588
486 589
486 590
486 591
486 595
486 597
486 598
486 613
486 614
486 615
486 643
486 646
486 647
486 651
486 652
486 653
486 654
486 655
486 659
486 660
486 661
486 662
486 668
486 674
486 677
486 678
486 679
486 692
486 707
486 710
486 711
486 715
486 716
486 717
486 718
486 719
486 723
486 725
486 743
486 774
486 775
486 779
486 780
486 781
486 782
486 783
486 807
486 835
486 838
486 839
486 843
486 844
486 845
486 846
486 847
486 851
486 853
486 854
486 871
486 884
486 899
486 902
486 907
486 908
486 909
486 910
486 911
486 915
486 917
486 918
486 924
486 926
486 933
486 934
486 935
486 948
486 961
486 963
486 966
486 967
486 971
486 972
486 973
486 974
486 975
486 978
486 979
486 980
486 981
486 982
486 990
486 997
486 998
486 999
486 1001
486 1009
486 1012
486 1014
486 1027
486 1030
486 1035
486 1036
486 1037
486 1038
486 1039
486 1045
486 1046
486 1062
486 1063
486 1076
486 1091
486 1094
486 1095
486 1100
486 1101
486 1102
486 1103
486 1107
486 1126
486 1127
486 1140
486 1155
486 1164
486 1165
486 1166
486 1167
486 1171
486 1190
486 1191
486 1204
486 1219
486 1222
486 1223
486 1227
486 1228
486 1229
486 1230
486 1231
486 1235
486 1237
486 1253
486 1254
486 1255
486 1268
487 6
487 12
487 13
487 14
487 15
487 19
487 21
487 22
487 38
487 76
487 78
487 79
487 134
487 135
487 139
487 140
487 141
487 142
487 143
487 147
487 156
487 198
487 199
487 203
487 204
487 205
487 206
487 207
487 211
487 213
487 230
487 231
487 262
487 267
487 268
487 269
487 271
487 286
487 295
487 323
487 324
487 326
487 327
487 331
487 332
487 333
487 334
487 335
487 339
487 341
487 342
487 348
487 356
487 357
487 358
487 359
487 372
487 387
487 390
487 391
487 395
487 396
487 397
487 398
487 399
487 403
487 404
487 405
487 406
487 421
487 422
487 423
487 435
487 451
487 452
487 454
487 455
487 459
487 460
487 461
487 462
487 463
487 467
487 468
487 469
487 470
487 476
487 478
487 485
487 486
487 502
487 515
487 518
487 519
487 523
487 524
487 525
487 526
487 527
487 531
487 534
487 540
487 542
487 548
487 549
487 550
487 551
487 579
487 582
487 583
487 587
487 588
487 589
487 590
487 591
487 595
487 597
487 598
487 613
487 615
487 643
487 646
487 647
487 651
487 652
487 653
487 654
487 655
487 659
487 660
487 661
487 668
487 674
487 677
487 678
487 679
487 692
487 707
487 710
487 711
487 715
487 716
487 717
487 719
487 723
487 725
487 743
487 774
487 780
487 781
487 782
487 783
487 807
487 835
487 838
487 839
487 843
487 844
487 845
487 846
487 847
487 853
487 854
487 871
487 884
487 899
487 902
487 907
487 908
487 909
487 910
487 911
487 915
487 917
487 918
487 924
487 926
487 933
487 934
487 935
487 948
487 963
487 966
487 967
487 971
487 972
487 973
487 974
487 975
487 978
487 979
487 980
487 981
487 982
487 997
487 998
487 999
487 1001
487 1009
487 1012
487 1027
487 1030
487 1035
487 1036
487 1037
487 1038
487 1039
487 1046
487 1063
487 1076
487 1091
487 1094
487 1095
487 1100
487 1101
487 1102
487 1103
487 1107
487 1126
487 1127
487 1140
487 1155
487 1164
487 1165
487 1166
487 1167
487 1171
487 1190
487 1191
487 1204
487 1219
487 1222
487 1223
487 1227
487 1228
487 1229
487 1230
487 1231
487 1235
487 1237
487 1253
487 1254
487 1255
487 1268
488 296
488 360
488 424
488 552
488 616
488 680
489 7
489 20
489 32
489 37
489 70
489 75
489 83
489 132
489 146
489 148
489 149
489 150
489 158
489 164
489 166
489 195
489 196
489 212
489 220
489 228
489 259
489 270
489 277
489 278
489 292
489 293
489 294
489 297
489 305
489 351
489 361
489 366
489 369
489 388
489 394
489 402
489 408
489 411
489 420
489 425
489 438
489 449
489 458
489 472
489 477
489 484
489 494
489 500
489 514
489 516
489 530
489 532
489 533
489 541
489 553
489 561
489 594
489 596
489 606
489 608
489 610
489 612
489 617
489 640
489 644
489 657
489 658
489 670
489 681
489 689
489 691
489 724
489 726
489 732
489 742
489 771
489 787
489 805
489 820
489 855
489 863
489 864
489 897
489 903
489 906
489 913
489 930
489 932
489 941
489 960
489 962
489 964
489 970
489 983
489 984
489 988
489 992
489 994
489 996
489 1011
489 1034
489 1052
489 1056
489 1060
489 1061
489 1092
489 1108
489 1109
489 1110
489 1115
489 1116
489 1118
489 1125
489 1139
489 1156
489 1158
489 1159
489 1163
489 1174
489 1180
489 1188
489 1216
489 1217
489 1226
489 1234
489 1239
489 1250
489 1269
490 298
490 362
490 426
490 554
490 618
490 682
491 117
491 299
491 363
491 427
491 442
491 555
491 619
491 683
491 778
491 803
492 300
492 364
492 428
492 556
492 620
492 684
492 811
492 874
492 1016
493 68
493 301
493 365
493 429
493 557
493 621
493 685
493 1010
494 7
494 11
494 13
494 14
494 19
494 20
494 21
494 22
494 28
494 32
494 38
494 71
494 76
494 78
494 79
494 134
494 135
494 139
494 141
494 146
494 147
494 148
494 149
494 150
494 156
494 158
494 164
494 166
494 167
494 196
494 198
494 199
494 203
494 205
494 211
494 212
494 213
494 214
494 222
494 228
494 230
494 231
494 259
494 262
494 263
494 267
494 269
494 275
494 277
494 278
494 286
494 293
494 294
494 295
494 302
494 323
494 324
494 327
494 340
494 341
494 342
494 347
494 348
494 351
494 354
494 356
494 357
494 366
494 369
494 372
494 388
494 391
494 394
494 404
494 406
494 408
494 411
494 415
494 418
494 420
494 421
494 430
494 433
494 435
494 438
494 449
494 451
494 452
494 458
494 459
494 462
494 468
494 476
494 478
494 484
494 489
494 497
494 500
494 502
494 516
494 518
494 531
494 532
494 533
494 534
494 540
494 541
494 542
494 548
494 549
494 558
494 561
494 564
494 583
494 594
494 595
494 596
494 597
494 598
494 604
494 606
494 608
494 610
494 613
494 614
494 622
494 625
494 640
494 646
494 647
494 651
494 657
494 660
494 661
494 662
494 668
494 674
494 676
494 677
494 678
494 686
494 689
494 691
494 692
494 710
494 711
494 715
494 718
494 723
494 725
494 726
494 731
494 732
494 742
494 743
494 771
494 774
494 775
494 779
494 782
494 783
494 787
494 805
494 807
494 820
494 839
494 843
494 846
494 851
494 853
494 854
494 855
494 862
494 864
494 868
494 869
494 870
494 897
494 903
494 906
494 916
494 917
494 918
494 924
494 926
494 930
494 934
494 960
494 961
494 962
494 964
494 967
494 970
494 978
494 980
494 984
494 988
494 990
494 991
494 992
494 996
494 997
494 1001
494 1009
494 1011
494 1014
494 1030
494 1031
494 1034
494 1035
494 1038
494 1043
494 1044
494 1045
494 1046
494 1052
494 1056
494 1058
494 1060
494 1061
494 1062
494 1076
494 1094
494 1095
494 1099
494 1102
494 1107
494 1108
494 1109
494 1110
494 1116
494 1125
494 1126
494 1156
494 1158
494 1163
494 1166
494 1167
494 1171
494 1174
494 1180
494 1188
494 1190
494 1191
494 1216
494 1220
494 1223
494 1227
494 1236
494 1237
494 1238
494 1246
494 1252
494 1253
494 1269
495 119
495 303
495 367
495 431
495 559
495 623
495 687
495 1194
496 304
496 368
496 432
496 560
496 624
496 688
497 6
497 7
497 11
497 13
497 14
497 19
497 20
497 21
497 22
497 28
497 32
497 38
497 71
497 76
497 78
497 79
497 134
497 135
497 139
497 141
497 146
497 147
497 150
497 156
497 158
497 164
497 166
497 167
497 196
497 198
497 199
497 203
497 205
497 206
497 207
497 211
497 212
497 213
497 214
497 222
497 230
497 231
497 259
497 262
497 263
497 267
497 269
497 275
497 277
497 278
497 286
497 293
497 294
497 295
497 305
497 323
497 324
497 327
497 331
497 339
497 340
497 341
497 342
497 347
497 348
497 351
497 354
497 356
497 357
497 358
497 366
497 369
497 372
497 387
497 388
497 391
497 394
497 395
497 404
497 406
497 408
497 411
497 415
497 418
497 420
497 421
497 422
497 433
497 435
497 438
497 449
497 451
497 452
497 458
497 459
497 462
497 468
497 470
497 476
497 478
497 484
497 485
497 494
497 500
497 502
497 516
497 518
497 519
497 523
497 531
497 532
497 533
497 534
497 540
497 541
497 542
497 548
497 549
497 561
497 564
497 579
497 583
497 587
497 594
497 595
497 596
497 597
497 598
497 604
497 606
497 608
497 610
497 613
497 614
497 625
497 640
497 643
497 646
497 647
497 651
497 657
497 660
497 661
497 662
497 668
497 674
497 676
497 677
497 678
497 689
497 691
497 692
497 707
497 710
497 711
497 715
497 718
497 723
497 725
497 726
497 731
497 732
497 742
497 743
497 771
497 774
497 775
497 779
497 781
497 782
497 783
497 787
497 805
497 807
497 820
497 839
497 843
497 846
497 847
497 851
497 853
497 854
497 855
497 862
497 864
497 868
497 869
497 870
497 884
497 897
497 903
497 906
497 907
497 915
497 916
497 917
497 918
497 924
497 926
497 930
497 934
497 948
497 960
497 961
497 962
497 964
497 967
497 970
497 978
497 980
497 981
497 982
497 988
497 990
497 991
497 992
497 997
497 1001
497 1009
497 1011
497 1014
497 1030
497 1031
497 1034
497 1035
497 1037
497 1038
497 1043
497 1044
497 1045
497 1046
497 1052
497 1056
497 1058
497 1061
497 1062
497 1076
497 1094
497 1095
497 1099
497 1102
497 1107
497 1108
497 1109
497 1110
497 1116
497 1125
497 1126
497 1155
497 1156
497 1158
497 1163
497 1166
497 1167
497 1171
497 1174
497 1180
497 1188
497 1190
497 1191
497 1204
497 1216
497 1220
497 1223
497 1227
497 1235
497 1236
497 1237
497 1238
497 1246
497 1252
497 1253
497 1254
497 1255
497 1269
498 306
498 370
498 434
498 562
498 626
498 690
499 307
499 371
499 435
499 563
499 627
499 691
500 7
500 11
500 13
500 14
500 20
500 21
500 22
500 28
500 32
500 38
500 71
500 76
500 78
500 79
500 134
500 135
500 139
500 141
500 146
500 147
500 148
500 149
500 150
500 156
500 158
500 164
500 166
500 167
500 196
500 199
500 203
500 205
500 211
500 212
500 213
500 214
500 222
500 228
500 231
500 259
500 262
500 263
500 267
500 269
500 270
500 275
500 277
500 278
500 286
500 292
500 293
500 294
500 295
500 308
500 323
500 324
500 327
500 340
500 341
500 342
500 347
500 348
500 351
500 354
500 357
500 366
500 369
500 372
500 388
500 391
500 394
500 404
500 406
500 408
500 411
500 415
500 418
500 420
500 421
500 433
500 435
500 436
500 438
500 449
500 452
500 458
500 459
500 462
500 468
500 476
500 478
500 484
500 489
500 494
500 497
500 502
500 516
500 518
500 531
500 532
500 533
500 534
500 540
500 541
500 542
500 548
500 549
500 561
500 564
500 583
500 594
500 595
500 596
500 597
500 598
500 604
500 606
500 608
500 610
500 613
500 614
500 625
500 628
500 640
500 647
500 651
500 657
500 660
500 662
500 668
500 674
500 676
500 677
500 678
500 689
500 691
500 692
500 710
500 711
500 715
500 718
500 723
500 725
500 726
500 731
500 732
500 742
500 743
500 771
500 774
500 775
500 779
500 782
500 783
500 787
500 805
500 820
500 839
500 851
500 853
500 854
500 855
500 862
500 864
500 868
500 869
500 870
500 897
500 903
500 906
500 916
500 917
500 918
500 924
500 926
500 930
500 934
500 960
500 961
500 962
500 964
500 967
500 970
500 978
500 980
500 984
500 988
500 990
500 991
500 992
500 996
500 997
500 1001
500 1009
500 1011
500 1014
500 1030
500 1031
500 1034
500 1035
500 1038
500 1043
500 1044
500 1045
500 1046
500 1052
500 1056
500 1058
500 1060
500 1061
500 1062
500 1094
500 1095
500 1099
500 1102
500 1107
500 1108
500 1109
500 1110
500 1116
500 1125
500 1126
500 1139
500 1156
500 1158
500 1163
500 1166
500 1167
500 1171
500 1174
500 1180
500 1188
500 1190
500 1191
500 1216
500 1220
500 1227
500 1236
500 1237
500 1238
500 1246
500 1252
500 1253
500 1269
501 92
501 131
501 273
501 308
501 309
501 361
501 373
501 437
501 544
501 565
501 629
501 693
501 836
501 1051
501 1172
501 1182
501 1184
502 6
502 7
502 11
502 13
502 14
502 19
502 20
502 21
502 22
502 28
502 38
502 71
502 76
502 78
502 79
502 134
502 135
502 139
502 141
502 142
502 143
502 147
502 156
502 158
502 164
502 166
502 167
502 196
502 198
502 199
502 203
502 205
502 206
502 207
502 211
502 212
502 213
502 214
502 222
502 230
502 231
502 262
502 263
502 267
502 269
502 275
502 277
502 278
502 286
502 293
502 294
502 295
502 310
502 323
502 324
502 326
502 327
502 331
502 333
502 334
502 339
502 340
502 341
502 342
502 347
502 348
502 351
502 354
502 356
502 357
502 358
502 359
502 366
502 369
502 372
502 374
502 387
502 388
502 391
502 394
502 395
502 397
502 403
502 404
502 405
502 406
502 408
502 415
502 418
502 420
502 421
502 422
502 423
502 433
502 435
502 438
502 449
502 451
502 452
502 454
502 455
502 458
502 459
502 461
502 462
502 463
502 468
502 469
502 470
502 476
502 478
502 484
502 485
502 486
502 487
502 494
502 497
502 500
502 515
502 516
502 518
502 519
502 523
502 525
502 526
502 531
502 532
502 533
502 534
502 540
502 541
502 542
502 548
502 549
502 551
502 561
502 564
502 566
502 579
502 582
502 583
502 587
502 588
502 589
502 590
502 595
502 596
502 597
502 598
502 604
502 606
502 608
502 610
502 613
502 614
502 615
502 625
502 630
502 640
502 643
502 646
502 647
502 651
502 653
502 657
502 659
502 660
502 661
502 662
502 668
502 674
502 676
502 677
502 678
502 679
502 691
502 692
502 694
502 707
502 710
502 711
502 715
502 716
502 717
502 718
502 719
502 723
502 725
502 731
502 732
502 742
502 743
502 771
502 774
502 775
502 779
502 781
502 782
502 783
502 787
502 805
502 807
502 820
502 835
502 838
502 839
502 843
502 846
502 847
502 851
502 853
502 854
502 862
502 868
502 869
502 870
502 871
502 884
502 902
502 906
502 907
502 910
502 911
502 915
502 916
502 917
502 918
502 924
502 926
502 930
502 933
502 934
502 935
502 948
502 960
502 961
502 966
502 967
502 971
502 974
502 978
502 979
502 980
502 981
502 982
502 990
502 991
502 997
502 998
502 1001
502 1009
502 1012
502 1014
502 1027
502 1030
502 1031
502 1034
502 1035
502 1037
502 1038
502 1039
502 1043
502 1044
502 1045
502 1046
502 1052
502 1056
502 1058
502 1061
502 1062
502 1063
502 1076
502 1091
502 1094
502 1095
502 1099
502 1101
502 1102
502 1107
502 1110
502 1116
502 1125
502 1126
502 1127
502 1140
502 1155
502 1158
502 1163
502 1165
502 1166
502 1167
502 1171
502 1174
502 1190
502 1191
502 1204
502 1216
502 1220
502 1222
502 1223
502 1227
502 1230
502 1231
502 1235
502 1236
502 1237
502 1238
502 1246
502 1252
502 1253
502 1254
502 1255
502 1268
502 1269
503 311
503 375
503 413
503 439
503 567
503 631
503 695
504 225
504 312
504 373
504 376
504 440
504 568
504 632
504 696
504 1162
505 313
505 377
505 441
505 569
505 633
505 697
505 1124
506 105
506 314
506 378
506 442
506 570
506 634
506 698
506 1145
507 285
507 315
507 376
507 379
507 443
507 571
507 635
507 699
507 1004
507 1042
508 316
508 380
508 444
508 572
508 636
508 700
509 317
509 381
509 445
509 573
509 637
509 669
509 701
509 784
509 956
510 62
510 155
510 318
510 382
510 446
510 574
510 638
510 702
511 319
511 383
511 447
511 575
511 639
511 703
512 320
512 384
512 448
512 576
512 640
512 704
512 758
512 1025
513 321
513 385
513 449
513 577
513 641
513 705
513 852
514 32
514 37
514 70
514 75
514 83
514 131
514 132
514 146
514 148
514 149
514 195
514 220
514 228
514 270
514 273
514 279
514 288
514 292
514 305
514 308
514 322
514 386
514 402
514 411
514 450
514 472
514 477
514 489
514 530
514 578
514 594
514 612
514 617
514 642
514 644
514 658
514 670
514 681
514 706
514 724
514 726
514 728
514 836
514 863
514 897
514 903
514 913
514 932
514 941
514 964
514 983
514 984
514 988
514 992
514 994
514 996
514 1011
514 1060
514 1092
514 1115
514 1118
514 1139
514 1159
514 1180
514 1217
514 1226
514 1234
514 1239
514 1250
515 6
515 12
515 13
515 14
515 15
515 19
515 21
515 22
515 38
515 76
515 78
515 79
515 134
515 135
515 139
515 140
515 141
515 142
515 143
515 147
515 156
515 198
515 199
515 203
515 204
515 205
515 206
515 207
515 211
515 213
515 230
515 231
515 262
515 267
515 268
515 269
515 271
515 286
515 295
515 323
515 324
515 326
515 327
515 331
515 332
515 333
515 334
515 335
515 339
515 341
515 342
515 347
515 348
515 356
515 357
515 358
515 359
515 372
515 387
515 390
515 391
515 395
515 396
515 397
515 398
515 399
515 403
515 404
515 405
515 406
515 421
515 422
515 423
515 433
515 435
515 451
515 452
515 454
515 455
515 459
515 460
515 461
515 462
515 463
515 467
515 468
515 469
515 470
515 476
515 478
515 485
515 486
515 487
515 502
515 518
515 519
515 523
515 524
515 525
515 526
515 527
515 531
515 534
515 540
515 542
515 548
515 549
515 550
515 551
515 579
515 582
515 583
515 587
515 588
515 589
515 590
515 591
515 595
515 597
515 598
515 613
515 615
515 643
515 646
515 647
515 651
515 652
515 653
515 654
515 655
515 659
515 660
515 661
515 662
515 668
515 674
515 677
515 678
515 679
515 692
515 707
515 710
515 711
515 715
515 716
515 717
515 718
515 719
515 723
515 725
515 743
515 774
515 775
515 779
515 780
515 781
515 782
515 783
515 807
515 835
515 838
515 839
515 843
515 844
515 845
515 846
515 847
515 851
515 853
515 854
515 871
515 884
515 899
515 902
515 907
515 908
515 909
515 910
515 911
515 915
515 917
515 918
515 924
515 926
515 933
515 934
515 935
515 948
515 961
515 963
515 966
515 967
515 971
515 972
515 973
515 974
515 975
515 978
515 979
515 980
515 981
515 982
515 990
515 997
515 998
515 999
515 1001
515 1009
515 1012
515 1014
515 1027
515 1030
515 1035
515 1036
515 1037
515 1038
515 1039
515 1045
515 1046
515 1062
515 1063
515 1076
515 1091
515 1094
515 1095
515 1100
515 1101
515 1102
515 1103
515 1107
515 1126
515 1127
515 1140
515 1155
515 1164
515 1165
515 1166
515 1167
515 1171
515 1190
515 1191
515 1204
515 1219
515 1222
515 1223
515 1227
515 1228
515 1229
515 1230
515 1231
515 1235
515 1237
515 1253
515 1254
515 1255
515 1268
516 7
516 11
516 13
516 14
516 20
516 21
516 22
516 28
516 32
516 38
516 71
516 76
516 78
516 79
516 134
516 135
516 139
516 141
516 146
516 147
516 148
516 149
516 150
516 156
516 158
516 164
516 166
516 167
516 196
516 199
516 203
516 205
516 211
516 212
516 213
516 214
516 222
516 228
516 231
516 259
516 262
516 263
516 267
516 269
516 270
516 275
516 277
516 278
516 286
516 292
516 293
516 294
516 295
516 323
516 324
516 327
516 340
516 341
516 342
516 347
516 348
516 351
516 354
516 357
516 366
516 369
516 372
516 388
516 391
516 394
516 404
516 406
516 408
516 411
516 415
516 418
516 420
516 421
516 433
516 435
516 438
516 449
516 452
516 458
516 459
516 462
516 468
516 476
516 478
516 484
516 489
516 494
516 497
516 500
516 502
516 518
516 531
516 532
516 533
516 534
516 540
516 541
516 542
516 548
516 549
516 561
516 564
516 580
516 583
516 594
516 595
516 596
516 597
516 598
516 604
516 606
516 608
516 610
516 613
516 614
516 625
516 640
516 644
516 647
516 651
516 657
516 660
516 662
516 668
516 674
516 676
516 677
516 678
516 689
516 691
516 692
516 708
516 710
516 711
516 715
516 718
516 723
516 725
516 726
516 731
516 732
516 742
516 743
516 771
516 774
516 775
516 779
516 782
516 783
516 787
516 805
516 820
516 839
516 851
516 853
516 854
516 855
516 862
516 864
516 868
516 869
516 870
516 897
516 903
516 906
516 916
516 917
516 918
516 924
516 926
516 930
516 934
516 960
516 961
516 962
516 964
516 967
516 970
516 978
516 980
516 984
516 988
516 990
516 991
516 992
516 996
516 997
516 1001
516 1009
516 1011
516 1014
516 1030
516 1031
516 1034
516 1035
516 1038
516 1043
516 1044
516 1045
516 1046
516 1052
516 1056
516 1058
516 1060
516 1061
516 1062
516 1094
516 1095
516 1099
516 1102
516 1107
516 1108
516 1109
516 1110
516 1116
516 1125
516 1126
516 1139
516 1156
516 1158
516 1163
516 1166
516 1167
516 1171
516 1174
516 1180
516 1188
516 1190
516 1191
516 1216
516 1220
516 1227
516 1236
516 1237
516 1238
516 1246
516 1252
516 1253
516 1269
517 9
517 73
517 133
517 197
517 261
517 325
517 329
517 389
517 393
517 453
517 581
517 628
517 645
517 649
517 709
517 713
517 777
517 837
517 901
517 965
517 1033
517 1097
517 1161
517 1221
518 6
518 7
518 11
518 13
518 14
518 15
518 19
518 21
518 22
518 28
518 38
518 71
518 76
518 78
518 79
518 134
518 135
518 139
518 140
518 141
518 142
518 143
518 147
518 156
518 158
518 166
518 167
518 196
518 198
518 199
518 203
518 204
518 205
518 206
518 207
518 211
518 212
518 213
518 214
518 222
518 230
518 231
518 262
518 263
518 267
518 269
518 275
518 277
518 286
518 294
518 295
518 323
518 324
518 326
518 327
518 331
518 332
518 333
518 334
518 335
518 339
518 340
518 341
518 342
518 347
518 348
518 351
518 354
518 356
518 357
518 358
518 359
518 369
518 372
518 387
518 388
518 390
518 391
518 394
518 395
518 397
518 403
518 404
518 405
518 406
518 415
518 418
518 420
518 421
518 422
518 423
518 433
518 435
518 438
518 449
518 451
518 452
518 454
518 455
518 458
518 459
518 461
518 462
518 463
518 467
518 468
518 469
518 470
518 476
518 478
518 484
518 485
518 486
518 487
518 494
518 497
518 500
518 502
518 515
518 516
518 519
518 523
518 525
518 526
518 531
518 532
518 533
518 534
518 540
518 542
518 548
518 549
518 550
518 551
518 561
518 564
518 579
518 582
518 583
518 587
518 588
518 589
518 590
518 595
518 597
518 598
518 604
518 606
518 608
518 610
518 613
518 614
518 615
518 625
518 643
518 646
518 647
518 651
518 653
518 654
518 659
518 660
518 661
518 662
518 668
518 674
518 676
518 677
518 678
518 679
518 692
518 707
518 710
518 711
518 715
518 716
518 717
518 718
518 719
518 723
518 725
518 731
518 732
518 742
518 743
518 771
518 774
518 775
518 779
518 780
518 781
518 782
518 783
518 787
518 805
518 807
518 835
518 838
518 839
518 843
518 846
518 847
518 851
518 853
518 854
518 862
518 868
518 869
518 870
518 871
518 884
518 899
518 902
518 906
518 907
518 909
518 910
518 911
518 915
518 916
518 917
518 918
518 924
518 926
518 933
518 934
518 935
518 948
518 960
518 961
518 966
518 967
518 971
518 974
518 978
518 979
518 980
518 981
518 982
518 990
518 991
518 997
518 998
518 1001
518 1009
518 1012
518 1014
518 1027
518 1030
518 1031
518 1034
518 1035
518 1036
518 1037
518 1038
518 1039
518 1043
518 1044
518 1045
518 1046
518 1052
518 1056
518 1058
518 1061
518 1062
518 1063
518 1076
518 1091
518 1094
518 1095
518 1099
518 1100
518 1101
518 1102
518 1103
518 1107
518 1110
518 1116
518 1125
518 1126
518 1127
518 1140
518 1155
518 1158
518 1163
518 1164
518 1165
518 1166
518 1167
518 1171
518 1174
518 1190
518 1191
518 1204
518 1216
518 1220
518 1222
518 1223
518 1227
518 1230
518 1231
518 1235
518 1236
518 1237
518 1238
518 1246
518 1252
518 1253
518 1254
518 1255
518 1268
518 1269
519 6
519 12
519 13
519 14
519 15
519 19
519 21
519 22
519 38
519 76
519 78
519 79
519 134
519 135
519 139
519 140
519 141
519 142
519 143
519 147
519 156
519 198
519 199
519 203
519 204
519 205
519 206
519 207
519 211
519 213
519 214
519 222
519 230
519 231
519 262
519 263
519 267
519 268
519 269
519 271
519 275
519 286
519 295
519 323
519 324
519 326
519 327
519 331
519 332
519 333
519 334
519 335
519 339
519 340
519 341
519 342
519 347
519 348
519 356
519 357
519 358
519 359
519 372
519 387
519 390
519 391
519 395
519 396
519 397
519 398
519 399
519 403
519 404
519 405
519 406
519 418
519 421
519 422
519 423
519 433
519 435
519 451
519 452
519 454
519 455
519 459
519 460
519 461
519 462
519 463
519 467
519 468
519 469
519 470
519 476
519 478
519 485
519 486
519 487
519 497
519 502
519 515
519 518
519 523
519 524
519 525
519 526
519 527
519 531
519 534
519 540
519 542
519 548
519 549
519 550
519 551
519 564
519 579
519 582
519 583
519 587
519 588
519 589
519 590
519 591
519 595
519 597
519 598
519 613
519 614
519 615
519 625
519 643
519 646
519 647
519 651
519 652
519 653
519 654
519 655
519 659
519 660
519 661
519 662
519 668
519 674
519 677
519 678
519 679
519 692
519 707
519 710
519 711
519 715
519 716
519 717
519 718
519 719
519 723
519 725
519 731
519 743
519 774
519 775
519 779
519 780
519 781
519 782
519 783
519 807
519 835
519 838
519 839
519 843
519 844
519 845
519 846
519 847
519 851
519 853
519 854
519 862
519 868
519 871
519 884
519 899
519 902
519 907
519 908
519 909
519 910
519 911
519 915
519 916
519 917
519 918
519 924
519 926
519 933
519 934
519 935
519 948
519 961
519 963
519 966
519 967
519 971
519 972
519 973
519 974
519 975
519 978
519 979
519 980
519 981
519 982
519 990
519 997
519 998
519 999
519 1001
519 1009
519 1012
519 1014
519 1027
519 1030
519 1035
519 1036
519 1037
519 1038
519 1039
519 1043
519 1045
519 1046
519 1062
519 1063
519 1076
519 1091
519 1094
519 1095
519 1099
519 1100
519 1101
519 1102
519 1103
519 1107
519 1126
519 1127
519 1140
519 1155
519 1164
519 1165
519 1166
519 1167
519 1171
519 1190
519 1191
519 1204
519 1219
519 1220
519 1222
519 1223
519 1227
519 1228
519 1229
519 1230
519 1231
519 1235
519 1236
519 1237
519 1238
519 1252
519 1253
519 1254
519 1255
519 1268
520 328
520 392
520 456
520 584
520 648
520 712
520 1129
521 34
521 329
521 393
521 457
521 585
521 649
521 713
521 741
522 330
522 394
522 458
522 528
522 586
522 650
522 714
523 6
523 12
523 13
523 14
523 15
523 19
523 21
523 22
523 38
523 76
523 78
523 79
523 134
523 135
523 139
523 140
523 141
523 142
523 143
523 147
523 156
523 198
523 199
523 203
523 204
523 205
523 206
523 207
523 211
523 213
523 230
523 231
523 262
523 263
523 267
523 268
523 269
523 271
523 286
523 295
523 323
523 324
523 326
523 327
523 331
523 332
523 333
523 334
523 335
523 339
523 340
523 341
523 342
523 347
523 348
523 356
523 357
523 358
523 359
523 372
523 387
523 390
523 391
523 395
523 396
523 397
523 398
523 399
523 403
523 404
523 405
523 406
523 418
523 421
523 422
523 423
523 433
523 435
523 451
523 452
523 454
523 455
523 459
523 460
523 461
523 462
523 463
523 467
523 468
523 469
523 470
523 476
523 478
523 485
523 486
523 487
523 497
523 502
523 515
523 518
523 519
523 524
523 525
523 526
523 527
523 531
523 534
523 540
523 542
523 548
523 549
523 550
523 551
523 564
523 579
523 582
523 583
523 587
523 588
523 589
523 590
523 591
523 595
523 597
523 598
523 613
523 614
523 615
523 625
523 643
523 646
523 647
523 651
523 652
523 653
523 654
523 655
523 659
523 660
523 661
523 662
523 668
523 674
523 677
523 678
523 679
523 692
523 707
523 710
523 711
523 715
523 716
523 717
523 718
523 719
523 723
523 725
523 743
523 774
523 775
523 779
523 780
523 781
523 782
523 783
523 807
523 835
523 838
523 839
523 843
523 844
523 845
523 846
523 847
523 851
523 853
523 854
523 871
523 884
523 899
523 902
523 907
523 908
523 909
523 910
523 911
523 915
523 916
523 917
523 918
523 924
523 926
523 933
523 934
523 935
523 948
523 961
523 963
523 966
523 967
523 971
523 972
523 973
523 974
523 975
523 978
523 979
523 980
523 981
523 982
523 990
523 997
523 998
523 999
523 1001
523 1009
523 1012
523 1014
523 1027
523 1030
523 1035
523 1036
523 1037
523 1038
523 1039
523 1043
523 1045
523 1046
523 1062
523 1063
523 1076
523 1091
523 1094
523 1095
523 1099
523 1100
523 1101
523 1102
523 1103
523 1107
523 1126
523 1127
523 1140
523 1155
523 1164
523 1165
523 1166
523 1167
523 1171
523 1190
523 1191
523 1204
523 1219
523 1222
523 1223
523 1227
523 1228
523 1229
523 1230
523 1231
523 1235
523 1237
523 1238
523 1252
523 1253
523 1254
523 1255
523 1268
524 6
524 12
524 13
524 14
524 15
524 19
524 38
524 76
524 140
524 141
524 142
524 143
524 198
524 204
524 206
524 207
524 230
524 262
524 268
524 269
524 271
524 326
524 331
524 332
524 333
524 334
524 335
524 339
524 348
524 356
524 357
524 358
524 359
524 372
524 387
524 390
524 395
524 396
524 397
524 398
524 399
524 403
524 405
524 406
524 422
524 423
524 451
524 454
524 455
524 459
524 460
524 461
524 462
524 463
524 467
524 468
524 469
524 470
524 485
524 486
524 487
524 515
524 519
524 523
524 525
524 526
524 527
524 540
524 549
524 550
524 551
524 579
524 582
524 583
524 587
524 588
524 589
524 590
524 591
524 615
524 643
524 646
524 651
524 652
524 653
524 654
524 655
524 659
524 661
524 678
524 679
524 707
524 716
524 717
524 719
524 743
524 780
524 781
524 807
524 835
524 838
524 843
524 844
524 845
524 846
524 847
524 871
524 884
524 899
524 902
524 907
524 908
524 909
524 910
524 911
524 915
524 924
524 933
524 935
524 948
524 963
524 966
524 971
524 972
524 973
524 974
524 975
524 978
524 979
524 981
524 982
524 997
524 998
524 999
524 1001
524 1012
524 1027
524 1036
524 1037
524 1039
524 1063
524 1076
524 1091
524 1100
524 1101
524 1102
524 1103
524 1107
524 1126
524 1127
524 1140
524 1155
524 1164
524 1165
524 1167
524 1191
524 1204
524 1219
524 1222
524 1223
524 1228
524 1229
524 1230
524 1231
524 1235
524 1254
524 1255
524 1268
525 6
525 12
525 13
525 14
525 15
525 19
525 38
525 76
525 78
525 79
525 134
525 140
525 141
525 142
525 143
525 147
525 156
525 198
525 203
525 204
525 205
525 206
525 207
525 213
525 230
525 231
525 262
525 267
525 268
525 269
525 271
525 286
525 295
525 323
525 324
525 326
525 327
525 331
525 332
525 333
525 334
525 335
525 339
525 341
525 348
525 356
525 357
525 358
525 359
525 372
525 387
525 390
525 391
525 395
525 396
525 397
525 398
525 399
525 403
525 404
525 405
525 406
525 421
525 422
525 423
525 435
525 451
525 452
525 454
525 455
525 459
525 460
525 461
525 462
525 463
525 467
525 468
525 469
525 470
525 476
525 478
525 485
525 486
525 487
525 502
525 515
525 518
525 519
525 523
525 524
525 526
525 527
525 531
525 534
525 540
525 542
525 549
525 550
525 551
525 579
525 582
525 583
525 587
525 588
525 589
525 590
525 591
525 597
525 613
525 615
525 643
525 646
525 647
525 651
525 652
525 653
525 654
525 655
525 659
525 660
525 661
525 677
525 678
525 679
525 692
525 707
525 710
525 711
525 715
525 716
525 717
525 719
525 723
525 725
525 743
525 780
525 781
525 782
525 783
525 807
525 835
525 838
525 843
525 844
525 845
525 846
525 847
525 853
525 854
525 871
525 884
525 899
525 902
525 907
525 908
525 909
525 910
525 911
525 915
525 918
525 924
525 926
525 933
525 934
525 935
525 948
525 963
525 966
525 967
525 971
525 972
525 973
525 974
525 975
525 978
525 979
525 980
525 981
525 982
525 997
525 998
525 999
525 1001
525 1012
525 1027
525 1030
525 1035
525 1036
525 1037
525 1038
525 1039
525 1046
525 1063
525 1076
525 1091
525 1094
525 1095
525 1100
525 1101
525 1102
525 1103
525 1107
525 1126
525 1127
525 1140
525 1155
525 1164
525 1165
525 1166
525 1167
525 1171
525 1190
525 1191
525 1204
525 1219
525 1222
525 1223
525 1227
525 1228
525 1229
525 1230
525 1231
525 1235
525 1237
525 1254
525 1255
525 1268
526 6
526 12
526 13
526 14
526 15
526 19
526 21
526 22
526 38
526 76
526 78
526 79
526 134
526 135
526 139
526 140
526 141
526 142
526 143
526 147
526 156
526 198
526 199
526 203
526 204
526 205
526 206
526 207
526 211
526 213
526 230
526 231
526 262
526 267
526 268
526 269
526 271
526 286
526 295
526 323
526 324
526 326
526 327
526 331
526 332
526 333
526 334
526 335
526 339
526 341
526 342
526 348
526 356
526 357
526 358
526 359
526 372
526 387
526 390
526 391
526 395
526 396
526 397
526 398
526 399
526 403
526 404
526 405
526 406
526 421
526 422
526 423
526 435
526 451
526 452
526 454
526 455
526 459
526 460
526 461
526 462
526 463
526 467
526 468
526 469
526 470
526 476
526 478
526 485
526 486
526 487
526 502
526 515
526 518
526 519
526 523
526 524
526 525
526 527
526 531
526 534
526 540
526 542
526 548
526 549
526 550
526 551
526 579
526 582
526 583
526 587
526 588
526 589
526 590
526 591
526 595
526 597
526 598
526 613
526 615
526 643
526 646
526 647
526 651
526 652
526 653
526 654
526 655
526 659
526 660
526 661
526 668
526 674
526 677
526 678
526 679
526 692
526 707
526 710
526 711
526 715
526 716
526 717
526 718
526 719
526 723
526 725
526 743
526 774
526 780
526 781
526 782
526 783
526 807
526 835
526 838
526 839
526 843
526 844
526 845
526 846
526 847
526 853
526 854
526 871
526 884
526 899
526 902
526 907
526 908
526 909
526 910
526 911
526 915
526 917
526 918
526 924
526 926
526 933
526 934
526 935
526 948
526 963
526 966
526 967
526 971
526 972
526 973
526 974
526 975
526 978
526 979
526 980
526 981
526 982
526 997
526 998
526 999
526 1001
526 1009
526 1012
526 1027
526 1030
526 1035
526 1036
526 1037
526 1038
526 1039
526 1046
526 1063
526 1076
526 1091
526 1094
526 1095
526 1100
526 1101
526 1102
526 1103
526 1107
526 1126
526 1127
526 1140
526 1155
526 1164
526 1165
526 1166
526 1167
526 1171
526 1190
526 1191
526 1204
526 1219
526 1222
526 1223
526 1227
526 1228
526 1229
526 1230
526 1231
526 1235
526 1237
526 1253
526 1254
526 1255
526 1268
527 6
527 12
527 13
527 14
527 15
527 19
527 38
527 76
527 134
527 140
527 141
527 142
527 143
527 147
527 156
527 198
527 203
527 204
527 206
527 207
527 213
527 230
527 231
527 262
527 267
527 268
527 269
527 271
527 295
527 326
527 327
527 331
527 332
527 333
527 334
527 335
527 339
527 341
527 348
527 356
527 357
527 358
527 359
527 372
527 387
527 390
527 395
527 396
527 397
527 398
527 399
527 403
527 405
527 406
527 422
527 423
527 435
527 451
527 452
527 454
527 455
527 459
527 460
527 461
527 462
527 463
527 467
527 468
527 469
527 470
527 476
527 478
527 485
527 486
527 487
527 515
527 519
527 523
527 524
527 525
527 526
527 534
527 540
527 542
527 549
527 550
527 551
527 579
527 582
527 583
527 587
527 588
527 589
527 590
527 591
527 615
527 643
527 646
527 651
527 652
527 653
527 654
527 655
527 659
527 661
527 678
527 679
527 692
527 707
527 711
527 715
527 716
527 717
527 719
527 743
527 780
527 781
527 782
527 783
527 807
527 835
527 838
527 843
527 844
527 845
527 846
527 847
527 853
527 871
527 884
527 899
527 902
527 907
527 908
527 909
527 910
527 911
527 915
527 924
527 933
527 934
527 935
527 948
527 963
527 966
527 967
527 971
527 972
527 973
527 974
527 975
527 978
527 979
527 980
527 981
527 982
527 997
527 998
527 999
527 1001
527 1012
527 1027
527 1036
527 1037
527 1039
527 1063
527 1076
527 1091
527 1094
527 1095
527 1100
527 1101
527 1102
527 1103
527 1107
527 1126
527 1127
527 1140
527 1155
527 1164
527 1165
527 1166
527 1167
527 1171
527 1190
527 1191
527 1204
527 1219
527 1222
527 1223
527 1228
527 1229
527 1230
527 1231
527 1235
527 1237
527 1254
527 1255
527 1268
528 336
528 400
528 464
528 522
528 592
528 656
528 720
529 43
529 337
529 401
529 465
529 593
529 635
529 657
529 721
530 20
530 32
530 37
530 70
530 75
530 83
530 132
530 146
530 148
530 149
530 150
530 164
530 195
530 212
530 220
530 228
530 259
530 270
530 273
530 278
530 279
530 288
530 292
530 293
530 305
530 338
530 366
530 388
530 402
530 408
530 411
530 466
530 472
530 477
530 489
530 514
530 541
530 594
530 596
530 608
530 612
530 617
530 640
530 644
530 657
530 658
530 670
530 681
530 689
530 691
530 722
530 724
530 726
530 728
530 732
530 742
530 820
530 855
530 863
530 864
530 897
530 903
530 913
530 930
530 932
530 941
530 962
530 964
530 970
530 983
530 984
530 988
530 992
530 994
530 996
530 1011
530 1060
530 1061
530 1092
530 1108
530 1109
530 1115
530 1118
530 1139
530 1156
530 1159
530 1163
530 1174
530 1180
530 1188
530 1217
530 1226
530 1234
530 1239
530 1250
531 6
531 7
531 11
531 13
531 14
531 15
531 19
531 20
531 21
531 22
531 28
531 38
531 71
531 76
531 78
531 79
531 134
531 135
531 139
531 140
531 141
531 142
531 143
531 147
531 156
531 158
531 164
531 166
531 167
531 196
531 198
531 199
531 203
531 204
531 205
531 206
531 207
531 211
531 212
531 213
531 214
531 222
531 230
531 231
531 262
531 263
531 267
531 269
531 275
531 277
531 286
531 293
531 294
531 295
531 323
531 324
531 326
531 327
531 331
531 333
531 334
531 339
531 340
531 341
531 342
531 347
531 348
531 351
531 354
531 356
531 357
531 358
531 359
531 366
531 369
531 372
531 387
531 388
531 390
531 391
531 394
531 395
531 397
531 403
531 404
531 405
531 406
531 408
531 415
531 418
531 420
531 421
531 422
531 423
531 433
531 435
531 438
531 449
531 451
531 452
531 454
531 455
531 458
531 459
531 461
531 462
531 463
531 467
531 468
531 469
531 470
531 476
531 478
531 484
531 485
531 486
531 487
531 494
531 497
531 500
531 502
531 515
531 516
531 518
531 519
531 523
531 525
531 526
531 532
531 533
531 534
531 540
531 541
531 542
531 548
531 549
531 551
531 561
531 564
531 579
531 582
531 583
531 587
531 588
531 589
531 590
531 595
531 596
531 597
531 598
531 604
531 606
531 608
531 610
531 613
531 614
531 615
531 625
531 643
531 646
531 647
531 651
531 653
531 659
531 660
531 661
531 662
531 668
531 674
531 676
531 677
531 678
531 679
531 691
531 692
531 707
531 710
531 711
531 715
531 716
531 717
531 718
531 719
531 723
531 725
531 731
531 732
531 742
531 743
531 771
531 774
531 775
531 779
531 780
531 781
531 782
531 783
531 787
531 805
531 807
531 820
531 835
531 838
531 839
531 843
531 846
531 847
531 851
531 853
531 854
531 862
531 868
531 869
531 870
531 871
531 884
531 902
531 906
531 907
531 910
531 911
531 915
531 916
531 917
531 918
531 924
531 926
531 930
531 933
531 934
531 935
531 948
531 960
531 961
531 966
531 967
531 971
531 974
531 978
531 979
531 980
531 981
531 982
531 990
531 991
531 997
531 998
531 1001
531 1009
531 1012
531 1014
531 1027
531 1030
531 1031
531 1034
531 1035
531 1037
531 1038
531 1039
531 1043
531 1044
531 1045
531 1046
531 1052
531 1056
531 1058
531 1061
531 1062
531 1063
531 1076
531 1091
531 1094
531 1095
531 1099
531 1101
531 1102
531 1103
531 1107
531 1110
531 1116
531 1125
531 1126
531 1127
531 1140
531 1155
531 1158
531 1163
531 1165
531 1166
531 1167
531 1171
531 1174
531 1190
531 1191
531 1204
531 1216
531 1220
531 1222
531 1223
531 1227
531 1230
531 1231
531 1235
531 1236
531 1237
531 1238
531 1246
531 1252
531 1253
531 1254
531 1255
531 1268
531 1269
532 7
532 11
532 14
532 20
532 21
532 22
532 28
532 32
532 70
532 71
532 78
532 79
532 134
532 135
532 139
532 146
532 147
532 148
532 149
532 150
532 156
532 158
532 164
532 166
532 167
532 195
532 196
532 199
532 203
532 205
532 211
532 212
532 213
532 214
532 222
532 228
532 231
532 259
532 263
532 267
532 270
532 275
532 277
532 278
532 286
532 292
532 293
532 294
532 295
532 305
532 323
532 324
532 327
532 340
532 341
532 342
532 347
532 351
532 354
532 366
532 369
532 388
532 391
532 394
532 404
532 408
532 411
532 415
532 418
532 420
532 421
532 433
532 435
532 438
532 449
532 452
532 458
532 468
532 476
532 478
532 484
532 489
532 494
532 497
532 500
532 502
532 516
532 518
532 531
532 533
532 534
532 541
532 542
532 548
532 561
532 564
532 594
532 595
532 596
532 597
532 598
532 604
532 606
532 608
532 610
532 613
532 614
532 625
532 640
532 647
532 657
532 660
532 662
532 668
532 670
532 674
532 676
532 677
532 689
532 691
532 692
532 710
532 711
532 715
532 718
532 723
532 724
532 725
532 726
532 731
532 732
532 742
532 771
532 774
532 775
532 779
532 782
532 783
532 787
532 805
532 820
532 839
532 851
532 853
532 854
532 855
532 862
532 864
532 868
532 869
532 870
532 897
532 903
532 906
532 916
532 917
532 918
532 926
532 930
532 934
532 960
532 961
532 962
532 964
532 967
532 970
532 980
532 984
532 988
532 990
532 991
532 992
532 996
532 1001
532 1009
532 1011
532 1014
532 1030
532 1031
532 1034
532 1035
532 1038
532 1043
532 1044
532 1045
532 1046
532 1052
532 1056
532 1058
532 1060
532 1061
532 1062
532 1092
532 1094
532 1095
532 1099
532 1108
532 1109
532 1110
532 1116
532 1118
532 1125
532 1139
532 1156
532 1158
532 1163
532 1166
532 1171
532 1174
532 1180
532 1188
532 1190
532 1216
532 1220
532 1227
532 1236
532 1237
532 1238
532 1246
532 1252
532 1253
532 1269
533 7
533 11
533 13
533 14
533 19
533 20
533 21
533 22
533 28
533 32
533 38
533 71
533 76
533 78
533 79
533 134
533 135
533 139
533 141
533 146
533 147
533 148
533 149
533 150
533 156
533 158
533 164
533 166
533 167
533 196
533 198
533 199
533 203
533 205
533 211
533 212
533 213
533 214
533 222
533 228
533 231
533 259
533 262
533 263
533 267
533 269
533 270
533 275
533 277
533 278
533 286
533 293
533 294
533 295
533 323
533 324
533 327
533 340
533 341
533 342
533 347
533 348
533 351
533 354
533 357
533 366
533 369
533 372
533 388
533 391
533 394
533 404
533 405
533 406
533 408
533 411
533 415
533 418
533 420
533 421
533 433
533 435
533 438
533 449
533 451
533 452
533 458
533 459
533 462
533 468
533 469
533 476
533 478
533 484
533 489
533 494
533 497
533 500
533 502
533 516
533 518
533 531
533 532
533 534
533 540
533 541
533 542
533 548
533 549
533 561
533 564
533 583
533 594
533 595
533 596
533 597
533 598
533 604
533 606
533 608
533 610
533 613
533 614
533 625
533 640
533 646
533 647
533 651
533 657
533 660
533 661
533 662
533 668
533 674
533 676
533 677
533 678
533 689
533 691
533 692
533 710
533 711
533 715
533 718
533 723
533 725
533 726
533 731
533 732
533 742
533 743
533 771
533 774
533 775
533 779
533 782
533 783
533 787
533 805
533 807
533 820
533 839
533 843
533 851
533 853
533 854
533 855
533 862
533 864
533 868
533 869
533 870
533 897
533 903
533 906
533 916
533 917
533 918
533 924
533 926
533 930
533 934
533 960
533 961
533 962
533 964
533 967
533 970
533 978
533 980
533 984
533 988
533 990
533 991
533 992
533 996
533 997
533 1001
533 1009
533 1011
533 1014
533 1030
533 1031
533 1034
533 1035
533 1038
533 1043
533 1044
533 1045
533 1046
533 1052
533 1056
533 1058
533 1060
533 1061
533 1062
533 1094
533 1095
533 1099
533 1102
533 1107
533 1108
533 1109
533 1110
533 1116
533 1125
533 1126
533 1156
533 1158
533 1163
533 1166
533 1167
533 1171
533 1174
533 1180
533 1188
533 1190
533 1191
533 1216
533 1220
533 1223
533 1227
533 1236
533 1237
533 1238
533 1246
533 1252
533 1253
533 1269
534 6
534 11
534 12
534 13
534 14
534 15
534 19
534 21
534 22
534 28
534 38
534 71
534 76
534 78
534 79
534 134
534 135
534 139
534 140
534 141
534 142
534 143
534 147
534 156
534 167
534 198
534 199
534 203
534 204
534 205
534 206
534 207
534 211
534 213
534 214
534 222
534 230
534 231
534 262
534 263
534 267
534 268
534 269
534 271
534 275
534 277
534 286
534 294
534 295
534 323
534 324
534 326
534 327
534 331
534 332
534 333
534 334
534 335
534 339
534 340
534 341
534 342
534 347
534 348
534 351
534 354
534 356
534 357
534 358
534 359
534 372
534 387
534 390
534 391
534 394
534 395
534 396
534 397
534 398
534 399
534 403
534 404
534 405
534 406
534 415
534 418
534 421
534 422
534 423
534 433
534 435
534 449
534 451
534 452
534 454
534 455
534 458
534 459
534 461
534 462
534 463
534 467
534 468
534 469
534 470
534 476
534 478
534 484
534 485
534 486
534 487
534 494
534 497
534 500
534 502
534 515
534 516
534 518
534 519
534 523
534 525
534 526
534 527
534 531
534 532
534 533
534 540
534 542
534 548
534 549
534 550
534 551
534 561
534 564
534 579
534 582
534 583
534 587
534 588
534 589
534 590
534 591
534 595
534 597
534 598
534 604
534 606
534 613
534 614
534 615
534 625
534 643
534 646
534 647
534 651
534 653
534 654
534 655
534 659
534 660
534 661
534 662
534 668
534 674
534 676
534 677
534 678
534 679
534 692
534 707
534 710
534 711
534 715
534 716
534 717
534 718
534 719
534 723
534 725
534 726
534 731
534 743
534 771
534 774
534 775
534 779
534 780
534 781
534 782
534 783
534 787
534 805
534 807
534 835
534 838
534 839
534 843
534 845
534 846
534 847
534 851
534 853
534 854
534 862
534 868
534 869
534 870
534 871
534 884
534 899
534 902
534 906
534 907
534 908
534 909
534 910
534 911
534 915
534 916
534 917
534 918
534 924
534 926
534 933
534 934
534 935
534 948
534 960
534 961
534 963
534 966
534 967
534 971
534 974
534 975
534 978
534 979
534 980
534 981
534 982
534 990
534 991
534 997
534 998
534 1001
534 1009
534 1012
534 1014
534 1027
534 1030
534 1031
534 1035
534 1036
534 1037
534 1038
534 1039
534 1043
534 1044
534 1045
534 1046
534 1052
534 1056
534 1058
534 1062
534 1063
534 1076
534 1091
534 1094
534 1095
534 1099
534 1100
534 1101
534 1102
534 1103
534 1107
534 1110
534 1116
534 1125
534 1126
534 1127
534 1140
534 1155
534 1158
534 1164
534 1165
534 1166
534 1167
534 1171
534 1190
534 1191
534 1204
534 1216
534 1220
534 1222
534 1223
534 1227
534 1229
534 1230
534 1231
534 1235
534 1236
534 1237
534 1238
534 1246
534 1252
534 1253
534 1254
534 1255
534 1268
534 1269
535 343
535 407
535 471
535 599
535 619
535 663
535 693
535 727
535 1212
536 210
536 344
536 408
536 472
536 600
536 664
536 728
537 209
537 345
537 409
537 473
537 601
537 665
537 729
537 950
538 346
538 410
538 474
538 602
538 666
538 730
539 347
539 411
539 475
539 483
539 603
539 667
539 731
540 6
540 11
540 12
540 13
540 14
540 15
540 19
540 21
540 22
540 28
540 38
540 71
540 76
540 78
540 79
540 134
540 135
540 139
540 140
540 141
540 142
540 143
540 147
540 156
540 167
540 198
540 199
540 203
540 204
540 205
540 206
540 207
540 211
540 213
540 214
540 222
540 230
540 231
540 262
540 263
540 267
540 268
540 269
540 271
540 275
540 277
540 286
540 294
540 295
540 323
540 324
540 326
540 327
540 331
540 332
540 333
540 334
540 335
540 339
540 340
540 341
540 342
540 347
540 348
540 351
540 354
540 356
540 357
540 358
540 359
540 372
540 387
540 390
540 391
540 394
540 395
540 396
540 397
540 398
540 399
540 403
540 404
540 405
540 406
540 412
540 415
540 418
540 421
540 422
540 423
540 433
540 435
540 449
540 451
540 452
540 454
540 455
540 459
540 461
540 462
540 463
540 467
540 468
540 469
540 470
540 476
540 478
540 484
540 485
540 486
540 487
540 494
540 497
540 500
540 502
540 515
540 516
540 518
540 519
540 523
540 524
540 525
540 526
540 527
540 531
540 533
540 534
540 542
540 548
540 549
540 550
540 551
540 561
540 564
540 579
540 582
540 583
540 587
540 588
540 589
540 590
540 591
540 595
540 597
540 598
540 604
540 606
540 613
540 614
540 615
540 625
540 643
540 646
540 647
540 651
540 652
540 653
540 654
540 655
540 659
540 660
540 661
540 662
540 668
540 674
540 676
540 677
540 678
540 679
540 692
540 707
540 710
540 711
540 715
540 716
540 717
540 718
540 719
540 723
540 725
540 731
540 732
540 743
540 771
540 774
540 775
540 779
540 780
540 781
540 782
540 783
540 787
540 805
540 807
540 835
540 838
540 839
540 843
540 845
540 846
540 847
540 851
540 853
540 854
540 862
540 868
540 869
540 870
540 871
540 884
540 899
540 902
540 906
540 907
540 908
540 909
540 910
540 911
540 915
540 916
540 917
540 918
540 924
540 926
540 933
540 934
540 935
540 948
540 960
540 961
540 963
540 966
540 967
540 971
540 974
540 975
540 978
540 979
540 980
540 981
540 982
540 990
540 991
540 997
540 998
540 999
540 1001
540 1009
540 1012
540 1014
540 1027
540 1030
540 1031
540 1035
540 1036
540 1037
540 1038
540 1039
540 1043
540 1044
540 1045
540 1046
540 1052
540 1056
540 1058
540 1062
540 1063
540 1076
540 1091
540 1094
540 1095
540 1099
540 1100
540 1101
540 1102
540 1103
540 1107
540 1110
540 1116
540 1125
540 1126
540 1127
540 1140
540 1155
540 1158
540 1164
540 1165
540 1166
540 1167
540 1171
540 1190
540 1191
540 1204
540 1216
540 1219
540 1220
540 1222
540 1223
540 1227
540 1228
540 1229
540 1230
540 1231
540 1235
540 1236
540 1237
540 1238
540 1246
540 1252
540 1253
540 1254
540 1255
540 1268
540 1269
541 7
541 11
541 20
541 21
541 22
541 28
541 32
541 70
541 71
541 79
541 83
541 132
541 135
541 139
541 146
541 148
541 149
541 150
541 158
541 164
541 166
541 167
541 195
541 196
541 199
541 211
541 212
541 214
541 222
541 228
541 259
541 263
541 270
541 275
541 277
541 278
541 292
541 293
541 294
541 305
541 323
541 324
541 340
541 342
541 347
541 349
541 351
541 354
541 366
541 369
541 388
541 394
541 402
541 408
541 411
541 413
541 415
541 418
541 420
541 421
541 433
541 438
541 449
541 458
541 472
541 477
541 484
541 489
541 494
541 497
541 500
541 502
541 516
541 530
541 531
541 532
541 533
541 548
541 561
541 564
541 594
541 595
541 596
541 597
541 598
541 604
541 605
541 606
541 608
541 610
541 613
541 614
541 617
541 625
541 640
541 657
541 660
541 662
541 668
541 669
541 670
541 674
541 676
541 689
541 691
541 710
541 718
541 725
541 726
541 731
541 732
541 733
541 742
541 771
541 774
541 775
541 779
541 787
541 805
541 820
541 839
541 851
541 855
541 862
541 864
541 868
541 869
541 870
541 897
541 903
541 906
541 913
541 916
541 917
541 930
541 960
541 961
541 962
541 964
541 970
541 984
541 988
541 990
541 991
541 992
541 994
541 996
541 1009
541 1011
541 1014
541 1030
541 1031
541 1034
541 1035
541 1043
541 1044
541 1045
541 1046
541 1052
541 1056
541 1058
541 1060
541 1061
541 1062
541 1092
541 1099
541 1108
541 1109
541 1110
541 1116
541 1118
541 1125
541 1139
541 1156
541 1158
541 1163
541 1174
541 1180
541 1188
541 1216
541 1220
541 1226
541 1234
541 1236
541 1238
541 1239
541 1246
541 1250
541 1252
541 1253
541 1269
542 6
542 7
542 11
542 12
542 13
542 14
542 15
542 19
542 21
542 22
542 28
542 38
542 71
542 76
542 78
542 79
542 134
542 135
542 139
542 140
542 141
542 142
542 143
542 147
542 156
542 166
542 167
542 196
542 198
542 199
542 203
542 204
542 205
542 206
542 207
542 211
542 213
542 214
542 222
542 230
542 231
542 262
542 263
542 267
542 268
542 269
542 271
542 275
542 277
542 286
542 294
542 295
542 323
542 324
542 326
542 327
542 331
542 332
542 333
542 334
542 335
542 339
542 340
542 341
542 342
542 347
542 348
542 350
542 351
542 354
542 356
542 357
542 358
542 359
542 372
542 387
542 390
542 391
542 394
542 395
542 396
542 397
542 398
542 399
542 403
542 404
542 405
542 406
542 414
542 415
542 418
542 420
542 421
542 422
542 423
542 433
542 435
542 438
542 449
542 451
542 452
542 454
542 455
542 458
542 459
542 461
542 462
542 463
542 467
542 468
542 469
542 470
542 476
542 478
542 484
542 485
542 486
542 487
542 494
542 497
542 500
542 502
542 515
542 516
542 518
542 519
542 523
542 525
542 526
542 527
542 531
542 532
542 533
542 534
542 540
542 548
542 549
542 550
542 551
542 561
542 564
542 579
542 582
542 583
542 587
542 588
542 589
542 590
542 595
542 597
542 598
542 604
542 606
542 610
542 613
542 614
542 615
542 625
542 643
542 646
542 647
542 651
542 653
542 654
542 655
542 659
542 660
542 661
542 662
542 668
542 670
542 674
542 676
542 677
542 678
542 679
542 692
542 707
542 710
542 711
542 715
542 716
542 717
542 718
542 719
542 723
542 725
542 731
542 734
542 743
542 771
542 774
542 775
542 779
542 780
542 781
542 782
542 783
542 787
542 805
542 807
542 835
542 838
542 839
542 843
542 845
542 846
542 847
542 851
542 853
542 854
542 862
542 868
542 869
542 870
542 871
542 884
542 899
542 902
542 906
542 907
542 909
542 910
542 911
542 915
542 916
542 917
542 918
542 924
542 926
542 933
542 934
542 935
542 948
542 960
542 961
542 963
542 966
542 967
542 971
542 974
542 978
542 979
542 980
542 981
542 982
542 990
542 991
542 997
542 998
542 1001
542 1009
542 1012
542 1014
542 1027
542 1030
542 1031
542 1035
542 1036
542 1037
542 1038
542 1039
542 1043
542 1044
542 1045
542 1046
542 1052
542 1056
542 1058
542 1062
542 1063
542 1076
542 1091
542 1094
542 1095
542 1099
542 1100
542 1101
542 1102
542 1103
542 1107
542 1110
542 1116
542 1125
542 1126
542 1127
542 1140
542 1155
542 1158
542 1164
542 1165
542 1166
542 1167
542 1171
542 1190
542 1191
542 1204
542 1216
542 1220
542 1222
542 1223
542 1227
542 1230
542 1231
542 1235
542 1236
542 1237
542 1238
542 1246
542 1252
542 1253
542 1254
542 1255
542 1268
542 1269
543 351
543 415
543 479
543 607
543 671
543 735
544 92
544 131
544 273
544 279
544 288
544 308
544 352
544 361
544 416
544 480
544 501
544 608
544 644
544 658
544 672
544 728
544 736
544 836
544 1051
544 1172
544 1184
544 1217
545 353
545 417
545 481
545 609
545 642
545 673
545 737
545 945
545 1173
546 354
546 418
546 482
546 610
546 674
546 738
546 1153
547 0
547 355
547 419
547 483
547 584
547 611
547 675
547 739
547 776
548 6
548 7
548 11
548 13
548 14
548 19
548 20
548 21
548 22
548 28
548 38
548 71
548 76
548 78
548 79
548 134
548 135
548 139
548 141
548 142
548 147
548 150
548 156
548 158
548 164
548 166
548 167
548 196
548 198
548 199
548 203
548 205
548 206
548 207
548 211
548 212
548 213
548 214
548 222
548 230
548 231
548 259
548 262
548 263
548 267
548 269
548 275
548 277
548 278
548 286
548 293
548 294
548 295
548 323
548 324
548 326
548 327
548 331
548 333
548 334
548 339
548 340
548 341
548 342
548 347
548 348
548 351
548 354
548 356
548 357
548 358
548 359
548 366
548 369
548 372
548 387
548 388
548 391
548 394
548 395
548 397
548 403
548 404
548 405
548 406
548 408
548 415
548 418
548 420
548 421
548 422
548 423
548 433
548 435
548 438
548 449
548 451
548 452
548 455
548 458
548 459
548 461
548 462
548 463
548 468
548 469
548 470
548 476
548 478
548 484
548 485
548 486
548 487
548 494
548 497
548 500
548 502
548 515
548 516
548 518
548 519
548 523
548 526
548 531
548 532
548 533
548 534
548 540
548 541
548 542
548 549
548 551
548 561
548 564
548 579
548 582
548 583
548 587
548 595
548 596
548 597
548 598
548 604
548 606
548 608
548 610
548 612
548 613
548 614
548 615
548 625
548 640
548 643
548 646
548 647
548 651
548 657
548 660
548 661
548 662
548 668
548 674
548 676
548 677
548 678
548 679
548 689
548 691
548 692
548 707
548 710
548 711
548 715
548 716
548 717
548 718
548 719
548 723
548 725
548 731
548 732
548 740
548 742
548 743
548 771
548 774
548 775
548 779
548 781
548 782
548 783
548 787
548 805
548 807
548 820
548 835
548 838
548 839
548 843
548 846
548 847
548 851
548 853
548 854
548 855
548 862
548 868
548 869
548 870
548 871
548 884
548 902
548 906
548 907
548 910
548 911
548 915
548 916
548 917
548 918
548 924
548 926
548 930
548 933
548 934
548 935
548 948
548 960
548 961
548 962
548 966
548 967
548 970
548 971
548 974
548 978
548 979
548 980
548 981
548 982
548 990
548 991
548 997
548 998
548 1001
548 1009
548 1012
548 1014
548 1027
548 1030
548 1031
548 1034
548 1035
548 1037
548 1038
548 1039
548 1043
548 1044
548 1045
548 1046
548 1052
548 1056
548 1058
548 1061
548 1062
548 1063
548 1076
548 1091
548 1094
548 1095
548 1099
548 1101
548 1102
548 1107
548 1110
548 1116
548 1125
548 1126
548 1127
548 1140
548 1155
548 1158
548 1163
548 1165
548 1166
548 1167
548 1171
548 1174
548 1188
548 1190
548 1191
548 1204
548 1216
548 1220
548 1222
548 1223
548 1227
548 1230
548 1235
548 1236
548 1237
548 1238
548 1246
548 1252
548 1253
548 1254
548 1255
548 1268
548 1269
549 6
549 11
549 12
549 13
549 14
549 15
549 19
549 21
549 22
549 28
549 38
549 71
549 76
549 78
549 79
549 134
549 135
549 139
549 140
549 141
549 142
549 143
549 147
549 156
549 167
549 198
549 199
549 203
549 204
549 205
549 206
549 207
549 211
549 213
549 214
549 222
549 230
549 231
549 262
549 263
549 267
549 268
549 269
549 271
549 275
549 286
549 294
549 295
549 323
549 324
549 326
549 327
549 331
549 332
549 333
549 334
549 335
549 339
549 340
549 341
549 342
549 347
549 348
549 354
549 356
549 357
549 358
549 359
549 372
549 387
549 390
549 391
549 395
549 396
549 397
549 398
549 399
549 403
549 404
549 405
549 406
549 415
549 418
549 421
549 422
549 423
549 433
549 435
549 451
549 452
549 454
549 455
549 459
549 461
549 462
549 463
549 467
549 468
549 469
549 470
549 476
549 478
549 484
549 485
549 486
549 487
549 494
549 497
549 500
549 502
549 515
549 516
549 518
549 519
549 523
549 524
549 525
549 526
549 527
549 531
549 533
549 534
549 540
549 542
549 548
549 550
549 551
549 561
549 564
549 579
549 582
549 583
549 587
549 588
549 589
549 590
549 591
549 595
549 597
549 598
549 604
549 606
549 613
549 614
549 615
549 625
549 643
549 646
549 647
549 651
549 652
549 653
549 654
549 655
549 659
549 660
549 661
549 662
549 668
549 674
549 676
549 677
549 678
549 679
549 692
549 707
549 710
549 711
549 715
549 716
549 717
549 718
549 719
549 723
549 725
549 731
549 741
549 743
549 771
549 774
549 775
549 779
549 780
549 781
549 782
549 783
549 807
549 835
549 838
549 839
549 843
549 845
549 846
549 847
549 851
549 853
549 854
549 862
549 868
549 869
549 870
549 871
549 884
549 899
549 902
549 907
549 908
549 909
549 910
549 911
549 915
549 916
549 917
549 918
549 924
549 926
549 933
549 934
549 935
549 948
549 960
549 961
549 963
549 966
549 967
549 971
549 972
549 974
549 975
549 978
549 979
549 980
549 981
549 982
549 990
549 991
549 997
549 998
549 999
549 1001
549 1009
549 1012
549 1014
549 1027
549 1030
549 1031
549 1035
549 1036
549 1037
549 1038
549 1039
549 1043
549 1044
549 1045
549 1046
549 1052
549 1058
549 1062
549 1063
549 1076
549 1091
549 1094
549 1095
549 1099
549 1100
549 1101
549 1102
549 1103
549 1107
549 1116
549 1125
549 1126
549 1127
549 1140
549 1155
549 1158
549 1164
549 1165
549 1166
549 1167
549 1171
549 1190
549 1191
549 1204
549 1216
549 1219
549 1220
549 1222
549 1223
549 1227
549 1228
549 1229
549 1230
549 1231
549 1235
549 1236
549 1237
549 1238
549 1246
549 1252
549 1253
549 1254
549 1255
549 1268
550 6
550 12
550 13
550 14
550 15
550 19
550 38
550 76
550 78
550 134
550 140
550 141
550 142
550 143
550 147
550 156
550 198
550 203
550 204
550 205
550 206
550 207
550 213
550 230
550 231
550 262
550 267
550 268
550 269
550 271
550 295
550 326
550 327
550 331
550 332
550 333
550 334
550 335
550 339
550 341
550 348
550 356
550 357
550 358
550 359
550 372
550 387
550 390
550 391
550 395
550 396
550 397
550 398
550 399
550 403
550 405
550 406
550 422
550 423
550 435
550 451
550 452
550 454
550 455
550 459
550 460
550 461
550 462
550 463
550 467
550 468
550 469
550 470
550 476
550 478
550 485
550 486
550 487
550 515
550 518
550 519
550 523
550 524
550 525
550 526
550 527
550 534
550 540
550 542
550 549
550 551
550 579
550 582
550 583
550 587
550 588
550 589
550 590
550 591
550 614
550 615
550 643
550 646
550 651
550 652
550 653
550 654
550 655
550 659
550 661
550 678
550 679
550 692
550 707
550 711
550 715
550 716
550 717
550 719
550 723
550 742
550 743
550 780
550 781
550 782
550 783
550 807
550 835
550 838
550 843
550 844
550 845
550 846
550 847
550 853
550 854
550 871
550 884
550 899
550 902
550 907
550 908
550 909
550 910
550 911
550 915
550 918
550 924
550 926
550 933
550 934
550 935
550 948
550 963
550 966
550 967
550 971
550 972
550 973
550 974
550 975
550 978
550 979
550 980
550 981
550 982
550 997
550 998
550 999
550 1001
550 1012
550 1027
550 1036
550 1037
550 1038
550 1039
550 1063
550 1076
550 1091
550 1094
550 1095
550 1100
550 1101
550 1102
550 1103
550 1107
550 1126
550 1127
550 1140
550 1155
550 1164
550 1165
550 1166
550 1167
550 1171
550 1190
550 1191
550 1204
550 1219
550 1222
550 1223
550 1227
550 1228
550 1229
550 1230
550 1231
550 1235
550 1237
550 1254
550 1255
550 1268
551 6
551 12
551 13
551 14
551 15
551 19
551 21
551 22
551 38
551 76
551 78
551 79
551 134
551 135
551 139
551 140
551 141
551 142
551 143
551 147
551 156
551 198
551 199
551 203
551 204
551 205
551 206
551 207
551 211
551 213
551 230
551 231
551 262
551 263
551 267
551 268
551 269
551 271
551 286
551 295
551 323
551 324
551 326
551 327
551 331
551 332
551 333
551 334
551 335
551 339
551 340
551 341
551 342
551 347
551 348
551 356
551 357
551 358
551 359
551 372
551 387
551 390
551 391
551 395
551 396
551 397
551 398
551 399
551 403
551 404
551 405
551 406
551 418
551 421
551 422
551 423
551 433
551 435
551 451
551 452
551 454
551 455
551 459
551 460
551 461
551 462
551 463
551 467
551 468
551 469
551 470
551 476
551 478
551 485
551 486
551 487
551 502
551 515
551 518
551 519
551 523
551 524
551 525
551 526
551 527
551 531
551 534
551 540
551 542
551 548
551 549
551 550
551 564
551 579
551 582
551 583
551 587
551 588
551 589
551 590
551 591
551 595
551 597
551 598
551 613
551 614
551 615
551 643
551 646
551 647
551 651
551 652
551 653
551 654
551 655
551 659
551 660
551 661
551 662
551 668
551 674
551 677
551 678
551 679
551 692
551 707
551 710
551 711
551 715
551 716
551 717
551 718
551 719
551 723
551 725
551 743
551 774
551 775
551 779
551 780
551 781
551 782
551 783
551 807
551 835
551 838
551 839
551 843
551 844
551 845
551 846
551 847
551 851
551 853
551 854
551 871
551 884
551 899
551 902
551 907
551 908
551 909
551 910
551 911
551 915
551 917
551 918
551 924
551 926
551 933
551 934
551 935
551 948
551 961
551 963
551 966
551 967
551 971
551 972
551 973
551 974
551 975
551 978
551 979
551 980
551 981
551 982
551 990
551 997
551 998
551 999
551 1001
551 1009
551 1012
551 1014
551 1027
551 1030
551 1035
551 1036
551 1037
551 1038
551 1039
551 1045
551 1046
551 1062
551 1063
551 1076
551 1091
551 1094
551 1095
551 1099
551 1100
551 1101
551 1102
551 1103
551 1107
551 1126
551 1127
551 1140
551 1155
551 1164
551 1165
551 1166
551 1167
551 1171
551 1190
551 1191
551 1204
551 1219
551 1222
551 1223
551 1227
551 1228
551 1229
551 1230
551 1231
551 1235
551 1237
551 1253
551 1254
551 1255
551 1268
552 116
552 360
552 424
552 488
552 616
552 680
552 744
552 1141
553 361
553 425
553 489
553 617
553 681
553 745
554 362
554 426
554 490
554 618
554 682
554 746
555 363
555 427
555 491
555 619
555 683
555 747
555 1259
556 63
556 364
556 428
556 492
556 620
556 684
556 748
557 365
557 429
557 493
557 621
557 685
557 749
558 322
558 366
558 430
558 494
558 622
558 686
558 750
559 272
559 367
559 431
559 495
559 623
559 687
559 747
559 751
559 1080
559 1276
560 368
560 432
560 496
560 624
560 688
560 752
561 7
561 11
561 13
561 14
561 19
561 20
561 21
561 22
561 28
561 32
561 38
561 71
561 76
561 78
561 79
561 134
561 135
561 139
561 141
561 146
561 147
561 148
561 149
561 150
561 156
561 158
561 164
561 166
561 167
561 196
561 198
561 199
561 203
561 205
561 211
561 212
561 213
561 214
561 222
561 228
561 230
561 231
561 259
561 262
561 263
561 267
561 269
561 275
561 277
561 278
561 286
561 293
561 294
561 295
561 323
561 324
561 327
561 340
561 341
561 342
561 347
561 348
561 351
561 354
561 356
561 357
561 366
561 369
561 372
561 388
561 391
561 394
561 404
561 406
561 408
561 411
561 415
561 418
561 420
561 421
561 433
561 435
561 438
561 449
561 451
561 452
561 458
561 459
561 462
561 468
561 476
561 478
561 484
561 489
561 494
561 497
561 500
561 502
561 516
561 518
561 531
561 532
561 533
561 534
561 540
561 541
561 542
561 548
561 549
561 564
561 583
561 594
561 595
561 596
561 597
561 598
561 604
561 606
561 608
561 610
561 613
561 614
561 625
561 640
561 646
561 647
561 651
561 657
561 660
561 661
561 662
561 668
561 674
561 676
561 677
561 678
561 689
561 691
561 692
561 710
561 711
561 715
561 718
561 723
561 725
561 726
561 731
561 732
561 742
561 743
561 753
561 771
561 774
561 775
561 779
561 782
561 783
561 787
561 805
561 807
561 820
561 839
561 843
561 846
561 851
561 853
561 854
561 855
561 862
561 864
561 868
561 869
561 870
561 897
561 903
561 906
561 916
561 917
561 918
561 924
561 926
561 930
561 934
561 960
561 961
561 962
561 964
561 967
561 970
561 978
561 980
561 984
561 988
561 990
561 991
561 992
561 996
561 997
561 1001
561 1009
561 1011
561 1014
561 1030
561 1031
561 1034
561 1035
561 1038
561 1043
561 1044
561 1045
561 1046
561 1052
561 1056
561 1058
561 1060
561 1061
561 1062
561 1076
561 1094
561 1095
561 1099
561 1102
561 1107
561 1108
561 1109
561 1110
561 1116
561 1125
561 1126
561 1156
561 1158
561 1163
561 1166
561 1167
561 1171
561 1174
561 1180
561 1188
561 1190
561 1191
561 1216
561 1220
561 1223
561 1227
561 1236
561 1237
561 1238
561 1246
561 1252
561 1253
561 1269
562 370
562 434
562 498
562 626
562 690
562 754
563 160
563 256
563 371
563 435
563 499
563 627
563 691
563 755
563 809
564 6
564 7
564 11
564 13
564 14
564 19
564 20
564 21
564 22
564 28
564 38
564 71
564 76
564 78
564 79
564 134
564 135
564 139
564 141
564 147
564 150
564 156
564 158
564 164
564 166
564 167
564 196
564 198
564 199
564 203
564 205
564 206
564 207
564 211
564 212
564 213
564 214
564 222
564 230
564 231
564 259
564 262
564 263
564 267
564 269
564 275
564 277
564 278
564 286
564 293
564 294
564 295
564 323
564 324
564 327
564 331
564 339
564 340
564 341
564 342
564 347
564 348
564 351
564 354
564 356
564 357
564 358
564 366
564 369
564 372
564 387
564 388
564 391
564 394
564 395
564 404
564 405
564 406
564 408
564 415
564 418
564 420
564 421
564 422
564 433
564 435
564 436
564 438
564 449
564 451
564 452
564 455
564 458
564 459
564 461
564 462
564 468
564 470
564 476
564 478
564 484
564 485
564 486
564 494
564 497
564 500
564 502
564 516
564 518
564 519
564 523
564 531
564 532
564 533
564 534
564 540
564 541
564 542
564 548
564 549
564 551
564 561
564 579
564 583
564 587
564 594
564 595
564 596
564 597
564 598
564 604
564 606
564 608
564 610
564 613
564 614
564 615
564 625
564 628
564 640
564 643
564 646
564 647
564 651
564 657
564 660
564 661
564 662
564 668
564 674
564 676
564 677
564 678
564 689
564 691
564 692
564 707
564 710
564 711
564 715
564 717
564 718
564 719
564 723
564 725
564 726
564 731
564 732
564 742
564 743
564 756
564 771
564 774
564 775
564 779
564 781
564 782
564 783
564 787
564 805
564 807
564 820
564 835
564 838
564 839
564 843
564 846
564 847
564 851
564 853
564 854
564 855
564 862
564 864
564 868
564 869
564 870
564 884
564 903
564 906
564 907
564 915
564 916
564 917
564 918
564 924
564 926
564 930
564 933
564 934
564 948
564 960
564 961
564 962
564 964
564 967
564 970
564 978
564 979
564 980
564 981
564 982
564 990
564 991
564 992
564 997
564 1001
564 1009
564 1014
564 1030
564 1031
564 1034
564 1035
564 1037
564 1038
564 1043
564 1044
564 1045
564 1046
564 1052
564 1056
564 1058
564 1061
564 1062
564 1076
564 1091
564 1094
564 1095
564 1099
564 1102
564 1107
564 1108
564 1109
564 1110
564 1116
564 1125
564 1126
564 1140
564 1155
564 1156
564 1158
564 1163
564 1166
564 1167
564 1171
564 1174
564 1180
564 1188
564 1190
564 1191
564 1204
564 1216
564 1220
564 1223
564 1227
564 1230
564 1235
564 1236
564 1237
564 1238
564 1246
564 1252
564 1253
564 1254
564 1255
564 1268
564 1269
565 373
565 437
565 501
565 629
565 693
565 757
565 1224
566 152
566 374
566 438
566 502
566 630
566 694
566 758
566 922
567 375
567 381
567 439
567 503
567 631
567 695
567 759
567 1041
568 376
568 440
568 504
568 632
568 696
568 760
569 377
569 441
569 505
569 633
569 697
569 761
570 378
570 442
570 506
570 634
570 698
570 762
571 379
571 443
571 507
571 635
571 699
571 763
572 380
572 444
572 508
572 636
572 700
572 764
572 1196
573 381
573 445
573 446
573 509
573 637
573 701
573 765
574 239
574 382
574 446
574 510
574 638
574 702
574 766
575 246
575 383
575 447
575 511
575 639
575 703
575 767
575 1241
576 384
576 448
576 512
576 640
576 704
576 768
577 165
577 385
577 449
577 513
577 641
577 705
577 769
578 386
578 410
578 450
578 514
578 642
578 706
578 770
579 6
579 11
579 12
579 13
579 14
579 15
579 19
579 21
579 22
579 28
579 38
579 71
579 76
579 78
579 79
579 134
579 135
579 139
579 140
579 141
579 142
579 143
579 147
579 156
579 167
579 198
579 199
579 203
579 204
579 205
579 206
579 207
579 211
579 213
579 214
579 222
579 230
579 231
579 262
579 263
579 267
579 268
579 269
579 271
579 275
579 286
579 295
579 323
579 324
579 326
579 327
579 331
579 332
579 333
579 334
579 335
579 339
579 340
579 341
579 342
579 347
579 348
579 354
579 356
579 357
579 358
579 359
579 372
579 387
579 390
579 391
579 395
579 396
579 397
579 398
579 399
579 403
579 404
579 405
579 406
579 415
579 418
579 421
579 422
579 423
579 433
579 435
579 451
579 452
579 454
579 455
579 459
579 460
579 461
579 462
579 463
579 467
579 468
579 469
579 470
579 476
579 478
579 485
579 486
579 487
579 497
579 502
579 515
579 518
579 519
579 523
579 524
579 525
579 526
579 527
579 531
579 534
579 540
579 542
579 548
579 549
579 550
579 551
579 564
579 582
579 583
579 587
579 588
579 589
579 590
579 591
579 595
579 597
579 598
579 604
579 613
579 614
579 615
579 625
579 643
579 646
579 647
579 651
579 652
579 653
579 654
579 655
579 659
579 660
579 661
579 662
579 668
579 674
579 677
579 678
579 679
579 692
579 707
579 710
579 711
579 715
579 716
579 717
579 718
579 719
579 723
579 725
579 731
579 743
579 771
579 774
579 775
579 779
579 780
579 781
579 782
579 783
579 807
579 835
579 838
579 839
579 843
579 844
579 845
579 846
579 847
579 851
579 853
579 854
579 862
579 868
579 869
579 870
579 871
579 884
579 899
579 902
579 907
579 908
579 909
579 910
579 911
579 915
579 916
579 917
579 918
579 924
579 926
579 933
579 934
579 935
579 948
579 961
579 963
579 966
579 967
579 971
579 972
579 973
579 974
579 975
579 978
579 979
579 980
579 981
579 982
579 990
579 997
579 998
579 999
579 1001
579 1009
579 1012
579 1014
579 1027
579 1030
579 1035
579 1036
579 1037
579 1038
579 1039
579 1043
579 1044
579 1045
579 1046
579 1058
579 1062
579 1063
579 1076
579 1091
579 1094
579 1095
579 1099
579 1100
579 1101
579 1102
579 1103
579 1107
579 1126
579 1127
579 1140
579 1155
579 1164
579 1165
579 1166
579 1167
579 1171
579 1190
579 1191
579 1204
579 1219
579 1220
579 1222
579 1223
579 1227
579 1228
579 1229
579 1230
579 1231
579 1235
579 1236
579 1237
579 1238
579 1246
579 1252
579 1253
579 1254
579 1255
579 1268
580 388
580 452
580 516
580 644
580 708
580 772
581 9
581 73
581 133
581 197
581 261
581 329
581 389
581 393
581 453
581 517
581 628
581 645
581 649
581 709
581 713
581 773
581 777
581 837
581 901
581 965
581 1033
581 1097
581 1161
581 1221
582 6
582 12
582 13
582 14
582 15
582 19
582 21
582 22
582 38
582 76
582 78
582 79
582 134
582 135
582 139
582 140
582 141
582 142
582 143
582 147
582 156
582 198
582 199
582 203
582 204
582 205
582 206
582 207
582 211
582 213
582 230
582 231
582 262
582 267
582 268
582 269
582 271
582 286
582 295
582 323
582 324
582 326
582 327
582 331
582 332
582 333
582 334
582 335
582 339
582 341
582 342
582 348
582 356
582 357
582 358
582 359
582 372
582 387
582 390
582 391
582 395
582 396
582 397
582 398
582 399
582 403
582 404
582 405
582 406
582 421
582 422
582 423
582 433
582 435
582 451
582 452
582 454
582 455
582 459
582 460
582 461
582 462
582 463
582 467
582 468
582 469
582 470
582 476
582 478
582 485
582 486
582 487
582 502
582 515
582 518
582 519
582 523
582 524
582 525
582 526
582 527
582 531
582 534
582 540
582 542
582 548
582 549
582 550
582 551
582 579
582 583
582 587
582 588
582 589
582 590
582 591
582 595
582 597
582 598
582 613
582 615
582 643
582 646
582 647
582 651
582 652
582 653
582 654
582 655
582 659
582 660
582 661
582 662
582 668
582 674
582 677
582 678
582 679
582 692
582 707
582 710
582 711
582 715
582 716
582 717
582 719
582 723
582 725
582 743
582 774
582 780
582 781
582 782
582 783
582 807
582 835
582 838
582 839
582 843
582 844
582 845
582 846
582 847
582 853
582 854
582 871
582 884
582 899
582 902
582 907
582 908
582 909
582 910
582 911
582 915
582 917
582 918
582 924
582 926
582 933
582 934
582 935
582 948
582 961
582 963
582 966
582 967
582 971
582 972
582 973
582 974
582 975
582 978
582 979
582 980
582 981
582 982
582 997
582 998
582 999
582 1001
582 1009
582 1012
582 1014
582 1027
582 1030
582 1035
582 1036
582 1037
582 1038
582 1039
582 1046
582 1063
582 1076
582 1091
582 1094
582 1095
582 1100
582 1101
582 1102
582 1103
582 1107
582 1126
582 1127
582 1140
582 1155
582 1164
582 1165
582 1166
582 1167
582 1171
582 1190
582 1191
582 1204
582 1219
582 1222
582 1223
582 1227
582 1228
582 1229
582 1230
582 1231
582 1235
582 1237
582 1253
582 1254
582 1255
582 1268
583 6
583 11
583 12
583 13
583 14
583 15
583 19
583 21
583 22
583 28
583 38
583 71
583 76
583 78
583 79
583 134
583 135
583 139
583 140
583 141
583 142
583 143
583 147
583 156
583 167
583 198
583 199
583 203
583 204
583 205
583 206
583 207
583 211
583 213
583 214
583 222
583 230
583 231
583 262
583 263
583 267
583 268
583 269
583 271
583 275
583 277
583 286
583 294
583 295
583 323
583 324
583 326
583 327
583 331
583 332
583 333
583 334
583 335
583 339
583 340
583 341
583 342
583 347
583 348
583 354
583 356
583 357
583 358
583 359
583 372
583 387
583 390
583 391
583 394
583 395
583 396
583 397
583 398
583 399
583 403
583 404
583 405
583 406
583 415
583 418
583 421
583 422
583 423
583 433
583 435
583 449
583 451
583 452
583 454
583 455
583 459
583 461
583 462
583 463
583 467
583 468
583 469
583 470
583 476
583 478
583 484
583 485
583 486
583 487
583 494
583 497
583 500
583 502
583 515
583 516
583 518
583 519
583 523
583 524
583 525
583 526
583 527
583 531
583 533
583 534
583 540
583 542
583 548
583 549
583 550
583 551
583 561
583 564
583 579
583 582
583 587
583 588
583 589
583 590
583 591
583 595
583 597
583 598
583 604
583 606
583 613
583 614
583 615
583 625
583 643
583 646
583 647
583 651
583 652
583 653
583 654
583 655
583 659
583 660
583 661
583 662
583 668
583 674
583 676
583 677
583 678
583 679
583 692
583 707
583 710
583 711
583 715
583 716
583 717
583 718
583 719
583 723
583 725
583 731
583 743
583 771
583 774
583 775
583 779
583 780
583 781
583 782
583 783
583 787
583 805
583 807
583 835
583 838
583 839
583 843
583 845
583 846
583 847
583 851
583 853
583 854
583 862
583 868
583 869
583 870
583 871
583 884
583 899
583 902
583 906
583 907
583 908
583 909
583 910
583 911
583 915
583 916
583 917
583 918
583 924
583 926
583 933
583 934
583 935
583 948
583 960
583 961
583 963
583 966
583 967
583 971
583 974
583 975
583 978
583 979
583 980
583 981
583 982
583 990
583 991
583 997
583 998
583 999
583 1001
583 1009
583 1012
583 1014
583 1027
583 1030
583 1031
583 1035
583 1036
583 1037
583 1038
583 1039
583 1043
583 1044
583 1045
583 1046
583 1052
583 1056
583 1058
583 1062
583 1063
583 1076
583 1091
583 1094
583 1095
583 1099
583 1100
583 1101
583 1102
583 1103
583 1107
583 1110
583 1116
583 1125
583 1126
583 1127
583 1140
583 1155
583 1158
583 1164
583 1165
583 1166
583 1167
583 1171
583 1190
583 1191
583 1204
583 1216
583 1219
583 1220
583 1222
583 1223
583 1227
583 1228
583 1229
583 1230
583 1231
583 1235
583 1236
583 1237
583 1238
583 1246
583 1252
583 1253
583 1254
583 1255
583 1268
583 1269
584 0
584 392
584 456
584 520
584 547
584 648
584 712
584 776
585 393
585 457
585 521
585 649
585 713
585 777
586 394
586 458
586 522
586 650
586 714
586 778
586 1098
587 6
587 12
587 13
587 14
587 15
587 19
587 21
587 22
587 28
587 38
587 76
587 78
587 79
587 134
587 135
587 139
587 140
587 141
587 142
587 143
587 147
587 156
587 198
587 199
587 203
587 204
587 205
587 206
587 207
587 211
587 213
587 214
587 222
587 230
587 231
587 262
587 263
587 267
587 268
587 269
587 271
587 275
587 286
587 295
587 323
587 324
587 326
587 327
587 331
587 332
587 333
587 334
587 335
587 339
587 340
587 341
587 342
587 347
587 348
587 356
587 357
587 358
587 359
587 372
587 387
587 390
587 391
587 395
587 396
587 397
587 398
587 399
587 403
587 404
587 405
587 406
587 415
587 418
587 421
587 422
587 423
587 433
587 435
587 451
587 452
587 454
587 455
587 459
587 460
587 461
587 462
587 463
587 467
587 468
587 469
587 470
587 476
587 478
587 485
587 486
587 487
587 497
587 502
587 515
587 518
587 519
587 523
587 524
587 525
587 526
587 527
587 531
587 534
587 540
587 542
587 548
587 549
587 550
587 551
587 564
587 579
587 582
587 583
587 588
587 589
587 590
587 591
587 595
587 597
587 598
587 613
587 614
587 615
587 625
587 643
587 646
587 647
587 651
587 652
587 653
587 654
587 655
587 659
587 660
587 661
587 662
587 668
587 674
587 677
587 678
587 679
587 692
587 707
587 710
587 711
587 715
587 716
587 717
587 718
587 719
587 723
587 725
587 731
587 743
587 774
587 775
587 779
587 780
587 781
587 782
587 783
587 807
587 835
587 838
587 839
587 843
587 844
587 845
587 846
587 847
587 851
587 853
587 854
587 862
587 868
587 871
587 884
587 899
587 902
587 907
587 908
587 909
587 910
587 911
587 915
587 916
587 917
587 918
587 924
587 926
587 933
587 934
587 935
587 948
587 961
587 963
587 966
587 967
587 971
587 972
587 973
587 974
587 975
587 978
587 979
587 980
587 981
587 982
587 990
587 997
587 998
587 999
587 1001
587 1009
587 1012
587 1014
587 1027
587 1030
587 1035
587 1036
587 1037
587 1038
587 1039
587 1043
587 1044
587 1045
587 1046
587 1062
587 1063
587 1076
587 1091
587 1094
587 1095
587 1099
587 1100
587 1101
587 1102
587 1103
587 1107
587 1126
587 1127
587 1140
587 1155
587 1164
587 1165
587 1166
587 1167
587 1171
587 1190
587 1191
587 1204
587 1219
587 1220
587 1222
587 1223
587 1227
587 1228
587 1229
587 1230
587 1231
587 1235
587 1236
587 1237
587 1238
587 1252
587 1253
587 1254
587 1255
587 1268
588 6
588 12
588 13
588 14
588 15
588 19
588 38
588 76
588 78
588 79
588 134
588 140
588 141
588 142
588 143
588 147
588 156
588 198
588 203
588 204
588 205
588 206
588 207
588 213
588 230
588 231
588 262
588 267
588 268
588 269
588 271
588 286
588 295
588 323
588 324
588 326
588 327
588 331
588 332
588 333
588 334
588 335
588 339
588 341
588 348
588 356
588 357
588 358
588 359
588 372
588 387
588 390
588 391
588 395
588 396
588 397
588 398
588 399
588 403
588 404
588 405
588 406
588 421
588 422
588 423
588 435
588 451
588 452
588 454
588 455
588 459
588 460
588 461
588 462
588 463
588 467
588 468
588 469
588 470
588 476
588 478
588 485
588 486
588 487
588 502
588 515
588 518
588 519
588 523
588 524
588 525
588 526
588 527
588 531
588 534
588 540
588 542
588 549
588 550
588 551
588 579
588 582
588 583
588 587
588 589
588 590
588 591
588 597
588 613
588 615
588 643
588 646
588 647
588 651
588 652
588 653
588 654
588 655
588 659
588 660
588 661
588 677
588 678
588 679
588 692
588 707
588 710
588 711
588 715
588 716
588 717
588 719
588 723
588 743
588 780
588 781
588 782
588 783
588 807
588 835
588 838
588 843
588 844
588 845
588 846
588 847
588 853
588 854
588 871
588 884
588 899
588 902
588 907
588 908
588 909
588 910
588 911
588 915
588 918
588 924
588 926
588 933
588 934
588 935
588 948
588 963
588 966
588 967
588 971
588 972
588 973
588 974
588 975
588 978
588 979
588 980
588 981
588 982
588 997
588 998
588 999
588 1001
588 1012
588 1027
588 1030
588 1036
588 1037
588 1038
588 1039
588 1046
588 1063
588 1076
588 1091
588 1094
588 1095
588 1100
588 1101
588 1102
588 1103
588 1107
588 1126
588 1127
588 1140
588 1155
588 1164
588 1165
588 1166
588 1167
588 1171
588 1190
588 1191
588 1204
588 1219
588 1222
588 1223
588 1227
588 1228
588 1229
588 1230
588 1231
588 1235
588 1237
588 1254
588 1255
588 1268
589 6
589 12
589 13
589 14
589 15
589 19
589 38
589 76
589 78
589 79
589 134
589 140
589 141
589 142
589 143
589 147
589 156
589 198
589 203
589 204
589 205
589 206
589 207
589 213
589 230
589 231
589 262
589 267
589 268
589 269
589 271
589 286
589 295
589 323
589 324
589 326
589 327
589 331
589 332
589 333
589 334
589 335
589 339
589 341
589 348
589 356
589 357
589 358
589 359
589 372
589 387
589 390
589 391
589 395
589 396
589 397
589 398
589 399
589 403
589 404
589 405
589 406
589 421
589 422
589 423
589 435
589 451
589 452
589 454
589 455
589 459
589 460
589 461
589 462
589 463
589 467
589 468
589 469
589 470
589 476
589 478
589 485
589 486
589 487
589 502
589 515
589 518
589 519
589 523
589 524
589 525
589 526
589 527
589 531
589 534
589 540
589 542
589 549
589 550
589 551
589 579
589 582
589 583
589 587
589 588
589 590
589 591
589 597
589 613
589 615
589 643
589 646
589 647
589 651
589 652
589 653
589 654
589 655
589 659
589 660
589 661
589 677
589 678
589 679
589 692
589 707
589 710
589 711
589 715
589 716
589 717
589 719
589 723
589 725
589 743
589 780
589 781
589 782
589 783
589 807
589 835
589 838
589 843
589 844
589 845
589 846
589 847
589 853
589 854
589 871
589 884
589 899
589 902
589 907
589 908
589 909
589 910
589 911
589 915
589 918
589 924
589 926
589 933
589 934
589 935
589 948
589 963
589 966
589 967
589 971
589 972
589 973
589 974
589 975
589 978
589 979
589 980
589 981
589 982
589 997
589 998
589 999
589 1001
589 1012
589 1027
589 1030
589 1035
589 1036
589 1037
589 1038
589 1039
589 1046
589 1063
589 1076
589 1091
589 1094
589 1095
589 1100
589 1101
589 1102
589 1103
589 1107
589 1126
589 1127
589 1140
589 1155
589 1164
589 1165
589 1166
589 1167
589 1171
589 1190
589 1191
589 1204
589 1219
589 1222
589 1223
589 1227
589 1228
589 1229
589 1230
589 1231
589 1235
589 1237
589 1254
589 1255
589 1268
590 6
590 12
590 13
590 14
590 15
590 19
590 38
590 76
590 78
590 79
590 134
590 140
590 141
590 142
590 143
590 147
590 156
590 198
590 203
590 204
590 205
590 206
590 207
590 213
590 230
590 231
590 262
590 267
590 268
590 269
590 271
590 286
590 295
590 323
590 324
590 326
590 327
590 331
590 332
590 333
590 334
590 335
590 339
590 341
590 348
590 356
590 357
590 358
590 359
590 372
590 387
590 390
590 391
590 395
590 396
590 397
590 398
590 399
590 403
590 404
590 405
590 406
590 421
590 422
590 423
590 435
590 451
590 452
590 454
590 455
590 459
590 460
590 461
590 462
590 463
590 467
590 468
590 469
590 470
590 476
590 478
590 485
590 486
590 487
590 502
590 515
590 518
590 519
590 523
590 524
590 525
590 526
590 527
590 531
590 534
590 540
590 542
590 549
590 550
590 551
590 579
590 582
590 583
590 587
590 588
590 589
590 591
590 597
590 613
590 615
590 643
590 646
590 647
590 651
590 652
590 653
590 654
590 655
590 659
590 660
590 661
590 677
590 678
590 679
590 692
590 707
590 710
590 711
590 715
590 716
590 717
590 718
590 719
590 723
590 725
590 743
590 780
590 781
590 782
590 783
590 807
590 835
590 838
590 843
590 844
590 845
590 846
590 847
590 853
590 854
590 871
590 884
590 899
590 902
590 907
590 908
590 909
590 910
590 911
590 915
590 918
590 924
590 926
590 933
590 934
590 935
590 948
590 963
590 966
590 967
590 971
590 972
590 973
590 974
590 975
590 978
590 979
590 980
590 981
590 982
590 997
590 998
590 999
590 1001
590 1012
590 1027
590 1030
590 1035
590 1036
590 1037
590 1038
590 1039
590 1046
590 1063
590 1076
590 1091
590 1094
590 1095
590 1100
590 1101
590 1102
590 1103
590 1107
590 1126
590 1127
590 1140
590 1155
590 1164
590 1165
590 1166
590 1167
590 1171
590 1190
590 1191
590 1204
590 1219
590 1222
590 1223
590 1227
590 1228
590 1229
590 1230
590 1231
590 1235
590 1237
590 1254
590 1255
590 1268
591 6
591 12
591 13
591 14
591 15
591 19
591 38
591 76
591 140
591 141
591 142
591 143
591 198
591 204
591 206
591 207
591 230
591 262
591 268
591 269
591 271
591 326
591 331
591 332
591 333
591 334
591 335
591 339
591 348
591 356
591 357
591 358
591 359
591 372
591 387
591 390
591 395
591 396
591 397
591 398
591 399
591 403
591 405
591 406
591 422
591 423
591 451
591 454
591 455
591 459
591 460
591 461
591 462
591 463
591 467
591 468
591 469
591 470
591 485
591 486
591 487
591 515
591 519
591 523
591 524
591 525
591 526
591 527
591 534
591 540
591 549
591 550
591 551
591 579
591 582
591 583
591 587
591 588
591 589
591 590
591 615
591 643
591 646
591 651
591 652
591 653
591 654
591 655
591 659
591 661
591 678
591 679
591 707
591 716
591 717
591 719
591 743
591 780
591 781
591 783
591 807
591 835
591 838
591 843
591 844
591 845
591 846
591 847
591 853
591 871
591 884
591 899
591 902
591 907
591 908
591 909
591 910
591 911
591 915
591 924
591 933
591 934
591 935
591 948
591 963
591 966
591 971
591 972
591 973
591 974
591 975
591 978
591 979
591 980
591 981
591 982
591 997
591 998
591 999
591 1001
591 1012
591 1027
591 1036
591 1037
591 1039
591 1063
591 1076
591 1091
591 1100
591 1101
591 1102
591 1103
591 1107
591 1126
591 1127
591 1140
591 1155
591 1164
591 1165
591 1167
591 1191
591 1204
591 1219
591 1222
591 1223
591 1228
591 1229
591 1230
591 1231
591 1235
591 1254
591 1255
591 1268
592 400
592 457
592 464
592 528
592 656
592 720
592 784
592 976
592 1218
593 401
593 465
593 529
593 657
593 721
593 785
594 7
594 11
594 20
594 28
594 32
594 37
594 70
594 71
594 75
594 83
594 132
594 146
594 148
594 149
594 150
594 158
594 164
594 166
594 167
594 195
594 196
594 212
594 214
594 220
594 222
594 228
594 259
594 263
594 270
594 275
594 277
594 278
594 292
594 293
594 294
594 305
594 340
594 351
594 354
594 366
594 369
594 388
594 394
594 402
594 408
594 411
594 415
594 418
594 420
594 438
594 449
594 458
594 466
594 472
594 477
594 484
594 489
594 494
594 497
594 500
594 514
594 516
594 530
594 532
594 533
594 541
594 561
594 564
594 596
594 604
594 606
594 608
594 610
594 614
594 617
594 625
594 640
594 657
594 658
594 670
594 676
594 681
594 689
594 691
594 722
594 724
594 726
594 731
594 732
594 742
594 771
594 779
594 786
594 787
594 805
594 820
594 855
594 862
594 863
594 864
594 868
594 869
594 870
594 897
594 903
594 906
594 913
594 916
594 930
594 932
594 941
594 960
594 962
594 964
594 970
594 983
594 984
594 988
594 991
594 992
594 994
594 996
594 1011
594 1031
594 1034
594 1043
594 1044
594 1052
594 1056
594 1058
594 1060
594 1061
594 1092
594 1099
594 1108
594 1109
594 1110
594 1115
594 1116
594 1118
594 1125
594 1139
594 1156
594 1158
594 1159
594 1163
594 1174
594 1180
594 1188
594 1216
594 1220
594 1226
594 1234
594 1236
594 1238
594 1239
594 1246
594 1250
594 1252
594 1269
595 6
595 7
595 11
595 13
595 14
595 19
595 20
595 21
595 22
595 28
595 38
595 71
595 76
595 78
595 79
595 134
595 135
595 139
595 141
595 142
595 147
595 150
595 156
595 158
595 164
595 166
595 167
595 196
595 198
595 199
595 203
595 205
595 206
595 207
595 211
595 212
595 213
595 214
595 222
595 230
595 231
595 259
595 262
595 263
595 267
595 269
595 275
595 277
595 278
595 286
595 293
595 294
595 295
595 323
595 324
595 326
595 327
595 331
595 333
595 334
595 339
595 340
595 341
595 342
595 347
595 348
595 351
595 354
595 356
595 357
595 358
595 359
595 366
595 369
595 372
595 387
595 388
595 391
595 394
595 395
595 397
595 403
595 404
595 405
595 406
595 408
595 415
595 418
595 420
595 421
595 422
595 423
595 433
595 435
595 438
595 449
595 451
595 452
595 455
595 458
595 459
595 461
595 462
595 463
595 467
595 468
595 469
595 470
595 476
595 478
595 484
595 485
595 486
595 487
595 494
595 497
595 500
595 502
595 515
595 516
595 518
595 519
595 523
595 526
595 531
595 532
595 533
595 534
595 540
595 541
595 542
595 548
595 549
595 551
595 561
595 564
595 579
595 582
595 583
595 587
595 596
595 597
595 598
595 604
595 606
595 608
595 610
595 613
595 614
595 615
595 625
595 640
595 643
595 646
595 647
595 651
595 657
595 659
595 660
595 661
595 662
595 668
595 674
595 676
595 677
595 678
595 679
595 689
595 691
595 692
595 707
595 710
595 711
595 715
595 716
595 717
595 718
595 719
595 723
595 725
595 731
595 732
595 742
595 743
595 771
595 774
595 775
595 779
595 781
595 782
595 783
595 787
595 805
595 807
595 820
595 835
595 838
595 839
595 843
595 846
595 847
595 851
595 853
595 854
595 855
595 862
595 868
595 869
595 870
595 871
595 884
595 902
595 906
595 907
595 910
595 911
595 915
595 916
595 917
595 918
595 924
595 926
595 930
595 933
595 934
595 935
595 948
595 960
595 961
595 962
595 966
595 967
595 970
595 971
595 974
595 978
595 979
595 980
595 981
595 982
595 990
595 991
595 997
595 998
595 1001
595 1009
595 1012
595 1014
595 1027
595 1030
595 1031
595 1034
595 1035
595 1037
595 1038
595 1039
595 1043
595 1044
595 1045
595 1046
595 1052
595 1056
595 1058
595 1061
595 1062
595 1063
595 1076
595 1091
595 1094
595 1095
595 1099
595 1101
595 1102
595 1107
595 1110
595 1116
595 1125
595 1126
595 1127
595 1140
595 1155
595 1158
595 1163
595 1165
595 1166
595 1167
595 1171
595 1174
595 1188
595 1190
595 1191
595 1204
595 1216
595 1220
595 1222
595 1223
595 1227
595 1230
595 1235
595 1236
595 1237
595 1238
595 1246
595 1252
595 1253
595 1254
595 1255
595 1268
595 1269
596 7
596 11
596 20
596 21
596 22
596 28
596 32
596 70
596 71
596 78
596 79
596 83
596 132
596 135
596 139
596 146
596 148
596 149
596 150
596 158
596 164
596 166
596 167
596 195
596 196
596 199
596 205
596 211
596 212
596 214
596 222
596 228
596 259
596 263
596 270
596 275
596 277
596 278
596 286
596 292
596 293
596 294
596 305
596 323
596 324
596 340
596 342
596 347
596 351
596 354
596 366
596 369
596 388
596 394
596 402
596 404
596 408
596 411
596 415
596 418
596 420
596 421
596 433
596 438
596 449
596 458
596 468
596 472
596 484
596 489
596 494
596 497
596 500
596 502
596 516
596 530
596 531
596 532
596 533
596 541
596 548
596 561
596 564
596 594
596 595
596 597
596 598
596 604
596 606
596 608
596 610
596 613
596 614
596 617
596 625
596 640
596 647
596 657
596 660
596 662
596 668
596 670
596 674
596 676
596 677
596 689
596 691
596 710
596 718
596 723
596 724
596 725
596 726
596 731
596 732
596 742
596 771
596 774
596 775
596 779
596 787
596 788
596 805
596 820
596 839
596 851
596 855
596 862
596 864
596 868
596 869
596 870
596 897
596 903
596 906
596 913
596 916
596 917
596 930
596 960
596 961
596 962
596 964
596 970
596 984
596 988
596 990
596 991
596 992
596 994
596 996
596 1009
596 1011
596 1014
596 1030
596 1031
596 1034
596 1035
596 1043
596 1044
596 1045
596 1046
596 1052
596 1056
596 1058
596 1060
596 1061
596 1062
596 1092
596 1099
596 1108
596 1109
596 1110
596 1116
596 1118
596 1125
596 1139
596 1156
596 1158
596 1163
596 1174
596 1180
596 1188
596 1216
596 1220
596 1226
596 1227
596 1234
596 1236
596 1238
596 1239
596 1246
596 1250
596 1252
596 1253
596 1269
597 6
597 7
597 11
597 13
597 14
597 19
597 20
597 21
597 22
597 28
597 38
597 71
597 76
597 78
597 79
597 134
597 135
597 139
597 140
597 141
597 142
597 143
597 147
597 156
597 158
597 164
597 166
597 167
597 196
597 198
597 199
597 203
597 204
597 205
597 206
597 207
597 211
597 212
597 213
597 214
597 222
597 230
597 231
597 262
597 263
597 267
597 269
597 275
597 277
597 286
597 293
597 294
597 295
597 323
597 324
597 326
597 327
597 331
597 333
597 334
597 339
597 340
597 341
597 342
597 347
597 348
597 351
597 354
597 356
597 357
597 358
597 359
597 366
597 369
597 372
597 387
597 388
597 390
597 391
597 394
597 395
597 397
597 403
597 404
597 405
597 406
597 408
597 415
597 418
597 420
597 421
597 422
597 423
597 433
597 435
597 438
597 449
597 451
597 452
597 454
597 455
597 458
597 459
597 461
597 462
597 463
597 467
597 468
597 469
597 470
597 476
597 478
597 484
597 485
597 486
597 487
597 494
597 497
597 500
597 502
597 515
597 516
597 518
597 519
597 523
597 525
597 526
597 531
597 532
597 533
597 534
597 540
597 541
597 542
597 548
597 549
597 551
597 561
597 564
597 579
597 582
597 583
597 587
597 588
597 589
597 590
597 595
597 596
597 598
597 604
597 606
597 608
597 610
597 613
597 614
597 615
597 625
597 643
597 646
597 647
597 651
597 653
597 659
597 660
597 661
597 662
597 668
597 674
597 676
597 677
597 678
597 679
597 691
597 692
597 707
597 710
597 711
597 715
597 716
597 717
597 718
597 719
597 723
597 725
597 731
597 732
597 742
597 743
597 771
597 774
597 775
597 779
597 780
597 781
597 782
597 783
597 787
597 789
597 805
597 807
597 820
597 835
597 838
597 839
597 843
597 846
597 847
597 851
597 853
597 854
597 862
597 868
597 869
597 870
597 871
597 884
597 902
597 906
597 907
597 910
597 911
597 915
597 916
597 917
597 918
597 924
597 926
597 930
597 933
597 934
597 935
597 948
597 960
597 961
597 966
597 967
597 971
597 974
597 978
597 979
597 980
597 981
597 982
597 990
597 991
597 997
597 998
597 1001
597 1009
597 1012
597 1014
597 1027
597 1030
597 1031
597 1034
597 1035
597 1037
597 1038
597 1039
597 1043
597 1044
597 1045
597 1046
597 1052
597 1056
597 1058
597 1061
597 1062
597 1063
597 1076
597 1091
597 1094
597 1095
597 1099
597 1101
597 1102
597 1103
597 1107
597 1110
597 1116
597 1125
597 1126
597 1127
597 1140
597 1155
597 1158
597 1163
597 1165
597 1166
597 1167
597 1171
597 1174
597 1190
597 1191
597 1204
597 1216
597 1220
597 1222
597 1223
597 1227
597 1230
597 1231
597 1235
597 1236
597 1237
597 1238
597 1246
597 1252
597 1253
597 1254
597 1255
597 1268
597 1269
598 6
598 7
598 11
598 13
598 14
598 19
598 20
598 21
598 22
598 28
598 38
598 71
598 76
598 78
598 79
598 134
598 135
598 139
598 141
598 147
598 150
598 156
598 158
598 164
598 166
598 167
598 196
598 198
598 199
598 203
598 205
598 206
598 207
598 211
598 212
598 213
598 214
598 222
598 230
598 231
598 259
598 262
598 263
598 267
598 269
598 275
598 277
598 278
598 286
598 293
598 294
598 295
598 323
598 324
598 327
598 331
598 339
598 340
598 341
598 342
598 347
598 348
598 351
598 354
598 356
598 357
598 358
598 366
598 369
598 372
598 387
598 388
598 391
598 394
598 395
598 404
598 405
598 406
598 408
598 415
598 418
598 420
598 421
598 422
598 433
598 435
598 438
598 449
598 451
598 452
598 455
598 458
598 459
598 461
598 462
598 468
598 470
598 476
598 478
598 484
598 485
598 486
598 487
598 494
598 497
598 500
598 502
598 515
598 516
598 518
598 519
598 523
598 526
598 531
598 532
598 533
598 534
598 540
598 541
598 542
598 548
598 549
598 551
598 561
598 564
598 579
598 582
598 583
598 587
598 595
598 596
598 597
598 604
598 606
598 608
598 610
598 613
598 614
598 615
598 625
598 640
598 643
598 646
598 647
598 651
598 657
598 660
598 661
598 662
598 668
598 674
598 676
598 677
598 678
598 689
598 691
598 692
598 707
598 710
598 711
598 715
598 716
598 717
598 718
598 719
598 723
598 725
598 726
598 731
598 732
598 742
598 743
598 771
598 774
598 775
598 779
598 781
598 782
598 783
598 787
598 790
598 805
598 807
598 820
598 835
598 838
598 839
598 843
598 846
598 847
598 851
598 853
598 854
598 855
598 862
598 864
598 868
598 869
598 870
598 884
598 902
598 906
598 907
598 911
598 915
598 916
598 917
598 918
598 924
598 926
598 930
598 933
598 934
598 948
598 960
598 961
598 962
598 966
598 967
598 970
598 971
598 974
598 978
598 979
598 980
598 981
598 982
598 990
598 991
598 997
598 998
598 1001
598 1009
598 1014
598 1027
598 1030
598 1031
598 1034
598 1035
598 1037
598 1038
598 1039
598 1043
598 1044
598 1045
598 1046
598 1052
598 1056
598 1058
598 1061
598 1062
598 1063
598 1076
598 1091
598 1094
598 1095
598 1099
598 1102
598 1107
598 1108
598 1109
598 1110
598 1116
598 1125
598 1126
598 1127
598 1140
598 1155
598 1156
598 1158
598 1163
598 1165
598 1166
598 1167
598 1171
598 1174
598 1188
598 1190
598 1191
598 1204
598 1216
598 1220
598 1222
598 1223
598 1227
598 1230
598 1235
598 1236
598 1237
598 1238
598 1246
598 1252
598 1253
598 1254
598 1255
598 1268
598 1269
599 407
599 471
599 535
599 663
599 727
599 791
599 893
600 408
600 472
600 536
600 664
600 728
600 792
600 833
601 311
601 409
601 473
601 537
601 665
601 729
601 793
602 154
602 310
602 410
602 474
602 538
602 666
602 730
602 794
602 878
603 257
603 411
603 475
603 539
603 666
603 667
603 731
603 795
604 7
604 11
604 13
604 14
604 19
604 20
604 21
604 22
604 28
604 32
604 38
604 71
604 76
604 78
604 79
604 134
604 135
604 139
604 141
604 146
604 147
604 148
604 149
604 150
604 156
604 158
604 164
604 166
604 167
604 196
604 198
604 199
604 203
604 205
604 211
604 212
604 213
604 214
604 222
604 230
604 231
604 259
604 262
604 263
604 267
604 269
604 275
604 277
604 278
604 286
604 293
604 294
604 295
604 323
604 324
604 327
604 340
604 341
604 342
604 347
604 348
604 351
604 354
604 356
604 357
604 366
604 369
604 372
604 388
604 391
604 394
604 395
604 404
604 406
604 408
604 411
604 412
604 415
604 418
604 420
604 421
604 433
604 435
604 438
604 449
604 451
604 452
604 458
604 459
604 462
604 468
604 470
604 476
604 478
604 484
604 494
604 497
604 500
604 502
604 516
604 518
604 531
604 532
604 533
604 534
604 540
604 541
604 542
604 548
604 549
604 561
604 564
604 579
604 583
604 594
604 595
604 596
604 597
604 598
604 606
604 608
604 610
604 613
604 614
604 625
604 640
604 646
604 647
604 651
604 657
604 660
604 661
604 662
604 668
604 674
604 676
604 677
604 678
604 689
604 691
604 692
604 707
604 710
604 711
604 715
604 718
604 723
604 725
604 726
604 731
604 732
604 742
604 743
604 771
604 774
604 775
604 779
604 781
604 782
604 783
604 787
604 796
604 805
604 807
604 820
604 839
604 843
604 846
604 851
604 853
604 854
604 855
604 862
604 864
604 868
604 869
604 870
604 897
604 903
604 906
604 907
604 916
604 917
604 918
604 924
604 926
604 930
604 934
604 960
604 961
604 962
604 964
604 967
604 970
604 978
604 980
604 981
604 988
604 990
604 991
604 992
604 997
604 1001
604 1009
604 1011
604 1014
604 1030
604 1031
604 1034
604 1035
604 1038
604 1043
604 1044
604 1045
604 1046
604 1052
604 1056
604 1058
604 1061
604 1062
604 1076
604 1094
604 1095
604 1099
604 1102
604 1107
604 1108
604 1109
604 1110
604 1116
604 1125
604 1126
604 1156
604 1158
604 1163
604 1166
604 1167
604 1171
604 1174
604 1180
604 1188
604 1190
604 1191
604 1204
604 1216
604 1220
604 1223
604 1227
604 1236
604 1237
604 1238
604 1246
604 1252
604 1253
604 1269
605 138
605 337
605 413
605 477
605 541
605 669
605 733
605 797
606 7
606 11
606 13
606 14
606 19
606 20
606 21
606 22
606 28
606 32
606 38
606 71
606 76
606 78
606 79
606 134
606 135
606 139
606 141
606 146
606 147
606 148
606 149
606 150
606 156
606 158
606 164
606 166
606 167
606 196
606 198
606 199
606 203
606 205
606 211
606 212
606 213
606 214
606 222
606 228
606 231
606 259
606 262
606 263
606 267
606 269
606 270
606 275
606 277
606 278
606 286
606 293
606 294
606 295
606 323
606 324
606 327
606 340
606 341
606 342
606 347
606 348
606 351
606 354
606 357
606 366
606 369
606 372
606 388
606 391
606 394
606 404
606 406
606 408
606 411
606 414
606 415
606 418
606 420
606 421
606 433
606 435
606 438
606 449
606 451
606 452
606 458
606 459
606 462
606 468
606 476
606 478
606 484
606 489
606 494
606 497
606 500
606 502
606 516
606 518
606 531
606 532
606 533
606 534
606 540
606 541
606 542
606 548
606 549
606 561
606 564
606 583
606 594
606 595
606 596
606 597
606 598
606 604
606 608
606 610
606 613
606 614
606 625
606 640
606 646
606 647
606 651
606 657
606 660
606 661
606 662
606 668
606 670
606 674
606 676
606 677
606 678
606 689
606 691
606 692
606 710
606 711
606 715
606 718
606 723
606 725
606 726
606 731
606 732
606 734
606 742
606 743
606 771
606 774
606 775
606 779
606 782
606 783
606 787
606 798
606 805
606 807
606 820
606 839
606 843
606 851
606 853
606 854
606 855
606 862
606 864
606 868
606 869
606 870
606 897
606 903
606 906
606 916
606 917
606 918
606 924
606 926
606 930
606 934
606 960
606 961
606 962
606 964
606 967
606 970
606 978
606 980
606 984
606 988
606 990
606 991
606 992
606 996
606 997
606 1001
606 1009
606 1011
606 1014
606 1030
606 1031
606 1034
606 1035
606 1038
606 1043
606 1044
606 1045
606 1046
606 1052
606 1056
606 1058
606 1060
606 1061
606 1062
606 1094
606 1095
606 1099
606 1102
606 1107
606 1108
606 1109
606 1110
606 1116
606 1125
606 1126
606 1156
606 1158
606 1163
606 1166
606 1167
606 1171
606 1174
606 1180
606 1188
606 1190
606 1191
606 1216
606 1220
606 1223
606 1227
606 1236
606 1237
606 1238
606 1246
606 1252
606 1253
606 1269
607 412
607 415
607 479
607 543
607 671
607 735
607 799
607 814
608 7
608 11
608 20
608 21
608 22
608 28
608 32
608 70
608 71
608 78
608 79
608 135
608 139
608 146
608 148
608 149
608 150
608 158
608 164
608 166
608 167
608 195
608 196
608 199
608 205
608 211
608 212
608 213
608 214
608 222
608 228
608 259
608 263
608 267
608 270
608 275
608 277
608 278
608 286
608 292
608 293
608 294
608 305
608 323
608 324
608 340
608 341
608 342
608 347
608 351
608 354
608 366
608 369
608 388
608 391
608 394
608 402
608 404
608 408
608 411
608 415
608 416
608 418
608 420
608 421
608 433
608 435
608 438
608 449
608 458
608 472
608 480
608 484
608 489
608 494
608 497
608 500
608 502
608 516
608 518
608 530
608 531
608 532
608 533
608 541
608 544
608 548
608 561
608 564
608 594
608 595
608 596
608 597
608 598
608 604
608 606
608 610
608 613
608 614
608 625
608 640
608 647
608 657
608 660
608 662
608 668
608 670
608 672
608 674
608 676
608 677
608 689
608 691
608 710
608 718
608 723
608 725
608 726
608 731
608 732
608 736
608 742
608 771
608 774
608 775
608 779
608 782
608 787
608 800
608 805
608 820
608 839
608 851
608 854
608 855
608 862
608 864
608 868
608 869
608 870
608 897
608 903
608 906
608 913
608 916
608 917
608 918
608 926
608 930
608 960
608 961
608 962
608 964
608 970
608 984
608 988
608 990
608 991
608 992
608 996
608 1009
608 1011
608 1014
608 1030
608 1031
608 1034
608 1035
608 1038
608 1043
608 1044
608 1045
608 1046
608 1052
608 1056
608 1058
608 1060
608 1061
608 1062
608 1092
608 1095
608 1099
608 1108
608 1109
608 1110
608 1116
608 1118
608 1125
608 1139
608 1156
608 1158
608 1163
608 1174
608 1180
608 1188
608 1216
608 1220
608 1226
608 1227
608 1234
608 1236
608 1238
608 1246
608 1250
608 1252
608 1253
608 1269
609 417
609 429
609 481
609 545
609 673
609 737
609 801
610 7
610 11
610 20
610 21
610 22
610 28
610 32
610 70
610 71
610 78
610 79
610 134
610 135
610 139
610 146
610 147
610 148
610 149
610 150
610 156
610 158
610 164
610 166
610 167
610 195
610 196
610 199
610 205
610 211
610 212
610 213
610 214
610 222
610 228
610 259
610 263
610 267
610 270
610 275
610 277
610 278
610 286
610 292
610 293
610 294
610 295
610 305
610 323
610 324
610 327
610 340
610 341
610 342
610 347
610 351
610 354
610 366
610 369
610 388
610 391
610 394
610 404
610 408
610 411
610 415
610 418
610 420
610 421
610 433
610 435
610 438
610 449
610 458
610 472
610 478
610 482
610 484
610 489
610 494
610 497
610 500
610 502
610 516
610 518
610 531
610 532
610 533
610 541
610 542
610 546
610 548
610 561
610 564
610 594
610 595
610 596
610 597
610 598
610 604
610 606
610 608
610 613
610 614
610 625
610 640
610 647
610 657
610 660
610 662
610 668
610 670
610 674
610 676
610 677
610 689
610 691
610 710
610 718
610 723
610 725
610 726
610 731
610 732
610 738
610 742
610 771
610 774
610 775
610 779
610 782
610 783
610 787
610 802
610 805
610 820
610 839
610 851
610 854
610 855
610 862
610 864
610 868
610 869
610 870
610 897
610 903
610 906
610 916
610 917
610 918
610 926
610 930
610 960
610 961
610 962
610 964
610 970
610 984
610 988
610 990
610 991
610 992
610 996
610 1009
610 1011
610 1014
610 1030
610 1031
610 1034
610 1035
610 1038
610 1043
610 1044
610 1045
610 1046
610 1052
610 1056
610 1058
610 1060
610 1061
610 1062
610 1092
610 1095
610 1099
610 1108
610 1109
610 1110
610 1116
610 1118
610 1125
610 1139
610 1156
610 1158
610 1163
610 1166
610 1171
610 1174
610 1180
610 1188
610 1216
610 1220
610 1226
610 1227
610 1236
610 1237
610 1238
610 1246
610 1252
610 1253
610 1269
611 419
611 464
611 483
611 547
611 675
611 739
611 803
612 37
612 70
612 75
612 83
612 131
612 132
612 146
612 148
612 149
612 195
612 220
612 228
612 270
612 273
612 279
612 288
612 292
612 305
612 308
612 402
612 420
612 472
612 477
612 484
612 489
612 514
612 530
612 548
612 617
612 644
612 658
612 670
612 676
612 681
612 724
612 728
612 740
612 804
612 836
612 863
612 913
612 932
612 941
612 983
612 984
612 994
612 996
612 1051
612 1060
612 1092
612 1115
612 1118
612 1139
612 1159
612 1172
612 1217
612 1226
612 1234
612 1239
612 1250
613 6
613 7
613 11
613 13
613 14
613 15
613 19
613 20
613 21
613 22
613 28
613 38
613 71
613 76
613 78
613 79
613 134
613 135
613 139
613 140
613 141
613 142
613 143
613 147
613 156
613 158
613 164
613 166
613 167
613 196
613 198
613 199
613 203
613 204
613 205
613 206
613 207
613 211
613 212
613 213
613 214
613 222
613 230
613 231
613 262
613 263
613 267
613 269
613 275
613 277
613 286
613 293
613 294
613 295
613 323
613 324
613 326
613 327
613 331
613 333
613 334
613 339
613 340
613 341
613 342
613 347
613 348
613 351
613 354
613 356
613 357
613 358
613 359
613 366
613 369
613 372
613 387
613 388
613 390
613 391
613 394
613 395
613 397
613 403
613 404
613 405
613 406
613 408
613 415
613 418
613 420
613 421
613 422
613 423
613 433
613 435
613 438
613 449
613 451
613 452
613 454
613 455
613 458
613 459
613 461
613 462
613 463
613 467
613 468
613 469
613 470
613 476
613 478
613 484
613 485
613 486
613 487
613 494
613 497
613 500
613 502
613 515
613 516
613 518
613 519
613 523
613 525
613 526
613 531
613 532
613 533
613 534
613 540
613 541
613 542
613 548
613 549
613 551
613 561
613 564
613 579
613 582
613 583
613 587
613 588
613 589
613 590
613 595
613 596
613 597
613 598
613 604
613 606
613 608
613 610
613 614
613 615
613 625
613 643
613 646
613 647
613 651
613 653
613 659
613 660
613 661
613 662
613 668
613 674
613 676
613 677
613 678
613 679
613 691
613 692
613 707
613 710
613 711
613 715
613 716
613 717
613 718
613 719
613 723
613 725
613 731
613 732
613 741
613 742
613 743
613 771
613 774
613 775
613 779
613 780
613 781
613 782
613 783
613 787
613 805
613 807
613 820
613 835
613 838
613 839
613 843
613 846
613 847
613 851
613 853
613 854
613 862
613 868
613 869
613 870
613 871
613 884
613 902
613 906
613 907
613 910
613 911
613 915
613 916
613 917
613 918
613 924
613 926
613 930
613 933
613 934
613 935
613 948
613 960
613 961
613 966
613 967
613 971
613 974
613 978
613 979
613 980
613 981
613 982
613 990
613 991
613 997
613 998
613 1001
613 1009
613 1012
613 1014
613 1027
613 1030
613 1031
613 1034
613 1035
613 1037
613 1038
613 1039
613 1043
613 1044
613 1045
613 1046
613 1052
613 1056
613 1058
613 1061
613 1062
613 1063
613 1076
613 1091
613 1094
613 1095
613 1099
613 1100
613 1101
613 1102
613 1103
613 1107
613 1110
613 1116
613 1125
613 1126
613 1127
613 1140
613 1155
613 1158
613 1163
613 1165
613 1166
613 1167
613 1171
613 1174
613 1190
613 1191
613 1204
613 1216
613 1220
613 1222
613 1223
613 1227
613 1230
613 1231
613 1235
613 1236
613 1237
613 1238
613 1246
613 1252
613 1253
613 1254
613 1255
613 1268
613 1269
614 6
614 7
614 11
614 13
614 14
614 19
614 20
614 21
614 22
614 28
614 32
614 38
614 71
614 76
614 78
614 79
614 134
614 135
614 139
614 141
614 147
614 150
614 156
614 158
614 164
614 166
614 167
614 196
614 198
614 199
614 203
614 205
614 206
614 207
614 211
614 212
614 213
614 214
614 222
614 230
614 231
614 259
614 262
614 263
614 267
614 269
614 275
614 277
614 278
614 286
614 293
614 294
614 295
614 323
614 324
614 327
614 331
614 339
614 340
614 341
614 342
614 347
614 348
614 351
614 354
614 356
614 357
614 358
614 366
614 369
614 372
614 387
614 388
614 391
614 394
614 395
614 404
614 406
614 408
614 411
614 415
614 418
614 420
614 421
614 422
614 433
614 435
614 438
614 449
614 451
614 452
614 455
614 458
614 459
614 462
614 468
614 470
614 476
614 478
614 484
614 485
614 486
614 494
614 497
614 500
614 502
614 516
614 518
614 519
614 523
614 531
614 532
614 533
614 534
614 540
614 541
614 542
614 548
614 549
614 550
614 551
614 561
614 564
614 579
614 583
614 587
614 594
614 595
614 596
614 597
614 598
614 604
614 606
614 608
614 610
614 613
614 625
614 640
614 643
614 646
614 647
614 651
614 657
614 660
614 661
614 662
614 668
614 674
614 676
614 677
614 678
614 689
614 691
614 692
614 707
614 710
614 711
614 715
614 718
614 719
614 723
614 725
614 726
614 731
614 732
614 742
614 743
614 771
614 774
614 775
614 779
614 781
614 782
614 783
614 787
614 805
614 806
614 807
614 820
614 835
614 838
614 839
614 843
614 846
614 847
614 851
614 853
614 854
614 855
614 862
614 864
614 868
614 869
614 870
614 884
614 897
614 903
614 906
614 907
614 915
614 916
614 917
614 918
614 924
614 926
614 930
614 933
614 934
614 948
614 960
614 961
614 962
614 964
614 967
614 970
614 978
614 979
614 980
614 981
614 982
614 988
614 990
614 991
614 992
614 997
614 1001
614 1009
614 1011
614 1014
614 1030
614 1031
614 1034
614 1035
614 1037
614 1038
614 1043
614 1044
614 1045
614 1046
614 1052
614 1056
614 1058
614 1061
614 1062
614 1076
614 1094
614 1095
614 1099
614 1102
614 1107
614 1108
614 1109
614 1110
614 1116
614 1125
614 1126
614 1155
614 1156
614 1158
614 1163
614 1166
614 1167
614 1171
614 1174
614 1180
614 1188
614 1190
614 1191
614 1204
614 1216
614 1220
614 1223
614 1227
614 1235
614 1236
614 1237
614 1238
614 1246
614 1252
614 1253
614 1254
614 1255
614 1268
614 1269
615 6
615 12
615 13
615 14
615 15
615 19
615 21
615 22
615 38
615 76
615 78
615 79
615 134
615 135
615 139
615 140
615 141
615 142
615 143
615 147
615 156
615 198
615 199
615 203
615 204
615 205
615 206
615 207
615 211
615 213
615 230
615 231
615 262
615 263
615 267
615 268
615 269
615 271
615 286
615 295
615 323
615 324
615 326
615 327
615 331
615 332
615 333
615 334
615 335
615 339
615 340
615 341
615 342
615 347
615 348
615 356
615 357
615 358
615 359
615 372
615 387
615 390
615 391
615 395
615 396
615 397
615 398
615 399
615 403
615 404
615 405
615 406
615 418
615 421
615 422
615 423
615 433
615 435
615 451
615 452
615 454
615 455
615 459
615 460
615 461
615 462
615 463
615 467
615 468
615 469
615 470
615 476
615 478
615 485
615 486
615 487
615 502
615 515
615 518
615 519
615 523
615 524
615 525
615 526
615 527
615 531
615 534
615 540
615 542
615 548
615 549
615 550
615 551
615 564
615 579
615 582
615 583
615 587
615 588
615 589
615 590
615 591
615 595
615 597
615 598
615 613
615 643
615 646
615 647
615 651
615 652
615 653
615 654
615 655
615 659
615 660
615 661
615 662
615 668
615 674
615 677
615 678
615 679
615 692
615 707
615 710
615 711
615 715
615 716
615 717
615 718
615 719
615 723
615 725
615 743
615 774
615 775
615 779
615 780
615 781
615 782
615 783
615 807
615 835
615 838
615 839
615 843
615 844
615 845
615 846
615 847
615 851
615 853
615 854
615 871
615 884
615 899
615 902
615 907
615 908
615 909
615 910
615 911
615 915
615 917
615 918
615 924
615 926
615 933
615 934
615 935
615 948
615 961
615 963
615 966
615 967
615 971
615 972
615 973
615 974
615 975
615 978
615 979
615 980
615 981
615 982
615 990
615 997
615 998
615 999
615 1001
615 1009
615 1012
615 1014
615 1027
615 1030
615 1035
615 1036
615 1037
615 1038
615 1039
615 1045
615 1046
615 1062
615 1063
615 1076
615 1091
615 1094
615 1095
615 1099
615 1100
615 1101
615 1102
615 1103
615 1107
615 1126
615 1127
615 1140
615 1155
615 1164
615 1165
615 1166
615 1167
615 1171
615 1190
615 1191
615 1204
615 1219
615 1222
615 1223
615 1227
615 1228
615 1229
615 1230
615 1231
615 1235
615 1237
615 1253
615 1254
615 1255
615 1268
616 424
616 488
616 552
616 680
616 744
616 808
617 20
617 32
617 37
617 70
617 75
617 83
617 132
617 146
617 148
617 149
617 150
617 164
617 195
617 212
617 220
617 228
617 259
617 270
617 273
617 278
617 279
617 288
617 292
617 293
617 305
617 366
617 388
617 402
617 408
617 411
617 425
617 472
617 477
617 489
617 514
617 530
617 541
617 553
617 594
617 596
617 612
617 640
617 644
617 657
617 658
617 670
617 681
617 689
617 691
617 724
617 726
617 728
617 742
617 745
617 809
617 820
617 855
617 863
617 864
617 897
617 903
617 913
617 930
617 932
617 941
617 962
617 964
617 970
617 983
617 984
617 988
617 992
617 994
617 996
617 1011
617 1060
617 1092
617 1108
617 1109
617 1115
617 1118
617 1139
617 1156
617 1159
617 1174
617 1180
617 1188
617 1217
617 1226
617 1234
617 1239
617 1250
618 426
618 490
618 554
618 682
618 746
618 810
619 427
619 491
619 535
619 555
619 683
619 693
619 747
619 811
619 1212
620 185
620 428
620 492
620 556
620 684
620 748
620 812
621 429
621 493
621 557
621 685
621 749
621 813
621 1273
622 430
622 494
622 558
622 686
622 750
622 814
623 431
623 495
623 559
623 687
623 751
623 815
624 432
624 496
624 560
624 688
624 752
624 816
625 6
625 7
625 11
625 13
625 14
625 19
625 20
625 21
625 22
625 28
625 32
625 38
625 71
625 76
625 78
625 79
625 134
625 135
625 139
625 141
625 146
625 147
625 150
625 156
625 158
625 164
625 166
625 167
625 196
625 198
625 199
625 203
625 205
625 206
625 207
625 211
625 212
625 213
625 214
625 222
625 230
625 231
625 259
625 262
625 263
625 267
625 269
625 275
625 277
625 278
625 286
625 293
625 294
625 295
625 323
625 324
625 327
625 331
625 339
625 340
625 341
625 342
625 347
625 348
625 351
625 354
625 356
625 357
625 358
625 366
625 369
625 372
625 387
625 388
625 391
625 394
625 395
625 404
625 406
625 408
625 411
625 415
625 418
625 420
625 421
625 422
625 433
625 435
625 438
625 449
625 451
625 452
625 455
625 458
625 459
625 462
625 468
625 470
625 476
625 478
625 484
625 485
625 494
625 497
625 500
625 502
625 516
625 518
625 519
625 523
625 531
625 532
625 533
625 534
625 540
625 541
625 542
625 548
625 549
625 561
625 564
625 579
625 583
625 587
625 594
625 595
625 596
625 597
625 598
625 604
625 606
625 608
625 610
625 613
625 614
625 640
625 643
625 646
625 647
625 651
625 657
625 660
625 661
625 662
625 668
625 674
625 676
625 677
625 678
625 689
625 691
625 692
625 707
625 710
625 711
625 715
625 718
625 723
625 725
625 726
625 731
625 732
625 742
625 743
625 753
625 771
625 774
625 775
625 779
625 781
625 782
625 783
625 787
625 805
625 807
625 817
625 820
625 839
625 843
625 846
625 847
625 851
625 853
625 854
625 855
625 862
625 864
625 868
625 869
625 870
625 884
625 897
625 903
625 906
625 907
625 915
625 916
625 917
625 918
625 924
625 926
625 930
625 933
625 934
625 948
625 960
625 961
625 962
625 964
625 967
625 970
625 978
625 980
625 981
625 982
625 988
625 990
625 991
625 992
625 997
625 1001
625 1009
625 1011
625 1014
625 1030
625 1031
625 1034
625 1035
625 1037
625 1038
625 1043
625 1044
625 1045
625 1046
625 1052
625 1056
625 1058
625 1061
625 1062
625 1076
625 1094
625 1095
625 1099
625 1102
625 1107
625 1108
625 1109
625 1110
625 1116
625 1125
625 1126
625 1155
625 1156
625 1158
625 1163
625 1166
625 1167
625 1171
625 1174
625 1180
625 1188
625 1190
625 1191
625 1204
625 1216
625 1220
625 1223
625 1227
625 1235
625 1236
625 1237
625 1238
625 1246
625 1252
625 1253
625 1254
625 1255
625 1269
626 434
626 482
626 498
626 562
626 690
626 754
626 818
626 947
627 416
627 435
627 499
627 563
627 691
627 755
627 819
628 9
628 73
628 133
628 197
628 261
628 329
628 393
628 436
628 453
628 500
628 517
628 564
628 581
628 649
628 692
628 713
628 756
628 777
628 820
628 837
628 901
628 965
628 1033
628 1097
628 1161
628 1221
629 437
629 501
629 565
629 693
629 757
629 821
629 944
630 438
630 502
630 566
630 694
630 758
630 822
631 218
631 439
631 503
631 567
631 695
631 759
631 823
632 367
632 440
632 504
632 568
632 696
632 760
632 801
632 824
633 441
633 505
633 569
633 697
633 761
633 825
633 1206
634 442
634 506
634 570
634 636
634 698
634 762
634 826
634 1068
635 43
635 443
635 507
635 529
635 571
635 699
635 763
635 827
636 444
636 508
636 572
636 634
636 700
636 764
636 828
636 1068
637 445
637 509
637 573
637 701
637 765
637 812
637 829
638 446
638 510
638 574
638 702
638 766
638 830
639 254
639 318
639 447
639 511
639 575
639 703
639 767
639 831
640 7
640 11
640 20
640 21
640 22
640 28
640 32
640 70
640 71
640 79
640 83
640 132
640 135
640 139
640 146
640 148
640 149
640 150
640 158
640 164
640 166
640 167
640 195
640 196
640 199
640 211
640 212
640 214
640 222
640 228
640 259
640 263
640 270
640 275
640 277
640 278
640 292
640 293
640 294
640 305
640 324
640 340
640 342
640 347
640 351
640 354
640 366
640 369
640 388
640 394
640 402
640 408
640 411
640 415
640 418
640 420
640 433
640 438
640 448
640 449
640 458
640 472
640 484
640 489
640 494
640 497
640 500
640 502
640 512
640 516
640 530
640 532
640 533
640 541
640 548
640 561
640 564
640 576
640 594
640 595
640 596
640 598
640 604
640 606
640 608
640 610
640 614
640 617
640 625
640 657
640 660
640 662
640 668
640 670
640 674
640 676
640 689
640 691
640 704
640 718
640 724
640 725
640 726
640 731
640 732
640 742
640 768
640 771
640 774
640 775
640 779
640 787
640 805
640 820
640 832
640 839
640 851
640 855
640 862
640 864
640 868
640 869
640 870
640 897
640 903
640 906
640 913
640 916
640 917
640 930
640 960
640 961
640 962
640 964
640 970
640 984
640 988
640 990
640 991
640 992
640 994
640 996
640 1009
640 1011
640 1014
640 1030
640 1031
640 1034
640 1035
640 1043
640 1044
640 1045
640 1046
640 1052
640 1056
640 1058
640 1060
640 1061
640 1062
640 1092
640 1099
640 1108
640 1109
640 1110
640 1116
640 1118
640 1125
640 1139
640 1156
640 1158
640 1163
640 1174
640 1180
640 1188
640 1216
640 1220
640 1226
640 1234
640 1236
640 1238
640 1239
640 1246
640 1250
640 1252
640 1253
640 1269
641 153
641 238
641 449
641 513
641 577
641 705
641 769
641 833
642 450
642 514
642 545
642 578
642 706
642 770
642 834
642 945
642 1173
643 6
643 12
643 13
643 14
643 15
643 19
643 21
643 22
643 38
643 76
643 78
643 79
643 134
643 135
643 139
643 140
643 141
643 142
643 143
643 147
643 156
643 198
643 199
643 203
643 204
643 205
643 206
643 207
643 211
643 213
643 214
643 222
643 230
643 231
643 262
643 263
643 267
643 268
643 269
643 271
643 275
643 286
643 295
643 323
643 324
643 326
643 327
643 331
643 332
643 333
643 334
643 335
643 339
643 340
643 341
643 342
643 347
643 348
643 356
643 357
643 358
643 359
643 372
643 387
643 390
643 391
643 395
643 396
643 397
643 398
643 399
643 403
643 404
643 405
643 406
643 418
643 421
643 422
643 423
643 433
643 435
643 451
643 452
643 454
643 455
643 459
643 460
643 461
643 462
643 463
643 467
643 468
643 469
643 470
643 476
643 478
643 485
643 486
643 487
643 497
643 502
643 515
643 518
643 519
643 523
643 524
643 525
643 526
643 527
643 531
643 534
643 540
643 542
643 548
643 549
643 550
643 551
643 564
643 579
643 582
643 583
643 587
643 588
643 589
643 590
643 591
643 595
643 597
643 598
643 613
643 614
643 615
643 625
643 646
643 647
643 651
643 652
643 653
643 654
643 655
643 659
643 660
643 661
643 662
643 668
643 674
643 677
643 678
643 679
643 692
643 707
643 710
643 711
643 715
643 716
643 717
643 718
643 719
643 723
643 725
643 731
643 743
643 771
643 774
643 775
643 779
643 780
643 781
643 782
643 783
643 807
643 835
643 838
643 839
643 843
643 844
643 845
643 846
643 847
643 851
643 853
643 854
643 862
643 868
643 871
643 884
643 899
643 902
643 907
643 908
643 909
643 910
643 911
643 915
643 916
643 917
643 918
643 924
643 926
643 933
643 934
643 935
643 948
643 961
643 963
643 966
643 967
643 971
643 972
643 973
643 974
643 975
643 978
643 979
643 980
643 981
643 982
643 990
643 997
643 998
643 999
643 1001
643 1009
643 1012
643 1014
643 1027
643 1030
643 1035
643 1036
643 1037
643 1038
643 1039
643 1043
643 1044
643 1045
643 1046
643 1062
643 1063
643 1076
643 1091
643 1094
643 1095
643 1099
643 1100
643 1101
643 1102
643 1103
643 1107
643 1126
643 1127
643 1140
643 1155
643 1164
643 1165
643 1166
643 1167
643 1171
643 1190
643 1191
643 1204
643 1219
643 1220
643 1222
643 1223
643 1227
643 1228
643 1229
643 1230
643 1231
643 1235
643 1236
643 1237
643 1238
643 1252
643 1253
643 1254
643 1255
643 1268
644 37
644 70
644 75
644 83
644 131
644 132
644 195
644 220
644 228
644 270
644 273
644 279
644 288
644 292
644 305
644 308
644 361
644 402
644 452
644 472
644 477
644 489
644 514
644 516
644 530
644 544
644 580
644 612
644 617
644 658
644 670
644 681
644 708
644 724
644 728
644 772
644 836
644 863
644 913
644 932
644 941
644 983
644 984
644 994
644 1051
644 1060
644 1092
644 1115
644 1118
644 1139
644 1159
644 1172
644 1184
644 1217
644 1226
644 1234
644 1239
644 1250
645 103
645 453
645 517
645 581
645 709
645 773
645 837
645 841
645 866
646 6
646 11
646 12
646 13
646 14
646 15
646 19
646 21
646 22
646 28
646 38
646 71
646 76
646 78
646 79
646 134
646 135
646 139
646 140
646 141
646 142
646 143
646 147
646 156
646 167
646 198
646 199
646 203
646 204
646 205
646 206
646 207
646 211
646 213
646 214
646 222
646 230
646 231
646 262
646 263
646 267
646 268
646 269
646 271
646 275
646 286
646 294
646 295
646 323
646 324
646 326
646 327
646 331
646 332
646 333
646 334
646 335
646 339
646 340
646 341
646 342
646 347
646 348
646 354
646 356
646 357
646 358
646 359
646 372
646 387
646 390
646 391
646 395
646 396
646 397
646 398
646 399
646 403
646 404
646 405
646 406
646 415
646 418
646 421
646 422
646 423
646 433
646 435
646 451
646 452
646 454
646 455
646 459
646 460
646 461
646 462
646 463
646 467
646 468
646 469
646 470
646 476
646 478
646 484
646 485
646 486
646 487
646 494
646 497
646 502
646 515
646 518
646 519
646 523
646 524
646 525
646 526
646 527
646 531
646 533
646 534
646 540
646 542
646 548
646 549
646 550
646 551
646 561
646 564
646 579
646 582
646 583
646 587
646 588
646 589
646 590
646 591
646 595
646 597
646 598
646 604
646 606
646 613
646 614
646 615
646 625
646 643
646 647
646 651
646 652
646 653
646 654
646 655
646 659
646 660
646 661
646 662
646 668
646 674
646 676
646 677
646 678
646 679
646 692
646 707
646 710
646 711
646 715
646 716
646 717
646 718
646 719
646 723
646 725
646 731
646 743
646 771
646 774
646 775
646 779
646 780
646 781
646 782
646 783
646 807
646 835
646 838
646 839
646 843
646 845
646 846
646 847
646 851
646 853
646 854
646 862
646 868
646 869
646 870
646 871
646 884
646 899
646 902
646 907
646 908
646 909
646 910
646 911
646 915
646 916
646 917
646 918
646 924
646 926
646 933
646 934
646 935
646 948
646 960
646 961
646 963
646 966
646 967
646 971
646 972
646 974
646 975
646 978
646 979
646 980
646 981
646 982
646 990
646 991
646 997
646 998
646 999
646 1001
646 1009
646 1012
646 1014
646 1027
646 1030
646 1031
646 1035
646 1036
646 1037
646 1038
646 1039
646 1043
646 1044
646 1045
646 1046
646 1052
646 1058
646 1062
646 1063
646 1076
646 1091
646 1094
646 1095
646 1099
646 1100
646 1101
646 1102
646 1103
646 1107
646 1116
646 1125
646 1126
646 1127
646 1140
646 1155
646 1164
646 1165
646 1166
646 1167
646 1171
646 1190
646 1191
646 1204
646 1216
646 1219
646 1220
646 1222
646 1223
646 1227
646 1228
646 1229
646 1230
646 1231
646 1235
646 1236
646 1237
646 1238
646 1246
646 1252
646 1253
646 1254
646 1255
646 1268
647 6
647 7
647 11
647 13
647 14
647 15
647 19
647 20
647 21
647 22
647 28
647 38
647 71
647 76
647 78
647 79
647 134
647 135
647 139
647 140
647 141
647 142
647 143
647 147
647 156
647 158
647 164
647 166
647 167
647 196
647 198
647 199
647 203
647 204
647 205
647 206
647 207
647 211
647 212
647 213
647 214
647 222
647 230
647 231
647 262
647 263
647 267
647 269
647 275
647 277
647 286
647 293
647 294
647 295
647 323
647 324
647 326
647 327
647 331
647 333
647 334
647 335
647 339
647 340
647 341
647 342
647 347
647 348
647 351
647 354
647 356
647 357
647 358
647 359
647 366
647 369
647 372
647 387
647 388
647 390
647 391
647 394
647 395
647 397
647 403
647 404
647 405
647 406
647 408
647 415
647 418
647 420
647 421
647 422
647 423
647 433
647 435
647 438
647 449
647 451
647 452
647 454
647 455
647 458
647 459
647 461
647 462
647 463
647 467
647 468
647 469
647 470
647 476
647 478
647 484
647 485
647 486
647 487
647 494
647 497
647 500
647 502
647 515
647 516
647 518
647 519
647 523
647 525
647 526
647 531
647 532
647 533
647 534
647 540
647 542
647 548
647 549
647 551
647 561
647 564
647 579
647 582
647 583
647 587
647 588
647 589
647 590
647 595
647 596
647 597
647 598
647 604
647 606
647 608
647 610
647 613
647 614
647 615
647 625
647 643
647 646
647 651
647 653
647 659
647 660
647 661
647 662
647 668
647 674
647 676
647 677
647 678
647 679
647 691
647 692
647 707
647 710
647 711
647 715
647 716
647 717
647 718
647 719
647 723
647 725
647 731
647 732
647 742
647 743
647 771
647 774
647 775
647 779
647 780
647 781
647 782
647 783
647 787
647 805
647 807
647 820
647 835
647 838
647 839
647 843
647 846
647 847
647 851
647 853
647 854
647 862
647 868
647 869
647 870
647 871
647 884
647 902
647 906
647 907
647 910
647 911
647 915
647 916
647 917
647 918
647 924
647 926
647 930
647 933
647 934
647 935
647 948
647 960
647 961
647 966
647 967
647 971
647 974
647 978
647 979
647 980
647 981
647 982
647 990
647 991
647 997
647 998
647 1001
647 1009
647 1012
647 1014
647 1027
647 1030
647 1031
647 1034
647 1035
647 1037
647 1038
647 1039
647 1043
647 1044
647 1045
647 1046
647 1052
647 1056
647 1058
647 1061
647 1062
647 1063
647 1076
647 1091
647 1094
647 1095
647 1099
647 1100
647 1101
647 1102
647 1103
647 1107
647 1110
647 1116
647 1125
647 1126
647 1127
647 1140
647 1155
647 1158
647 1163
647 1165
647 1166
647 1167
647 1171
647 1174
647 1190
647 1191
647 1204
647 1216
647 1220
647 1222
647 1223
647 1227
647 1230
647 1231
647 1235
647 1236
647 1237
647 1238
647 1246
647 1252
647 1253
647 1254
647 1255
647 1268
647 1269
648 431
648 456
648 520
648 584
648 712
648 776
648 840
649 9
649 73
649 133
649 197
649 261
649 329
649 393
649 453
649 457
649 517
649 521
649 581
649 585
649 628
649 713
649 777
649 837
649 841
649 901
649 965
649 1033
649 1097
649 1161
649 1221
650 458
650 522
650 586
650 714
650 778
650 842
651 6
651 11
651 12
651 13
651 14
651 15
651 19
651 21
651 22
651 28
651 38
651 71
651 76
651 78
651 79
651 134
651 135
651 139
651 140
651 141
651 142
651 143
651 147
651 156
651 167
651 198
651 199
651 203
651 204
651 205
651 206
651 207
651 211
651 213
651 214
651 222
651 230
651 231
651 262
651 263
651 267
651 268
651 269
651 271
651 275
651 286
651 294
651 295
651 323
651 324
651 326
651 327
651 331
651 332
651 333
651 334
651 335
651 339
651 340
651 341
651 342
651 347
651 348
651 354
651 356
651 357
651 358
651 359
651 372
651 387
651 390
651 391
651 395
651 396
651 397
651 398
651 399
651 403
651 404
651 405
651 406
651 415
651 418
651 421
651 422
651 423
651 433
651 435
651 449
651 451
651 452
651 454
651 455
651 459
651 461
651 462
651 463
651 467
651 468
651 469
651 470
651 476
651 478
651 484
651 485
651 486
651 487
651 494
651 497
651 500
651 502
651 515
651 516
651 518
651 519
651 523
651 524
651 525
651 526
651 527
651 531
651 533
651 534
651 540
651 542
651 548
651 549
651 550
651 551
651 561
651 564
651 579
651 582
651 583
651 587
651 588
651 589
651 590
651 591
651 595
651 597
651 598
651 604
651 606
651 613
651 614
651 615
651 625
651 643
651 646
651 647
651 652
651 653
651 654
651 655
651 659
651 660
651 661
651 662
651 668
651 674
651 676
651 677
651 678
651 679
651 692
651 707
651 710
651 711
651 715
651 716
651 717
651 718
651 719
651 723
651 725
651 731
651 743
651 771
651 774
651 775
651 779
651 780
651 781
651 782
651 783
651 787
651 805
651 807
651 835
651 838
651 839
651 843
651 845
651 846
651 847
651 851
651 853
651 854
651 862
651 868
651 869
651 870
651 871
651 884
651 899
651 902
651 907
651 908
651 909
651 910
651 911
651 915
651 916
651 917
651 918
651 924
651 926
651 933
651 934
651 935
651 948
651 960
651 961
651 963
651 966
651 967
651 971
651 972
651 974
651 975
651 978
651 979
651 980
651 981
651 982
651 990
651 991
651 997
651 998
651 999
651 1001
651 1009
651 1012
651 1014
651 1027
651 1030
651 1031
651 1035
651 1036
651 1037
651 1038
651 1039
651 1043
651 1044
651 1045
651 1046
651 1052
651 1056
651 1058
651 1062
651 1063
651 1076
651 1091
651 1094
651 1095
651 1099
651 1100
651 1101
651 1102
651 1103
651 1107
651 1110
651 1116
651 1125
651 1126
651 1127
651 1140
651 1155
651 1158
651 1164
651 1165
651 1166
651 1167
651 1171
651 1190
651 1191
651 1204
651 1216
651 1219
651 1220
651 1222
651 1223
651 1227
651 1228
651 1229
651 1230
651 1231
651 1235
651 1236
651 1237
651 1238
651 1246
651 1252
651 1253
651 1254
651 1255
651 1268
652 6
652 12
652 13
652 14
652 15
652 19
652 38
652 76
652 140
652 141
652 142
652 143
652 198
652 204
652 206
652 207
652 230
652 262
652 268
652 269
652 271
652 326
652 331
652 332
652 333
652 334
652 335
652 339
652 348
652 356
652 357
652 358
652 359
652 372
652 387
652 390
652 395
652 396
652 397
652 398
652 399
652 403
652 405
652 406
652 422
652 423
652 451
652 454
652 455
652 459
652 460
652 461
652 462
652 463
652 467
652 468
652 469
652 470
652 485
652 486
652 487
652 515
652 519
652 523
652 524
652 525
652 526
652 527
652 540
652 549
652 550
652 551
652 579
652 582
652 583
652 587
652 588
652 589
652 590
652 591
652 615
652 643
652 646
652 651
652 653
652 654
652 655
652 659
652 661
652 678
652 679
652 707
652 716
652 717
652 719
652 743
652 780
652 781
652 807
652 835
652 838
652 843
652 844
652 845
652 846
652 847
652 853
652 871
652 884
652 899
652 902
652 907
652 908
652 909
652 910
652 911
652 915
652 924
652 933
652 935
652 948
652 963
652 966
652 971
652 972
652 973
652 974
652 975
652 978
652 979
652 981
652 982
652 997
652 998
652 999
652 1001
652 1012
652 1027
652 1036
652 1037
652 1039
652 1063
652 1076
652 1091
652 1100
652 1101
652 1102
652 1103
652 1107
652 1126
652 1127
652 1140
652 1155
652 1164
652 1165
652 1167
652 1191
652 1204
652 1219
652 1222
652 1223
652 1228
652 1229
652 1230
652 1231
652 1235
652 1254
652 1255
652 1268
653 6
653 12
653 13
653 14
653 15
653 19
653 38
653 76
653 78
653 79
653 134
653 140
653 141
653 142
653 143
653 147
653 156
653 198
653 203
653 204
653 205
653 206
653 207
653 211
653 213
653 230
653 231
653 262
653 267
653 268
653 269
653 271
653 286
653 295
653 323
653 324
653 326
653 327
653 331
653 332
653 333
653 334
653 335
653 339
653 341
653 348
653 356
653 357
653 358
653 359
653 372
653 387
653 390
653 391
653 395
653 396
653 397
653 398
653 399
653 403
653 404
653 405
653 406
653 421
653 422
653 423
653 435
653 451
653 452
653 454
653 455
653 459
653 460
653 461
653 462
653 463
653 467
653 468
653 469
653 470
653 476
653 478
653 485
653 486
653 487
653 502
653 515
653 518
653 519
653 523
653 524
653 525
653 526
653 527
653 531
653 534
653 540
653 542
653 549
653 550
653 551
653 579
653 582
653 583
653 587
653 588
653 589
653 590
653 591
653 597
653 613
653 615
653 643
653 646
653 647
653 651
653 652
653 654
653 655
653 659
653 660
653 661
653 677
653 678
653 679
653 692
653 707
653 710
653 711
653 715
653 716
653 717
653 719
653 723
653 725
653 743
653 780
653 781
653 782
653 783
653 807
653 835
653 838
653 843
653 844
653 845
653 846
653 847
653 853
653 854
653 871
653 884
653 899
653 902
653 907
653 908
653 909
653 910
653 911
653 915
653 918
653 924
653 926
653 933
653 934
653 935
653 948
653 963
653 966
653 967
653 971
653 972
653 973
653 974
653 975
653 978
653 979
653 980
653 981
653 982
653 997
653 998
653 999
653 1001
653 1012
653 1027
653 1030
653 1035
653 1036
653 1037
653 1038
653 1039
653 1046
653 1063
653 1076
653 1091
653 1094
653 1095
653 1100
653 1101
653 1102
653 1103
653 1107
653 1126
653 1127
653 1140
653 1155
653 1164
653 1165
653 1166
653 1167
653 1171
653 1190
653 1191
653 1204
653 1219
653 1222
653 1223
653 1227
653 1228
653 1229
653 1230
653 1231
653 1235
653 1237
653 1254
653 1255
653 1268
654 6
654 12
654 13
654 14
654 15
654 19
654 38
654 76
654 134
654 140
654 141
654 142
654 143
654 147
654 156
654 198
654 203
654 204
654 206
654 207
654 213
654 230
654 231
654 262
654 267
654 268
654 269
654 271
654 295
654 326
654 327
654 331
654 332
654 333
654 334
654 335
654 339
654 341
654 348
654 356
654 357
654 358
654 359
654 372
654 387
654 390
654 391
654 395
654 396
654 397
654 398
654 399
654 403
654 405
654 406
654 422
654 423
654 435
654 451
654 452
654 454
654 455
654 459
654 460
654 461
654 462
654 463
654 467
654 468
654 469
654 470
654 476
654 478
654 485
654 486
654 487
654 515
654 518
654 519
654 523
654 524
654 525
654 526
654 527
654 534
654 540
654 542
654 549
654 550
654 551
654 579
654 582
654 583
654 587
654 588
654 589
654 590
654 591
654 615
654 643
654 646
654 651
654 652
654 653
654 655
654 659
654 661
654 678
654 679
654 692
654 707
654 711
654 715
654 716
654 717
654 718
654 719
654 723
654 743
654 780
654 781
654 782
654 783
654 807
654 835
654 838
654 843
654 844
654 845
654 846
654 847
654 853
654 854
654 871
654 884
654 899
654 902
654 907
654 908
654 909
654 910
654 911
654 915
654 918
654 924
654 926
654 933
654 934
654 935
654 948
654 963
654 966
654 967
654 971
654 972
654 973
654 974
654 975
654 978
654 979
654 980
654 981
654 982
654 997
654 998
654 999
654 1001
654 1012
654 1027
654 1036
654 1037
654 1038
654 1039
654 1063
654 1076
654 1091
654 1094
654 1095
654 1100
654 1101
654 1102
654 1103
654 1107
654 1126
654 1127
654 1140
654 1155
654 1164
654 1165
654 1166
654 1167
654 1171
654 1190
654 1191
654 1204
654 1219
654 1222
654 1223
654 1228
654 1229
654 1230
654 1231
654 1235
654 1237
654 1254
654 1255
654 1268
655 6
655 12
655 13
655 14
655 15
655 19
655 38
655 76
655 134
655 140
655 141
655 142
655 143
655 147
655 156
655 198
655 203
655 204
655 206
655 207
655 213
655 230
655 231
655 262
655 268
655 269
655 271
655 295
655 326
655 327
655 331
655 332
655 333
655 334
655 335
655 339
655 348
655 356
655 357
655 358
655 359
655 372
655 387
655 390
655 395
655 396
655 397
655 398
655 399
655 403
655 405
655 406
655 422
655 423
655 451
655 452
655 454
655 455
655 459
655 460
655 461
655 462
655 463
655 467
655 468
655 469
655 470
655 476
655 478
655 485
655 486
655 487
655 515
655 519
655 523
655 524
655 525
655 526
655 527
655 534
655 540
655 542
655 549
655 550
655 551
655 579
655 582
655 583
655 587
655 588
655 589
655 590
655 591
655 615
655 643
655 646
655 651
655 652
655 653
655 654
655 659
655 661
655 678
655 679
655 692
655 707
655 711
655 715
655 716
655 717
655 719
655 743
655 780
655 781
655 783
655 807
655 835
655 838
655 843
655 844
655 845
655 846
655 847
655 853
655 871
655 884
655 899
655 902
655 907
655 908
655 909
655 910
655 911
655 915
655 924
655 933
655 934
655 935
655 948
655 963
655 966
655 967
655 971
655 972
655 973
655 974
655 975
655 978
655 979
655 980
655 981
655 982
655 997
655 998
655 999
655 1001
655 1012
655 1027
655 1036
655 1037
655 1039
655 1063
655 1076
655 1091
655 1094
655 1100
655 1101
655 1102
655 1103
655 1107
655 1126
655 1127
655 1140
655 1155
655 1164
655 1165
655 1166
655 1167
655 1171
655 1190
655 1191
655 1204
655 1219
655 1222
655 1223
655 1228
655 1229
655 1230
655 1231
655 1235
655 1237
655 1254
655 1255
655 1268
656 46
656 464
656 528
656 592
656 720
656 753
656 784
656 848
657 7
657 11
657 20
657 21
657 22
657 28
657 32
657 70
657 71
657 79
657 83
657 132
657 135
657 139
657 146
657 148
657 149
657 150
657 158
657 164
657 166
657 167
657 195
657 196
657 199
657 211
657 212
657 214
657 222
657 228
657 259
657 263
657 270
657 275
657 277
657 278
657 292
657 293
657 294
657 305
657 324
657 340
657 342
657 347
657 351
657 354
657 366
657 369
657 388
657 394
657 402
657 408
657 411
657 415
657 418
657 420
657 433
657 438
657 449
657 458
657 465
657 472
657 484
657 489
657 494
657 497
657 500
657 502
657 516
657 529
657 530
657 532
657 533
657 541
657 548
657 561
657 564
657 593
657 594
657 595
657 596
657 598
657 604
657 606
657 608
657 610
657 614
657 617
657 625
657 640
657 662
657 668
657 670
657 674
657 676
657 689
657 691
657 718
657 721
657 724
657 725
657 726
657 731
657 732
657 742
657 771
657 774
657 775
657 779
657 785
657 787
657 805
657 820
657 839
657 849
657 851
657 855
657 862
657 864
657 868
657 869
657 870
657 897
657 903
657 906
657 913
657 916
657 917
657 930
657 960
657 961
657 962
657 964
657 970
657 984
657 988
657 990
657 991
657 992
657 994
657 996
657 1009
657 1011
657 1014
657 1031
657 1034
657 1035
657 1043
657 1044
657 1045
657 1052
657 1056
657 1058
657 1060
657 1061
657 1062
657 1092
657 1099
657 1108
657 1109
657 1110
657 1116
657 1118
657 1125
657 1139
657 1156
657 1158
657 1163
657 1174
657 1180
657 1188
657 1216
657 1220
657 1226
657 1234
657 1236
657 1238
657 1239
657 1246
657 1250
657 1252
657 1253
657 1269
658 37
658 70
658 75
658 83
658 131
658 132
658 195
658 220
658 228
658 270
658 273
658 279
658 288
658 292
658 305
658 308
658 361
658 402
658 466
658 472
658 477
658 489
658 514
658 530
658 544
658 594
658 612
658 617
658 644
658 670
658 681
658 722
658 724
658 728
658 786
658 836
658 850
658 863
658 913
658 932
658 941
658 983
658 984
658 994
658 1051
658 1060
658 1092
658 1115
658 1118
658 1139
658 1159
658 1172
658 1184
658 1217
658 1226
658 1234
658 1239
658 1250
659 6
659 12
659 13
659 14
659 15
659 19
659 38
659 76
659 78
659 79
659 134
659 140
659 141
659 142
659 143
659 147
659 156
659 198
659 203
659 204
659 205
659 206
659 207
659 213
659 230
659 231
659 262
659 267
659 268
659 269
659 271
659 286
659 295
659 323
659 326
659 327
659 331
659 332
659 333
659 334
659 335
659 339
659 341
659 348
659 356
659 357
659 358
659 359
659 372
659 387
659 390
659 391
659 395
659 396
659 397
659 398
659 399
659 403
659 404
659 405
659 406
659 421
659 422
659 423
659 435
659 451
659 452
659 454
659 455
659 459
659 460
659 461
659 462
659 463
659 467
659 468
659 469
659 470
659 476
659 478
659 485
659 486
659 487
659 502
659 515
659 518
659 519
659 523
659 524
659 525
659 526
659 527
659 531
659 534
659 540
659 542
659 549
659 550
659 551
659 579
659 582
659 583
659 587
659 588
659 589
659 590
659 591
659 595
659 597
659 613
659 615
659 643
659 646
659 647
659 651
659 652
659 653
659 654
659 655
659 660
659 661
659 677
659 678
659 679
659 692
659 707
659 710
659 711
659 715
659 716
659 717
659 719
659 723
659 743
659 780
659 781
659 782
659 783
659 787
659 807
659 835
659 838
659 843
659 844
659 845
659 846
659 847
659 851
659 853
659 854
659 871
659 884
659 899
659 902
659 907
659 908
659 909
659 910
659 911
659 915
659 918
659 924
659 926
659 933
659 934
659 935
659 948
659 963
659 966
659 967
659 971
659 972
659 973
659 974
659 975
659 978
659 979
659 980
659 981
659 982
659 997
659 998
659 999
659 1001
659 1012
659 1027
659 1030
659 1036
659 1037
659 1038
659 1039
659 1046
659 1063
659 1076
659 1091
659 1094
659 1095
659 1100
659 1101
659 1102
659 1103
659 1107
659 1126
659 1127
659 1140
659 1155
659 1164
659 1165
659 1166
659 1167
659 1171
659 1190
659 1191
659 1204
659 1219
659 1222
659 1223
659 1227
659 1228
659 1229
659 1230
659 1231
659 1235
659 1237
659 1254
659 1255
659 1268
660 6
660 7
660 11
660 13
660 14
660 19
660 20
660 21
660 22
660 28
660 38
660 71
660 76
660 78
660 79
660 134
660 135
660 139
660 140
660 141
660 142
660 143
660 147
660 156
660 158
660 164
660 166
660 167
660 196
660 198
660 199
660 203
660 204
660 205
660 206
660 207
660 211
660 212
660 213
660 214
660 222
660 230
660 231
660 262
660 263
660 267
660 269
660 275
660 277
660 286
660 293
660 294
660 295
660 323
660 324
660 326
660 327
660 331
660 333
660 334
660 339
660 340
660 341
660 342
660 347
660 348
660 351
660 354
660 356
660 357
660 358
660 359
660 366
660 369
660 372
660 387
660 388
660 390
660 391
660 394
660 395
660 397
660 403
660 404
660 405
660 406
660 408
660 415
660 418
660 420
660 421
660 422
660 423
660 433
660 435
660 438
660 449
660 451
660 452
660 454
660 455
660 458
660 459
660 461
660 462
660 463
660 467
660 468
660 469
660 470
660 476
660 478
660 484
660 485
660 486
660 487
660 494
660 497
660 500
660 502
660 515
660 516
660 518
660 519
660 523
660 525
660 526
660 531
660 532
660 533
660 534
660 540
660 541
660 542
660 548
660 549
660 551
660 561
660 564
660 579
660 582
660 583
660 587
660 588
660 589
660 590
660 595
660 596
660 597
660 598
660 604
660 606
660 608
660 610
660 613
660 614
660 615
660 625
660 640
660 643
660 646
660 647
660 651
660 653
660 659
660 661
660 662
660 668
660 674
660 676
660 677
660 678
660 679
660 691
660 692
660 707
660 710
660 711
660 715
660 716
660 717
660 718
660 719
660 723
660 724
660 725
660 731
660 732
660 742
660 743
660 771
660 774
660 775
660 779
660 780
660 781
660 782
660 783
660 787
660 788
660 805
660 807
660 820
660 835
660 838
660 839
660 843
660 846
660 847
660 851
660 852
660 853
660 854
660 862
660 868
660 869
660 870
660 871
660 884
660 902
660 906
660 907
660 910
660 911
660 915
660 916
660 917
660 918
660 924
660 926
660 930
660 933
660 934
660 935
660 948
660 960
660 961
660 966
660 967
660 971
660 974
660 978
660 979
660 980
660 981
660 982
660 990
660 991
660 997
660 998
660 1001
660 1009
660 1012
660 1014
660 1027
660 1030
660 1031
660 1034
660 1035
660 1037
660 1038
660 1039
660 1043
660 1044
660 1045
660 1046
660 1052
660 1056
660 1058
660 1061
660 1062
660 1063
660 1076
660 1091
660 1094
660 1095
660 1099
660 1101
660 1102
660 1107
660 1110
660 1116
660 1125
660 1126
660 1127
660 1140
660 1155
660 1158
660 1163
660 1165
660 1166
660 1167
660 1171
660 1174
660 1190
660 1191
660 1204
660 1216
660 1220
660 1222
660 1223
660 1227
660 1230
660 1231
660 1235
660 1236
660 1237
660 1238
660 1246
660 1252
660 1253
660 1254
660 1255
660 1268
660 1269
661 6
661 11
661 12
661 13
661 14
661 15
661 19
661 21
661 22
661 28
661 38
661 71
661 76
661 78
661 79
661 134
661 135
661 139
661 140
661 141
661 142
661 143
661 147
661 156
661 167
661 198
661 199
661 203
661 204
661 205
661 206
661 207
661 211
661 213
661 214
661 222
661 230
661 231
661 262
661 263
661 267
661 268
661 269
661 271
661 275
661 286
661 294
661 295
661 323
661 324
661 326
661 327
661 331
661 332
661 333
661 334
661 335
661 339
661 340
661 341
661 342
661 347
661 348
661 354
661 356
661 357
661 358
661 359
661 372
661 387
661 390
661 391
661 395
661 396
661 397
661 398
661 399
661 403
661 404
661 405
661 406
661 415
661 418
661 421
661 422
661 423
661 433
661 435
661 451
661 452
661 454
661 455
661 459
661 460
661 461
661 462
661 463
661 467
661 468
661 469
661 470
661 476
661 478
661 485
661 486
661 487
661 494
661 497
661 502
661 515
661 518
661 519
661 523
661 524
661 525
661 526
661 527
661 531
661 533
661 534
661 540
661 542
661 548
661 549
661 550
661 551
661 561
661 564
661 579
661 582
661 583
661 587
661 588
661 589
661 590
661 591
661 595
661 597
661 598
661 604
661 606
661 613
661 614
661 615
661 625
661 643
661 646
661 647
661 651
661 652
661 653
661 654
661 655
661 659
661 660
661 662
661 668
661 674
661 676
661 677
661 678
661 679
661 692
661 707
661 710
661 711
661 715
661 716
661 717
661 718
661 719
661 723
661 725
661 731
661 743
661 771
661 774
661 775
661 779
661 780
661 781
661 782
661 783
661 789
661 807
661 835
661 838
661 839
661 843
661 845
661 846
661 847
661 851
661 853
661 854
661 862
661 868
661 869
661 870
661 871
661 884
661 899
661 902
661 907
661 908
661 909
661 910
661 911
661 915
661 916
661 917
661 918
661 924
661 926
661 933
661 934
661 935
661 948
661 960
661 961
661 963
661 966
661 967
661 971
661 972
661 973
661 974
661 975
661 978
661 979
661 980
661 981
661 982
661 990
661 991
661 997
661 998
661 999
661 1001
661 1009
661 1012
661 1014
661 1027
661 1030
661 1031
661 1035
661 1036
661 1037
661 1038
661 1039
661 1043
661 1044
661 1045
661 1046
661 1052
661 1058
661 1062
661 1063
661 1076
661 1091
661 1094
661 1095
661 1099
661 1100
661 1101
661 1102
661 1103
661 1107
661 1116
661 1126
661 1127
661 1140
661 1155
661 1164
661 1165
661 1166
661 1167
661 1171
661 1190
661 1191
661 1204
661 1219
661 1220
661 1222
661 1223
661 1227
661 1228
661 1229
661 1230
661 1231
661 1235
661 1236
661 1237
661 1238
661 1246
661 1252
661 1253
661 1254
661 1255
661 1268
662 6
662 7
662 11
662 13
662 14
662 19
662 20
662 21
662 22
662 28
662 38
662 71
662 76
662 78
662 79
662 134
662 135
662 139
662 141
662 147
662 150
662 156
662 158
662 164
662 166
662 167
662 196
662 198
662 199
662 203
662 205
662 206
662 207
662 211
662 212
662 213
662 214
662 222
662 230
662 231
662 259
662 262
662 263
662 267
662 269
662 275
662 277
662 278
662 286
662 293
662 294
662 295
662 323
662 324
662 327
662 331
662 339
662 340
662 341
662 342
662 347
662 348
662 351
662 354
662 356
662 357
662 358
662 366
662 369
662 372
662 387
662 388
662 391
662 394
662 395
662 404
662 405
662 406
662 408
662 415
662 418
662 420
662 421
662 422
662 433
662 435
662 438
662 449
662 451
662 452
662 455
662 458
662 459
662 461
662 462
662 468
662 470
662 476
662 478
662 484
662 485
662 486
662 494
662 497
662 500
662 502
662 515
662 516
662 518
662 519
662 523
662 531
662 532
662 533
662 534
662 540
662 541
662 542
662 548
662 549
662 551
662 561
662 564
662 579
662 582
662 583
662 587
662 595
662 596
662 597
662 598
662 604
662 606
662 608
662 610
662 613
662 614
662 615
662 625
662 640
662 643
662 646
662 647
662 651
662 657
662 660
662 661
662 668
662 674
662 676
662 677
662 678
662 689
662 691
662 692
662 707
662 710
662 711
662 715
662 716
662 717
662 718
662 719
662 723
662 725
662 726
662 731
662 732
662 742
662 743
662 771
662 774
662 775
662 779
662 781
662 782
662 783
662 787
662 790
662 805
662 807
662 820
662 835
662 838
662 839
662 843
662 846
662 847
662 851
662 853
662 854
662 855
662 862
662 864
662 868
662 869
662 870
662 884
662 902
662 906
662 907
662 915
662 916
662 917
662 918
662 924
662 926
662 930
662 933
662 934
662 948
662 960
662 961
662 962
662 966
662 967
662 970
662 971
662 974
662 978
662 979
662 980
662 981
662 982
662 990
662 991
662 997
662 998
662 1001
662 1009
662 1014
662 1030
662 1031
662 1034
662 1035
662 1037
662 1038
662 1039
662 1043
662 1044
662 1045
662 1046
662 1052
662 1056
662 1058
662 1061
662 1062
662 1076
662 1091
662 1094
662 1095
662 1099
662 1102
662 1107
662 1108
662 1109
662 1110
662 1116
662 1125
662 1126
662 1127
662 1140
662 1155
662 1156
662 1158
662 1163
662 1165
662 1166
662 1167
662 1171
662 1174
662 1188
662 1190
662 1191
662 1204
662 1216
662 1220
662 1222
662 1223
662 1227
662 1230
662 1235
662 1236
662 1237
662 1238
662 1246
662 1252
662 1253
662 1254
662 1255
662 1268
662 1269
663 471
663 535
663 599
663 727
663 791
663 855
663 1119
664 472
664 536
664 600
664 728
664 792
664 800
664 856
665 473
665 537
665 601
665 729
665 793
665 857
665 1233
665 1243
666 257
666 474
666 538
666 602
666 603
666 730
666 794
666 858
667 307
667 475
667 539
667 603
667 731
667 795
667 859
668 6
668 7
668 11
668 13
668 14
668 19
668 20
668 21
668 22
668 28
668 38
668 71
668 76
668 78
668 79
668 134
668 135
668 139
668 141
668 147
668 150
668 156
668 158
668 164
668 166
668 167
668 196
668 198
668 199
668 203
668 205
668 206
668 207
668 211
668 212
668 213
668 214
668 222
668 230
668 231
668 259
668 262
668 263
668 267
668 269
668 275
668 277
668 278
668 286
668 293
668 294
668 295
668 323
668 324
668 327
668 331
668 339
668 340
668 341
668 342
668 347
668 348
668 351
668 354
668 356
668 357
668 358
668 359
668 366
668 369
668 372
668 387
668 388
668 391
668 394
668 395
668 403
668 404
668 405
668 406
668 408
668 415
668 418
668 420
668 421
668 422
668 423
668 433
668 435
668 438
668 449
668 451
668 452
668 455
668 458
668 459
668 461
668 462
668 468
668 470
668 476
668 478
668 484
668 485
668 486
668 487
668 494
668 497
668 500
668 502
668 515
668 516
668 518
668 519
668 523
668 526
668 531
668 532
668 533
668 534
668 540
668 541
668 542
668 548
668 549
668 551
668 561
668 564
668 579
668 582
668 583
668 587
668 595
668 596
668 597
668 598
668 604
668 606
668 608
668 610
668 613
668 614
668 615
668 625
668 640
668 643
668 646
668 647
668 651
668 657
668 660
668 661
668 662
668 674
668 676
668 677
668 678
668 679
668 689
668 691
668 692
668 707
668 710
668 711
668 715
668 716
668 717
668 718
668 719
668 723
668 725
668 731
668 732
668 742
668 743
668 771
668 774
668 775
668 779
668 781
668 782
668 783
668 787
668 796
668 805
668 807
668 820
668 835
668 838
668 839
668 843
668 846
668 847
668 851
668 853
668 854
668 855
668 860
668 862
668 864
668 868
668 869
668 870
668 884
668 902
668 906
668 907
668 910
668 911
668 915
668 916
668 917
668 918
668 924
668 926
668 930
668 933
668 934
668 948
668 960
668 961
668 962
668 966
668 967
668 970
668 971
668 974
668 978
668 979
668 980
668 981
668 982
668 990
668 991
668 997
668 998
668 1001
668 1009
668 1012
668 1014
668 1027
668 1030
668 1031
668 1034
668 1035
668 1037
668 1038
668 1039
668 1043
668 1044
668 1045
668 1046
668 1052
668 1056
668 1058
668 1061
668 1062
668 1063
668 1076
668 1091
668 1094
668 1095
668 1099
668 1102
668 1107
668 1109
668 1110
668 1116
668 1125
668 1126
668 1127
668 1140
668 1155
668 1156
668 1158
668 1163
668 1165
668 1166
668 1167
668 1171
668 1174
668 1188
668 1190
668 1191
668 1204
668 1216
668 1220
668 1222
668 1223
668 1227
668 1230
668 1235
668 1236
668 1237
668 1238
668 1246
668 1252
668 1253
668 1254
668 1255
668 1268
668 1269
669 477
669 509
669 541
669 605
669 733
669 784
669 797
669 861
669 956
670 7
670 20
670 32
670 37
670 70
670 75
670 83
670 132
670 146
670 148
670 149
670 150
670 158
670 164
670 166
670 195
670 196
670 212
670 220
670 228
670 259
670 270
670 278
670 279
670 288
670 292
670 293
670 305
670 351
670 366
670 369
670 388
670 394
670 402
670 408
670 411
670 420
670 438
670 458
670 472
670 477
670 478
670 489
670 514
670 530
670 532
670 541
670 542
670 594
670 596
670 606
670 608
670 610
670 612
670 617
670 640
670 644
670 657
670 658
670 681
670 689
670 691
670 724
670 726
670 728
670 732
670 734
670 742
670 798
670 820
670 855
670 862
670 863
670 864
670 897
670 903
670 913
670 930
670 932
670 941
670 962
670 964
670 970
670 983
670 984
670 988
670 992
670 994
670 996
670 1011
670 1034
670 1060
670 1061
670 1092
670 1108
670 1109
670 1115
670 1118
670 1139
670 1156
670 1159
670 1163
670 1174
670 1180
670 1188
670 1217
670 1226
670 1234
670 1239
670 1250
670 1269
671 182
671 479
671 543
671 607
671 735
671 799
671 863
671 867
672 39
672 480
672 544
672 608
672 736
672 800
672 864
673 481
673 545
673 609
673 737
673 801
673 865
674 6
674 7
674 11
674 13
674 14
674 19
674 20
674 21
674 22
674 28
674 38
674 71
674 76
674 78
674 79
674 134
674 135
674 139
674 141
674 142
674 147
674 150
674 156
674 158
674 164
674 166
674 167
674 196
674 198
674 199
674 203
674 205
674 206
674 207
674 211
674 212
674 213
674 214
674 222
674 230
674 231
674 259
674 262
674 263
674 267
674 269
674 275
674 277
674 278
674 286
674 293
674 294
674 295
674 323
674 324
674 326
674 327
674 331
674 333
674 334
674 339
674 340
674 341
674 342
674 347
674 348
674 351
674 354
674 356
674 357
674 358
674 359
674 366
674 369
674 372
674 387
674 388
674 391
674 394
674 395
674 397
674 403
674 404
674 405
674 406
674 408
674 415
674 418
674 420
674 421
674 422
674 423
674 433
674 435
674 438
674 449
674 451
674 452
674 455
674 458
674 459
674 461
674 462
674 463
674 468
674 469
674 470
674 476
674 478
674 482
674 484
674 485
674 486
674 487
674 494
674 497
674 500
674 502
674 515
674 516
674 518
674 519
674 523
674 526
674 531
674 532
674 533
674 534
674 540
674 541
674 542
674 546
674 548
674 549
674 551
674 561
674 564
674 579
674 582
674 583
674 587
674 595
674 596
674 597
674 598
674 604
674 606
674 608
674 610
674 613
674 614
674 615
674 625
674 640
674 643
674 646
674 647
674 651
674 657
674 660
674 661
674 662
674 668
674 676
674 677
674 678
674 679
674 689
674 691
674 692
674 707
674 710
674 711
674 715
674 716
674 717
674 718
674 719
674 723
674 725
674 731
674 732
674 738
674 742
674 743
674 771
674 774
674 775
674 779
674 781
674 782
674 783
674 787
674 802
674 805
674 807
674 820
674 835
674 838
674 839
674 843
674 846
674 847
674 851
674 853
674 854
674 855
674 862
674 866
674 868
674 869
674 870
674 871
674 884
674 902
674 906
674 907
674 910
674 911
674 915
674 916
674 917
674 918
674 924
674 926
674 930
674 933
674 934
674 935
674 948
674 960
674 961
674 962
674 966
674 967
674 970
674 971
674 974
674 978
674 979
674 980
674 981
674 982
674 990
674 991
674 997
674 998
674 1001
674 1009
674 1012
674 1014
674 1027
674 1030
674 1031
674 1034
674 1035
674 1037
674 1038
674 1039
674 1043
674 1044
674 1045
674 1046
674 1052
674 1056
674 1058
674 1061
674 1062
674 1063
674 1076
674 1091
674 1094
674 1095
674 1099
674 1101
674 1102
674 1107
674 1110
674 1116
674 1125
674 1126
674 1127
674 1140
674 1155
674 1158
674 1163
674 1165
674 1166
674 1167
674 1171
674 1174
674 1188
674 1190
674 1191
674 1204
674 1216
674 1220
674 1222
674 1223
674 1227
674 1230
674 1235
674 1236
674 1237
674 1238
674 1246
674 1252
674 1253
674 1254
674 1255
674 1268
674 1269
675 345
675 483
675 547
675 611
675 739
675 803
675 867
675 1002
676 7
676 11
676 13
676 14
676 19
676 20
676 21
676 22
676 28
676 32
676 38
676 71
676 76
676 78
676 79
676 134
676 135
676 139
676 141
676 146
676 147
676 148
676 149
676 150
676 156
676 158
676 164
676 166
676 167
676 196
676 198
676 199
676 203
676 205
676 211
676 212
676 213
676 214
676 222
676 230
676 231
676 259
676 262
676 263
676 267
676 269
676 275
676 277
676 278
676 286
676 293
676 294
676 295
676 323
676 324
676 327
676 340
676 341
676 342
676 347
676 348
676 351
676 354
676 356
676 357
676 366
676 369
676 372
676 388
676 391
676 394
676 395
676 404
676 406
676 408
676 411
676 415
676 418
676 420
676 421
676 433
676 435
676 438
676 449
676 451
676 452
676 458
676 459
676 462
676 468
676 470
676 476
676 478
676 484
676 494
676 497
676 500
676 502
676 516
676 518
676 531
676 532
676 533
676 534
676 540
676 541
676 542
676 548
676 549
676 561
676 564
676 583
676 594
676 595
676 596
676 597
676 598
676 604
676 606
676 608
676 610
676 612
676 613
676 614
676 625
676 640
676 646
676 647
676 651
676 657
676 660
676 661
676 662
676 668
676 674
676 677
676 678
676 689
676 691
676 692
676 710
676 711
676 715
676 718
676 723
676 725
676 726
676 731
676 732
676 740
676 742
676 743
676 771
676 774
676 775
676 779
676 781
676 782
676 783
676 787
676 804
676 805
676 807
676 820
676 839
676 843
676 846
676 851
676 853
676 854
676 855
676 862
676 864
676 868
676 869
676 870
676 897
676 903
676 906
676 907
676 916
676 917
676 918
676 924
676 926
676 930
676 934
676 960
676 961
676 962
676 964
676 967
676 970
676 978
676 980
676 984
676 988
676 990
676 991
676 992
676 996
676 997
676 1001
676 1009
676 1011
676 1014
676 1030
676 1031
676 1034
676 1035
676 1038
676 1043
676 1044
676 1045
676 1046
676 1052
676 1056
676 1058
676 1061
676 1062
676 1076
676 1094
676 1095
676 1099
676 1102
676 1107
676 1108
676 1109
676 1110
676 1116
676 1125
676 1126
676 1156
676 1158
676 1163
676 1166
676 1167
676 1171
676 1174
676 1180
676 1188
676 1190
676 1191
676 1216
676 1220
676 1223
676 1227
676 1236
676 1237
676 1238
676 1246
676 1252
676 1253
676 1269
677 6
677 7
677 11
677 13
677 14
677 15
677 19
677 20
677 21
677 22
677 28
677 38
677 71
677 76
677 78
677 79
677 134
677 135
677 139
677 140
677 141
677 142
677 143
677 147
677 156
677 158
677 164
677 166
677 167
677 196
677 198
677 199
677 203
677 204
677 205
677 206
677 207
677 211
677 212
677 213
677 214
677 222
677 230
677 231
677 262
677 263
677 267
677 269
677 275
677 277
677 286
677 293
677 294
677 295
677 323
677 324
677 326
677 327
677 331
677 333
677 334
677 339
677 340
677 341
677 342
677 347
677 348
677 351
677 354
677 356
677 357
677 358
677 359
677 366
677 369
677 372
677 387
677 388
677 390
677 391
677 394
677 395
677 397
677 403
677 404
677 405
677 406
677 408
677 415
677 418
677 420
677 421
677 422
677 423
677 433
677 435
677 438
677 449
677 451
677 452
677 454
677 455
677 458
677 459
677 461
677 462
677 463
677 467
677 468
677 469
677 470
677 476
677 478
677 484
677 485
677 486
677 487
677 494
677 497
677 500
677 502
677 515
677 516
677 518
677 519
677 523
677 525
677 526
677 531
677 532
677 533
677 534
677 540
677 542
677 548
677 549
677 551
677 561
677 564
677 579
677 582
677 583
677 587
677 588
677 589
677 590
677 595
677 596
677 597
677 598
677 604
677 606
677 608
677 610
677 613
677 614
677 615
677 625
677 643
677 646
677 647
677 651
677 653
677 659
677 660
677 661
677 662
677 668
677 674
677 676
677 678
677 679
677 691
677 692
677 707
677 710
677 711
677 715
677 716
677 717
677 718
677 719
677 723
677 725
677 731
677 732
677 741
677 742
677 743
677 771
677 774
677 775
677 779
677 780
677 781
677 782
677 783
677 787
677 805
677 807
677 820
677 835
677 838
677 839
677 843
677 846
677 847
677 851
677 853
677 854
677 862
677 868
677 869
677 870
677 871
677 884
677 902
677 906
677 907
677 910
677 911
677 915
677 916
677 917
677 918
677 924
677 926
677 930
677 933
677 934
677 935
677 948
677 960
677 961
677 966
677 967
677 971
677 974
677 978
677 979
677 980
677 981
677 982
677 990
677 991
677 997
677 998
677 1001
677 1009
677 1012
677 1014
677 1027
677 1030
677 1031
677 1034
677 1035
677 1037
677 1038
677 1039
677 1043
677 1044
677 1045
677 1046
677 1052
677 1056
677 1058
677 1061
677 1062
677 1063
677 1076
677 1091
677 1094
677 1095
677 1099
677 1100
677 1101
677 1102
677 1103
677 1107
677 1110
677 1116
677 1125
677 1126
677 1127
677 1140
677 1155
677 1158
677 1163
677 1165
677 1166
677 1167
677 1171
677 1174
677 1190
677 1191
677 1204
677 1216
677 1220
677 1222
677 1223
677 1227
677 1230
677 1231
677 1235
677 1236
677 1237
677 1238
677 1246
677 1252
677 1253
677 1254
677 1255
677 1268
677 1269
678 6
678 11
678 12
678 13
678 14
678 15
678 19
678 21
678 22
678 28
678 38
678 71
678 76
678 78
678 79
678 134
678 135
678 139
678 140
678 141
678 142
678 143
678 147
678 156
678 167
678 198
678 199
678 203
678 204
678 205
678 206
678 207
678 211
678 213
678 214
678 222
678 230
678 231
678 262
678 263
678 267
678 268
678 269
678 271
678 275
678 286
678 294
678 295
678 323
678 324
678 326
678 327
678 331
678 332
678 333
678 334
678 335
678 339
678 340
678 341
678 342
678 347
678 348
678 354
678 356
678 357
678 358
678 359
678 372
678 387
678 390
678 391
678 395
678 396
678 397
678 398
678 399
678 403
678 404
678 405
678 406
678 415
678 418
678 421
678 422
678 423
678 433
678 435
678 451
678 452
678 454
678 455
678 459
678 461
678 462
678 463
678 467
678 468
678 469
678 470
678 476
678 478
678 484
678 485
678 486
678 487
678 494
678 497
678 500
678 502
678 515
678 516
678 518
678 519
678 523
678 524
678 525
678 526
678 527
678 531
678 533
678 534
678 540
678 542
678 548
678 549
678 550
678 551
678 561
678 564
678 579
678 582
678 583
678 587
678 588
678 589
678 590
678 591
678 595
678 597
678 598
678 604
678 606
678 613
678 614
678 615
678 625
678 643
678 646
678 647
678 651
678 652
678 653
678 654
678 655
678 659
678 660
678 661
678 662
678 668
678 674
678 676
678 677
678 679
678 692
678 707
678 710
678 711
678 715
678 716
678 717
678 718
678 719
678 723
678 725
678 731
678 742
678 743
678 771
678 774
678 775
678 779
678 780
678 781
678 782
678 783
678 806
678 807
678 835
678 838
678 839
678 843
678 845
678 846
678 847
678 851
678 853
678 854
678 862
678 868
678 869
678 870
678 871
678 884
678 899
678 902
678 907
678 908
678 909
678 910
678 911
678 915
678 916
678 917
678 918
678 924
678 926
678 933
678 934
678 935
678 948
678 960
678 961
678 963
678 966
678 967
678 971
678 972
678 974
678 975
678 978
678 979
678 980
678 981
678 982
678 990
678 991
678 997
678 998
678 999
678 1001
678 1009
678 1012
678 1014
678 1027
678 1030
678 1031
678 1035
678 1036
678 1037
678 1038
678 1039
678 1043
678 1044
678 1045
678 1046
678 1052
678 1058
678 1062
678 1063
678 1076
678 1091
678 1094
678 1095
678 1099
678 1100
678 1101
678 1102
678 1103
678 1107
678 1110
678 1116
678 1125
678 1126
678 1127
678 1140
678 1155
678 1158
678 1164
678 1165
678 1166
678 1167
678 1171
678 1190
678 1191
678 1204
678 1216
678 1219
678 1220
678 1222
678 1223
678 1227
678 1228
678 1229
678 1230
678 1231
678 1235
678 1236
678 1237
678 1238
678 1246
678 1252
678 1253
678 1254
678 1255
678 1268
679 6
679 12
679 13
679 14
679 15
679 19
679 22
679 38
679 76
679 78
679 79
679 134
679 135
679 140
679 141
679 142
679 143
679 147
679 156
679 198
679 199
679 203
679 204
679 205
679 206
679 207
679 211
679 213
679 230
679 231
679 262
679 267
679 268
679 269
679 271
679 286
679 295
679 323
679 324
679 326
679 327
679 331
679 332
679 333
679 334
679 335
679 339
679 341
679 342
679 348
679 356
679 357
679 358
679 359
679 372
679 387
679 390
679 391
679 395
679 396
679 397
679 398
679 399
679 403
679 404
679 405
679 406
679 421
679 422
679 423
679 435
679 451
679 452
679 454
679 455
679 459
679 460
679 461
679 462
679 463
679 467
679 468
679 469
679 470
679 476
679 478
679 485
679 486
679 487
679 502
679 515
679 518
679 519
679 523
679 524
679 525
679 526
679 527
679 531
679 534
679 540
679 542
679 548
679 549
679 550
679 551
679 579
679 582
679 583
679 587
679 588
679 589
679 590
679 591
679 595
679 597
679 613
679 615
679 643
679 646
679 647
679 651
679 652
679 653
679 654
679 655
679 659
679 660
679 661
679 668
679 674
679 677
679 678
679 692
679 707
679 710
679 711
679 715
679 716
679 717
679 719
679 723
679 725
679 743
679 780
679 781
679 782
679 783
679 807
679 835
679 838
679 843
679 844
679 845
679 846
679 847
679 853
679 854
679 871
679 884
679 899
679 902
679 907
679 908
679 909
679 910
679 911
679 915
679 917
679 918
679 924
679 926
679 933
679 934
679 935
679 948
679 963
679 966
679 967
679 971
679 972
679 973
679 974
679 975
679 978
679 979
679 980
679 981
679 982
679 997
679 998
679 999
679 1001
679 1009
679 1012
679 1027
679 1030
679 1035
679 1036
679 1037
679 1038
679 1039
679 1046
679 1063
679 1076
679 1091
679 1094
679 1095
679 1100
679 1101
679 1102
679 1103
679 1107
679 1126
679 1127
679 1140
679 1155
679 1164
679 1165
679 1166
679 1167
679 1171
679 1190
679 1191
679 1204
679 1219
679 1222
679 1223
679 1227
679 1228
679 1229
679 1230
679 1231
679 1235
679 1237
679 1253
679 1254
679 1255
679 1268
680 488
680 552
680 616
680 744
680 808
680 872
681 32
681 37
681 70
681 75
681 83
681 131
681 132
681 146
681 148
681 149
681 195
681 220
681 228
681 270
681 273
681 279
681 288
681 292
681 305
681 308
681 402
681 411
681 472
681 477
681 489
681 514
681 530
681 553
681 594
681 612
681 617
681 644
681 658
681 670
681 724
681 726
681 728
681 745
681 809
681 836
681 863
681 873
681 897
681 903
681 913
681 932
681 941
681 964
681 983
681 984
681 988
681 992
681 994
681 996
681 1011
681 1060
681 1092
681 1115
681 1118
681 1139
681 1159
681 1180
681 1217
681 1226
681 1234
681 1239
681 1250
682 490
682 554
682 618
682 746
682 762
682 810
682 874
683 136
683 491
683 555
683 619
683 747
683 811
683 875
684 52
684 492
684 556
684 620
684 748
684 812
684 876
684 1113
684 1274
685 493
685 557
685 621
685 749
685 813
685 877
685 1260
686 494
686 558
686 622
686 750
686 814
686 878
687 272
687 495
687 559
687 623
687 747
687 751
687 815
687 879
687 1080
687 1276
688 89
688 175
688 496
688 560
688 624
688 752
688 816
688 880
689 7
689 11
689 20
689 21
689 22
689 28
689 32
689 70
689 71
689 83
689 132
689 135
689 139
689 146
689 148
689 149
689 150
689 158
689 164
689 166
689 167
689 195
689 196
689 199
689 212
689 214
689 222
689 228
689 259
689 263
689 270
689 275
689 277
689 278
689 292
689 293
689 294
689 305
689 340
689 342
689 347
689 351
689 354
689 366
689 369
689 388
689 394
689 402
689 408
689 411
689 415
689 418
689 420
689 433
689 438
689 449
689 458
689 472
689 484
689 489
689 494
689 497
689 500
689 516
689 530
689 532
689 533
689 541
689 548
689 561
689 564
689 594
689 595
689 596
689 598
689 604
689 606
689 608
689 610
689 614
689 617
689 625
689 640
689 657
689 662
689 668
689 670
689 674
689 676
689 691
689 718
689 724
689 726
689 731
689 732
689 742
689 753
689 771
689 774
689 775
689 779
689 787
689 805
689 817
689 820
689 839
689 851
689 855
689 862
689 864
689 868
689 869
689 870
689 881
689 897
689 903
689 906
689 913
689 916
689 917
689 930
689 932
689 941
689 960
689 961
689 962
689 964
689 970
689 983
689 984
689 988
689 990
689 991
689 992
689 994
689 996
689 1009
689 1011
689 1014
689 1031
689 1034
689 1043
689 1044
689 1045
689 1052
689 1056
689 1058
689 1060
689 1061
689 1062
689 1092
689 1099
689 1108
689 1109
689 1110
689 1116
689 1118
689 1125
689 1139
689 1156
689 1158
689 1163
689 1174
689 1180
689 1188
689 1216
689 1220
689 1226
689 1234
689 1236
689 1238
689 1239
689 1246
689 1250
689 1252
689 1253
689 1269
690 77
690 498
690 562
690 626
690 754
690 818
690 882
691 7
691 11
691 20
691 21
691 22
691 28
691 32
691 70
691 71
691 78
691 79
691 83
691 132
691 135
691 139
691 146
691 148
691 149
691 150
691 158
691 164
691 166
691 167
691 195
691 196
691 199
691 205
691 211
691 212
691 214
691 222
691 228
691 259
691 263
691 270
691 275
691 277
691 278
691 286
691 292
691 293
691 294
691 305
691 323
691 324
691 340
691 342
691 347
691 351
691 354
691 366
691 369
691 388
691 394
691 402
691 404
691 408
691 411
691 415
691 418
691 420
691 421
691 433
691 438
691 449
691 458
691 472
691 484
691 489
691 494
691 497
691 499
691 500
691 502
691 516
691 530
691 531
691 532
691 533
691 541
691 548
691 561
691 563
691 564
691 594
691 595
691 596
691 597
691 598
691 604
691 606
691 608
691 610
691 613
691 614
691 617
691 625
691 627
691 640
691 647
691 657
691 660
691 662
691 668
691 670
691 674
691 676
691 677
691 689
691 710
691 718
691 723
691 725
691 726
691 731
691 732
691 742
691 755
691 771
691 774
691 775
691 779
691 787
691 805
691 819
691 820
691 839
691 851
691 855
691 862
691 864
691 868
691 869
691 870
691 883
691 897
691 903
691 906
691 913
691 916
691 917
691 918
691 926
691 930
691 960
691 961
691 962
691 964
691 970
691 984
691 988
691 990
691 991
691 992
691 994
691 996
691 1009
691 1011
691 1014
691 1030
691 1031
691 1034
691 1035
691 1043
691 1044
691 1045
691 1046
691 1052
691 1056
691 1058
691 1060
691 1061
691 1062
691 1092
691 1099
691 1108
691 1109
691 1110
691 1116
691 1118
691 1125
691 1139
691 1156
691 1158
691 1163
691 1174
691 1180
691 1188
691 1216
691 1220
691 1226
691 1227
691 1234
691 1236
691 1238
691 1239
691 1246
691 1250
691 1252
691 1253
691 1269
692 6
692 7
692 11
692 12
692 13
692 14
692 15
692 19
692 21
692 22
692 28
692 38
692 71
692 76
692 78
692 79
692 134
692 135
692 139
692 140
692 141
692 142
692 143
692 147
692 156
692 167
692 198
692 199
692 203
692 204
692 205
692 206
692 207
692 211
692 213
692 214
692 222
692 230
692 231
692 262
692 263
692 267
692 268
692 269
692 271
692 275
692 277
692 286
692 294
692 295
692 323
692 324
692 326
692 327
692 331
692 332
692 333
692 334
692 335
692 339
692 340
692 341
692 342
692 347
692 348
692 351
692 354
692 356
692 357
692 358
692 359
692 372
692 387
692 390
692 391
692 394
692 395
692 396
692 397
692 398
692 399
692 403
692 404
692 405
692 406
692 415
692 418
692 420
692 421
692 422
692 423
692 433
692 435
692 449
692 451
692 452
692 454
692 455
692 458
692 459
692 461
692 462
692 463
692 467
692 468
692 469
692 470
692 476
692 478
692 484
692 485
692 486
692 487
692 494
692 497
692 500
692 502
692 515
692 516
692 518
692 519
692 523
692 525
692 526
692 527
692 531
692 532
692 533
692 534
692 540
692 542
692 548
692 549
692 550
692 551
692 561
692 564
692 579
692 582
692 583
692 587
692 588
692 589
692 590
692 595
692 597
692 598
692 604
692 606
692 613
692 614
692 615
692 625
692 628
692 643
692 646
692 647
692 651
692 653
692 654
692 655
692 659
692 660
692 661
692 662
692 668
692 674
692 676
692 677
692 678
692 679
692 707
692 710
692 711
692 715
692 716
692 717
692 718
692 719
692 723
692 725
692 731
692 743
692 756
692 771
692 774
692 775
692 779
692 780
692 781
692 782
692 783
692 787
692 805
692 807
692 820
692 835
692 838
692 839
692 843
692 845
692 846
692 847
692 851
692 853
692 854
692 862
692 868
692 869
692 870
692 871
692 884
692 899
692 902
692 906
692 907
692 908
692 909
692 910
692 911
692 915
692 916
692 917
692 918
692 924
692 926
692 933
692 934
692 935
692 948
692 960
692 961
692 963
692 966
692 967
692 971
692 974
692 978
692 979
692 980
692 981
692 982
692 990
692 991
692 997
692 998
692 1001
692 1009
692 1012
692 1014
692 1027
692 1030
692 1031
692 1035
692 1036
692 1037
692 1038
692 1039
692 1043
692 1044
692 1045
692 1046
692 1052
692 1056
692 1058
692 1062
692 1063
692 1076
692 1091
692 1094
692 1095
692 1099
692 1100
692 1101
692 1102
692 1103
692 1107
692 1110
692 1116
692 1125
692 1126
692 1127
692 1140
692 1155
692 1158
692 1164
692 1165
692 1166
692 1167
692 1171
692 1190
692 1191
692 1204
692 1216
692 1220
692 1222
692 1223
692 1227
692 1230
692 1231
692 1235
692 1236
692 1237
692 1238
692 1246
692 1252
692 1253
692 1254
692 1255
692 1268
692 1269
693 501
693 535
693 565
693 619
693 629
693 757
693 821
693 885
693 1212
694 50
694 502
694 566
694 630
694 758
694 822
694 886
695 503
695 567
695 631
695 759
695 823
695 887
696 504
696 568
696 632
696 736
696 760
696 824
696 888
697 36
697 505
697 569
697 633
697 761
697 825
697 889
698 506
698 570
698 634
698 757
698 762
698 826
698 890
699 507
699 571
699 635
699 763
699 827
699 891
700 508
700 572
700 636
700 764
700 828
700 892
700 1128
701 471
701 509
701 573
701 637
701 765
701 829
701 893
702 510
702 574
702 638
702 766
702 830
702 894
703 511
703 575
703 639
703 767
703 831
703 895
703 1272
704 512
704 576
704 640
704 768
704 832
704 896
704 1007
704 1195
705 284
705 513
705 577
705 641
705 769
705 833
705 897
706 514
706 578
706 642
706 770
706 834
706 898
706 1168
707 6
707 12
707 13
707 14
707 15
707 19
707 21
707 22
707 28
707 38
707 71
707 76
707 78
707 79
707 134
707 135
707 139
707 140
707 141
707 142
707 143
707 147
707 156
707 198
707 199
707 203
707 204
707 205
707 206
707 207
707 211
707 213
707 214
707 222
707 230
707 231
707 262
707 263
707 267
707 268
707 269
707 271
707 275
707 286
707 295
707 323
707 324
707 326
707 327
707 331
707 332
707 333
707 334
707 335
707 339
707 340
707 341
707 342
707 347
707 348
707 354
707 356
707 357
707 358
707 359
707 372
707 387
707 390
707 391
707 395
707 396
707 397
707 398
707 399
707 403
707 404
707 405
707 406
707 415
707 418
707 421
707 422
707 423
707 433
707 435
707 451
707 452
707 454
707 455
707 459
707 460
707 461
707 462
707 463
707 467
707 468
707 469
707 470
707 476
707 478
707 485
707 486
707 487
707 497
707 502
707 515
707 518
707 519
707 523
707 524
707 525
707 526
707 527
707 531
707 534
707 540
707 542
707 548
707 549
707 550
707 551
707 564
707 579
707 582
707 583
707 587
707 588
707 589
707 590
707 591
707 595
707 597
707 598
707 604
707 613
707 614
707 615
707 625
707 643
707 646
707 647
707 651
707 652
707 653
707 654
707 655
707 659
707 660
707 661
707 662
707 668
707 674
707 677
707 678
707 679
707 692
707 710
707 711
707 715
707 716
707 717
707 718
707 719
707 723
707 725
707 731
707 743
707 771
707 774
707 775
707 779
707 780
707 781
707 782
707 783
707 807
707 835
707 838
707 839
707 843
707 844
707 845
707 846
707 847
707 851
707 853
707 854
707 862
707 868
707 870
707 871
707 884
707 899
707 902
707 907
707 908
707 909
707 910
707 911
707 915
707 916
707 917
707 918
707 924
707 926
707 933
707 934
707 935
707 948
707 961
707 963
707 966
707 967
707 971
707 972
707 973
707 974
707 975
707 978
707 979
707 980
707 981
707 982
707 990
707 997
707 998
707 999
707 1001
707 1009
707 1012
707 1014
707 1027
707 1030
707 1035
707 1036
707 1037
707 1038
707 1039
707 1043
707 1044
707 1045
707 1046
707 1058
707 1062
707 1063
707 1076
707 1091
707 1094
707 1095
707 1099
707 1100
707 1101
707 1102
707 1103
707 1107
707 1126
707 1127
707 1140
707 1155
707 1164
707 1165
707 1166
707 1167
707 1171
707 1190
707 1191
707 1204
707 1219
707 1220
707 1222
707 1223
707 1227
707 1228
707 1229
707 1230
707 1231
707 1235
707 1236
707 1237
707 1238
707 1246
707 1252
707 1253
707 1254
707 1255
707 1268
708 516
708 580
708 644
708 772
708 836
708 900
709 371
709 517
709 581
709 645
709 773
709 837
709 901
710 6
710 7
710 11
710 13
710 14
710 15
710 19
710 20
710 21
710 22
710 28
710 38
710 71
710 76
710 78
710 79
710 134
710 135
710 139
710 140
710 141
710 142
710 143
710 147
710 156
710 158
710 164
710 166
710 167
710 196
710 198
710 199
710 203
710 204
710 205
710 206
710 207
710 211
710 212
710 213
710 214
710 222
710 230
710 231
710 262
710 263
710 267
710 269
710 275
710 277
710 286
710 293
710 294
710 295
710 323
710 324
710 326
710 327
710 331
710 333
710 334
710 339
710 340
710 341
710 342
710 347
710 348
710 351
710 354
710 356
710 357
710 358
710 359
710 366
710 369
710 372
710 387
710 388
710 390
710 391
710 394
710 395
710 397
710 403
710 404
710 405
710 406
710 408
710 415
710 418
710 420
710 421
710 422
710 423
710 433
710 435
710 438
710 449
710 451
710 452
710 454
710 455
710 458
710 459
710 461
710 462
710 463
710 467
710 468
710 469
710 470
710 476
710 478
710 484
710 485
710 486
710 487
710 494
710 497
710 500
710 502
710 515
710 516
710 518
710 519
710 523
710 525
710 526
710 531
710 532
710 533
710 534
710 540
710 541
710 542
710 548
710 549
710 551
710 561
710 564
710 579
710 582
710 583
710 587
710 588
710 589
710 590
710 595
710 596
710 597
710 598
710 604
710 606
710 608
710 610
710 613
710 614
710 615
710 625
710 643
710 646
710 647
710 651
710 653
710 659
710 660
710 661
710 662
710 668
710 674
710 676
710 677
710 678
710 679
710 691
710 692
710 707
710 711
710 715
710 716
710 717
710 718
710 719
710 723
710 725
710 731
710 732
710 742
710 743
710 771
710 774
710 775
710 779
710 780
710 781
710 782
710 783
710 787
710 805
710 807
710 820
710 835
710 838
710 839
710 843
710 846
710 847
710 851
710 853
710 854
710 862
710 868
710 869
710 870
710 871
710 884
710 902
710 906
710 907
710 910
710 911
710 915
710 916
710 917
710 918
710 924
710 926
710 930
710 933
710 934
710 935
710 948
710 960
710 961
710 966
710 967
710 971
710 974
710 978
710 979
710 980
710 981
710 982
710 990
710 991
710 997
710 998
710 1001
710 1009
710 1012
710 1014
710 1027
710 1030
710 1031
710 1034
710 1035
710 1037
710 1038
710 1039
710 1043
710 1044
710 1045
710 1046
710 1052
710 1056
710 1058
710 1061
710 1062
710 1063
710 1076
710 1091
710 1094
710 1095
710 1099
710 1101
710 1102
710 1103
710 1107
710 1110
710 1116
710 1125
710 1126
710 1127
710 1140
710 1155
710 1158
710 1163
710 1165
710 1166
710 1167
710 1171
710 1174
710 1190
710 1191
710 1204
710 1216
710 1220
710 1222
710 1223
710 1227
710 1230
710 1231
710 1235
710 1236
710 1237
710 1238
710 1246
710 1252
710 1253
710 1254
710 1255
710 1268
710 1269
711 6
711 7
711 11
711 12
711 13
711 14
711 15
711 19
711 21
711 22
711 28
711 38
711 71
711 76
711 78
711 79
711 134
711 135
711 139
711 140
711 141
711 142
711 143
711 147
711 156
711 167
711 198
711 199
711 203
711 204
711 205
711 206
711 207
711 211
711 213
711 214
711 222
711 230
711 231
711 262
711 263
711 267
711 268
711 269
711 271
711 275
711 277
711 286
711 294
711 295
711 323
711 324
711 326
711 327
711 331
711 332
711 333
711 334
711 335
711 339
711 340
711 341
711 342
711 347
711 348
711 351
711 354
711 356
711 357
711 358
711 359
711 372
711 387
711 390
711 391
711 394
711 395
711 396
711 397
711 398
711 399
711 403
711 404
711 405
711 406
711 415
711 418
711 420
711 421
711 422
711 423
711 433
711 435
711 449
711 451
711 452
711 454
711 455
711 458
711 459
711 461
711 462
711 463
711 467
711 468
711 469
711 470
711 476
711 478
711 484
711 485
711 486
711 487
711 494
711 497
711 500
711 502
711 515
711 516
711 518
711 519
711 523
711 525
711 526
711 527
711 531
711 532
711 533
711 534
711 540
711 542
711 548
711 549
711 550
711 551
711 561
711 564
711 579
711 582
711 583
711 587
711 588
711 589
711 590
711 595
711 597
711 598
711 604
711 606
711 613
711 614
711 615
711 625
711 643
711 646
711 647
711 651
711 653
711 654
711 655
711 659
711 660
711 661
711 662
711 668
711 674
711 676
711 677
711 678
711 679
711 692
711 707
711 710
711 715
711 716
711 717
711 718
711 719
711 723
711 725
711 731
711 743
711 771
711 774
711 775
711 779
711 780
711 781
711 782
711 783
711 787
711 805
711 807
711 835
711 838
711 839
711 843
711 845
711 846
711 847
711 851
711 853
711 854
711 862
711 868
711 869
711 870
711 871
711 884
711 899
711 902
711 903
711 906
711 907
711 908
711 909
711 910
711 911
711 915
711 916
711 917
711 918
711 924
711 926
711 933
711 934
711 935
711 948
711 960
711 961
711 963
711 966
711 967
711 971
711 974
711 978
711 979
711 980
711 981
711 982
711 990
711 991
711 997
711 998
711 1001
711 1009
711 1012
711 1014
711 1027
711 1030
711 1031
711 1035
711 1036
711 1037
711 1038
711 1039
711 1043
711 1044
711 1045
711 1046
711 1052
711 1056
711 1058
711 1062
711 1063
711 1076
711 1091
711 1094
711 1095
711 1099
711 1100
711 1101
711 1102
711 1103
711 1107
711 1110
711 1116
711 1125
711 1126
711 1127
711 1140
711 1155
711 1158
711 1164
711 1165
711 1166
711 1167
711 1171
711 1190
711 1191
711 1204
711 1216
711 1220
711 1222
711 1223
711 1227
711 1230
711 1231
711 1235
711 1236
711 1237
711 1238
711 1246
711 1252
711 1253
711 1254
711 1255
711 1268
711 1269
712 93
712 520
712 584
712 648
712 776
712 840
712 881
712 904
712 1121
712 1150
713 9
713 73
713 133
713 197
713 261
713 329
713 393
713 453
713 517
713 521
713 581
713 585
713 628
713 649
713 777
713 837
713 841
713 901
713 905
713 965
713 1033
713 1097
713 1161
713 1221
714 283
714 522
714 586
714 650
714 778
714 842
714 906
715 6
715 7
715 11
715 12
715 13
715 14
715 15
715 19
715 21
715 22
715 28
715 38
715 71
715 76
715 78
715 79
715 134
715 135
715 139
715 140
715 141
715 142
715 143
715 147
715 156
715 166
715 167
715 198
715 199
715 203
715 204
715 205
715 206
715 207
715 211
715 213
715 214
715 222
715 230
715 231
715 262
715 263
715 267
715 268
715 269
715 271
715 275
715 277
715 286
715 294
715 295
715 323
715 324
715 326
715 327
715 331
715 332
715 333
715 334
715 335
715 339
715 340
715 341
715 342
715 347
715 348
715 351
715 354
715 356
715 357
715 358
715 359
715 372
715 387
715 390
715 391
715 394
715 395
715 396
715 397
715 398
715 399
715 403
715 404
715 405
715 406
715 415
715 418
715 420
715 421
715 422
715 423
715 433
715 435
715 449
715 451
715 452
715 454
715 455
715 458
715 459
715 461
715 462
715 463
715 467
715 468
715 469
715 470
715 476
715 478
715 484
715 485
715 486
715 487
715 494
715 497
715 500
715 502
715 515
715 516
715 518
715 519
715 523
715 525
715 526
715 527
715 531
715 532
715 533
715 534
715 540
715 542
715 548
715 549
715 550
715 551
715 561
715 564
715 579
715 582
715 583
715 587
715 588
715 589
715 590
715 595
715 597
715 598
715 604
715 606
715 613
715 614
715 615
715 625
715 643
715 646
715 647
715 651
715 653
715 654
715 655
715 659
715 660
715 661
715 662
715 668
715 674
715 676
715 677
715 678
715 679
715 692
715 707
715 710
715 711
715 716
715 717
715 718
715 719
715 723
715 725
715 731
715 743
715 771
715 774
715 775
715 779
715 780
715 781
715 782
715 783
715 787
715 805
715 807
715 835
715 838
715 839
715 843
715 845
715 846
715 847
715 851
715 853
715 854
715 862
715 868
715 869
715 870
715 871
715 884
715 899
715 902
715 906
715 907
715 908
715 909
715 910
715 911
715 915
715 916
715 917
715 918
715 924
715 926
715 933
715 934
715 935
715 948
715 960
715 961
715 963
715 966
715 967
715 971
715 974
715 978
715 979
715 980
715 981
715 982
715 990
715 991
715 997
715 998
715 1001
715 1009
715 1012
715 1014
715 1027
715 1030
715 1031
715 1035
715 1036
715 1037
715 1038
715 1039
715 1043
715 1044
715 1045
715 1046
715 1052
715 1056
715 1058
715 1062
715 1063
715 1076
715 1091
715 1094
715 1095
715 1099
715 1100
715 1101
715 1102
715 1103
715 1107
715 1110
715 1116
715 1125
715 1126
715 1127
715 1140
715 1155
715 1158
715 1164
715 1165
715 1166
715 1167
715 1171
715 1190
715 1191
715 1204
715 1216
715 1220
715 1222
715 1223
715 1227
715 1230
715 1231
715 1235
715 1236
715 1237
715 1238
715 1246
715 1252
715 1253
715 1254
715 1255
715 1268
715 1269
716 6
716 12
716 13
716 14
716 15
716 19
716 21
716 22
716 38
716 76
716 78
716 79
716 134
716 135
716 139
716 140
716 141
716 142
716 143
716 147
716 156
716 198
716 199
716 203
716 204
716 205
716 206
716 207
716 211
716 213
716 230
716 231
716 262
716 267
716 268
716 269
716 271
716 286
716 295
716 323
716 324
716 326
716 327
716 331
716 332
716 333
716 334
716 335
716 339
716 341
716 342
716 347
716 348
716 356
716 357
716 358
716 359
716 372
716 387
716 390
716 391
716 395
716 396
716 397
716 398
716 399
716 403
716 404
716 405
716 406
716 421
716 422
716 423
716 433
716 435
716 451
716 452
716 454
716 455
716 459
716 460
716 461
716 462
716 463
716 467
716 468
716 469
716 470
716 476
716 478
716 485
716 486
716 487
716 502
716 515
716 518
716 519
716 523
716 524
716 525
716 526
716 527
716 531
716 534
716 540
716 542
716 548
716 549
716 550
716 551
716 579
716 582
716 583
716 587
716 588
716 589
716 590
716 591
716 595
716 597
716 598
716 613
716 615
716 643
716 646
716 647
716 651
716 652
716 653
716 654
716 655
716 659
716 660
716 661
716 662
716 668
716 674
716 677
716 678
716 679
716 692
716 707
716 710
716 711
716 715
716 717
716 718
716 719
716 723
716 725
716 743
716 774
716 775
716 780
716 781
716 782
716 783
716 807
716 835
716 838
716 839
716 843
716 844
716 845
716 846
716 847
716 851
716 853
716 854
716 871
716 884
716 899
716 902
716 907
716 908
716 909
716 910
716 911
716 915
716 917
716 918
716 924
716 926
716 933
716 934
716 935
716 948
716 961
716 963
716 966
716 967
716 971
716 972
716 973
716 974
716 975
716 978
716 979
716 980
716 981
716 982
716 990
716 997
716 998
716 999
716 1001
716 1009
716 1012
716 1014
716 1027
716 1030
716 1035
716 1036
716 1037
716 1038
716 1039
716 1045
716 1046
716 1062
716 1063
716 1076
716 1091
716 1094
716 1095
716 1100
716 1101
716 1102
716 1103
716 1107
716 1126
716 1127
716 1140
716 1155
716 1164
716 1165
716 1166
716 1167
716 1171
716 1190
716 1191
716 1204
716 1219
716 1222
716 1223
716 1227
716 1228
716 1229
716 1230
716 1231
716 1235
716 1237
716 1253
716 1254
716 1255
716 1268
717 6
717 12
717 13
717 14
717 15
717 19
717 21
717 22
717 38
717 76
717 78
717 79
717 134
717 135
717 139
717 140
717 141
717 142
717 143
717 147
717 156
717 198
717 199
717 203
717 204
717 205
717 206
717 207
717 211
717 213
717 230
717 231
717 262
717 263
717 267
717 268
717 269
717 271
717 286
717 295
717 323
717 324
717 326
717 327
717 331
717 332
717 333
717 334
717 335
717 339
717 340
717 341
717 342
717 347
717 348
717 356
717 357
717 358
717 359
717 372
717 387
717 390
717 391
717 395
717 396
717 397
717 398
717 399
717 403
717 404
717 405
717 406
717 418
717 421
717 422
717 423
717 433
717 435
717 451
717 452
717 454
717 455
717 459
717 460
717 461
717 462
717 463
717 467
717 468
717 469
717 470
717 476
717 478
717 485
717 486
717 487
717 502
717 515
717 518
717 519
717 523
717 524
717 525
717 526
717 527
717 531
717 534
717 540
717 542
717 548
717 549
717 550
717 551
717 564
717 579
717 582
717 583
717 587
717 588
717 589
717 590
717 591
717 595
717 597
717 598
717 613
717 615
717 643
717 646
717 647
717 651
717 652
717 653
717 654
717 655
717 659
717 660
717 661
717 662
717 668
717 674
717 677
717 678
717 679
717 692
717 707
717 710
717 711
717 715
717 716
717 718
717 719
717 723
717 725
717 743
717 774
717 775
717 779
717 780
717 781
717 782
717 783
717 807
717 835
717 838
717 839
717 843
717 844
717 845
717 846
717 847
717 851
717 853
717 854
717 871
717 884
717 899
717 902
717 907
717 908
717 909
717 910
717 911
717 915
717 917
717 918
717 924
717 926
717 933
717 934
717 935
717 948
717 961
717 963
717 966
717 967
717 971
717 972
717 973
717 974
717 975
717 978
717 979
717 980
717 981
717 982
717 990
717 997
717 998
717 999
717 1001
717 1009
717 1012
717 1014
717 1027
717 1030
717 1035
717 1036
717 1037
717 1038
717 1039
717 1045
717 1046
717 1062
717 1063
717 1076
717 1091
717 1094
717 1095
717 1100
717 1101
717 1102
717 1103
717 1107
717 1126
717 1127
717 1140
717 1155
717 1164
717 1165
717 1166
717 1167
717 1171
717 1190
717 1191
717 1204
717 1219
717 1222
717 1223
717 1227
717 1228
717 1229
717 1230
717 1231
717 1235
717 1237
717 1253
717 1254
717 1255
717 1268
718 6
718 7
718 11
718 13
718 14
718 19
718 20
718 21
718 22
718 28
718 38
718 71
718 76
718 78
718 79
718 134
718 135
718 139
718 141
718 147
718 150
718 156
718 158
718 164
718 166
718 167
718 196
718 198
718 199
718 203
718 205
718 206
718 207
718 211
718 212
718 213
718 214
718 222
718 230
718 231
718 259
718 262
718 263
718 267
718 269
718 275
718 277
718 278
718 286
718 293
718 294
718 295
718 323
718 324
718 327
718 331
718 339
718 340
718 341
718 342
718 347
718 348
718 351
718 354
718 356
718 357
718 358
718 366
718 369
718 372
718 387
718 388
718 391
718 394
718 395
718 404
718 405
718 406
718 408
718 415
718 418
718 420
718 421
718 422
718 433
718 435
718 438
718 449
718 451
718 452
718 455
718 458
718 459
718 461
718 462
718 468
718 470
718 476
718 478
718 484
718 485
718 486
718 494
718 497
718 500
718 502
718 515
718 516
718 518
718 519
718 523
718 526
718 531
718 532
718 533
718 534
718 540
718 541
718 542
718 548
718 549
718 551
718 561
718 564
718 579
718 583
718 587
718 590
718 595
718 596
718 597
718 598
718 604
718 606
718 608
718 610
718 613
718 614
718 615
718 625
718 640
718 643
718 646
718 647
718 651
718 654
718 657
718 660
718 661
718 662
718 668
718 674
718 676
718 677
718 678
718 689
718 691
718 692
718 707
718 710
718 711
718 715
718 716
718 717
718 719
718 723
718 725
718 731
718 732
718 742
718 743
718 771
718 774
718 775
718 779
718 781
718 782
718 783
718 787
718 805
718 807
718 820
718 835
718 838
718 839
718 843
718 846
718 847
718 851
718 853
718 854
718 855
718 862
718 864
718 868
718 869
718 870
718 884
718 903
718 906
718 907
718 910
718 915
718 916
718 917
718 918
718 924
718 926
718 930
718 933
718 934
718 948
718 960
718 961
718 962
718 964
718 966
718 967
718 970
718 971
718 978
718 979
718 980
718 981
718 982
718 990
718 991
718 997
718 1001
718 1009
718 1014
718 1030
718 1031
718 1034
718 1035
718 1037
718 1038
718 1043
718 1044
718 1045
718 1046
718 1052
718 1056
718 1058
718 1061
718 1062
718 1076
718 1091
718 1094
718 1095
718 1099
718 1102
718 1107
718 1108
718 1109
718 1110
718 1116
718 1125
718 1126
718 1140
718 1155
718 1156
718 1158
718 1163
718 1166
718 1167
718 1171
718 1174
718 1180
718 1188
718 1190
718 1191
718 1204
718 1216
718 1220
718 1222
718 1223
718 1227
718 1230
718 1235
718 1236
718 1237
718 1238
718 1246
718 1252
718 1253
718 1254
718 1255
718 1268
718 1269
719 6
719 12
719 13
719 14
719 15
719 19
719 21
719 22
719 38
719 76
719 78
719 79
719 134
719 135
719 139
719 140
719 141
719 142
719 143
719 147
719 156
719 198
719 199
719 203
719 204
719 205
719 206
719 207
719 211
719 213
719 230
719 231
719 262
719 263
719 267
719 268
719 269
719 271
719 286
719 295
719 323
719 324
719 326
719 327
719 331
719 332
719 333
719 334
719 335
719 339
719 340
719 341
719 342
719 347
719 348
719 356
719 357
719 358
719 359
719 372
719 387
719 390
719 391
719 395
719 396
719 397
719 398
719 399
719 403
719 404
719 405
719 406
719 418
719 421
719 422
719 423
719 433
719 435
719 451
719 452
719 454
719 455
719 459
719 460
719 461
719 462
719 463
719 467
719 468
719 469
719 470
719 476
719 478
719 485
719 486
719 487
719 502
719 515
719 518
719 519
719 523
719 524
719 525
719 526
719 527
719 531
719 534
719 540
719 542
719 548
719 549
719 550
719 551
719 564
719 579
719 582
719 583
719 587
719 588
719 589
719 590
719 591
719 595
719 597
719 598
719 613
719 614
719 615
719 643
719 646
719 647
719 651
719 652
719 653
719 654
719 655
719 659
719 660
719 661
719 662
719 668
719 674
719 677
719 678
719 679
719 692
719 707
719 710
719 711
719 715
719 716
719 717
719 718
719 723
719 725
719 743
719 774
719 775
719 779
719 780
719 781
719 782
719 783
719 807
719 835
719 838
719 839
719 843
719 844
719 845
719 846
719 847
719 851
719 853
719 854
719 871
719 884
719 899
719 902
719 907
719 908
719 909
719 910
719 911
719 915
719 917
719 918
719 924
719 926
719 933
719 934
719 935
719 948
719 961
719 963
719 966
719 967
719 971
719 972
719 973
719 974
719 975
719 978
719 979
719 980
719 981
719 982
719 990
719 997
719 998
719 999
719 1001
719 1009
719 1012
719 1014
719 1027
719 1030
719 1035
719 1036
719 1037
719 1038
719 1039
719 1043
719 1045
719 1046
719 1062
719 1063
719 1076
719 1091
719 1094
719 1095
719 1099
719 1100
719 1101
719 1102
719 1103
719 1107
719 1126
719 1127
719 1140
719 1155
719 1164
719 1165
719 1166
719 1167
719 1171
719 1190
719 1191
719 1204
719 1219
719 1222
719 1223
719 1227
719 1228
719 1229
719 1230
719 1231
719 1235
719 1237
719 1252
719 1253
719 1254
719 1255
719 1268
720 528
720 592
720 656
720 784
720 848
720 873
720 912
720 1090
721 529
721 593
721 657
721 785
721 849
721 913
721 1055
721 1130
721 1270
722 530
722 594
722 658
722 786
722 790
722 850
722 914
722 1182
723 6
723 7
723 11
723 13
723 14
723 15
723 19
723 21
723 22
723 28
723 38
723 71
723 76
723 78
723 79
723 134
723 135
723 139
723 140
723 141
723 142
723 143
723 147
723 156
723 158
723 166
723 167
723 196
723 198
723 199
723 203
723 204
723 205
723 206
723 207
723 211
723 212
723 213
723 214
723 222
723 230
723 231
723 262
723 263
723 267
723 269
723 275
723 277
723 286
723 293
723 294
723 295
723 323
723 324
723 326
723 327
723 331
723 333
723 334
723 335
723 339
723 340
723 341
723 342
723 347
723 348
723 351
723 354
723 356
723 357
723 358
723 359
723 369
723 372
723 387
723 388
723 390
723 391
723 394
723 395
723 397
723 403
723 404
723 405
723 406
723 408
723 415
723 418
723 420
723 421
723 422
723 423
723 433
723 435
723 438
723 449
723 451
723 452
723 454
723 455
723 458
723 459
723 461
723 462
723 463
723 467
723 468
723 469
723 470
723 476
723 478
723 484
723 485
723 486
723 487
723 494
723 497
723 500
723 502
723 515
723 516
723 518
723 519
723 523
723 525
723 526
723 531
723 532
723 533
723 534
723 540
723 542
723 548
723 549
723 550
723 551
723 561
723 564
723 579
723 582
723 583
723 587
723 588
723 589
723 590
723 595
723 596
723 597
723 598
723 604
723 606
723 608
723 610
723 613
723 614
723 615
723 625
723 643
723 646
723 647
723 651
723 653
723 654
723 659
723 660
723 661
723 662
723 668
723 674
723 676
723 677
723 678
723 679
723 691
723 692
723 707
723 710
723 711
723 715
723 716
723 717
723 718
723 719
723 725
723 731
723 732
723 742
723 743
723 771
723 774
723 775
723 779
723 780
723 781
723 782
723 783
723 787
723 805
723 807
723 835
723 838
723 839
723 843
723 846
723 847
723 851
723 853
723 854
723 862
723 868
723 869
723 870
723 871
723 884
723 899
723 902
723 906
723 907
723 909
723 910
723 911
723 915
723 916
723 917
723 918
723 924
723 926
723 930
723 933
723 934
723 935
723 948
723 960
723 961
723 966
723 967
723 971
723 974
723 978
723 979
723 980
723 981
723 982
723 990
723 991
723 997
723 998
723 1001
723 1009
723 1012
723 1014
723 1027
723 1030
723 1031
723 1034
723 1035
723 1036
723 1037
723 1038
723 1039
723 1043
723 1044
723 1045
723 1046
723 1052
723 1056
723 1058
723 1061
723 1062
723 1063
723 1076
723 1091
723 1094
723 1095
723 1099
723 1100
723 1101
723 1102
723 1103
723 1107
723 1110
723 1116
723 1125
723 1126
723 1127
723 1140
723 1155
723 1158
723 1163
723 1165
723 1166
723 1167
723 1171
723 1174
723 1190
723 1191
723 1204
723 1216
723 1220
723 1222
723 1223
723 1227
723 1230
723 1231
723 1235
723 1236
723 1237
723 1238
723 1246
723 1252
723 1253
723 1254
723 1255
723 1268
723 1269
724 32
724 37
724 70
724 75
724 83
724 131
724 132
724 146
724 148
724 149
724 150
724 195
724 220
724 228
724 259
724 270
724 273
724 278
724 279
724 288
724 292
724 305
724 308
724 402
724 411
724 472
724 477
724 489
724 514
724 530
724 532
724 594
724 596
724 612
724 617
724 640
724 644
724 657
724 658
724 660
724 670
724 681
724 689
724 726
724 728
724 788
724 852
724 855
724 863
724 864
724 897
724 903
724 913
724 916
724 932
724 941
724 962
724 964
724 970
724 983
724 984
724 988
724 992
724 994
724 996
724 1011
724 1060
724 1092
724 1108
724 1109
724 1115
724 1118
724 1139
724 1156
724 1159
724 1180
724 1188
724 1217
724 1226
724 1234
724 1239
724 1250
725 6
725 7
725 11
725 13
725 14
725 19
725 20
725 21
725 22
725 28
725 38
725 71
725 76
725 78
725 79
725 134
725 135
725 139
725 141
725 142
725 143
725 147
725 156
725 158
725 164
725 166
725 167
725 196
725 198
725 199
725 203
725 205
725 206
725 207
725 211
725 212
725 213
725 214
725 222
725 230
725 231
725 262
725 263
725 267
725 269
725 275
725 277
725 278
725 286
725 293
725 294
725 295
725 323
725 324
725 326
725 327
725 331
725 333
725 334
725 339
725 340
725 341
725 342
725 347
725 348
725 351
725 354
725 356
725 357
725 358
725 359
725 366
725 369
725 372
725 387
725 388
725 391
725 394
725 395
725 397
725 403
725 404
725 405
725 406
725 408
725 415
725 418
725 420
725 421
725 422
725 423
725 433
725 435
725 438
725 449
725 451
725 452
725 454
725 455
725 458
725 459
725 461
725 462
725 463
725 468
725 469
725 470
725 476
725 478
725 484
725 485
725 486
725 487
725 494
725 497
725 500
725 502
725 515
725 516
725 518
725 519
725 523
725 525
725 526
725 531
725 532
725 533
725 534
725 540
725 541
725 542
725 548
725 549
725 551
725 561
725 564
725 579
725 582
725 583
725 587
725 589
725 590
725 595
725 596
725 597
725 598
725 604
725 606
725 608
725 610
725 613
725 614
725 615
725 625
725 640
725 643
725 646
725 647
725 651
725 653
725 657
725 660
725 661
725 662
725 668
725 674
725 676
725 677
725 678
725 679
725 691
725 692
725 707
725 710
725 711
725 715
725 716
725 717
725 718
725 719
725 723
725 731
725 732
725 742
725 743
725 771
725 774
725 775
725 779
725 781
725 782
725 783
725 787
725 789
725 805
725 807
725 820
725 835
725 838
725 839
725 843
725 846
725 847
725 851
725 853
725 854
725 855
725 862
725 868
725 869
725 870
725 871
725 884
725 902
725 906
725 907
725 910
725 911
725 915
725 916
725 917
725 918
725 924
725 926
725 930
725 933
725 934
725 935
725 948
725 960
725 961
725 962
725 966
725 967
725 971
725 974
725 978
725 979
725 980
725 981
725 982
725 990
725 991
725 997
725 998
725 1001
725 1009
725 1012
725 1014
725 1027
725 1030
725 1031
725 1034
725 1035
725 1037
725 1038
725 1039
725 1043
725 1044
725 1045
725 1046
725 1052
725 1056
725 1058
725 1061
725 1062
725 1063
725 1076
725 1091
725 1094
725 1095
725 1099
725 1101
725 1102
725 1107
725 1110
725 1116
725 1125
725 1126
725 1127
725 1140
725 1155
725 1158
725 1163
725 1165
725 1166
725 1167
725 1171
725 1174
725 1190
725 1191
725 1204
725 1216
725 1220
725 1222
725 1223
725 1227
725 1230
725 1235
725 1236
725 1237
725 1238
725 1246
725 1252
725 1253
725 1254
725 1255
725 1268
725 1269
726 7
726 11
726 20
726 28
726 32
726 37
726 70
726 71
726 75
726 83
726 132
726 146
726 148
726 149
726 150
726 158
726 164
726 166
726 167
726 195
726 196
726 212
726 214
726 220
726 222
726 228
726 259
726 263
726 270
726 275
726 277
726 278
726 292
726 293
726 294
726 305
726 340
726 351
726 354
726 366
726 369
726 388
726 394
726 402
726 408
726 411
726 415
726 418
726 420
726 438
726 449
726 458
726 472
726 477
726 484
726 489
726 494
726 497
726 500
726 514
726 516
726 530
726 532
726 533
726 534
726 541
726 561
726 564
726 594
726 596
726 598
726 604
726 606
726 608
726 610
726 614
726 617
726 625
726 640
726 657
726 662
726 670
726 676
726 681
726 689
726 691
726 724
726 731
726 732
726 742
726 771
726 779
726 787
726 790
726 805
726 820
726 854
726 855
726 862
726 863
726 864
726 868
726 869
726 870
726 897
726 903
726 906
726 913
726 916
726 918
726 930
726 932
726 941
726 960
726 962
726 964
726 970
726 983
726 984
726 988
726 991
726 992
726 994
726 996
726 1011
726 1031
726 1034
726 1043
726 1044
726 1052
726 1056
726 1058
726 1060
726 1061
726 1092
726 1099
726 1108
726 1109
726 1110
726 1115
726 1116
726 1118
726 1125
726 1139
726 1156
726 1158
726 1159
726 1163
726 1174
726 1180
726 1188
726 1216
726 1220
726 1226
726 1234
726 1236
726 1238
726 1239
726 1246
726 1250
726 1252
726 1269
727 383
727 535
727 599
727 663
727 791
727 855
727 919
727 1020
728 37
728 75
728 83
728 92
728 131
728 132
728 220
728 273
728 279
728 288
728 305
728 308
728 361
728 402
728 472
728 477
728 514
728 530
728 536
728 544
728 600
728 612
728 617
728 644
728 658
728 664
728 670
728 681
728 724
728 792
728 836
728 856
728 863
728 913
728 920
728 932
728 941
728 983
728 994
728 1051
728 1092
728 1115
728 1118
728 1159
728 1172
728 1184
728 1217
728 1226
728 1234
728 1239
728 1250
729 537
729 601
729 665
729 793
729 857
729 921
730 144
730 538
730 602
730 666
730 794
730 858
730 922
731 6
731 7
731 11
731 13
731 14
731 19
731 20
731 21
731 22
731 28
731 32
731 38
731 71
731 76
731 78
731 79
731 134
731 135
731 139
731 141
731 146
731 147
731 150
731 156
731 158
731 164
731 166
731 167
731 196
731 198
731 199
731 203
731 205
731 206
731 211
731 212
731 213
731 214
731 222
731 230
731 231
731 259
731 262
731 263
731 267
731 269
731 275
731 277
731 278
731 286
731 293
731 294
731 295
731 323
731 324
731 327
731 331
731 339
731 340
731 341
731 342
731 347
731 348
731 351
731 354
731 356
731 357
731 358
731 366
731 369
731 372
731 387
731 388
731 391
731 394
731 395
731 404
731 406
731 408
731 411
731 415
731 418
731 420
731 421
731 422
731 433
731 435
731 438
731 449
731 451
731 452
731 458
731 459
731 462
731 468
731 470
731 476
731 478
731 484
731 494
731 497
731 500
731 502
731 516
731 518
731 519
731 531
731 532
731 533
731 534
731 539
731 540
731 541
731 542
731 548
731 549
731 561
731 564
731 579
731 583
731 587
731 594
731 595
731 596
731 597
731 598
731 603
731 604
731 606
731 608
731 610
731 613
731 614
731 625
731 640
731 643
731 646
731 647
731 651
731 657
731 660
731 661
731 662
731 667
731 668
731 674
731 676
731 677
731 678
731 689
731 691
731 692
731 707
731 710
731 711
731 715
731 718
731 723
731 725
731 726
731 732
731 742
731 743
731 771
731 774
731 775
731 779
731 781
731 782
731 783
731 787
731 795
731 805
731 807
731 820
731 839
731 843
731 846
731 851
731 853
731 854
731 855
731 859
731 862
731 864
731 868
731 869
731 870
731 884
731 897
731 903
731 906
731 907
731 915
731 916
731 917
731 918
731 923
731 924
731 926
731 930
731 934
731 948
731 960
731 961
731 962
731 964
731 967
731 970
731 978
731 980
731 981
731 982
731 988
731 990
731 991
731 992
731 997
731 1001
731 1009
731 1011
731 1014
731 1030
731 1031
731 1034
731 1035
731 1037
731 1038
731 1043
731 1044
731 1045
731 1046
731 1052
731 1056
731 1058
731 1061
731 1062
731 1076
731 1094
731 1095
731 1099
731 1102
731 1107
731 1108
731 1109
731 1110
731 1116
731 1125
731 1126
731 1155
731 1156
731 1158
731 1163
731 1166
731 1167
731 1171
731 1174
731 1180
731 1188
731 1190
731 1191
731 1204
731 1216
731 1220
731 1223
731 1227
731 1235
731 1236
731 1237
731 1238
731 1246
731 1252
731 1253
731 1255
731 1269
732 7
732 11
732 20
732 21
732 22
732 28
732 32
732 70
732 71
732 78
732 79
732 135
732 139
732 146
732 148
732 149
732 150
732 158
732 164
732 166
732 167
732 195
732 196
732 199
732 205
732 211
732 212
732 213
732 214
732 222
732 228
732 259
732 263
732 267
732 270
732 275
732 277
732 278
732 286
732 292
732 293
732 294
732 305
732 323
732 324
732 340
732 341
732 342
732 347
732 351
732 354
732 366
732 369
732 388
732 391
732 394
732 402
732 404
732 408
732 411
732 415
732 418
732 420
732 421
732 433
732 435
732 438
732 449
732 458
732 472
732 484
732 489
732 494
732 497
732 500
732 502
732 516
732 518
732 530
732 531
732 532
732 533
732 540
732 541
732 548
732 561
732 564
732 594
732 595
732 596
732 597
732 598
732 604
732 606
732 608
732 610
732 613
732 614
732 625
732 640
732 647
732 657
732 660
732 662
732 668
732 670
732 674
732 676
732 677
732 689
732 691
732 710
732 718
732 723
732 725
732 726
732 731
732 742
732 771
732 774
732 775
732 779
732 782
732 787
732 796
732 805
732 820
732 839
732 851
732 854
732 855
732 860
732 862
732 864
732 868
732 869
732 870
732 897
732 903
732 906
732 913
732 916
732 917
732 918
732 924
732 926
732 930
732 960
732 961
732 962
732 964
732 970
732 984
732 988
732 990
732 991
732 992
732 996
732 1009
732 1011
732 1014
732 1030
732 1031
732 1034
732 1035
732 1038
732 1043
732 1044
732 1045
732 1046
732 1052
732 1056
732 1058
732 1060
732 1061
732 1062
732 1092
732 1095
732 1099
732 1108
732 1109
732 1110
732 1116
732 1118
732 1125
732 1139
732 1156
732 1158
732 1163
732 1174
732 1180
732 1188
732 1216
732 1220
732 1226
732 1227
732 1234
732 1236
732 1238
732 1246
732 1250
732 1252
732 1253
732 1269
733 541
733 605
733 669
733 797
733 861
733 925
734 542
734 606
734 670
734 798
734 862
734 926
735 290
735 543
735 607
735 671
735 799
735 863
735 927
736 544
736 608
736 672
736 696
736 800
736 864
736 928
737 545
737 609
737 673
737 801
737 865
737 929
738 546
738 610
738 674
738 802
738 860
738 866
738 930
738 1247
739 221
739 330
739 547
739 611
739 675
739 803
739 867
739 931
740 548
740 612
740 676
740 804
740 868
740 932
741 34
741 521
741 549
741 613
741 677
741 805
741 869
741 933
742 7
742 11
742 20
742 21
742 22
742 28
742 32
742 70
742 71
742 78
742 79
742 132
742 135
742 139
742 146
742 148
742 149
742 150
742 158
742 164
742 166
742 167
742 195
742 196
742 199
742 205
742 211
742 212
742 214
742 222
742 228
742 259
742 263
742 267
742 270
742 275
742 277
742 278
742 286
742 292
742 293
742 294
742 305
742 323
742 324
742 340
742 341
742 342
742 347
742 351
742 354
742 366
742 369
742 388
742 391
742 394
742 402
742 404
742 408
742 411
742 415
742 418
742 420
742 421
742 433
742 438
742 449
742 458
742 472
742 484
742 489
742 494
742 497
742 500
742 502
742 516
742 518
742 530
742 531
742 532
742 533
742 541
742 548
742 550
742 561
742 564
742 594
742 595
742 596
742 597
742 598
742 604
742 606
742 608
742 610
742 613
742 614
742 617
742 625
742 640
742 647
742 657
742 660
742 662
742 668
742 670
742 674
742 676
742 677
742 678
742 689
742 691
742 710
742 718
742 723
742 725
742 726
742 731
742 732
742 771
742 774
742 775
742 779
742 787
742 805
742 806
742 820
742 839
742 851
742 854
742 855
742 862
742 864
742 868
742 869
742 870
742 897
742 903
742 906
742 913
742 916
742 917
742 918
742 926
742 930
742 934
742 960
742 961
742 962
742 964
742 970
742 984
742 988
742 990
742 991
742 992
742 994
742 996
742 1009
742 1011
742 1014
742 1030
742 1031
742 1034
742 1035
742 1038
742 1043
742 1044
742 1045
742 1046
742 1052
742 1056
742 1058
742 1060
742 1061
742 1062
742 1092
742 1099
742 1108
742 1109
742 1110
742 1116
742 1118
742 1125
742 1139
742 1156
742 1158
742 1163
742 1174
742 1180
742 1188
742 1216
742 1220
742 1226
742 1227
742 1234
742 1236
742 1238
742 1239
742 1246
742 1250
742 1252
742 1253
742 1269
743 6
743 11
743 12
743 13
743 14
743 15
743 19
743 21
743 22
743 28
743 38
743 71
743 76
743 78
743 79
743 134
743 135
743 139
743 140
743 141
743 142
743 143
743 147
743 156
743 167
743 198
743 199
743 203
743 204
743 205
743 206
743 207
743 211
743 213
743 214
743 222
743 230
743 231
743 262
743 263
743 267
743 268
743 269
743 271
743 275
743 277
743 286
743 294
743 295
743 323
743 324
743 326
743 327
743 331
743 332
743 333
743 334
743 335
743 339
743 340
743 341
743 342
743 347
743 348
743 351
743 354
743 356
743 357
743 358
743 359
743 372
743 387
743 390
743 391
743 394
743 395
743 396
743 397
743 398
743 399
743 403
743 404
743 405
743 406
743 415
743 418
743 421
743 422
743 423
743 433
743 435
743 449
743 451
743 452
743 454
743 455
743 459
743 461
743 462
743 463
743 467
743 468
743 469
743 470
743 476
743 478
743 484
743 485
743 486
743 487
743 494
743 497
743 500
743 502
743 515
743 516
743 518
743 519
743 523
743 524
743 525
743 526
743 527
743 531
743 533
743 534
743 540
743 542
743 548
743 549
743 550
743 551
743 561
743 564
743 579
743 582
743 583
743 587
743 588
743 589
743 590
743 591
743 595
743 597
743 598
743 604
743 606
743 613
743 614
743 615
743 625
743 643
743 646
743 647
743 651
743 652
743 653
743 654
743 655
743 659
743 660
743 661
743 662
743 668
743 674
743 676
743 677
743 678
743 679
743 692
743 707
743 710
743 711
743 715
743 716
743 717
743 718
743 719
743 723
743 725
743 731
743 771
743 774
743 775
743 779
743 780
743 781
743 782
743 783
743 787
743 805
743 807
743 835
743 838
743 839
743 843
743 845
743 846
743 847
743 851
743 853
743 854
743 862
743 868
743 869
743 870
743 871
743 884
743 899
743 902
743 906
743 907
743 908
743 909
743 910
743 911
743 915
743 916
743 917
743 918
743 924
743 926
743 933
743 934
743 935
743 948
743 960
743 961
743 963
743 966
743 967
743 971
743 974
743 975
743 978
743 979
743 980
743 981
743 982
743 990
743 991
743 997
743 998
743 999
743 1001
743 1009
743 1012
743 1014
743 1027
743 1030
743 1031
743 1035
743 1036
743 1037
743 1038
743 1039
743 1043
743 1044
743 1045
743 1046
743 1052
743 1056
743 1058
743 1062
743 1063
743 1076
743 1091
743 1094
743 1095
743 1099
743 1100
743 1101
743 1102
743 1103
743 1107
743 1110
743 1116
743 1125
743 1126
743 1127
743 1140
743 1155
743 1158
743 1164
743 1165
743 1166
743 1167
743 1171
743 1190
743 1191
743 1204
743 1216
743 1219
743 1220
743 1222
743 1223
743 1227
743 1228
743 1229
743 1230
743 1231
743 1235
743 1236
743 1237
743 1238
743 1246
743 1252
743 1253
743 1254
743 1255
743 1268
743 1269
744 97
744 191
744 552
744 616
744 680
744 808
744 872
744 936
745 553
745 617
745 681
745 809
745 873
745 937
745 993
745 1071
746 554
746 618
746 682
746 810
746 874
746 938
747 272
747 555
747 559
747 619
747 683
747 687
747 811
747 875
747 939
747 1080
747 1276
748 556
748 620
748 684
748 812
748 876
748 940
749 557
749 621
749 685
749 813
749 877
749 882
749 941
749 1053
749 1074
750 558
750 622
750 686
750 814
750 878
750 938
750 942
751 559
751 623
751 687
751 815
751 879
751 943
752 47
752 560
752 624
752 688
752 816
752 875
752 880
752 944
753 46
753 561
753 625
753 656
753 689
753 817
753 881
753 945
754 562
754 626
754 690
754 818
754 882
754 946
755 157
755 563
755 627
755 691
755 819
755 883
755 947
756 564
756 628
756 692
756 820
756 884
756 948
756 1054
757 565
757 629
757 693
757 698
757 821
757 885
757 949
758 512
758 566
758 630
758 694
758 822
758 886
758 950
758 1025
759 567
759 631
759 695
759 823
759 887
759 951
760 568
760 632
760 696
760 824
760 888
760 929
760 952
761 569
761 633
761 697
761 825
761 889
761 953
762 570
762 634
762 682
762 698
762 826
762 890
762 954
763 378
763 571
763 635
763 699
763 827
763 891
763 955
764 170
764 572
764 636
764 700
764 828
764 892
764 956
765 573
765 637
765 701
765 829
765 893
765 957
766 574
766 638
766 702
766 815
766 830
766 894
766 958
767 575
767 639
767 703
767 831
767 895
767 959
768 439
768 576
768 640
768 704
768 832
768 896
768 960
769 577
769 641
769 705
769 833
769 897
769 961
770 578
770 642
770 706
770 834
770 898
770 962
770 1006
771 7
771 11
771 13
771 14
771 20
771 21
771 22
771 28
771 32
771 38
771 71
771 76
771 78
771 79
771 134
771 135
771 139
771 141
771 146
771 147
771 148
771 149
771 150
771 156
771 158
771 164
771 166
771 167
771 196
771 198
771 199
771 203
771 205
771 211
771 212
771 213
771 214
771 222
771 228
771 231
771 259
771 262
771 263
771 267
771 269
771 270
771 275
771 277
771 278
771 286
771 292
771 293
771 294
771 295
771 323
771 324
771 327
771 340
771 341
771 342
771 347
771 348
771 351
771 354
771 357
771 366
771 369
771 372
771 388
771 391
771 394
771 404
771 406
771 408
771 411
771 415
771 418
771 420
771 421
771 433
771 435
771 438
771 449
771 451
771 452
771 458
771 459
771 462
771 468
771 476
771 478
771 484
771 489
771 494
771 497
771 500
771 502
771 516
771 518
771 531
771 532
771 533
771 534
771 540
771 541
771 542
771 548
771 549
771 561
771 564
771 579
771 583
771 594
771 595
771 596
771 597
771 598
771 604
771 606
771 608
771 610
771 613
771 614
771 625
771 640
771 643
771 646
771 647
771 651
771 657
771 660
771 661
771 662
771 668
771 674
771 676
771 677
771 678
771 689
771 691
771 692
771 707
771 710
771 711
771 715
771 718
771 723
771 725
771 726
771 731
771 732
771 742
771 743
771 774
771 775
771 779
771 782
771 783
771 787
771 805
771 807
771 820
771 835
771 839
771 843
771 851
771 853
771 854
771 855
771 862
771 864
771 868
771 869
771 870
771 897
771 899
771 903
771 906
771 916
771 917
771 918
771 924
771 926
771 930
771 934
771 960
771 961
771 962
771 963
771 964
771 967
771 970
771 978
771 980
771 984
771 988
771 990
771 991
771 992
771 996
771 997
771 1001
771 1009
771 1011
771 1014
771 1030
771 1031
771 1034
771 1035
771 1038
771 1043
771 1044
771 1045
771 1046
771 1052
771 1056
771 1058
771 1060
771 1061
771 1062
771 1094
771 1095
771 1099
771 1102
771 1107
771 1108
771 1109
771 1110
771 1116
771 1125
771 1126
771 1156
771 1158
771 1163
771 1166
771 1167
771 1171
771 1174
771 1180
771 1188
771 1190
771 1191
771 1216
771 1220
771 1227
771 1236
771 1237
771 1238
771 1246
771 1252
771 1253
771 1269
772 580
772 644
772 708
772 836
772 900
772 964
773 29
773 161
773 581
773 645
773 709
773 837
773 901
773 965
774 6
774 7
774 11
774 13
774 14
774 19
774 20
774 21
774 22
774 28
774 38
774 71
774 76
774 78
774 79
774 134
774 135
774 139
774 141
774 147
774 150
774 156
774 158
774 164
774 166
774 167
774 196
774 198
774 199
774 203
774 205
774 206
774 207
774 211
774 212
774 213
774 214
774 222
774 230
774 231
774 259
774 262
774 263
774 267
774 269
774 275
774 277
774 278
774 286
774 293
774 294
774 295
774 323
774 324
774 327
774 331
774 339
774 340
774 341
774 342
774 347
774 348
774 351
774 354
774 356
774 357
774 358
774 359
774 366
774 369
774 372
774 387
774 388
774 391
774 394
774 395
774 403
774 404
774 405
774 406
774 408
774 415
774 418
774 420
774 421
774 422
774 423
774 433
774 435
774 438
774 449
774 451
774 452
774 455
774 458
774 459
774 461
774 462
774 468
774 470
774 476
774 478
774 484
774 485
774 486
774 487
774 494
774 497
774 500
774 502
774 515
774 516
774 518
774 519
774 523
774 526
774 531
774 532
774 533
774 534
774 540
774 541
774 542
774 548
774 549
774 551
774 561
774 564
774 579
774 582
774 583
774 587
774 595
774 596
774 597
774 598
774 604
774 606
774 608
774 610
774 613
774 614
774 615
774 625
774 640
774 643
774 646
774 647
774 651
774 657
774 660
774 661
774 662
774 668
774 674
774 676
774 677
774 678
774 689
774 691
774 692
774 707
774 710
774 711
774 715
774 716
774 717
774 718
774 719
774 723
774 725
774 731
774 732
774 742
774 743
774 771
774 775
774 779
774 781
774 782
774 783
774 787
774 805
774 807
774 820
774 835
774 838
774 839
774 843
774 846
774 847
774 851
774 853
774 854
774 855
774 862
774 864
774 868
774 869
774 870
774 884
774 902
774 906
774 907
774 910
774 911
774 915
774 916
774 917
774 918
774 924
774 926
774 930
774 933
774 934
774 948
774 960
774 961
774 962
774 966
774 967
774 970
774 971
774 974
774 978
774 979
774 980
774 981
774 982
774 990
774 991
774 997
774 998
774 1001
774 1009
774 1012
774 1014
774 1027
774 1030
774 1031
774 1034
774 1035
774 1037
774 1038
774 1039
774 1043
774 1044
774 1045
774 1046
774 1052
774 1056
774 1058
774 1061
774 1062
774 1063
774 1076
774 1091
774 1094
774 1095
774 1099
774 1102
774 1107
774 1109
774 1110
774 1116
774 1125
774 1126
774 1127
774 1140
774 1155
774 1156
774 1158
774 1163
774 1165
774 1166
774 1167
774 1171
774 1174
774 1188
774 1190
774 1191
774 1204
774 1216
774 1220
774 1222
774 1223
774 1227
774 1230
774 1235
774 1236
774 1237
774 1238
774 1246
774 1252
774 1253
774 1254
774 1255
774 1268
774 1269
775 6
775 7
775 11
775 13
775 14
775 19
775 20
775 21
775 22
775 28
775 38
775 71
775 76
775 78
775 79
775 134
775 135
775 139
775 141
775 147
775 150
775 156
775 158
775 164
775 166
775 167
775 196
775 198
775 199
775 203
775 205
775 206
775 207
775 211
775 212
775 213
775 214
775 222
775 230
775 231
775 259
775 262
775 263
775 267
775 269
775 275
775 277
775 278
775 286
775 293
775 294
775 295
775 323
775 324
775 327
775 331
775 339
775 340
775 341
775 342
775 347
775 348
775 351
775 354
775 356
775 357
775 358
775 366
775 369
775 372
775 387
775 388
775 391
775 394
775 395
775 404
775 405
775 406
775 408
775 415
775 418
775 420
775 421
775 422
775 433
775 435
775 438
775 449
775 451
775 452
775 455
775 458
775 459
775 461
775 462
775 468
775 470
775 476
775 478
775 484
775 485
775 486
775 494
775 497
775 500
775 502
775 515
775 516
775 518
775 519
775 523
775 531
775 532
775 533
775 534
775 540
775 541
775 542
775 548
775 549
775 551
775 561
775 564
775 579
775 583
775 587
775 595
775 596
775 597
775 598
775 604
775 606
775 608
775 610
775 613
775 614
775 615
775 625
775 640
775 643
775 646
775 647
775 651
775 657
775 660
775 661
775 662
775 668
775 674
775 676
775 677
775 678
775 689
775 691
775 692
775 707
775 710
775 711
775 715
775 716
775 717
775 718
775 719
775 723
775 725
775 731
775 732
775 742
775 743
775 771
775 774
775 779
775 781
775 782
775 783
775 787
775 805
775 807
775 820
775 835
775 838
775 839
775 843
775 846
775 847
775 851
775 853
775 854
775 855
775 862
775 864
775 868
775 869
775 870
775 884
775 902
775 903
775 906
775 907
775 915
775 916
775 917
775 918
775 924
775 926
775 930
775 933
775 934
775 948
775 960
775 961
775 962
775 964
775 966
775 967
775 970
775 971
775 974
775 978
775 979
775 980
775 981
775 982
775 990
775 991
775 997
775 1001
775 1009
775 1014
775 1030
775 1031
775 1034
775 1035
775 1037
775 1038
775 1039
775 1043
775 1044
775 1045
775 1046
775 1052
775 1056
775 1058
775 1061
775 1062
775 1076
775 1091
775 1094
775 1095
775 1099
775 1102
775 1107
775 1108
775 1109
775 1110
775 1116
775 1125
775 1126
775 1127
775 1140
775 1155
775 1156
775 1158
775 1163
775 1165
775 1166
775 1167
775 1171
775 1174
775 1188
775 1190
775 1191
775 1204
775 1216
775 1220
775 1222
775 1223
775 1227
775 1230
775 1235
775 1236
775 1237
775 1238
775 1246
775 1252
775 1253
775 1254
775 1255
775 1268
775 1269
776 0
776 547
776 584
776 648
776 712
776 840
776 904
776 968
777 9
777 73
777 133
777 197
777 261
777 329
777 393
777 453
777 517
777 581
777 585
777 628
777 649
777 713
777 837
777 841
777 901
777 905
777 965
777 969
777 1033
777 1097
777 1161
777 1221
778 117
778 442
778 491
778 586
778 650
778 714
778 803
778 842
778 906
778 970
779 6
779 7
779 11
779 13
779 14
779 19
779 20
779 21
779 22
779 28
779 38
779 71
779 76
779 78
779 79
779 134
779 135
779 139
779 141
779 147
779 150
779 156
779 158
779 164
779 166
779 167
779 196
779 198
779 199
779 203
779 205
779 206
779 207
779 211
779 212
779 213
779 214
779 222
779 230
779 231
779 259
779 262
779 263
779 267
779 269
779 275
779 277
779 278
779 286
779 293
779 294
779 295
779 323
779 324
779 327
779 331
779 339
779 340
779 341
779 342
779 347
779 348
779 351
779 354
779 356
779 357
779 358
779 366
779 369
779 372
779 387
779 388
779 391
779 394
779 395
779 404
779 405
779 406
779 408
779 415
779 418
779 420
779 421
779 422
779 433
779 435
779 438
779 449
779 451
779 452
779 455
779 458
779 459
779 461
779 462
779 468
779 470
779 476
779 478
779 484
779 485
779 486
779 494
779 497
779 500
779 502
779 515
779 516
779 518
779 519
779 523
779 531
779 532
779 533
779 534
779 540
779 541
779 542
779 548
779 549
779 551
779 561
779 564
779 579
779 583
779 587
779 594
779 595
779 596
779 597
779 598
779 604
779 606
779 608
779 610
779 613
779 614
779 615
779 625
779 640
779 643
779 646
779 647
779 651
779 657
779 660
779 661
779 662
779 668
779 674
779 676
779 677
779 678
779 689
779 691
779 692
779 707
779 710
779 711
779 715
779 717
779 718
779 719
779 723
779 725
779 726
779 731
779 732
779 742
779 743
779 771
779 774
779 775
779 781
779 782
779 783
779 787
779 805
779 807
779 820
779 835
779 838
779 839
779 843
779 846
779 847
779 851
779 853
779 854
779 855
779 862
779 864
779 868
779 869
779 870
779 884
779 903
779 906
779 907
779 915
779 916
779 917
779 918
779 924
779 926
779 930
779 933
779 934
779 948
779 960
779 961
779 962
779 964
779 966
779 967
779 970
779 971
779 978
779 979
779 980
779 981
779 982
779 990
779 991
779 992
779 997
779 1001
779 1009
779 1014
779 1030
779 1031
779 1034
779 1035
779 1037
779 1038
779 1043
779 1044
779 1045
779 1046
779 1052
779 1056
779 1058
779 1061
779 1062
779 1076
779 1091
779 1094
779 1095
779 1099
779 1102
779 1107
779 1108
779 1109
779 1110
779 1116
779 1125
779 1126
779 1140
779 1155
779 1156
779 1158
779 1163
779 1166
779 1167
779 1171
779 1174
779 1180
779 1188
779 1190
779 1191
779 1204
779 1216
779 1220
779 1222
779 1223
779 1227
779 1230
779 1235
779 1236
779 1237
779 1238
779 1246
779 1252
779 1253
779 1254
779 1255
779 1268
779 1269
780 6
780 12
780 13
780 14
780 15
780 19
780 38
780 76
780 78
780 79
780 134
780 140
780 141
780 142
780 143
780 147
780 156
780 198
780 203
780 204
780 205
780 206
780 207
780 213
780 230
780 231
780 262
780 267
780 268
780 269
780 271
780 286
780 295
780 323
780 326
780 327
780 331
780 332
780 333
780 334
780 335
780 339
780 341
780 348
780 356
780 357
780 358
780 359
780 372
780 387
780 390
780 391
780 395
780 396
780 397
780 398
780 399
780 403
780 404
780 405
780 406
780 421
780 422
780 423
780 435
780 451
780 452
780 454
780 455
780 459
780 460
780 461
780 462
780 463
780 467
780 468
780 469
780 470
780 476
780 478
780 485
780 486
780 487
780 515
780 518
780 519
780 523
780 524
780 525
780 526
780 527
780 531
780 534
780 540
780 542
780 549
780 550
780 551
780 579
780 582
780 583
780 587
780 588
780 589
780 590
780 591
780 597
780 613
780 615
780 643
780 646
780 647
780 651
780 652
780 653
780 654
780 655
780 659
780 660
780 661
780 677
780 678
780 679
780 692
780 707
780 710
780 711
780 715
780 716
780 717
780 719
780 723
780 743
780 781
780 782
780 783
780 807
780 835
780 838
780 843
780 844
780 845
780 846
780 847
780 853
780 854
780 871
780 884
780 899
780 902
780 907
780 908
780 909
780 910
780 911
780 915
780 918
780 924
780 926
780 933
780 934
780 935
780 948
780 963
780 966
780 967
780 971
780 972
780 973
780 974
780 975
780 978
780 979
780 980
780 981
780 982
780 997
780 998
780 999
780 1001
780 1012
780 1027
780 1030
780 1036
780 1037
780 1038
780 1039
780 1046
780 1063
780 1076
780 1091
780 1094
780 1095
780 1100
780 1101
780 1102
780 1103
780 1107
780 1126
780 1127
780 1140
780 1155
780 1164
780 1165
780 1166
780 1167
780 1171
780 1190
780 1191
780 1204
780 1219
780 1222
780 1223
780 1227
780 1228
780 1229
780 1230
780 1231
780 1235
780 1237
780 1254
780 1255
780 1268
781 6
781 11
781 12
781 13
781 14
781 15
781 19
781 21
781 22
781 28
781 38
781 71
781 76
781 78
781 79
781 134
781 135
781 139
781 140
781 141
781 142
781 143
781 147
781 156
781 167
781 198
781 199
781 203
781 204
781 205
781 206
781 207
781 211
781 213
781 214
781 222
781 230
781 231
781 262
781 263
781 267
781 268
781 269
781 271
781 275
781 286
781 295
781 323
781 324
781 326
781 327
781 331
781 332
781 333
781 334
781 335
781 339
781 340
781 341
781 342
781 347
781 348
781 354
781 356
781 357
781 358
781 359
781 372
781 387
781 390
781 391
781 395
781 396
781 397
781 398
781 399
781 403
781 404
781 405
781 406
781 415
781 418
781 421
781 422
781 423
781 433
781 435
781 451
781 452
781 454
781 455
781 459
781 460
781 461
781 462
781 463
781 467
781 468
781 469
781 470
781 476
781 478
781 485
781 486
781 487
781 497
781 502
781 515
781 518
781 519
781 523
781 524
781 525
781 526
781 527
781 531
781 534
781 540
781 542
781 548
781 549
781 550
781 551
781 564
781 579
781 582
781 583
781 587
781 588
781 589
781 590
781 591
781 595
781 597
781 598
781 604
781 613
781 614
781 615
781 625
781 643
781 646
781 647
781 651
781 652
781 653
781 654
781 655
781 659
781 660
781 661
781 662
781 668
781 674
781 676
781 677
781 678
781 679
781 692
781 707
781 710
781 711
781 715
781 716
781 717
781 718
781 719
781 723
781 725
781 731
781 743
781 774
781 775
781 779
781 780
781 782
781 783
781 807
781 835
781 838
781 839
781 843
781 844
781 845
781 846
781 847
781 851
781 853
781 854
781 862
781 868
781 869
781 870
781 871
781 884
781 899
781 902
781 907
781 908
781 909
781 910
781 911
781 915
781 916
781 917
781 918
781 924
781 926
781 933
781 934
781 935
781 948
781 961
781 963
781 966
781 967
781 971
781 972
781 973
781 974
781 975
781 978
781 979
781 980
781 981
781 982
781 990
781 997
781 998
781 999
781 1001
781 1009
781 1012
781 1014
781 1027
781 1030
781 1035
781 1036
781 1037
781 1038
781 1039
781 1043
781 1044
781 1045
781 1046
781 1058
781 1062
781 1063
781 1076
781 1091
781 1094
781 1095
781 1099
781 1100
781 1101
781 1102
781 1103
781 1107
781 1126
781 1127
781 1140
781 1155
781 1164
781 1165
781 1166
781 1167
781 1171
781 1190
781 1191
781 1204
781 1219
781 1220
781 1222
781 1223
781 1227
781 1228
781 1229
781 1230
781 1231
781 1235
781 1236
781 1237
781 1238
781 1246
781 1252
781 1253
781 1254
781 1255
781 1268
782 6
782 7
782 11
782 12
782 13
782 14
782 15
782 19
782 21
782 22
782 28
782 38
782 71
782 76
782 78
782 79
782 134
782 135
782 139
782 140
782 141
782 142
782 143
782 147
782 156
782 158
782 166
782 167
782 196
782 198
782 199
782 203
782 204
782 205
782 206
782 207
782 211
782 213
782 214
782 222
782 230
782 231
782 262
782 263
782 267
782 268
782 269
782 275
782 277
782 286
782 294
782 295
782 323
782 324
782 326
782 327
782 331
782 332
782 333
782 334
782 335
782 339
782 340
782 341
782 342
782 347
782 348
782 351
782 354
782 356
782 357
782 358
782 359
782 369
782 372
782 387
782 388
782 390
782 391
782 394
782 395
782 397
782 398
782 399
782 403
782 404
782 405
782 406
782 415
782 418
782 420
782 421
782 422
782 423
782 433
782 435
782 438
782 449
782 451
782 452
782 454
782 455
782 458
782 459
782 461
782 462
782 463
782 467
782 468
782 469
782 470
782 476
782 478
782 484
782 485
782 486
782 487
782 494
782 497
782 500
782 502
782 515
782 516
782 518
782 519
782 523
782 525
782 526
782 527
782 531
782 532
782 533
782 534
782 540
782 542
782 548
782 549
782 550
782 551
782 561
782 564
782 579
782 582
782 583
782 587
782 588
782 589
782 590
782 595
782 597
782 598
782 604
782 606
782 608
782 610
782 613
782 614
782 615
782 625
782 643
782 646
782 647
782 651
782 653
782 654
782 659
782 660
782 661
782 662
782 668
782 674
782 676
782 677
782 678
782 679
782 692
782 707
782 710
782 711
782 715
782 716
782 717
782 718
782 719
782 723
782 725
782 731
782 732
782 743
782 771
782 774
782 775
782 779
782 780
782 781
782 783
782 787
782 805
782 807
782 835
782 838
782 839
782 843
782 846
782 847
782 851
782 853
782 854
782 862
782 868
782 869
782 870
782 871
782 884
782 899
782 902
782 906
782 907
782 909
782 910
782 911
782 915
782 916
782 917
782 918
782 924
782 926
782 933
782 934
782 935
782 948
782 960
782 961
782 966
782 967
782 971
782 974
782 978
782 979
782 980
782 981
782 982
782 990
782 991
782 997
782 998
782 1001
782 1009
782 1012
782 1014
782 1027
782 1030
782 1031
782 1034
782 1035
782 1036
782 1037
782 1038
782 1039
782 1043
782 1044
782 1045
782 1046
782 1052
782 1056
782 1058
782 1061
782 1062
782 1063
782 1076
782 1091
782 1094
782 1095
782 1099
782 1100
782 1101
782 1102
782 1103
782 1107
782 1110
782 1116
782 1125
782 1126
782 1127
782 1140
782 1155
782 1158
782 1163
782 1164
782 1165
782 1166
782 1167
782 1171
782 1190
782 1191
782 1204
782 1216
782 1220
782 1222
782 1223
782 1227
782 1230
782 1231
782 1235
782 1236
782 1237
782 1238
782 1246
782 1252
782 1253
782 1254
782 1255
782 1268
782 1269
783 6
783 7
783 11
783 12
783 13
783 14
783 15
783 19
783 21
783 22
783 28
783 38
783 71
783 76
783 78
783 79
783 134
783 135
783 139
783 140
783 141
783 142
783 143
783 147
783 156
783 166
783 167
783 198
783 199
783 203
783 204
783 205
783 206
783 207
783 211
783 213
783 214
783 222
783 230
783 231
783 262
783 263
783 267
783 268
783 269
783 271
783 275
783 277
783 286
783 294
783 295
783 323
783 324
783 326
783 327
783 331
783 332
783 333
783 334
783 335
783 339
783 340
783 341
783 342
783 347
783 348
783 351
783 354
783 356
783 357
783 358
783 359
783 372
783 387
783 390
783 391
783 394
783 395
783 396
783 397
783 398
783 399
783 403
783 404
783 405
783 406
783 415
783 418
783 420
783 421
783 422
783 423
783 433
783 435
783 449
783 451
783 452
783 454
783 455
783 458
783 459
783 461
783 462
783 463
783 467
783 468
783 469
783 470
783 476
783 478
783 484
783 485
783 486
783 487
783 494
783 497
783 500
783 502
783 515
783 516
783 518
783 519
783 523
783 525
783 526
783 527
783 531
783 532
783 533
783 534
783 540
783 542
783 548
783 549
783 550
783 551
783 561
783 564
783 579
783 582
783 583
783 587
783 588
783 589
783 590
783 591
783 595
783 597
783 598
783 604
783 606
783 610
783 613
783 614
783 615
783 625
783 643
783 646
783 647
783 651
783 653
783 654
783 655
783 659
783 660
783 661
783 662
783 668
783 674
783 676
783 677
783 678
783 679
783 692
783 707
783 710
783 711
783 715
783 716
783 717
783 718
783 719
783 723
783 725
783 731
783 743
783 771
783 774
783 775
783 779
783 780
783 781
783 782
783 787
783 805
783 807
783 835
783 838
783 839
783 843
783 845
783 846
783 847
783 851
783 853
783 854
783 862
783 868
783 869
783 870
783 871
783 884
783 899
783 902
783 906
783 907
783 909
783 910
783 911
783 915
783 916
783 917
783 918
783 924
783 926
783 933
783 934
783 935
783 948
783 960
783 961
783 963
783 966
783 967
783 971
783 974
783 975
783 978
783 979
783 980
783 981
783 982
783 990
783 991
783 997
783 998
783 1001
783 1009
783 1012
783 1014
783 1027
783 1030
783 1031
783 1035
783 1036
783 1037
783 1038
783 1039
783 1043
783 1044
783 1045
783 1046
783 1052
783 1056
783 1058
783 1062
783 1063
783 1076
783 1091
783 1094
783 1095
783 1099
783 1100
783 1101
783 1102
783 1103
783 1107
783 1110
783 1116
783 1125
783 1126
783 1127
783 1140
783 1155
783 1158
783 1164
783 1165
783 1166
783 1167
783 1171
783 1190
783 1191
783 1204
783 1216
783 1220
783 1222
783 1223
783 1227
783 1230
783 1231
783 1235
783 1236
783 1237
783 1238
783 1246
783 1252
783 1253
783 1254
783 1255
783 1268
783 1269
784 509
784 592
784 656
784 669
784 720
784 848
784 912
784 956
784 976
785 227
785 380
785 593
785 657
785 721
785 849
785 913
785 977
786 594
786 658
786 722
786 850
786 914
786 978
787 7
787 11
787 13
787 14
787 20
787 21
787 22
787 28
787 32
787 38
787 70
787 71
787 76
787 78
787 79
787 134
787 135
787 139
787 141
787 146
787 147
787 148
787 149
787 150
787 156
787 158
787 164
787 166
787 167
787 196
787 199
787 203
787 205
787 211
787 212
787 213
787 214
787 222
787 228
787 231
787 259
787 262
787 263
787 267
787 269
787 270
787 275
787 277
787 278
787 286
787 292
787 293
787 294
787 295
787 323
787 324
787 327
787 340
787 341
787 342
787 347
787 351
787 354
787 357
787 366
787 369
787 372
787 388
787 391
787 394
787 404
787 406
787 408
787 411
787 415
787 418
787 420
787 421
787 433
787 435
787 438
787 449
787 452
787 458
787 459
787 462
787 476
787 478
787 484
787 489
787 494
787 497
787 500
787 502
787 516
787 518
787 531
787 532
787 533
787 534
787 540
787 541
787 542
787 548
787 561
787 564
787 583
787 594
787 595
787 596
787 597
787 598
787 604
787 606
787 608
787 610
787 613
787 614
787 625
787 640
787 647
787 651
787 657
787 659
787 660
787 662
787 668
787 674
787 676
787 677
787 689
787 691
787 692
787 710
787 711
787 715
787 718
787 723
787 725
787 726
787 731
787 732
787 742
787 743
787 771
787 774
787 775
787 779
787 782
787 783
787 805
787 820
787 839
787 851
787 853
787 854
787 855
787 862
787 864
787 868
787 869
787 870
787 897
787 903
787 906
787 915
787 916
787 917
787 918
787 924
787 926
787 930
787 934
787 960
787 961
787 962
787 964
787 967
787 970
787 978
787 979
787 980
787 984
787 988
787 990
787 991
787 992
787 996
787 997
787 1001
787 1009
787 1011
787 1014
787 1030
787 1031
787 1034
787 1035
787 1038
787 1043
787 1044
787 1045
787 1046
787 1052
787 1056
787 1058
787 1060
787 1061
787 1062
787 1094
787 1095
787 1099
787 1102
787 1107
787 1108
787 1109
787 1110
787 1116
787 1125
787 1126
787 1139
787 1156
787 1158
787 1163
787 1166
787 1167
787 1171
787 1174
787 1180
787 1188
787 1190
787 1191
787 1216
787 1220
787 1227
787 1236
787 1237
787 1238
787 1246
787 1252
787 1253
787 1269
788 229
788 596
788 660
788 724
788 852
788 916
788 980
789 597
789 661
789 725
789 853
789 917
789 981
790 598
790 662
790 722
790 726
790 854
790 918
790 982
790 1182
791 599
791 663
791 727
791 855
791 883
791 912
791 919
791 983
792 48
792 178
792 600
792 664
792 728
792 856
792 920
792 984
793 601
793 665
793 729
793 857
793 921
793 985
794 602
794 666
794 730
794 858
794 922
794 986
795 109
795 603
795 667
795 731
795 859
795 877
795 923
795 954
795 987
795 1148
796 604
796 668
796 732
796 860
796 924
796 988
797 605
797 669
797 733
797 861
797 925
797 989
798 606
798 670
798 734
798 862
798 926
798 990
799 607
799 671
799 735
799 863
799 927
799 991
799 1143
800 608
800 664
800 672
800 736
800 864
800 928
800 992
801 367
801 609
801 632
801 673
801 737
801 865
801 929
801 993
802 355
802 428
802 610
802 674
802 738
802 866
802 930
802 994
802 1059
803 117
803 442
803 491
803 611
803 675
803 739
803 778
803 867
803 931
803 995
804 353
804 612
804 676
804 740
804 868
804 932
804 996
805 7
805 11
805 13
805 14
805 20
805 21
805 22
805 28
805 32
805 38
805 70
805 71
805 76
805 78
805 79
805 134
805 135
805 139
805 141
805 146
805 147
805 148
805 149
805 150
805 156
805 158
805 164
805 166
805 167
805 196
805 199
805 203
805 205
805 211
805 212
805 213
805 214
805 222
805 228
805 231
805 259
805 263
805 267
805 269
805 270
805 275
805 277
805 278
805 286
805 292
805 293
805 294
805 295
805 323
805 324
805 327
805 340
805 341
805 342
805 347
805 351
805 354
805 357
805 366
805 369
805 372
805 388
805 391
805 394
805 404
805 406
805 408
805 411
805 415
805 418
805 420
805 421
805 433
805 435
805 438
805 449
805 452
805 458
805 459
805 462
805 476
805 478
805 484
805 489
805 494
805 497
805 500
805 502
805 516
805 518
805 531
805 532
805 533
805 534
805 540
805 541
805 542
805 548
805 561
805 564
805 583
805 594
805 595
805 596
805 597
805 598
805 604
805 606
805 608
805 610
805 613
805 614
805 625
805 640
805 647
805 651
805 657
805 660
805 662
805 668
805 674
805 676
805 677
805 689
805 691
805 692
805 710
805 711
805 715
805 718
805 723
805 725
805 726
805 731
805 732
805 741
805 742
805 743
805 771
805 774
805 775
805 779
805 782
805 783
805 787
805 820
805 839
805 851
805 853
805 854
805 855
805 862
805 864
805 868
805 869
805 870
805 897
805 903
805 906
805 916
805 917
805 918
805 926
805 930
805 933
805 934
805 960
805 961
805 962
805 964
805 967
805 970
805 980
805 984
805 988
805 990
805 991
805 992
805 996
805 997
805 1001
805 1009
805 1011
805 1014
805 1030
805 1031
805 1034
805 1035
805 1038
805 1043
805 1044
805 1045
805 1046
805 1052
805 1056
805 1058
805 1060
805 1061
805 1062
805 1094
805 1095
805 1099
805 1102
805 1107
805 1108
805 1109
805 1110
805 1116
805 1125
805 1126
805 1139
805 1156
805 1158
805 1163
805 1166
805 1167
805 1171
805 1174
805 1180
805 1188
805 1190
805 1191
805 1216
805 1220
805 1227
805 1236
805 1237
805 1238
805 1246
805 1252
805 1253
805 1269
806 614
806 678
806 742
806 870
806 934
806 998
807 6
807 11
807 12
807 13
807 14
807 15
807 19
807 21
807 22
807 28
807 38
807 71
807 76
807 78
807 79
807 134
807 135
807 139
807 140
807 141
807 142
807 143
807 147
807 156
807 167
807 198
807 199
807 203
807 204
807 205
807 206
807 207
807 211
807 213
807 214
807 222
807 230
807 231
807 262
807 263
807 267
807 268
807 269
807 271
807 275
807 286
807 294
807 295
807 323
807 324
807 326
807 327
807 331
807 332
807 333
807 334
807 335
807 339
807 340
807 341
807 342
807 347
807 348
807 354
807 356
807 357
807 358
807 359
807 372
807 387
807 390
807 391
807 395
807 396
807 397
807 398
807 399
807 403
807 404
807 405
807 406
807 415
807 418
807 421
807 422
807 423
807 433
807 435
807 451
807 452
807 454
807 455
807 459
807 460
807 461
807 462
807 463
807 467
807 468
807 469
807 470
807 476
807 478
807 485
807 486
807 487
807 494
807 497
807 502
807 515
807 518
807 519
807 523
807 524
807 525
807 526
807 527
807 531
807 533
807 534
807 540
807 542
807 548
807 549
807 550
807 551
807 561
807 564
807 579
807 582
807 583
807 587
807 588
807 589
807 590
807 591
807 595
807 597
807 598
807 604
807 606
807 613
807 614
807 615
807 625
807 643
807 646
807 647
807 651
807 652
807 653
807 654
807 655
807 659
807 660
807 661
807 662
807 668
807 674
807 676
807 677
807 678
807 679
807 692
807 707
807 710
807 711
807 715
807 716
807 717
807 718
807 719
807 723
807 725
807 731
807 743
807 771
807 774
807 775
807 779
807 780
807 781
807 782
807 783
807 835
807 838
807 839
807 843
807 845
807 846
807 847
807 851
807 853
807 854
807 862
807 868
807 869
807 870
807 871
807 884
807 899
807 902
807 907
807 908
807 909
807 910
807 911
807 915
807 916
807 917
807 918
807 924
807 926
807 933
807 934
807 935
807 948
807 960
807 961
807 963
807 966
807 967
807 971
807 972
807 973
807 974
807 975
807 978
807 979
807 980
807 981
807 982
807 990
807 991
807 997
807 998
807 999
807 1001
807 1009
807 1012
807 1014
807 1027
807 1030
807 1031
807 1035
807 1036
807 1037
807 1038
807 1039
807 1043
807 1044
807 1045
807 1046
807 1052
807 1058
807 1062
807 1063
807 1076
807 1091
807 1094
807 1095
807 1099
807 1100
807 1101
807 1102
807 1103
807 1107
807 1116
807 1125
807 1126
807 1127
807 1140
807 1155
807 1164
807 1165
807 1166
807 1167
807 1171
807 1190
807 1191
807 1204
807 1216
807 1219
807 1220
807 1222
807 1223
807 1227
807 1228
807 1229
807 1230
807 1231
807 1235
807 1236
807 1237
807 1238
807 1246
807 1252
807 1253
807 1254
807 1255
807 1268
808 616
808 680
808 744
808 872
808 936
808 1000
809 160
809 256
809 563
809 617
809 681
809 745
809 873
809 937
809 1001
810 618
810 682
810 746
810 874
810 938
810 1002
811 492
811 619
811 683
811 747
811 874
811 875
811 939
811 1003
811 1016
812 620
812 637
812 684
812 748
812 876
812 940
812 1004
813 98
813 621
813 685
813 749
813 877
813 941
813 1005
814 412
814 479
814 607
814 622
814 686
814 750
814 878
814 942
814 1006
815 623
815 687
815 751
815 766
815 879
815 943
815 1007
816 624
816 688
816 752
816 880
816 944
816 1008
817 625
817 689
817 753
817 881
817 945
817 1009
817 1170
818 626
818 690
818 754
818 882
818 946
818 1010
819 627
819 691
819 755
819 883
819 947
819 1011
820 7
820 11
820 20
820 21
820 22
820 28
820 32
820 70
820 71
820 78
820 79
820 83
820 132
820 135
820 139
820 146
820 148
820 149
820 150
820 158
820 164
820 166
820 167
820 195
820 196
820 199
820 205
820 211
820 212
820 214
820 222
820 228
820 259
820 263
820 270
820 275
820 277
820 278
820 286
820 292
820 293
820 294
820 305
820 323
820 324
820 340
820 342
820 347
820 351
820 354
820 366
820 369
820 388
820 394
820 402
820 404
820 408
820 411
820 415
820 418
820 420
820 421
820 433
820 438
820 449
820 458
820 472
820 484
820 489
820 494
820 497
820 500
820 502
820 516
820 530
820 531
820 532
820 533
820 541
820 548
820 561
820 564
820 594
820 595
820 596
820 597
820 598
820 604
820 606
820 608
820 610
820 613
820 614
820 617
820 625
820 628
820 640
820 647
820 657
820 660
820 662
820 668
820 670
820 674
820 676
820 677
820 689
820 691
820 692
820 710
820 718
820 725
820 726
820 731
820 732
820 742
820 756
820 771
820 774
820 775
820 779
820 787
820 805
820 839
820 851
820 855
820 862
820 864
820 868
820 869
820 870
820 884
820 897
820 903
820 906
820 913
820 916
820 917
820 930
820 948
820 960
820 961
820 962
820 964
820 970
820 984
820 988
820 990
820 991
820 992
820 994
820 996
820 1009
820 1011
820 1012
820 1014
820 1030
820 1031
820 1034
820 1035
820 1043
820 1044
820 1045
820 1046
820 1052
820 1056
820 1058
820 1060
820 1061
820 1062
820 1092
820 1099
820 1108
820 1109
820 1110
820 1116
820 1118
820 1125
820 1139
820 1156
820 1158
820 1163
820 1174
820 1180
820 1188
820 1216
820 1220
820 1226
820 1227
820 1234
820 1236
820 1238
820 1239
820 1246
820 1250
820 1252
820 1253
820 1269
821 236
821 629
821 693
821 757
821 885
821 949
821 1013
821 1279
822 630
822 694
822 758
822 886
822 950
822 1014
823 95
823 631
823 695
823 759
823 887
823 951
823 1015
823 1047
824 632
824 696
824 760
824 888
824 952
824 1016
825 113
825 633
825 697
825 761
825 889
825 953
825 1017
825 1185
826 634
826 698
826 762
826 890
826 954
826 1018
827 635
827 699
827 763
827 891
827 955
827 1019
828 170
828 636
828 700
828 764
828 892
828 956
828 1020
829 637
829 701
829 765
829 893
829 957
829 1021
830 638
830 702
830 766
830 894
830 958
830 1022
831 639
831 703
831 767
831 895
831 959
831 1023
832 441
832 640
832 704
832 768
832 896
832 960
832 1024
833 600
833 641
833 705
833 769
833 897
833 961
833 1025
834 642
834 706
834 770
834 898
834 962
834 987
834 1026
835 6
835 12
835 13
835 14
835 15
835 19
835 21
835 22
835 38
835 76
835 78
835 79
835 134
835 135
835 139
835 140
835 141
835 142
835 143
835 147
835 156
835 198
835 199
835 203
835 204
835 205
835 206
835 207
835 211
835 213
835 230
835 231
835 262
835 263
835 267
835 268
835 269
835 271
835 286
835 295
835 323
835 324
835 326
835 327
835 331
835 332
835 333
835 334
835 335
835 339
835 340
835 341
835 342
835 347
835 348
835 356
835 357
835 358
835 359
835 372
835 387
835 390
835 391
835 395
835 396
835 397
835 398
835 399
835 403
835 404
835 405
835 406
835 418
835 421
835 422
835 423
835 433
835 435
835 451
835 452
835 454
835 455
835 459
835 460
835 461
835 462
835 463
835 467
835 468
835 469
835 470
835 476
835 478
835 485
835 486
835 487
835 502
835 515
835 518
835 519
835 523
835 524
835 525
835 526
835 527
835 531
835 534
835 540
835 542
835 548
835 549
835 550
835 551
835 564
835 579
835 582
835 583
835 587
835 588
835 589
835 590
835 591
835 595
835 597
835 598
835 613
835 614
835 615
835 643
835 646
835 647
835 651
835 652
835 653
835 654
835 655
835 659
835 660
835 661
835 662
835 668
835 674
835 677
835 678
835 679
835 692
835 707
835 710
835 711
835 715
835 716
835 717
835 718
835 719
835 723
835 725
835 743
835 771
835 774
835 775
835 779
835 780
835 781
835 782
835 783
835 807
835 838
835 839
835 843
835 844
835 845
835 846
835 847
835 851
835 853
835 854
835 871
835 884
835 899
835 902
835 907
835 908
835 909
835 910
835 911
835 915
835 917
835 918
835 924
835 926
835 933
835 934
835 935
835 948
835 961
835 963
835 966
835 967
835 971
835 972
835 973
835 974
835 975
835 978
835 979
835 980
835 981
835 982
835 990
835 997
835 998
835 999
835 1001
835 1009
835 1012
835 1014
835 1027
835 1030
835 1035
835 1036
835 1037
835 1038
835 1039
835 1043
835 1045
835 1046
835 1062
835 1063
835 1076
835 1091
835 1094
835 1095
835 1099
835 1100
835 1101
835 1102
835 1103
835 1107
835 1126
835 1127
835 1140
835 1155
835 1164
835 1165
835 1166
835 1167
835 1171
835 1190
835 1191
835 1204
835 1219
835 1222
835 1223
835 1227
835 1228
835 1229
835 1230
835 1231
835 1235
835 1237
835 1252
835 1253
835 1254
835 1255
835 1268
836 37
836 75
836 92
836 131
836 220
836 273
836 279
836 288
836 308
836 361
836 477
836 501
836 514
836 544
836 612
836 644
836 658
836 681
836 708
836 728
836 772
836 863
836 900
836 932
836 941
836 964
836 983
836 1028
836 1051
836 1115
836 1159
836 1172
836 1184
836 1217
837 9
837 73
837 133
837 197
837 261
837 329
837 393
837 453
837 517
837 581
837 628
837 645
837 649
837 709
837 713
837 773
837 777
837 901
837 965
837 1029
837 1033
837 1097
837 1161
837 1221
838 6
838 12
838 13
838 14
838 15
838 19
838 21
838 22
838 38
838 76
838 78
838 79
838 134
838 135
838 139
838 140
838 141
838 142
838 143
838 147
838 156
838 198
838 199
838 203
838 204
838 205
838 206
838 207
838 211
838 213
838 230
838 231
838 262
838 263
838 267
838 268
838 269
838 271
838 286
838 295
838 323
838 324
838 326
838 327
838 331
838 332
838 333
838 334
838 335
838 339
838 340
838 341
838 342
838 347
838 348
838 356
838 357
838 358
838 359
838 372
838 387
838 390
838 391
838 395
838 396
838 397
838 398
838 399
838 403
838 404
838 405
838 406
838 418
838 421
838 422
838 423
838 433
838 435
838 451
838 452
838 454
838 455
838 459
838 460
838 461
838 462
838 463
838 467
838 468
838 469
838 470
838 476
838 478
838 485
838 486
838 487
838 502
838 515
838 518
838 519
838 523
838 524
838 525
838 526
838 527
838 531
838 534
838 540
838 542
838 548
838 549
838 550
838 551
838 564
838 579
838 582
838 583
838 587
838 588
838 589
838 590
838 591
838 595
838 597
838 598
838 613
838 614
838 615
838 643
838 646
838 647
838 651
838 652
838 653
838 654
838 655
838 659
838 660
838 661
838 662
838 668
838 674
838 677
838 678
838 679
838 692
838 707
838 710
838 711
838 715
838 716
838 717
838 718
838 719
838 723
838 725
838 743
838 774
838 775
838 779
838 780
838 781
838 782
838 783
838 807
838 835
838 839
838 843
838 844
838 845
838 846
838 847
838 851
838 853
838 854
838 871
838 884
838 899
838 902
838 907
838 908
838 909
838 910
838 911
838 915
838 917
838 918
838 924
838 926
838 933
838 934
838 935
838 948
838 961
838 963
838 966
838 967
838 971
838 972
838 973
838 974
838 975
838 978
838 979
838 980
838 981
838 982
838 990
838 997
838 998
838 999
838 1001
838 1009
838 1012
838 1014
838 1027
838 1030
838 1035
838 1036
838 1037
838 1038
838 1039
838 1045
838 1046
838 1062
838 1063
838 1076
838 1091
838 1094
838 1095
838 1099
838 1100
838 1101
838 1102
838 1103
838 1107
838 1126
838 1127
838 1140
838 1155
838 1164
838 1165
838 1166
838 1167
838 1171
838 1190
838 1191
838 1204
838 1219
838 1222
838 1223
838 1227
838 1228
838 1229
838 1230
838 1231
838 1235
838 1237
838 1253
838 1254
838 1255
838 1268
839 6
839 7
839 11
839 13
839 14
839 19
839 20
839 21
839 22
839 28
839 38
839 71
839 76
839 78
839 79
839 134
839 135
839 139
839 141
839 147
839 150
839 156
839 158
839 164
839 166
839 167
839 196
839 198
839 199
839 203
839 205
839 206
839 207
839 211
839 212
839 213
839 214
839 222
839 230
839 231
839 259
839 262
839 263
839 267
839 269
839 275
839 277
839 278
839 286
839 293
839 294
839 295
839 323
839 324
839 327
839 331
839 339
839 340
839 341
839 342
839 347
839 348
839 351
839 354
839 356
839 357
839 358
839 366
839 369
839 372
839 387
839 388
839 391
839 394
839 395
839 404
839 405
839 406
839 408
839 415
839 418
839 420
839 421
839 422
839 423
839 433
839 435
839 438
839 449
839 451
839 452
839 455
839 458
839 459
839 461
839 462
839 468
839 470
839 476
839 478
839 484
839 485
839 486
839 487
839 494
839 497
839 500
839 502
839 515
839 516
839 518
839 519
839 523
839 526
839 531
839 532
839 533
839 534
839 540
839 541
839 542
839 548
839 549
839 551
839 561
839 564
839 579
839 582
839 583
839 587
839 595
839 596
839 597
839 598
839 604
839 606
839 608
839 610
839 613
839 614
839 615
839 625
839 640
839 643
839 646
839 647
839 651
839 657
839 660
839 661
839 662
839 668
839 674
839 676
839 677
839 678
839 689
839 691
839 692
839 707
839 710
839 711
839 715
839 716
839 717
839 718
839 719
839 723
839 725
839 731
839 732
839 742
839 743
839 771
839 774
839 775
839 779
839 781
839 782
839 783
839 787
839 805
839 807
839 820
839 835
839 838
839 843
839 846
839 847
839 851
839 853
839 854
839 855
839 862
839 864
839 868
839 869
839 870
839 884
839 902
839 903
839 906
839 907
839 910
839 911
839 915
839 916
839 917
839 918
839 924
839 926
839 930
839 933
839 934
839 948
839 960
839 961
839 962
839 966
839 967
839 970
839 971
839 974
839 978
839 979
839 980
839 981
839 982
839 990
839 991
839 997
839 998
839 1001
839 1009
839 1014
839 1027
839 1030
839 1031
839 1034
839 1035
839 1037
839 1038
839 1039
839 1043
839 1044
839 1045
839 1046
839 1052
839 1056
839 1058
839 1061
839 1062
839 1063
839 1076
839 1091
839 1094
839 1095
839 1099
839 1102
839 1107
839 1108
839 1109
839 1110
839 1116
839 1125
839 1126
839 1127
839 1140
839 1155
839 1156
839 1158
839 1163
839 1165
839 1166
839 1167
839 1171
839 1174
839 1188
839 1190
839 1191
839 1204
839 1216
839 1220
839 1222
839 1223
839 1227
839 1230
839 1235
839 1236
839 1237
839 1238
839 1246
839 1252
839 1253
839 1254
839 1255
839 1268
839 1269
840 648
840 712
840 776
840 904
840 968
840 1029
840 1032
841 103
841 645
841 649
841 713
841 777
841 866
841 905
841 969
841 1033
842 101
842 650
842 714
842 778
842 906
842 970
842 1034
843 6
843 11
843 12
843 13
843 14
843 15
843 19
843 21
843 22
843 28
843 38
843 71
843 76
843 78
843 79
843 134
843 135
843 139
843 140
843 141
843 142
843 143
843 147
843 156
843 167
843 198
843 199
843 203
843 204
843 205
843 206
843 207
843 211
843 213
843 214
843 222
843 230
843 231
843 262
843 263
843 267
843 268
843 269
843 271
843 275
843 286
843 294
843 295
843 323
843 324
843 326
843 327
843 331
843 332
843 333
843 334
843 335
843 339
843 340
843 341
843 342
843 347
843 348
843 354
843 356
843 357
843 358
843 359
843 372
843 387
843 390
843 391
843 395
843 396
843 397
843 398
843 399
843 403
843 404
843 405
843 406
843 415
843 418
843 421
843 422
843 423
843 433
843 435
843 451
843 452
843 454
843 455
843 459
843 461
843 462
843 463
843 467
843 468
843 469
843 470
843 476
843 478
843 484
843 485
843 486
843 487
843 494
843 497
843 502
843 515
843 518
843 519
843 523
843 524
843 525
843 526
843 527
843 531
843 533
843 534
843 540
843 542
843 548
843 549
843 550
843 551
843 561
843 564
843 579
843 582
843 583
843 587
843 588
843 589
843 590
843 591
843 595
843 597
843 598
843 604
843 606
843 613
843 614
843 615
843 625
843 643
843 646
843 647
843 651
843 652
843 653
843 654
843 655
843 659
843 660
843 661
843 662
843 668
843 674
843 676
843 677
843 678
843 679
843 692
843 707
843 710
843 711
843 715
843 716
843 717
843 718
843 719
843 723
843 725
843 731
843 743
843 771
843 774
843 775
843 779
843 780
843 781
843 782
843 783
843 807
843 835
843 838
843 839
843 845
843 846
843 847
843 851
843 853
843 854
843 862
843 868
843 869
843 870
843 871
843 884
843 899
843 902
843 907
843 908
843 909
843 910
843 911
843 915
843 916
843 917
843 918
843 924
843 926
843 933
843 934
843 935
843 948
843 960
843 961
843 963
843 966
843 967
843 971
843 972
843 974
843 975
843 978
843 979
843 980
843 981
843 982
843 990
843 991
843 997
843 998
843 999
843 1001
843 1009
843 1012
843 1014
843 1027
843 1030
843 1031
843 1035
843 1036
843 1037
843 1038
843 1039
843 1043
843 1044
843 1045
843 1046
843 1052
843 1058
843 1062
843 1063
843 1076
843 1091
843 1094
843 1095
843 1099
843 1100
843 1101
843 1102
843 1103
843 1107
843 1116
843 1125
843 1126
843 1127
843 1140
843 1155
843 1158
843 1164
843 1165
843 1166
843 1167
843 1171
843 1190
843 1191
843 1204
843 1216
843 1219
843 1220
843 1222
843 1223
843 1227
843 1228
843 1229
843 1230
843 1231
843 1235
843 1236
843 1237
843 1238
843 1246
843 1252
843 1253
843 1254
843 1255
843 1268
844 6
844 12
844 15
844 140
844 142
844 143
844 204
844 206
844 207
844 230
844 268
844 271
844 326
844 331
844 332
844 333
844 334
844 335
844 339
844 356
844 358
844 359
844 387
844 390
844 395
844 396
844 397
844 398
844 399
844 403
844 405
844 422
844 423
844 454
844 455
844 460
844 461
844 463
844 467
844 469
844 470
844 485
844 486
844 487
844 515
844 519
844 523
844 524
844 525
844 526
844 527
844 550
844 551
844 579
844 582
844 587
844 588
844 589
844 590
844 591
844 615
844 643
844 652
844 653
844 654
844 655
844 659
844 679
844 707
844 716
844 717
844 719
844 780
844 781
844 835
844 838
844 845
844 846
844 847
844 871
844 884
844 899
844 902
844 907
844 908
844 909
844 910
844 911
844 915
844 933
844 935
844 948
844 963
844 966
844 971
844 972
844 973
844 974
844 975
844 979
844 981
844 982
844 998
844 999
844 1012
844 1027
844 1036
844 1037
844 1039
844 1063
844 1076
844 1091
844 1100
844 1101
844 1103
844 1127
844 1140
844 1155
844 1164
844 1165
844 1204
844 1219
844 1222
844 1228
844 1229
844 1230
844 1231
844 1235
844 1254
844 1255
844 1268
845 6
845 12
845 13
845 14
845 15
845 19
845 38
845 76
845 140
845 141
845 142
845 143
845 147
845 198
845 203
845 204
845 206
845 207
845 230
845 231
845 262
845 268
845 269
845 271
845 326
845 327
845 331
845 332
845 333
845 334
845 335
845 339
845 348
845 356
845 357
845 358
845 359
845 372
845 387
845 390
845 395
845 396
845 397
845 398
845 399
845 403
845 405
845 406
845 422
845 423
845 451
845 452
845 454
845 455
845 459
845 460
845 461
845 462
845 463
845 467
845 468
845 469
845 470
845 476
845 485
845 486
845 487
845 515
845 519
845 523
845 524
845 525
845 526
845 527
845 534
845 540
845 542
845 549
845 550
845 551
845 579
845 582
845 583
845 587
845 588
845 589
845 590
845 591
845 615
845 643
845 646
845 651
845 652
845 653
845 654
845 655
845 659
845 661
845 678
845 679
845 692
845 707
845 711
845 715
845 716
845 717
845 719
845 743
845 780
845 781
845 783
845 807
845 835
845 838
845 843
845 844
845 846
845 847
845 853
845 871
845 884
845 899
845 902
845 907
845 908
845 909
845 910
845 911
845 915
845 924
845 933
845 934
845 935
845 948
845 963
845 966
845 967
845 971
845 972
845 973
845 974
845 975
845 978
845 979
845 980
845 981
845 982
845 997
845 998
845 999
845 1001
845 1012
845 1027
845 1036
845 1037
845 1039
845 1063
845 1076
845 1091
845 1094
845 1100
845 1101
845 1102
845 1103
845 1107
845 1126
845 1127
845 1140
845 1155
845 1164
845 1165
845 1167
845 1171
845 1190
845 1191
845 1204
845 1219
845 1222
845 1223
845 1228
845 1229
845 1230
845 1231
845 1235
845 1254
845 1255
845 1268
846 6
846 11
846 12
846 13
846 14
846 15
846 19
846 21
846 22
846 28
846 38
846 71
846 76
846 78
846 79
846 134
846 135
846 139
846 140
846 141
846 142
846 143
846 147
846 156
846 167
846 198
846 199
846 203
846 204
846 205
846 206
846 207
846 211
846 213
846 214
846 222
846 230
846 231
846 262
846 263
846 267
846 268
846 269
846 271
846 275
846 286
846 295
846 323
846 324
846 326
846 327
846 331
846 332
846 333
846 334
846 335
846 339
846 340
846 341
846 342
846 347
846 348
846 354
846 356
846 357
846 358
846 359
846 372
846 387
846 390
846 391
846 395
846 396
846 397
846 398
846 399
846 403
846 404
846 405
846 406
846 415
846 418
846 421
846 422
846 423
846 433
846 435
846 451
846 452
846 454
846 455
846 459
846 460
846 461
846 462
846 463
846 467
846 468
846 469
846 470
846 476
846 478
846 485
846 486
846 487
846 494
846 497
846 502
846 515
846 518
846 519
846 523
846 524
846 525
846 526
846 527
846 531
846 534
846 540
846 542
846 548
846 549
846 550
846 551
846 561
846 564
846 579
846 582
846 583
846 587
846 588
846 589
846 590
846 591
846 595
846 597
846 598
846 604
846 613
846 614
846 615
846 625
846 643
846 646
846 647
846 651
846 652
846 653
846 654
846 655
846 659
846 660
846 661
846 662
846 668
846 674
846 676
846 677
846 678
846 679
846 692
846 707
846 710
846 711
846 715
846 716
846 717
846 718
846 719
846 723
846 725
846 731
846 743
846 774
846 775
846 779
846 780
846 781
846 782
846 783
846 807
846 835
846 838
846 839
846 843
846 844
846 845
846 847
846 851
846 853
846 854
846 862
846 868
846 869
846 870
846 871
846 884
846 899
846 902
846 907
846 908
846 909
846 910
846 911
846 915
846 916
846 917
846 918
846 924
846 926
846 933
846 934
846 935
846 948
846 961
846 963
846 966
846 967
846 971
846 972
846 973
846 974
846 975
846 978
846 979
846 980
846 981
846 982
846 990
846 991
846 997
846 998
846 999
846 1001
846 1009
846 1012
846 1014
846 1027
846 1030
846 1031
846 1035
846 1036
846 1037
846 1038
846 1039
846 1043
846 1044
846 1045
846 1046
846 1058
846 1062
846 1063
846 1076
846 1091
846 1094
846 1095
846 1099
846 1100
846 1101
846 1102
846 1103
846 1107
846 1116
846 1126
846 1127
846 1140
846 1155
846 1164
846 1165
846 1166
846 1167
846 1171
846 1190
846 1191
846 1204
846 1219
846 1220
846 1222
846 1223
846 1227
846 1228
846 1229
846 1230
846 1231
846 1235
846 1236
846 1237
846 1238
846 1246
846 1252
846 1253
846 1254
846 1255
846 1268
847 6
847 12
847 13
847 14
847 15
847 19
847 21
847 22
847 38
847 76
847 78
847 79
847 134
847 135
847 139
847 140
847 141
847 142
847 143
847 147
847 156
847 198
847 199
847 203
847 204
847 205
847 206
847 207
847 211
847 213
847 214
847 222
847 230
847 231
847 262
847 263
847 267
847 268
847 269
847 271
847 275
847 286
847 295
847 323
847 324
847 326
847 327
847 331
847 332
847 333
847 334
847 335
847 339
847 340
847 341
847 342
847 347
847 348
847 356
847 357
847 358
847 359
847 372
847 387
847 390
847 391
847 395
847 396
847 397
847 398
847 399
847 403
847 404
847 405
847 406
847 418
847 421
847 422
847 423
847 433
847 435
847 451
847 452
847 454
847 455
847 459
847 460
847 461
847 462
847 463
847 467
847 468
847 469
847 470
847 476
847 478
847 485
847 486
847 487
847 497
847 502
847 515
847 518
847 519
847 523
847 524
847 525
847 526
847 527
847 531
847 534
847 540
847 542
847 548
847 549
847 550
847 551
847 564
847 579
847 582
847 583
847 587
847 588
847 589
847 590
847 591
847 595
847 597
847 598
847 613
847 614
847 615
847 625
847 643
847 646
847 647
847 651
847 652
847 653
847 654
847 655
847 659
847 660
847 661
847 662
847 668
847 674
847 677
847 678
847 679
847 692
847 707
847 710
847 711
847 715
847 716
847 717
847 718
847 719
847 723
847 725
847 743
847 774
847 775
847 779
847 780
847 781
847 782
847 783
847 807
847 835
847 838
847 839
847 843
847 844
847 845
847 846
847 851
847 853
847 854
847 862
847 871
847 884
847 899
847 902
847 907
847 908
847 909
847 910
847 911
847 915
847 916
847 917
847 918
847 924
847 926
847 933
847 934
847 935
847 948
847 961
847 963
847 966
847 967
847 971
847 972
847 973
847 974
847 975
847 978
847 979
847 980
847 981
847 982
847 990
847 997
847 998
847 999
847 1001
847 1009
847 1012
847 1014
847 1027
847 1030
847 1035
847 1036
847 1037
847 1038
847 1039
847 1043
847 1045
847 1046
847 1062
847 1063
847 1076
847 1091
847 1094
847 1095
847 1099
847 1100
847 1101
847 1102
847 1103
847 1107
847 1126
847 1127
847 1140
847 1155
847 1164
847 1165
847 1166
847 1167
847 1171
847 1190
847 1191
847 1204
847 1219
847 1220
847 1222
847 1223
847 1227
847 1228
847 1229
847 1230
847 1231
847 1235
847 1236
847 1237
847 1238
847 1252
847 1253
847 1254
847 1255
847 1268
848 26
848 656
848 720
848 784
848 912
848 976
848 1040
849 265
849 385
849 657
849 721
849 785
849 913
849 977
849 1041
850 658
850 722
850 786
850 914
850 978
850 1042
851 6
851 7
851 11
851 13
851 14
851 19
851 20
851 21
851 22
851 28
851 38
851 71
851 76
851 78
851 79
851 134
851 135
851 139
851 141
851 147
851 150
851 156
851 158
851 164
851 166
851 167
851 196
851 198
851 199
851 203
851 205
851 206
851 207
851 211
851 212
851 213
851 214
851 222
851 230
851 231
851 259
851 262
851 263
851 267
851 269
851 275
851 277
851 278
851 286
851 293
851 294
851 295
851 323
851 324
851 327
851 331
851 339
851 340
851 341
851 342
851 347
851 348
851 351
851 354
851 356
851 357
851 358
851 366
851 369
851 372
851 387
851 388
851 391
851 394
851 395
851 404
851 405
851 406
851 408
851 415
851 418
851 420
851 421
851 422
851 433
851 435
851 438
851 449
851 451
851 452
851 455
851 458
851 459
851 461
851 462
851 468
851 470
851 476
851 478
851 484
851 485
851 486
851 494
851 497
851 500
851 502
851 515
851 516
851 518
851 519
851 523
851 531
851 532
851 533
851 534
851 540
851 541
851 542
851 548
851 549
851 551
851 561
851 564
851 579
851 583
851 587
851 595
851 596
851 597
851 598
851 604
851 606
851 608
851 610
851 613
851 614
851 615
851 625
851 640
851 643
851 646
851 647
851 651
851 657
851 659
851 660
851 661
851 662
851 668
851 674
851 676
851 677
851 678
851 689
851 691
851 692
851 707
851 710
851 711
851 715
851 716
851 717
851 718
851 719
851 723
851 725
851 731
851 732
851 742
851 743
851 771
851 774
851 775
851 779
851 781
851 782
851 783
851 787
851 805
851 807
851 820
851 835
851 838
851 839
851 843
851 846
851 847
851 853
851 854
851 855
851 862
851 864
851 868
851 869
851 870
851 884
851 903
851 906
851 907
851 915
851 916
851 917
851 918
851 924
851 926
851 930
851 933
851 934
851 948
851 960
851 961
851 962
851 964
851 966
851 967
851 970
851 971
851 978
851 979
851 980
851 981
851 982
851 990
851 991
851 997
851 1001
851 1009
851 1014
851 1030
851 1031
851 1034
851 1035
851 1037
851 1038
851 1043
851 1044
851 1045
851 1046
851 1052
851 1056
851 1058
851 1061
851 1062
851 1076
851 1091
851 1094
851 1095
851 1099
851 1102
851 1107
851 1108
851 1109
851 1110
851 1116
851 1125
851 1126
851 1140
851 1155
851 1156
851 1158
851 1163
851 1165
851 1166
851 1167
851 1171
851 1174
851 1188
851 1190
851 1191
851 1204
851 1216
851 1220
851 1222
851 1223
851 1227
851 1230
851 1235
851 1236
851 1237
851 1238
851 1246
851 1252
851 1253
851 1254
851 1255
851 1268
851 1269
852 513
852 660
852 724
852 788
852 916
852 980
852 1044
853 6
853 11
853 12
853 13
853 14
853 15
853 19
853 21
853 22
853 28
853 38
853 71
853 76
853 78
853 79
853 134
853 135
853 139
853 140
853 141
853 142
853 143
853 147
853 156
853 167
853 198
853 199
853 203
853 204
853 205
853 206
853 207
853 211
853 213
853 214
853 222
853 230
853 231
853 262
853 263
853 267
853 268
853 269
853 271
853 275
853 277
853 286
853 294
853 295
853 323
853 324
853 326
853 327
853 331
853 332
853 333
853 334
853 335
853 339
853 340
853 341
853 342
853 347
853 348
853 351
853 354
853 356
853 357
853 358
853 359
853 372
853 387
853 390
853 391
853 394
853 395
853 396
853 397
853 398
853 399
853 403
853 404
853 405
853 406
853 415
853 418
853 421
853 422
853 423
853 433
853 435
853 449
853 451
853 452
853 454
853 455
853 459
853 461
853 462
853 463
853 467
853 468
853 469
853 470
853 476
853 478
853 484
853 485
853 486
853 487
853 494
853 497
853 500
853 502
853 515
853 516
853 518
853 519
853 523
853 525
853 526
853 527
853 531
853 532
853 533
853 534
853 540
853 542
853 548
853 549
853 550
853 551
853 561
853 564
853 579
853 582
853 583
853 587
853 588
853 589
853 590
853 591
853 595
853 597
853 598
853 604
853 606
853 613
853 614
853 615
853 625
853 643
853 646
853 647
853 651
853 652
853 653
853 654
853 655
853 659
853 660
853 661
853 662
853 668
853 674
853 676
853 677
853 678
853 679
853 692
853 707
853 710
853 711
853 715
853 716
853 717
853 718
853 719
853 723
853 725
853 731
853 743
853 771
853 774
853 775
853 779
853 780
853 781
853 782
853 783
853 787
853 789
853 805
853 807
853 835
853 838
853 839
853 843
853 845
853 846
853 847
853 851
853 854
853 862
853 868
853 869
853 870
853 871
853 884
853 899
853 902
853 906
853 907
853 908
853 909
853 910
853 911
853 915
853 916
853 917
853 918
853 924
853 926
853 933
853 934
853 935
853 948
853 960
853 961
853 963
853 966
853 967
853 971
853 974
853 975
853 978
853 979
853 980
853 981
853 982
853 990
853 991
853 997
853 998
853 1001
853 1009
853 1012
853 1014
853 1027
853 1030
853 1031
853 1035
853 1036
853 1037
853 1038
853 1039
853 1043
853 1044
853 1045
853 1046
853 1052
853 1056
853 1058
853 1062
853 1063
853 1076
853 1091
853 1094
853 1095
853 1099
853 1100
853 1101
853 1102
853 1103
853 1107
853 1110
853 1116
853 1125
853 1126
853 1127
853 1140
853 1155
853 1158
853 1164
853 1165
853 1166
853 1167
853 1171
853 1190
853 1191
853 1204
853 1216
853 1220
853 1222
853 1223
853 1227
853 1229
853 1230
853 1231
853 1235
853 1236
853 1237
853 1238
853 1246
853 1252
853 1253
853 1254
853 1255
853 1268
853 1269
854 6
854 7
854 11
854 13
854 14
854 15
854 19
854 21
854 22
854 28
854 38
854 71
854 76
854 78
854 79
854 134
854 135
854 139
854 140
854 141
854 142
854 143
854 147
854 156
854 158
854 166
854 167
854 196
854 198
854 199
854 203
854 204
854 205
854 206
854 207
854 211
854 212
854 213
854 214
854 222
854 230
854 231
854 262
854 263
854 267
854 269
854 275
854 277
854 286
854 294
854 295
854 323
854 324
854 326
854 327
854 331
854 332
854 333
854 334
854 335
854 339
854 340
854 341
854 342
854 347
854 348
854 351
854 354
854 356
854 357
854 358
854 359
854 369
854 372
854 387
854 388
854 390
854 391
854 394
854 395
854 397
854 403
854 404
854 405
854 406
854 415
854 418
854 420
854 421
854 422
854 423
854 433
854 435
854 438
854 449
854 451
854 452
854 454
854 455
854 458
854 459
854 461
854 462
854 463
854 467
854 468
854 469
854 470
854 476
854 478
854 484
854 485
854 486
854 487
854 494
854 497
854 500
854 502
854 515
854 516
854 518
854 519
854 523
854 525
854 526
854 531
854 532
854 533
854 534
854 540
854 542
854 548
854 549
854 550
854 551
854 561
854 564
854 579
854 582
854 583
854 587
854 588
854 589
854 590
854 595
854 597
854 598
854 604
854 606
854 608
854 610
854 613
854 614
854 615
854 625
854 643
854 646
854 647
854 651
854 653
854 654
854 659
854 660
854 661
854 662
854 668
854 674
854 676
854 677
854 678
854 679
854 692
854 707
854 710
854 711
854 715
854 716
854 717
854 718
854 719
854 723
854 725
854 726
854 731
854 732
854 742
854 743
854 771
854 774
854 775
854 779
854 780
854 781
854 782
854 783
854 787
854 790
854 805
854 807
854 835
854 838
854 839
854 843
854 846
854 847
854 851
854 853
854 862
854 868
854 869
854 870
854 871
854 884
854 899
854 902
854 906
854 907
854 909
854 910
854 911
854 915
854 916
854 917
854 918
854 924
854 926
854 933
854 934
854 935
854 948
854 960
854 961
854 966
854 967
854 971
854 974
854 978
854 979
854 980
854 981
854 982
854 990
854 991
854 997
854 998
854 1001
854 1009
854 1012
854 1014
854 1027
854 1030
854 1031
854 1034
854 1035
854 1036
854 1037
854 1038
854 1039
854 1043
854 1044
854 1045
854 1046
854 1052
854 1056
854 1058
854 1061
854 1062
854 1063
854 1076
854 1091
854 1094
854 1095
854 1099
854 1100
854 1101
854 1102
854 1103
854 1107
854 1110
854 1116
854 1125
854 1126
854 1127
854 1140
854 1155
854 1158
854 1163
854 1164
854 1165
854 1166
854 1167
854 1171
854 1174
854 1190
854 1191
854 1204
854 1216
854 1220
854 1222
854 1223
854 1227
854 1230
854 1231
854 1235
854 1236
854 1237
854 1238
854 1246
854 1252
854 1253
854 1254
854 1255
854 1268
854 1269
855 7
855 11
855 20
855 21
855 22
855 28
855 32
855 70
855 71
855 83
855 132
855 135
855 139
855 146
855 148
855 149
855 150
855 158
855 164
855 166
855 167
855 195
855 196
855 199
855 211
855 212
855 214
855 222
855 228
855 259
855 263
855 270
855 275
855 277
855 278
855 292
855 293
855 294
855 305
855 324
855 340
855 342
855 347
855 351
855 354
855 366
855 369
855 388
855 394
855 402
855 408
855 411
855 415
855 418
855 420
855 433
855 438
855 449
855 458
855 472
855 484
855 489
855 494
855 497
855 500
855 516
855 530
855 532
855 533
855 541
855 548
855 561
855 564
855 594
855 595
855 596
855 598
855 604
855 606
855 608
855 610
855 614
855 617
855 625
855 640
855 657
855 662
855 663
855 668
855 670
855 674
855 676
855 689
855 691
855 718
855 724
855 725
855 726
855 727
855 731
855 732
855 742
855 771
855 774
855 775
855 779
855 787
855 791
855 805
855 820
855 839
855 851
855 862
855 864
855 868
855 869
855 870
855 897
855 903
855 906
855 913
855 916
855 917
855 919
855 930
855 960
855 961
855 962
855 964
855 970
855 983
855 984
855 988
855 990
855 991
855 992
855 994
855 996
855 1009
855 1011
855 1014
855 1031
855 1034
855 1035
855 1043
855 1044
855 1045
855 1047
855 1052
855 1056
855 1058
855 1060
855 1061
855 1062
855 1092
855 1099
855 1108
855 1109
855 1110
855 1116
855 1118
855 1125
855 1139
855 1156
855 1158
855 1163
855 1174
855 1180
855 1188
855 1216
855 1220
855 1226
855 1234
855 1236
855 1238
855 1239
855 1246
855 1250
855 1252
855 1253
855 1269
856 664
856 728
856 792
856 920
856 921
856 984
856 1048
857 665
857 729
857 793
857 921
857 985
857 1049
858 55
858 193
858 666
858 730
858 794
858 922
858 986
858 1050
859 432
859 667
859 731
859 795
859 923
859 987
859 1051
860 668
860 732
860 738
860 796
860 924
860 988
860 1052
860 1247
861 99
861 669
861 733
861 797
861 925
861 989
861 1053
862 6
862 7
862 11
862 13
862 14
862 19
862 20
862 21
862 22
862 28
862 32
862 38
862 71
862 76
862 78
862 79
862 134
862 135
862 139
862 141
862 146
862 147
862 150
862 156
862 158
862 164
862 166
862 167
862 196
862 198
862 199
862 203
862 205
862 206
862 211
862 212
862 213
862 214
862 222
862 230
862 231
862 259
862 262
862 263
862 267
862 269
862 275
862 277
862 278
862 286
862 293
862 294
862 295
862 323
862 324
862 327
862 331
862 339
862 340
862 341
862 342
862 347
862 348
862 351
862 354
862 356
862 357
862 358
862 366
862 369
862 372
862 387
862 388
862 391
862 394
862 395
862 404
862 406
862 408
862 411
862 415
862 418
862 420
862 421
862 422
862 433
862 435
862 438
862 449
862 451
862 452
862 458
862 459
862 462
862 468
862 470
862 476
862 478
862 484
862 485
862 494
862 497
862 500
862 502
862 516
862 518
862 519
862 531
862 532
862 533
862 534
862 540
862 541
862 542
862 548
862 549
862 561
862 564
862 579
862 583
862 587
862 594
862 595
862 596
862 597
862 598
862 604
862 606
862 608
862 610
862 613
862 614
862 625
862 640
862 643
862 646
862 647
862 651
862 657
862 660
862 661
862 662
862 668
862 670
862 674
862 676
862 677
862 678
862 689
862 691
862 692
862 707
862 710
862 711
862 715
862 718
862 723
862 725
862 726
862 731
862 732
862 734
862 742
862 743
862 771
862 774
862 775
862 779
862 781
862 782
862 783
862 787
862 798
862 805
862 807
862 820
862 839
862 843
862 846
862 847
862 851
862 853
862 854
862 855
862 864
862 868
862 869
862 870
862 884
862 897
862 903
862 906
862 907
862 915
862 916
862 917
862 918
862 924
862 926
862 930
862 934
862 948
862 960
862 961
862 962
862 964
862 967
862 970
862 978
862 980
862 981
862 982
862 988
862 990
862 991
862 992
862 997
862 1001
862 1009
862 1011
862 1014
862 1030
862 1031
862 1034
862 1035
862 1037
862 1038
862 1043
862 1044
862 1045
862 1046
862 1052
862 1054
862 1056
862 1058
862 1061
862 1062
862 1076
862 1094
862 1095
862 1099
862 1102
862 1107
862 1108
862 1109
862 1110
862 1116
862 1125
862 1126
862 1155
862 1156
862 1158
862 1163
862 1166
862 1167
862 1171
862 1174
862 1180
862 1188
862 1190
862 1191
862 1204
862 1216
862 1220
862 1223
862 1227
862 1235
862 1236
862 1237
862 1238
862 1246
862 1252
862 1253
862 1255
862 1269
863 32
863 37
863 70
863 75
863 83
863 131
863 132
863 146
863 148
863 149
863 195
863 220
863 228
863 270
863 273
863 279
863 288
863 292
863 305
863 308
863 402
863 411
863 472
863 477
863 489
863 514
863 530
863 594
863 612
863 617
863 644
863 658
863 670
863 671
863 681
863 724
863 726
863 728
863 735
863 799
863 836
863 897
863 913
863 927
863 932
863 941
863 983
863 984
863 988
863 991
863 992
863 994
863 996
863 1011
863 1051
863 1055
863 1060
863 1092
863 1115
863 1118
863 1139
863 1159
863 1180
863 1217
863 1226
863 1234
863 1239
863 1250
864 7
864 11
864 20
864 21
864 22
864 28
864 32
864 37
864 70
864 71
864 83
864 132
864 139
864 146
864 148
864 149
864 150
864 158
864 164
864 166
864 167
864 195
864 196
864 199
864 212
864 214
864 222
864 228
864 259
864 263
864 270
864 275
864 277
864 278
864 292
864 293
864 294
864 305
864 340
864 347
864 351
864 354
864 366
864 369
864 388
864 394
864 402
864 408
864 411
864 415
864 418
864 420
864 433
864 438
864 449
864 458
864 472
864 484
864 489
864 494
864 497
864 500
864 516
864 530
864 532
864 533
864 541
864 561
864 564
864 594
864 596
864 598
864 604
864 606
864 608
864 610
864 614
864 617
864 625
864 640
864 657
864 662
864 668
864 670
864 672
864 676
864 689
864 691
864 718
864 724
864 726
864 731
864 732
864 736
864 742
864 771
864 774
864 775
864 779
864 787
864 800
864 805
864 820
864 839
864 851
864 855
864 862
864 868
864 869
864 870
864 897
864 903
864 906
864 913
864 916
864 928
864 930
864 932
864 941
864 960
864 961
864 962
864 964
864 970
864 983
864 984
864 988
864 990
864 991
864 992
864 994
864 996
864 1009
864 1011
864 1014
864 1031
864 1034
864 1043
864 1044
864 1045
864 1052
864 1056
864 1058
864 1060
864 1061
864 1062
864 1092
864 1099
864 1108
864 1109
864 1110
864 1116
864 1118
864 1125
864 1139
864 1156
864 1158
864 1163
864 1174
864 1180
864 1188
864 1216
864 1220
864 1226
864 1234
864 1236
864 1238
864 1239
864 1246
864 1250
864 1252
864 1253
864 1269
865 673
865 737
865 801
865 929
865 993
865 1057
866 103
866 645
866 674
866 738
866 802
866 841
866 930
866 994
866 1058
867 182
867 671
867 675
867 739
867 803
867 931
867 995
867 1059
868 6
868 7
868 11
868 13
868 14
868 19
868 20
868 21
868 22
868 28
868 32
868 38
868 71
868 76
868 78
868 79
868 134
868 135
868 139
868 141
868 146
868 147
868 150
868 156
868 158
868 164
868 166
868 167
868 196
868 198
868 199
868 203
868 205
868 206
868 211
868 212
868 213
868 214
868 222
868 230
868 231
868 259
868 262
868 263
868 267
868 269
868 275
868 277
868 278
868 286
868 293
868 294
868 295
868 323
868 324
868 327
868 331
868 339
868 340
868 341
868 342
868 347
868 348
868 351
868 354
868 356
868 357
868 358
868 366
868 369
868 372
868 387
868 388
868 391
868 394
868 395
868 404
868 406
868 408
868 411
868 415
868 418
868 420
868 421
868 422
868 433
868 435
868 438
868 449
868 451
868 452
868 458
868 459
868 462
868 468
868 470
868 476
868 478
868 484
868 494
868 497
868 500
868 502
868 516
868 518
868 519
868 531
868 532
868 533
868 534
868 540
868 541
868 542
868 548
868 549
868 561
868 564
868 579
868 583
868 587
868 594
868 595
868 596
868 597
868 598
868 604
868 606
868 608
868 610
868 613
868 614
868 625
868 640
868 643
868 646
868 647
868 651
868 657
868 660
868 661
868 662
868 668
868 674
868 676
868 677
868 678
868 689
868 691
868 692
868 707
868 710
868 711
868 715
868 718
868 723
868 725
868 726
868 731
868 732
868 740
868 742
868 743
868 771
868 774
868 775
868 779
868 781
868 782
868 783
868 787
868 804
868 805
868 807
868 820
868 839
868 843
868 846
868 851
868 853
868 854
868 855
868 862
868 864
868 869
868 870
868 884
868 897
868 903
868 906
868 907
868 915
868 916
868 917
868 918
868 924
868 926
868 930
868 932
868 934
868 948
868 960
868 961
868 962
868 964
868 967
868 970
868 978
868 980
868 981
868 982
868 988
868 990
868 991
868 992
868 996
868 997
868 1001
868 1009
868 1011
868 1014
868 1030
868 1031
868 1034
868 1035
868 1037
868 1038
868 1043
868 1044
868 1045
868 1046
868 1052
868 1056
868 1058
868 1060
868 1061
868 1062
868 1076
868 1094
868 1095
868 1099
868 1102
868 1107
868 1108
868 1109
868 1110
868 1116
868 1125
868 1126
868 1155
868 1156
868 1158
868 1163
868 1166
868 1167
868 1171
868 1174
868 1180
868 1188
868 1190
868 1191
868 1204
868 1216
868 1220
868 1223
868 1227
868 1235
868 1236
868 1237
868 1238
868 1246
868 1252
868 1253
868 1255
868 1269
869 7
869 11
869 13
869 14
869 19
869 20
869 21
869 22
869 28
869 32
869 38
869 71
869 76
869 78
869 79
869 134
869 135
869 139
869 141
869 146
869 147
869 148
869 149
869 150
869 156
869 158
869 164
869 166
869 167
869 196
869 198
869 199
869 203
869 205
869 211
869 212
869 213
869 214
869 222
869 230
869 231
869 259
869 262
869 263
869 267
869 269
869 275
869 277
869 278
869 286
869 293
869 294
869 295
869 323
869 324
869 327
869 340
869 341
869 342
869 347
869 348
869 351
869 354
869 356
869 357
869 366
869 369
869 372
869 388
869 391
869 394
869 395
869 404
869 406
869 408
869 411
869 415
869 418
869 420
869 421
869 433
869 435
869 438
869 449
869 451
869 452
869 458
869 459
869 462
869 468
869 470
869 476
869 478
869 484
869 494
869 497
869 500
869 502
869 516
869 518
869 531
869 532
869 533
869 534
869 540
869 541
869 542
869 548
869 549
869 561
869 564
869 579
869 583
869 594
869 595
869 596
869 597
869 598
869 604
869 606
869 608
869 610
869 613
869 614
869 625
869 640
869 646
869 647
869 651
869 657
869 660
869 661
869 662
869 668
869 674
869 676
869 677
869 678
869 689
869 691
869 692
869 710
869 711
869 715
869 718
869 723
869 725
869 726
869 731
869 732
869 741
869 742
869 743
869 771
869 774
869 775
869 779
869 781
869 782
869 783
869 787
869 805
869 807
869 820
869 839
869 843
869 846
869 851
869 853
869 854
869 855
869 862
869 864
869 868
869 870
869 897
869 903
869 906
869 907
869 916
869 917
869 918
869 924
869 926
869 930
869 933
869 934
869 960
869 961
869 962
869 964
869 967
869 970
869 978
869 980
869 981
869 988
869 990
869 991
869 992
869 996
869 997
869 1001
869 1009
869 1011
869 1014
869 1030
869 1031
869 1034
869 1035
869 1038
869 1043
869 1044
869 1045
869 1046
869 1052
869 1056
869 1058
869 1061
869 1062
869 1076
869 1094
869 1095
869 1099
869 1102
869 1107
869 1108
869 1109
869 1110
869 1116
869 1125
869 1126
869 1156
869 1158
869 1163
869 1166
869 1167
869 1171
869 1174
869 1180
869 1188
869 1190
869 1191
869 1216
869 1220
869 1223
869 1227
869 1236
869 1237
869 1238
869 1246
869 1252
869 1253
869 1269
870 7
870 11
870 13
870 14
870 19
870 20
870 21
870 22
870 28
870 32
870 38
870 71
870 76
870 78
870 79
870 134
870 135
870 139
870 141
870 146
870 147
870 148
870 149
870 150
870 156
870 158
870 164
870 166
870 167
870 196
870 198
870 199
870 203
870 205
870 211
870 212
870 213
870 214
870 222
870 230
870 231
870 259
870 262
870 263
870 267
870 269
870 275
870 277
870 278
870 286
870 293
870 294
870 295
870 323
870 324
870 327
870 340
870 341
870 342
870 347
870 348
870 351
870 354
870 356
870 357
870 366
870 369
870 372
870 388
870 391
870 394
870 395
870 404
870 406
870 408
870 411
870 415
870 418
870 420
870 421
870 433
870 435
870 438
870 449
870 451
870 452
870 458
870 459
870 462
870 468
870 470
870 476
870 478
870 484
870 494
870 497
870 500
870 502
870 516
870 518
870 531
870 532
870 533
870 534
870 540
870 541
870 542
870 548
870 549
870 561
870 564
870 579
870 583
870 594
870 595
870 596
870 597
870 598
870 604
870 606
870 608
870 610
870 613
870 614
870 625
870 640
870 646
870 647
870 651
870 657
870 660
870 661
870 662
870 668
870 674
870 676
870 677
870 678
870 689
870 691
870 692
870 707
870 710
870 711
870 715
870 718
870 723
870 725
870 726
870 731
870 732
870 742
870 743
870 771
870 774
870 775
870 779
870 781
870 782
870 783
870 787
870 805
870 806
870 807
870 820
870 839
870 843
870 846
870 851
870 853
870 854
870 855
870 862
870 864
870 868
870 869
870 897
870 903
870 906
870 907
870 916
870 917
870 918
870 924
870 926
870 930
870 934
870 960
870 961
870 962
870 964
870 967
870 970
870 978
870 980
870 981
870 988
870 990
870 991
870 992
870 996
870 997
870 998
870 1001
870 1009
870 1011
870 1014
870 1030
870 1031
870 1034
870 1035
870 1038
870 1043
870 1044
870 1045
870 1046
870 1052
870 1056
870 1058
870 1061
870 1062
870 1076
870 1094
870 1095
870 1099
870 1102
870 1107
870 1108
870 1109
870 1110
870 1116
870 1125
870 1126
870 1156
870 1158
870 1163
870 1166
870 1167
870 1171
870 1174
870 1180
870 1188
870 1190
870 1191
870 1204
870 1216
870 1220
870 1223
870 1227
870 1236
870 1237
870 1238
870 1246
870 1252
870 1253
870 1269
871 6
871 12
871 13
871 14
871 15
871 19
871 22
871 38
871 76
871 78
871 79
871 134
871 135
871 140
871 141
871 142
871 143
871 147
871 156
871 198
871 199
871 203
871 204
871 205
871 206
871 207
871 211
871 213
871 230
871 231
871 262
871 267
871 268
871 269
871 271
871 286
871 295
871 323
871 324
871 326
871 327
871 331
871 332
871 333
871 334
871 335
871 339
871 341
871 342
871 348
871 356
871 357
871 358
871 359
871 372
871 387
871 390
871 391
871 395
871 396
871 397
871 398
871 399
871 403
871 404
871 405
871 406
871 421
871 422
871 423
871 435
871 451
871 452
871 454
871 455
871 459
871 460
871 461
871 462
871 463
871 467
871 468
871 469
871 470
871 476
871 478
871 485
871 486
871 487
871 502
871 515
871 518
871 519
871 523
871 524
871 525
871 526
871 527
871 531
871 534
871 540
871 542
871 548
871 549
871 550
871 551
871 579
871 582
871 583
871 587
871 588
871 589
871 590
871 591
871 595
871 597
871 613
871 615
871 643
871 646
871 647
871 651
871 652
871 653
871 654
871 655
871 659
871 660
871 661
871 674
871 677
871 678
871 679
871 692
871 707
871 710
871 711
871 715
871 716
871 717
871 719
871 723
871 725
871 743
871 780
871 781
871 782
871 783
871 807
871 835
871 838
871 843
871 844
871 845
871 846
871 847
871 853
871 854
871 884
871 899
871 902
871 907
871 908
871 909
871 910
871 911
871 915
871 917
871 918
871 924
871 926
871 933
871 934
871 935
871 948
871 963
871 966
871 967
871 971
871 972
871 973
871 974
871 975
871 978
871 979
871 980
871 981
871 982
871 997
871 998
871 999
871 1001
871 1012
871 1027
871 1030
871 1035
871 1036
871 1037
871 1038
871 1039
871 1046
871 1063
871 1076
871 1091
871 1094
871 1095
871 1100
871 1101
871 1102
871 1103
871 1107
871 1126
871 1127
871 1140
871 1155
871 1164
871 1165
871 1166
871 1167
871 1171
871 1190
871 1191
871 1204
871 1219
871 1222
871 1223
871 1227
871 1228
871 1229
871 1230
871 1231
871 1235
871 1237
871 1253
871 1254
871 1255
871 1268
872 407
872 680
872 744
872 808
872 936
872 1000
872 1064
873 681
873 720
873 745
873 809
873 937
873 1001
873 1065
873 1090
874 492
874 682
874 746
874 810
874 811
874 938
874 1002
874 1016
874 1066
875 47
875 683
875 747
875 752
875 811
875 939
875 1003
875 1067
876 684
876 748
876 812
876 940
876 1004
876 1068
877 109
877 685
877 749
877 795
877 813
877 941
877 954
877 1005
877 1069
877 1148
878 154
878 310
878 602
878 686
878 750
878 814
878 942
878 1006
878 1070
879 118
879 687
879 751
879 815
879 943
879 1007
879 1071
879 1209
880 688
880 752
880 816
880 944
880 1008
880 1072
881 93
881 689
881 712
881 753
881 817
881 945
881 1009
881 1073
881 1121
881 1150
882 690
882 749
882 754
882 818
882 946
882 1010
882 1053
882 1074
883 691
883 755
883 791
883 819
883 912
883 947
883 1011
883 1075
884 6
884 12
884 13
884 14
884 15
884 19
884 21
884 22
884 28
884 38
884 76
884 78
884 79
884 134
884 135
884 139
884 140
884 141
884 142
884 143
884 147
884 156
884 198
884 199
884 203
884 204
884 205
884 206
884 207
884 211
884 213
884 214
884 222
884 230
884 231
884 262
884 263
884 267
884 268
884 269
884 271
884 275
884 286
884 295
884 323
884 324
884 326
884 327
884 331
884 332
884 333
884 334
884 335
884 339
884 340
884 341
884 342
884 347
884 348
884 356
884 357
884 358
884 359
884 372
884 387
884 390
884 391
884 395
884 396
884 397
884 398
884 399
884 403
884 404
884 405
884 406
884 415
884 418
884 421
884 422
884 423
884 433
884 435
884 451
884 452
884 454
884 455
884 459
884 460
884 461
884 462
884 463
884 467
884 468
884 469
884 470
884 476
884 478
884 485
884 486
884 487
884 497
884 502
884 515
884 518
884 519
884 523
884 524
884 525
884 526
884 527
884 531
884 534
884 540
884 542
884 548
884 549
884 550
884 551
884 564
884 579
884 582
884 583
884 587
884 588
884 589
884 590
884 591
884 595
884 597
884 598
884 613
884 614
884 615
884 625
884 643
884 646
884 647
884 651
884 652
884 653
884 654
884 655
884 659
884 660
884 661
884 662
884 668
884 674
884 677
884 678
884 679
884 692
884 707
884 710
884 711
884 715
884 716
884 717
884 718
884 719
884 723
884 725
884 731
884 743
884 756
884 774
884 775
884 779
884 780
884 781
884 782
884 783
884 807
884 820
884 835
884 838
884 839
884 843
884 844
884 845
884 846
884 847
884 851
884 853
884 854
884 862
884 868
884 871
884 899
884 902
884 907
884 908
884 909
884 910
884 911
884 915
884 916
884 917
884 918
884 924
884 926
884 933
884 934
884 935
884 948
884 961
884 963
884 966
884 967
884 971
884 972
884 973
884 974
884 975
884 978
884 979
884 980
884 981
884 982
884 990
884 997
884 998
884 999
884 1001
884 1009
884 1012
884 1014
884 1027
884 1030
884 1035
884 1036
884 1037
884 1038
884 1039
884 1043
884 1044
884 1045
884 1046
884 1062
884 1063
884 1076
884 1091
884 1094
884 1095
884 1099
884 1100
884 1101
884 1102
884 1103
884 1107
884 1126
884 1127
884 1140
884 1155
884 1164
884 1165
884 1166
884 1167
884 1171
884 1190
884 1191
884 1204
884 1219
884 1220
884 1222
884 1223
884 1227
884 1228
884 1229
884 1230
884 1231
884 1235
884 1236
884 1237
884 1238
884 1252
884 1253
884 1254
884 1255
884 1268
885 693
885 757
885 821
885 949
885 1013
885 1015
885 1077
886 694
886 758
886 822
886 950
886 1014
886 1078
887 695
887 759
887 823
887 951
887 1015
887 1065
887 1079
887 1267
888 696
888 760
888 824
888 952
888 1016
888 1080
889 697
889 761
889 825
889 953
889 1017
889 1081
890 698
890 762
890 826
890 954
890 1018
890 1082
891 189
891 699
891 763
891 827
891 955
891 1019
891 1083
891 1087
892 700
892 764
892 828
892 956
892 958
892 1020
892 1084
893 599
893 701
893 765
893 829
893 957
893 1021
893 1085
894 233
894 702
894 766
894 830
894 936
894 958
894 1022
894 1086
895 703
895 767
895 831
895 959
895 1023
895 1087
896 392
896 436
896 704
896 768
896 832
896 960
896 1024
896 1088
897 20
897 32
897 70
897 71
897 75
897 83
897 132
897 146
897 148
897 149
897 150
897 158
897 164
897 166
897 167
897 195
897 196
897 212
897 214
897 220
897 222
897 228
897 259
897 263
897 270
897 275
897 277
897 278
897 292
897 293
897 294
897 305
897 340
897 351
897 354
897 366
897 369
897 388
897 394
897 402
897 408
897 411
897 415
897 418
897 420
897 438
897 449
897 458
897 472
897 477
897 484
897 489
897 494
897 497
897 500
897 514
897 516
897 530
897 532
897 533
897 541
897 561
897 594
897 596
897 604
897 606
897 608
897 610
897 614
897 617
897 625
897 640
897 657
897 670
897 676
897 681
897 689
897 691
897 705
897 724
897 726
897 731
897 732
897 742
897 769
897 771
897 787
897 805
897 820
897 833
897 855
897 862
897 863
897 864
897 868
897 869
897 870
897 903
897 906
897 913
897 916
897 930
897 932
897 941
897 960
897 961
897 962
897 964
897 970
897 983
897 984
897 988
897 991
897 992
897 994
897 996
897 1011
897 1025
897 1031
897 1034
897 1043
897 1044
897 1052
897 1056
897 1058
897 1060
897 1061
897 1089
897 1092
897 1099
897 1108
897 1109
897 1110
897 1115
897 1116
897 1118
897 1125
897 1139
897 1156
897 1158
897 1159
897 1163
897 1174
897 1180
897 1188
897 1216
897 1220
897 1226
897 1234
897 1236
897 1238
897 1239
897 1246
897 1250
897 1252
897 1269
898 232
898 706
898 770
898 834
898 962
898 1026
898 1090
899 12
899 15
899 76
899 134
899 140
899 141
899 142
899 143
899 147
899 156
899 198
899 203
899 204
899 205
899 206
899 207
899 213
899 230
899 231
899 262
899 267
899 268
899 269
899 271
899 295
899 326
899 327
899 331
899 332
899 333
899 334
899 335
899 339
899 341
899 348
899 356
899 357
899 358
899 359
899 372
899 387
899 390
899 391
899 395
899 396
899 397
899 398
899 399
899 403
899 405
899 406
899 422
899 423
899 435
899 451
899 452
899 454
899 455
899 459
899 460
899 461
899 462
899 463
899 467
899 468
899 469
899 470
899 476
899 478
899 485
899 486
899 487
899 515
899 518
899 519
899 523
899 524
899 525
899 526
899 527
899 534
899 540
899 542
899 549
899 550
899 551
899 579
899 582
899 583
899 587
899 588
899 589
899 590
899 591
899 615
899 643
899 646
899 651
899 652
899 653
899 654
899 655
899 659
899 661
899 678
899 679
899 692
899 707
899 711
899 715
899 716
899 717
899 719
899 723
899 743
899 771
899 780
899 781
899 782
899 783
899 807
899 835
899 838
899 843
899 844
899 845
899 846
899 847
899 853
899 854
899 871
899 884
899 902
899 907
899 908
899 909
899 910
899 911
899 915
899 918
899 924
899 926
899 933
899 934
899 935
899 948
899 963
899 966
899 967
899 971
899 972
899 973
899 974
899 975
899 978
899 979
899 980
899 981
899 982
899 997
899 998
899 999
899 1001
899 1012
899 1027
899 1036
899 1037
899 1038
899 1039
899 1063
899 1076
899 1091
899 1094
899 1095
899 1100
899 1101
899 1102
899 1103
899 1107
899 1126
899 1127
899 1140
899 1155
899 1164
899 1165
899 1166
899 1167
899 1171
899 1190
899 1191
899 1204
899 1219
899 1222
899 1223
899 1228
899 1229
899 1230
899 1231
899 1235
899 1237
899 1254
899 1255
899 1268
900 708
900 772
900 836
900 964
900 1028
900 1092
900 1133
901 9
901 73
901 133
901 197
901 261
901 329
901 393
901 453
901 517
901 581
901 628
901 649
901 709
901 713
901 773
901 777
901 837
901 965
901 1029
901 1033
901 1093
901 1097
901 1161
901 1221
902 6
902 12
902 15
902 19
902 76
902 78
902 79
902 134
902 135
902 139
902 140
902 141
902 142
902 143
902 147
902 156
902 198
902 199
902 203
902 204
902 205
902 206
902 207
902 211
902 213
902 230
902 231
902 262
902 267
902 268
902 269
902 271
902 286
902 295
902 323
902 324
902 326
902 327
902 331
902 332
902 333
902 334
902 335
902 339
902 341
902 342
902 347
902 348
902 356
902 357
902 358
902 359
902 372
902 387
902 390
902 391
902 395
902 396
902 397
902 398
902 399
902 403
902 404
902 405
902 406
902 421
902 422
902 423
902 433
902 435
902 451
902 452
902 454
902 455
902 459
902 460
902 461
902 462
902 463
902 467
902 468
902 469
902 470
902 476
902 478
902 485
902 486
902 487
902 502
902 515
902 518
902 519
902 523
902 524
902 525
902 526
902 527
902 531
902 534
902 540
902 542
902 548
902 549
902 550
902 551
902 579
902 582
902 583
902 587
902 588
902 589
902 590
902 591
902 595
902 597
902 598
902 613
902 615
902 643
902 646
902 647
902 651
902 652
902 653
902 654
902 655
902 659
902 660
902 661
902 662
902 668
902 674
902 677
902 678
902 679
902 692
902 707
902 710
902 711
902 715
902 716
902 717
902 719
902 723
902 725
902 743
902 774
902 775
902 780
902 781
902 782
902 783
902 807
902 835
902 838
902 839
902 843
902 844
902 845
902 846
902 847
902 853
902 854
902 871
902 884
902 899
902 907
902 908
902 909
902 910
902 911
902 915
902 917
902 918
902 924
902 926
902 933
902 934
902 935
902 948
902 961
902 963
902 966
902 967
902 971
902 972
902 973
902 974
902 975
902 978
902 979
902 980
902 981
902 982
902 990
902 997
902 998
902 999
902 1001
902 1009
902 1012
902 1014
902 1027
902 1030
902 1035
902 1036
902 1037
902 1038
902 1039
902 1046
902 1063
902 1076
902 1091
902 1094
902 1095
902 1100
902 1101
902 1102
902 1103
902 1107
902 1126
902 1127
902 1140
902 1155
902 1164
902 1165
902 1166
902 1167
902 1171
902 1190
902 1191
902 1204
902 1219
902 1222
902 1223
902 1227
902 1228
902 1229
902 1230
902 1231
902 1235
902 1237
902 1253
902 1254
902 1255
902 1268
903 20
903 32
903 70
903 71
903 83
903 132
903 146
903 148
903 149
903 150
903 158
903 164
903 166
903 167
903 195
903 196
903 212
903 214
903 220
903 222
903 228
903 259
903 263
903 270
903 275
903 277
903 278
903 292
903 293
903 294
903 305
903 340
903 347
903 351
903 354
903 366
903 369
903 388
903 394
903 402
903 408
903 411
903 415
903 418
903 420
903 433
903 438
903 449
903 458
903 472
903 484
903 489
903 494
903 497
903 500
903 514
903 516
903 530
903 532
903 533
903 541
903 561
903 564
903 594
903 596
903 604
903 606
903 608
903 610
903 614
903 617
903 625
903 640
903 657
903 670
903 676
903 681
903 689
903 691
903 711
903 718
903 724
903 726
903 731
903 732
903 742
903 771
903 775
903 779
903 787
903 805
903 820
903 839
903 851
903 855
903 862
903 864
903 868
903 869
903 870
903 897
903 906
903 913
903 916
903 930
903 932
903 941
903 960
903 962
903 964
903 967
903 970
903 983
903 984
903 988
903 990
903 991
903 992
903 994
903 996
903 1011
903 1014
903 1031
903 1034
903 1043
903 1044
903 1045
903 1052
903 1056
903 1058
903 1060
903 1061
903 1062
903 1092
903 1095
903 1099
903 1108
903 1109
903 1110
903 1115
903 1116
903 1118
903 1125
903 1139
903 1156
903 1158
903 1159
903 1163
903 1174
903 1180
903 1188
903 1216
903 1220
903 1226
903 1234
903 1236
903 1238
903 1239
903 1246
903 1250
903 1252
903 1269
904 712
904 776
904 840
904 968
904 1032
904 1096
905 713
905 777
905 841
905 969
905 1033
905 1097
906 7
906 11
906 20
906 28
906 70
906 71
906 76
906 78
906 79
906 134
906 135
906 139
906 141
906 146
906 147
906 148
906 149
906 150
906 156
906 158
906 164
906 166
906 167
906 196
906 199
906 203
906 205
906 211
906 212
906 213
906 214
906 222
906 228
906 231
906 259
906 263
906 267
906 269
906 270
906 275
906 277
906 278
906 286
906 292
906 293
906 294
906 295
906 323
906 324
906 327
906 340
906 341
906 342
906 347
906 351
906 354
906 357
906 366
906 369
906 372
906 388
906 391
906 394
906 404
906 406
906 408
906 411
906 415
906 418
906 420
906 421
906 433
906 435
906 438
906 449
906 452
906 458
906 459
906 462
906 476
906 478
906 484
906 489
906 494
906 497
906 500
906 502
906 516
906 518
906 531
906 532
906 533
906 534
906 540
906 541
906 542
906 548
906 561
906 564
906 583
906 594
906 595
906 596
906 597
906 598
906 604
906 606
906 608
906 610
906 613
906 614
906 625
906 640
906 647
906 657
906 660
906 662
906 668
906 674
906 676
906 677
906 689
906 691
906 692
906 710
906 711
906 714
906 715
906 718
906 723
906 725
906 726
906 731
906 732
906 742
906 743
906 771
906 774
906 775
906 778
906 779
906 782
906 783
906 787
906 805
906 820
906 839
906 842
906 851
906 853
906 854
906 855
906 862
906 864
906 868
906 869
906 870
906 897
906 903
906 916
906 917
906 918
906 926
906 930
906 934
906 960
906 961
906 962
906 964
906 967
906 970
906 980
906 984
906 988
906 990
906 991
906 992
906 996
906 997
906 1001
906 1009
906 1011
906 1014
906 1030
906 1031
906 1034
906 1035
906 1038
906 1043
906 1044
906 1045
906 1046
906 1052
906 1056
906 1058
906 1060
906 1061
906 1062
906 1094
906 1095
906 1098
906 1099
906 1102
906 1107
906 1108
906 1109
906 1110
906 1116
906 1125
906 1139
906 1156
906 1158
906 1163
906 1166
906 1167
906 1171
906 1174
906 1180
906 1188
906 1190
906 1191
906 1216
906 1220
906 1227
906 1236
906 1237
906 1238
906 1246
906 1252
906 1253
906 1269
907 6
907 13
907 14
907 19
907 38
907 71
907 76
907 78
907 79
907 134
907 135
907 139
907 140
907 141
907 142
907 143
907 147
907 156
907 167
907 198
907 199
907 203
907 204
907 205
907 206
907 207
907 211
907 213
907 214
907 222
907 230
907 231
907 262
907 263
907 267
907 268
907 269
907 271
907 275
907 286
907 295
907 323
907 324
907 326
907 327
907 331
907 332
907 333
907 334
907 335
907 339
907 340
907 341
907 342
907 347
907 348
907 354
907 356
907 357
907 358
907 359
907 372
907 387
907 390
907 391
907 395
907 396
907 397
907 398
907 399
907 403
907 404
907 405
907 406
907 415
907 418
907 421
907 422
907 423
907 433
907 435
907 451
907 452
907 454
907 455
907 459
907 460
907 461
907 462
907 463
907 467
907 468
907 469
907 470
907 476
907 478
907 485
907 486
907 487
907 497
907 502
907 515
907 518
907 519
907 523
907 524
907 525
907 526
907 527
907 531
907 534
907 540
907 542
907 548
907 549
907 550
907 551
907 564
907 579
907 582
907 583
907 587
907 588
907 589
907 590
907 591
907 595
907 597
907 598
907 604
907 613
907 614
907 615
907 625
907 643
907 646
907 647
907 651
907 652
907 653
907 654
907 655
907 659
907 660
907 661
907 662
907 668
907 674
907 676
907 677
907 678
907 679
907 692
907 707
907 710
907 711
907 715
907 716
907 717
907 718
907 719
907 723
907 725
907 731
907 743
907 774
907 775
907 779
907 780
907 781
907 782
907 783
907 807
907 835
907 838
907 839
907 843
907 844
907 845
907 846
907 847
907 851
907 853
907 854
907 862
907 868
907 869
907 870
907 871
907 884
907 899
907 902
907 908
907 909
907 910
907 911
907 915
907 916
907 917
907 918
907 924
907 926
907 933
907 934
907 935
907 948
907 961
907 963
907 966
907 967
907 971
907 972
907 973
907 974
907 975
907 978
907 979
907 980
907 981
907 982
907 990
907 991
907 997
907 998
907 999
907 1001
907 1009
907 1012
907 1014
907 1027
907 1030
907 1031
907 1035
907 1036
907 1037
907 1038
907 1039
907 1043
907 1044
907 1045
907 1046
907 1058
907 1062
907 1063
907 1076
907 1091
907 1094
907 1095
907 1099
907 1100
907 1101
907 1102
907 1103
907 1107
907 1126
907 1127
907 1140
907 1155
907 1164
907 1165
907 1166
907 1167
907 1171
907 1190
907 1191
907 1204
907 1219
907 1220
907 1222
907 1223
907 1227
907 1228
907 1229
907 1230
907 1231
907 1235
907 1236
907 1237
907 1238
907 1246
907 1252
907 1253
907 1254
907 1255
907 1268
908 12
908 15
908 76
908 140
908 141
908 142
908 143
908 198
908 204
908 206
908 207
908 230
908 231
908 262
908 268
908 269
908 271
908 326
908 331
908 332
908 333
908 334
908 335
908 339
908 348
908 356
908 357
908 358
908 359
908 372
908 387
908 390
908 395
908 396
908 397
908 398
908 399
908 403
908 405
908 406
908 422
908 423
908 451
908 454
908 455
908 459
908 460
908 461
908 462
908 463
908 467
908 468
908 469
908 470
908 485
908 486
908 487
908 515
908 519
908 523
908 524
908 525
908 526
908 527
908 534
908 540
908 549
908 550
908 551
908 579
908 582
908 583
908 587
908 588
908 589
908 590
908 591
908 615
908 643
908 646
908 651
908 652
908 653
908 654
908 655
908 659
908 661
908 678
908 679
908 692
908 707
908 711
908 715
908 716
908 717
908 719
908 743
908 780
908 781
908 807
908 835
908 838
908 843
908 844
908 845
908 846
908 847
908 853
908 871
908 884
908 899
908 902
908 907
908 909
908 910
908 911
908 915
908 924
908 933
908 934
908 935
908 948
908 963
908 966
908 967
908 971
908 972
908 973
908 974
908 975
908 978
908 979
908 980
908 981
908 982
908 997
908 998
908 999
908 1001
908 1012
908 1027
908 1036
908 1037
908 1039
908 1063
908 1076
908 1091
908 1094
908 1100
908 1101
908 1102
908 1103
908 1107
908 1126
908 1127
908 1140
908 1155
908 1164
908 1165
908 1167
908 1191
908 1204
908 1219
908 1222
908 1223
908 1228
908 1229
908 1230
908 1231
908 1235
908 1254
908 1255
908 1268
909 12
909 15
909 76
909 134
909 140
909 141
909 142
909 143
909 147
909 156
909 198
909 203
909 204
909 205
909 206
909 207
909 213
909 230
909 231
909 262
909 267
909 268
909 269
909 271
909 295
909 326
909 327
909 331
909 332
909 333
909 334
909 335
909 339
909 341
909 348
909 356
909 357
909 358
909 359
909 372
909 387
909 390
909 391
909 395
909 396
909 397
909 398
909 399
909 403
909 405
909 406
909 422
909 423
909 435
909 451
909 452
909 454
909 455
909 459
909 460
909 461
909 462
909 463
909 467
909 468
909 469
909 470
909 476
909 478
909 485
909 486
909 487
909 515
909 518
909 519
909 523
909 524
909 525
909 526
909 527
909 534
909 540
909 542
909 549
909 550
909 551
909 579
909 582
909 583
909 587
909 588
909 589
909 590
909 591
909 615
909 643
909 646
909 651
909 652
909 653
909 654
909 655
909 659
909 661
909 678
909 679
909 692
909 707
909 711
909 715
909 716
909 717
909 719
909 723
909 743
909 780
909 781
909 782
909 783
909 807
909 835
909 838
909 843
909 844
909 845
909 846
909 847
909 853
909 854
909 871
909 884
909 899
909 902
909 907
909 908
909 910
909 911
909 915
909 918
909 924
909 926
909 933
909 934
909 935
909 948
909 963
909 966
909 967
909 971
909 972
909 973
909 974
909 975
909 978
909 979
909 980
909 981
909 982
909 997
909 998
909 999
909 1001
909 1012
909 1027
909 1036
909 1037
909 1038
909 1039
909 1063
909 1076
909 1091
909 1094
909 1095
909 1100
909 1101
909 1102
909 1103
909 1107
909 1126
909 1127
909 1140
909 1155
909 1164
909 1165
909 1166
909 1167
909 1171
909 1190
909 1191
909 1204
909 1219
909 1222
909 1223
909 1228
909 1229
909 1230
909 1231
909 1235
909 1237
909 1254
909 1255
909 1268
910 6
910 12
910 15
910 19
910 76
910 78
910 79
910 134
910 135
910 140
910 141
910 142
910 143
910 147
910 156
910 198
910 199
910 203
910 204
910 205
910 206
910 207
910 211
910 213
910 230
910 231
910 262
910 267
910 268
910 269
910 271
910 286
910 295
910 323
910 324
910 326
910 327
910 331
910 332
910 333
910 334
910 335
910 339
910 341
910 342
910 348
910 356
910 357
910 358
910 359
910 372
910 387
910 390
910 391
910 395
910 396
910 397
910 398
910 399
910 403
910 404
910 405
910 406
910 421
910 422
910 423
910 435
910 451
910 452
910 454
910 455
910 459
910 460
910 461
910 462
910 463
910 467
910 468
910 469
910 470
910 476
910 478
910 485
910 486
910 487
910 502
910 515
910 518
910 519
910 523
910 524
910 525
910 526
910 527
910 531
910 534
910 540
910 542
910 548
910 549
910 550
910 551
910 579
910 582
910 583
910 587
910 588
910 589
910 590
910 591
910 595
910 597
910 613
910 615
910 643
910 646
910 647
910 651
910 652
910 653
910 654
910 655
910 659
910 660
910 661
910 668
910 674
910 677
910 678
910 679
910 692
910 707
910 710
910 711
910 715
910 716
910 717
910 718
910 719
910 723
910 725
910 743
910 774
910 780
910 781
910 782
910 783
910 807
910 835
910 838
910 839
910 843
910 844
910 845
910 846
910 847
910 853
910 854
910 871
910 884
910 899
910 902
910 907
910 908
910 909
910 911
910 915
910 917
910 918
910 924
910 926
910 933
910 934
910 935
910 948
910 963
910 966
910 967
910 971
910 972
910 973
910 974
910 975
910 978
910 979
910 980
910 981
910 982
910 997
910 998
910 999
910 1001
910 1009
910 1012
910 1027
910 1030
910 1035
910 1036
910 1037
910 1038
910 1039
910 1046
910 1063
910 1076
910 1091
910 1094
910 1095
910 1100
910 1101
910 1102
910 1103
910 1107
910 1126
910 1127
910 1140
910 1155
910 1164
910 1165
910 1166
910 1167
910 1171
910 1190
910 1191
910 1204
910 1219
910 1222
910 1223
910 1227
910 1228
910 1229
910 1230
910 1231
910 1235
910 1237
910 1253
910 1254
910 1255
910 1268
911 6
911 12
911 15
911 19
911 76
911 78
911 79
911 134
911 135
911 139
911 140
911 141
911 142
911 143
911 147
911 156
911 198
911 199
911 203
911 204
911 205
911 206
911 207
911 211
911 213
911 230
911 231
911 262
911 267
911 268
911 269
911 271
911 286
911 295
911 323
911 324
911 326
911 327
911 331
911 332
911 333
911 334
911 335
911 339
911 341
911 342
911 348
911 356
911 357
911 358
911 359
911 372
911 387
911 390
911 391
911 395
911 396
911 397
911 398
911 399
911 403
911 404
911 405
911 406
911 421
911 422
911 423
911 435
911 451
911 452
911 454
911 455
911 459
911 460
911 461
911 462
911 463
911 467
911 468
911 469
911 470
911 476
911 478
911 485
911 486
911 487
911 502
911 515
911 518
911 519
911 523
911 524
911 525
911 526
911 527
911 531
911 534
911 540
911 542
911 548
911 549
911 550
911 551
911 579
911 582
911 583
911 587
911 588
911 589
911 590
911 591
911 595
911 597
911 598
911 613
911 615
911 643
911 646
911 647
911 651
911 652
911 653
911 654
911 655
911 659
911 660
911 661
911 668
911 674
911 677
911 678
911 679
911 692
911 707
911 710
911 711
911 715
911 716
911 717
911 719
911 723
911 725
911 743
911 774
911 780
911 781
911 782
911 783
911 807
911 835
911 838
911 839
911 843
911 844
911 845
911 846
911 847
911 853
911 854
911 871
911 884
911 899
911 902
911 907
911 908
911 909
911 910
911 915
911 917
911 918
911 924
911 926
911 933
911 934
911 935
911 948
911 961
911 963
911 966
911 967
911 971
911 972
911 973
911 974
911 975
911 978
911 979
911 980
911 981
911 982
911 997
911 998
911 999
911 1001
911 1009
911 1012
911 1027
911 1030
911 1035
911 1036
911 1037
911 1038
911 1039
911 1046
911 1063
911 1076
911 1091
911 1094
911 1095
911 1100
911 1101
911 1102
911 1103
911 1107
911 1126
911 1127
911 1140
911 1155
911 1164
911 1165
911 1166
911 1167
911 1171
911 1190
911 1191
911 1204
911 1219
911 1222
911 1223
911 1227
911 1228
911 1229
911 1230
911 1231
911 1235
911 1237
911 1253
911 1254
911 1255
911 1268
912 720
912 784
912 791
912 848
912 883
912 976
912 1040
912 1104
913 37
913 70
913 75
913 83
913 132
913 146
913 148
913 149
913 150
913 164
913 195
913 212
913 220
913 228
913 259
913 270
913 273
913 278
913 279
913 288
913 292
913 293
913 305
913 366
913 388
913 402
913 408
913 411
913 472
913 477
913 489
913 514
913 530
913 541
913 594
913 596
913 608
913 612
913 617
913 640
913 644
913 657
913 658
913 670
913 681
913 689
913 691
913 721
913 724
913 726
913 728
913 732
913 742
913 785
913 820
913 849
913 855
913 863
913 864
913 897
913 903
913 930
913 932
913 941
913 962
913 964
913 970
913 977
913 983
913 984
913 988
913 992
913 994
913 996
913 1011
913 1041
913 1060
913 1061
913 1092
913 1105
913 1108
913 1109
913 1115
913 1118
913 1139
913 1156
913 1159
913 1163
913 1174
913 1180
913 1188
913 1217
913 1226
913 1234
913 1239
913 1250
914 722
914 786
914 850
914 978
914 1042
914 1106
915 6
915 13
915 14
915 19
915 38
915 71
915 76
915 78
915 79
915 134
915 135
915 139
915 140
915 141
915 142
915 143
915 147
915 156
915 198
915 199
915 203
915 204
915 205
915 206
915 207
915 211
915 213
915 214
915 222
915 230
915 231
915 262
915 263
915 267
915 268
915 269
915 271
915 275
915 286
915 295
915 323
915 324
915 326
915 327
915 331
915 332
915 333
915 334
915 335
915 339
915 340
915 341
915 342
915 347
915 348
915 354
915 356
915 357
915 358
915 359
915 372
915 387
915 390
915 391
915 395
915 396
915 397
915 398
915 399
915 403
915 404
915 405
915 406
915 415
915 418
915 421
915 422
915 423
915 433
915 435
915 451
915 452
915 454
915 455
915 459
915 460
915 461
915 462
915 463
915 467
915 468
915 469
915 470
915 476
915 478
915 485
915 486
915 487
915 497
915 502
915 515
915 518
915 519
915 523
915 524
915 525
915 526
915 527
915 531
915 534
915 540
915 542
915 548
915 549
915 550
915 551
915 564
915 579
915 582
915 583
915 587
915 588
915 589
915 590
915 591
915 595
915 597
915 598
915 613
915 614
915 615
915 625
915 643
915 646
915 647
915 651
915 652
915 653
915 654
915 655
915 659
915 660
915 661
915 662
915 668
915 674
915 677
915 678
915 679
915 692
915 707
915 710
915 711
915 715
915 716
915 717
915 718
915 719
915 723
915 725
915 731
915 743
915 774
915 775
915 779
915 780
915 781
915 782
915 783
915 787
915 807
915 835
915 838
915 839
915 843
915 844
915 845
915 846
915 847
915 851
915 853
915 854
915 862
915 868
915 871
915 884
915 899
915 902
915 907
915 908
915 909
915 910
915 911
915 916
915 917
915 918
915 924
915 926
915 933
915 934
915 935
915 948
915 961
915 963
915 966
915 967
915 971
915 972
915 973
915 974
915 975
915 978
915 979
915 980
915 981
915 982
915 990
915 997
915 998
915 999
915 1001
915 1009
915 1012
915 1014
915 1027
915 1030
915 1035
915 1036
915 1037
915 1038
915 1039
915 1043
915 1044
915 1045
915 1046
915 1058
915 1062
915 1063
915 1076
915 1091
915 1094
915 1095
915 1099
915 1100
915 1101
915 1102
915 1103
915 1107
915 1126
915 1127
915 1140
915 1155
915 1164
915 1165
915 1166
915 1167
915 1171
915 1190
915 1191
915 1204
915 1219
915 1220
915 1222
915 1223
915 1227
915 1228
915 1229
915 1230
915 1231
915 1235
915 1236
915 1237
915 1238
915 1246
915 1252
915 1253
915 1254
915 1255
915 1268
916 11
916 21
916 22
916 28
916 71
916 76
916 78
916 79
916 134
916 135
916 139
916 141
916 147
916 150
916 156
916 158
916 164
916 166
916 167
916 196
916 198
916 199
916 203
916 205
916 206
916 207
916 211
916 212
916 213
916 214
916 222
916 230
916 231
916 259
916 262
916 263
916 267
916 269
916 275
916 277
916 278
916 286
916 293
916 294
916 295
916 323
916 324
916 327
916 331
916 339
916 340
916 341
916 342
916 347
916 348
916 351
916 354
916 356
916 357
916 358
916 366
916 369
916 372
916 387
916 388
916 391
916 394
916 395
916 404
916 406
916 408
916 411
916 415
916 418
916 420
916 421
916 422
916 433
916 435
916 438
916 449
916 451
916 452
916 455
916 458
916 459
916 462
916 468
916 470
916 476
916 478
916 484
916 485
916 494
916 497
916 500
916 502
916 516
916 518
916 519
916 523
916 531
916 532
916 533
916 534
916 540
916 541
916 542
916 548
916 549
916 561
916 564
916 579
916 583
916 587
916 594
916 595
916 596
916 597
916 598
916 604
916 606
916 608
916 610
916 613
916 614
916 625
916 640
916 643
916 646
916 647
916 651
916 657
916 660
916 661
916 662
916 668
916 674
916 676
916 677
916 678
916 689
916 691
916 692
916 707
916 710
916 711
916 715
916 718
916 723
916 724
916 725
916 726
916 731
916 732
916 742
916 743
916 771
916 774
916 775
916 779
916 781
916 782
916 783
916 787
916 788
916 805
916 807
916 820
916 839
916 843
916 846
916 847
916 851
916 852
916 853
916 854
916 855
916 862
916 864
916 868
916 869
916 870
916 884
916 897
916 903
916 906
916 907
916 915
916 917
916 918
916 924
916 926
916 930
916 933
916 934
916 948
916 960
916 961
916 962
916 964
916 967
916 970
916 978
916 980
916 981
916 982
916 988
916 990
916 991
916 992
916 997
916 1001
916 1009
916 1011
916 1014
916 1030
916 1031
916 1034
916 1035
916 1037
916 1038
916 1043
916 1044
916 1045
916 1046
916 1052
916 1056
916 1058
916 1061
916 1062
916 1076
916 1094
916 1095
916 1099
916 1102
916 1107
916 1108
916 1109
916 1110
916 1116
916 1125
916 1126
916 1155
916 1156
916 1158
916 1163
916 1166
916 1167
916 1171
916 1174
916 1180
916 1188
916 1190
916 1191
916 1204
916 1216
916 1220
916 1223
916 1227
916 1235
916 1236
916 1237
916 1238
916 1246
916 1252
916 1253
916 1254
916 1255
916 1268
916 1269
917 21
917 22
917 28
917 71
917 76
917 78
917 79
917 134
917 135
917 139
917 141
917 142
917 147
917 150
917 156
917 158
917 164
917 166
917 167
917 196
917 198
917 199
917 203
917 205
917 206
917 207
917 211
917 212
917 213
917 214
917 222
917 230
917 231
917 259
917 262
917 263
917 267
917 269
917 275
917 277
917 278
917 286
917 293
917 294
917 295
917 323
917 324
917 326
917 327
917 331
917 333
917 334
917 339
917 340
917 341
917 342
917 347
917 348
917 351
917 354
917 356
917 357
917 358
917 359
917 366
917 369
917 372
917 387
917 388
917 391
917 394
917 395
917 397
917 403
917 404
917 405
917 406
917 408
917 415
917 418
917 420
917 421
917 422
917 423
917 433
917 435
917 438
917 449
917 451
917 452
917 455
917 458
917 459
917 461
917 462
917 463
917 468
917 469
917 470
917 476
917 478
917 484
917 485
917 486
917 487
917 494
917 497
917 500
917 502
917 515
917 516
917 518
917 519
917 523
917 526
917 531
917 532
917 533
917 534
917 540
917 541
917 542
917 548
917 549
917 551
917 561
917 564
917 579
917 582
917 583
917 587
917 595
917 596
917 597
917 598
917 604
917 606
917 608
917 610
917 613
917 614
917 615
917 625
917 640
917 643
917 646
917 647
917 651
917 657
917 660
917 661
917 662
917 668
917 674
917 676
917 677
917 678
917 679
917 689
917 691
917 692
917 707
917 710
917 711
917 715
917 716
917 717
917 718
917 719
917 723
917 725
917 731
917 732
917 742
917 743
917 771
917 774
917 775
917 779
917 781
917 782
917 783
917 787
917 789
917 805
917 807
917 820
917 835
917 838
917 839
917 843
917 846
917 847
917 851
917 853
917 854
917 855
917 862
917 868
917 869
917 870
917 871
917 884
917 902
917 906
917 907
917 910
917 911
917 915
917 916
917 918
917 924
917 926
917 930
917 933
917 934
917 935
917 948
917 960
917 961
917 962
917 966
917 967
917 970
917 971
917 974
917 978
917 979
917 980
917 981
917 982
917 990
917 991
917 997
917 998
917 1001
917 1009
917 1012
917 1014
917 1027
917 1030
917 1031
917 1034
917 1035
917 1037
917 1038
917 1039
917 1043
917 1044
917 1045
917 1046
917 1052
917 1056
917 1058
917 1061
917 1062
917 1063
917 1076
917 1091
917 1094
917 1095
917 1099
917 1101
917 1102
917 1107
917 1109
917 1110
917 1116
917 1125
917 1126
917 1127
917 1140
917 1155
917 1158
917 1163
917 1165
917 1166
917 1167
917 1171
917 1174
917 1188
917 1190
917 1191
917 1204
917 1216
917 1220
917 1222
917 1223
917 1227
917 1230
917 1235
917 1236
917 1237
917 1238
917 1246
917 1252
917 1253
917 1254
917 1255
917 1268
917 1269
918 13
918 14
918 19
918 21
918 22
918 38
918 71
918 76
918 78
918 79
918 134
918 135
918 139
918 140
918 141
918 142
918 143
918 147
918 156
918 158
918 166
918 167
918 196
918 198
918 199
918 203
918 204
918 205
918 206
918 207
918 211
918 212
918 213
918 214
918 222
918 230
918 231
918 262
918 263
918 267
918 269
918 275
918 277
918 286
918 293
918 294
918 295
918 323
918 324
918 326
918 327
918 331
918 333
918 334
918 335
918 339
918 340
918 341
918 342
918 347
918 348
918 351
918 354
918 356
918 357
918 358
918 359
918 369
918 372
918 387
918 388
918 390
918 391
918 394
918 395
918 397
918 403
918 404
918 405
918 406
918 408
918 415
918 418
918 420
918 421
918 422
918 423
918 433
918 435
918 438
918 449
918 451
918 452
918 454
918 455
918 458
918 459
918 461
918 462
918 463
918 467
918 468
918 469
918 470
918 476
918 478
918 484
918 485
918 486
918 487
918 494
918 497
918 500
918 502
918 515
918 516
918 518
918 519
918 523
918 525
918 526
918 531
918 532
918 533
918 534
918 540
918 542
918 548
918 549
918 550
918 551
918 561
918 564
918 579
918 582
918 583
918 587
918 588
918 589
918 590
918 595
918 597
918 598
918 604
918 606
918 608
918 610
918 613
918 614
918 615
918 625
918 643
918 646
918 647
918 651
918 653
918 654
918 659
918 660
918 661
918 662
918 668
918 674
918 676
918 677
918 678
918 679
918 691
918 692
918 707
918 710
918 711
918 715
918 716
918 717
918 718
918 719
918 723
918 725
918 726
918 731
918 732
918 742
918 743
918 771
918 774
918 775
918 779
918 780
918 781
918 782
918 783
918 787
918 790
918 805
918 807
918 835
918 838
918 839
918 843
918 846
918 847
918 851
918 853
918 854
918 862
918 868
918 869
918 870
918 871
918 884
918 899
918 902
918 906
918 907
918 909
918 910
918 911
918 915
918 916
918 917
918 924
918 926
918 930
918 933
918 934
918 935
918 948
918 960
918 961
918 966
918 967
918 971
918 974
918 978
918 979
918 980
918 981
918 982
918 990
918 991
918 997
918 998
918 1001
918 1009
918 1012
918 1014
918 1027
918 1030
918 1031
918 1034
918 1035
918 1036
918 1037
918 1038
918 1039
918 1043
918 1044
918 1045
918 1046
918 1052
918 1056
918 1058
918 1061
918 1062
918 1063
918 1076
918 1091
918 1094
918 1095
918 1099
918 1100
918 1101
918 1102
918 1103
918 1107
918 1110
918 1116
918 1125
918 1126
918 1127
918 1140
918 1155
918 1158
918 1163
918 1165
918 1166
918 1167
918 1171
918 1174
918 1190
918 1191
918 1204
918 1216
918 1220
918 1222
918 1223
918 1227
918 1230
918 1231
918 1235
918 1236
918 1237
918 1238
918 1246
918 1252
918 1253
918 1254
918 1255
918 1268
918 1269
919 727
919 791
919 855
919 983
919 1047
919 1111
920 94
920 728
920 792
920 856
920 984
920 1048
920 1112
921 729
921 793
921 856
921 857
921 985
921 1049
921 1113
922 152
922 566
922 730
922 794
922 858
922 986
922 1050
922 1114
923 40
923 731
923 795
923 859
923 987
923 1051
923 1115
924 6
924 13
924 14
924 19
924 38
924 71
924 76
924 78
924 79
924 134
924 135
924 139
924 140
924 141
924 142
924 143
924 147
924 156
924 167
924 198
924 199
924 203
924 204
924 205
924 206
924 207
924 211
924 213
924 214
924 222
924 230
924 231
924 262
924 263
924 267
924 268
924 269
924 271
924 275
924 286
924 294
924 295
924 323
924 324
924 326
924 327
924 331
924 332
924 333
924 334
924 335
924 339
924 340
924 341
924 342
924 347
924 348
924 354
924 356
924 357
924 358
924 359
924 372
924 387
924 390
924 391
924 395
924 396
924 397
924 398
924 399
924 403
924 404
924 405
924 406
924 415
924 418
924 421
924 422
924 423
924 433
924 435
924 451
924 452
924 454
924 455
924 459
924 461
924 462
924 463
924 467
924 468
924 469
924 470
924 476
924 478
924 484
924 485
924 486
924 487
924 494
924 497
924 500
924 502
924 515
924 516
924 518
924 519
924 523
924 524
924 525
924 526
924 527
924 531
924 533
924 534
924 540
924 542
924 548
924 549
924 550
924 551
924 561
924 564
924 579
924 582
924 583
924 587
924 588
924 589
924 590
924 591
924 595
924 597
924 598
924 604
924 606
924 613
924 614
924 615
924 625
924 643
924 646
924 647
924 651
924 652
924 653
924 654
924 655
924 659
924 660
924 661
924 662
924 668
924 674
924 676
924 677
924 678
924 679
924 692
924 707
924 710
924 711
924 715
924 716
924 717
924 718
924 719
924 723
924 725
924 731
924 732
924 743
924 771
924 774
924 775
924 779
924 780
924 781
924 782
924 783
924 787
924 796
924 807
924 835
924 838
924 839
924 843
924 845
924 846
924 847
924 851
924 853
924 854
924 860
924 862
924 868
924 869
924 870
924 871
924 884
924 899
924 902
924 907
924 908
924 909
924 910
924 911
924 915
924 916
924 917
924 918
924 926
924 933
924 934
924 935
924 948
924 960
924 961
924 963
924 966
924 967
924 971
924 972
924 974
924 975
924 978
924 979
924 980
924 981
924 982
924 988
924 990
924 991
924 997
924 998
924 999
924 1001
924 1009
924 1012
924 1014
924 1027
924 1030
924 1031
924 1035
924 1036
924 1037
924 1038
924 1039
924 1043
924 1044
924 1045
924 1046
924 1052
924 1058
924 1062
924 1063
924 1076
924 1091
924 1094
924 1095
924 1099
924 1100
924 1101
924 1102
924 1103
924 1107
924 1110
924 1116
924 1125
924 1126
924 1127
924 1140
924 1155
924 1158
924 1164
924 1165
924 1166
924 1167
924 1171
924 1190
924 1191
924 1204
924 1216
924 1219
924 1220
924 1222
924 1223
924 1227
924 1228
924 1229
924 1230
924 1231
924 1235
924 1236
924 1237
924 1238
924 1246
924 1252
924 1253
924 1254
924 1255
924 1268
925 733
925 797
925 861
925 968
925 989
925 1053
925 1117
926 13
926 14
926 19
926 21
926 22
926 38
926 71
926 76
926 78
926 79
926 134
926 135
926 139
926 140
926 141
926 142
926 143
926 147
926 156
926 158
926 166
926 167
926 196
926 198
926 199
926 203
926 204
926 205
926 206
926 207
926 211
926 212
926 213
926 214
926 222
926 230
926 231
926 262
926 263
926 267
926 269
926 275
926 277
926 286
926 293
926 294
926 295
926 323
926 324
926 326
926 327
926 331
926 333
926 334
926 335
926 339
926 340
926 341
926 342
926 347
926 348
926 351
926 354
926 356
926 357
926 358
926 359
926 369
926 372
926 387
926 388
926 390
926 391
926 394
926 395
926 397
926 403
926 404
926 405
926 406
926 408
926 415
926 418
926 420
926 421
926 422
926 423
926 433
926 435
926 438
926 449
926 451
926 452
926 454
926 455
926 458
926 459
926 461
926 462
926 463
926 467
926 468
926 469
926 470
926 476
926 478
926 484
926 485
926 486
926 487
926 494
926 497
926 500
926 502
926 515
926 516
926 518
926 519
926 523
926 525
926 526
926 531
926 532
926 533
926 534
926 540
926 542
926 548
926 549
926 550
926 551
926 561
926 564
926 579
926 582
926 583
926 587
926 588
926 589
926 590
926 595
926 597
926 598
926 604
926 606
926 608
926 610
926 613
926 614
926 615
926 625
926 643
926 646
926 647
926 651
926 653
926 654
926 659
926 660
926 661
926 662
926 668
926 674
926 676
926 677
926 678
926 679
926 691
926 692
926 707
926 710
926 711
926 715
926 716
926 717
926 718
926 719
926 723
926 725
926 731
926 732
926 734
926 742
926 743
926 771
926 774
926 775
926 779
926 780
926 781
926 782
926 783
926 787
926 798
926 805
926 807
926 835
926 838
926 839
926 843
926 846
926 847
926 851
926 853
926 854
926 862
926 868
926 869
926 870
926 871
926 884
926 899
926 902
926 906
926 907
926 909
926 910
926 911
926 915
926 916
926 917
926 918
926 924
926 930
926 933
926 934
926 935
926 948
926 960
926 961
926 966
926 967
926 971
926 974
926 978
926 979
926 980
926 981
926 982
926 990
926 991
926 997
926 998
926 1001
926 1009
926 1012
926 1014
926 1027
926 1030
926 1031
926 1034
926 1035
926 1036
926 1037
926 1038
926 1039
926 1043
926 1044
926 1045
926 1046
926 1052
926 1054
926 1056
926 1058
926 1061
926 1062
926 1063
926 1076
926 1091
926 1094
926 1095
926 1099
926 1100
926 1101
926 1102
926 1103
926 1107
926 1110
926 1116
926 1118
926 1125
926 1126
926 1127
926 1140
926 1155
926 1158
926 1163
926 1165
926 1166
926 1167
926 1171
926 1174
926 1190
926 1191
926 1204
926 1216
926 1220
926 1222
926 1223
926 1227
926 1230
926 1231
926 1235
926 1236
926 1237
926 1238
926 1246
926 1252
926 1253
926 1254
926 1255
926 1268
926 1269
927 735
927 799
927 863
927 991
927 1055
927 1119
928 736
928 800
928 864
928 992
928 1056
928 1120
929 737
929 760
929 801
929 865
929 993
929 1057
929 1121
930 7
930 20
930 70
930 71
930 78
930 79
930 83
930 132
930 135
930 139
930 146
930 148
930 149
930 150
930 158
930 164
930 166
930 167
930 195
930 196
930 199
930 205
930 211
930 212
930 214
930 222
930 228
930 259
930 263
930 270
930 275
930 277
930 278
930 286
930 292
930 293
930 294
930 305
930 323
930 324
930 340
930 342
930 347
930 351
930 354
930 366
930 369
930 388
930 394
930 402
930 404
930 408
930 411
930 415
930 418
930 420
930 421
930 433
930 438
930 449
930 458
930 472
930 484
930 489
930 494
930 497
930 500
930 502
930 516
930 530
930 531
930 532
930 533
930 541
930 548
930 561
930 564
930 594
930 595
930 596
930 597
930 598
930 604
930 606
930 608
930 610
930 613
930 614
930 617
930 625
930 640
930 647
930 657
930 660
930 662
930 668
930 670
930 674
930 676
930 677
930 689
930 691
930 710
930 718
930 723
930 725
930 726
930 731
930 732
930 738
930 742
930 771
930 774
930 775
930 779
930 787
930 802
930 805
930 820
930 839
930 851
930 855
930 862
930 864
930 866
930 868
930 869
930 870
930 897
930 903
930 906
930 913
930 916
930 917
930 918
930 926
930 960
930 961
930 962
930 964
930 970
930 984
930 988
930 990
930 991
930 992
930 994
930 996
930 1009
930 1011
930 1014
930 1030
930 1031
930 1034
930 1035
930 1043
930 1044
930 1045
930 1046
930 1052
930 1056
930 1058
930 1060
930 1061
930 1062
930 1092
930 1099
930 1108
930 1109
930 1110
930 1116
930 1118
930 1122
930 1125
930 1139
930 1156
930 1158
930 1163
930 1174
930 1180
930 1188
930 1216
930 1220
930 1226
930 1227
930 1234
930 1236
930 1238
930 1239
930 1246
930 1250
930 1252
930 1253
930 1269
931 739
931 803
931 867
931 995
931 1059
931 1123
932 37
932 70
932 75
932 83
932 131
932 132
932 146
932 148
932 149
932 150
932 195
932 220
932 228
932 270
932 273
932 279
932 288
932 292
932 305
932 308
932 402
932 411
932 472
932 477
932 489
932 514
932 530
932 594
932 612
932 617
932 644
932 658
932 670
932 681
932 689
932 724
932 726
932 728
932 740
932 804
932 836
932 863
932 864
932 868
932 897
932 903
932 913
932 941
932 964
932 983
932 984
932 988
932 992
932 994
932 996
932 1011
932 1060
932 1092
932 1108
932 1109
932 1115
932 1118
932 1124
932 1139
932 1156
932 1159
932 1180
932 1188
932 1217
932 1226
932 1234
932 1239
932 1250
933 6
933 13
933 14
933 19
933 38
933 76
933 78
933 79
933 134
933 135
933 139
933 140
933 141
933 142
933 143
933 147
933 156
933 198
933 199
933 203
933 204
933 205
933 206
933 207
933 211
933 213
933 230
933 231
933 262
933 263
933 267
933 268
933 269
933 271
933 286
933 295
933 323
933 324
933 326
933 327
933 331
933 332
933 333
933 334
933 335
933 339
933 340
933 341
933 342
933 347
933 348
933 356
933 357
933 358
933 359
933 372
933 387
933 390
933 391
933 395
933 396
933 397
933 398
933 399
933 403
933 404
933 405
933 406
933 418
933 421
933 422
933 423
933 433
933 435
933 451
933 452
933 454
933 455
933 459
933 460
933 461
933 462
933 463
933 467
933 468
933 469
933 470
933 476
933 478
933 485
933 486
933 487
933 502
933 515
933 518
933 519
933 523
933 524
933 525
933 526
933 527
933 531
933 534
933 540
933 542
933 548
933 549
933 550
933 551
933 564
933 579
933 582
933 583
933 587
933 588
933 589
933 590
933 591
933 595
933 597
933 598
933 613
933 614
933 615
933 625
933 643
933 646
933 647
933 651
933 652
933 653
933 654
933 655
933 659
933 660
933 661
933 662
933 668
933 674
933 677
933 678
933 679
933 692
933 707
933 710
933 711
933 715
933 716
933 717
933 718
933 719
933 723
933 725
933 741
933 743
933 774
933 775
933 779
933 780
933 781
933 782
933 783
933 805
933 807
933 835
933 838
933 839
933 843
933 844
933 845
933 846
933 847
933 851
933 853
933 854
933 869
933 871
933 884
933 899
933 902
933 907
933 908
933 909
933 910
933 911
933 915
933 916
933 917
933 918
933 924
933 926
933 934
933 935
933 948
933 961
933 963
933 966
933 967
933 971
933 972
933 973
933 974
933 975
933 978
933 979
933 980
933 981
933 982
933 990
933 997
933 998
933 999
933 1001
933 1009
933 1012
933 1014
933 1027
933 1030
933 1035
933 1036
933 1037
933 1038
933 1039
933 1043
933 1045
933 1046
933 1061
933 1062
933 1063
933 1076
933 1091
933 1094
933 1095
933 1099
933 1100
933 1101
933 1102
933 1103
933 1107
933 1125
933 1126
933 1127
933 1140
933 1155
933 1164
933 1165
933 1166
933 1167
933 1171
933 1190
933 1191
933 1204
933 1219
933 1222
933 1223
933 1227
933 1228
933 1229
933 1230
933 1231
933 1235
933 1237
933 1238
933 1252
933 1253
933 1254
933 1255
933 1268
934 6
934 13
934 14
934 19
934 38
934 71
934 76
934 78
934 79
934 134
934 135
934 139
934 140
934 141
934 142
934 143
934 147
934 156
934 167
934 198
934 199
934 203
934 204
934 205
934 206
934 207
934 211
934 213
934 214
934 222
934 230
934 231
934 262
934 263
934 267
934 268
934 269
934 271
934 275
934 277
934 286
934 294
934 295
934 323
934 324
934 326
934 327
934 331
934 332
934 333
934 334
934 335
934 339
934 340
934 341
934 342
934 347
934 348
934 351
934 354
934 356
934 357
934 358
934 359
934 372
934 387
934 390
934 391
934 394
934 395
934 396
934 397
934 398
934 399
934 403
934 404
934 405
934 406
934 415
934 418
934 421
934 422
934 423
934 433
934 435
934 449
934 451
934 452
934 454
934 455
934 458
934 459
934 461
934 462
934 463
934 467
934 468
934 469
934 470
934 476
934 478
934 484
934 485
934 486
934 487
934 494
934 497
934 500
934 502
934 515
934 516
934 518
934 519
934 523
934 525
934 526
934 527
934 531
934 532
934 533
934 534
934 540
934 542
934 548
934 549
934 550
934 551
934 561
934 564
934 579
934 582
934 583
934 587
934 588
934 589
934 590
934 591
934 595
934 597
934 598
934 604
934 606
934 613
934 614
934 615
934 625
934 643
934 646
934 647
934 651
934 653
934 654
934 655
934 659
934 660
934 661
934 662
934 668
934 674
934 676
934 677
934 678
934 679
934 692
934 707
934 710
934 711
934 715
934 716
934 717
934 718
934 719
934 723
934 725
934 731
934 742
934 743
934 771
934 774
934 775
934 779
934 780
934 781
934 782
934 783
934 787
934 805
934 806
934 807
934 835
934 838
934 839
934 843
934 845
934 846
934 847
934 851
934 853
934 854
934 862
934 868
934 869
934 870
934 871
934 884
934 899
934 902
934 906
934 907
934 908
934 909
934 910
934 911
934 915
934 916
934 917
934 918
934 924
934 926
934 933
934 935
934 948
934 960
934 961
934 963
934 966
934 967
934 971
934 974
934 975
934 978
934 979
934 980
934 981
934 982
934 990
934 991
934 997
934 998
934 1001
934 1009
934 1012
934 1014
934 1027
934 1030
934 1031
934 1035
934 1036
934 1037
934 1038
934 1039
934 1043
934 1044
934 1045
934 1046
934 1052
934 1056
934 1058
934 1062
934 1063
934 1076
934 1091
934 1094
934 1095
934 1099
934 1100
934 1101
934 1102
934 1103
934 1107
934 1110
934 1116
934 1125
934 1126
934 1127
934 1140
934 1155
934 1158
934 1164
934 1165
934 1166
934 1167
934 1171
934 1190
934 1191
934 1204
934 1216
934 1220
934 1222
934 1223
934 1227
934 1229
934 1230
934 1231
934 1235
934 1236
934 1237
934 1238
934 1246
934 1252
934 1253
934 1254
934 1255
934 1268
934 1269
935 6
935 12
935 15
935 76
935 78
935 79
935 134
935 135
935 140
935 141
935 142
935 143
935 147
935 156
935 198
935 203
935 204
935 205
935 206
935 207
935 211
935 213
935 230
935 231
935 262
935 267
935 268
935 269
935 271
935 286
935 295
935 323
935 324
935 326
935 327
935 331
935 332
935 333
935 334
935 335
935 339
935 341
935 342
935 348
935 356
935 357
935 358
935 359
935 372
935 387
935 390
935 391
935 395
935 396
935 397
935 398
935 399
935 403
935 404
935 405
935 406
935 421
935 422
935 423
935 435
935 451
935 452
935 454
935 455
935 459
935 460
935 461
935 462
935 463
935 467
935 468
935 469
935 470
935 476
935 478
935 485
935 486
935 487
935 502
935 515
935 518
935 519
935 523
935 524
935 525
935 526
935 527
935 531
935 534
935 540
935 542
935 548
935 549
935 550
935 551
935 579
935 582
935 583
935 587
935 588
935 589
935 590
935 591
935 595
935 597
935 613
935 615
935 643
935 646
935 647
935 651
935 652
935 653
935 654
935 655
935 659
935 660
935 661
935 674
935 677
935 678
935 679
935 692
935 707
935 710
935 711
935 715
935 716
935 717
935 719
935 723
935 725
935 743
935 780
935 781
935 782
935 783
935 807
935 835
935 838
935 843
935 844
935 845
935 846
935 847
935 853
935 854
935 871
935 884
935 899
935 902
935 907
935 908
935 909
935 910
935 911
935 915
935 917
935 918
935 924
935 926
935 933
935 934
935 948
935 963
935 966
935 967
935 971
935 972
935 973
935 974
935 975
935 978
935 979
935 980
935 981
935 982
935 997
935 998
935 999
935 1001
935 1012
935 1027
935 1030
935 1035
935 1036
935 1037
935 1038
935 1039
935 1046
935 1063
935 1076
935 1091
935 1094
935 1095
935 1100
935 1101
935 1102
935 1103
935 1107
935 1126
935 1127
935 1140
935 1155
935 1164
935 1165
935 1166
935 1167
935 1171
935 1190
935 1191
935 1204
935 1219
935 1222
935 1223
935 1227
935 1228
935 1229
935 1230
935 1231
935 1235
935 1237
935 1253
935 1254
935 1255
935 1268
936 233
936 744
936 808
936 872
936 894
936 1000
936 1064
936 1128
937 745
937 809
937 873
937 1001
937 1065
937 1129
937 1134
938 746
938 750
938 810
938 874
938 1002
938 1066
938 1130
939 365
939 747
939 811
939 875
939 1003
939 1067
939 1131
939 1244
940 748
940 812
940 876
940 1004
940 1068
940 1132
940 1177
941 37
941 70
941 75
941 83
941 131
941 132
941 146
941 148
941 149
941 150
941 195
941 220
941 228
941 259
941 270
941 273
941 279
941 288
941 292
941 305
941 308
941 402
941 411
941 472
941 477
941 489
941 514
941 530
941 594
941 612
941 617
941 644
941 658
941 670
941 681
941 689
941 724
941 726
941 728
941 749
941 813
941 836
941 863
941 864
941 877
941 897
941 903
941 913
941 932
941 964
941 970
941 983
941 984
941 988
941 992
941 994
941 996
941 1005
941 1011
941 1060
941 1069
941 1092
941 1108
941 1109
941 1115
941 1118
941 1133
941 1139
941 1156
941 1159
941 1180
941 1188
941 1217
941 1226
941 1234
941 1239
941 1250
942 750
942 814
942 878
942 1006
942 1070
942 1134
943 751
943 815
943 879
943 1007
943 1071
943 1135
944 629
944 752
944 816
944 880
944 1008
944 1072
944 1136
945 545
945 642
945 753
945 817
945 881
945 1009
945 1073
945 1137
945 1173
946 754
946 818
946 882
946 1010
946 1021
946 1074
946 1138
947 482
947 626
947 755
947 819
947 883
947 1011
947 1075
947 1139
948 6
948 13
948 14
948 19
948 38
948 76
948 78
948 79
948 134
948 135
948 139
948 140
948 141
948 142
948 143
948 147
948 156
948 198
948 199
948 203
948 204
948 205
948 206
948 207
948 211
948 213
948 214
948 222
948 230
948 231
948 262
948 263
948 267
948 268
948 269
948 271
948 275
948 286
948 295
948 323
948 324
948 326
948 327
948 331
948 332
948 333
948 334
948 335
948 339
948 340
948 341
948 342
948 347
948 348
948 356
948 357
948 358
948 359
948 372
948 387
948 390
948 391
948 395
948 396
948 397
948 398
948 399
948 403
948 404
948 405
948 406
948 415
948 418
948 421
948 422
948 423
948 433
948 435
948 451
948 452
948 454
948 455
948 459
948 460
948 461
948 462
948 463
948 467
948 468
948 469
948 470
948 476
948 478
948 485
948 486
948 487
948 497
948 502
948 515
948 518
948 519
948 523
948 524
948 525
948 526
948 527
948 531
948 534
948 540
948 542
948 548
948 549
948 550
948 551
948 564
948 579
948 582
948 583
948 587
948 588
948 589
948 590
948 591
948 595
948 597
948 598
948 613
948 614
948 615
948 625
948 643
948 646
948 647
948 651
948 652
948 653
948 654
948 655
948 659
948 660
948 661
948 662
948 668
948 674
948 677
948 678
948 679
948 692
948 707
948 710
948 711
948 715
948 716
948 717
948 718
948 719
948 723
948 725
948 731
948 743
948 756
948 774
948 775
948 779
948 780
948 781
948 782
948 783
948 807
948 820
948 835
948 838
948 839
948 843
948 844
948 845
948 846
948 847
948 851
948 853
948 854
948 862
948 868
948 871
948 884
948 899
948 902
948 907
948 908
948 909
948 910
948 911
948 915
948 916
948 917
948 918
948 924
948 926
948 933
948 934
948 935
948 961
948 963
948 966
948 967
948 971
948 972
948 973
948 974
948 975
948 978
948 979
948 980
948 981
948 982
948 990
948 997
948 998
948 999
948 1001
948 1009
948 1012
948 1014
948 1027
948 1030
948 1035
948 1036
948 1037
948 1038
948 1039
948 1043
948 1044
948 1045
948 1046
948 1062
948 1063
948 1076
948 1091
948 1094
948 1095
948 1099
948 1100
948 1101
948 1102
948 1103
948 1107
948 1126
948 1127
948 1140
948 1155
948 1164
948 1165
948 1166
948 1167
948 1171
948 1190
948 1191
948 1204
948 1219
948 1220
948 1222
948 1223
948 1227
948 1228
948 1229
948 1230
948 1231
948 1235
948 1236
948 1237
948 1238
948 1252
948 1253
948 1254
948 1255
948 1268
949 137
949 757
949 821
949 885
949 1013
949 1077
949 1141
950 209
950 537
950 758
950 822
950 886
950 1014
950 1078
950 1142
951 759
951 823
951 887
951 1015
951 1079
951 1142
951 1143
952 760
952 824
952 888
952 1016
952 1080
952 1144
953 761
953 825
953 889
953 1003
953 1017
953 1081
953 1145
954 109
954 762
954 795
954 826
954 877
954 890
954 1018
954 1082
954 1146
954 1148
955 250
955 763
955 827
955 891
955 1019
955 1083
955 1147
956 509
956 669
956 764
956 784
956 828
956 892
956 1020
956 1084
956 1148
957 765
957 829
957 893
957 1021
957 1085
957 1149
958 766
958 830
958 892
958 894
958 1022
958 1086
958 1150
959 767
959 831
959 895
959 1023
959 1087
959 1151
960 7
960 11
960 20
960 28
960 71
960 134
960 135
960 139
960 141
960 146
960 147
960 148
960 149
960 150
960 156
960 158
960 164
960 166
960 167
960 196
960 198
960 199
960 203
960 205
960 211
960 212
960 213
960 214
960 222
960 228
960 231
960 259
960 262
960 263
960 267
960 269
960 270
960 275
960 277
960 278
960 286
960 292
960 293
960 294
960 295
960 323
960 324
960 327
960 340
960 341
960 342
960 347
960 348
960 351
960 354
960 357
960 366
960 369
960 372
960 388
960 391
960 394
960 404
960 406
960 408
960 411
960 415
960 418
960 420
960 421
960 433
960 435
960 438
960 449
960 451
960 452
960 458
960 459
960 462
960 468
960 476
960 478
960 484
960 489
960 494
960 497
960 500
960 502
960 516
960 518
960 531
960 532
960 533
960 534
960 540
960 541
960 542
960 548
960 549
960 561
960 564
960 583
960 594
960 595
960 596
960 597
960 598
960 604
960 606
960 608
960 610
960 613
960 614
960 625
960 640
960 646
960 647
960 651
960 657
960 660
960 661
960 662
960 668
960 674
960 676
960 677
960 678
960 689
960 691
960 692
960 710
960 711
960 715
960 718
960 723
960 725
960 726
960 731
960 732
960 742
960 743
960 768
960 771
960 774
960 775
960 779
960 782
960 783
960 787
960 805
960 807
960 820
960 832
960 839
960 843
960 851
960 853
960 854
960 855
960 862
960 864
960 868
960 869
960 870
960 896
960 897
960 903
960 906
960 916
960 917
960 918
960 924
960 926
960 930
960 934
960 961
960 962
960 964
960 967
960 970
960 978
960 980
960 984
960 988
960 990
960 991
960 992
960 996
960 997
960 1001
960 1009
960 1011
960 1014
960 1024
960 1030
960 1031
960 1034
960 1035
960 1038
960 1043
960 1044
960 1045
960 1046
960 1052
960 1056
960 1058
960 1060
960 1061
960 1062
960 1088
960 1094
960 1095
960 1099
960 1102
960 1107
960 1108
960 1109
960 1110
960 1116
960 1125
960 1126
960 1152
960 1156
960 1158
960 1163
960 1166
960 1167
960 1171
960 1174
960 1180
960 1188
960 1190
960 1191
960 1216
960 1220
960 1227
960 1236
960 1237
960 1238
960 1246
960 1252
960 1253
960 1269
961 11
961 21
961 22
961 28
961 71
961 78
961 79
961 134
961 135
961 139
961 141
961 147
961 150
961 156
961 158
961 164
961 166
961 167
961 196
961 198
961 199
961 203
961 205
961 206
961 207
961 211
961 212
961 213
961 214
961 222
961 230
961 231
961 259
961 262
961 263
961 267
961 269
961 275
961 277
961 278
961 286
961 293
961 294
961 295
961 323
961 324
961 327
961 331
961 339
961 340
961 341
961 342
961 347
961 348
961 351
961 354
961 356
961 357
961 358
961 366
961 369
961 372
961 387
961 388
961 391
961 394
961 395
961 404
961 405
961 406
961 408
961 415
961 418
961 420
961 421
961 422
961 433
961 435
961 438
961 449
961 451
961 452
961 455
961 458
961 459
961 461
961 462
961 468
961 470
961 476
961 478
961 484
961 485
961 486
961 494
961 497
961 500
961 502
961 515
961 516
961 518
961 519
961 523
961 531
961 532
961 533
961 534
961 540
961 541
961 542
961 548
961 549
961 551
961 561
961 564
961 579
961 582
961 583
961 587
961 595
961 596
961 597
961 598
961 604
961 606
961 608
961 610
961 613
961 614
961 615
961 625
961 640
961 643
961 646
961 647
961 651
961 657
961 660
961 661
961 662
961 668
961 674
961 676
961 677
961 678
961 689
961 691
961 692
961 707
961 710
961 711
961 715
961 716
961 717
961 718
961 719
961 723
961 725
961 731
961 732
961 742
961 743
961 769
961 771
961 774
961 775
961 779
961 781
961 782
961 783
961 787
961 805
961 807
961 820
961 833
961 835
961 838
961 839
961 843
961 846
961 847
961 851
961 853
961 854
961 855
961 862
961 864
961 868
961 869
961 870
961 884
961 897
961 902
961 906
961 907
961 911
961 915
961 916
961 917
961 918
961 924
961 926
961 930
961 933
961 934
961 948
961 960
961 962
961 966
961 967
961 970
961 971
961 974
961 978
961 979
961 980
961 981
961 982
961 990
961 991
961 997
961 998
961 1001
961 1009
961 1014
961 1025
961 1030
961 1031
961 1034
961 1035
961 1037
961 1038
961 1039
961 1043
961 1044
961 1045
961 1046
961 1052
961 1056
961 1058
961 1061
961 1062
961 1076
961 1089
961 1091
961 1094
961 1095
961 1099
961 1102
961 1107
961 1108
961 1109
961 1110
961 1116
961 1125
961 1126
961 1127
961 1140
961 1153
961 1155
961 1156
961 1158
961 1163
961 1165
961 1166
961 1167
961 1171
961 1174
961 1188
961 1190
961 1191
961 1204
961 1216
961 1220
961 1222
961 1223
961 1227
961 1230
961 1235
961 1236
961 1237
961 1238
961 1246
961 1252
961 1253
961 1254
961 1255
961 1268
961 1269
962 7
962 20
962 32
962 132
962 135
962 139
962 146
962 148
962 149
962 150
962 158
962 164
962 166
962 167
962 195
962 196
962 199
962 211
962 212
962 214
962 222
962 228
962 259
962 263
962 270
962 275
962 277
962 278
962 292
962 293
962 294
962 305
962 340
962 342
962 347
962 351
962 354
962 366
962 369
962 388
962 394
962 402
962 408
962 411
962 415
962 418
962 420
962 433
962 438
962 449
962 458
962 472
962 484
962 489
962 494
962 497
962 500
962 516
962 530
962 532
962 533
962 541
962 548
962 561
962 564
962 594
962 595
962 596
962 598
962 604
962 606
962 608
962 610
962 614
962 617
962 625
962 640
962 657
962 662
962 668
962 670
962 674
962 676
962 689
962 691
962 718
962 724
962 725
962 726
962 731
962 732
962 742
962 770
962 771
962 774
962 775
962 779
962 787
962 805
962 820
962 834
962 839
962 851
962 855
962 862
962 864
962 868
962 869
962 870
962 897
962 898
962 903
962 906
962 913
962 916
962 917
962 930
962 960
962 961
962 964
962 970
962 984
962 988
962 990
962 991
962 992
962 994
962 996
962 1009
962 1011
962 1014
962 1026
962 1031
962 1034
962 1035
962 1043
962 1044
962 1045
962 1052
962 1056
962 1058
962 1060
962 1061
962 1062
962 1090
962 1092
962 1099
962 1108
962 1109
962 1110
962 1116
962 1118
962 1125
962 1139
962 1154
962 1156
962 1158
962 1163
962 1174
962 1180
962 1188
962 1216
962 1220
962 1226
962 1234
962 1236
962 1238
962 1239
962 1246
962 1250
962 1252
962 1253
962 1269
963 12
963 15
963 140
963 141
963 142
963 143
963 147
963 198
963 203
963 204
963 206
963 207
963 230
963 231
963 262
963 268
963 269
963 271
963 326
963 327
963 331
963 332
963 333
963 334
963 335
963 339
963 348
963 356
963 357
963 358
963 359
963 372
963 387
963 390
963 395
963 396
963 397
963 398
963 399
963 403
963 405
963 406
963 422
963 423
963 451
963 452
963 454
963 455
963 459
963 460
963 461
963 462
963 463
963 467
963 468
963 469
963 470
963 476
963 485
963 486
963 487
963 515
963 519
963 523
963 524
963 525
963 526
963 527
963 534
963 540
963 542
963 549
963 550
963 551
963 579
963 582
963 583
963 587
963 588
963 589
963 590
963 591
963 615
963 643
963 646
963 651
963 652
963 653
963 654
963 655
963 659
963 661
963 678
963 679
963 692
963 707
963 711
963 715
963 716
963 717
963 719
963 743
963 771
963 780
963 781
963 783
963 807
963 835
963 838
963 843
963 844
963 845
963 846
963 847
963 853
963 871
963 884
963 899
963 902
963 907
963 908
963 909
963 910
963 911
963 915
963 924
963 933
963 934
963 935
963 948
963 966
963 967
963 971
963 972
963 973
963 974
963 975
963 978
963 979
963 980
963 981
963 982
963 997
963 998
963 999
963 1001
963 1012
963 1027
963 1036
963 1037
963 1039
963 1063
963 1076
963 1091
963 1094
963 1100
963 1101
963 1102
963 1103
963 1107
963 1126
963 1127
963 1140
963 1155
963 1164
963 1165
963 1167
963 1171
963 1190
963 1191
963 1204
963 1219
963 1222
963 1223
963 1228
963 1229
963 1230
963 1231
963 1235
963 1237
963 1254
963 1255
963 1268
964 20
964 32
964 132
964 146
964 148
964 149
964 150
964 158
964 164
964 166
964 167
964 195
964 196
964 212
964 214
964 220
964 222
964 228
964 259
964 263
964 270
964 275
964 277
964 278
964 292
964 293
964 294
964 305
964 340
964 347
964 351
964 354
964 366
964 369
964 388
964 394
964 402
964 408
964 411
964 415
964 418
964 420
964 433
964 438
964 449
964 458
964 472
964 484
964 489
964 494
964 497
964 500
964 514
964 516
964 530
964 532
964 533
964 541
964 561
964 564
964 594
964 596
964 604
964 606
964 608
964 610
964 614
964 617
964 625
964 640
964 657
964 670
964 676
964 681
964 689
964 691
964 718
964 724
964 726
964 731
964 732
964 742
964 771
964 772
964 775
964 779
964 787
964 805
964 820
964 836
964 851
964 855
964 862
964 864
964 868
964 869
964 870
964 897
964 900
964 903
964 906
964 913
964 916
964 930
964 932
964 941
964 960
964 962
964 970
964 983
964 984
964 988
964 990
964 991
964 992
964 994
964 996
964 1011
964 1014
964 1028
964 1031
964 1034
964 1043
964 1044
964 1045
964 1052
964 1056
964 1058
964 1060
964 1061
964 1062
964 1092
964 1099
964 1108
964 1109
964 1110
964 1115
964 1116
964 1118
964 1125
964 1139
964 1156
964 1158
964 1159
964 1163
964 1174
964 1180
964 1188
964 1216
964 1220
964 1226
964 1234
964 1236
964 1238
964 1239
964 1246
964 1250
964 1252
964 1269
965 9
965 73
965 133
965 197
965 261
965 329
965 393
965 453
965 517
965 581
965 628
965 649
965 713
965 773
965 777
965 837
965 901
965 1029
965 1033
965 1093
965 1097
965 1157
965 1161
965 1221
966 6
966 13
966 15
966 19
966 134
966 135
966 139
966 140
966 141
966 142
966 143
966 147
966 156
966 198
966 199
966 203
966 204
966 205
966 206
966 207
966 211
966 213
966 230
966 231
966 262
966 267
966 268
966 269
966 271
966 286
966 295
966 323
966 324
966 326
966 327
966 331
966 332
966 333
966 334
966 335
966 339
966 341
966 342
966 347
966 348
966 356
966 357
966 358
966 359
966 372
966 387
966 390
966 391
966 395
966 396
966 397
966 398
966 399
966 403
966 404
966 405
966 406
966 421
966 422
966 423
966 433
966 435
966 451
966 452
966 454
966 455
966 459
966 460
966 461
966 462
966 463
966 467
966 468
966 469
966 470
966 476
966 478
966 485
966 486
966 487
966 502
966 515
966 518
966 519
966 523
966 524
966 525
966 526
966 527
966 531
966 534
966 540
966 542
966 548
966 549
966 550
966 551
966 579
966 582
966 583
966 587
966 588
966 589
966 590
966 591
966 595
966 597
966 598
966 613
966 615
966 643
966 646
966 647
966 651
966 652
966 653
966 654
966 655
966 659
966 660
966 661
966 662
966 668
966 674
966 677
966 678
966 679
966 692
966 707
966 710
966 711
966 715
966 716
966 717
966 718
966 719
966 723
966 725
966 743
966 774
966 775
966 779
966 780
966 781
966 782
966 783
966 807
966 835
966 838
966 839
966 843
966 844
966 845
966 846
966 847
966 851
966 853
966 854
966 871
966 884
966 899
966 902
966 907
966 908
966 909
966 910
966 911
966 915
966 917
966 918
966 924
966 926
966 933
966 934
966 935
966 948
966 961
966 963
966 967
966 971
966 972
966 973
966 974
966 975
966 978
966 979
966 980
966 981
966 982
966 990
966 997
966 998
966 999
966 1001
966 1009
966 1012
966 1014
966 1027
966 1030
966 1035
966 1036
966 1037
966 1038
966 1039
966 1045
966 1046
966 1062
966 1063
966 1076
966 1091
966 1094
966 1095
966 1100
966 1101
966 1102
966 1103
966 1107
966 1126
966 1127
966 1140
966 1155
966 1158
966 1164
966 1165
966 1166
966 1167
966 1171
966 1190
966 1191
966 1204
966 1219
966 1222
966 1223
966 1227
966 1228
966 1229
966 1230
966 1231
966 1235
966 1237
966 1253
966 1254
966 1255
966 1268
967 6
967 13
967 14
967 19
967 38
967 76
967 78
967 79
967 134
967 135
967 139
967 140
967 141
967 142
967 143
967 147
967 156
967 167
967 198
967 199
967 203
967 204
967 205
967 206
967 207
967 211
967 213
967 214
967 222
967 230
967 231
967 262
967 263
967 267
967 268
967 269
967 271
967 275
967 277
967 286
967 294
967 295
967 323
967 324
967 326
967 327
967 331
967 332
967 333
967 334
967 335
967 339
967 340
967 341
967 342
967 347
967 348
967 351
967 354
967 356
967 357
967 358
967 359
967 372
967 387
967 390
967 391
967 394
967 395
967 396
967 397
967 398
967 399
967 403
967 404
967 405
967 406
967 415
967 418
967 420
967 421
967 422
967 423
967 433
967 435
967 449
967 451
967 452
967 454
967 455
967 458
967 459
967 461
967 462
967 463
967 467
967 468
967 469
967 470
967 476
967 478
967 484
967 485
967 486
967 487
967 494
967 497
967 500
967 502
967 515
967 516
967 518
967 519
967 523
967 525
967 526
967 527
967 531
967 532
967 533
967 534
967 540
967 542
967 548
967 549
967 550
967 551
967 561
967 564
967 579
967 582
967 583
967 587
967 588
967 589
967 590
967 595
967 597
967 598
967 604
967 606
967 613
967 614
967 615
967 625
967 643
967 646
967 647
967 651
967 653
967 654
967 655
967 659
967 660
967 661
967 662
967 668
967 674
967 676
967 677
967 678
967 679
967 692
967 707
967 710
967 711
967 715
967 716
967 717
967 718
967 719
967 723
967 725
967 731
967 743
967 771
967 774
967 775
967 779
967 780
967 781
967 782
967 783
967 787
967 805
967 807
967 835
967 838
967 839
967 843
967 845
967 846
967 847
967 851
967 853
967 854
967 862
967 868
967 869
967 870
967 871
967 884
967 899
967 902
967 903
967 906
967 907
967 908
967 909
967 910
967 911
967 915
967 916
967 917
967 918
967 924
967 926
967 933
967 934
967 935
967 948
967 960
967 961
967 963
967 966
967 971
967 974
967 978
967 979
967 980
967 981
967 982
967 990
967 991
967 997
967 998
967 1001
967 1009
967 1012
967 1014
967 1027
967 1030
967 1031
967 1035
967 1036
967 1037
967 1038
967 1039
967 1043
967 1044
967 1045
967 1046
967 1052
967 1056
967 1058
967 1062
967 1063
967 1076
967 1091
967 1094
967 1095
967 1099
967 1100
967 1101
967 1102
967 1103
967 1107
967 1110
967 1116
967 1125
967 1126
967 1127
967 1140
967 1155
967 1158
967 1159
967 1164
967 1165
967 1166
967 1167
967 1171
967 1190
967 1191
967 1204
967 1216
967 1220
967 1222
967 1223
967 1227
967 1230
967 1231
967 1235
967 1236
967 1237
967 1238
967 1246
967 1252
967 1253
967 1254
967 1255
967 1268
967 1269
968 776
968 840
968 904
968 925
968 1032
968 1096
968 1160
969 386
969 777
969 841
969 905
969 1033
969 1097
969 1161
970 7
970 20
970 32
970 132
970 135
970 139
970 146
970 148
970 149
970 150
970 158
970 164
970 166
970 167
970 195
970 196
970 199
970 211
970 212
970 214
970 222
970 228
970 259
970 263
970 270
970 275
970 277
970 278
970 292
970 293
970 294
970 305
970 340
970 342
970 347
970 351
970 354
970 366
970 369
970 388
970 394
970 402
970 408
970 411
970 415
970 418
970 420
970 433
970 438
970 449
970 458
970 472
970 484
970 489
970 494
970 497
970 500
970 516
970 530
970 532
970 533
970 541
970 548
970 561
970 564
970 594
970 595
970 596
970 598
970 604
970 606
970 608
970 610
970 614
970 617
970 625
970 640
970 657
970 662
970 668
970 670
970 674
970 676
970 689
970 691
970 718
970 724
970 726
970 731
970 732
970 742
970 771
970 774
970 775
970 778
970 779
970 787
970 805
970 820
970 839
970 842
970 851
970 855
970 862
970 864
970 868
970 869
970 870
970 897
970 903
970 906
970 913
970 916
970 917
970 930
970 941
970 960
970 961
970 962
970 964
970 983
970 984
970 988
970 990
970 991
970 992
970 994
970 996
970 1009
970 1011
970 1014
970 1031
970 1034
970 1043
970 1044
970 1045
970 1052
970 1056
970 1058
970 1060
970 1061
970 1062
970 1092
970 1098
970 1099
970 1108
970 1109
970 1110
970 1116
970 1118
970 1125
970 1139
970 1156
970 1158
970 1162
970 1163
970 1174
970 1180
970 1188
970 1216
970 1220
970 1226
970 1234
970 1236
970 1238
970 1239
970 1246
970 1250
970 1252
970 1253
970 1269
971 6
971 13
971 15
971 19
971 134
971 135
971 139
971 140
971 141
971 142
971 143
971 147
971 156
971 198
971 199
971 203
971 204
971 205
971 206
971 207
971 211
971 213
971 230
971 231
971 262
971 267
971 268
971 269
971 271
971 286
971 295
971 323
971 324
971 326
971 327
971 331
971 332
971 333
971 334
971 335
971 339
971 341
971 342
971 347
971 348
971 356
971 357
971 358
971 359
971 372
971 387
971 390
971 391
971 395
971 396
971 397
971 398
971 399
971 403
971 404
971 405
971 406
971 421
971 422
971 423
971 433
971 435
971 451
971 452
971 454
971 455
971 459
971 460
971 461
971 462
971 463
971 467
971 468
971 469
971 470
971 476
971 478
971 485
971 486
971 487
971 502
971 515
971 518
971 519
971 523
971 524
971 525
971 526
971 527
971 531
971 534
971 540
971 542
971 548
971 549
971 550
971 551
971 579
971 582
971 583
971 587
971 588
971 589
971 590
971 591
971 595
971 597
971 598
971 613
971 615
971 643
971 646
971 647
971 651
971 652
971 653
971 654
971 655
971 659
971 660
971 661
971 662
971 668
971 674
971 677
971 678
971 679
971 692
971 707
971 710
971 711
971 715
971 716
971 717
971 718
971 719
971 723
971 725
971 743
971 774
971 775
971 779
971 780
971 781
971 782
971 783
971 807
971 835
971 838
971 839
971 843
971 844
971 845
971 846
971 847
971 851
971 853
971 854
971 871
971 884
971 899
971 902
971 907
971 908
971 909
971 910
971 911
971 915
971 917
971 918
971 924
971 926
971 933
971 934
971 935
971 948
971 961
971 963
971 966
971 967
971 972
971 973
971 974
971 975
971 978
971 979
971 980
971 981
971 982
971 990
971 997
971 998
971 999
971 1001
971 1009
971 1012
971 1014
971 1027
971 1030
971 1035
971 1036
971 1037
971 1038
971 1039
971 1045
971 1046
971 1062
971 1063
971 1076
971 1091
971 1094
971 1095
971 1099
971 1100
971 1101
971 1102
971 1103
971 1107
971 1126
971 1127
971 1140
971 1155
971 1163
971 1164
971 1165
971 1166
971 1167
971 1171
971 1190
971 1191
971 1204
971 1219
971 1222
971 1223
971 1227
971 1228
971 1229
971 1230
971 1231
971 1235
971 1237
971 1253
971 1254
971 1255
971 1268
972 12
972 15
972 140
972 142
972 143
972 198
972 204
972 206
972 207
972 230
972 262
972 268
972 271
972 326
972 331
972 332
972 333
972 334
972 335
972 339
972 348
972 356
972 357
972 358
972 359
972 372
972 387
972 390
972 395
972 396
972 397
972 398
972 399
972 403
972 405
972 422
972 423
972 451
972 454
972 455
972 460
972 461
972 463
972 467
972 468
972 469
972 470
972 485
972 486
972 487
972 515
972 519
972 523
972 524
972 525
972 526
972 527
972 549
972 550
972 551
972 579
972 582
972 587
972 588
972 589
972 590
972 591
972 615
972 643
972 646
972 651
972 652
972 653
972 654
972 655
972 659
972 661
972 678
972 679
972 707
972 716
972 717
972 719
972 780
972 781
972 807
972 835
972 838
972 843
972 844
972 845
972 846
972 847
972 871
972 884
972 899
972 902
972 907
972 908
972 909
972 910
972 911
972 915
972 924
972 933
972 935
972 948
972 963
972 966
972 971
972 973
972 974
972 975
972 978
972 979
972 981
972 982
972 997
972 998
972 999
972 1012
972 1027
972 1036
972 1037
972 1039
972 1063
972 1076
972 1091
972 1100
972 1101
972 1103
972 1126
972 1127
972 1140
972 1155
972 1164
972 1165
972 1191
972 1204
972 1219
972 1222
972 1223
972 1228
972 1229
972 1230
972 1231
972 1235
972 1254
972 1255
972 1268
973 12
973 140
973 142
973 143
973 204
973 206
973 207
973 230
973 268
973 271
973 326
973 331
973 332
973 333
973 334
973 335
973 339
973 356
973 358
973 359
973 387
973 390
973 395
973 396
973 397
973 398
973 399
973 403
973 405
973 422
973 423
973 451
973 454
973 455
973 460
973 461
973 463
973 467
973 469
973 470
973 485
973 486
973 487
973 515
973 519
973 523
973 524
973 525
973 526
973 527
973 550
973 551
973 579
973 582
973 587
973 588
973 589
973 590
973 591
973 615
973 643
973 652
973 653
973 654
973 655
973 659
973 661
973 679
973 707
973 716
973 717
973 719
973 780
973 781
973 807
973 835
973 838
973 844
973 845
973 846
973 847
973 871
973 884
973 899
973 902
973 907
973 908
973 909
973 910
973 911
973 915
973 933
973 935
973 948
973 963
973 966
973 971
973 972
973 974
973 975
973 979
973 981
973 982
973 998
973 999
973 1012
973 1027
973 1036
973 1037
973 1039
973 1063
973 1076
973 1091
973 1100
973 1101
973 1103
973 1127
973 1140
973 1155
973 1164
973 1165
973 1204
973 1219
973 1222
973 1223
973 1228
973 1229
973 1230
973 1231
973 1235
973 1254
973 1255
973 1268
974 6
974 12
974 15
974 19
974 134
974 135
974 139
974 140
974 141
974 142
974 143
974 147
974 156
974 198
974 199
974 203
974 204
974 205
974 206
974 207
974 211
974 213
974 230
974 231
974 262
974 267
974 268
974 269
974 271
974 286
974 295
974 323
974 324
974 326
974 327
974 331
974 332
974 333
974 334
974 335
974 339
974 341
974 342
974 347
974 348
974 356
974 357
974 358
974 359
974 372
974 387
974 390
974 391
974 395
974 396
974 397
974 398
974 399
974 403
974 404
974 405
974 406
974 421
974 422
974 423
974 433
974 435
974 451
974 452
974 454
974 455
974 459
974 460
974 461
974 462
974 463
974 467
974 468
974 469
974 470
974 476
974 478
974 485
974 486
974 487
974 502
974 515
974 518
974 519
974 523
974 524
974 525
974 526
974 527
974 531
974 534
974 540
974 542
974 548
974 549
974 550
974 551
974 579
974 582
974 583
974 587
974 588
974 589
974 590
974 591
974 595
974 597
974 598
974 613
974 615
974 643
974 646
974 647
974 651
974 652
974 653
974 654
974 655
974 659
974 660
974 661
974 662
974 668
974 674
974 677
974 678
974 679
974 692
974 707
974 710
974 711
974 715
974 716
974 717
974 719
974 723
974 725
974 743
974 774
974 775
974 780
974 781
974 782
974 783
974 807
974 835
974 838
974 839
974 843
974 844
974 845
974 846
974 847
974 853
974 854
974 871
974 884
974 899
974 902
974 907
974 908
974 909
974 910
974 911
974 915
974 917
974 918
974 924
974 926
974 933
974 934
974 935
974 948
974 961
974 963
974 966
974 967
974 971
974 972
974 973
974 975
974 978
974 979
974 980
974 981
974 982
974 990
974 997
974 998
974 999
974 1001
974 1009
974 1012
974 1014
974 1027
974 1030
974 1035
974 1036
974 1037
974 1038
974 1039
974 1046
974 1062
974 1063
974 1076
974 1091
974 1094
974 1095
974 1100
974 1101
974 1102
974 1103
974 1107
974 1126
974 1127
974 1140
974 1155
974 1164
974 1165
974 1166
974 1167
974 1171
974 1190
974 1191
974 1204
974 1219
974 1222
974 1223
974 1227
974 1228
974 1229
974 1230
974 1231
974 1235
974 1237
974 1253
974 1254
974 1255
974 1268
975 12
975 15
975 140
975 141
975 142
975 143
975 198
975 204
975 206
975 207
975 230
975 262
975 268
975 269
975 271
975 326
975 331
975 332
975 333
975 334
975 335
975 339
975 348
975 356
975 357
975 358
975 359
975 372
975 387
975 390
975 395
975 396
975 397
975 398
975 399
975 403
975 405
975 406
975 422
975 423
975 451
975 454
975 455
975 459
975 460
975 461
975 462
975 463
975 467
975 468
975 469
975 470
975 485
975 486
975 487
975 515
975 519
975 523
975 524
975 525
975 526
975 527
975 534
975 540
975 549
975 550
975 551
975 579
975 582
975 583
975 587
975 588
975 589
975 590
975 591
975 615
975 643
975 646
975 651
975 652
975 653
975 654
975 655
975 659
975 661
975 678
975 679
975 707
975 716
975 717
975 719
975 743
975 780
975 781
975 783
975 807
975 835
975 838
975 843
975 844
975 845
975 846
975 847
975 853
975 871
975 884
975 899
975 902
975 907
975 908
975 909
975 910
975 911
975 915
975 924
975 933
975 934
975 935
975 948
975 963
975 966
975 971
975 972
975 973
975 974
975 978
975 979
975 980
975 981
975 982
975 997
975 998
975 999
975 1001
975 1012
975 1027
975 1036
975 1037
975 1039
975 1063
975 1076
975 1091
975 1100
975 1101
975 1102
975 1103
975 1107
975 1126
975 1127
975 1140
975 1155
975 1164
975 1165
975 1167
975 1191
975 1204
975 1219
975 1222
975 1223
975 1228
975 1229
975 1230
975 1231
975 1235
975 1254
975 1255
975 1268
976 457
976 592
976 784
976 848
976 912
976 1040
976 1104
976 1168
976 1218
977 265
977 385
977 785
977 849
977 913
977 1041
977 1105
977 1169
978 6
978 13
978 14
978 19
978 38
978 76
978 78
978 134
978 135
978 139
978 140
978 141
978 142
978 143
978 147
978 156
978 167
978 198
978 199
978 203
978 204
978 205
978 206
978 207
978 211
978 213
978 214
978 222
978 230
978 231
978 262
978 263
978 267
978 268
978 269
978 271
978 275
978 286
978 294
978 295
978 323
978 324
978 326
978 327
978 331
978 332
978 333
978 334
978 335
978 339
978 340
978 341
978 342
978 347
978 348
978 354
978 356
978 357
978 358
978 359
978 372
978 387
978 390
978 391
978 395
978 396
978 397
978 398
978 399
978 403
978 404
978 405
978 406
978 415
978 418
978 421
978 422
978 423
978 433
978 435
978 451
978 452
978 454
978 455
978 459
978 461
978 462
978 463
978 467
978 468
978 469
978 470
978 476
978 478
978 484
978 485
978 486
978 487
978 494
978 497
978 500
978 502
978 515
978 516
978 518
978 519
978 523
978 524
978 525
978 526
978 527
978 531
978 533
978 534
978 540
978 542
978 548
978 549
978 550
978 551
978 561
978 564
978 579
978 582
978 583
978 587
978 588
978 589
978 590
978 591
978 595
978 597
978 598
978 604
978 606
978 613
978 614
978 615
978 625
978 643
978 646
978 647
978 651
978 652
978 653
978 654
978 655
978 659
978 660
978 661
978 662
978 668
978 674
978 676
978 677
978 678
978 679
978 692
978 707
978 710
978 711
978 715
978 716
978 717
978 718
978 719
978 723
978 725
978 731
978 743
978 771
978 774
978 775
978 779
978 780
978 781
978 782
978 783
978 786
978 787
978 807
978 835
978 838
978 839
978 843
978 845
978 846
978 847
978 850
978 851
978 853
978 854
978 862
978 868
978 869
978 870
978 871
978 884
978 899
978 902
978 907
978 908
978 909
978 910
978 911
978 914
978 915
978 916
978 917
978 918
978 924
978 926
978 933
978 934
978 935
978 948
978 960
978 961
978 963
978 966
978 967
978 971
978 972
978 974
978 975
978 979
978 980
978 981
978 982
978 990
978 991
978 997
978 998
978 999
978 1001
978 1009
978 1012
978 1014
978 1027
978 1030
978 1031
978 1035
978 1036
978 1037
978 1038
978 1039
978 1042
978 1043
978 1044
978 1045
978 1046
978 1052
978 1058
978 1062
978 1063
978 1076
978 1091
978 1094
978 1095
978 1099
978 1100
978 1101
978 1102
978 1103
978 1106
978 1107
978 1110
978 1116
978 1125
978 1126
978 1127
978 1140
978 1155
978 1158
978 1164
978 1165
978 1166
978 1167
978 1170
978 1171
978 1190
978 1191
978 1204
978 1216
978 1219
978 1220
978 1222
978 1223
978 1227
978 1228
978 1229
978 1230
978 1231
978 1235
978 1236
978 1237
978 1238
978 1246
978 1252
978 1253
978 1254
978 1255
978 1268
979 6
979 13
979 15
979 19
979 38
979 76
979 134
979 135
979 139
979 140
979 141
979 142
979 143
979 147
979 156
979 198
979 199
979 203
979 204
979 205
979 206
979 207
979 211
979 213
979 230
979 231
979 262
979 263
979 267
979 268
979 269
979 271
979 286
979 295
979 323
979 324
979 326
979 327
979 331
979 332
979 333
979 334
979 335
979 339
979 340
979 341
979 342
979 347
979 348
979 356
979 357
979 358
979 359
979 372
979 387
979 390
979 391
979 395
979 396
979 397
979 398
979 399
979 403
979 404
979 405
979 406
979 418
979 421
979 422
979 423
979 433
979 435
979 451
979 452
979 454
979 455
979 459
979 460
979 461
979 462
979 463
979 467
979 468
979 469
979 470
979 476
979 478
979 485
979 486
979 487
979 502
979 515
979 518
979 519
979 523
979 524
979 525
979 526
979 527
979 531
979 534
979 540
979 542
979 548
979 549
979 550
979 551
979 564
979 579
979 582
979 583
979 587
979 588
979 589
979 590
979 591
979 595
979 597
979 598
979 613
979 614
979 615
979 643
979 646
979 647
979 651
979 652
979 653
979 654
979 655
979 659
979 660
979 661
979 662
979 668
979 674
979 677
979 678
979 679
979 692
979 707
979 710
979 711
979 715
979 716
979 717
979 718
979 719
979 723
979 725
979 743
979 774
979 775
979 779
979 780
979 781
979 782
979 783
979 787
979 807
979 835
979 838
979 839
979 843
979 844
979 845
979 846
979 847
979 851
979 853
979 854
979 871
979 884
979 899
979 902
979 907
979 908
979 909
979 910
979 911
979 915
979 917
979 918
979 924
979 926
979 933
979 934
979 935
979 948
979 961
979 963
979 966
979 967
979 971
979 972
979 973
979 974
979 975
979 978
979 980
979 981
979 982
979 990
979 997
979 998
979 999
979 1001
979 1009
979 1012
979 1014
979 1027
979 1030
979 1035
979 1036
979 1037
979 1038
979 1039
979 1043
979 1045
979 1046
979 1062
979 1063
979 1076
979 1091
979 1094
979 1095
979 1099
979 1100
979 1101
979 1102
979 1103
979 1107
979 1126
979 1127
979 1140
979 1155
979 1164
979 1165
979 1166
979 1167
979 1171
979 1190
979 1191
979 1204
979 1219
979 1222
979 1223
979 1227
979 1228
979 1229
979 1230
979 1231
979 1235
979 1237
979 1253
979 1254
979 1255
979 1268
980 6
980 13
980 14
980 19
980 38
980 76
980 78
980 79
980 134
980 135
980 139
980 140
980 141
980 142
980 143
980 147
980 156
980 167
980 198
980 199
980 203
980 204
980 205
980 206
980 207
980 211
980 213
980 214
980 222
980 230
980 231
980 262
980 263
980 267
980 268
980 269
980 271
980 275
980 277
980 286
980 294
980 295
980 323
980 324
980 326
980 327
980 331
980 332
980 333
980 334
980 335
980 339
980 340
980 341
980 342
980 347
980 348
980 351
980 354
980 356
980 357
980 358
980 359
980 372
980 387
980 390
980 391
980 394
980 395
980 396
980 397
980 398
980 399
980 403
980 404
980 405
980 406
980 415
980 418
980 420
980 421
980 422
980 423
980 433
980 435
980 449
980 451
980 452
980 454
980 455
980 458
980 459
980 461
980 462
980 463
980 467
980 468
980 469
980 470
980 476
980 478
980 484
980 485
980 486
980 487
980 494
980 497
980 500
980 502
980 515
980 516
980 518
980 519
980 523
980 525
980 526
980 527
980 531
980 532
980 533
980 534
980 540
980 542
980 548
980 549
980 550
980 551
980 561
980 564
980 579
980 582
980 583
980 587
980 588
980 589
980 590
980 591
980 595
980 597
980 598
980 604
980 606
980 613
980 614
980 615
980 625
980 643
980 646
980 647
980 651
980 653
980 654
980 655
980 659
980 660
980 661
980 662
980 668
980 674
980 676
980 677
980 678
980 679
980 692
980 707
980 710
980 711
980 715
980 716
980 717
980 718
980 719
980 723
980 725
980 731
980 743
980 771
980 774
980 775
980 779
980 780
980 781
980 782
980 783
980 787
980 788
980 805
980 807
980 835
980 838
980 839
980 843
980 845
980 846
980 847
980 851
980 852
980 853
980 854
980 862
980 868
980 869
980 870
980 871
980 884
980 899
980 902
980 906
980 907
980 908
980 909
980 910
980 911
980 915
980 916
980 917
980 918
980 924
980 926
980 933
980 934
980 935
980 948
980 960
980 961
980 963
980 966
980 967
980 971
980 974
980 975
980 978
980 979
980 981
980 982
980 990
980 991
980 997
980 998
980 1001
980 1009
980 1012
980 1014
980 1027
980 1030
980 1031
980 1035
980 1036
980 1037
980 1038
980 1039
980 1043
980 1044
980 1045
980 1046
980 1052
980 1056
980 1058
980 1062
980 1063
980 1076
980 1091
980 1094
980 1095
980 1099
980 1100
980 1101
980 1102
980 1103
980 1107
980 1108
980 1110
980 1116
980 1125
980 1126
980 1127
980 1140
980 1155
980 1158
980 1164
980 1165
980 1166
980 1167
980 1171
980 1172
980 1190
980 1191
980 1204
980 1216
980 1220
980 1222
980 1223
980 1227
980 1229
980 1230
980 1231
980 1235
980 1236
980 1237
980 1238
980 1246
980 1252
980 1253
980 1254
980 1255
980 1268
980 1269
981 6
981 13
981 14
981 19
981 38
981 76
981 134
981 135
981 139
981 140
981 141
981 142
981 143
981 147
981 156
981 167
981 198
981 199
981 203
981 204
981 205
981 206
981 207
981 211
981 213
981 214
981 222
981 230
981 231
981 262
981 263
981 267
981 268
981 269
981 271
981 275
981 286
981 295
981 323
981 324
981 326
981 327
981 331
981 332
981 333
981 334
981 335
981 339
981 340
981 341
981 342
981 347
981 348
981 354
981 356
981 357
981 358
981 359
981 372
981 387
981 390
981 391
981 395
981 396
981 397
981 398
981 399
981 403
981 404
981 405
981 406
981 415
981 418
981 421
981 422
981 423
981 433
981 435
981 451
981 452
981 454
981 455
981 459
981 460
981 461
981 462
981 463
981 467
981 468
981 469
981 470
981 476
981 478
981 485
981 486
981 487
981 497
981 502
981 515
981 518
981 519
981 523
981 524
981 525
981 526
981 527
981 531
981 534
981 540
981 542
981 548
981 549
981 550
981 551
981 564
981 579
981 582
981 583
981 587
981 588
981 589
981 590
981 591
981 595
981 597
981 598
981 604
981 613
981 614
981 615
981 625
981 643
981 646
981 647
981 651
981 652
981 653
981 654
981 655
981 659
981 660
981 661
981 662
981 668
981 674
981 677
981 678
981 679
981 692
981 707
981 710
981 711
981 715
981 716
981 717
981 718
981 719
981 723
981 725
981 731
981 743
981 774
981 775
981 779
981 780
981 781
981 782
981 783
981 789
981 807
981 835
981 838
981 839
981 843
981 844
981 845
981 846
981 847
981 851
981 853
981 854
981 862
981 868
981 869
981 870
981 871
981 884
981 899
981 902
981 907
981 908
981 909
981 910
981 911
981 915
981 916
981 917
981 918
981 924
981 926
981 933
981 934
981 935
981 948
981 961
981 963
981 966
981 967
981 971
981 972
981 973
981 974
981 975
981 978
981 979
981 980
981 982
981 990
981 997
981 998
981 999
981 1001
981 1009
981 1012
981 1014
981 1027
981 1030
981 1035
981 1036
981 1037
981 1038
981 1039
981 1043
981 1044
981 1045
981 1046
981 1058
981 1062
981 1063
981 1076
981 1091
981 1094
981 1095
981 1099
981 1100
981 1101
981 1102
981 1103
981 1107
981 1109
981 1126
981 1127
981 1140
981 1155
981 1164
981 1165
981 1166
981 1167
981 1171
981 1173
981 1190
981 1191
981 1204
981 1219
981 1220
981 1222
981 1223
981 1227
981 1228
981 1229
981 1230
981 1231
981 1235
981 1236
981 1237
981 1238
981 1246
981 1252
981 1253
981 1254
981 1255
981 1268
982 6
982 13
982 14
982 19
982 38
982 76
982 134
982 135
982 139
982 140
982 141
982 142
982 143
982 147
982 156
982 198
982 199
982 203
982 204
982 205
982 206
982 207
982 211
982 213
982 214
982 222
982 230
982 231
982 262
982 263
982 267
982 268
982 269
982 271
982 275
982 286
982 295
982 323
982 324
982 326
982 327
982 331
982 332
982 333
982 334
982 335
982 339
982 340
982 341
982 342
982 347
982 348
982 356
982 357
982 358
982 359
982 372
982 387
982 390
982 391
982 395
982 396
982 397
982 398
982 399
982 403
982 404
982 405
982 406
982 415
982 418
982 421
982 422
982 423
982 433
982 435
982 451
982 452
982 454
982 455
982 459
982 460
982 461
982 462
982 463
982 467
982 468
982 469
982 470
982 476
982 478
982 485
982 486
982 487
982 497
982 502
982 515
982 518
982 519
982 523
982 524
982 525
982 526
982 527
982 531
982 534
982 540
982 542
982 548
982 549
982 550
982 551
982 564
982 579
982 582
982 583
982 587
982 588
982 589
982 590
982 591
982 595
982 597
982 598
982 613
982 614
982 615
982 625
982 643
982 646
982 647
982 651
982 652
982 653
982 654
982 655
982 659
982 660
982 661
982 662
982 668
982 674
982 677
982 678
982 679
982 692
982 707
982 710
982 711
982 715
982 716
982 717
982 718
982 719
982 723
982 725
982 731
982 743
982 774
982 775
982 779
982 780
982 781
982 782
982 783
982 790
982 807
982 835
982 838
982 839
982 843
982 844
982 845
982 846
982 847
982 851
982 853
982 854
982 862
982 868
982 871
982 884
982 899
982 902
982 907
982 908
982 909
982 910
982 911
982 915
982 916
982 917
982 918
982 924
982 926
982 933
982 934
982 935
982 948
982 961
982 963
982 966
982 967
982 971
982 972
982 973
982 974
982 975
982 978
982 979
982 980
982 981
982 990
982 997
982 998
982 999
982 1001
982 1009
982 1012
982 1014
982 1027
982 1030
982 1035
982 1036
982 1037
982 1038
982 1039
982 1043
982 1044
982 1045
982 1046
982 1058
982 1062
982 1063
982 1076
982 1091
982 1094
982 1095
982 1099
982 1100
982 1101
982 1102
982 1103
982 1107
982 1110
982 1126
982 1127
982 1140
982 1155
982 1164
982 1165
982 1166
982 1167
982 1171
982 1174
982 1190
982 1191
982 1204
982 1219
982 1220
982 1222
982 1223
982 1227
982 1228
982 1229
982 1230
982 1231
982 1235
982 1236
982 1237
982 1238
982 1246
982 1252
982 1253
982 1254
982 1255
982 1268
983 37
983 75
983 83
983 131
983 132
983 146
983 148
983 149
983 150
983 195
983 220
983 228
983 259
983 270
983 273
983 279
983 288
983 292
983 305
983 308
983 402
983 411
983 472
983 477
983 489
983 514
983 530
983 594
983 612
983 617
983 644
983 658
983 670
983 681
983 689
983 724
983 726
983 728
983 791
983 836
983 855
983 863
983 864
983 897
983 903
983 913
983 919
983 932
983 941
983 964
983 970
983 984
983 988
983 992
983 994
983 996
983 1011
983 1047
983 1060
983 1092
983 1108
983 1109
983 1111
983 1115
983 1118
983 1139
983 1156
983 1159
983 1175
983 1180
983 1188
983 1217
983 1226
983 1234
983 1239
983 1250
984 32
984 70
984 132
984 146
984 148
984 149
984 150
984 158
984 164
984 166
984 195
984 196
984 212
984 220
984 228
984 259
984 270
984 277
984 278
984 292
984 293
984 294
984 305
984 351
984 366
984 369
984 388
984 394
984 402
984 408
984 411
984 420
984 438
984 449
984 458
984 472
984 477
984 484
984 489
984 494
984 500
984 514
984 516
984 530
984 532
984 533
984 541
984 561
984 594
984 596
984 606
984 608
984 610
984 612
984 617
984 640
984 644
984 657
984 658
984 670
984 676
984 681
984 689
984 691
984 724
984 726
984 732
984 742
984 771
984 787
984 792
984 805
984 820
984 855
984 856
984 863
984 864
984 897
984 903
984 906
984 913
984 920
984 930
984 932
984 941
984 960
984 962
984 964
984 970
984 983
984 988
984 991
984 992
984 994
984 996
984 1011
984 1031
984 1034
984 1048
984 1052
984 1056
984 1060
984 1061
984 1092
984 1108
984 1109
984 1110
984 1112
984 1115
984 1116
984 1118
984 1125
984 1139
984 1156
984 1158
984 1159
984 1163
984 1174
984 1176
984 1180
984 1188
984 1216
984 1226
984 1234
984 1239
984 1250
984 1269
985 793
985 857
985 921
985 1049
985 1113
985 1177
986 2
986 466
986 794
986 858
986 922
986 1050
986 1114
986 1178
986 1187
987 795
987 834
987 859
987 923
987 1051
987 1115
987 1179
988 32
988 70
988 132
988 146
988 148
988 149
988 150
988 158
988 164
988 166
988 167
988 195
988 196
988 212
988 214
988 220
988 222
988 228
988 259
988 270
988 275
988 277
988 278
988 292
988 293
988 294
988 305
988 351
988 354
988 366
988 369
988 388
988 394
988 402
988 408
988 411
988 415
988 420
988 438
988 449
988 458
988 472
988 477
988 484
988 489
988 494
988 497
988 500
988 514
988 516
988 530
988 532
988 533
988 541
988 561
988 594
988 596
988 604
988 606
988 608
988 610
988 614
988 617
988 625
988 640
988 657
988 670
988 676
988 681
988 689
988 691
988 724
988 726
988 731
988 732
988 742
988 771
988 787
988 796
988 805
988 820
988 855
988 860
988 862
988 863
988 864
988 868
988 869
988 870
988 897
988 903
988 906
988 913
988 916
988 924
988 930
988 932
988 941
988 960
988 962
988 964
988 970
988 983
988 984
988 991
988 992
988 994
988 996
988 1011
988 1031
988 1034
988 1043
988 1044
988 1052
988 1056
988 1058
988 1060
988 1061
988 1092
988 1108
988 1109
988 1110
988 1115
988 1116
988 1118
988 1125
988 1139
988 1156
988 1158
988 1159
988 1163
988 1174
988 1180
988 1188
988 1216
988 1220
988 1226
988 1234
988 1236
988 1238
988 1239
988 1246
988 1250
988 1252
988 1269
989 797
989 861
989 925
989 1053
989 1117
989 1181
990 11
990 21
990 22
990 28
990 71
990 78
990 79
990 134
990 135
990 139
990 141
990 147
990 150
990 156
990 158
990 164
990 166
990 167
990 196
990 198
990 199
990 203
990 205
990 206
990 207
990 211
990 212
990 213
990 214
990 222
990 230
990 231
990 259
990 262
990 263
990 267
990 269
990 275
990 277
990 278
990 286
990 293
990 294
990 295
990 323
990 324
990 327
990 331
990 339
990 340
990 341
990 342
990 347
990 348
990 351
990 354
990 356
990 357
990 358
990 366
990 369
990 372
990 387
990 388
990 391
990 394
990 395
990 404
990 405
990 406
990 408
990 415
990 418
990 420
990 421
990 422
990 433
990 435
990 438
990 449
990 451
990 452
990 455
990 458
990 459
990 461
990 462
990 468
990 470
990 476
990 478
990 484
990 485
990 486
990 494
990 497
990 500
990 502
990 515
990 516
990 518
990 519
990 523
990 531
990 532
990 533
990 534
990 540
990 541
990 542
990 548
990 549
990 551
990 561
990 564
990 579
990 583
990 587
990 595
990 596
990 597
990 598
990 604
990 606
990 608
990 610
990 613
990 614
990 615
990 625
990 640
990 643
990 646
990 647
990 651
990 657
990 660
990 661
990 662
990 668
990 674
990 676
990 677
990 678
990 689
990 691
990 692
990 707
990 710
990 711
990 715
990 716
990 717
990 718
990 719
990 723
990 725
990 731
990 732
990 742
990 743
990 771
990 774
990 775
990 779
990 781
990 782
990 783
990 787
990 798
990 805
990 807
990 820
990 835
990 838
990 839
990 843
990 846
990 847
990 851
990 853
990 854
990 855
990 862
990 864
990 868
990 869
990 870
990 884
990 902
990 903
990 906
990 907
990 915
990 916
990 917
990 918
990 924
990 926
990 930
990 933
990 934
990 948
990 960
990 961
990 962
990 964
990 966
990 967
990 970
990 971
990 974
990 978
990 979
990 980
990 981
990 982
990 991
990 997
990 1001
990 1009
990 1014
990 1030
990 1031
990 1034
990 1035
990 1037
990 1038
990 1039
990 1043
990 1044
990 1045
990 1046
990 1052
990 1054
990 1056
990 1058
990 1061
990 1062
990 1076
990 1091
990 1094
990 1095
990 1099
990 1102
990 1107
990 1108
990 1109
990 1110
990 1116
990 1118
990 1125
990 1126
990 1127
990 1140
990 1155
990 1156
990 1158
990 1163
990 1165
990 1166
990 1167
990 1171
990 1174
990 1182
990 1188
990 1190
990 1191
990 1204
990 1216
990 1220
990 1222
990 1223
990 1227
990 1230
990 1235
990 1236
990 1237
990 1238
990 1246
990 1252
990 1253
990 1254
990 1255
990 1268
990 1269
991 7
991 11
991 21
991 22
991 28
991 71
991 134
991 135
991 139
991 141
991 146
991 147
991 148
991 149
991 150
991 156
991 158
991 164
991 166
991 167
991 196
991 198
991 199
991 203
991 205
991 211
991 212
991 213
991 214
991 222
991 230
991 231
991 259
991 262
991 263
991 267
991 269
991 275
991 277
991 278
991 286
991 293
991 294
991 295
991 323
991 324
991 327
991 340
991 341
991 342
991 347
991 348
991 351
991 354
991 356
991 357
991 366
991 369
991 372
991 388
991 391
991 394
991 395
991 404
991 406
991 408
991 411
991 415
991 418
991 420
991 421
991 433
991 435
991 438
991 449
991 451
991 452
991 458
991 459
991 462
991 468
991 476
991 478
991 484
991 494
991 497
991 500
991 502
991 516
991 518
991 531
991 532
991 533
991 534
991 540
991 541
991 542
991 548
991 549
991 561
991 564
991 583
991 594
991 595
991 596
991 597
991 598
991 604
991 606
991 608
991 610
991 613
991 614
991 625
991 640
991 646
991 647
991 651
991 657
991 660
991 661
991 662
991 668
991 674
991 676
991 677
991 678
991 689
991 691
991 692
991 710
991 711
991 715
991 718
991 723
991 725
991 726
991 731
991 732
991 742
991 743
991 771
991 774
991 775
991 779
991 782
991 783
991 787
991 799
991 805
991 807
991 820
991 839
991 843
991 846
991 851
991 853
991 854
991 855
991 862
991 863
991 864
991 868
991 869
991 870
991 897
991 903
991 906
991 907
991 916
991 917
991 918
991 924
991 926
991 927
991 930
991 934
991 960
991 961
991 962
991 964
991 967
991 970
991 978
991 980
991 984
991 988
991 990
991 992
991 996
991 997
991 1001
991 1009
991 1011
991 1014
991 1030
991 1031
991 1034
991 1035
991 1038
991 1043
991 1044
991 1045
991 1046
991 1052
991 1055
991 1056
991 1058
991 1061
991 1062
991 1076
991 1094
991 1095
991 1099
991 1102
991 1107
991 1108
991 1109
991 1110
991 1116
991 1119
991 1125
991 1126
991 1156
991 1158
991 1163
991 1166
991 1167
991 1171
991 1174
991 1180
991 1183
991 1188
991 1190
991 1191
991 1216
991 1220
991 1223
991 1227
991 1236
991 1237
991 1238
991 1246
991 1252
991 1253
991 1269
992 20
992 32
992 70
992 132
992 146
992 148
992 149
992 150
992 158
992 164
992 166
992 167
992 195
992 196
992 212
992 214
992 220
992 222
992 228
992 259
992 263
992 270
992 275
992 277
992 278
992 292
992 293
992 294
992 305
992 340
992 351
992 354
992 366
992 369
992 388
992 394
992 402
992 408
992 411
992 415
992 418
992 420
992 438
992 449
992 458
992 472
992 477
992 484
992 489
992 494
992 497
992 500
992 514
992 516
992 530
992 532
992 533
992 541
992 561
992 564
992 594
992 596
992 604
992 606
992 608
992 610
992 614
992 617
992 625
992 640
992 657
992 670
992 676
992 681
992 689
992 691
992 724
992 726
992 731
992 732
992 742
992 771
992 779
992 787
992 800
992 805
992 820
992 855
992 862
992 863
992 864
992 868
992 869
992 870
992 897
992 903
992 906
992 913
992 916
992 928
992 930
992 932
992 941
992 960
992 962
992 964
992 970
992 983
992 984
992 988
992 991
992 994
992 996
992 1011
992 1031
992 1034
992 1043
992 1044
992 1052
992 1056
992 1058
992 1060
992 1061
992 1092
992 1099
992 1108
992 1109
992 1110
992 1115
992 1116
992 1118
992 1120
992 1125
992 1139
992 1156
992 1158
992 1159
992 1163
992 1174
992 1180
992 1184
992 1188
992 1216
992 1220
992 1226
992 1234
992 1236
992 1238
992 1239
992 1246
992 1250
992 1252
992 1269
993 745
993 801
993 865
993 929
993 1057
993 1071
993 1121
993 1185
994 37
994 70
994 75
994 83
994 132
994 146
994 148
994 149
994 150
994 164
994 195
994 212
994 220
994 228
994 259
994 270
994 273
994 278
994 279
994 288
994 292
994 293
994 305
994 366
994 388
994 402
994 408
994 411
994 472
994 477
994 489
994 514
994 530
994 541
994 594
994 596
994 612
994 617
994 640
994 644
994 657
994 658
994 670
994 681
994 689
994 691
994 724
994 726
994 728
994 742
994 802
994 820
994 855
994 863
994 864
994 866
994 897
994 903
994 913
994 930
994 932
994 941
994 962
994 964
994 970
994 983
994 984
994 988
994 992
994 996
994 1011
994 1058
994 1060
994 1092
994 1108
994 1109
994 1115
994 1118
994 1122
994 1139
994 1156
994 1159
994 1174
994 1180
994 1186
994 1188
994 1217
994 1226
994 1234
994 1239
994 1250
995 45
995 803
995 867
995 931
995 1059
995 1066
995 1123
995 1187
996 32
996 70
996 132
996 146
996 148
996 149
996 150
996 158
996 164
996 166
996 167
996 195
996 196
996 212
996 220
996 228
996 259
996 270
996 277
996 278
996 292
996 293
996 294
996 305
996 351
996 366
996 369
996 388
996 394
996 402
996 408
996 411
996 420
996 438
996 449
996 458
996 472
996 477
996 484
996 489
996 494
996 500
996 514
996 516
996 530
996 532
996 533
996 541
996 561
996 594
996 596
996 606
996 608
996 610
996 612
996 617
996 640
996 657
996 670
996 676
996 681
996 689
996 691
996 724
996 726
996 732
996 742
996 771
996 787
996 804
996 805
996 820
996 855
996 863
996 864
996 868
996 869
996 870
996 897
996 903
996 906
996 913
996 930
996 932
996 941
996 960
996 962
996 964
996 970
996 983
996 984
996 988
996 991
996 992
996 994
996 1011
996 1031
996 1034
996 1052
996 1056
996 1060
996 1061
996 1092
996 1108
996 1109
996 1110
996 1115
996 1116
996 1118
996 1124
996 1125
996 1139
996 1156
996 1158
996 1159
996 1163
996 1174
996 1180
996 1188
996 1216
996 1226
996 1234
996 1239
996 1250
996 1269
997 6
997 13
997 14
997 19
997 38
997 76
997 78
997 79
997 134
997 135
997 139
997 140
997 141
997 142
997 143
997 147
997 156
997 167
997 198
997 199
997 203
997 204
997 205
997 206
997 207
997 211
997 213
997 214
997 222
997 230
997 231
997 262
997 263
997 267
997 268
997 269
997 271
997 275
997 277
997 286
997 294
997 295
997 323
997 324
997 326
997 327
997 331
997 332
997 333
997 334
997 335
997 339
997 340
997 341
997 342
997 347
997 348
997 354
997 356
997 357
997 358
997 359
997 372
997 387
997 390
997 391
997 395
997 396
997 397
997 398
997 399
997 403
997 404
997 405
997 406
997 415
997 418
997 421
997 422
997 423
997 433
997 435
997 449
997 451
997 452
997 454
997 455
997 459
997 461
997 462
997 463
997 467
997 468
997 469
997 470
997 476
997 478
997 484
997 485
997 486
997 487
997 494
997 497
997 500
997 502
997 515
997 516
997 518
997 519
997 523
997 524
997 525
997 526
997 527
997 531
997 533
997 534
997 540
997 542
997 548
997 549
997 550
997 551
997 561
997 564
997 579
997 582
997 583
997 587
997 588
997 589
997 590
997 591
997 595
997 597
997 598
997 604
997 606
997 613
997 614
997 615
997 625
997 643
997 646
997 647
997 651
997 652
997 653
997 654
997 655
997 659
997 660
997 661
997 662
997 668
997 674
997 676
997 677
997 678
997 679
997 692
997 707
997 710
997 711
997 715
997 716
997 717
997 718
997 719
997 723
997 725
997 731
997 743
997 771
997 774
997 775
997 779
997 780
997 781
997 782
997 783
997 787
997 805
997 807
997 835
997 838
997 839
997 843
997 845
997 846
997 847
997 851
997 853
997 854
997 862
997 868
997 869
997 870
997 871
997 884
997 899
997 902
997 906
997 907
997 908
997 909
997 910
997 911
997 915
997 916
997 917
997 918
997 924
997 926
997 933
997 934
997 935
997 948
997 960
997 961
997 963
997 966
997 967
997 971
997 972
997 974
997 975
997 978
997 979
997 980
997 981
997 982
997 990
997 991
997 998
997 999
997 1001
997 1009
997 1012
997 1014
997 1027
997 1030
997 1031
997 1035
997 1036
997 1037
997 1038
997 1039
997 1043
997 1044
997 1045
997 1046
997 1052
997 1056
997 1058
997 1061
997 1062
997 1063
997 1076
997 1091
997 1094
997 1095
997 1099
997 1100
997 1101
997 1102
997 1103
997 1107
997 1110
997 1116
997 1125
997 1126
997 1127
997 1140
997 1155
997 1158
997 1164
997 1165
997 1166
997 1167
997 1171
997 1189
997 1190
997 1191
997 1204
997 1216
997 1219
997 1220
997 1222
997 1223
997 1227
997 1228
997 1229
997 1230
997 1231
997 1235
997 1236
997 1237
997 1238
997 1246
997 1252
997 1253
997 1254
997 1255
997 1268
998 6
998 12
998 15
998 19
998 134
998 135
998 139
998 140
998 141
998 142
998 143
998 147
998 156
998 198
998 199
998 203
998 204
998 205
998 206
998 207
998 211
998 213
998 230
998 231
998 262
998 267
998 268
998 269
998 271
998 286
998 295
998 323
998 324
998 326
998 327
998 331
998 332
998 333
998 334
998 335
998 339
998 341
998 342
998 348
998 356
998 357
998 358
998 359
998 372
998 387
998 390
998 391
998 395
998 396
998 397
998 398
998 399
998 403
998 404
998 405
998 406
998 421
998 422
998 423
998 435
998 451
998 452
998 454
998 455
998 459
998 460
998 461
998 462
998 463
998 467
998 468
998 469
998 470
998 476
998 478
998 485
998 486
998 487
998 502
998 515
998 518
998 519
998 523
998 524
998 525
998 526
998 527
998 531
998 534
998 540
998 542
998 548
998 549
998 550
998 551
998 579
998 582
998 583
998 587
998 588
998 589
998 590
998 591
998 595
998 597
998 598
998 613
998 615
998 643
998 646
998 647
998 651
998 652
998 653
998 654
998 655
998 659
998 660
998 661
998 662
998 668
998 674
998 677
998 678
998 679
998 692
998 707
998 710
998 711
998 715
998 716
998 717
998 719
998 723
998 725
998 743
998 774
998 780
998 781
998 782
998 783
998 806
998 807
998 835
998 838
998 839
998 843
998 844
998 845
998 846
998 847
998 853
998 854
998 870
998 871
998 884
998 899
998 902
998 907
998 908
998 909
998 910
998 911
998 915
998 917
998 918
998 924
998 926
998 933
998 934
998 935
998 948
998 961
998 963
998 966
998 967
998 971
998 972
998 973
998 974
998 975
998 978
998 979
998 980
998 981
998 982
998 997
998 999
998 1001
998 1009
998 1012
998 1014
998 1027
998 1030
998 1035
998 1036
998 1037
998 1038
998 1039
998 1046
998 1062
998 1063
998 1076
998 1091
998 1094
998 1095
998 1100
998 1101
998 1102
998 1103
998 1107
998 1126
998 1127
998 1140
998 1155
998 1164
998 1165
998 1166
998 1167
998 1171
998 1190
998 1191
998 1204
998 1219
998 1222
998 1223
998 1227
998 1228
998 1229
998 1230
998 1231
998 1235
998 1237
998 1253
998 1254
998 1255
998 1268
999 12
999 15
999 140
999 141
999 142
999 143
999 198
999 204
999 206
999 207
999 230
999 262
999 268
999 269
999 271
999 326
999 331
999 332
999 333
999 334
999 335
999 339
999 348
999 356
999 357
999 358
999 359
999 372
999 387
999 390
999 395
999 396
999 397
999 398
999 399
999 403
999 405
999 406
999 422
999 423
999 451
999 454
999 455
999 459
999 460
999 461
999 462
999 463
999 467
999 468
999 469
999 470
999 485
999 486
999 487
999 515
999 519
999 523
999 524
999 525
999 526
999 527
999 540
999 549
999 550
999 551
999 579
999 582
999 583
999 587
999 588
999 589
999 590
999 591
999 615
999 643
999 646
999 651
999 652
999 653
999 654
999 655
999 659
999 661
999 678
999 679
999 707
999 716
999 717
999 719
999 743
999 780
999 781
999 807
999 835
999 838
999 843
999 844
999 845
999 846
999 847
999 871
999 884
999 899
999 902
999 907
999 908
999 909
999 910
999 911
999 915
999 924
999 933
999 935
999 948
999 963
999 966
999 971
999 972
999 973
999 974
999 975
999 978
999 979
999 981
999 982
999 997
999 998
999 1001
999 1012
999 1027
999 1036
999 1037
999 1039
999 1063
999 1076
999 1091
999 1100
999 1101
999 1102
999 1103
999 1107
999 1126
999 1127
999 1140
999 1155
999 1164
999 1165
999 1167
999 1191
999 1204
999 1219
999 1222
999 1223
999 1228
999 1229
999 1230
999 1231
999 1235
999 1254
999 1255
999 1268
1000 808
1000 872
1000 936
1000 1064
1000 1128
1000 1192
1001 6
1001 13
1001 14
1001 19
1001 38
1001 76
1001 78
1001 79
1001 134
1001 135
1001 139
1001 140
1001 141
1001 142
1001 143
1001 147
1001 156
1001 167
1001 198
1001 199
1001 203
1001 204
1001 205
1001 206
1001 207
1001 211
1001 213
1001 214
1001 222
1001 230
1001 231
1001 262
1001 263
1001 267
1001 268
1001 269
1001 271
1001 275
1001 277
1001 286
1001 294
1001 295
1001 323
1001 324
1001 326
1001 327
1001 331
1001 332
1001 333
1001 334
1001 335
1001 339
1001 340
1001 341
1001 342
1001 347
1001 348
1001 351
1001 354
1001 356
1001 357
1001 358
1001 359
1001 372
1001 387
1001 390
1001 391
1001 394
1001 395
1001 396
1001 397
1001 398
1001 399
1001 403
1001 404
1001 405
1001 406
1001 415
1001 418
1001 421
1001 422
1001 423
1001 433
1001 435
1001 449
1001 451
1001 452
1001 454
1001 455
1001 459
1001 461
1001 462
1001 463
1001 467
1001 468
1001 469
1001 470
1001 476
1001 478
1001 484
1001 485
1001 486
1001 487
1001 494
1001 497
1001 500
1001 502
1001 515
1001 516
1001 518
1001 519
1001 523
1001 524
1001 525
1001 526
1001 527
1001 531
1001 532
1001 533
1001 534
1001 540
1001 542
1001 548
1001 549
1001 550
1001 551
1001 561
1001 564
1001 579
1001 582
1001 583
1001 587
1001 588
1001 589
1001 590
1001 591
1001 595
1001 597
1001 598
1001 604
1001 606
1001 613
1001 614
1001 615
1001 625
1001 643
1001 646
1001 647
1001 651
1001 652
1001 653
1001 654
1001 655
1001 659
1001 660
1001 661
1001 662
1001 668
1001 674
1001 676
1001 677
1001 678
1001 679
1001 692
1001 707
1001 710
1001 711
1001 715
1001 716
1001 717
1001 718
1001 719
1001 723
1001 725
1001 731
1001 743
1001 771
1001 774
1001 775
1001 779
1001 780
1001 781
1001 782
1001 783
1001 787
1001 805
1001 807
1001 809
1001 835
1001 838
1001 839
1001 843
1001 845
1001 846
1001 847
1001 851
1001 853
1001 854
1001 862
1001 868
1001 869
1001 870
1001 871
1001 873
1001 884
1001 899
1001 902
1001 906
1001 907
1001 908
1001 909
1001 910
1001 911
1001 915
1001 916
1001 917
1001 918
1001 924
1001 926
1001 933
1001 934
1001 935
1001 937
1001 948
1001 960
1001 961
1001 963
1001 966
1001 967
1001 971
1001 974
1001 975
1001 978
1001 979
1001 980
1001 981
1001 982
1001 990
1001 991
1001 997
1001 998
1001 999
1001 1009
1001 1012
1001 1014
1001 1027
1001 1030
1001 1031
1001 1035
1001 1036
1001 1037
1001 1038
1001 1039
1001 1043
1001 1044
1001 1045
1001 1046
1001 1052
1001 1056
1001 1058
1001 1062
1001 1063
1001 1065
1001 1076
1001 1091
1001 1094
1001 1095
1001 1099
1001 1100
1001 1101
1001 1102
1001 1103
1001 1107
1001 1110
1001 1116
1001 1125
1001 1126
1001 1127
1001 1129
1001 1140
1001 1155
1001 1158
1001 1164
1001 1165
1001 1166
1001 1167
1001 1171
1001 1190
1001 1191
1001 1193
1001 1204
1001 1216
1001 1220
1001 1222
1001 1223
1001 1227
1001 1229
1001 1230
1001 1231
1001 1235
1001 1236
1001 1237
1001 1238
1001 1246
1001 1252
1001 1253
1001 1254
1001 1255
1001 1268
1001 1269
1002 345
1002 675
1002 810
1002 874
1002 938
1002 1066
1002 1130
1002 1194
1003 811
1003 875
1003 939
1003 953
1003 1067
1003 1131
1003 1195
1004 285
1004 376
1004 507
1004 812
1004 876
1004 940
1004 1042
1004 1068
1004 1132
1004 1196
1005 813
1005 877
1005 941
1005 1069
1005 1133
1005 1197
1006 770
1006 814
1006 878
1006 942
1006 1070
1006 1134
1006 1198
1007 704
1007 815
1007 879
1007 943
1007 1071
1007 1135
1007 1195
1007 1199
1008 816
1008 880
1008 944
1008 1072
1008 1136
1008 1200
1009 11
1009 21
1009 22
1009 28
1009 71
1009 78
1009 79
1009 134
1009 135
1009 139
1009 141
1009 147
1009 150
1009 156
1009 158
1009 164
1009 166
1009 167
1009 196
1009 198
1009 199
1009 203
1009 205
1009 206
1009 207
1009 211
1009 212
1009 213
1009 214
1009 222
1009 230
1009 231
1009 259
1009 262
1009 263
1009 267
1009 269
1009 275
1009 277
1009 278
1009 286
1009 293
1009 294
1009 295
1009 323
1009 324
1009 326
1009 327
1009 331
1009 339
1009 340
1009 341
1009 342
1009 347
1009 348
1009 351
1009 354
1009 356
1009 357
1009 358
1009 359
1009 366
1009 369
1009 372
1009 387
1009 388
1009 391
1009 394
1009 395
1009 397
1009 403
1009 404
1009 405
1009 406
1009 408
1009 415
1009 418
1009 420
1009 421
1009 422
1009 423
1009 433
1009 435
1009 438
1009 449
1009 451
1009 452
1009 455
1009 458
1009 459
1009 461
1009 462
1009 468
1009 470
1009 476
1009 478
1009 484
1009 485
1009 486
1009 487
1009 494
1009 497
1009 500
1009 502
1009 515
1009 516
1009 518
1009 519
1009 523
1009 526
1009 531
1009 532
1009 533
1009 534
1009 540
1009 541
1009 542
1009 548
1009 549
1009 551
1009 561
1009 564
1009 579
1009 582
1009 583
1009 587
1009 595
1009 596
1009 597
1009 598
1009 604
1009 606
1009 608
1009 610
1009 613
1009 614
1009 615
1009 625
1009 640
1009 643
1009 646
1009 647
1009 651
1009 657
1009 660
1009 661
1009 662
1009 668
1009 674
1009 676
1009 677
1009 678
1009 679
1009 689
1009 691
1009 692
1009 707
1009 710
1009 711
1009 715
1009 716
1009 717
1009 718
1009 719
1009 723
1009 725
1009 731
1009 732
1009 742
1009 743
1009 771
1009 774
1009 775
1009 779
1009 781
1009 782
1009 783
1009 787
1009 805
1009 807
1009 817
1009 820
1009 835
1009 838
1009 839
1009 843
1009 846
1009 847
1009 851
1009 853
1009 854
1009 855
1009 862
1009 864
1009 868
1009 869
1009 870
1009 881
1009 884
1009 902
1009 906
1009 907
1009 910
1009 911
1009 915
1009 916
1009 917
1009 918
1009 924
1009 926
1009 930
1009 933
1009 934
1009 945
1009 948
1009 960
1009 961
1009 962
1009 966
1009 967
1009 970
1009 971
1009 974
1009 978
1009 979
1009 980
1009 981
1009 982
1009 990
1009 991
1009 997
1009 998
1009 1001
1009 1012
1009 1014
1009 1027
1009 1030
1009 1031
1009 1034
1009 1035
1009 1037
1009 1038
1009 1039
1009 1043
1009 1044
1009 1045
1009 1046
1009 1052
1009 1056
1009 1058
1009 1061
1009 1062
1009 1063
1009 1073
1009 1076
1009 1091
1009 1094
1009 1095
1009 1099
1009 1102
1009 1107
1009 1109
1009 1110
1009 1116
1009 1125
1009 1126
1009 1127
1009 1137
1009 1140
1009 1155
1009 1158
1009 1163
1009 1165
1009 1166
1009 1167
1009 1171
1009 1174
1009 1188
1009 1190
1009 1191
1009 1201
1009 1204
1009 1216
1009 1220
1009 1222
1009 1223
1009 1227
1009 1230
1009 1235
1009 1236
1009 1237
1009 1238
1009 1246
1009 1252
1009 1253
1009 1254
1009 1255
1009 1268
1009 1269
1010 68
1010 493
1010 818
1010 882
1010 946
1010 1074
1010 1138
1010 1202
1011 32
1011 70
1011 132
1011 146
1011 148
1011 149
1011 150
1011 158
1011 164
1011 166
1011 167
1011 195
1011 196
1011 212
1011 214
1011 220
1011 222
1011 228
1011 259
1011 270
1011 275
1011 277
1011 278
1011 292
1011 293
1011 294
1011 305
1011 351
1011 354
1011 366
1011 369
1011 388
1011 394
1011 402
1011 408
1011 411
1011 415
1011 420
1011 438
1011 449
1011 458
1011 472
1011 477
1011 484
1011 489
1011 494
1011 497
1011 500
1011 514
1011 516
1011 530
1011 532
1011 533
1011 541
1011 561
1011 594
1011 596
1011 604
1011 606
1011 608
1011 610
1011 614
1011 617
1011 625
1011 640
1011 657
1011 670
1011 676
1011 681
1011 689
1011 691
1011 724
1011 726
1011 731
1011 732
1011 742
1011 771
1011 787
1011 805
1011 819
1011 820
1011 855
1011 862
1011 863
1011 864
1011 868
1011 869
1011 870
1011 883
1011 897
1011 903
1011 906
1011 913
1011 916
1011 930
1011 932
1011 941
1011 947
1011 960
1011 962
1011 964
1011 970
1011 983
1011 984
1011 988
1011 991
1011 992
1011 994
1011 996
1011 1031
1011 1034
1011 1043
1011 1044
1011 1052
1011 1056
1011 1058
1011 1060
1011 1061
1011 1075
1011 1092
1011 1099
1011 1108
1011 1109
1011 1110
1011 1115
1011 1116
1011 1118
1011 1125
1011 1139
1011 1156
1011 1158
1011 1159
1011 1163
1011 1174
1011 1180
1011 1188
1011 1203
1011 1216
1011 1220
1011 1226
1011 1234
1011 1236
1011 1238
1011 1239
1011 1246
1011 1250
1011 1252
1011 1269
1012 6
1012 12
1012 15
1012 134
1012 135
1012 140
1012 141
1012 142
1012 143
1012 147
1012 156
1012 198
1012 199
1012 203
1012 204
1012 205
1012 206
1012 207
1012 211
1012 213
1012 230
1012 231
1012 262
1012 267
1012 268
1012 269
1012 271
1012 286
1012 295
1012 323
1012 324
1012 326
1012 327
1012 331
1012 332
1012 333
1012 334
1012 335
1012 339
1012 341
1012 342
1012 348
1012 356
1012 357
1012 358
1012 359
1012 372
1012 387
1012 390
1012 391
1012 395
1012 396
1012 397
1012 398
1012 399
1012 403
1012 404
1012 405
1012 406
1012 421
1012 422
1012 423
1012 435
1012 451
1012 452
1012 454
1012 455
1012 459
1012 460
1012 461
1012 462
1012 463
1012 467
1012 468
1012 469
1012 470
1012 476
1012 478
1012 485
1012 486
1012 487
1012 502
1012 515
1012 518
1012 519
1012 523
1012 524
1012 525
1012 526
1012 527
1012 531
1012 534
1012 540
1012 542
1012 548
1012 549
1012 550
1012 551
1012 579
1012 582
1012 583
1012 587
1012 588
1012 589
1012 590
1012 591
1012 595
1012 597
1012 613
1012 615
1012 643
1012 646
1012 647
1012 651
1012 652
1012 653
1012 654
1012 655
1012 659
1012 660
1012 661
1012 668
1012 674
1012 677
1012 678
1012 679
1012 692
1012 707
1012 710
1012 711
1012 715
1012 716
1012 717
1012 719
1012 723
1012 725
1012 743
1012 774
1012 780
1012 781
1012 782
1012 783
1012 807
1012 820
1012 835
1012 838
1012 843
1012 844
1012 845
1012 846
1012 847
1012 853
1012 854
1012 871
1012 884
1012 899
1012 902
1012 907
1012 908
1012 909
1012 910
1012 911
1012 915
1012 917
1012 918
1012 924
1012 926
1012 933
1012 934
1012 935
1012 948
1012 963
1012 966
1012 967
1012 971
1012 972
1012 973
1012 974
1012 975
1012 978
1012 979
1012 980
1012 981
1012 982
1012 997
1012 998
1012 999
1012 1001
1012 1009
1012 1027
1012 1030
1012 1035
1012 1036
1012 1037
1012 1038
1012 1039
1012 1046
1012 1063
1012 1076
1012 1091
1012 1094
1012 1095
1012 1100
1012 1101
1012 1102
1012 1103
1012 1107
1012 1126
1012 1127
1012 1140
1012 1155
1012 1164
1012 1165
1012 1166
1012 1167
1012 1171
1012 1190
1012 1191
1012 1204
1012 1219
1012 1222
1012 1223
1012 1227
1012 1228
1012 1229
1012 1230
1012 1231
1012 1235
1012 1237
1012 1253
1012 1254
1012 1255
1012 1268
1013 174
1013 821
1013 885
1013 949
1013 1077
1013 1141
1013 1205
1014 11
1014 21
1014 22
1014 28
1014 71
1014 78
1014 79
1014 134
1014 135
1014 139
1014 141
1014 147
1014 150
1014 156
1014 158
1014 164
1014 166
1014 167
1014 196
1014 198
1014 199
1014 203
1014 205
1014 206
1014 207
1014 211
1014 212
1014 213
1014 214
1014 222
1014 230
1014 231
1014 259
1014 262
1014 263
1014 267
1014 269
1014 275
1014 277
1014 278
1014 286
1014 293
1014 294
1014 295
1014 323
1014 324
1014 327
1014 331
1014 339
1014 340
1014 341
1014 342
1014 347
1014 348
1014 351
1014 354
1014 356
1014 357
1014 358
1014 366
1014 369
1014 372
1014 387
1014 388
1014 391
1014 394
1014 395
1014 404
1014 405
1014 406
1014 408
1014 415
1014 418
1014 420
1014 421
1014 422
1014 433
1014 435
1014 438
1014 449
1014 451
1014 452
1014 455
1014 458
1014 459
1014 461
1014 462
1014 468
1014 470
1014 476
1014 478
1014 484
1014 485
1014 486
1014 494
1014 497
1014 500
1014 502
1014 515
1014 516
1014 518
1014 519
1014 523
1014 531
1014 532
1014 533
1014 534
1014 540
1014 541
1014 542
1014 548
1014 549
1014 551
1014 561
1014 564
1014 579
1014 582
1014 583
1014 587
1014 595
1014 596
1014 597
1014 598
1014 604
1014 606
1014 608
1014 610
1014 613
1014 614
1014 615
1014 625
1014 640
1014 643
1014 646
1014 647
1014 651
1014 657
1014 660
1014 661
1014 662
1014 668
1014 674
1014 676
1014 677
1014 678
1014 689
1014 691
1014 692
1014 707
1014 710
1014 711
1014 715
1014 716
1014 717
1014 718
1014 719
1014 723
1014 725
1014 731
1014 732
1014 742
1014 743
1014 771
1014 774
1014 775
1014 779
1014 781
1014 782
1014 783
1014 787
1014 805
1014 807
1014 820
1014 822
1014 835
1014 838
1014 839
1014 843
1014 846
1014 847
1014 851
1014 853
1014 854
1014 855
1014 862
1014 864
1014 868
1014 869
1014 870
1014 884
1014 886
1014 902
1014 903
1014 906
1014 907
1014 915
1014 916
1014 917
1014 918
1014 924
1014 926
1014 930
1014 933
1014 934
1014 948
1014 950
1014 960
1014 961
1014 962
1014 964
1014 966
1014 967
1014 970
1014 971
1014 974
1014 978
1014 979
1014 980
1014 981
1014 982
1014 990
1014 991
1014 997
1014 998
1014 1001
1014 1009
1014 1030
1014 1031
1014 1034
1014 1035
1014 1037
1014 1038
1014 1039
1014 1043
1014 1044
1014 1045
1014 1046
1014 1052
1014 1056
1014 1058
1014 1061
1014 1062
1014 1076
1014 1078
1014 1091
1014 1094
1014 1095
1014 1099
1014 1102
1014 1107
1014 1108
1014 1109
1014 1110
1014 1116
1014 1125
1014 1126
1014 1127
1014 1140
1014 1142
1014 1155
1014 1156
1014 1158
1014 1163
1014 1165
1014 1166
1014 1167
1014 1171
1014 1174
1014 1188
1014 1190
1014 1191
1014 1204
1014 1206
1014 1216
1014 1220
1014 1222
1014 1223
1014 1227
1014 1230
1014 1235
1014 1236
1014 1237
1014 1238
1014 1246
1014 1252
1014 1253
1014 1254
1014 1255
1014 1268
1014 1269
1015 823
1015 885
1015 887
1015 951
1015 1079
1015 1143
1015 1207
1016 492
1016 811
1016 824
1016 874
1016 888
1016 952
1016 1080
1016 1144
1016 1208
1017 825
1017 889
1017 953
1017 1081
1017 1145
1017 1209
1018 168
1018 826
1018 890
1018 954
1018 1082
1018 1085
1018 1146
1018 1210
1018 1211
1019 827
1019 891
1019 955
1019 1083
1019 1147
1019 1211
1020 383
1020 727
1020 828
1020 892
1020 956
1020 1084
1020 1148
1020 1212
1021 829
1021 893
1021 946
1021 957
1021 1085
1021 1149
1021 1213
1022 830
1022 894
1022 958
1022 1086
1022 1150
1022 1214
1023 159
1023 302
1023 831
1023 895
1023 959
1023 1026
1023 1087
1023 1151
1023 1215
1024 832
1024 896
1024 960
1024 1088
1024 1152
1024 1216
1025 512
1025 758
1025 833
1025 897
1025 961
1025 1089
1025 1153
1025 1217
1026 159
1026 302
1026 834
1026 898
1026 962
1026 1023
1026 1090
1026 1154
1026 1218
1027 6
1027 12
1027 15
1027 19
1027 140
1027 142
1027 143
1027 198
1027 199
1027 203
1027 204
1027 205
1027 206
1027 207
1027 211
1027 213
1027 230
1027 231
1027 262
1027 267
1027 268
1027 269
1027 271
1027 286
1027 295
1027 323
1027 324
1027 326
1027 327
1027 331
1027 332
1027 333
1027 334
1027 335
1027 339
1027 341
1027 342
1027 348
1027 356
1027 357
1027 358
1027 359
1027 372
1027 387
1027 390
1027 391
1027 395
1027 396
1027 397
1027 398
1027 399
1027 403
1027 404
1027 405
1027 406
1027 421
1027 422
1027 423
1027 435
1027 451
1027 452
1027 454
1027 455
1027 459
1027 460
1027 461
1027 462
1027 463
1027 467
1027 468
1027 469
1027 470
1027 476
1027 478
1027 485
1027 486
1027 487
1027 502
1027 515
1027 518
1027 519
1027 523
1027 524
1027 525
1027 526
1027 527
1027 531
1027 534
1027 540
1027 542
1027 548
1027 549
1027 550
1027 551
1027 579
1027 582
1027 583
1027 587
1027 588
1027 589
1027 590
1027 591
1027 595
1027 597
1027 598
1027 613
1027 615
1027 643
1027 646
1027 647
1027 651
1027 652
1027 653
1027 654
1027 655
1027 659
1027 660
1027 661
1027 668
1027 674
1027 677
1027 678
1027 679
1027 692
1027 707
1027 710
1027 711
1027 715
1027 716
1027 717
1027 719
1027 723
1027 725
1027 743
1027 774
1027 780
1027 781
1027 782
1027 783
1027 807
1027 835
1027 838
1027 839
1027 843
1027 844
1027 845
1027 846
1027 847
1027 853
1027 854
1027 871
1027 884
1027 899
1027 902
1027 907
1027 908
1027 909
1027 910
1027 911
1027 915
1027 917
1027 918
1027 924
1027 926
1027 933
1027 934
1027 935
1027 948
1027 963
1027 966
1027 967
1027 971
1027 972
1027 973
1027 974
1027 975
1027 978
1027 979
1027 980
1027 981
1027 982
1027 997
1027 998
1027 999
1027 1001
1027 1009
1027 1012
1027 1030
1027 1035
1027 1036
1027 1037
1027 1038
1027 1039
1027 1046
1027 1063
1027 1076
1027 1091
1027 1094
1027 1095
1027 1100
1027 1101
1027 1102
1027 1103
1027 1107
1027 1126
1027 1127
1027 1140
1027 1155
1027 1164
1027 1165
1027 1166
1027 1167
1027 1171
1027 1190
1027 1191
1027 1204
1027 1219
1027 1222
1027 1223
1027 1227
1027 1228
1027 1229
1027 1230
1027 1231
1027 1235
1027 1237
1027 1253
1027 1254
1027 1255
1027 1268
1028 836
1028 900
1028 964
1028 1092
1028 1156
1028 1220
1029 837
1029 840
1029 901
1029 965
1029 1093
1029 1157
1029 1221
1030 13
1030 14
1030 21
1030 22
1030 38
1030 76
1030 78
1030 79
1030 134
1030 135
1030 139
1030 141
1030 147
1030 156
1030 196
1030 198
1030 199
1030 203
1030 204
1030 205
1030 206
1030 207
1030 211
1030 212
1030 213
1030 214
1030 222
1030 230
1030 231
1030 262
1030 263
1030 267
1030 269
1030 275
1030 277
1030 286
1030 293
1030 294
1030 295
1030 323
1030 324
1030 326
1030 327
1030 331
1030 333
1030 334
1030 339
1030 340
1030 341
1030 342
1030 347
1030 348
1030 351
1030 354
1030 356
1030 357
1030 358
1030 359
1030 366
1030 369
1030 372
1030 387
1030 388
1030 391
1030 394
1030 395
1030 397
1030 403
1030 404
1030 405
1030 406
1030 408
1030 415
1030 418
1030 420
1030 421
1030 422
1030 423
1030 433
1030 435
1030 438
1030 449
1030 451
1030 452
1030 454
1030 455
1030 458
1030 459
1030 461
1030 462
1030 463
1030 467
1030 468
1030 469
1030 470
1030 476
1030 478
1030 484
1030 485
1030 486
1030 487
1030 494
1030 497
1030 500
1030 502
1030 515
1030 516
1030 518
1030 519
1030 523
1030 525
1030 526
1030 531
1030 532
1030 533
1030 534
1030 540
1030 541
1030 542
1030 548
1030 549
1030 551
1030 561
1030 564
1030 579
1030 582
1030 583
1030 587
1030 588
1030 589
1030 590
1030 595
1030 596
1030 597
1030 598
1030 604
1030 606
1030 608
1030 610
1030 613
1030 614
1030 615
1030 625
1030 640
1030 643
1030 646
1030 647
1030 651
1030 653
1030 659
1030 660
1030 661
1030 662
1030 668
1030 674
1030 676
1030 677
1030 678
1030 679
1030 691
1030 692
1030 707
1030 710
1030 711
1030 715
1030 716
1030 717
1030 718
1030 719
1030 723
1030 725
1030 731
1030 732
1030 742
1030 743
1030 771
1030 774
1030 775
1030 779
1030 780
1030 781
1030 782
1030 783
1030 787
1030 805
1030 807
1030 820
1030 835
1030 838
1030 839
1030 843
1030 846
1030 847
1030 851
1030 853
1030 854
1030 862
1030 868
1030 869
1030 870
1030 871
1030 884
1030 902
1030 906
1030 907
1030 910
1030 911
1030 915
1030 916
1030 917
1030 918
1030 924
1030 926
1030 930
1030 933
1030 934
1030 935
1030 948
1030 960
1030 961
1030 966
1030 967
1030 971
1030 974
1030 978
1030 979
1030 980
1030 981
1030 982
1030 990
1030 991
1030 997
1030 998
1030 1001
1030 1009
1030 1012
1030 1014
1030 1027
1030 1031
1030 1034
1030 1035
1030 1037
1030 1038
1030 1039
1030 1043
1030 1044
1030 1045
1030 1046
1030 1052
1030 1056
1030 1058
1030 1061
1030 1062
1030 1063
1030 1076
1030 1091
1030 1094
1030 1095
1030 1099
1030 1101
1030 1102
1030 1107
1030 1110
1030 1116
1030 1125
1030 1126
1030 1127
1030 1140
1030 1155
1030 1158
1030 1163
1030 1165
1030 1166
1030 1167
1030 1171
1030 1174
1030 1190
1030 1191
1030 1204
1030 1216
1030 1220
1030 1222
1030 1223
1030 1227
1030 1230
1030 1231
1030 1235
1030 1236
1030 1237
1030 1238
1030 1246
1030 1252
1030 1253
1030 1254
1030 1255
1030 1268
1030 1269
1031 7
1031 11
1031 21
1031 22
1031 28
1031 71
1031 139
1031 158
1031 166
1031 167
1031 196
1031 198
1031 199
1031 203
1031 205
1031 211
1031 212
1031 213
1031 214
1031 222
1031 230
1031 231
1031 259
1031 262
1031 263
1031 267
1031 269
1031 275
1031 277
1031 278
1031 286
1031 293
1031 294
1031 295
1031 323
1031 324
1031 327
1031 340
1031 341
1031 342
1031 347
1031 348
1031 351
1031 354
1031 356
1031 357
1031 366
1031 369
1031 372
1031 388
1031 391
1031 394
1031 395
1031 404
1031 406
1031 408
1031 411
1031 415
1031 418
1031 420
1031 421
1031 433
1031 435
1031 438
1031 449
1031 451
1031 452
1031 458
1031 459
1031 462
1031 468
1031 476
1031 478
1031 484
1031 494
1031 497
1031 500
1031 502
1031 516
1031 518
1031 531
1031 532
1031 533
1031 534
1031 540
1031 541
1031 542
1031 548
1031 549
1031 561
1031 564
1031 583
1031 594
1031 595
1031 596
1031 597
1031 598
1031 604
1031 606
1031 608
1031 610
1031 613
1031 614
1031 625
1031 640
1031 646
1031 647
1031 651
1031 657
1031 660
1031 661
1031 662
1031 668
1031 674
1031 676
1031 677
1031 678
1031 689
1031 691
1031 692
1031 710
1031 711
1031 715
1031 718
1031 723
1031 725
1031 726
1031 731
1031 732
1031 742
1031 743
1031 771
1031 774
1031 775
1031 779
1031 782
1031 783
1031 787
1031 805
1031 807
1031 820
1031 839
1031 843
1031 846
1031 851
1031 853
1031 854
1031 855
1031 862
1031 864
1031 868
1031 869
1031 870
1031 897
1031 903
1031 906
1031 907
1031 916
1031 917
1031 918
1031 924
1031 926
1031 930
1031 934
1031 960
1031 961
1031 962
1031 964
1031 967
1031 970
1031 978
1031 980
1031 984
1031 988
1031 990
1031 991
1031 992
1031 996
1031 997
1031 1001
1031 1009
1031 1011
1031 1014
1031 1030
1031 1034
1031 1035
1031 1038
1031 1043
1031 1044
1031 1045
1031 1046
1031 1052
1031 1056
1031 1058
1031 1060
1031 1061
1031 1062
1031 1076
1031 1094
1031 1095
1031 1099
1031 1102
1031 1107
1031 1108
1031 1109
1031 1110
1031 1116
1031 1125
1031 1126
1031 1156
1031 1158
1031 1159
1031 1163
1031 1166
1031 1167
1031 1171
1031 1174
1031 1180
1031 1188
1031 1190
1031 1191
1031 1216
1031 1220
1031 1223
1031 1227
1031 1236
1031 1237
1031 1238
1031 1246
1031 1252
1031 1253
1031 1269
1032 202
1032 328
1032 840
1032 904
1032 968
1032 1096
1032 1160
1032 1224
1033 9
1033 73
1033 133
1033 197
1033 261
1033 329
1033 393
1033 453
1033 517
1033 581
1033 628
1033 649
1033 713
1033 777
1033 837
1033 841
1033 901
1033 905
1033 965
1033 969
1033 1097
1033 1161
1033 1221
1033 1225
1034 7
1034 11
1034 20
1034 71
1034 150
1034 158
1034 164
1034 166
1034 167
1034 195
1034 196
1034 199
1034 205
1034 211
1034 212
1034 213
1034 214
1034 222
1034 228
1034 259
1034 263
1034 267
1034 270
1034 275
1034 277
1034 278
1034 286
1034 292
1034 293
1034 294
1034 295
1034 305
1034 323
1034 324
1034 340
1034 341
1034 342
1034 347
1034 351
1034 354
1034 366
1034 369
1034 388
1034 391
1034 394
1034 404
1034 408
1034 411
1034 415
1034 418
1034 420
1034 421
1034 433
1034 435
1034 438
1034 449
1034 458
1034 472
1034 484
1034 489
1034 494
1034 497
1034 500
1034 502
1034 516
1034 518
1034 531
1034 532
1034 533
1034 541
1034 548
1034 561
1034 564
1034 594
1034 595
1034 596
1034 597
1034 598
1034 604
1034 606
1034 608
1034 610
1034 613
1034 614
1034 625
1034 640
1034 647
1034 657
1034 660
1034 662
1034 668
1034 670
1034 674
1034 676
1034 677
1034 689
1034 691
1034 710
1034 718
1034 723
1034 725
1034 726
1034 731
1034 732
1034 742
1034 771
1034 774
1034 775
1034 779
1034 782
1034 787
1034 805
1034 820
1034 839
1034 842
1034 851
1034 854
1034 855
1034 862
1034 864
1034 868
1034 869
1034 870
1034 897
1034 903
1034 906
1034 916
1034 917
1034 918
1034 926
1034 930
1034 960
1034 961
1034 962
1034 964
1034 970
1034 984
1034 988
1034 990
1034 991
1034 992
1034 996
1034 1009
1034 1011
1034 1014
1034 1030
1034 1031
1034 1035
1034 1038
1034 1043
1034 1044
1034 1045
1034 1046
1034 1052
1034 1056
1034 1058
1034 1060
1034 1061
1034 1062
1034 1092
1034 1095
1034 1098
1034 1099
1034 1108
1034 1109
1034 1110
1034 1116
1034 1118
1034 1125
1034 1139
1034 1156
1034 1158
1034 1162
1034 1163
1034 1174
1034 1180
1034 1188
1034 1216
1034 1220
1034 1226
1034 1227
1034 1234
1034 1236
1034 1238
1034 1246
1034 1252
1034 1253
1034 1269
1035 14
1035 21
1035 22
1035 38
1035 76
1035 78
1035 79
1035 134
1035 135
1035 139
1035 141
1035 147
1035 156
1035 196
1035 198
1035 199
1035 203
1035 205
1035 206
1035 207
1035 211
1035 212
1035 213
1035 214
1035 222
1035 230
1035 231
1035 262
1035 263
1035 267
1035 269
1035 275
1035 277
1035 278
1035 286
1035 293
1035 294
1035 295
1035 323
1035 324
1035 326
1035 327
1035 331
1035 333
1035 334
1035 339
1035 340
1035 341
1035 342
1035 347
1035 348
1035 351
1035 354
1035 356
1035 357
1035 358
1035 359
1035 366
1035 369
1035 372
1035 387
1035 388
1035 391
1035 394
1035 395
1035 397
1035 403
1035 404
1035 405
1035 406
1035 408
1035 415
1035 418
1035 420
1035 421
1035 422
1035 423
1035 433
1035 435
1035 438
1035 449
1035 451
1035 452
1035 454
1035 455
1035 458
1035 459
1035 461
1035 462
1035 463
1035 468
1035 469
1035 470
1035 476
1035 478
1035 484
1035 485
1035 486
1035 487
1035 494
1035 497
1035 500
1035 502
1035 515
1035 516
1035 518
1035 519
1035 523
1035 525
1035 526
1035 531
1035 532
1035 533
1035 534
1035 540
1035 541
1035 542
1035 548
1035 549
1035 551
1035 561
1035 564
1035 579
1035 582
1035 583
1035 587
1035 589
1035 590
1035 595
1035 596
1035 597
1035 598
1035 604
1035 606
1035 608
1035 610
1035 613
1035 614
1035 615
1035 625
1035 640
1035 643
1035 646
1035 647
1035 651
1035 653
1035 657
1035 660
1035 661
1035 662
1035 668
1035 674
1035 676
1035 677
1035 678
1035 679
1035 691
1035 692
1035 707
1035 710
1035 711
1035 715
1035 716
1035 717
1035 718
1035 719
1035 723
1035 725
1035 731
1035 732
1035 742
1035 743
1035 771
1035 774
1035 775
1035 779
1035 781
1035 782
1035 783
1035 787
1035 805
1035 807
1035 820
1035 835
1035 838
1035 839
1035 843
1035 846
1035 847
1035 851
1035 853
1035 854
1035 855
1035 862
1035 868
1035 869
1035 870
1035 871
1035 884
1035 902
1035 906
1035 907
1035 910
1035 911
1035 915
1035 916
1035 917
1035 918
1035 924
1035 926
1035 930
1035 933
1035 934
1035 935
1035 948
1035 960
1035 961
1035 962
1035 966
1035 967
1035 971
1035 974
1035 978
1035 979
1035 980
1035 981
1035 982
1035 990
1035 991
1035 997
1035 998
1035 1001
1035 1009
1035 1012
1035 1014
1035 1027
1035 1030
1035 1031
1035 1034
1035 1037
1035 1038
1035 1039
1035 1043
1035 1044
1035 1045
1035 1046
1035 1052
1035 1056
1035 1058
1035 1061
1035 1062
1035 1063
1035 1076
1035 1091
1035 1094
1035 1095
1035 1099
1035 1101
1035 1102
1035 1107
1035 1110
1035 1116
1035 1125
1035 1126
1035 1127
1035 1140
1035 1155
1035 1158
1035 1163
1035 1165
1035 1166
1035 1167
1035 1171
1035 1174
1035 1190
1035 1191
1035 1204
1035 1216
1035 1220
1035 1222
1035 1223
1035 1227
1035 1230
1035 1235
1035 1236
1035 1237
1035 1238
1035 1246
1035 1252
1035 1253
1035 1254
1035 1255
1035 1268
1035 1269
1036 12
1036 15
1036 140
1036 142
1036 143
1036 198
1036 203
1036 204
1036 206
1036 207
1036 213
1036 230
1036 231
1036 262
1036 267
1036 268
1036 269
1036 271
1036 295
1036 326
1036 327
1036 331
1036 332
1036 333
1036 334
1036 335
1036 339
1036 341
1036 348
1036 356
1036 357
1036 358
1036 359
1036 372
1036 387
1036 390
1036 391
1036 395
1036 396
1036 397
1036 398
1036 399
1036 403
1036 405
1036 406
1036 422
1036 423
1036 435
1036 451
1036 452
1036 454
1036 455
1036 459
1036 460
1036 461
1036 462
1036 463
1036 467
1036 468
1036 469
1036 470
1036 476
1036 478
1036 485
1036 486
1036 487
1036 515
1036 518
1036 519
1036 523
1036 524
1036 525
1036 526
1036 527
1036 534
1036 540
1036 542
1036 549
1036 550
1036 551
1036 579
1036 582
1036 583
1036 587
1036 588
1036 589
1036 590
1036 591
1036 615
1036 643
1036 646
1036 651
1036 652
1036 653
1036 654
1036 655
1036 659
1036 661
1036 678
1036 679
1036 692
1036 707
1036 711
1036 715
1036 716
1036 717
1036 719
1036 723
1036 743
1036 780
1036 781
1036 782
1036 783
1036 807
1036 835
1036 838
1036 843
1036 844
1036 845
1036 846
1036 847
1036 853
1036 854
1036 871
1036 884
1036 899
1036 902
1036 907
1036 908
1036 909
1036 910
1036 911
1036 915
1036 918
1036 924
1036 926
1036 933
1036 934
1036 935
1036 948
1036 963
1036 966
1036 967
1036 971
1036 972
1036 973
1036 974
1036 975
1036 978
1036 979
1036 980
1036 981
1036 982
1036 997
1036 998
1036 999
1036 1001
1036 1012
1036 1027
1036 1037
1036 1038
1036 1039
1036 1063
1036 1076
1036 1091
1036 1094
1036 1095
1036 1100
1036 1101
1036 1102
1036 1103
1036 1107
1036 1126
1036 1127
1036 1140
1036 1155
1036 1164
1036 1165
1036 1166
1036 1167
1036 1171
1036 1190
1036 1191
1036 1204
1036 1219
1036 1222
1036 1223
1036 1228
1036 1229
1036 1230
1036 1231
1036 1235
1036 1237
1036 1254
1036 1255
1036 1268
1037 6
1037 13
1037 14
1037 19
1037 38
1037 76
1037 134
1037 141
1037 142
1037 143
1037 147
1037 156
1037 198
1037 199
1037 203
1037 204
1037 205
1037 206
1037 207
1037 211
1037 213
1037 214
1037 222
1037 230
1037 231
1037 262
1037 263
1037 267
1037 268
1037 269
1037 271
1037 275
1037 286
1037 295
1037 323
1037 324
1037 326
1037 327
1037 331
1037 332
1037 333
1037 334
1037 335
1037 339
1037 340
1037 341
1037 342
1037 347
1037 348
1037 356
1037 357
1037 358
1037 359
1037 372
1037 387
1037 390
1037 391
1037 395
1037 396
1037 397
1037 398
1037 399
1037 403
1037 404
1037 405
1037 406
1037 415
1037 418
1037 421
1037 422
1037 423
1037 433
1037 435
1037 451
1037 452
1037 454
1037 455
1037 459
1037 460
1037 461
1037 462
1037 463
1037 467
1037 468
1037 469
1037 470
1037 476
1037 478
1037 485
1037 486
1037 487
1037 497
1037 502
1037 515
1037 518
1037 519
1037 523
1037 524
1037 525
1037 526
1037 527
1037 531
1037 534
1037 540
1037 542
1037 548
1037 549
1037 550
1037 551
1037 564
1037 579
1037 582
1037 583
1037 587
1037 588
1037 589
1037 590
1037 591
1037 595
1037 597
1037 598
1037 613
1037 614
1037 615
1037 625
1037 643
1037 646
1037 647
1037 651
1037 652
1037 653
1037 654
1037 655
1037 659
1037 660
1037 661
1037 662
1037 668
1037 674
1037 677
1037 678
1037 679
1037 692
1037 707
1037 710
1037 711
1037 715
1037 716
1037 717
1037 718
1037 719
1037 723
1037 725
1037 731
1037 743
1037 774
1037 775
1037 779
1037 780
1037 781
1037 782
1037 783
1037 807
1037 835
1037 838
1037 839
1037 843
1037 844
1037 845
1037 846
1037 847
1037 851
1037 853
1037 854
1037 862
1037 868
1037 871
1037 884
1037 899
1037 902
1037 907
1037 908
1037 909
1037 910
1037 911
1037 915
1037 916
1037 917
1037 918
1037 924
1037 926
1037 933
1037 934
1037 935
1037 948
1037 961
1037 963
1037 966
1037 967
1037 971
1037 972
1037 973
1037 974
1037 975
1037 978
1037 979
1037 980
1037 981
1037 982
1037 990
1037 997
1037 998
1037 999
1037 1001
1037 1009
1037 1012
1037 1014
1037 1027
1037 1030
1037 1035
1037 1036
1037 1038
1037 1039
1037 1043
1037 1044
1037 1045
1037 1046
1037 1062
1037 1063
1037 1076
1037 1091
1037 1094
1037 1095
1037 1099
1037 1100
1037 1101
1037 1102
1037 1103
1037 1107
1037 1126
1037 1127
1037 1140
1037 1155
1037 1164
1037 1165
1037 1166
1037 1167
1037 1171
1037 1190
1037 1191
1037 1204
1037 1219
1037 1220
1037 1222
1037 1223
1037 1227
1037 1228
1037 1229
1037 1230
1037 1231
1037 1235
1037 1236
1037 1237
1037 1238
1037 1252
1037 1253
1037 1254
1037 1255
1037 1268
1038 13
1038 14
1038 19
1038 21
1038 22
1038 38
1038 76
1038 78
1038 79
1038 134
1038 135
1038 139
1038 141
1038 147
1038 156
1038 196
1038 198
1038 199
1038 203
1038 204
1038 205
1038 206
1038 207
1038 211
1038 212
1038 213
1038 214
1038 222
1038 230
1038 231
1038 262
1038 263
1038 267
1038 269
1038 275
1038 277
1038 286
1038 294
1038 295
1038 323
1038 324
1038 326
1038 327
1038 331
1038 332
1038 333
1038 334
1038 335
1038 339
1038 340
1038 341
1038 342
1038 347
1038 348
1038 351
1038 354
1038 356
1038 357
1038 358
1038 359
1038 369
1038 372
1038 387
1038 388
1038 390
1038 391
1038 394
1038 395
1038 397
1038 403
1038 404
1038 405
1038 406
1038 415
1038 418
1038 420
1038 421
1038 422
1038 423
1038 433
1038 435
1038 438
1038 449
1038 451
1038 452
1038 454
1038 455
1038 458
1038 459
1038 461
1038 462
1038 463
1038 467
1038 468
1038 469
1038 470
1038 476
1038 478
1038 484
1038 485
1038 486
1038 487
1038 494
1038 497
1038 500
1038 502
1038 515
1038 516
1038 518
1038 519
1038 523
1038 525
1038 526
1038 531
1038 532
1038 533
1038 534
1038 540
1038 542
1038 548
1038 549
1038 550
1038 551
1038 561
1038 564
1038 579
1038 582
1038 583
1038 587
1038 588
1038 589
1038 590
1038 595
1038 597
1038 598
1038 604
1038 606
1038 608
1038 610
1038 613
1038 614
1038 615
1038 625
1038 643
1038 646
1038 647
1038 651
1038 653
1038 654
1038 659
1038 660
1038 661
1038 662
1038 668
1038 674
1038 676
1038 677
1038 678
1038 679
1038 692
1038 707
1038 710
1038 711
1038 715
1038 716
1038 717
1038 718
1038 719
1038 723
1038 725
1038 731
1038 732
1038 742
1038 743
1038 771
1038 774
1038 775
1038 779
1038 780
1038 781
1038 782
1038 783
1038 787
1038 805
1038 807
1038 835
1038 838
1038 839
1038 843
1038 846
1038 847
1038 851
1038 853
1038 854
1038 862
1038 868
1038 869
1038 870
1038 871
1038 884
1038 899
1038 902
1038 906
1038 907
1038 909
1038 910
1038 911
1038 915
1038 916
1038 917
1038 918
1038 924
1038 926
1038 933
1038 934
1038 935
1038 948
1038 960
1038 961
1038 966
1038 967
1038 971
1038 974
1038 978
1038 979
1038 980
1038 981
1038 982
1038 990
1038 991
1038 997
1038 998
1038 1001
1038 1009
1038 1012
1038 1014
1038 1027
1038 1030
1038 1031
1038 1034
1038 1035
1038 1036
1038 1037
1038 1039
1038 1043
1038 1044
1038 1045
1038 1046
1038 1052
1038 1056
1038 1058
1038 1061
1038 1062
1038 1063
1038 1076
1038 1091
1038 1094
1038 1095
1038 1099
1038 1100
1038 1101
1038 1102
1038 1103
1038 1107
1038 1110
1038 1116
1038 1125
1038 1126
1038 1127
1038 1140
1038 1155
1038 1158
1038 1163
1038 1164
1038 1165
1038 1166
1038 1167
1038 1171
1038 1174
1038 1190
1038 1191
1038 1204
1038 1216
1038 1220
1038 1222
1038 1223
1038 1227
1038 1230
1038 1231
1038 1235
1038 1236
1038 1237
1038 1238
1038 1246
1038 1252
1038 1253
1038 1254
1038 1255
1038 1268
1038 1269
1039 6
1039 12
1039 15
1039 19
1039 140
1039 142
1039 143
1039 198
1039 199
1039 203
1039 204
1039 205
1039 206
1039 207
1039 211
1039 213
1039 230
1039 231
1039 262
1039 267
1039 268
1039 269
1039 271
1039 286
1039 295
1039 323
1039 324
1039 326
1039 327
1039 331
1039 332
1039 333
1039 334
1039 335
1039 339
1039 341
1039 342
1039 348
1039 356
1039 357
1039 358
1039 359
1039 372
1039 387
1039 390
1039 391
1039 395
1039 396
1039 397
1039 398
1039 399
1039 403
1039 404
1039 405
1039 406
1039 421
1039 422
1039 423
1039 433
1039 435
1039 451
1039 452
1039 454
1039 455
1039 459
1039 460
1039 461
1039 462
1039 463
1039 467
1039 468
1039 469
1039 470
1039 476
1039 478
1039 485
1039 486
1039 487
1039 502
1039 515
1039 518
1039 519
1039 523
1039 524
1039 525
1039 526
1039 527
1039 531
1039 534
1039 540
1039 542
1039 548
1039 549
1039 550
1039 551
1039 579
1039 582
1039 583
1039 587
1039 588
1039 589
1039 590
1039 591
1039 595
1039 597
1039 598
1039 613
1039 615
1039 643
1039 646
1039 647
1039 651
1039 652
1039 653
1039 654
1039 655
1039 659
1039 660
1039 661
1039 662
1039 668
1039 674
1039 677
1039 678
1039 679
1039 692
1039 707
1039 710
1039 711
1039 715
1039 716
1039 717
1039 719
1039 723
1039 725
1039 743
1039 774
1039 775
1039 780
1039 781
1039 782
1039 783
1039 807
1039 835
1039 838
1039 839
1039 843
1039 844
1039 845
1039 846
1039 847
1039 853
1039 854
1039 871
1039 884
1039 899
1039 902
1039 907
1039 908
1039 909
1039 910
1039 911
1039 915
1039 917
1039 918
1039 924
1039 926
1039 933
1039 934
1039 935
1039 948
1039 961
1039 963
1039 966
1039 967
1039 971
1039 972
1039 973
1039 974
1039 975
1039 978
1039 979
1039 980
1039 981
1039 982
1039 990
1039 997
1039 998
1039 999
1039 1001
1039 1009
1039 1012
1039 1014
1039 1027
1039 1030
1039 1035
1039 1036
1039 1037
1039 1038
1039 1046
1039 1063
1039 1076
1039 1091
1039 1094
1039 1095
1039 1100
1039 1101
1039 1102
1039 1103
1039 1107
1039 1126
1039 1127
1039 1140
1039 1155
1039 1164
1039 1165
1039 1166
1039 1167
1039 1171
1039 1190
1039 1191
1039 1204
1039 1219
1039 1222
1039 1223
1039 1227
1039 1228
1039 1229
1039 1230
1039 1231
1039 1235
1039 1237
1039 1253
1039 1254
1039 1255
1039 1268
1040 848
1040 912
1040 976
1040 1104
1040 1168
1040 1232
1041 381
1041 567
1041 849
1041 913
1041 977
1041 1105
1041 1169
1041 1233
1042 285
1042 376
1042 507
1042 850
1042 914
1042 978
1042 1004
1042 1106
1042 1170
1042 1234
1043 11
1043 21
1043 22
1043 28
1043 71
1043 79
1043 135
1043 139
1043 167
1043 196
1043 198
1043 199
1043 203
1043 205
1043 206
1043 207
1043 211
1043 212
1043 213
1043 214
1043 222
1043 230
1043 231
1043 259
1043 262
1043 263
1043 267
1043 269
1043 275
1043 277
1043 278
1043 286
1043 293
1043 294
1043 295
1043 323
1043 324
1043 327
1043 331
1043 339
1043 340
1043 341
1043 342
1043 347
1043 348
1043 351
1043 354
1043 356
1043 357
1043 358
1043 366
1043 369
1043 372
1043 387
1043 388
1043 391
1043 394
1043 395
1043 404
1043 406
1043 408
1043 411
1043 415
1043 418
1043 420
1043 421
1043 422
1043 433
1043 435
1043 438
1043 449
1043 451
1043 452
1043 455
1043 458
1043 459
1043 462
1043 468
1043 470
1043 476
1043 478
1043 484
1043 485
1043 494
1043 497
1043 500
1043 502
1043 516
1043 518
1043 519
1043 523
1043 531
1043 532
1043 533
1043 534
1043 540
1043 541
1043 542
1043 548
1043 549
1043 561
1043 564
1043 579
1043 583
1043 587
1043 594
1043 595
1043 596
1043 597
1043 598
1043 604
1043 606
1043 608
1043 610
1043 613
1043 614
1043 625
1043 640
1043 643
1043 646
1043 647
1043 651
1043 657
1043 660
1043 661
1043 662
1043 668
1043 674
1043 676
1043 677
1043 678
1043 689
1043 691
1043 692
1043 707
1043 710
1043 711
1043 715
1043 718
1043 719
1043 723
1043 725
1043 726
1043 731
1043 732
1043 742
1043 743
1043 771
1043 774
1043 775
1043 779
1043 781
1043 782
1043 783
1043 787
1043 805
1043 807
1043 820
1043 835
1043 839
1043 843
1043 846
1043 847
1043 851
1043 853
1043 854
1043 855
1043 862
1043 864
1043 868
1043 869
1043 870
1043 884
1043 897
1043 903
1043 906
1043 907
1043 915
1043 916
1043 917
1043 918
1043 924
1043 926
1043 930
1043 933
1043 934
1043 948
1043 960
1043 961
1043 962
1043 964
1043 967
1043 970
1043 978
1043 979
1043 980
1043 981
1043 982
1043 988
1043 990
1043 991
1043 992
1043 997
1043 1001
1043 1009
1043 1011
1043 1014
1043 1030
1043 1031
1043 1034
1043 1035
1043 1037
1043 1038
1043 1044
1043 1045
1043 1046
1043 1052
1043 1056
1043 1058
1043 1061
1043 1062
1043 1076
1043 1094
1043 1095
1043 1099
1043 1102
1043 1107
1043 1108
1043 1109
1043 1110
1043 1116
1043 1125
1043 1126
1043 1155
1043 1156
1043 1158
1043 1163
1043 1166
1043 1167
1043 1171
1043 1174
1043 1180
1043 1188
1043 1190
1043 1191
1043 1204
1043 1216
1043 1220
1043 1223
1043 1227
1043 1235
1043 1236
1043 1237
1043 1238
1043 1246
1043 1252
1043 1253
1043 1254
1043 1255
1043 1268
1043 1269
1044 7
1044 11
1044 21
1044 22
1044 28
1044 71
1044 135
1044 139
1044 166
1044 167
1044 196
1044 198
1044 199
1044 203
1044 205
1044 211
1044 212
1044 213
1044 214
1044 222
1044 230
1044 231
1044 259
1044 262
1044 263
1044 267
1044 269
1044 275
1044 277
1044 278
1044 286
1044 293
1044 294
1044 295
1044 323
1044 324
1044 327
1044 331
1044 339
1044 340
1044 341
1044 342
1044 347
1044 348
1044 351
1044 354
1044 356
1044 357
1044 358
1044 366
1044 369
1044 372
1044 387
1044 388
1044 391
1044 394
1044 395
1044 404
1044 406
1044 408
1044 411
1044 415
1044 418
1044 420
1044 421
1044 422
1044 433
1044 435
1044 438
1044 449
1044 451
1044 452
1044 458
1044 459
1044 462
1044 468
1044 470
1044 476
1044 478
1044 484
1044 494
1044 497
1044 500
1044 502
1044 516
1044 518
1044 531
1044 532
1044 533
1044 534
1044 540
1044 541
1044 542
1044 548
1044 549
1044 561
1044 564
1044 579
1044 583
1044 587
1044 594
1044 595
1044 596
1044 597
1044 598
1044 604
1044 606
1044 608
1044 610
1044 613
1044 614
1044 625
1044 640
1044 643
1044 646
1044 647
1044 651
1044 657
1044 660
1044 661
1044 662
1044 668
1044 674
1044 676
1044 677
1044 678
1044 689
1044 691
1044 692
1044 707
1044 710
1044 711
1044 715
1044 718
1044 723
1044 725
1044 726
1044 731
1044 732
1044 742
1044 743
1044 771
1044 774
1044 775
1044 779
1044 781
1044 782
1044 783
1044 787
1044 805
1044 807
1044 820
1044 839
1044 843
1044 846
1044 851
1044 852
1044 853
1044 854
1044 855
1044 862
1044 864
1044 868
1044 869
1044 870
1044 884
1044 897
1044 903
1044 906
1044 907
1044 915
1044 916
1044 917
1044 918
1044 924
1044 926
1044 930
1044 934
1044 948
1044 960
1044 961
1044 962
1044 964
1044 967
1044 970
1044 978
1044 980
1044 981
1044 982
1044 988
1044 990
1044 991
1044 992
1044 997
1044 1001
1044 1009
1044 1011
1044 1014
1044 1030
1044 1031
1044 1034
1044 1035
1044 1037
1044 1038
1044 1043
1044 1045
1044 1046
1044 1052
1044 1056
1044 1058
1044 1061
1044 1062
1044 1076
1044 1094
1044 1095
1044 1099
1044 1102
1044 1107
1044 1108
1044 1109
1044 1110
1044 1116
1044 1125
1044 1126
1044 1155
1044 1156
1044 1158
1044 1163
1044 1166
1044 1167
1044 1171
1044 1172
1044 1174
1044 1180
1044 1188
1044 1190
1044 1191
1044 1204
1044 1216
1044 1220
1044 1223
1044 1227
1044 1235
1044 1236
1044 1237
1044 1238
1044 1246
1044 1252
1044 1253
1044 1255
1044 1269
1045 11
1045 21
1045 22
1045 28
1045 71
1045 78
1045 79
1045 135
1045 139
1045 167
1045 196
1045 198
1045 199
1045 203
1045 205
1045 206
1045 207
1045 211
1045 212
1045 213
1045 214
1045 222
1045 230
1045 231
1045 259
1045 262
1045 263
1045 267
1045 269
1045 275
1045 277
1045 278
1045 286
1045 293
1045 294
1045 295
1045 323
1045 324
1045 327
1045 331
1045 339
1045 340
1045 341
1045 342
1045 347
1045 348
1045 351
1045 354
1045 356
1045 357
1045 358
1045 366
1045 369
1045 372
1045 387
1045 388
1045 391
1045 394
1045 395
1045 404
1045 405
1045 406
1045 408
1045 415
1045 418
1045 420
1045 421
1045 422
1045 433
1045 435
1045 438
1045 449
1045 451
1045 452
1045 455
1045 458
1045 459
1045 461
1045 462
1045 468
1045 470
1045 476
1045 478
1045 484
1045 485
1045 486
1045 494
1045 497
1045 500
1045 502
1045 515
1045 516
1045 518
1045 519
1045 523
1045 531
1045 532
1045 533
1045 534
1045 540
1045 541
1045 542
1045 548
1045 549
1045 551
1045 561
1045 564
1045 579
1045 583
1045 587
1045 595
1045 596
1045 597
1045 598
1045 604
1045 606
1045 608
1045 610
1045 613
1045 614
1045 615
1045 625
1045 640
1045 643
1045 646
1045 647
1045 651
1045 657
1045 660
1045 661
1045 662
1045 668
1045 674
1045 676
1045 677
1045 678
1045 689
1045 691
1045 692
1045 707
1045 710
1045 711
1045 715
1045 716
1045 717
1045 718
1045 719
1045 723
1045 725
1045 731
1045 732
1045 742
1045 743
1045 771
1045 774
1045 775
1045 779
1045 781
1045 782
1045 783
1045 787
1045 805
1045 807
1045 820
1045 835
1045 838
1045 839
1045 843
1045 846
1045 847
1045 851
1045 853
1045 854
1045 855
1045 862
1045 864
1045 868
1045 869
1045 870
1045 884
1045 903
1045 906
1045 907
1045 915
1045 916
1045 917
1045 918
1045 924
1045 926
1045 930
1045 933
1045 934
1045 948
1045 960
1045 961
1045 962
1045 964
1045 966
1045 967
1045 970
1045 971
1045 978
1045 979
1045 980
1045 981
1045 982
1045 990
1045 991
1045 997
1045 1001
1045 1009
1045 1014
1045 1030
1045 1031
1045 1034
1045 1035
1045 1037
1045 1038
1045 1043
1045 1044
1045 1046
1045 1052
1045 1056
1045 1058
1045 1061
1045 1062
1045 1076
1045 1091
1045 1094
1045 1095
1045 1099
1045 1102
1045 1107
1045 1108
1045 1109
1045 1110
1045 1116
1045 1125
1045 1126
1045 1140
1045 1155
1045 1156
1045 1158
1045 1163
1045 1165
1045 1166
1045 1167
1045 1171
1045 1173
1045 1174
1045 1188
1045 1190
1045 1191
1045 1204
1045 1216
1045 1220
1045 1222
1045 1223
1045 1227
1045 1230
1045 1235
1045 1236
1045 1237
1045 1238
1045 1246
1045 1252
1045 1253
1045 1254
1045 1255
1045 1268
1045 1269
1046 14
1046 21
1046 22
1046 38
1046 76
1046 78
1046 79
1046 134
1046 135
1046 139
1046 141
1046 147
1046 156
1046 196
1046 198
1046 199
1046 203
1046 204
1046 205
1046 206
1046 207
1046 211
1046 212
1046 213
1046 214
1046 222
1046 230
1046 231
1046 262
1046 263
1046 267
1046 269
1046 275
1046 277
1046 286
1046 293
1046 294
1046 295
1046 323
1046 324
1046 326
1046 327
1046 331
1046 333
1046 334
1046 339
1046 340
1046 341
1046 342
1046 347
1046 348
1046 351
1046 354
1046 356
1046 357
1046 358
1046 359
1046 366
1046 369
1046 372
1046 387
1046 388
1046 391
1046 394
1046 395
1046 397
1046 403
1046 404
1046 405
1046 406
1046 408
1046 415
1046 418
1046 420
1046 421
1046 422
1046 423
1046 433
1046 435
1046 438
1046 449
1046 451
1046 452
1046 454
1046 455
1046 458
1046 459
1046 461
1046 462
1046 463
1046 467
1046 468
1046 469
1046 470
1046 476
1046 478
1046 484
1046 485
1046 486
1046 487
1046 494
1046 497
1046 500
1046 502
1046 515
1046 516
1046 518
1046 519
1046 523
1046 525
1046 526
1046 531
1046 532
1046 533
1046 534
1046 540
1046 541
1046 542
1046 548
1046 549
1046 551
1046 561
1046 564
1046 579
1046 582
1046 583
1046 587
1046 588
1046 589
1046 590
1046 595
1046 596
1046 597
1046 598
1046 604
1046 606
1046 608
1046 610
1046 613
1046 614
1046 615
1046 625
1046 640
1046 643
1046 646
1046 647
1046 651
1046 653
1046 659
1046 660
1046 661
1046 662
1046 668
1046 674
1046 676
1046 677
1046 678
1046 679
1046 691
1046 692
1046 707
1046 710
1046 711
1046 715
1046 716
1046 717
1046 718
1046 719
1046 723
1046 725
1046 731
1046 732
1046 742
1046 743
1046 771
1046 774
1046 775
1046 779
1046 780
1046 781
1046 782
1046 783
1046 787
1046 805
1046 807
1046 820
1046 835
1046 838
1046 839
1046 843
1046 846
1046 847
1046 851
1046 853
1046 854
1046 862
1046 868
1046 869
1046 870
1046 871
1046 884
1046 902
1046 906
1046 907
1046 910
1046 911
1046 915
1046 916
1046 917
1046 918
1046 924
1046 926
1046 930
1046 933
1046 934
1046 935
1046 948
1046 960
1046 961
1046 966
1046 967
1046 971
1046 974
1046 978
1046 979
1046 980
1046 981
1046 982
1046 990
1046 991
1046 997
1046 998
1046 1001
1046 1009
1046 1012
1046 1014
1046 1027
1046 1030
1046 1031
1046 1034
1046 1035
1046 1037
1046 1038
1046 1039
1046 1043
1046 1044
1046 1045
1046 1052
1046 1056
1046 1058
1046 1061
1046 1062
1046 1063
1046 1076
1046 1091
1046 1094
1046 1095
1046 1099
1046 1101
1046 1102
1046 1107
1046 1110
1046 1116
1046 1125
1046 1126
1046 1127
1046 1140
1046 1155
1046 1158
1046 1163
1046 1165
1046 1166
1046 1167
1046 1171
1046 1174
1046 1190
1046 1191
1046 1204
1046 1216
1046 1220
1046 1222
1046 1223
1046 1227
1046 1230
1046 1231
1046 1235
1046 1236
1046 1237
1046 1238
1046 1246
1046 1252
1046 1253
1046 1254
1046 1255
1046 1268
1046 1269
1047 95
1047 823
1047 855
1047 919
1047 983
1047 1111
1047 1175
1047 1239
1048 856
1048 920
1048 984
1048 1112
1048 1176
1048 1240
1049 306
1049 857
1049 921
1049 985
1049 1113
1049 1177
1049 1241
1050 858
1050 922
1050 986
1050 1114
1050 1178
1050 1242
1051 92
1051 131
1051 273
1051 279
1051 288
1051 308
1051 361
1051 477
1051 501
1051 544
1051 612
1051 644
1051 658
1051 728
1051 836
1051 859
1051 863
1051 923
1051 987
1051 1115
1051 1172
1051 1179
1051 1184
1051 1217
1051 1243
1052 7
1052 11
1052 28
1052 71
1052 139
1052 158
1052 166
1052 167
1052 196
1052 198
1052 199
1052 203
1052 205
1052 211
1052 212
1052 213
1052 214
1052 222
1052 228
1052 231
1052 259
1052 262
1052 263
1052 267
1052 269
1052 270
1052 275
1052 277
1052 278
1052 286
1052 292
1052 293
1052 294
1052 295
1052 323
1052 324
1052 327
1052 340
1052 341
1052 342
1052 347
1052 348
1052 351
1052 354
1052 357
1052 366
1052 369
1052 372
1052 388
1052 391
1052 394
1052 404
1052 406
1052 408
1052 411
1052 415
1052 418
1052 420
1052 421
1052 433
1052 435
1052 438
1052 449
1052 451
1052 452
1052 458
1052 459
1052 462
1052 468
1052 476
1052 478
1052 484
1052 489
1052 494
1052 497
1052 500
1052 502
1052 516
1052 518
1052 531
1052 532
1052 533
1052 534
1052 540
1052 541
1052 542
1052 548
1052 549
1052 561
1052 564
1052 583
1052 594
1052 595
1052 596
1052 597
1052 598
1052 604
1052 606
1052 608
1052 610
1052 613
1052 614
1052 625
1052 640
1052 646
1052 647
1052 651
1052 657
1052 660
1052 661
1052 662
1052 668
1052 674
1052 676
1052 677
1052 678
1052 689
1052 691
1052 692
1052 710
1052 711
1052 715
1052 718
1052 723
1052 725
1052 726
1052 731
1052 732
1052 742
1052 743
1052 771
1052 774
1052 775
1052 779
1052 782
1052 783
1052 787
1052 805
1052 807
1052 820
1052 839
1052 843
1052 851
1052 853
1052 854
1052 855
1052 860
1052 862
1052 864
1052 868
1052 869
1052 870
1052 897
1052 903
1052 906
1052 916
1052 917
1052 918
1052 924
1052 926
1052 930
1052 934
1052 960
1052 961
1052 962
1052 964
1052 967
1052 970
1052 978
1052 980
1052 984
1052 988
1052 990
1052 991
1052 992
1052 996
1052 997
1052 1001
1052 1009
1052 1011
1052 1014
1052 1030
1052 1031
1052 1034
1052 1035
1052 1038
1052 1043
1052 1044
1052 1045
1052 1046
1052 1056
1052 1058
1052 1060
1052 1061
1052 1062
1052 1094
1052 1095
1052 1099
1052 1102
1052 1107
1052 1108
1052 1109
1052 1110
1052 1116
1052 1125
1052 1126
1052 1156
1052 1158
1052 1163
1052 1166
1052 1167
1052 1171
1052 1174
1052 1180
1052 1188
1052 1190
1052 1191
1052 1216
1052 1220
1052 1227
1052 1236
1052 1237
1052 1238
1052 1244
1052 1246
1052 1252
1052 1253
1052 1269
1053 749
1053 861
1053 882
1053 925
1053 989
1053 1074
1053 1117
1053 1181
1053 1245
1054 756
1054 862
1054 926
1054 990
1054 1118
1054 1182
1054 1246
1055 721
1055 863
1055 927
1055 991
1055 1119
1055 1130
1055 1183
1055 1247
1055 1270
1056 7
1056 11
1056 20
1056 28
1056 71
1056 158
1056 164
1056 166
1056 167
1056 196
1056 199
1056 203
1056 205
1056 211
1056 212
1056 213
1056 214
1056 222
1056 228
1056 231
1056 259
1056 263
1056 267
1056 269
1056 270
1056 275
1056 277
1056 278
1056 286
1056 292
1056 293
1056 294
1056 295
1056 323
1056 324
1056 327
1056 340
1056 341
1056 342
1056 347
1056 351
1056 354
1056 357
1056 366
1056 369
1056 372
1056 388
1056 391
1056 394
1056 404
1056 406
1056 408
1056 411
1056 415
1056 418
1056 420
1056 421
1056 433
1056 435
1056 438
1056 449
1056 452
1056 458
1056 459
1056 462
1056 476
1056 478
1056 484
1056 489
1056 494
1056 497
1056 500
1056 502
1056 516
1056 518
1056 531
1056 532
1056 533
1056 534
1056 540
1056 541
1056 542
1056 548
1056 561
1056 564
1056 583
1056 594
1056 595
1056 596
1056 597
1056 598
1056 604
1056 606
1056 608
1056 610
1056 613
1056 614
1056 625
1056 640
1056 647
1056 651
1056 657
1056 660
1056 662
1056 668
1056 674
1056 676
1056 677
1056 689
1056 691
1056 692
1056 710
1056 711
1056 715
1056 718
1056 723
1056 725
1056 726
1056 731
1056 732
1056 742
1056 743
1056 771
1056 774
1056 775
1056 779
1056 782
1056 783
1056 787
1056 805
1056 820
1056 839
1056 851
1056 853
1056 854
1056 855
1056 862
1056 864
1056 868
1056 869
1056 870
1056 897
1056 903
1056 906
1056 916
1056 917
1056 918
1056 926
1056 928
1056 930
1056 934
1056 960
1056 961
1056 962
1056 964
1056 967
1056 970
1056 980
1056 984
1056 988
1056 990
1056 991
1056 992
1056 996
1056 997
1056 1001
1056 1009
1056 1011
1056 1014
1056 1030
1056 1031
1056 1034
1056 1035
1056 1038
1056 1043
1056 1044
1056 1045
1056 1046
1056 1052
1056 1058
1056 1060
1056 1061
1056 1062
1056 1094
1056 1095
1056 1099
1056 1102
1056 1107
1056 1108
1056 1109
1056 1110
1056 1116
1056 1120
1056 1125
1056 1126
1056 1139
1056 1156
1056 1158
1056 1163
1056 1166
1056 1167
1056 1171
1056 1174
1056 1180
1056 1184
1056 1188
1056 1190
1056 1191
1056 1216
1056 1220
1056 1227
1056 1236
1056 1237
1056 1238
1056 1246
1056 1248
1056 1252
1056 1253
1056 1269
1057 31
1057 865
1057 929
1057 993
1057 1121
1057 1185
1057 1249
1058 7
1058 11
1058 21
1058 22
1058 28
1058 71
1058 135
1058 139
1058 166
1058 167
1058 196
1058 198
1058 199
1058 203
1058 205
1058 211
1058 212
1058 213
1058 214
1058 222
1058 230
1058 231
1058 259
1058 262
1058 263
1058 267
1058 269
1058 275
1058 277
1058 278
1058 286
1058 293
1058 294
1058 295
1058 323
1058 324
1058 327
1058 340
1058 341
1058 342
1058 347
1058 348
1058 351
1058 354
1058 356
1058 357
1058 366
1058 369
1058 372
1058 387
1058 388
1058 391
1058 394
1058 395
1058 404
1058 406
1058 408
1058 411
1058 415
1058 418
1058 420
1058 421
1058 422
1058 433
1058 435
1058 438
1058 449
1058 451
1058 452
1058 458
1058 459
1058 462
1058 468
1058 470
1058 476
1058 478
1058 484
1058 494
1058 497
1058 500
1058 502
1058 516
1058 518
1058 531
1058 532
1058 533
1058 534
1058 540
1058 541
1058 542
1058 548
1058 549
1058 561
1058 564
1058 579
1058 583
1058 594
1058 595
1058 596
1058 597
1058 598
1058 604
1058 606
1058 608
1058 610
1058 613
1058 614
1058 625
1058 640
1058 646
1058 647
1058 651
1058 657
1058 660
1058 661
1058 662
1058 668
1058 674
1058 676
1058 677
1058 678
1058 689
1058 691
1058 692
1058 707
1058 710
1058 711
1058 715
1058 718
1058 723
1058 725
1058 726
1058 731
1058 732
1058 742
1058 743
1058 771
1058 774
1058 775
1058 779
1058 781
1058 782
1058 783
1058 787
1058 805
1058 807
1058 820
1058 839
1058 843
1058 846
1058 851
1058 853
1058 854
1058 855
1058 862
1058 864
1058 866
1058 868
1058 869
1058 870
1058 897
1058 903
1058 906
1058 907
1058 915
1058 916
1058 917
1058 918
1058 924
1058 926
1058 930
1058 934
1058 960
1058 961
1058 962
1058 964
1058 967
1058 970
1058 978
1058 980
1058 981
1058 982
1058 988
1058 990
1058 991
1058 992
1058 994
1058 997
1058 1001
1058 1009
1058 1011
1058 1014
1058 1030
1058 1031
1058 1034
1058 1035
1058 1038
1058 1043
1058 1044
1058 1045
1058 1046
1058 1052
1058 1056
1058 1061
1058 1062
1058 1076
1058 1094
1058 1095
1058 1099
1058 1102
1058 1107
1058 1108
1058 1109
1058 1110
1058 1116
1058 1122
1058 1125
1058 1126
1058 1156
1058 1158
1058 1163
1058 1166
1058 1167
1058 1171
1058 1174
1058 1180
1058 1186
1058 1188
1058 1190
1058 1191
1058 1204
1058 1216
1058 1220
1058 1223
1058 1227
1058 1235
1058 1236
1058 1237
1058 1238
1058 1246
1058 1250
1058 1252
1058 1253
1058 1269
1059 355
1059 428
1059 802
1059 867
1059 931
1059 995
1059 1123
1059 1187
1059 1251
1060 32
1060 70
1060 132
1060 146
1060 148
1060 149
1060 195
1060 196
1060 212
1060 220
1060 228
1060 259
1060 270
1060 277
1060 278
1060 292
1060 293
1060 294
1060 305
1060 351
1060 366
1060 369
1060 388
1060 394
1060 402
1060 408
1060 411
1060 420
1060 438
1060 449
1060 458
1060 472
1060 477
1060 484
1060 489
1060 494
1060 500
1060 514
1060 516
1060 530
1060 532
1060 533
1060 541
1060 561
1060 594
1060 596
1060 606
1060 608
1060 610
1060 612
1060 617
1060 640
1060 644
1060 657
1060 658
1060 670
1060 681
1060 689
1060 691
1060 724
1060 726
1060 732
1060 742
1060 771
1060 787
1060 805
1060 820
1060 855
1060 863
1060 864
1060 868
1060 897
1060 903
1060 906
1060 913
1060 930
1060 932
1060 941
1060 960
1060 962
1060 964
1060 970
1060 983
1060 984
1060 988
1060 992
1060 994
1060 996
1060 1011
1060 1031
1060 1034
1060 1052
1060 1056
1060 1061
1060 1092
1060 1108
1060 1109
1060 1110
1060 1115
1060 1116
1060 1118
1060 1124
1060 1125
1060 1139
1060 1156
1060 1158
1060 1159
1060 1163
1060 1174
1060 1180
1060 1188
1060 1216
1060 1226
1060 1234
1060 1239
1060 1250
1060 1252
1060 1269
1061 7
1061 11
1061 20
1061 150
1061 158
1061 164
1061 166
1061 167
1061 195
1061 196
1061 199
1061 205
1061 211
1061 212
1061 214
1061 222
1061 228
1061 259
1061 263
1061 267
1061 270
1061 275
1061 277
1061 278
1061 286
1061 292
1061 293
1061 294
1061 305
1061 323
1061 324
1061 340
1061 341
1061 342
1061 347
1061 351
1061 354
1061 366
1061 369
1061 388
1061 391
1061 394
1061 402
1061 404
1061 408
1061 411
1061 415
1061 418
1061 420
1061 421
1061 433
1061 435
1061 438
1061 449
1061 458
1061 472
1061 484
1061 489
1061 494
1061 497
1061 500
1061 502
1061 516
1061 518
1061 530
1061 531
1061 532
1061 533
1061 541
1061 548
1061 561
1061 564
1061 594
1061 595
1061 596
1061 597
1061 598
1061 604
1061 606
1061 608
1061 610
1061 613
1061 614
1061 625
1061 640
1061 647
1061 657
1061 660
1061 662
1061 668
1061 670
1061 674
1061 676
1061 677
1061 689
1061 691
1061 710
1061 718
1061 723
1061 725
1061 726
1061 731
1061 732
1061 742
1061 771
1061 774
1061 775
1061 779
1061 782
1061 787
1061 805
1061 820
1061 839
1061 851
1061 854
1061 855
1061 862
1061 864
1061 868
1061 869
1061 870
1061 897
1061 903
1061 906
1061 913
1061 916
1061 917
1061 918
1061 926
1061 930
1061 933
1061 960
1061 961
1061 962
1061 964
1061 970
1061 984
1061 988
1061 990
1061 991
1061 992
1061 996
1061 997
1061 1009
1061 1011
1061 1014
1061 1030
1061 1031
1061 1034
1061 1035
1061 1038
1061 1043
1061 1044
1061 1045
1061 1046
1061 1052
1061 1056
1061 1058
1061 1060
1061 1062
1061 1092
1061 1095
1061 1099
1061 1108
1061 1109
1061 1110
1061 1116
1061 1118
1061 1125
1061 1139
1061 1156
1061 1158
1061 1163
1061 1174
1061 1180
1061 1188
1061 1189
1061 1216
1061 1220
1061 1226
1061 1227
1061 1234
1061 1236
1061 1238
1061 1246
1061 1250
1061 1252
1061 1253
1061 1269
1062 11
1062 21
1062 22
1062 28
1062 71
1062 78
1062 79
1062 135
1062 139
1062 167
1062 196
1062 198
1062 199
1062 203
1062 205
1062 206
1062 207
1062 211
1062 212
1062 213
1062 214
1062 222
1062 230
1062 231
1062 259
1062 262
1062 263
1062 267
1062 269
1062 275
1062 277
1062 278
1062 286
1062 293
1062 294
1062 295
1062 323
1062 324
1062 327
1062 331
1062 339
1062 340
1062 341
1062 342
1062 347
1062 348
1062 351
1062 354
1062 356
1062 357
1062 358
1062 366
1062 369
1062 372
1062 387
1062 388
1062 391
1062 394
1062 395
1062 404
1062 405
1062 406
1062 408
1062 415
1062 418
1062 420
1062 421
1062 422
1062 433
1062 435
1062 438
1062 449
1062 451
1062 452
1062 455
1062 458
1062 459
1062 461
1062 462
1062 468
1062 470
1062 476
1062 478
1062 484
1062 485
1062 486
1062 494
1062 497
1062 500
1062 502
1062 515
1062 516
1062 518
1062 519
1062 523
1062 531
1062 532
1062 533
1062 534
1062 540
1062 541
1062 542
1062 548
1062 549
1062 551
1062 561
1062 564
1062 579
1062 583
1062 587
1062 595
1062 596
1062 597
1062 598
1062 604
1062 606
1062 608
1062 610
1062 613
1062 614
1062 615
1062 625
1062 640
1062 643
1062 646
1062 647
1062 651
1062 657
1062 660
1062 661
1062 662
1062 668
1062 674
1062 676
1062 677
1062 678
1062 689
1062 691
1062 692
1062 707
1062 710
1062 711
1062 715
1062 716
1062 717
1062 718
1062 719
1062 723
1062 725
1062 731
1062 732
1062 742
1062 743
1062 771
1062 774
1062 775
1062 779
1062 781
1062 782
1062 783
1062 787
1062 805
1062 807
1062 820
1062 835
1062 838
1062 839
1062 843
1062 846
1062 847
1062 851
1062 853
1062 854
1062 855
1062 862
1062 864
1062 868
1062 869
1062 870
1062 884
1062 903
1062 906
1062 907
1062 915
1062 916
1062 917
1062 918
1062 924
1062 926
1062 930
1062 933
1062 934
1062 948
1062 960
1062 961
1062 962
1062 964
1062 966
1062 967
1062 970
1062 971
1062 974
1062 978
1062 979
1062 980
1062 981
1062 982
1062 990
1062 991
1062 997
1062 998
1062 1001
1062 1009
1062 1014
1062 1030
1062 1031
1062 1034
1062 1035
1062 1037
1062 1038
1062 1043
1062 1044
1062 1045
1062 1046
1062 1052
1062 1056
1062 1058
1062 1061
1062 1076
1062 1091
1062 1094
1062 1095
1062 1099
1062 1102
1062 1107
1062 1108
1062 1109
1062 1110
1062 1116
1062 1125
1062 1126
1062 1140
1062 1155
1062 1156
1062 1158
1062 1163
1062 1165
1062 1166
1062 1167
1062 1171
1062 1174
1062 1188
1062 1190
1062 1191
1062 1204
1062 1216
1062 1220
1062 1222
1062 1223
1062 1227
1062 1230
1062 1235
1062 1236
1062 1237
1062 1238
1062 1246
1062 1252
1062 1253
1062 1254
1062 1255
1062 1268
1062 1269
1063 6
1063 12
1063 15
1063 19
1063 140
1063 142
1063 143
1063 198
1063 199
1063 203
1063 204
1063 205
1063 206
1063 207
1063 211
1063 213
1063 230
1063 231
1063 262
1063 267
1063 268
1063 269
1063 271
1063 286
1063 295
1063 323
1063 324
1063 326
1063 327
1063 331
1063 332
1063 333
1063 334
1063 335
1063 339
1063 341
1063 342
1063 348
1063 356
1063 357
1063 358
1063 359
1063 372
1063 387
1063 390
1063 391
1063 395
1063 396
1063 397
1063 398
1063 399
1063 403
1063 404
1063 405
1063 406
1063 421
1063 422
1063 423
1063 435
1063 451
1063 452
1063 454
1063 455
1063 459
1063 460
1063 461
1063 462
1063 463
1063 467
1063 468
1063 469
1063 470
1063 476
1063 478
1063 485
1063 486
1063 487
1063 502
1063 515
1063 518
1063 519
1063 523
1063 524
1063 525
1063 526
1063 527
1063 531
1063 534
1063 540
1063 542
1063 548
1063 549
1063 550
1063 551
1063 579
1063 582
1063 583
1063 587
1063 588
1063 589
1063 590
1063 591
1063 595
1063 597
1063 598
1063 613
1063 615
1063 643
1063 646
1063 647
1063 651
1063 652
1063 653
1063 654
1063 655
1063 659
1063 660
1063 661
1063 668
1063 674
1063 677
1063 678
1063 679
1063 692
1063 707
1063 710
1063 711
1063 715
1063 716
1063 717
1063 719
1063 723
1063 725
1063 743
1063 774
1063 780
1063 781
1063 782
1063 783
1063 807
1063 835
1063 838
1063 839
1063 843
1063 844
1063 845
1063 846
1063 847
1063 853
1063 854
1063 871
1063 884
1063 899
1063 902
1063 907
1063 908
1063 909
1063 910
1063 911
1063 915
1063 917
1063 918
1063 924
1063 926
1063 933
1063 934
1063 935
1063 948
1063 963
1063 966
1063 967
1063 971
1063 972
1063 973
1063 974
1063 975
1063 978
1063 979
1063 980
1063 981
1063 982
1063 997
1063 998
1063 999
1063 1001
1063 1009
1063 1012
1063 1027
1063 1030
1063 1035
1063 1036
1063 1037
1063 1038
1063 1039
1063 1046
1063 1076
1063 1091
1063 1094
1063 1095
1063 1100
1063 1101
1063 1102
1063 1103
1063 1107
1063 1126
1063 1127
1063 1140
1063 1155
1063 1164
1063 1165
1063 1166
1063 1167
1063 1171
1063 1190
1063 1191
1063 1204
1063 1219
1063 1222
1063 1223
1063 1227
1063 1228
1063 1229
1063 1230
1063 1231
1063 1235
1063 1237
1063 1253
1063 1254
1063 1255
1063 1268
1064 872
1064 936
1064 1000
1064 1128
1064 1192
1064 1256
1065 873
1065 887
1065 937
1065 1001
1065 1129
1065 1193
1065 1257
1065 1267
1066 45
1066 874
1066 938
1066 995
1066 1002
1066 1130
1066 1194
1066 1258
1067 875
1067 939
1067 1003
1067 1131
1067 1195
1067 1259
1068 634
1068 636
1068 876
1068 940
1068 1004
1068 1132
1068 1196
1068 1260
1069 877
1069 941
1069 1005
1069 1133
1069 1137
1069 1197
1069 1261
1070 316
1070 878
1070 942
1070 1006
1070 1134
1070 1181
1070 1198
1070 1262
1071 745
1071 879
1071 943
1071 993
1071 1007
1071 1135
1071 1199
1071 1263
1072 880
1072 944
1072 1008
1072 1136
1072 1200
1072 1264
1073 881
1073 945
1073 1009
1073 1137
1073 1201
1073 1265
1074 749
1074 882
1074 946
1074 1010
1074 1053
1074 1138
1074 1202
1074 1266
1075 883
1075 947
1075 1011
1075 1139
1075 1203
1075 1267
1076 6
1076 13
1076 14
1076 19
1076 38
1076 76
1076 134
1076 141
1076 147
1076 156
1076 198
1076 199
1076 203
1076 204
1076 205
1076 206
1076 207
1076 211
1076 213
1076 214
1076 222
1076 230
1076 231
1076 262
1076 263
1076 267
1076 268
1076 269
1076 271
1076 275
1076 286
1076 295
1076 323
1076 324
1076 326
1076 327
1076 331
1076 332
1076 333
1076 334
1076 335
1076 339
1076 340
1076 341
1076 342
1076 347
1076 348
1076 354
1076 356
1076 357
1076 358
1076 359
1076 372
1076 387
1076 390
1076 391
1076 395
1076 396
1076 397
1076 398
1076 399
1076 403
1076 404
1076 405
1076 406
1076 415
1076 418
1076 421
1076 422
1076 423
1076 433
1076 435
1076 451
1076 452
1076 454
1076 455
1076 459
1076 460
1076 461
1076 462
1076 463
1076 467
1076 468
1076 469
1076 470
1076 476
1076 478
1076 485
1076 486
1076 487
1076 494
1076 497
1076 502
1076 515
1076 518
1076 519
1076 523
1076 524
1076 525
1076 526
1076 527
1076 531
1076 534
1076 540
1076 542
1076 548
1076 549
1076 550
1076 551
1076 561
1076 564
1076 579
1076 582
1076 583
1076 587
1076 588
1076 589
1076 590
1076 591
1076 595
1076 597
1076 598
1076 604
1076 613
1076 614
1076 615
1076 625
1076 643
1076 646
1076 647
1076 651
1076 652
1076 653
1076 654
1076 655
1076 659
1076 660
1076 661
1076 662
1076 668
1076 674
1076 676
1076 677
1076 678
1076 679
1076 692
1076 707
1076 710
1076 711
1076 715
1076 716
1076 717
1076 718
1076 719
1076 723
1076 725
1076 731
1076 743
1076 774
1076 775
1076 779
1076 780
1076 781
1076 782
1076 783
1076 807
1076 835
1076 838
1076 839
1076 843
1076 844
1076 845
1076 846
1076 847
1076 851
1076 853
1076 854
1076 862
1076 868
1076 869
1076 870
1076 871
1076 884
1076 899
1076 902
1076 907
1076 908
1076 909
1076 910
1076 911
1076 915
1076 916
1076 917
1076 918
1076 924
1076 926
1076 933
1076 934
1076 935
1076 948
1076 961
1076 963
1076 966
1076 967
1076 971
1076 972
1076 973
1076 974
1076 975
1076 978
1076 979
1076 980
1076 981
1076 982
1076 990
1076 991
1076 997
1076 998
1076 999
1076 1001
1076 1009
1076 1012
1076 1014
1076 1027
1076 1030
1076 1031
1076 1035
1076 1036
1076 1037
1076 1038
1076 1039
1076 1043
1076 1044
1076 1045
1076 1046
1076 1058
1076 1062
1076 1063
1076 1091
1076 1094
1076 1095
1076 1099
1076 1100
1076 1101
1076 1102
1076 1103
1076 1107
1076 1116
1076 1126
1076 1127
1076 1140
1076 1155
1076 1164
1076 1165
1076 1166
1076 1167
1076 1171
1076 1190
1076 1191
1076 1204
1076 1219
1076 1220
1076 1222
1076 1223
1076 1227
1076 1228
1076 1229
1076 1230
1076 1231
1076 1235
1076 1236
1076 1237
1076 1238
1076 1246
1076 1252
1076 1253
1076 1254
1076 1255
1076 1268
1077 309
1077 885
1077 949
1077 1013
1077 1141
1077 1205
1077 1269
1078 886
1078 950
1078 1014
1078 1142
1078 1206
1078 1270
1079 53
1079 64
1079 887
1079 951
1079 1015
1079 1143
1079 1149
1079 1207
1079 1271
1080 272
1080 559
1080 687
1080 747
1080 888
1080 952
1080 1016
1080 1144
1080 1208
1080 1272
1080 1276
1081 889
1081 953
1081 1017
1081 1145
1081 1209
1081 1273
1082 890
1082 954
1082 1018
1082 1146
1082 1210
1082 1274
1083 891
1083 955
1083 1019
1083 1147
1083 1211
1083 1275
1084 892
1084 956
1084 1020
1084 1148
1084 1212
1084 1276
1085 168
1085 893
1085 957
1085 1018
1085 1021
1085 1149
1085 1211
1085 1213
1085 1277
1086 894
1086 958
1086 1022
1086 1150
1086 1214
1086 1278
1087 189
1087 891
1087 895
1087 959
1087 1023
1087 1151
1087 1215
1087 1279
1088 896
1088 960
1088 1024
1088 1152
1088 1216
1089 897
1089 961
1089 1025
1089 1153
1089 1217
1090 720
1090 873
1090 898
1090 962
1090 1026
1090 1154
1090 1218
1091 6
1091 13
1091 15
1091 19
1091 38
1091 76
1091 140
1091 141
1091 142
1091 143
1091 198
1091 204
1091 206
1091 207
1091 230
1091 262
1091 263
1091 267
1091 268
1091 269
1091 271
1091 286
1091 295
1091 323
1091 324
1091 326
1091 327
1091 331
1091 332
1091 333
1091 334
1091 335
1091 339
1091 340
1091 341
1091 342
1091 347
1091 348
1091 356
1091 357
1091 358
1091 359
1091 372
1091 387
1091 390
1091 391
1091 395
1091 396
1091 397
1091 398
1091 399
1091 403
1091 404
1091 405
1091 406
1091 418
1091 421
1091 422
1091 423
1091 433
1091 435
1091 451
1091 452
1091 454
1091 455
1091 459
1091 460
1091 461
1091 462
1091 463
1091 467
1091 468
1091 469
1091 470
1091 476
1091 478
1091 485
1091 486
1091 487
1091 502
1091 515
1091 518
1091 519
1091 523
1091 524
1091 525
1091 526
1091 527
1091 531
1091 534
1091 540
1091 542
1091 548
1091 549
1091 550
1091 551
1091 564
1091 579
1091 582
1091 583
1091 587
1091 588
1091 589
1091 590
1091 591
1091 595
1091 597
1091 598
1091 613
1091 615
1091 643
1091 646
1091 647
1091 651
1091 652
1091 653
1091 654
1091 655
1091 659
1091 660
1091 661
1091 662
1091 668
1091 674
1091 677
1091 678
1091 679
1091 692
1091 707
1091 710
1091 711
1091 715
1091 716
1091 717
1091 718
1091 719
1091 723
1091 725
1091 743
1091 774
1091 775
1091 779
1091 780
1091 781
1091 782
1091 783
1091 807
1091 835
1091 838
1091 839
1091 843
1091 844
1091 845
1091 846
1091 847
1091 851
1091 853
1091 854
1091 871
1091 884
1091 899
1091 902
1091 907
1091 908
1091 909
1091 910
1091 911
1091 915
1091 917
1091 918
1091 924
1091 926
1091 933
1091 934
1091 935
1091 948
1091 961
1091 963
1091 966
1091 967
1091 971
1091 972
1091 973
1091 974
1091 975
1091 978
1091 979
1091 980
1091 981
1091 982
1091 990
1091 997
1091 998
1091 999
1091 1001
1091 1009
1091 1012
1091 1014
1091 1027
1091 1030
1091 1035
1091 1036
1091 1037
1091 1038
1091 1039
1091 1045
1091 1046
1091 1062
1091 1063
1091 1076
1091 1094
1091 1095
1091 1099
1091 1100
1091 1101
1091 1102
1091 1103
1091 1107
1091 1126
1091 1127
1091 1140
1091 1155
1091 1164
1091 1165
1091 1166
1091 1167
1091 1171
1091 1190
1091 1191
1091 1204
1091 1219
1091 1222
1091 1223
1091 1227
1091 1228
1091 1229
1091 1230
1091 1231
1091 1235
1091 1237
1091 1253
1091 1254
1091 1255
1091 1268
1092 32
1092 70
1092 83
1092 132
1092 146
1092 148
1092 149
1092 195
1092 228
1092 259
1092 270
1092 278
1092 279
1092 288
1092 292
1092 293
1092 305
1092 351
1092 366
1092 369
1092 388
1092 394
1092 402
1092 408
1092 411
1092 420
1092 438
1092 458
1092 472
1092 477
1092 489
1092 514
1092 530
1092 532
1092 541
1092 594
1092 596
1092 608
1092 610
1092 612
1092 617
1092 640
1092 644
1092 657
1092 658
1092 670
1092 681
1092 689
1092 691
1092 724
1092 726
1092 728
1092 732
1092 742
1092 820
1092 855
1092 863
1092 864
1092 897
1092 900
1092 903
1092 913
1092 930
1092 932
1092 941
1092 962
1092 964
1092 970
1092 983
1092 984
1092 988
1092 992
1092 994
1092 996
1092 1011
1092 1028
1092 1034
1092 1060
1092 1061
1092 1108
1092 1109
1092 1115
1092 1118
1092 1139
1092 1156
1092 1159
1092 1163
1092 1174
1092 1180
1092 1188
1092 1217
1092 1220
1092 1226
1092 1234
1092 1239
1092 1250
1092 1269
1093 901
1093 965
1093 1029
1093 1157
1093 1221
1094 6
1094 13
1094 14
1094 19
1094 38
1094 76
1094 78
1094 79
1094 134
1094 135
1094 141
1094 147
1094 156
1094 198
1094 203
1094 205
1094 206
1094 207
1094 211
1094 213
1094 230
1094 231
1094 262
1094 263
1094 267
1094 268
1094 269
1094 271
1094 275
1094 277
1094 286
1094 294
1094 295
1094 323
1094 324
1094 326
1094 327
1094 331
1094 332
1094 333
1094 334
1094 335
1094 339
1094 340
1094 341
1094 342
1094 347
1094 348
1094 351
1094 354
1094 356
1094 357
1094 358
1094 359
1094 372
1094 387
1094 390
1094 391
1094 394
1094 395
1094 396
1094 397
1094 398
1094 399
1094 403
1094 404
1094 405
1094 406
1094 415
1094 418
1094 420
1094 421
1094 422
1094 423
1094 433
1094 435
1094 449
1094 451
1094 452
1094 454
1094 455
1094 458
1094 459
1094 461
1094 462
1094 463
1094 467
1094 468
1094 469
1094 470
1094 476
1094 478
1094 484
1094 485
1094 486
1094 487
1094 494
1094 497
1094 500
1094 502
1094 515
1094 516
1094 518
1094 519
1094 523
1094 525
1094 526
1094 527
1094 531
1094 532
1094 533
1094 534
1094 540
1094 542
1094 548
1094 549
1094 550
1094 551
1094 561
1094 564
1094 579
1094 582
1094 583
1094 587
1094 588
1094 589
1094 590
1094 595
1094 597
1094 598
1094 604
1094 606
1094 613
1094 614
1094 615
1094 625
1094 643
1094 646
1094 647
1094 651
1094 653
1094 654
1094 655
1094 659
1094 660
1094 661
1094 662
1094 668
1094 674
1094 676
1094 677
1094 678
1094 679
1094 692
1094 707
1094 710
1094 711
1094 715
1094 716
1094 717
1094 718
1094 719
1094 723
1094 725
1094 731
1094 743
1094 771
1094 774
1094 775
1094 779
1094 780
1094 781
1094 782
1094 783
1094 787
1094 805
1094 807
1094 835
1094 838
1094 839
1094 843
1094 845
1094 846
1094 847
1094 851
1094 853
1094 854
1094 862
1094 868
1094 869
1094 870
1094 871
1094 884
1094 899
1094 902
1094 906
1094 907
1094 908
1094 909
1094 910
1094 911
1094 915
1094 916
1094 917
1094 918
1094 924
1094 926
1094 933
1094 934
1094 935
1094 948
1094 960
1094 961
1094 963
1094 966
1094 967
1094 971
1094 974
1094 978
1094 979
1094 980
1094 981
1094 982
1094 990
1094 991
1094 997
1094 998
1094 1001
1094 1009
1094 1012
1094 1014
1094 1027
1094 1030
1094 1031
1094 1035
1094 1036
1094 1037
1094 1038
1094 1039
1094 1043
1094 1044
1094 1045
1094 1046
1094 1052
1094 1056
1094 1058
1094 1062
1094 1063
1094 1076
1094 1091
1094 1095
1094 1099
1094 1100
1094 1101
1094 1102
1094 1103
1094 1107
1094 1110
1094 1116
1094 1125
1094 1126
1094 1127
1094 1140
1094 1155
1094 1158
1094 1164
1094 1165
1094 1166
1094 1167
1094 1171
1094 1190
1094 1191
1094 1204
1094 1216
1094 1220
1094 1222
1094 1223
1094 1227
1094 1230
1094 1231
1094 1235
1094 1236
1094 1237
1094 1238
1094 1246
1094 1252
1094 1253
1094 1254
1094 1255
1094 1268
1094 1269
1095 13
1095 14
1095 19
1095 21
1095 22
1095 38
1095 76
1095 78
1095 79
1095 134
1095 135
1095 139
1095 141
1095 147
1095 156
1095 198
1095 199
1095 203
1095 205
1095 211
1095 213
1095 230
1095 231
1095 262
1095 263
1095 267
1095 268
1095 269
1095 275
1095 277
1095 286
1095 294
1095 295
1095 323
1095 324
1095 326
1095 327
1095 331
1095 332
1095 333
1095 334
1095 335
1095 339
1095 340
1095 341
1095 342
1095 347
1095 348
1095 351
1095 354
1095 356
1095 357
1095 358
1095 359
1095 369
1095 372
1095 387
1095 388
1095 390
1095 391
1095 394
1095 395
1095 397
1095 398
1095 399
1095 403
1095 404
1095 405
1095 406
1095 415
1095 418
1095 420
1095 421
1095 422
1095 423
1095 433
1095 435
1095 438
1095 449
1095 451
1095 452
1095 454
1095 455
1095 458
1095 459
1095 461
1095 462
1095 463
1095 467
1095 468
1095 469
1095 470
1095 476
1095 478
1095 484
1095 485
1095 486
1095 487
1095 494
1095 497
1095 500
1095 502
1095 515
1095 516
1095 518
1095 519
1095 523
1095 525
1095 526
1095 527
1095 531
1095 532
1095 533
1095 534
1095 540
1095 542
1095 548
1095 549
1095 550
1095 551
1095 561
1095 564
1095 579
1095 582
1095 583
1095 587
1095 588
1095 589
1095 590
1095 595
1095 597
1095 598
1095 604
1095 606
1095 608
1095 610
1095 613
1095 614
1095 615
1095 625
1095 643
1095 646
1095 647
1095 651
1095 653
1095 654
1095 659
1095 660
1095 661
1095 662
1095 668
1095 674
1095 676
1095 677
1095 678
1095 679
1095 692
1095 707
1095 710
1095 711
1095 715
1095 716
1095 717
1095 718
1095 719
1095 723
1095 725
1095 731
1095 732
1095 743
1095 771
1095 774
1095 775
1095 779
1095 780
1095 781
1095 782
1095 783
1095 787
1095 805
1095 807
1095 835
1095 838
1095 839
1095 843
1095 846
1095 847
1095 851
1095 853
1095 854
1095 862
1095 868
1095 869
1095 870
1095 871
1095 884
1095 899
1095 902
1095 903
1095 906
1095 907
1095 909
1095 910
1095 911
1095 915
1095 916
1095 917
1095 918
1095 924
1095 926
1095 933
1095 934
1095 935
1095 948
1095 960
1095 961
1095 966
1095 967
1095 971
1095 974
1095 978
1095 979
1095 980
1095 981
1095 982
1095 990
1095 991
1095 997
1095 998
1095 1001
1095 1009
1095 1012
1095 1014
1095 1027
1095 1030
1095 1031
1095 1034
1095 1035
1095 1036
1095 1037
1095 1038
1095 1039
1095 1043
1095 1044
1095 1045
1095 1046
1095 1052
1095 1056
1095 1058
1095 1061
1095 1062
1095 1063
1095 1076
1095 1091
1095 1094
1095 1099
1095 1100
1095 1101
1095 1102
1095 1103
1095 1107
1095 1110
1095 1116
1095 1125
1095 1126
1095 1127
1095 1140
1095 1155
1095 1158
1095 1159
1095 1163
1095 1164
1095 1165
1095 1166
1095 1167
1095 1171
1095 1190
1095 1191
1095 1204
1095 1216
1095 1220
1095 1222
1095 1223
1095 1227
1095 1230
1095 1231
1095 1235
1095 1236
1095 1237
1095 1238
1095 1246
1095 1252
1095 1253
1095 1254
1095 1255
1095 1268
1095 1269
1096 66
1096 904
1096 968
1096 1032
1096 1160
1096 1224
1097 9
1097 73
1097 133
1097 197
1097 261
1097 329
1097 393
1097 453
1097 517
1097 581
1097 628
1097 649
1097 713
1097 777
1097 837
1097 901
1097 905
1097 965
1097 969
1097 1033
1097 1161
1097 1221
1097 1225
1098 586
1098 906
1098 970
1098 1034
1098 1162
1098 1226
1099 11
1099 21
1099 22
1099 28
1099 71
1099 78
1099 79
1099 135
1099 139
1099 167
1099 199
1099 211
1099 214
1099 222
1099 259
1099 262
1099 263
1099 267
1099 269
1099 275
1099 277
1099 278
1099 286
1099 293
1099 294
1099 295
1099 323
1099 324
1099 327
1099 331
1099 339
1099 340
1099 341
1099 342
1099 347
1099 348
1099 351
1099 354
1099 356
1099 357
1099 358
1099 366
1099 369
1099 372
1099 387
1099 388
1099 391
1099 394
1099 395
1099 404
1099 406
1099 408
1099 411
1099 415
1099 418
1099 420
1099 421
1099 422
1099 433
1099 435
1099 438
1099 449
1099 451
1099 452
1099 455
1099 458
1099 459
1099 462
1099 468
1099 470
1099 476
1099 478
1099 484
1099 485
1099 494
1099 497
1099 500
1099 502
1099 516
1099 518
1099 519
1099 523
1099 531
1099 532
1099 533
1099 534
1099 540
1099 541
1099 542
1099 548
1099 549
1099 551
1099 561
1099 564
1099 579
1099 583
1099 587
1099 594
1099 595
1099 596
1099 597
1099 598
1099 604
1099 606
1099 608
1099 610
1099 613
1099 614
1099 615
1099 625
1099 640
1099 643
1099 646
1099 647
1099 651
1099 657
1099 660
1099 661
1099 662
1099 668
1099 674
1099 676
1099 677
1099 678
1099 689
1099 691
1099 692
1099 707
1099 710
1099 711
1099 715
1099 718
1099 719
1099 723
1099 725
1099 726
1099 731
1099 732
1099 742
1099 743
1099 771
1099 774
1099 775
1099 779
1099 781
1099 782
1099 783
1099 787
1099 805
1099 807
1099 820
1099 835
1099 838
1099 839
1099 843
1099 846
1099 847
1099 851
1099 853
1099 854
1099 855
1099 862
1099 864
1099 868
1099 869
1099 870
1099 884
1099 897
1099 903
1099 906
1099 907
1099 915
1099 916
1099 917
1099 918
1099 924
1099 926
1099 930
1099 933
1099 934
1099 948
1099 960
1099 961
1099 962
1099 964
1099 967
1099 970
1099 971
1099 978
1099 979
1099 980
1099 981
1099 982
1099 990
1099 991
1099 992
1099 997
1099 1001
1099 1009
1099 1011
1099 1014
1099 1030
1099 1031
1099 1034
1099 1035
1099 1037
1099 1038
1099 1043
1099 1044
1099 1045
1099 1046
1099 1052
1099 1056
1099 1058
1099 1061
1099 1062
1099 1076
1099 1091
1099 1094
1099 1095
1099 1102
1099 1107
1099 1108
1099 1109
1099 1110
1099 1116
1099 1125
1099 1126
1099 1140
1099 1155
1099 1156
1099 1158
1099 1163
1099 1166
1099 1167
1099 1171
1099 1174
1099 1180
1099 1188
1099 1190
1099 1191
1099 1204
1099 1216
1099 1220
1099 1223
1099 1227
1099 1235
1099 1236
1099 1237
1099 1238
1099 1246
1099 1252
1099 1253
1099 1254
1099 1255
1099 1268
1099 1269
1100 12
1100 15
1100 140
1100 142
1100 143
1100 204
1100 262
1100 267
1100 268
1100 269
1100 271
1100 286
1100 295
1100 326
1100 327
1100 331
1100 332
1100 333
1100 334
1100 335
1100 339
1100 341
1100 348
1100 356
1100 357
1100 358
1100 359
1100 372
1100 387
1100 390
1100 391
1100 395
1100 396
1100 397
1100 398
1100 399
1100 403
1100 404
1100 405
1100 406
1100 422
1100 423
1100 435
1100 451
1100 452
1100 454
1100 455
1100 459
1100 460
1100 461
1100 462
1100 463
1100 467
1100 468
1100 469
1100 470
1100 476
1100 478
1100 485
1100 486
1100 487
1100 515
1100 518
1100 519
1100 523
1100 524
1100 525
1100 526
1100 527
1100 534
1100 540
1100 542
1100 549
1100 550
1100 551
1100 579
1100 582
1100 583
1100 587
1100 588
1100 589
1100 590
1100 591
1100 613
1100 615
1100 643
1100 646
1100 647
1100 651
1100 652
1100 653
1100 654
1100 655
1100 659
1100 661
1100 677
1100 678
1100 679
1100 692
1100 707
1100 711
1100 715
1100 716
1100 717
1100 719
1100 723
1100 743
1100 780
1100 781
1100 782
1100 783
1100 807
1100 835
1100 838
1100 843
1100 844
1100 845
1100 846
1100 847
1100 853
1100 854
1100 871
1100 884
1100 899
1100 902
1100 907
1100 908
1100 909
1100 910
1100 911
1100 915
1100 918
1100 924
1100 926
1100 933
1100 934
1100 935
1100 948
1100 963
1100 966
1100 967
1100 971
1100 972
1100 973
1100 974
1100 975
1100 978
1100 979
1100 980
1100 981
1100 982
1100 997
1100 998
1100 999
1100 1001
1100 1012
1100 1027
1100 1036
1100 1037
1100 1038
1100 1039
1100 1063
1100 1076
1100 1091
1100 1094
1100 1095
1100 1101
1100 1102
1100 1103
1100 1107
1100 1126
1100 1127
1100 1140
1100 1155
1100 1164
1100 1165
1100 1166
1100 1167
1100 1171
1100 1190
1100 1191
1100 1204
1100 1219
1100 1222
1100 1223
1100 1227
1100 1228
1100 1229
1100 1230
1100 1231
1100 1235
1100 1237
1100 1254
1100 1255
1100 1268
1101 6
1101 12
1101 15
1101 140
1101 142
1101 143
1101 204
1101 206
1101 207
1101 262
1101 267
1101 268
1101 269
1101 271
1101 286
1101 295
1101 323
1101 324
1101 326
1101 327
1101 331
1101 332
1101 333
1101 334
1101 335
1101 339
1101 341
1101 342
1101 348
1101 356
1101 357
1101 358
1101 359
1101 372
1101 387
1101 390
1101 391
1101 395
1101 396
1101 397
1101 398
1101 399
1101 403
1101 404
1101 405
1101 406
1101 421
1101 422
1101 423
1101 435
1101 451
1101 452
1101 454
1101 455
1101 459
1101 460
1101 461
1101 462
1101 463
1101 467
1101 468
1101 469
1101 470
1101 476
1101 478
1101 485
1101 486
1101 487
1101 502
1101 515
1101 518
1101 519
1101 523
1101 524
1101 525
1101 526
1101 527
1101 531
1101 534
1101 540
1101 542
1101 548
1101 549
1101 550
1101 551
1101 579
1101 582
1101 583
1101 587
1101 588
1101 589
1101 590
1101 591
1101 595
1101 597
1101 613
1101 615
1101 643
1101 646
1101 647
1101 651
1101 652
1101 653
1101 654
1101 655
1101 659
1101 660
1101 661
1101 674
1101 677
1101 678
1101 679
1101 692
1101 707
1101 710
1101 711
1101 715
1101 716
1101 717
1101 719
1101 723
1101 725
1101 743
1101 780
1101 781
1101 782
1101 783
1101 807
1101 835
1101 838
1101 843
1101 844
1101 845
1101 846
1101 847
1101 853
1101 854
1101 871
1101 884
1101 899
1101 902
1101 907
1101 908
1101 909
1101 910
1101 911
1101 915
1101 917
1101 918
1101 924
1101 926
1101 933
1101 934
1101 935
1101 948
1101 963
1101 966
1101 967
1101 971
1101 972
1101 973
1101 974
1101 975
1101 978
1101 979
1101 980
1101 981
1101 982
1101 997
1101 998
1101 999
1101 1001
1101 1012
1101 1027
1101 1030
1101 1035
1101 1036
1101 1037
1101 1038
1101 1039
1101 1046
1101 1063
1101 1076
1101 1091
1101 1094
1101 1095
1101 1100
1101 1102
1101 1103
1101 1107
1101 1126
1101 1127
1101 1140
1101 1155
1101 1164
1101 1165
1101 1166
1101 1167
1101 1171
1101 1190
1101 1191
1101 1204
1101 1219
1101 1222
1101 1223
1101 1227
1101 1228
1101 1229
1101 1230
1101 1231
1101 1235
1101 1237
1101 1253
1101 1254
1101 1255
1101 1268
1102 6
1102 13
1102 14
1102 19
1102 38
1102 76
1102 78
1102 79
1102 134
1102 141
1102 147
1102 156
1102 198
1102 203
1102 205
1102 206
1102 207
1102 213
1102 230
1102 231
1102 262
1102 263
1102 267
1102 268
1102 269
1102 271
1102 275
1102 277
1102 286
1102 294
1102 295
1102 323
1102 324
1102 326
1102 327
1102 331
1102 332
1102 333
1102 334
1102 335
1102 339
1102 340
1102 341
1102 342
1102 347
1102 348
1102 354
1102 356
1102 357
1102 358
1102 359
1102 372
1102 387
1102 390
1102 391
1102 394
1102 395
1102 396
1102 397
1102 398
1102 399
1102 403
1102 404
1102 405
1102 406
1102 415
1102 418
1102 421
1102 422
1102 423
1102 433
1102 435
1102 449
1102 451
1102 452
1102 454
1102 455
1102 459
1102 461
1102 462
1102 463
1102 467
1102 468
1102 469
1102 470
1102 476
1102 478
1102 484
1102 485
1102 486
1102 487
1102 494
1102 497
1102 500
1102 502
1102 515
1102 516
1102 518
1102 519
1102 523
1102 524
1102 525
1102 526
1102 527
1102 531
1102 533
1102 534
1102 540
1102 542
1102 548
1102 549
1102 550
1102 551
1102 561
1102 564
1102 579
1102 582
1102 583
1102 587
1102 588
1102 589
1102 590
1102 591
1102 595
1102 597
1102 598
1102 604
1102 606
1102 613
1102 614
1102 615
1102 625
1102 643
1102 646
1102 647
1102 651
1102 652
1102 653
1102 654
1102 655
1102 659
1102 660
1102 661
1102 662
1102 668
1102 674
1102 676
1102 677
1102 678
1102 679
1102 692
1102 707
1102 710
1102 711
1102 715
1102 716
1102 717
1102 718
1102 719
1102 723
1102 725
1102 731
1102 743
1102 771
1102 774
1102 775
1102 779
1102 780
1102 781
1102 782
1102 783
1102 787
1102 805
1102 807
1102 835
1102 838
1102 839
1102 843
1102 845
1102 846
1102 847
1102 851
1102 853
1102 854
1102 862
1102 868
1102 869
1102 870
1102 871
1102 884
1102 899
1102 902
1102 906
1102 907
1102 908
1102 909
1102 910
1102 911
1102 915
1102 916
1102 917
1102 918
1102 924
1102 926
1102 933
1102 934
1102 935
1102 948
1102 960
1102 961
1102 963
1102 966
1102 967
1102 971
1102 974
1102 975
1102 978
1102 979
1102 980
1102 981
1102 982
1102 990
1102 991
1102 997
1102 998
1102 999
1102 1001
1102 1009
1102 1012
1102 1014
1102 1027
1102 1030
1102 1031
1102 1035
1102 1036
1102 1037
1102 1038
1102 1039
1102 1043
1102 1044
1102 1045
1102 1046
1102 1052
1102 1056
1102 1058
1102 1062
1102 1063
1102 1076
1102 1091
1102 1094
1102 1095
1102 1099
1102 1100
1102 1101
1102 1103
1102 1107
1102 1110
1102 1116
1102 1125
1102 1126
1102 1127
1102 1140
1102 1155
1102 1158
1102 1164
1102 1165
1102 1166
1102 1167
1102 1171
1102 1190
1102 1191
1102 1204
1102 1216
1102 1219
1102 1220
1102 1222
1102 1223
1102 1227
1102 1228
1102 1229
1102 1230
1102 1231
1102 1235
1102 1236
1102 1237
1102 1238
1102 1246
1102 1252
1102 1253
1102 1254
1102 1255
1102 1268
1102 1269
1103 12
1103 15
1103 140
1103 142
1103 143
1103 204
1103 262
1103 267
1103 268
1103 269
1103 271
1103 286
1103 295
1103 323
1103 326
1103 327
1103 331
1103 332
1103 333
1103 334
1103 335
1103 339
1103 341
1103 348
1103 356
1103 357
1103 358
1103 359
1103 372
1103 387
1103 390
1103 391
1103 395
1103 396
1103 397
1103 398
1103 399
1103 403
1103 404
1103 405
1103 406
1103 421
1103 422
1103 423
1103 435
1103 451
1103 452
1103 454
1103 455
1103 459
1103 460
1103 461
1103 462
1103 463
1103 467
1103 468
1103 469
1103 470
1103 476
1103 478
1103 485
1103 486
1103 487
1103 515
1103 518
1103 519
1103 523
1103 524
1103 525
1103 526
1103 527
1103 531
1103 534
1103 540
1103 542
1103 549
1103 550
1103 551
1103 579
1103 582
1103 583
1103 587
1103 588
1103 589
1103 590
1103 591
1103 597
1103 613
1103 615
1103 643
1103 646
1103 647
1103 651
1103 652
1103 653
1103 654
1103 655
1103 659
1103 661
1103 677
1103 678
1103 679
1103 692
1103 707
1103 710
1103 711
1103 715
1103 716
1103 717
1103 719
1103 723
1103 743
1103 780
1103 781
1103 782
1103 783
1103 807
1103 835
1103 838
1103 843
1103 844
1103 845
1103 846
1103 847
1103 853
1103 854
1103 871
1103 884
1103 899
1103 902
1103 907
1103 908
1103 909
1103 910
1103 911
1103 915
1103 918
1103 924
1103 926
1103 933
1103 934
1103 935
1103 948
1103 963
1103 966
1103 967
1103 971
1103 972
1103 973
1103 974
1103 975
1103 978
1103 979
1103 980
1103 981
1103 982
1103 997
1103 998
1103 999
1103 1001
1103 1012
1103 1027
1103 1036
1103 1037
1103 1038
1103 1039
1103 1063
1103 1076
1103 1091
1103 1094
1103 1095
1103 1100
1103 1101
1103 1102
1103 1107
1103 1126
1103 1127
1103 1140
1103 1155
1103 1164
1103 1165
1103 1166
1103 1167
1103 1171
1103 1190
1103 1191
1103 1204
1103 1219
1103 1222
1103 1223
1103 1227
1103 1228
1103 1229
1103 1230
1103 1231
1103 1235
1103 1237
1103 1254
1103 1255
1103 1268
1104 912
1104 976
1104 1040
1104 1168
1104 1232
1105 913
1105 977
1105 1041
1105 1169
1105 1233
1106 914
1106 978
1106 1042
1106 1170
1106 1234
1107 6
1107 13
1107 14
1107 19
1107 38
1107 76
1107 78
1107 79
1107 134
1107 141
1107 147
1107 156
1107 198
1107 203
1107 205
1107 206
1107 207
1107 213
1107 230
1107 231
1107 262
1107 263
1107 267
1107 268
1107 269
1107 271
1107 275
1107 277
1107 286
1107 294
1107 295
1107 323
1107 324
1107 326
1107 327
1107 331
1107 332
1107 333
1107 334
1107 335
1107 339
1107 340
1107 341
1107 342
1107 347
1107 348
1107 354
1107 356
1107 357
1107 358
1107 359
1107 372
1107 387
1107 390
1107 391
1107 394
1107 395
1107 396
1107 397
1107 398
1107 399
1107 403
1107 404
1107 405
1107 406
1107 415
1107 418
1107 421
1107 422
1107 423
1107 433
1107 435
1107 449
1107 451
1107 452
1107 454
1107 455
1107 459
1107 461
1107 462
1107 463
1107 467
1107 468
1107 469
1107 470
1107 476
1107 478
1107 484
1107 485
1107 486
1107 487
1107 494
1107 497
1107 500
1107 502
1107 515
1107 516
1107 518
1107 519
1107 523
1107 524
1107 525
1107 526
1107 527
1107 531
1107 533
1107 534
1107 540
1107 542
1107 548
1107 549
1107 550
1107 551
1107 561
1107 564
1107 579
1107 582
1107 583
1107 587
1107 588
1107 589
1107 590
1107 591
1107 595
1107 597
1107 598
1107 604
1107 606
1107 613
1107 614
1107 615
1107 625
1107 643
1107 646
1107 647
1107 651
1107 652
1107 653
1107 654
1107 655
1107 659
1107 660
1107 661
1107 662
1107 668
1107 674
1107 676
1107 677
1107 678
1107 679
1107 692
1107 707
1107 710
1107 711
1107 715
1107 716
1107 717
1107 718
1107 719
1107 723
1107 725
1107 731
1107 743
1107 771
1107 774
1107 775
1107 779
1107 780
1107 781
1107 782
1107 783
1107 787
1107 805
1107 807
1107 835
1107 838
1107 839
1107 843
1107 845
1107 846
1107 847
1107 851
1107 853
1107 854
1107 862
1107 868
1107 869
1107 870
1107 871
1107 884
1107 899
1107 902
1107 906
1107 907
1107 908
1107 909
1107 910
1107 911
1107 915
1107 916
1107 917
1107 918
1107 924
1107 926
1107 933
1107 934
1107 935
1107 948
1107 960
1107 961
1107 963
1107 966
1107 967
1107 971
1107 974
1107 975
1107 978
1107 979
1107 980
1107 981
1107 982
1107 990
1107 991
1107 997
1107 998
1107 999
1107 1001
1107 1009
1107 1012
1107 1014
1107 1027
1107 1030
1107 1031
1107 1035
1107 1036
1107 1037
1107 1038
1107 1039
1107 1043
1107 1044
1107 1045
1107 1046
1107 1052
1107 1056
1107 1058
1107 1062
1107 1063
1107 1076
1107 1091
1107 1094
1107 1095
1107 1099
1107 1100
1107 1101
1107 1102
1107 1103
1107 1110
1107 1116
1107 1125
1107 1126
1107 1127
1107 1140
1107 1155
1107 1158
1107 1164
1107 1165
1107 1166
1107 1167
1107 1171
1107 1190
1107 1191
1107 1204
1107 1216
1107 1219
1107 1220
1107 1222
1107 1223
1107 1227
1107 1228
1107 1229
1107 1230
1107 1231
1107 1235
1107 1236
1107 1237
1107 1238
1107 1246
1107 1252
1107 1253
1107 1254
1107 1255
1107 1268
1107 1269
1108 20
1108 32
1108 146
1108 148
1108 149
1108 150
1108 158
1108 164
1108 212
1108 228
1108 259
1108 263
1108 270
1108 275
1108 277
1108 278
1108 292
1108 293
1108 294
1108 305
1108 340
1108 347
1108 351
1108 354
1108 366
1108 369
1108 388
1108 394
1108 402
1108 408
1108 411
1108 415
1108 418
1108 420
1108 433
1108 438
1108 449
1108 458
1108 472
1108 484
1108 489
1108 494
1108 497
1108 500
1108 516
1108 530
1108 532
1108 533
1108 541
1108 561
1108 564
1108 594
1108 596
1108 598
1108 604
1108 606
1108 608
1108 610
1108 614
1108 617
1108 625
1108 640
1108 657
1108 662
1108 670
1108 676
1108 689
1108 691
1108 718
1108 724
1108 726
1108 731
1108 732
1108 742
1108 771
1108 775
1108 779
1108 787
1108 805
1108 820
1108 839
1108 851
1108 855
1108 862
1108 864
1108 868
1108 869
1108 870
1108 897
1108 903
1108 906
1108 913
1108 916
1108 930
1108 932
1108 941
1108 960
1108 961
1108 962
1108 964
1108 970
1108 980
1108 983
1108 984
1108 988
1108 990
1108 991
1108 992
1108 994
1108 996
1108 1011
1108 1014
1108 1031
1108 1034
1108 1043
1108 1044
1108 1045
1108 1052
1108 1056
1108 1058
1108 1060
1108 1061
1108 1062
1108 1092
1108 1099
1108 1109
1108 1110
1108 1116
1108 1118
1108 1125
1108 1139
1108 1156
1108 1158
1108 1159
1108 1163
1108 1172
1108 1174
1108 1180
1108 1188
1108 1216
1108 1220
1108 1226
1108 1234
1108 1236
1108 1238
1108 1239
1108 1246
1108 1250
1108 1252
1108 1269
1109 20
1109 32
1109 146
1109 148
1109 149
1109 150
1109 158
1109 164
1109 166
1109 196
1109 212
1109 259
1109 263
1109 270
1109 275
1109 277
1109 278
1109 292
1109 293
1109 294
1109 305
1109 340
1109 347
1109 351
1109 354
1109 366
1109 369
1109 388
1109 394
1109 402
1109 408
1109 411
1109 415
1109 418
1109 420
1109 433
1109 438
1109 449
1109 458
1109 472
1109 484
1109 489
1109 494
1109 497
1109 500
1109 516
1109 530
1109 532
1109 533
1109 541
1109 561
1109 564
1109 594
1109 596
1109 598
1109 604
1109 606
1109 608
1109 610
1109 614
1109 617
1109 625
1109 640
1109 657
1109 662
1109 668
1109 670
1109 676
1109 689
1109 691
1109 718
1109 724
1109 726
1109 731
1109 732
1109 742
1109 771
1109 774
1109 775
1109 779
1109 787
1109 805
1109 820
1109 839
1109 851
1109 855
1109 862
1109 864
1109 868
1109 869
1109 870
1109 897
1109 903
1109 906
1109 913
1109 916
1109 917
1109 930
1109 932
1109 941
1109 960
1109 961
1109 962
1109 964
1109 970
1109 981
1109 983
1109 984
1109 988
1109 990
1109 991
1109 992
1109 994
1109 996
1109 1009
1109 1011
1109 1014
1109 1031
1109 1034
1109 1043
1109 1044
1109 1045
1109 1052
1109 1056
1109 1058
1109 1060
1109 1061
1109 1062
1109 1092
1109 1099
1109 1108
1109 1110
1109 1116
1109 1118
1109 1125
1109 1139
1109 1156
1109 1158
1109 1163
1109 1173
1109 1174
1109 1180
1109 1188
1109 1216
1109 1220
1109 1226
1109 1234
1109 1236
1109 1237
1109 1238
1109 1239
1109 1246
1109 1250
1109 1252
1109 1253
1109 1269
1110 7
1110 11
1110 20
1110 28
1110 71
1110 158
1110 164
1110 166
1110 167
1110 196
1110 212
1110 214
1110 222
1110 259
1110 262
1110 263
1110 267
1110 269
1110 270
1110 275
1110 277
1110 278
1110 286
1110 292
1110 293
1110 294
1110 295
1110 323
1110 324
1110 327
1110 340
1110 341
1110 342
1110 347
1110 348
1110 351
1110 354
1110 357
1110 366
1110 369
1110 372
1110 388
1110 391
1110 394
1110 404
1110 406
1110 408
1110 411
1110 415
1110 418
1110 420
1110 421
1110 433
1110 435
1110 438
1110 449
1110 452
1110 458
1110 459
1110 462
1110 468
1110 476
1110 478
1110 484
1110 489
1110 494
1110 497
1110 500
1110 502
1110 516
1110 518
1110 531
1110 532
1110 533
1110 534
1110 540
1110 541
1110 542
1110 548
1110 561
1110 564
1110 583
1110 594
1110 595
1110 596
1110 597
1110 598
1110 604
1110 606
1110 608
1110 610
1110 613
1110 614
1110 625
1110 640
1110 647
1110 651
1110 657
1110 660
1110 662
1110 668
1110 674
1110 676
1110 677
1110 678
1110 689
1110 691
1110 692
1110 710
1110 711
1110 715
1110 718
1110 723
1110 725
1110 726
1110 731
1110 732
1110 742
1110 743
1110 771
1110 774
1110 775
1110 779
1110 782
1110 783
1110 787
1110 805
1110 820
1110 839
1110 851
1110 853
1110 854
1110 855
1110 862
1110 864
1110 868
1110 869
1110 870
1110 897
1110 903
1110 906
1110 916
1110 917
1110 918
1110 924
1110 926
1110 930
1110 934
1110 960
1110 961
1110 962
1110 964
1110 967
1110 970
1110 978
1110 980
1110 982
1110 984
1110 988
1110 990
1110 991
1110 992
1110 996
1110 997
1110 1001
1110 1009
1110 1011
1110 1014
1110 1030
1110 1031
1110 1034
1110 1035
1110 1038
1110 1043
1110 1044
1110 1045
1110 1046
1110 1052
1110 1056
1110 1058
1110 1060
1110 1061
1110 1062
1110 1094
1110 1095
1110 1099
1110 1102
1110 1107
1110 1108
1110 1109
1110 1116
1110 1125
1110 1126
1110 1139
1110 1156
1110 1158
1110 1163
1110 1166
1110 1167
1110 1171
1110 1174
1110 1180
1110 1188
1110 1190
1110 1191
1110 1216
1110 1220
1110 1227
1110 1236
1110 1237
1110 1238
1110 1246
1110 1252
1110 1253
1110 1269
1111 287
1111 919
1111 983
1111 1047
1111 1175
1111 1239
1112 920
1112 984
1112 1048
1112 1176
1112 1240
1113 52
1113 684
1113 921
1113 985
1113 1049
1113 1177
1113 1241
1113 1274
1114 922
1114 986
1114 1050
1114 1178
1114 1242
1115 37
1115 75
1115 83
1115 132
1115 220
1115 270
1115 273
1115 279
1115 288
1115 292
1115 305
1115 308
1115 402
1115 411
1115 472
1115 477
1115 489
1115 514
1115 530
1115 594
1115 612
1115 617
1115 644
1115 658
1115 670
1115 681
1115 724
1115 726
1115 728
1115 836
1115 863
1115 897
1115 903
1115 913
1115 923
1115 932
1115 941
1115 964
1115 983
1115 984
1115 987
1115 988
1115 992
1115 994
1115 996
1115 1011
1115 1051
1115 1060
1115 1092
1115 1118
1115 1139
1115 1159
1115 1179
1115 1180
1115 1217
1115 1226
1115 1234
1115 1239
1115 1243
1115 1250
1116 7
1116 11
1116 21
1116 28
1116 71
1116 139
1116 158
1116 166
1116 167
1116 196
1116 212
1116 214
1116 222
1116 259
1116 262
1116 263
1116 267
1116 269
1116 275
1116 277
1116 278
1116 286
1116 293
1116 294
1116 295
1116 323
1116 324
1116 327
1116 340
1116 341
1116 342
1116 347
1116 348
1116 351
1116 354
1116 356
1116 357
1116 366
1116 369
1116 372
1116 388
1116 391
1116 394
1116 404
1116 406
1116 408
1116 411
1116 415
1116 418
1116 420
1116 421
1116 433
1116 435
1116 438
1116 449
1116 451
1116 452
1116 458
1116 459
1116 462
1116 468
1116 476
1116 478
1116 484
1116 489
1116 494
1116 497
1116 500
1116 502
1116 516
1116 518
1116 531
1116 532
1116 533
1116 534
1116 540
1116 541
1116 542
1116 548
1116 549
1116 561
1116 564
1116 583
1116 594
1116 595
1116 596
1116 597
1116 598
1116 604
1116 606
1116 608
1116 610
1116 613
1116 614
1116 625
1116 640
1116 646
1116 647
1116 651
1116 657
1116 660
1116 661
1116 662
1116 668
1116 674
1116 676
1116 677
1116 678
1116 689
1116 691
1116 692
1116 710
1116 711
1116 715
1116 718
1116 723
1116 725
1116 726
1116 731
1116 732
1116 742
1116 743
1116 771
1116 774
1116 775
1116 779
1116 782
1116 783
1116 787
1116 805
1116 807
1116 820
1116 839
1116 843
1116 846
1116 851
1116 853
1116 854
1116 855
1116 862
1116 864
1116 868
1116 869
1116 870
1116 897
1116 903
1116 906
1116 916
1116 917
1116 918
1116 924
1116 926
1116 930
1116 934
1116 960
1116 961
1116 962
1116 964
1116 967
1116 970
1116 978
1116 980
1116 984
1116 988
1116 990
1116 991
1116 992
1116 996
1116 997
1116 1001
1116 1009
1116 1011
1116 1014
1116 1030
1116 1031
1116 1034
1116 1035
1116 1038
1116 1043
1116 1044
1116 1045
1116 1046
1116 1052
1116 1056
1116 1058
1116 1060
1116 1061
1116 1062
1116 1076
1116 1094
1116 1095
1116 1099
1116 1102
1116 1107
1116 1108
1116 1109
1116 1110
1116 1125
1116 1126
1116 1156
1116 1158
1116 1163
1116 1166
1116 1167
1116 1171
1116 1174
1116 1180
1116 1188
1116 1190
1116 1191
1116 1216
1116 1220
1116 1223
1116 1227
1116 1236
1116 1237
1116 1238
1116 1244
1116 1246
1116 1252
1116 1253
1116 1269
1117 179
1117 925
1117 989
1117 1053
1117 1181
1117 1245
1118 32
1118 70
1118 83
1118 132
1118 146
1118 148
1118 149
1118 195
1118 228
1118 259
1118 270
1118 278
1118 279
1118 288
1118 292
1118 293
1118 305
1118 366
1118 369
1118 388
1118 402
1118 408
1118 411
1118 420
1118 438
1118 458
1118 472
1118 477
1118 489
1118 514
1118 530
1118 532
1118 541
1118 594
1118 596
1118 608
1118 610
1118 612
1118 617
1118 640
1118 644
1118 657
1118 658
1118 670
1118 681
1118 689
1118 691
1118 724
1118 726
1118 728
1118 732
1118 742
1118 820
1118 855
1118 863
1118 864
1118 897
1118 903
1118 913
1118 926
1118 930
1118 932
1118 941
1118 962
1118 964
1118 970
1118 983
1118 984
1118 988
1118 990
1118 992
1118 994
1118 996
1118 1011
1118 1034
1118 1054
1118 1060
1118 1061
1118 1092
1118 1108
1118 1109
1118 1115
1118 1139
1118 1156
1118 1159
1118 1163
1118 1174
1118 1180
1118 1182
1118 1188
1118 1217
1118 1226
1118 1234
1118 1239
1118 1246
1118 1250
1119 663
1119 927
1119 991
1119 1055
1119 1183
1119 1247
1120 928
1120 992
1120 1056
1120 1184
1120 1248
1121 93
1121 712
1121 881
1121 929
1121 993
1121 1057
1121 1150
1121 1185
1121 1249
1122 325
1122 930
1122 994
1122 1058
1122 1186
1122 1250
1123 291
1123 424
1123 931
1123 995
1123 1059
1123 1187
1123 1251
1124 505
1124 932
1124 996
1124 1060
1124 1188
1124 1252
1125 7
1125 11
1125 20
1125 28
1125 71
1125 158
1125 164
1125 166
1125 167
1125 196
1125 212
1125 214
1125 222
1125 259
1125 262
1125 263
1125 267
1125 269
1125 270
1125 275
1125 277
1125 278
1125 286
1125 292
1125 293
1125 294
1125 295
1125 323
1125 324
1125 327
1125 340
1125 341
1125 342
1125 347
1125 348
1125 351
1125 354
1125 357
1125 366
1125 369
1125 372
1125 388
1125 391
1125 394
1125 404
1125 406
1125 408
1125 411
1125 415
1125 418
1125 420
1125 421
1125 433
1125 435
1125 438
1125 449
1125 452
1125 458
1125 459
1125 462
1125 468
1125 476
1125 478
1125 484
1125 489
1125 494
1125 497
1125 500
1125 502
1125 516
1125 518
1125 531
1125 532
1125 533
1125 534
1125 540
1125 541
1125 542
1125 548
1125 549
1125 561
1125 564
1125 583
1125 594
1125 595
1125 596
1125 597
1125 598
1125 604
1125 606
1125 608
1125 610
1125 613
1125 614
1125 625
1125 640
1125 646
1125 647
1125 651
1125 657
1125 660
1125 662
1125 668
1125 674
1125 676
1125 677
1125 678
1125 689
1125 691
1125 692
1125 710
1125 711
1125 715
1125 718
1125 723
1125 725
1125 726
1125 731
1125 732
1125 742
1125 743
1125 771
1125 774
1125 775
1125 779
1125 782
1125 783
1125 787
1125 805
1125 807
1125 820
1125 839
1125 843
1125 851
1125 853
1125 854
1125 855
1125 862
1125 864
1125 868
1125 869
1125 870
1125 897
1125 903
1125 906
1125 916
1125 917
1125 918
1125 924
1125 926
1125 930
1125 933
1125 934
1125 960
1125 961
1125 962
1125 964
1125 967
1125 970
1125 978
1125 980
1125 984
1125 988
1125 990
1125 991
1125 992
1125 996
1125 997
1125 1001
1125 1009
1125 1011
1125 1014
1125 1030
1125 1031
1125 1034
1125 1035
1125 1038
1125 1043
1125 1044
1125 1045
1125 1046
1125 1052
1125 1056
1125 1058
1125 1060
1125 1061
1125 1062
1125 1094
1125 1095
1125 1099
1125 1102
1125 1107
1125 1108
1125 1109
1125 1110
1125 1116
1125 1126
1125 1156
1125 1158
1125 1163
1125 1166
1125 1167
1125 1171
1125 1174
1125 1180
1125 1188
1125 1189
1125 1190
1125 1191
1125 1216
1125 1220
1125 1227
1125 1236
1125 1237
1125 1238
1125 1246
1125 1252
1125 1253
1125 1269
1126 6
1126 13
1126 14
1126 19
1126 38
1126 76
1126 78
1126 134
1126 141
1126 147
1126 156
1126 198
1126 203
1126 205
1126 206
1126 207
1126 213
1126 230
1126 231
1126 262
1126 263
1126 267
1126 268
1126 269
1126 271
1126 275
1126 286
1126 294
1126 295
1126 323
1126 324
1126 326
1126 327
1126 331
1126 332
1126 333
1126 334
1126 335
1126 339
1126 340
1126 341
1126 342
1126 347
1126 348
1126 354
1126 356
1126 357
1126 358
1126 359
1126 372
1126 387
1126 390
1126 391
1126 395
1126 396
1126 397
1126 398
1126 399
1126 403
1126 404
1126 405
1126 406
1126 415
1126 418
1126 421
1126 422
1126 423
1126 433
1126 435
1126 451
1126 452
1126 454
1126 455
1126 459
1126 461
1126 462
1126 463
1126 467
1126 468
1126 469
1126 470
1126 476
1126 478
1126 484
1126 485
1126 486
1126 487
1126 494
1126 497
1126 500
1126 502
1126 515
1126 516
1126 518
1126 519
1126 523
1126 524
1126 525
1126 526
1126 527
1126 531
1126 533
1126 534
1126 540
1126 542
1126 548
1126 549
1126 550
1126 551
1126 561
1126 564
1126 579
1126 582
1126 583
1126 587
1126 588
1126 589
1126 590
1126 591
1126 595
1126 597
1126 598
1126 604
1126 606
1126 613
1126 614
1126 615
1126 625
1126 643
1126 646
1126 647
1126 651
1126 652
1126 653
1126 654
1126 655
1126 659
1126 660
1126 661
1126 662
1126 668
1126 674
1126 676
1126 677
1126 678
1126 679
1126 692
1126 707
1126 710
1126 711
1126 715
1126 716
1126 717
1126 718
1126 719
1126 723
1126 725
1126 731
1126 743
1126 771
1126 774
1126 775
1126 779
1126 780
1126 781
1126 782
1126 783
1126 787
1126 805
1126 807
1126 835
1126 838
1126 839
1126 843
1126 845
1126 846
1126 847
1126 851
1126 853
1126 854
1126 862
1126 868
1126 869
1126 870
1126 871
1126 884
1126 899
1126 902
1126 907
1126 908
1126 909
1126 910
1126 911
1126 915
1126 916
1126 917
1126 918
1126 924
1126 926
1126 933
1126 934
1126 935
1126 948
1126 960
1126 961
1126 963
1126 966
1126 967
1126 971
1126 972
1126 974
1126 975
1126 978
1126 979
1126 980
1126 981
1126 982
1126 990
1126 991
1126 997
1126 998
1126 999
1126 1001
1126 1009
1126 1012
1126 1014
1126 1027
1126 1030
1126 1031
1126 1035
1126 1036
1126 1037
1126 1038
1126 1039
1126 1043
1126 1044
1126 1045
1126 1046
1126 1052
1126 1056
1126 1058
1126 1062
1126 1063
1126 1076
1126 1091
1126 1094
1126 1095
1126 1099
1126 1100
1126 1101
1126 1102
1126 1103
1126 1107
1126 1110
1126 1116
1126 1125
1126 1127
1126 1140
1126 1155
1126 1158
1126 1164
1126 1165
1126 1166
1126 1167
1126 1171
1126 1190
1126 1191
1126 1204
1126 1216
1126 1219
1126 1220
1126 1222
1126 1223
1126 1227
1126 1228
1126 1229
1126 1230
1126 1231
1126 1235
1126 1236
1126 1237
1126 1238
1126 1246
1126 1252
1126 1253
1126 1254
1126 1255
1126 1268
1127 6
1127 12
1127 15
1127 19
1127 140
1127 142
1127 143
1127 204
1127 206
1127 207
1127 230
1127 262
1127 267
1127 268
1127 269
1127 271
1127 286
1127 295
1127 323
1127 324
1127 326
1127 327
1127 331
1127 332
1127 333
1127 334
1127 335
1127 339
1127 341
1127 342
1127 348
1127 356
1127 357
1127 358
1127 359
1127 372
1127 387
1127 390
1127 391
1127 395
1127 396
1127 397
1127 398
1127 399
1127 403
1127 404
1127 405
1127 406
1127 421
1127 422
1127 423
1127 433
1127 435
1127 451
1127 452
1127 454
1127 455
1127 459
1127 460
1127 461
1127 462
1127 463
1127 467
1127 468
1127 469
1127 470
1127 476
1127 478
1127 485
1127 486
1127 487
1127 502
1127 515
1127 518
1127 519
1127 523
1127 524
1127 525
1127 526
1127 527
1127 531
1127 534
1127 540
1127 542
1127 548
1127 549
1127 550
1127 551
1127 579
1127 582
1127 583
1127 587
1127 588
1127 589
1127 590
1127 591
1127 595
1127 597
1127 598
1127 613
1127 615
1127 643
1127 646
1127 647
1127 651
1127 652
1127 653
1127 654
1127 655
1127 659
1127 660
1127 661
1127 662
1127 668
1127 674
1127 677
1127 678
1127 679
1127 692
1127 707
1127 710
1127 711
1127 715
1127 716
1127 717
1127 719
1127 723
1127 725
1127 743
1127 774
1127 775
1127 780
1127 781
1127 782
1127 783
1127 807
1127 835
1127 838
1127 839
1127 843
1127 844
1127 845
1127 846
1127 847
1127 853
1127 854
1127 871
1127 884
1127 899
1127 902
1127 907
1127 908
1127 909
1127 910
1127 911
1127 915
1127 917
1127 918
1127 924
1127 926
1127 933
1127 934
1127 935
1127 948
1127 961
1127 963
1127 966
1127 967
1127 971
1127 972
1127 973
1127 974
1127 975
1127 978
1127 979
1127 980
1127 981
1127 982
1127 990
1127 997
1127 998
1127 999
1127 1001
1127 1009
1127 1012
1127 1014
1127 1027
1127 1030
1127 1035
1127 1036
1127 1037
1127 1038
1127 1039
1127 1046
1127 1063
1127 1076
1127 1091
1127 1094
1127 1095
1127 1100
1127 1101
1127 1102
1127 1103
1127 1107
1127 1126
1127 1140
1127 1155
1127 1164
1127 1165
1127 1166
1127 1167
1127 1171
1127 1190
1127 1191
1127 1204
1127 1219
1127 1222
1127 1223
1127 1227
1127 1228
1127 1229
1127 1230
1127 1231
1127 1235
1127 1237
1127 1253
1127 1254
1127 1255
1127 1268
1128 700
1128 936
1128 1000
1128 1064
1128 1192
1128 1256
1129 520
1129 937
1129 1001
1129 1065
1129 1193
1129 1257
1130 721
1130 938
1130 1002
1130 1055
1130 1066
1130 1194
1130 1258
1130 1270
1131 939
1131 1003
1131 1067
1131 1147
1131 1195
1131 1259
1132 940
1132 1004
1132 1068
1132 1193
1132 1196
1132 1260
1133 900
1133 941
1133 1005
1133 1069
1133 1197
1133 1261
1134 937
1134 942
1134 1006
1134 1070
1134 1198
1134 1262
1135 943
1135 1007
1135 1071
1135 1199
1135 1263
1136 944
1136 1008
1136 1072
1136 1200
1136 1264
1137 945
1137 1009
1137 1069
1137 1073
1137 1201
1137 1265
1138 946
1138 1010
1138 1074
1138 1202
1138 1266
1139 32
1139 70
1139 83
1139 132
1139 146
1139 148
1139 149
1139 195
1139 228
1139 259
1139 270
1139 277
1139 278
1139 288
1139 292
1139 293
1139 305
1139 351
1139 366
1139 369
1139 388
1139 394
1139 402
1139 408
1139 411
1139 420
1139 438
1139 449
1139 458
1139 472
1139 477
1139 484
1139 489
1139 500
1139 514
1139 516
1139 530
1139 532
1139 541
1139 594
1139 596
1139 608
1139 610
1139 612
1139 617
1139 640
1139 644
1139 657
1139 658
1139 670
1139 681
1139 689
1139 691
1139 724
1139 726
1139 732
1139 742
1139 787
1139 805
1139 820
1139 855
1139 863
1139 864
1139 897
1139 903
1139 906
1139 913
1139 930
1139 932
1139 941
1139 947
1139 962
1139 964
1139 970
1139 983
1139 984
1139 988
1139 992
1139 994
1139 996
1139 1011
1139 1034
1139 1056
1139 1060
1139 1061
1139 1075
1139 1092
1139 1108
1139 1109
1139 1110
1139 1115
1139 1118
1139 1156
1139 1158
1139 1159
1139 1163
1139 1174
1139 1180
1139 1188
1139 1203
1139 1217
1139 1226
1139 1234
1139 1239
1139 1250
1139 1267
1139 1269
1140 6
1140 13
1140 15
1140 19
1140 38
1140 76
1140 140
1140 141
1140 142
1140 143
1140 198
1140 204
1140 206
1140 207
1140 230
1140 262
1140 263
1140 267
1140 268
1140 269
1140 271
1140 286
1140 295
1140 323
1140 324
1140 326
1140 327
1140 331
1140 332
1140 333
1140 334
1140 335
1140 339
1140 340
1140 341
1140 342
1140 347
1140 348
1140 356
1140 357
1140 358
1140 359
1140 372
1140 387
1140 390
1140 391
1140 395
1140 396
1140 397
1140 398
1140 399
1140 403
1140 404
1140 405
1140 406
1140 418
1140 421
1140 422
1140 423
1140 433
1140 435
1140 451
1140 452
1140 454
1140 455
1140 459
1140 460
1140 461
1140 462
1140 463
1140 467
1140 468
1140 469
1140 470
1140 476
1140 478
1140 485
1140 486
1140 487
1140 502
1140 515
1140 518
1140 519
1140 523
1140 524
1140 525
1140 526
1140 527
1140 531
1140 534
1140 540
1140 542
1140 548
1140 549
1140 550
1140 551
1140 564
1140 579
1140 582
1140 583
1140 587
1140 588
1140 589
1140 590
1140 591
1140 595
1140 597
1140 598
1140 613
1140 615
1140 643
1140 646
1140 647
1140 651
1140 652
1140 653
1140 654
1140 655
1140 659
1140 660
1140 661
1140 662
1140 668
1140 674
1140 677
1140 678
1140 679
1140 692
1140 707
1140 710
1140 711
1140 715
1140 716
1140 717
1140 718
1140 719
1140 723
1140 725
1140 743
1140 774
1140 775
1140 779
1140 780
1140 781
1140 782
1140 783
1140 807
1140 835
1140 838
1140 839
1140 843
1140 844
1140 845
1140 846
1140 847
1140 851
1140 853
1140 854
1140 871
1140 884
1140 899
1140 902
1140 907
1140 908
1140 909
1140 910
1140 911
1140 915
1140 917
1140 918
1140 924
1140 926
1140 933
1140 934
1140 935
1140 948
1140 961
1140 963
1140 966
1140 967
1140 971
1140 972
1140 973
1140 974
1140 975
1140 978
1140 979
1140 980
1140 981
1140 982
1140 990
1140 997
1140 998
1140 999
1140 1001
1140 1009
1140 1012
1140 1014
1140 1027
1140 1030
1140 1035
1140 1036
1140 1037
1140 1038
1140 1039
1140 1045
1140 1046
1140 1062
1140 1063
1140 1076
1140 1091
1140 1094
1140 1095
1140 1099
1140 1100
1140 1101
1140 1102
1140 1103
1140 1107
1140 1126
1140 1127
1140 1155
1140 1164
1140 1165
1140 1166
1140 1167
1140 1171
1140 1190
1140 1191
1140 1204
1140 1219
1140 1222
1140 1223
1140 1227
1140 1228
1140 1229
1140 1230
1140 1231
1140 1235
1140 1237
1140 1253
1140 1254
1140 1255
1140 1268
1141 116
1141 552
1141 949
1141 1013
1141 1077
1141 1205
1141 1269
1142 950
1142 951
1142 1014
1142 1078
1142 1206
1142 1270
1143 799
1143 951
1143 1015
1143 1079
1143 1207
1143 1271
1144 952
1144 1016
1144 1080
1144 1208
1144 1272
1145 105
1145 506
1145 953
1145 1017
1145 1081
1145 1209
1145 1273
1146 81
1146 954
1146 1018
1146 1082
1146 1210
1146 1274
1147 955
1147 1019
1147 1083
1147 1131
1147 1211
1147 1275
1148 109
1148 795
1148 877
1148 954
1148 956
1148 1020
1148 1084
1148 1212
1148 1276
1149 53
1149 64
1149 957
1149 1021
1149 1079
1149 1085
1149 1213
1149 1277
1150 93
1150 712
1150 881
1150 958
1150 1022
1150 1086
1150 1121
1150 1214
1150 1278
1151 959
1151 1023
1151 1087
1151 1215
1151 1279
1152 960
1152 1024
1152 1088
1152 1169
1152 1216
1153 546
1153 961
1153 1025
1153 1089
1153 1217
1154 962
1154 1026
1154 1090
1154 1218
1155 6
1155 13
1155 14
1155 19
1155 38
1155 76
1155 141
1155 142
1155 143
1155 147
1155 198
1155 203
1155 206
1155 207
1155 230
1155 231
1155 262
1155 269
1155 323
1155 324
1155 326
1155 327
1155 331
1155 332
1155 333
1155 334
1155 335
1155 339
1155 340
1155 341
1155 342
1155 347
1155 348
1155 356
1155 357
1155 358
1155 359
1155 372
1155 387
1155 390
1155 391
1155 395
1155 396
1155 397
1155 398
1155 399
1155 403
1155 404
1155 405
1155 406
1155 418
1155 421
1155 422
1155 423
1155 433
1155 435
1155 451
1155 452
1155 454
1155 455
1155 459
1155 460
1155 461
1155 462
1155 463
1155 467
1155 468
1155 469
1155 470
1155 476
1155 478
1155 485
1155 486
1155 487
1155 497
1155 502
1155 515
1155 518
1155 519
1155 523
1155 524
1155 525
1155 526
1155 527
1155 531
1155 534
1155 540
1155 542
1155 548
1155 549
1155 550
1155 551
1155 564
1155 579
1155 582
1155 583
1155 587
1155 588
1155 589
1155 590
1155 591
1155 595
1155 597
1155 598
1155 613
1155 614
1155 615
1155 625
1155 643
1155 646
1155 647
1155 651
1155 652
1155 653
1155 654
1155 655
1155 659
1155 660
1155 661
1155 662
1155 668
1155 674
1155 677
1155 678
1155 679
1155 692
1155 707
1155 710
1155 711
1155 715
1155 716
1155 717
1155 718
1155 719
1155 723
1155 725
1155 731
1155 743
1155 774
1155 775
1155 779
1155 780
1155 781
1155 782
1155 783
1155 807
1155 835
1155 838
1155 839
1155 843
1155 844
1155 845
1155 846
1155 847
1155 851
1155 853
1155 854
1155 862
1155 868
1155 871
1155 884
1155 899
1155 902
1155 907
1155 908
1155 909
1155 910
1155 911
1155 915
1155 916
1155 917
1155 918
1155 924
1155 926
1155 933
1155 934
1155 935
1155 948
1155 961
1155 963
1155 966
1155 967
1155 971
1155 972
1155 973
1155 974
1155 975
1155 978
1155 979
1155 980
1155 981
1155 982
1155 990
1155 997
1155 998
1155 999
1155 1001
1155 1009
1155 1012
1155 1014
1155 1027
1155 1030
1155 1035
1155 1036
1155 1037
1155 1038
1155 1039
1155 1043
1155 1044
1155 1045
1155 1046
1155 1062
1155 1063
1155 1076
1155 1091
1155 1094
1155 1095
1155 1099
1155 1100
1155 1101
1155 1102
1155 1103
1155 1107
1155 1126
1155 1127
1155 1140
1155 1164
1155 1165
1155 1166
1155 1167
1155 1171
1155 1190
1155 1191
1155 1204
1155 1219
1155 1220
1155 1222
1155 1223
1155 1227
1155 1228
1155 1229
1155 1230
1155 1231
1155 1235
1155 1236
1155 1237
1155 1238
1155 1252
1155 1253
1155 1254
1155 1255
1155 1268
1156 20
1156 32
1156 146
1156 148
1156 149
1156 150
1156 158
1156 164
1156 196
1156 212
1156 228
1156 259
1156 278
1156 293
1156 340
1156 347
1156 351
1156 354
1156 366
1156 369
1156 388
1156 394
1156 402
1156 408
1156 411
1156 415
1156 418
1156 420
1156 433
1156 438
1156 449
1156 458
1156 472
1156 484
1156 489
1156 494
1156 497
1156 500
1156 516
1156 530
1156 532
1156 533
1156 541
1156 561
1156 564
1156 594
1156 596
1156 598
1156 604
1156 606
1156 608
1156 610
1156 614
1156 617
1156 625
1156 640
1156 657
1156 662
1156 668
1156 670
1156 676
1156 689
1156 691
1156 718
1156 724
1156 726
1156 731
1156 732
1156 742
1156 771
1156 774
1156 775
1156 779
1156 787
1156 805
1156 820
1156 839
1156 851
1156 855
1156 862
1156 864
1156 868
1156 869
1156 870
1156 897
1156 903
1156 906
1156 913
1156 916
1156 930
1156 932
1156 941
1156 960
1156 961
1156 962
1156 964
1156 970
1156 983
1156 984
1156 988
1156 990
1156 991
1156 992
1156 994
1156 996
1156 1011
1156 1014
1156 1028
1156 1031
1156 1034
1156 1043
1156 1044
1156 1045
1156 1052
1156 1056
1156 1058
1156 1060
1156 1061
1156 1062
1156 1092
1156 1099
1156 1108
1156 1109
1156 1110
1156 1116
1156 1118
1156 1125
1156 1139
1156 1158
1156 1159
1156 1163
1156 1174
1156 1180
1156 1188
1156 1216
1156 1220
1156 1226
1156 1234
1156 1236
1156 1238
1156 1239
1156 1246
1156 1250
1156 1252
1156 1269
1157 41
1157 430
1157 965
1157 1029
1157 1093
1157 1221
1158 7
1158 11
1158 20
1158 28
1158 71
1158 158
1158 164
1158 166
1158 167
1158 196
1158 212
1158 214
1158 222
1158 263
1158 275
1158 277
1158 293
1158 294
1158 323
1158 324
1158 327
1158 340
1158 341
1158 342
1158 347
1158 348
1158 351
1158 354
1158 357
1158 366
1158 369
1158 372
1158 388
1158 391
1158 394
1158 404
1158 406
1158 408
1158 411
1158 415
1158 418
1158 420
1158 421
1158 433
1158 435
1158 438
1158 449
1158 452
1158 458
1158 459
1158 462
1158 468
1158 476
1158 478
1158 484
1158 489
1158 494
1158 497
1158 500
1158 502
1158 516
1158 518
1158 531
1158 532
1158 533
1158 534
1158 540
1158 541
1158 542
1158 548
1158 549
1158 561
1158 564
1158 583
1158 594
1158 595
1158 596
1158 597
1158 598
1158 604
1158 606
1158 608
1158 610
1158 613
1158 614
1158 625
1158 640
1158 647
1158 651
1158 657
1158 660
1158 662
1158 668
1158 674
1158 676
1158 677
1158 678
1158 689
1158 691
1158 692
1158 710
1158 711
1158 715
1158 718
1158 723
1158 725
1158 726
1158 731
1158 732
1158 742
1158 743
1158 771
1158 774
1158 775
1158 779
1158 782
1158 783
1158 787
1158 805
1158 820
1158 839
1158 843
1158 851
1158 853
1158 854
1158 855
1158 862
1158 864
1158 868
1158 869
1158 870
1158 897
1158 903
1158 906
1158 916
1158 917
1158 918
1158 924
1158 926
1158 930
1158 934
1158 960
1158 961
1158 962
1158 964
1158 966
1158 967
1158 970
1158 978
1158 980
1158 984
1158 988
1158 990
1158 991
1158 992
1158 996
1158 997
1158 1001
1158 1009
1158 1011
1158 1014
1158 1030
1158 1031
1158 1034
1158 1035
1158 1038
1158 1043
1158 1044
1158 1045
1158 1046
1158 1052
1158 1056
1158 1058
1158 1060
1158 1061
1158 1062
1158 1094
1158 1095
1158 1099
1158 1102
1158 1107
1158 1108
1158 1109
1158 1110
1158 1116
1158 1125
1158 1126
1158 1139
1158 1156
1158 1163
1158 1166
1158 1167
1158 1171
1158 1174
1158 1180
1158 1188
1158 1190
1158 1191
1158 1216
1158 1220
1158 1222
1158 1227
1158 1236
1158 1237
1158 1238
1158 1246
1158 1252
1158 1253
1158 1269
1159 37
1159 75
1159 83
1159 132
1159 220
1159 402
1159 411
1159 472
1159 477
1159 489
1159 514
1159 530
1159 594
1159 612
1159 617
1159 644
1159 658
1159 670
1159 681
1159 724
1159 726
1159 728
1159 836
1159 863
1159 897
1159 903
1159 913
1159 932
1159 941
1159 964
1159 967
1159 983
1159 984
1159 988
1159 992
1159 994
1159 996
1159 1011
1159 1031
1159 1060
1159 1092
1159 1095
1159 1108
1159 1115
1159 1118
1159 1139
1159 1156
1159 1180
1159 1217
1159 1223
1159 1226
1159 1234
1159 1239
1159 1250
1160 968
1160 1032
1160 1096
1160 1224
1161 9
1161 73
1161 133
1161 197
1161 261
1161 329
1161 393
1161 453
1161 517
1161 581
1161 628
1161 649
1161 713
1161 777
1161 837
1161 901
1161 965
1161 969
1161 1033
1161 1097
1161 1221
1161 1225
1162 225
1162 373
1162 504
1162 970
1162 1034
1162 1098
1162 1226
1163 7
1163 11
1163 20
1163 150
1163 158
1163 164
1163 166
1163 167
1163 196
1163 212
1163 259
1163 277
1163 278
1163 293
1163 294
1163 323
1163 324
1163 340
1163 341
1163 342
1163 347
1163 351
1163 354
1163 366
1163 369
1163 388
1163 391
1163 394
1163 402
1163 404
1163 408
1163 411
1163 415
1163 418
1163 420
1163 421
1163 433
1163 435
1163 438
1163 449
1163 458
1163 472
1163 484
1163 489
1163 494
1163 497
1163 500
1163 502
1163 516
1163 518
1163 530
1163 531
1163 532
1163 533
1163 541
1163 548
1163 561
1163 564
1163 594
1163 595
1163 596
1163 597
1163 598
1163 604
1163 606
1163 608
1163 610
1163 613
1163 614
1163 625
1163 640
1163 647
1163 657
1163 660
1163 662
1163 668
1163 670
1163 674
1163 676
1163 677
1163 689
1163 691
1163 710
1163 718
1163 723
1163 725
1163 726
1163 731
1163 732
1163 742
1163 771
1163 774
1163 775
1163 779
1163 782
1163 787
1163 805
1163 820
1163 839
1163 851
1163 854
1163 855
1163 862
1163 864
1163 868
1163 869
1163 870
1163 897
1163 903
1163 906
1163 913
1163 916
1163 917
1163 918
1163 926
1163 930
1163 960
1163 961
1163 962
1163 964
1163 970
1163 971
1163 984
1163 988
1163 990
1163 991
1163 992
1163 996
1163 1009
1163 1011
1163 1014
1163 1030
1163 1031
1163 1034
1163 1035
1163 1038
1163 1043
1163 1044
1163 1045
1163 1046
1163 1052
1163 1056
1163 1058
1163 1060
1163 1061
1163 1062
1163 1092
1163 1095
1163 1099
1163 1108
1163 1109
1163 1110
1163 1116
1163 1118
1163 1125
1163 1139
1163 1156
1163 1158
1163 1174
1163 1180
1163 1188
1163 1216
1163 1220
1163 1226
1163 1227
1163 1234
1163 1236
1163 1238
1163 1246
1163 1250
1163 1252
1163 1253
1163 1269
1164 12
1164 15
1164 140
1164 142
1164 143
1164 204
1164 268
1164 271
1164 326
1164 327
1164 331
1164 332
1164 333
1164 334
1164 335
1164 339
1164 341
1164 348
1164 356
1164 357
1164 358
1164 359
1164 372
1164 387
1164 390
1164 391
1164 395
1164 396
1164 397
1164 398
1164 399
1164 403
1164 405
1164 406
1164 422
1164 423
1164 435
1164 451
1164 452
1164 454
1164 455
1164 459
1164 460
1164 461
1164 462
1164 463
1164 467
1164 468
1164 469
1164 470
1164 476
1164 478
1164 485
1164 486
1164 487
1164 515
1164 518
1164 519
1164 523
1164 524
1164 525
1164 526
1164 527
1164 534
1164 540
1164 542
1164 549
1164 550
1164 551
1164 579
1164 582
1164 583
1164 587
1164 588
1164 589
1164 590
1164 591
1164 615
1164 643
1164 646
1164 651
1164 652
1164 653
1164 654
1164 655
1164 659
1164 661
1164 678
1164 679
1164 692
1164 707
1164 711
1164 715
1164 716
1164 717
1164 719
1164 743
1164 780
1164 781
1164 782
1164 783
1164 807
1164 835
1164 838
1164 843
1164 844
1164 845
1164 846
1164 847
1164 853
1164 854
1164 871
1164 884
1164 899
1164 902
1164 907
1164 908
1164 909
1164 910
1164 911
1164 915
1164 924
1164 933
1164 934
1164 935
1164 948
1164 963
1164 966
1164 967
1164 971
1164 972
1164 973
1164 974
1164 975
1164 978
1164 979
1164 980
1164 981
1164 982
1164 997
1164 998
1164 999
1164 1001
1164 1012
1164 1027
1164 1036
1164 1037
1164 1038
1164 1039
1164 1063
1164 1076
1164 1091
1164 1094
1164 1095
1164 1100
1164 1101
1164 1102
1164 1103
1164 1107
1164 1126
1164 1127
1164 1140
1164 1155
1164 1165
1164 1166
1164 1167
1164 1171
1164 1190
1164 1191
1164 1204
1164 1219
1164 1222
1164 1223
1164 1228
1164 1229
1164 1230
1164 1231
1164 1235
1164 1237
1164 1254
1164 1255
1164 1268
1165 6
1165 15
1165 19
1165 140
1165 142
1165 143
1165 198
1165 204
1165 206
1165 207
1165 230
1165 262
1165 268
1165 323
1165 324
1165 326
1165 327
1165 331
1165 332
1165 333
1165 334
1165 335
1165 339
1165 341
1165 342
1165 347
1165 348
1165 356
1165 357
1165 358
1165 359
1165 372
1165 387
1165 390
1165 391
1165 395
1165 396
1165 397
1165 398
1165 399
1165 403
1165 404
1165 405
1165 406
1165 421
1165 422
1165 423
1165 433
1165 435
1165 451
1165 452
1165 454
1165 455
1165 459
1165 460
1165 461
1165 462
1165 463
1165 467
1165 468
1165 469
1165 470
1165 476
1165 478
1165 485
1165 486
1165 487
1165 502
1165 515
1165 518
1165 519
1165 523
1165 524
1165 525
1165 526
1165 527
1165 531
1165 534
1165 540
1165 542
1165 548
1165 549
1165 550
1165 551
1165 579
1165 582
1165 583
1165 587
1165 588
1165 589
1165 590
1165 591
1165 595
1165 597
1165 598
1165 613
1165 615
1165 643
1165 646
1165 647
1165 651
1165 652
1165 653
1165 654
1165 655
1165 659
1165 660
1165 661
1165 662
1165 668
1165 674
1165 677
1165 678
1165 679
1165 692
1165 707
1165 710
1165 711
1165 715
1165 716
1165 717
1165 719
1165 723
1165 725
1165 743
1165 774
1165 775
1165 780
1165 781
1165 782
1165 783
1165 807
1165 835
1165 838
1165 839
1165 843
1165 844
1165 845
1165 846
1165 847
1165 851
1165 853
1165 854
1165 871
1165 884
1165 899
1165 902
1165 907
1165 908
1165 909
1165 910
1165 911
1165 915
1165 917
1165 918
1165 924
1165 926
1165 933
1165 934
1165 935
1165 948
1165 961
1165 963
1165 966
1165 967
1165 971
1165 972
1165 973
1165 974
1165 975
1165 978
1165 979
1165 980
1165 981
1165 982
1165 990
1165 997
1165 998
1165 999
1165 1001
1165 1009
1165 1012
1165 1014
1165 1027
1165 1030
1165 1035
1165 1036
1165 1037
1165 1038
1165 1039
1165 1045
1165 1046
1165 1062
1165 1063
1165 1076
1165 1091
1165 1094
1165 1095
1165 1100
1165 1101
1165 1102
1165 1103
1165 1107
1165 1126
1165 1127
1165 1140
1165 1155
1165 1164
1165 1166
1165 1167
1165 1171
1165 1190
1165 1191
1165 1204
1165 1219
1165 1222
1165 1223
1165 1227
1165 1228
1165 1229
1165 1230
1165 1231
1165 1235
1165 1237
1165 1253
1165 1254
1165 1255
1165 1268
1166 13
1166 14
1166 19
1166 21
1166 22
1166 38
1166 76
1166 78
1166 79
1166 134
1166 135
1166 141
1166 147
1166 156
1166 198
1166 199
1166 203
1166 205
1166 211
1166 213
1166 230
1166 231
1166 262
1166 267
1166 269
1166 286
1166 295
1166 323
1166 324
1166 326
1166 327
1166 331
1166 332
1166 333
1166 334
1166 335
1166 339
1166 340
1166 341
1166 342
1166 347
1166 348
1166 351
1166 354
1166 356
1166 357
1166 358
1166 359
1166 372
1166 387
1166 390
1166 391
1166 394
1166 395
1166 396
1166 397
1166 398
1166 399
1166 403
1166 404
1166 405
1166 406
1166 415
1166 418
1166 420
1166 421
1166 422
1166 423
1166 433
1166 435
1166 438
1166 449
1166 451
1166 452
1166 454
1166 455
1166 458
1166 459
1166 461
1166 462
1166 463
1166 467
1166 468
1166 469
1166 470
1166 476
1166 478
1166 484
1166 485
1166 486
1166 487
1166 494
1166 497
1166 500
1166 502
1166 515
1166 516
1166 518
1166 519
1166 523
1166 525
1166 526
1166 527
1166 531
1166 532
1166 533
1166 534
1166 540
1166 542
1166 548
1166 549
1166 550
1166 551
1166 561
1166 564
1166 579
1166 582
1166 583
1166 587
1166 588
1166 589
1166 590
1166 595
1166 597
1166 598
1166 604
1166 606
1166 610
1166 613
1166 614
1166 615
1166 625
1166 643
1166 646
1166 647
1166 651
1166 653
1166 654
1166 655
1166 659
1166 660
1166 661
1166 662
1166 668
1166 674
1166 676
1166 677
1166 678
1166 679
1166 692
1166 707
1166 710
1166 711
1166 715
1166 716
1166 717
1166 718
1166 719
1166 723
1166 725
1166 731
1166 743
1166 771
1166 774
1166 775
1166 779
1166 780
1166 781
1166 782
1166 783
1166 787
1166 805
1166 807
1166 835
1166 838
1166 839
1166 843
1166 846
1166 847
1166 851
1166 853
1166 854
1166 862
1166 868
1166 869
1166 870
1166 871
1166 884
1166 899
1166 902
1166 906
1166 907
1166 909
1166 910
1166 911
1166 915
1166 916
1166 917
1166 918
1166 924
1166 926
1166 933
1166 934
1166 935
1166 948
1166 960
1166 961
1166 966
1166 967
1166 971
1166 974
1166 978
1166 979
1166 980
1166 981
1166 982
1166 990
1166 991
1166 997
1166 998
1166 1001
1166 1009
1166 1012
1166 1014
1166 1027
1166 1030
1166 1031
1166 1035
1166 1036
1166 1037
1166 1038
1166 1039
1166 1043
1166 1044
1166 1045
1166 1046
1166 1052
1166 1056
1166 1058
1166 1062
1166 1063
1166 1076
1166 1091
1166 1094
1166 1095
1166 1099
1166 1100
1166 1101
1166 1102
1166 1103
1166 1107
1166 1110
1166 1116
1166 1125
1166 1126
1166 1127
1166 1140
1166 1155
1166 1158
1166 1164
1166 1165
1166 1167
1166 1171
1166 1190
1166 1191
1166 1204
1166 1216
1166 1220
1166 1222
1166 1223
1166 1227
1166 1230
1166 1231
1166 1235
1166 1236
1166 1237
1166 1238
1166 1246
1166 1252
1166 1253
1166 1254
1166 1255
1166 1268
1166 1269
1167 6
1167 13
1167 14
1167 19
1167 38
1167 76
1167 78
1167 79
1167 134
1167 141
1167 147
1167 156
1167 198
1167 203
1167 205
1167 206
1167 207
1167 213
1167 230
1167 231
1167 262
1167 267
1167 269
1167 286
1167 295
1167 323
1167 324
1167 326
1167 327
1167 331
1167 332
1167 333
1167 334
1167 335
1167 339
1167 340
1167 341
1167 342
1167 347
1167 348
1167 351
1167 354
1167 356
1167 357
1167 358
1167 359
1167 372
1167 387
1167 390
1167 391
1167 394
1167 395
1167 396
1167 397
1167 398
1167 399
1167 403
1167 404
1167 405
1167 406
1167 415
1167 418
1167 421
1167 422
1167 423
1167 433
1167 435
1167 449
1167 451
1167 452
1167 454
1167 455
1167 459
1167 461
1167 462
1167 463
1167 467
1167 468
1167 469
1167 470
1167 476
1167 478
1167 484
1167 485
1167 486
1167 487
1167 494
1167 497
1167 500
1167 502
1167 515
1167 516
1167 518
1167 519
1167 523
1167 524
1167 525
1167 526
1167 527
1167 531
1167 533
1167 534
1167 540
1167 542
1167 548
1167 549
1167 550
1167 551
1167 561
1167 564
1167 579
1167 582
1167 583
1167 587
1167 588
1167 589
1167 590
1167 591
1167 595
1167 597
1167 598
1167 604
1167 606
1167 613
1167 614
1167 615
1167 625
1167 643
1167 646
1167 647
1167 651
1167 652
1167 653
1167 654
1167 655
1167 659
1167 660
1167 661
1167 662
1167 668
1167 674
1167 676
1167 677
1167 678
1167 679
1167 692
1167 707
1167 710
1167 711
1167 715
1167 716
1167 717
1167 718
1167 719
1167 723
1167 725
1167 731
1167 743
1167 771
1167 774
1167 775
1167 779
1167 780
1167 781
1167 782
1167 783
1167 787
1167 805
1167 807
1167 835
1167 838
1167 839
1167 843
1167 845
1167 846
1167 847
1167 851
1167 853
1167 854
1167 862
1167 868
1167 869
1167 870
1167 871
1167 884
1167 899
1167 902
1167 906
1167 907
1167 908
1167 909
1167 910
1167 911
1167 915
1167 916
1167 917
1167 918
1167 924
1167 926
1167 933
1167 934
1167 935
1167 948
1167 960
1167 961
1167 963
1167 966
1167 967
1167 971
1167 974
1167 975
1167 978
1167 979
1167 980
1167 981
1167 982
1167 990
1167 991
1167 997
1167 998
1167 999
1167 1001
1167 1009
1167 1012
1167 1014
1167 1027
1167 1030
1167 1031
1167 1035
1167 1036
1167 1037
1167 1038
1167 1039
1167 1043
1167 1044
1167 1045
1167 1046
1167 1052
1167 1056
1167 1058
1167 1062
1167 1063
1167 1076
1167 1091
1167 1094
1167 1095
1167 1099
1167 1100
1167 1101
1167 1102
1167 1103
1167 1107
1167 1110
1167 1116
1167 1125
1167 1126
1167 1127
1167 1140
1167 1155
1167 1158
1167 1164
1167 1165
1167 1166
1167 1171
1167 1190
1167 1191
1167 1204
1167 1216
1167 1219
1167 1220
1167 1222
1167 1223
1167 1227
1167 1228
1167 1229
1167 1230
1167 1231
1167 1235
1167 1236
1167 1237
1167 1238
1167 1246
1167 1252
1167 1253
1167 1254
1167 1255
1167 1268
1167 1269
1168 706
1168 976
1168 1040
1168 1104
1168 1232
1169 977
1169 1041
1169 1105
1169 1152
1169 1233
1170 817
1170 978
1170 1042
1170 1106
1170 1234
1171 13
1171 14
1171 19
1171 22
1171 38
1171 76
1171 78
1171 79
1171 134
1171 135
1171 141
1171 147
1171 156
1171 198
1171 199
1171 203
1171 205
1171 211
1171 213
1171 230
1171 231
1171 262
1171 267
1171 269
1171 286
1171 295
1171 323
1171 324
1171 326
1171 327
1171 331
1171 332
1171 333
1171 334
1171 335
1171 339
1171 340
1171 341
1171 342
1171 347
1171 348
1171 351
1171 354
1171 356
1171 357
1171 358
1171 359
1171 372
1171 387
1171 390
1171 391
1171 394
1171 395
1171 396
1171 397
1171 398
1171 399
1171 403
1171 404
1171 405
1171 406
1171 415
1171 418
1171 420
1171 421
1171 422
1171 423
1171 433
1171 435
1171 449
1171 451
1171 452
1171 454
1171 455
1171 458
1171 459
1171 461
1171 462
1171 463
1171 467
1171 468
1171 469
1171 470
1171 476
1171 478
1171 484
1171 485
1171 486
1171 487
1171 494
1171 497
1171 500
1171 502
1171 515
1171 516
1171 518
1171 519
1171 523
1171 525
1171 526
1171 527
1171 531
1171 532
1171 533
1171 534
1171 540
1171 542
1171 548
1171 549
1171 550
1171 551
1171 561
1171 564
1171 579
1171 582
1171 583
1171 587
1171 588
1171 589
1171 590
1171 595
1171 597
1171 598
1171 604
1171 606
1171 610
1171 613
1171 614
1171 615
1171 625
1171 643
1171 646
1171 647
1171 651
1171 653
1171 654
1171 655
1171 659
1171 660
1171 661
1171 662
1171 668
1171 674
1171 676
1171 677
1171 678
1171 679
1171 692
1171 707
1171 710
1171 711
1171 715
1171 716
1171 717
1171 718
1171 719
1171 723
1171 725
1171 731
1171 743
1171 771
1171 774
1171 775
1171 779
1171 780
1171 781
1171 782
1171 783
1171 787
1171 805
1171 807
1171 835
1171 838
1171 839
1171 843
1171 845
1171 846
1171 847
1171 851
1171 853
1171 854
1171 862
1171 868
1171 869
1171 870
1171 871
1171 884
1171 899
1171 902
1171 906
1171 907
1171 909
1171 910
1171 911
1171 915
1171 916
1171 917
1171 918
1171 924
1171 926
1171 933
1171 934
1171 935
1171 948
1171 960
1171 961
1171 963
1171 966
1171 967
1171 971
1171 974
1171 978
1171 979
1171 980
1171 981
1171 982
1171 990
1171 991
1171 997
1171 998
1171 1001
1171 1009
1171 1012
1171 1014
1171 1027
1171 1030
1171 1031
1171 1035
1171 1036
1171 1037
1171 1038
1171 1039
1171 1043
1171 1044
1171 1045
1171 1046
1171 1052
1171 1056
1171 1058
1171 1062
1171 1063
1171 1076
1171 1091
1171 1094
1171 1095
1171 1099
1171 1100
1171 1101
1171 1102
1171 1103
1171 1107
1171 1110
1171 1116
1171 1125
1171 1126
1171 1127
1171 1140
1171 1155
1171 1158
1171 1164
1171 1165
1171 1166
1171 1167
1171 1190
1171 1191
1171 1204
1171 1216
1171 1220
1171 1222
1171 1223
1171 1227
1171 1230
1171 1231
1171 1235
1171 1236
1171 1237
1171 1238
1171 1246
1171 1252
1171 1253
1171 1254
1171 1255
1171 1268
1171 1269
1172 92
1172 308
1172 361
1172 501
1172 544
1172 612
1172 644
1172 658
1172 728
1172 836
1172 980
1172 1044
1172 1051
1172 1108
1172 1184
1172 1217
1172 1236
1173 545
1173 642
1173 945
1173 981
1173 1045
1173 1109
1173 1237
1174 7
1174 20
1174 150
1174 158
1174 164
1174 166
1174 196
1174 212
1174 259
1174 277
1174 278
1174 293
1174 294
1174 323
1174 324
1174 340
1174 341
1174 342
1174 347
1174 351
1174 354
1174 366
1174 369
1174 388
1174 391
1174 394
1174 402
1174 404
1174 408
1174 411
1174 415
1174 418
1174 420
1174 421
1174 433
1174 438
1174 449
1174 458
1174 472
1174 484
1174 489
1174 494
1174 497
1174 500
1174 502
1174 516
1174 518
1174 530
1174 531
1174 532
1174 533
1174 541
1174 548
1174 561
1174 564
1174 594
1174 595
1174 596
1174 597
1174 598
1174 604
1174 606
1174 608
1174 610
1174 613
1174 614
1174 617
1174 625
1174 640
1174 647
1174 657
1174 660
1174 662
1174 668
1174 670
1174 674
1174 676
1174 677
1174 689
1174 691
1174 710
1174 718
1174 723
1174 725
1174 726
1174 731
1174 732
1174 742
1174 771
1174 774
1174 775
1174 779
1174 787
1174 805
1174 820
1174 839
1174 851
1174 854
1174 855
1174 862
1174 864
1174 868
1174 869
1174 870
1174 897
1174 903
1174 906
1174 913
1174 916
1174 917
1174 918
1174 926
1174 930
1174 960
1174 961
1174 962
1174 964
1174 970
1174 982
1174 984
1174 988
1174 990
1174 991
1174 992
1174 994
1174 996
1174 1009
1174 1011
1174 1014
1174 1030
1174 1031
1174 1034
1174 1035
1174 1038
1174 1043
1174 1044
1174 1045
1174 1046
1174 1052
1174 1056
1174 1058
1174 1060
1174 1061
1174 1062
1174 1092
1174 1099
1174 1108
1174 1109
1174 1110
1174 1116
1174 1118
1174 1125
1174 1139
1174 1156
1174 1158
1174 1163
1174 1180
1174 1188
1174 1216
1174 1220
1174 1226
1174 1227
1174 1234
1174 1236
1174 1238
1174 1239
1174 1246
1174 1250
1174 1252
1174 1253
1174 1269
1175 343
1175 983
1175 1047
1175 1111
1175 1239
1176 237
1176 984
1176 1048
1176 1112
1176 1240
1177 940
1177 985
1177 1049
1177 1113
1177 1241
1178 17
1178 986
1178 1050
1178 1114
1178 1242
1179 84
1179 987
1179 1051
1179 1115
1179 1243
1180 20
1180 32
1180 70
1180 146
1180 148
1180 149
1180 150
1180 164
1180 228
1180 259
1180 270
1180 278
1180 292
1180 293
1180 340
1180 351
1180 354
1180 366
1180 369
1180 388
1180 394
1180 402
1180 408
1180 411
1180 415
1180 418
1180 420
1180 438
1180 449
1180 458
1180 472
1180 477
1180 484
1180 489
1180 494
1180 497
1180 500
1180 514
1180 516
1180 530
1180 532
1180 533
1180 541
1180 561
1180 564
1180 594
1180 596
1180 604
1180 606
1180 608
1180 610
1180 614
1180 617
1180 625
1180 640
1180 657
1180 670
1180 676
1180 681
1180 689
1180 691
1180 718
1180 724
1180 726
1180 731
1180 732
1180 742
1180 771
1180 779
1180 787
1180 805
1180 820
1180 855
1180 862
1180 863
1180 864
1180 868
1180 869
1180 870
1180 897
1180 903
1180 906
1180 913
1180 916
1180 930
1180 932
1180 941
1180 960
1180 962
1180 964
1180 970
1180 983
1180 984
1180 988
1180 991
1180 992
1180 994
1180 996
1180 1011
1180 1031
1180 1034
1180 1043
1180 1044
1180 1052
1180 1056
1180 1058
1180 1060
1180 1061
1180 1092
1180 1099
1180 1108
1180 1109
1180 1110
1180 1115
1180 1116
1180 1118
1180 1125
1180 1139
1180 1156
1180 1158
1180 1159
1180 1163
1180 1174
1180 1188
1180 1216
1180 1220
1180 1226
1180 1234
1180 1236
1180 1238
1180 1239
1180 1244
1180 1246
1180 1250
1180 1252
1180 1269
1181 316
1181 989
1181 1053
1181 1070
1181 1117
1181 1245
1182 501
1182 722
1182 790
1182 990
1182 1054
1182 1118
1182 1246
1183 991
1183 1055
1183 1119
1183 1247
1184 92
1184 361
1184 501
1184 544
1184 644
1184 658
1184 728
1184 836
1184 992
1184 1051
1184 1056
1184 1120
1184 1172
1184 1217
1184 1248
1185 113
1185 825
1185 993
1185 1057
1185 1121
1185 1249
1186 994
1186 1058
1186 1122
1186 1250
1187 2
1187 466
1187 986
1187 995
1187 1059
1187 1123
1187 1251
1188 7
1188 20
1188 32
1188 146
1188 148
1188 149
1188 150
1188 158
1188 164
1188 166
1188 196
1188 212
1188 259
1188 278
1188 293
1188 340
1188 342
1188 347
1188 351
1188 354
1188 366
1188 369
1188 388
1188 394
1188 402
1188 408
1188 411
1188 415
1188 418
1188 420
1188 433
1188 438
1188 449
1188 458
1188 472
1188 484
1188 489
1188 494
1188 497
1188 500
1188 516
1188 530
1188 532
1188 533
1188 541
1188 548
1188 561
1188 564
1188 594
1188 595
1188 596
1188 598
1188 604
1188 606
1188 608
1188 610
1188 614
1188 617
1188 625
1188 640
1188 657
1188 662
1188 668
1188 670
1188 674
1188 676
1188 689
1188 691
1188 718
1188 724
1188 726
1188 731
1188 732
1188 742
1188 771
1188 774
1188 775
1188 779
1188 787
1188 805
1188 820
1188 839
1188 851
1188 855
1188 862
1188 864
1188 868
1188 869
1188 870
1188 897
1188 903
1188 906
1188 913
1188 916
1188 917
1188 930
1188 932
1188 941
1188 960
1188 961
1188 962
1188 964
1188 970
1188 983
1188 984
1188 988
1188 990
1188 991
1188 992
1188 994
1188 996
1188 1009
1188 1011
1188 1014
1188 1031
1188 1034
1188 1043
1188 1044
1188 1045
1188 1052
1188 1056
1188 1058
1188 1060
1188 1061
1188 1062
1188 1092
1188 1099
1188 1108
1188 1109
1188 1110
1188 1116
1188 1118
1188 1124
1188 1125
1188 1139
1188 1156
1188 1158
1188 1163
1188 1174
1188 1180
1188 1216
1188 1220
1188 1226
1188 1234
1188 1236
1188 1238
1188 1239
1188 1246
1188 1250
1188 1252
1188 1253
1188 1269
1189 223
1189 437
1189 997
1189 1061
1189 1125
1189 1253
1190 13
1190 14
1190 19
1190 22
1190 38
1190 76
1190 78
1190 79
1190 134
1190 135
1190 141
1190 147
1190 156
1190 198
1190 199
1190 203
1190 205
1190 211
1190 213
1190 230
1190 231
1190 262
1190 267
1190 269
1190 286
1190 295
1190 323
1190 324
1190 326
1190 327
1190 331
1190 332
1190 333
1190 334
1190 335
1190 339
1190 340
1190 341
1190 342
1190 347
1190 348
1190 351
1190 354
1190 356
1190 357
1190 358
1190 359
1190 372
1190 387
1190 390
1190 391
1190 394
1190 395
1190 396
1190 397
1190 398
1190 399
1190 403
1190 404
1190 405
1190 406
1190 415
1190 418
1190 420
1190 421
1190 422
1190 423
1190 433
1190 435
1190 449
1190 451
1190 452
1190 454
1190 455
1190 458
1190 459
1190 461
1190 462
1190 463
1190 467
1190 468
1190 469
1190 470
1190 476
1190 478
1190 484
1190 485
1190 486
1190 487
1190 494
1190 497
1190 500
1190 502
1190 515
1190 516
1190 518
1190 519
1190 523
1190 525
1190 526
1190 527
1190 531
1190 532
1190 533
1190 534
1190 540
1190 542
1190 548
1190 549
1190 550
1190 551
1190 561
1190 564
1190 579
1190 582
1190 583
1190 587
1190 588
1190 589
1190 590
1190 595
1190 597
1190 598
1190 604
1190 606
1190 613
1190 614
1190 615
1190 625
1190 643
1190 646
1190 647
1190 651
1190 653
1190 654
1190 655
1190 659
1190 660
1190 661
1190 662
1190 668
1190 674
1190 676
1190 677
1190 678
1190 679
1190 692
1190 707
1190 710
1190 711
1190 715
1190 716
1190 717
1190 718
1190 719
1190 723
1190 725
1190 731
1190 743
1190 771
1190 774
1190 775
1190 779
1190 780
1190 781
1190 782
1190 783
1190 787
1190 805
1190 807
1190 835
1190 838
1190 839
1190 843
1190 845
1190 846
1190 847
1190 851
1190 853
1190 854
1190 862
1190 868
1190 869
1190 870
1190 871
1190 884
1190 899
1190 902
1190 906
1190 907
1190 909
1190 910
1190 911
1190 915
1190 916
1190 917
1190 918
1190 924
1190 926
1190 933
1190 934
1190 935
1190 948
1190 960
1190 961
1190 963
1190 966
1190 967
1190 971
1190 974
1190 978
1190 979
1190 980
1190 981
1190 982
1190 990
1190 991
1190 997
1190 998
1190 1001
1190 1009
1190 1012
1190 1014
1190 1027
1190 1030
1190 1031
1190 1035
1190 1036
1190 1037
1190 1038
1190 1039
1190 1043
1190 1044
1190 1045
1190 1046
1190 1052
1190 1056
1190 1058
1190 1062
1190 1063
1190 1076
1190 1091
1190 1094
1190 1095
1190 1099
1190 1100
1190 1101
1190 1102
1190 1103
1190 1107
1190 1110
1190 1116
1190 1125
1190 1126
1190 1127
1190 1140
1190 1155
1190 1158
1190 1164
1190 1165
1190 1166
1190 1167
1190 1171
1190 1191
1190 1204
1190 1216
1190 1220
1190 1222
1190 1223
1190 1227
1190 1230
1190 1231
1190 1235
1190 1236
1190 1237
1190 1238
1190 1246
1190 1252
1190 1253
1190 1254
1190 1255
1190 1268
1190 1269
1191 6
1191 13
1191 14
1191 19
1191 38
1191 76
1191 78
1191 79
1191 134
1191 141
1191 147
1191 156
1191 198
1191 203
1191 205
1191 206
1191 207
1191 213
1191 230
1191 231
1191 262
1191 267
1191 269
1191 286
1191 295
1191 323
1191 324
1191 326
1191 327
1191 331
1191 332
1191 333
1191 334
1191 335
1191 339
1191 340
1191 341
1191 342
1191 347
1191 348
1191 354
1191 356
1191 357
1191 358
1191 359
1191 372
1191 387
1191 390
1191 391
1191 395
1191 396
1191 397
1191 398
1191 399
1191 403
1191 404
1191 405
1191 406
1191 415
1191 418
1191 421
1191 422
1191 423
1191 433
1191 435
1191 449
1191 451
1191 452
1191 454
1191 455
1191 459
1191 461
1191 462
1191 463
1191 467
1191 468
1191 469
1191 470
1191 476
1191 478
1191 484
1191 485
1191 486
1191 487
1191 494
1191 497
1191 500
1191 502
1191 515
1191 516
1191 518
1191 519
1191 523
1191 524
1191 525
1191 526
1191 527
1191 531
1191 533
1191 534
1191 540
1191 542
1191 548
1191 549
1191 550
1191 551
1191 561
1191 564
1191 579
1191 582
1191 583
1191 587
1191 588
1191 589
1191 590
1191 591
1191 595
1191 597
1191 598
1191 604
1191 606
1191 613
1191 614
1191 615
1191 625
1191 643
1191 646
1191 647
1191 651
1191 652
1191 653
1191 654
1191 655
1191 659
1191 660
1191 661
1191 662
1191 668
1191 674
1191 676
1191 677
1191 678
1191 679
1191 692
1191 707
1191 710
1191 711
1191 715
1191 716
1191 717
1191 718
1191 719
1191 723
1191 725
1191 731
1191 743
1191 771
1191 774
1191 775
1191 779
1191 780
1191 781
1191 782
1191 783
1191 787
1191 805
1191 807
1191 835
1191 838
1191 839
1191 843
1191 845
1191 846
1191 847
1191 851
1191 853
1191 854
1191 862
1191 868
1191 869
1191 870
1191 871
1191 884
1191 899
1191 902
1191 906
1191 907
1191 908
1191 909
1191 910
1191 911
1191 915
1191 916
1191 917
1191 918
1191 924
1191 926
1191 933
1191 934
1191 935
1191 948
1191 960
1191 961
1191 963
1191 966
1191 967
1191 971
1191 972
1191 974
1191 975
1191 978
1191 979
1191 980
1191 981
1191 982
1191 990
1191 991
1191 997
1191 998
1191 999
1191 1001
1191 1009
1191 1012
1191 1014
1191 1027
1191 1030
1191 1031
1191 1035
1191 1036
1191 1037
1191 1038
1191 1039
1191 1043
1191 1044
1191 1045
1191 1046
1191 1052
1191 1056
1191 1058
1191 1062
1191 1063
1191 1076
1191 1091
1191 1094
1191 1095
1191 1099
1191 1100
1191 1101
1191 1102
1191 1103
1191 1107
1191 1110
1191 1116
1191 1125
1191 1126
1191 1127
1191 1140
1191 1155
1191 1158
1191 1164
1191 1165
1191 1166
1191 1167
1191 1171
1191 1190
1191 1204
1191 1216
1191 1219
1191 1220
1191 1222
1191 1223
1191 1227
1191 1228
1191 1229
1191 1230
1191 1231
1191 1235
1191 1236
1191 1237
1191 1238
1191 1246
1191 1252
1191 1253
1191 1254
1191 1255
1191 1268
1192 1000
1192 1064
1192 1128
1192 1256
1193 1001
1193 1065
1193 1129
1193 1132
1193 1257
1194 119
1194 495
1194 1002
1194 1066
1194 1130
1194 1258
1195 704
1195 1003
1195 1007
1195 1067
1195 1131
1195 1259
1196 572
1196 1004
1196 1068
1196 1132
1196 1260
1197 33
1197 281
1197 1005
1197 1069
1197 1133
1197 1261
1198 456
1198 1006
1198 1070
1198 1134
1198 1262
1199 314
1199 1007
1199 1071
1199 1135
1199 1263
1200 1008
1200 1072
1200 1136
1200 1264
1201 183
1201 296
1201 1009
1201 1073
1201 1137
1201 1205
1201 1242
1201 1265
1202 1010
1202 1074
1202 1138
1202 1266
1203 1011
1203 1075
1203 1139
1203 1267
1204 6
1204 13
1204 14
1204 19
1204 38
1204 76
1204 134
1204 141
1204 142
1204 147
1204 156
1204 198
1204 203
1204 206
1204 207
1204 213
1204 230
1204 231
1204 262
1204 269
1204 295
1204 323
1204 324
1204 326
1204 327
1204 331
1204 332
1204 333
1204 334
1204 335
1204 339
1204 340
1204 341
1204 342
1204 347
1204 348
1204 354
1204 356
1204 357
1204 358
1204 359
1204 372
1204 387
1204 390
1204 391
1204 395
1204 396
1204 397
1204 398
1204 399
1204 403
1204 404
1204 405
1204 406
1204 415
1204 418
1204 421
1204 422
1204 423
1204 433
1204 435
1204 451
1204 452
1204 454
1204 455
1204 459
1204 460
1204 461
1204 462
1204 463
1204 467
1204 468
1204 469
1204 470
1204 476
1204 478
1204 485
1204 486
1204 487
1204 497
1204 502
1204 515
1204 518
1204 519
1204 523
1204 524
1204 525
1204 526
1204 527
1204 531
1204 534
1204 540
1204 542
1204 548
1204 549
1204 550
1204 551
1204 564
1204 579
1204 582
1204 583
1204 587
1204 588
1204 589
1204 590
1204 591
1204 595
1204 597
1204 598
1204 604
1204 613
1204 614
1204 615
1204 625
1204 643
1204 646
1204 647
1204 651
1204 652
1204 653
1204 654
1204 655
1204 659
1204 660
1204 661
1204 662
1204 668
1204 674
1204 677
1204 678
1204 679
1204 692
1204 707
1204 710
1204 711
1204 715
1204 716
1204 717
1204 718
1204 719
1204 723
1204 725
1204 731
1204 743
1204 774
1204 775
1204 779
1204 780
1204 781
1204 782
1204 783
1204 807
1204 835
1204 838
1204 839
1204 843
1204 844
1204 845
1204 846
1204 847
1204 851
1204 853
1204 854
1204 862
1204 868
1204 870
1204 871
1204 884
1204 899
1204 902
1204 907
1204 908
1204 909
1204 910
1204 911
1204 915
1204 916
1204 917
1204 918
1204 924
1204 926
1204 933
1204 934
1204 935
1204 948
1204 961
1204 963
1204 966
1204 967
1204 971
1204 972
1204 973
1204 974
1204 975
1204 978
1204 979
1204 980
1204 981
1204 982
1204 990
1204 997
1204 998
1204 999
1204 1001
1204 1009
1204 1012
1204 1014
1204 1027
1204 1030
1204 1035
1204 1036
1204 1037
1204 1038
1204 1039
1204 1043
1204 1044
1204 1045
1204 1046
1204 1058
1204 1062
1204 1063
1204 1076
1204 1091
1204 1094
1204 1095
1204 1099
1204 1100
1204 1101
1204 1102
1204 1103
1204 1107
1204 1126
1204 1127
1204 1140
1204 1155
1204 1164
1204 1165
1204 1166
1204 1167
1204 1171
1204 1190
1204 1191
1204 1219
1204 1220
1204 1222
1204 1223
1204 1227
1204 1228
1204 1229
1204 1230
1204 1231
1204 1235
1204 1236
1204 1237
1204 1238
1204 1246
1204 1252
1204 1253
1204 1254
1204 1255
1204 1268
1205 183
1205 296
1205 1013
1205 1077
1205 1141
1205 1201
1205 1242
1205 1269
1206 633
1206 1014
1206 1078
1206 1142
1206 1270
1207 1015
1207 1079
1207 1143
1207 1215
1207 1271
1208 1016
1208 1080
1208 1144
1208 1272
1209 118
1209 879
1209 1017
1209 1081
1209 1145
1209 1273
1210 1018
1210 1082
1210 1146
1210 1274
1211 168
1211 1018
1211 1019
1211 1083
1211 1085
1211 1147
1211 1275
1212 535
1212 619
1212 693
1212 1020
1212 1084
1212 1148
1212 1276
1213 251
1213 300
1213 1021
1213 1085
1213 1149
1213 1277
1214 91
1214 1022
1214 1086
1214 1150
1214 1278
1215 1023
1215 1087
1215 1151
1215 1207
1215 1279
1216 7
1216 11
1216 20
1216 28
1216 71
1216 158
1216 164
1216 166
1216 167
1216 196
1216 212
1216 214
1216 222
1216 263
1216 275
1216 277
1216 293
1216 294
1216 340
1216 347
1216 351
1216 354
1216 369
1216 388
1216 391
1216 394
1216 404
1216 406
1216 408
1216 411
1216 415
1216 418
1216 420
1216 421
1216 433
1216 435
1216 438
1216 449
1216 451
1216 452
1216 458
1216 459
1216 462
1216 468
1216 476
1216 478
1216 484
1216 489
1216 494
1216 497
1216 500
1216 502
1216 516
1216 518
1216 531
1216 532
1216 533
1216 534
1216 540
1216 541
1216 542
1216 548
1216 549
1216 561
1216 564
1216 583
1216 594
1216 595
1216 596
1216 597
1216 598
1216 604
1216 606
1216 608
1216 610
1216 613
1216 614
1216 625
1216 640
1216 646
1216 647
1216 651
1216 657
1216 660
1216 662
1216 668
1216 674
1216 676
1216 677
1216 678
1216 689
1216 691
1216 692
1216 710
1216 711
1216 715
1216 718
1216 723
1216 725
1216 726
1216 731
1216 732
1216 742
1216 743
1216 771
1216 774
1216 775
1216 779
1216 782
1216 783
1216 787
1216 805
1216 807
1216 820
1216 839
1216 843
1216 851
1216 853
1216 854
1216 855
1216 862
1216 864
1216 868
1216 869
1216 870
1216 897
1216 903
1216 906
1216 916
1216 917
1216 918
1216 924
1216 926
1216 930
1216 934
1216 960
1216 961
1216 962
1216 964
1216 967
1216 970
1216 978
1216 980
1216 984
1216 988
1216 990
1216 991
1216 992
1216 996
1216 997
1216 1001
1216 1009
1216 1011
1216 1014
1216 1024
1216 1030
1216 1031
1216 1034
1216 1035
1216 1038
1216 1043
1216 1044
1216 1045
1216 1046
1216 1052
1216 1056
1216 1058
1216 1060
1216 1061
1216 1062
1216 1088
1216 1094
1216 1095
1216 1099
1216 1102
1216 1107
1216 1108
1216 1109
1216 1110
1216 1116
1216 1125
1216 1126
1216 1152
1216 1156
1216 1158
1216 1163
1216 1166
1216 1167
1216 1171
1216 1174
1216 1180
1216 1188
1216 1190
1216 1191
1216 1220
1216 1227
1216 1236
1216 1237
1216 1238
1216 1246
1216 1252
1216 1253
1216 1269
1217 75
1217 131
1217 220
1217 273
1217 279
1217 288
1217 402
1217 472
1217 477
1217 489
1217 514
1217 530
1217 544
1217 612
1217 617
1217 644
1217 658
1217 670
1217 681
1217 724
1217 728
1217 836
1217 863
1217 913
1217 932
1217 941
1217 983
1217 994
1217 1025
1217 1051
1217 1089
1217 1092
1217 1115
1217 1118
1217 1139
1217 1153
1217 1159
1217 1172
1217 1184
1217 1226
1217 1234
1217 1239
1217 1250
1218 457
1218 592
1218 976
1218 1026
1218 1090
1218 1154
1219 12
1219 15
1219 140
1219 204
1219 268
1219 271
1219 332
1219 335
1219 387
1219 390
1219 395
1219 396
1219 397
1219 398
1219 399
1219 403
1219 405
1219 406
1219 422
1219 423
1219 451
1219 454
1219 455
1219 459
1219 460
1219 461
1219 462
1219 463
1219 467
1219 468
1219 469
1219 470
1219 485
1219 486
1219 487
1219 515
1219 519
1219 523
1219 524
1219 525
1219 526
1219 527
1219 540
1219 549
1219 550
1219 551
1219 579
1219 582
1219 583
1219 587
1219 588
1219 589
1219 590
1219 591
1219 615
1219 643
1219 646
1219 651
1219 652
1219 653
1219 654
1219 655
1219 659
1219 661
1219 678
1219 679
1219 707
1219 716
1219 717
1219 719
1219 743
1219 780
1219 781
1219 807
1219 835
1219 838
1219 843
1219 844
1219 845
1219 846
1219 847
1219 871
1219 884
1219 899
1219 902
1219 907
1219 908
1219 909
1219 910
1219 911
1219 915
1219 924
1219 933
1219 935
1219 948
1219 963
1219 966
1219 971
1219 972
1219 973
1219 974
1219 975
1219 978
1219 979
1219 981
1219 982
1219 997
1219 998
1219 999
1219 1012
1219 1027
1219 1036
1219 1037
1219 1039
1219 1063
1219 1076
1219 1091
1219 1100
1219 1101
1219 1102
1219 1103
1219 1107
1219 1126
1219 1127
1219 1140
1219 1155
1219 1164
1219 1165
1219 1167
1219 1191
1219 1204
1219 1222
1219 1223
1219 1228
1219 1229
1219 1230
1219 1231
1219 1235
1219 1254
1219 1255
1219 1268
1220 7
1220 11
1220 21
1220 22
1220 28
1220 71
1220 79
1220 135
1220 139
1220 166
1220 167
1220 199
1220 211
1220 214
1220 222
1220 263
1220 275
1220 277
1220 294
1220 324
1220 340
1220 342
1220 347
1220 351
1220 354
1220 387
1220 388
1220 391
1220 394
1220 395
1220 404
1220 406
1220 408
1220 411
1220 415
1220 418
1220 420
1220 421
1220 422
1220 433
1220 435
1220 438
1220 449
1220 451
1220 452
1220 458
1220 459
1220 462
1220 468
1220 470
1220 476
1220 478
1220 484
1220 485
1220 494
1220 497
1220 500
1220 502
1220 516
1220 518
1220 519
1220 531
1220 532
1220 533
1220 534
1220 540
1220 541
1220 542
1220 548
1220 549
1220 561
1220 564
1220 579
1220 583
1220 587
1220 594
1220 595
1220 596
1220 597
1220 598
1220 604
1220 606
1220 608
1220 610
1220 613
1220 614
1220 625
1220 640
1220 643
1220 646
1220 647
1220 651
1220 657
1220 660
1220 661
1220 662
1220 668
1220 674
1220 676
1220 677
1220 678
1220 689
1220 691
1220 692
1220 707
1220 710
1220 711
1220 715
1220 718
1220 723
1220 725
1220 726
1220 731
1220 732
1220 742
1220 743
1220 771
1220 774
1220 775
1220 779
1220 781
1220 782
1220 783
1220 787
1220 805
1220 807
1220 820
1220 839
1220 843
1220 846
1220 847
1220 851
1220 853
1220 854
1220 855
1220 862
1220 864
1220 868
1220 869
1220 870
1220 884
1220 897
1220 903
1220 906
1220 907
1220 915
1220 916
1220 917
1220 918
1220 924
1220 926
1220 930
1220 934
1220 948
1220 960
1220 961
1220 962
1220 964
1220 967
1220 970
1220 978
1220 980
1220 981
1220 982
1220 988
1220 990
1220 991
1220 992
1220 997
1220 1001
1220 1009
1220 1011
1220 1014
1220 1028
1220 1030
1220 1031
1220 1034
1220 1035
1220 1037
1220 1038
1220 1043
1220 1044
1220 1045
1220 1046
1220 1052
1220 1056
1220 1058
1220 1061
1220 1062
1220 1076
1220 1092
1220 1094
1220 1095
1220 1099
1220 1102
1220 1107
1220 1108
1220 1109
1220 1110
1220 1116
1220 1125
1220 1126
1220 1155
1220 1156
1220 1158
1220 1163
1220 1166
1220 1167
1220 1171
1220 1174
1220 1180
1220 1188
1220 1190
1220 1191
1220 1204
1220 1216
1220 1223
1220 1227
1220 1235
1220 1236
1220 1237
1220 1238
1220 1246
1220 1252
1220 1253
1220 1255
1220 1269
1221 9
1221 73
1221 133
1221 197
1221 261
1221 329
1221 393
1221 453
1221 517
1221 581
1221 628
1221 649
1221 713
1221 777
1221 837
1221 901
1221 965
1221 1029
1221 1033
1221 1093
1221 1097
1221 1157
1221 1161
1222 6
1222 13
1222 15
1222 19
1222 140
1222 142
1222 143
1222 198
1222 204
1222 206
1222 207
1222 230
1222 262
1222 326
1222 331
1222 332
1222 333
1222 334
1222 335
1222 339
1222 348
1222 356
1222 358
1222 359
1222 372
1222 387
1222 390
1222 391
1222 395
1222 396
1222 397
1222 398
1222 399
1222 403
1222 404
1222 405
1222 406
1222 421
1222 422
1222 423
1222 433
1222 435
1222 451
1222 452
1222 454
1222 455
1222 459
1222 460
1222 461
1222 462
1222 463
1222 467
1222 468
1222 469
1222 470
1222 476
1222 478
1222 485
1222 486
1222 487
1222 502
1222 515
1222 518
1222 519
1222 523
1222 524
1222 525
1222 526
1222 527
1222 531
1222 534
1222 540
1222 542
1222 548
1222 549
1222 550
1222 551
1222 579
1222 582
1222 583
1222 587
1222 588
1222 589
1222 590
1222 591
1222 595
1222 597
1222 598
1222 613
1222 615
1222 643
1222 646
1222 647
1222 651
1222 652
1222 653
1222 654
1222 655
1222 659
1222 660
1222 661
1222 662
1222 668
1222 674
1222 677
1222 678
1222 679
1222 692
1222 707
1222 710
1222 711
1222 715
1222 716
1222 717
1222 718
1222 719
1222 723
1222 725
1222 743
1222 774
1222 775
1222 779
1222 780
1222 781
1222 782
1222 783
1222 807
1222 835
1222 838
1222 839
1222 843
1222 844
1222 845
1222 846
1222 847
1222 851
1222 853
1222 854
1222 871
1222 884
1222 899
1222 902
1222 907
1222 908
1222 909
1222 910
1222 911
1222 915
1222 917
1222 918
1222 924
1222 926
1222 933
1222 934
1222 935
1222 948
1222 961
1222 963
1222 966
1222 967
1222 971
1222 972
1222 973
1222 974
1222 975
1222 978
1222 979
1222 980
1222 981
1222 982
1222 990
1222 997
1222 998
1222 999
1222 1001
1222 1009
1222 1012
1222 1014
1222 1027
1222 1030
1222 1035
1222 1036
1222 1037
1222 1038
1222 1039
1222 1045
1222 1046
1222 1062
1222 1063
1222 1076
1222 1091
1222 1094
1222 1095
1222 1100
1222 1101
1222 1102
1222 1103
1222 1107
1222 1126
1222 1127
1222 1140
1222 1155
1222 1158
1222 1164
1222 1165
1222 1166
1222 1167
1222 1171
1222 1190
1222 1191
1222 1204
1222 1219
1222 1223
1222 1227
1222 1228
1222 1229
1222 1230
1222 1231
1222 1235
1222 1237
1222 1253
1222 1254
1222 1255
1222 1268
1223 6
1223 13
1223 14
1223 19
1223 38
1223 76
1223 134
1223 141
1223 147
1223 156
1223 198
1223 203
1223 206
1223 207
1223 213
1223 230
1223 231
1223 262
1223 267
1223 269
1223 295
1223 327
1223 331
1223 339
1223 341
1223 348
1223 356
1223 357
1223 358
1223 372
1223 387
1223 390
1223 391
1223 395
1223 396
1223 397
1223 398
1223 399
1223 403
1223 404
1223 405
1223 406
1223 415
1223 418
1223 421
1223 422
1223 423
1223 433
1223 435
1223 451
1223 452
1223 454
1223 455
1223 459
1223 460
1223 461
1223 462
1223 463
1223 467
1223 468
1223 469
1223 470
1223 476
1223 478
1223 485
1223 486
1223 487
1223 494
1223 497
1223 502
1223 515
1223 518
1223 519
1223 523
1223 524
1223 525
1223 526
1223 527
1223 531
1223 533
1223 534
1223 540
1223 542
1223 548
1223 549
1223 550
1223 551
1223 561
1223 564
1223 579
1223 582
1223 583
1223 587
1223 588
1223 589
1223 590
1223 591
1223 595
1223 597
1223 598
1223 604
1223 606
1223 613
1223 614
1223 615
1223 625
1223 643
1223 646
1223 647
1223 651
1223 652
1223 653
1223 654
1223 655
1223 659
1223 660
1223 661
1223 662
1223 668
1223 674
1223 676
1223 677
1223 678
1223 679
1223 692
1223 707
1223 710
1223 711
1223 715
1223 716
1223 717
1223 718
1223 719
1223 723
1223 725
1223 731
1223 743
1223 774
1223 775
1223 779
1223 780
1223 781
1223 782
1223 783
1223 807
1223 835
1223 838
1223 839
1223 843
1223 845
1223 846
1223 847
1223 851
1223 853
1223 854
1223 862
1223 868
1223 869
1223 870
1223 871
1223 884
1223 899
1223 902
1223 907
1223 908
1223 909
1223 910
1223 911
1223 915
1223 916
1223 917
1223 918
1223 924
1223 926
1223 933
1223 934
1223 935
1223 948
1223 961
1223 963
1223 966
1223 967
1223 971
1223 972
1223 973
1223 974
1223 975
1223 978
1223 979
1223 980
1223 981
1223 982
1223 990
1223 991
1223 997
1223 998
1223 999
1223 1001
1223 1009
1223 1012
1223 1014
1223 1027
1223 1030
1223 1031
1223 1035
1223 1036
1223 1037
1223 1038
1223 1039
1223 1043
1223 1044
1223 1045
1223 1046
1223 1058
1223 1062
1223 1063
1223 1076
1223 1091
1223 1094
1223 1095
1223 1099
1223 1100
1223 1101
1223 1102
1223 1103
1223 1107
1223 1116
1223 1126
1223 1127
1223 1140
1223 1155
1223 1159
1223 1164
1223 1165
1223 1166
1223 1167
1223 1171
1223 1190
1223 1191
1223 1204
1223 1219
1223 1220
1223 1222
1223 1227
1223 1228
1223 1229
1223 1230
1223 1231
1223 1235
1223 1236
1223 1237
1223 1238
1223 1246
1223 1252
1223 1253
1223 1254
1223 1255
1223 1268
1224 565
1224 1032
1224 1096
1224 1160
1225 1033
1225 1097
1225 1161
1226 37
1226 70
1226 83
1226 132
1226 148
1226 149
1226 195
1226 228
1226 270
1226 292
1226 305
1226 388
1226 402
1226 408
1226 411
1226 438
1226 472
1226 477
1226 489
1226 514
1226 530
1226 541
1226 594
1226 596
1226 608
1226 610
1226 612
1226 617
1226 640
1226 644
1226 657
1226 658
1226 670
1226 681
1226 689
1226 691
1226 724
1226 726
1226 728
1226 732
1226 742
1226 820
1226 855
1226 863
1226 864
1226 897
1226 903
1226 913
1226 930
1226 932
1226 941
1226 962
1226 964
1226 970
1226 983
1226 984
1226 988
1226 992
1226 994
1226 996
1226 1011
1226 1034
1226 1060
1226 1061
1226 1092
1226 1098
1226 1108
1226 1109
1226 1115
1226 1118
1226 1139
1226 1156
1226 1159
1226 1162
1226 1163
1226 1174
1226 1180
1226 1188
1226 1217
1226 1234
1226 1239
1226 1250
1227 13
1227 14
1227 21
1227 22
1227 38
1227 76
1227 78
1227 79
1227 134
1227 135
1227 139
1227 141
1227 147
1227 156
1227 198
1227 199
1227 203
1227 205
1227 211
1227 213
1227 231
1227 262
1227 263
1227 267
1227 269
1227 286
1227 295
1227 323
1227 324
1227 327
1227 340
1227 341
1227 342
1227 347
1227 348
1227 357
1227 372
1227 387
1227 388
1227 390
1227 391
1227 394
1227 395
1227 397
1227 403
1227 404
1227 405
1227 406
1227 408
1227 415
1227 418
1227 420
1227 421
1227 422
1227 423
1227 433
1227 435
1227 438
1227 449
1227 451
1227 452
1227 454
1227 455
1227 458
1227 459
1227 461
1227 462
1227 463
1227 467
1227 468
1227 469
1227 470
1227 476
1227 478
1227 484
1227 485
1227 486
1227 487
1227 494
1227 497
1227 500
1227 502
1227 515
1227 516
1227 518
1227 519
1227 523
1227 525
1227 526
1227 531
1227 532
1227 533
1227 534
1227 540
1227 542
1227 548
1227 549
1227 550
1227 551
1227 561
1227 564
1227 579
1227 582
1227 583
1227 587
1227 588
1227 589
1227 590
1227 595
1227 596
1227 597
1227 598
1227 604
1227 606
1227 608
1227 610
1227 613
1227 614
1227 615
1227 625
1227 643
1227 646
1227 647
1227 651
1227 653
1227 659
1227 660
1227 661
1227 662
1227 668
1227 674
1227 676
1227 677
1227 678
1227 679
1227 691
1227 692
1227 707
1227 710
1227 711
1227 715
1227 716
1227 717
1227 718
1227 719
1227 723
1227 725
1227 731
1227 732
1227 742
1227 743
1227 771
1227 774
1227 775
1227 779
1227 780
1227 781
1227 782
1227 783
1227 787
1227 805
1227 807
1227 820
1227 835
1227 838
1227 839
1227 843
1227 846
1227 847
1227 851
1227 853
1227 854
1227 862
1227 868
1227 869
1227 870
1227 871
1227 884
1227 902
1227 906
1227 907
1227 910
1227 911
1227 915
1227 916
1227 917
1227 918
1227 924
1227 926
1227 930
1227 933
1227 934
1227 935
1227 948
1227 960
1227 961
1227 966
1227 967
1227 971
1227 974
1227 978
1227 979
1227 980
1227 981
1227 982
1227 990
1227 991
1227 997
1227 998
1227 1001
1227 1009
1227 1012
1227 1014
1227 1027
1227 1030
1227 1031
1227 1034
1227 1035
1227 1037
1227 1038
1227 1039
1227 1043
1227 1044
1227 1045
1227 1046
1227 1052
1227 1056
1227 1058
1227 1061
1227 1062
1227 1063
1227 1076
1227 1091
1227 1094
1227 1095
1227 1099
1227 1100
1227 1101
1227 1102
1227 1103
1227 1107
1227 1110
1227 1116
1227 1125
1227 1126
1227 1127
1227 1140
1227 1155
1227 1158
1227 1163
1227 1165
1227 1166
1227 1167
1227 1171
1227 1174
1227 1190
1227 1191
1227 1204
1227 1216
1227 1220
1227 1222
1227 1223
1227 1230
1227 1231
1227 1235
1227 1236
1227 1237
1227 1238
1227 1246
1227 1252
1227 1253
1227 1254
1227 1255
1227 1268
1227 1269
1228 12
1228 15
1228 140
1228 204
1228 268
1228 271
1228 332
1228 335
1228 387
1228 390
1228 395
1228 396
1228 397
1228 398
1228 399
1228 403
1228 405
1228 406
1228 422
1228 423
1228 451
1228 454
1228 455
1228 459
1228 460
1228 461
1228 462
1228 463
1228 467
1228 468
1228 469
1228 470
1228 485
1228 486
1228 487
1228 515
1228 519
1228 523
1228 524
1228 525
1228 526
1228 527
1228 540
1228 549
1228 550
1228 551
1228 579
1228 582
1228 583
1228 587
1228 588
1228 589
1228 590
1228 591
1228 615
1228 643
1228 646
1228 651
1228 652
1228 653
1228 654
1228 655
1228 659
1228 661
1228 678
1228 679
1228 707
1228 716
1228 717
1228 719
1228 743
1228 780
1228 781
1228 807
1228 835
1228 838
1228 843
1228 844
1228 845
1228 846
1228 847
1228 871
1228 884
1228 899
1228 902
1228 907
1228 908
1228 909
1228 910
1228 911
1228 915
1228 924
1228 933
1228 935
1228 948
1228 963
1228 966
1228 971
1228 972
1228 973
1228 974
1228 975
1228 978
1228 979
1228 981
1228 982
1228 997
1228 998
1228 999
1228 1012
1228 1027
1228 1036
1228 1037
1228 1039
1228 1063
1228 1076
1228 1091
1228 1100
1228 1101
1228 1102
1228 1103
1228 1107
1228 1126
1228 1127
1228 1140
1228 1155
1228 1164
1228 1165
1228 1167
1228 1191
1228 1204
1228 1219
1228 1222
1228 1223
1228 1229
1228 1230
1228 1231
1228 1235
1228 1254
1228 1255
1228 1268
1229 12
1229 15
1229 140
1229 143
1229 204
1229 268
1229 271
1229 332
1229 335
1229 387
1229 390
1229 395
1229 396
1229 397
1229 398
1229 399
1229 403
1229 405
1229 406
1229 422
1229 423
1229 451
1229 454
1229 455
1229 459
1229 460
1229 461
1229 462
1229 463
1229 467
1229 468
1229 469
1229 470
1229 485
1229 486
1229 487
1229 515
1229 519
1229 523
1229 524
1229 525
1229 526
1229 527
1229 534
1229 540
1229 549
1229 550
1229 551
1229 579
1229 582
1229 583
1229 587
1229 588
1229 589
1229 590
1229 591
1229 615
1229 643
1229 646
1229 651
1229 652
1229 653
1229 654
1229 655
1229 659
1229 661
1229 678
1229 679
1229 707
1229 716
1229 717
1229 719
1229 743
1229 780
1229 781
1229 807
1229 835
1229 838
1229 843
1229 844
1229 845
1229 846
1229 847
1229 853
1229 871
1229 884
1229 899
1229 902
1229 907
1229 908
1229 909
1229 910
1229 911
1229 915
1229 924
1229 933
1229 934
1229 935
1229 948
1229 963
1229 966
1229 971
1229 972
1229 973
1229 974
1229 975
1229 978
1229 979
1229 980
1229 981
1229 982
1229 997
1229 998
1229 999
1229 1001
1229 1012
1229 1027
1229 1036
1229 1037
1229 1039
1229 1063
1229 1076
1229 1091
1229 1100
1229 1101
1229 1102
1229 1103
1229 1107
1229 1126
1229 1127
1229 1140
1229 1155
1229 1164
1229 1165
1229 1167
1229 1191
1229 1204
1229 1219
1229 1222
1229 1223
1229 1228
1229 1230
1229 1231
1229 1235
1229 1254
1229 1255
1229 1268
1230 6
1230 13
1230 15
1230 19
1230 140
1230 142
1230 143
1230 198
1230 204
1230 206
1230 207
1230 230
1230 262
1230 326
1230 331
1230 333
1230 334
1230 335
1230 339
1230 348
1230 356
1230 357
1230 358
1230 359
1230 372
1230 387
1230 390
1230 391
1230 395
1230 396
1230 397
1230 398
1230 399
1230 403
1230 404
1230 405
1230 406
1230 418
1230 421
1230 422
1230 423
1230 433
1230 435
1230 451
1230 452
1230 454
1230 455
1230 459
1230 460
1230 461
1230 462
1230 463
1230 467
1230 468
1230 469
1230 470
1230 476
1230 478
1230 485
1230 486
1230 487
1230 502
1230 515
1230 518
1230 519
1230 523
1230 524
1230 525
1230 526
1230 527
1230 531
1230 534
1230 540
1230 542
1230 548
1230 549
1230 550
1230 551
1230 564
1230 579
1230 582
1230 583
1230 587
1230 588
1230 589
1230 590
1230 591
1230 595
1230 597
1230 598
1230 613
1230 615
1230 643
1230 646
1230 647
1230 651
1230 652
1230 653
1230 654
1230 655
1230 659
1230 660
1230 661
1230 662
1230 668
1230 674
1230 677
1230 678
1230 679
1230 692
1230 707
1230 710
1230 711
1230 715
1230 716
1230 717
1230 718
1230 719
1230 723
1230 725
1230 743
1230 774
1230 775
1230 779
1230 780
1230 781
1230 782
1230 783
1230 807
1230 835
1230 838
1230 839
1230 843
1230 844
1230 845
1230 846
1230 847
1230 851
1230 853
1230 854
1230 871
1230 884
1230 899
1230 902
1230 907
1230 908
1230 909
1230 910
1230 911
1230 915
1230 917
1230 918
1230 924
1230 926
1230 933
1230 934
1230 935
1230 948
1230 961
1230 963
1230 966
1230 967
1230 971
1230 972
1230 973
1230 974
1230 975
1230 978
1230 979
1230 980
1230 981
1230 982
1230 990
1230 997
1230 998
1230 999
1230 1001
1230 1009
1230 1012
1230 1014
1230 1027
1230 1030
1230 1035
1230 1036
1230 1037
1230 1038
1230 1039
1230 1045
1230 1046
1230 1062
1230 1063
1230 1076
1230 1091
1230 1094
1230 1095
1230 1100
1230 1101
1230 1102
1230 1103
1230 1107
1230 1126
1230 1127
1230 1140
1230 1155
1230 1164
1230 1165
1230 1166
1230 1167
1230 1171
1230 1190
1230 1191
1230 1204
1230 1219
1230 1222
1230 1223
1230 1227
1230 1228
1230 1229
1230 1231
1230 1235
1230 1237
1230 1253
1230 1254
1230 1255
1230 1268
1231 6
1231 12
1231 15
1231 140
1231 142
1231 143
1231 204
1231 206
1231 207
1231 268
1231 271
1231 326
1231 332
1231 333
1231 334
1231 335
1231 359
1231 387
1231 390
1231 391
1231 395
1231 396
1231 397
1231 398
1231 399
1231 403
1231 404
1231 405
1231 406
1231 421
1231 422
1231 423
1231 435
1231 451
1231 452
1231 454
1231 455
1231 459
1231 460
1231 461
1231 462
1231 463
1231 467
1231 468
1231 469
1231 470
1231 476
1231 478
1231 485
1231 486
1231 487
1231 502
1231 515
1231 518
1231 519
1231 523
1231 524
1231 525
1231 526
1231 527
1231 531
1231 534
1231 540
1231 542
1231 549
1231 550
1231 551
1231 579
1231 582
1231 583
1231 587
1231 588
1231 589
1231 590
1231 591
1231 597
1231 613
1231 615
1231 643
1231 646
1231 647
1231 651
1231 652
1231 653
1231 654
1231 655
1231 659
1231 660
1231 661
1231 677
1231 678
1231 679
1231 692
1231 707
1231 710
1231 711
1231 715
1231 716
1231 717
1231 719
1231 723
1231 743
1231 780
1231 781
1231 782
1231 783
1231 807
1231 835
1231 838
1231 843
1231 844
1231 845
1231 846
1231 847
1231 853
1231 854
1231 871
1231 884
1231 899
1231 902
1231 907
1231 908
1231 909
1231 910
1231 911
1231 915
1231 918
1231 924
1231 926
1231 933
1231 934
1231 935
1231 948
1231 963
1231 966
1231 967
1231 971
1231 972
1231 973
1231 974
1231 975
1231 978
1231 979
1231 980
1231 981
1231 982
1231 997
1231 998
1231 999
1231 1001
1231 1012
1231 1027
1231 1030
1231 1036
1231 1037
1231 1038
1231 1039
1231 1046
1231 1063
1231 1076
1231 1091
1231 1094
1231 1095
1231 1100
1231 1101
1231 1102
1231 1103
1231 1107
1231 1126
1231 1127
1231 1140
1231 1155
1231 1164
1231 1165
1231 1166
1231 1167
1231 1171
1231 1190
1231 1191
1231 1204
1231 1219
1231 1222
1231 1223
1231 1227
1231 1228
1231 1229
1231 1230
1231 1235
1231 1237
1231 1254
1231 1255
1231 1268
1232 1040
1232 1104
1232 1168
1232 1248
1233 665
1233 1041
1233 1105
1233 1169
1233 1243
1234 37
1234 70
1234 83
1234 132
1234 149
1234 195
1234 228
1234 270
1234 292
1234 305
1234 388
1234 402
1234 408
1234 411
1234 438
1234 472
1234 477
1234 489
1234 514
1234 530
1234 541
1234 594
1234 596
1234 608
1234 612
1234 617
1234 640
1234 644
1234 657
1234 658
1234 670
1234 681
1234 689
1234 691
1234 724
1234 726
1234 728
1234 732
1234 742
1234 820
1234 855
1234 863
1234 864
1234 897
1234 903
1234 913
1234 930
1234 932
1234 941
1234 962
1234 964
1234 970
1234 983
1234 984
1234 988
1234 992
1234 994
1234 996
1234 1011
1234 1034
1234 1042
1234 1060
1234 1061
1234 1092
1234 1106
1234 1108
1234 1109
1234 1115
1234 1118
1234 1139
1234 1156
1234 1159
1234 1163
1234 1170
1234 1174
1234 1180
1234 1188
1234 1217
1234 1226
1234 1239
1234 1250
1235 6
1235 13
1235 14
1235 19
1235 38
1235 76
1235 134
1235 141
1235 142
1235 147
1235 156
1235 198
1235 203
1235 206
1235 207
1235 230
1235 231
1235 262
1235 269
1235 295
1235 326
1235 327
1235 331
1235 333
1235 334
1235 339
1235 348
1235 356
1235 357
1235 358
1235 359
1235 372
1235 387
1235 390
1235 391
1235 395
1235 396
1235 397
1235 398
1235 399
1235 403
1235 404
1235 405
1235 406
1235 415
1235 418
1235 421
1235 422
1235 423
1235 433
1235 435
1235 451
1235 452
1235 454
1235 455
1235 459
1235 460
1235 461
1235 462
1235 463
1235 467
1235 468
1235 469
1235 470
1235 476
1235 478
1235 485
1235 486
1235 487
1235 497
1235 502
1235 515
1235 518
1235 519
1235 523
1235 524
1235 525
1235 526
1235 527
1235 531
1235 534
1235 540
1235 542
1235 548
1235 549
1235 550
1235 551
1235 564
1235 579
1235 582
1235 583
1235 587
1235 588
1235 589
1235 590
1235 591
1235 595
1235 597
1235 598
1235 613
1235 614
1235 615
1235 625
1235 643
1235 646
1235 647
1235 651
1235 652
1235 653
1235 654
1235 655
1235 659
1235 660
1235 661
1235 662
1235 668
1235 674
1235 677
1235 678
1235 679
1235 692
1235 707
1235 710
1235 711
1235 715
1235 716
1235 717
1235 718
1235 719
1235 723
1235 725
1235 731
1235 743
1235 774
1235 775
1235 779
1235 780
1235 781
1235 782
1235 783
1235 807
1235 835
1235 838
1235 839
1235 843
1235 844
1235 845
1235 846
1235 847
1235 851
1235 853
1235 854
1235 862
1235 868
1235 871
1235 884
1235 899
1235 902
1235 907
1235 908
1235 909
1235 910
1235 911
1235 915
1235 916
1235 917
1235 918
1235 924
1235 926
1235 933
1235 934
1235 935
1235 948
1235 961
1235 963
1235 966
1235 967
1235 971
1235 972
1235 973
1235 974
1235 975
1235 978
1235 979
1235 980
1235 981
1235 982
1235 990
1235 997
1235 998
1235 999
1235 1001
1235 1009
1235 1012
1235 1014
1235 1027
1235 1030
1235 1035
1235 1036
1235 1037
1235 1038
1235 1039
1235 1043
1235 1044
1235 1045
1235 1046
1235 1058
1235 1062
1235 1063
1235 1076
1235 1091
1235 1094
1235 1095
1235 1099
1235 1100
1235 1101
1235 1102
1235 1103
1235 1107
1235 1126
1235 1127
1235 1140
1235 1155
1235 1164
1235 1165
1235 1166
1235 1167
1235 1171
1235 1190
1235 1191
1235 1204
1235 1219
1235 1220
1235 1222
1235 1223
1235 1227
1235 1228
1235 1229
1235 1230
1235 1231
1235 1236
1235 1237
1235 1238
1235 1246
1235 1252
1235 1253
1235 1254
1235 1255
1235 1268
1236 7
1236 11
1236 21
1236 22
1236 28
1236 71
1236 135
1236 139
1236 166
1236 167
1236 199
1236 211
1236 214
1236 222
1236 263
1236 275
1236 277
1236 294
1236 340
1236 342
1236 347
1236 351
1236 354
1236 387
1236 388
1236 391
1236 394
1236 395
1236 404
1236 406
1236 408
1236 411
1236 415
1236 418
1236 420
1236 421
1236 422
1236 433
1236 435
1236 438
1236 449
1236 451
1236 452
1236 458
1236 459
1236 462
1236 468
1236 470
1236 476
1236 478
1236 484
1236 494
1236 497
1236 500
1236 502
1236 516
1236 518
1236 519
1236 531
1236 532
1236 533
1236 534
1236 540
1236 541
1236 542
1236 548
1236 549
1236 561
1236 564
1236 579
1236 583
1236 587
1236 594
1236 595
1236 596
1236 597
1236 598
1236 604
1236 606
1236 608
1236 610
1236 613
1236 614
1236 625
1236 640
1236 643
1236 646
1236 647
1236 651
1236 657
1236 660
1236 661
1236 662
1236 668
1236 674
1236 676
1236 677
1236 678
1236 689
1236 691
1236 692
1236 707
1236 710
1236 711
1236 715
1236 718
1236 723
1236 725
1236 726
1236 731
1236 732
1236 742
1236 743
1236 771
1236 774
1236 775
1236 779
1236 781
1236 782
1236 783
1236 787
1236 805
1236 807
1236 820
1236 839
1236 843
1236 846
1236 847
1236 851
1236 853
1236 854
1236 855
1236 862
1236 864
1236 868
1236 869
1236 870
1236 884
1236 897
1236 903
1236 906
1236 907
1236 915
1236 916
1236 917
1236 918
1236 924
1236 926
1236 930
1236 934
1236 948
1236 960
1236 961
1236 962
1236 964
1236 967
1236 970
1236 978
1236 980
1236 981
1236 982
1236 988
1236 990
1236 991
1236 992
1236 997
1236 1001
1236 1009
1236 1011
1236 1014
1236 1030
1236 1031
1236 1034
1236 1035
1236 1037
1236 1038
1236 1043
1236 1044
1236 1045
1236 1046
1236 1052
1236 1056
1236 1058
1236 1061
1236 1062
1236 1076
1236 1094
1236 1095
1236 1099
1236 1102
1236 1107
1236 1108
1236 1109
1236 1110
1236 1116
1236 1125
1236 1126
1236 1155
1236 1156
1236 1158
1236 1163
1236 1166
1236 1167
1236 1171
1236 1172
1236 1174
1236 1180
1236 1188
1236 1190
1236 1191
1236 1204
1236 1216
1236 1220
1236 1223
1236 1227
1236 1235
1236 1237
1236 1238
1236 1246
1236 1252
1236 1253
1236 1255
1236 1269
1237 13
1237 14
1237 19
1237 22
1237 38
1237 76
1237 78
1237 79
1237 134
1237 135
1237 141
1237 147
1237 156
1237 198
1237 199
1237 203
1237 205
1237 211
1237 213
1237 230
1237 231
1237 262
1237 267
1237 269
1237 286
1237 295
1237 323
1237 324
1237 327
1237 331
1237 339
1237 341
1237 342
1237 348
1237 356
1237 357
1237 358
1237 372
1237 387
1237 390
1237 391
1237 394
1237 395
1237 396
1237 397
1237 398
1237 399
1237 403
1237 404
1237 405
1237 406
1237 415
1237 418
1237 420
1237 421
1237 422
1237 423
1237 433
1237 435
1237 438
1237 449
1237 451
1237 452
1237 454
1237 455
1237 458
1237 459
1237 461
1237 462
1237 463
1237 467
1237 468
1237 469
1237 470
1237 476
1237 478
1237 484
1237 485
1237 486
1237 487
1237 494
1237 497
1237 500
1237 502
1237 515
1237 516
1237 518
1237 519
1237 523
1237 525
1237 526
1237 527
1237 531
1237 532
1237 533
1237 534
1237 540
1237 542
1237 548
1237 549
1237 550
1237 551
1237 561
1237 564
1237 579
1237 582
1237 583
1237 587
1237 588
1237 589
1237 590
1237 595
1237 597
1237 598
1237 604
1237 606
1237 610
1237 613
1237 614
1237 615
1237 625
1237 643
1237 646
1237 647
1237 651
1237 653
1237 654
1237 655
1237 659
1237 660
1237 661
1237 662
1237 668
1237 674
1237 676
1237 677
1237 678
1237 679
1237 692
1237 707
1237 710
1237 711
1237 715
1237 716
1237 717
1237 718
1237 719
1237 723
1237 725
1237 731
1237 743
1237 771
1237 774
1237 775
1237 779
1237 780
1237 781
1237 782
1237 783
1237 787
1237 805
1237 807
1237 835
1237 838
1237 839
1237 843
1237 846
1237 847
1237 851
1237 853
1237 854
1237 862
1237 868
1237 869
1237 870
1237 871
1237 884
1237 899
1237 902
1237 906
1237 907
1237 909
1237 910
1237 911
1237 915
1237 916
1237 917
1237 918
1237 924
1237 926
1237 933
1237 934
1237 935
1237 948
1237 960
1237 961
1237 963
1237 966
1237 967
1237 971
1237 974
1237 978
1237 979
1237 980
1237 981
1237 982
1237 990
1237 991
1237 997
1237 998
1237 1001
1237 1009
1237 1012
1237 1014
1237 1027
1237 1030
1237 1031
1237 1035
1237 1036
1237 1037
1237 1038
1237 1039
1237 1043
1237 1044
1237 1045
1237 1046
1237 1052
1237 1056
1237 1058
1237 1062
1237 1063
1237 1076
1237 1091
1237 1094
1237 1095
1237 1099
1237 1100
1237 1101
1237 1102
1237 1103
1237 1107
1237 1109
1237 1110
1237 1116
1237 1125
1237 1126
1237 1127
1237 1140
1237 1155
1237 1158
1237 1164
1237 1165
1237 1166
1237 1167
1237 1171
1237 1173
1237 1190
1237 1191
1237 1204
1237 1216
1237 1220
1237 1222
1237 1223
1237 1227
1237 1230
1237 1231
1237 1235
1237 1236
1237 1238
1237 1246
1237 1252
1237 1253
1237 1254
1237 1255
1237 1268
1237 1269
1238 11
1238 21
1238 22
1238 28
1238 71
1238 79
1238 135
1238 139
1238 167
1238 199
1238 211
1238 214
1238 222
1238 263
1238 275
1238 277
1238 294
1238 323
1238 324
1238 340
1238 342
1238 347
1238 351
1238 354
1238 387
1238 388
1238 391
1238 394
1238 395
1238 404
1238 406
1238 408
1238 411
1238 415
1238 418
1238 420
1238 421
1238 422
1238 433
1238 435
1238 438
1238 449
1238 451
1238 452
1238 455
1238 458
1238 459
1238 462
1238 468
1238 470
1238 476
1238 478
1238 484
1238 485
1238 494
1238 497
1238 500
1238 502
1238 516
1238 518
1238 519
1238 523
1238 531
1238 532
1238 533
1238 534
1238 540
1238 541
1238 542
1238 548
1238 549
1238 561
1238 564
1238 579
1238 583
1238 587
1238 594
1238 595
1238 596
1238 597
1238 598
1238 604
1238 606
1238 608
1238 610
1238 613
1238 614
1238 625
1238 640
1238 643
1238 646
1238 647
1238 651
1238 657
1238 660
1238 661
1238 662
1238 668
1238 674
1238 676
1238 677
1238 678
1238 689
1238 691
1238 692
1238 707
1238 710
1238 711
1238 715
1238 718
1238 723
1238 725
1238 726
1238 731
1238 732
1238 742
1238 743
1238 771
1238 774
1238 775
1238 779
1238 781
1238 782
1238 783
1238 787
1238 805
1238 807
1238 820
1238 839
1238 843
1238 846
1238 847
1238 851
1238 853
1238 854
1238 855
1238 862
1238 864
1238 868
1238 869
1238 870
1238 884
1238 897
1238 903
1238 906
1238 907
1238 915
1238 916
1238 917
1238 918
1238 924
1238 926
1238 930
1238 933
1238 934
1238 948
1238 960
1238 961
1238 962
1238 964
1238 967
1238 970
1238 978
1238 980
1238 981
1238 982
1238 988
1238 990
1238 991
1238 992
1238 997
1238 1001
1238 1009
1238 1011
1238 1014
1238 1030
1238 1031
1238 1034
1238 1035
1238 1037
1238 1038
1238 1043
1238 1044
1238 1045
1238 1046
1238 1052
1238 1056
1238 1058
1238 1061
1238 1062
1238 1076
1238 1094
1238 1095
1238 1099
1238 1102
1238 1107
1238 1108
1238 1109
1238 1110
1238 1116
1238 1125
1238 1126
1238 1155
1238 1156
1238 1158
1238 1163
1238 1166
1238 1167
1238 1171
1238 1174
1238 1180
1238 1188
1238 1190
1238 1191
1238 1204
1238 1216
1238 1220
1238 1223
1238 1227
1238 1235
1238 1236
1238 1237
1238 1246
1238 1252
1238 1253
1238 1254
1238 1255
1238 1268
1238 1269
1239 37
1239 70
1239 75
1239 83
1239 132
1239 195
1239 220
1239 228
1239 270
1239 292
1239 305
1239 402
1239 408
1239 411
1239 472
1239 477
1239 489
1239 514
1239 530
1239 541
1239 594
1239 596
1239 612
1239 617
1239 640
1239 644
1239 657
1239 658
1239 670
1239 681
1239 689
1239 691
1239 724
1239 726
1239 728
1239 742
1239 820
1239 855
1239 863
1239 864
1239 897
1239 903
1239 913
1239 930
1239 932
1239 941
1239 962
1239 964
1239 970
1239 983
1239 984
1239 988
1239 992
1239 994
1239 996
1239 1011
1239 1047
1239 1060
1239 1092
1239 1108
1239 1109
1239 1111
1239 1115
1239 1118
1239 1139
1239 1156
1239 1159
1239 1174
1239 1175
1239 1180
1239 1188
1239 1217
1239 1226
1239 1234
1239 1250
1240 1048
1240 1112
1240 1176
1241 246
1241 575
1241 1049
1241 1113
1241 1177
1242 183
1242 296
1242 1050
1242 1114
1242 1178
1242 1201
1242 1205
1243 665
1243 1051
1243 1115
1243 1179
1243 1233
1244 365
1244 939
1244 1052
1244 1116
1244 1180
1245 56
1245 1053
1245 1117
1245 1181
1246 7
1246 11
1246 21
1246 22
1246 28
1246 71
1246 135
1246 139
1246 166
1246 167
1246 196
1246 199
1246 211
1246 214
1246 222
1246 263
1246 275
1246 277
1246 294
1246 340
1246 342
1246 347
1246 351
1246 354
1246 387
1246 388
1246 391
1246 394
1246 395
1246 404
1246 406
1246 408
1246 411
1246 415
1246 418
1246 420
1246 421
1246 422
1246 433
1246 435
1246 438
1246 449
1246 451
1246 452
1246 458
1246 459
1246 462
1246 468
1246 470
1246 476
1246 478
1246 484
1246 494
1246 497
1246 500
1246 502
1246 516
1246 518
1246 531
1246 532
1246 533
1246 534
1246 540
1246 541
1246 542
1246 548
1246 549
1246 561
1246 564
1246 579
1246 583
1246 594
1246 595
1246 596
1246 597
1246 598
1246 604
1246 606
1246 608
1246 610
1246 613
1246 614
1246 625
1246 640
1246 646
1246 647
1246 651
1246 657
1246 660
1246 661
1246 662
1246 668
1246 674
1246 676
1246 677
1246 678
1246 689
1246 691
1246 692
1246 707
1246 710
1246 711
1246 715
1246 718
1246 723
1246 725
1246 726
1246 731
1246 732
1246 742
1246 743
1246 771
1246 774
1246 775
1246 779
1246 781
1246 782
1246 783
1246 787
1246 805
1246 807
1246 820
1246 839
1246 843
1246 846
1246 851
1246 853
1246 854
1246 855
1246 862
1246 864
1246 868
1246 869
1246 870
1246 897
1246 903
1246 906
1246 907
1246 915
1246 916
1246 917
1246 918
1246 924
1246 926
1246 930
1246 934
1246 960
1246 961
1246 962
1246 964
1246 967
1246 970
1246 978
1246 980
1246 981
1246 982
1246 988
1246 990
1246 991
1246 992
1246 997
1246 1001
1246 1009
1246 1011
1246 1014
1246 1030
1246 1031
1246 1034
1246 1035
1246 1038
1246 1043
1246 1044
1246 1045
1246 1046
1246 1052
1246 1054
1246 1056
1246 1058
1246 1061
1246 1062
1246 1076
1246 1094
1246 1095
1246 1099
1246 1102
1246 1107
1246 1108
1246 1109
1246 1110
1246 1116
1246 1118
1246 1125
1246 1126
1246 1156
1246 1158
1246 1163
1246 1166
1246 1167
1246 1171
1246 1174
1246 1180
1246 1182
1246 1188
1246 1190
1246 1191
1246 1204
1246 1216
1246 1220
1246 1223
1246 1227
1246 1235
1246 1236
1246 1237
1246 1238
1246 1252
1246 1253
1246 1269
1247 738
1247 860
1247 1055
1247 1119
1247 1183
1248 1056
1248 1120
1248 1184
1248 1232
1249 54
1249 1057
1249 1121
1249 1185
1250 37
1250 70
1250 75
1250 83
1250 132
1250 195
1250 220
1250 228
1250 270
1250 292
1250 305
1250 388
1250 402
1250 408
1250 411
1250 472
1250 477
1250 489
1250 514
1250 530
1250 541
1250 594
1250 596
1250 608
1250 612
1250 617
1250 640
1250 644
1250 657
1250 658
1250 670
1250 681
1250 689
1250 691
1250 724
1250 726
1250 728
1250 732
1250 742
1250 820
1250 855
1250 863
1250 864
1250 897
1250 903
1250 913
1250 930
1250 932
1250 941
1250 962
1250 964
1250 970
1250 983
1250 984
1250 988
1250 992
1250 994
1250 996
1250 1011
1250 1058
1250 1060
1250 1061
1250 1092
1250 1108
1250 1109
1250 1115
1250 1118
1250 1122
1250 1139
1250 1156
1250 1159
1250 1163
1250 1174
1250 1180
1250 1186
1250 1188
1250 1217
1250 1226
1250 1234
1250 1239
1251 1059
1251 1123
1251 1187
1252 11
1252 21
1252 22
1252 28
1252 71
1252 79
1252 135
1252 139
1252 167
1252 199
1252 211
1252 214
1252 222
1252 263
1252 275
1252 277
1252 294
1252 323
1252 324
1252 340
1252 342
1252 347
1252 351
1252 354
1252 387
1252 388
1252 391
1252 394
1252 395
1252 404
1252 406
1252 408
1252 411
1252 415
1252 418
1252 420
1252 421
1252 422
1252 433
1252 435
1252 438
1252 449
1252 451
1252 452
1252 455
1252 458
1252 459
1252 462
1252 468
1252 470
1252 476
1252 478
1252 484
1252 485
1252 494
1252 497
1252 500
1252 502
1252 516
1252 518
1252 519
1252 523
1252 531
1252 532
1252 533
1252 534
1252 540
1252 541
1252 542
1252 548
1252 549
1252 561
1252 564
1252 579
1252 583
1252 587
1252 594
1252 595
1252 596
1252 597
1252 598
1252 604
1252 606
1252 608
1252 610
1252 613
1252 614
1252 625
1252 640
1252 643
1252 646
1252 647
1252 651
1252 657
1252 660
1252 661
1252 662
1252 668
1252 674
1252 676
1252 677
1252 678
1252 689
1252 691
1252 692
1252 707
1252 710
1252 711
1252 715
1252 718
1252 719
1252 723
1252 725
1252 726
1252 731
1252 732
1252 742
1252 743
1252 771
1252 774
1252 775
1252 779
1252 781
1252 782
1252 783
1252 787
1252 805
1252 807
1252 820
1252 835
1252 839
1252 843
1252 846
1252 847
1252 851
1252 853
1252 854
1252 855
1252 862
1252 864
1252 868
1252 869
1252 870
1252 884
1252 897
1252 903
1252 906
1252 907
1252 915
1252 916
1252 917
1252 918
1252 924
1252 926
1252 930
1252 933
1252 934
1252 948
1252 960
1252 961
1252 962
1252 964
1252 967
1252 970
1252 978
1252 980
1252 981
1252 982
1252 988
1252 990
1252 991
1252 992
1252 997
1252 1001
1252 1009
1252 1011
1252 1014
1252 1030
1252 1031
1252 1034
1252 1035
1252 1037
1252 1038
1252 1043
1252 1044
1252 1045
1252 1046
1252 1052
1252 1056
1252 1058
1252 1060
1252 1061
1252 1062
1252 1076
1252 1094
1252 1095
1252 1099
1252 1102
1252 1107
1252 1108
1252 1109
1252 1110
1252 1116
1252 1124
1252 1125
1252 1126
1252 1155
1252 1156
1252 1158
1252 1163
1252 1166
1252 1167
1252 1171
1252 1174
1252 1180
1252 1188
1252 1190
1252 1191
1252 1204
1252 1216
1252 1220
1252 1223
1252 1227
1252 1235
1252 1236
1252 1237
1252 1238
1252 1246
1252 1253
1252 1254
1252 1255
1252 1268
1252 1269
1253 11
1253 21
1253 22
1253 28
1253 71
1253 78
1253 79
1253 134
1253 135
1253 139
1253 147
1253 156
1253 167
1253 199
1253 203
1253 205
1253 211
1253 213
1253 214
1253 222
1253 263
1253 267
1253 275
1253 286
1253 295
1253 323
1253 324
1253 327
1253 340
1253 341
1253 342
1253 347
1253 354
1253 387
1253 388
1253 391
1253 394
1253 395
1253 397
1253 403
1253 404
1253 405
1253 406
1253 408
1253 415
1253 418
1253 420
1253 421
1253 422
1253 423
1253 433
1253 435
1253 438
1253 449
1253 451
1253 452
1253 455
1253 458
1253 459
1253 461
1253 462
1253 463
1253 468
1253 469
1253 470
1253 476
1253 478
1253 484
1253 485
1253 486
1253 487
1253 494
1253 497
1253 500
1253 502
1253 515
1253 516
1253 518
1253 519
1253 523
1253 526
1253 531
1253 532
1253 533
1253 534
1253 540
1253 541
1253 542
1253 548
1253 549
1253 551
1253 561
1253 564
1253 579
1253 582
1253 583
1253 587
1253 595
1253 596
1253 597
1253 598
1253 604
1253 606
1253 608
1253 610
1253 613
1253 614
1253 615
1253 625
1253 640
1253 643
1253 646
1253 647
1253 651
1253 657
1253 660
1253 661
1253 662
1253 668
1253 674
1253 676
1253 677
1253 678
1253 679
1253 689
1253 691
1253 692
1253 707
1253 710
1253 711
1253 715
1253 716
1253 717
1253 718
1253 719
1253 723
1253 725
1253 731
1253 732
1253 742
1253 743
1253 771
1253 774
1253 775
1253 779
1253 781
1253 782
1253 783
1253 787
1253 805
1253 807
1253 820
1253 835
1253 838
1253 839
1253 843
1253 846
1253 847
1253 851
1253 853
1253 854
1253 855
1253 862
1253 864
1253 868
1253 869
1253 870
1253 871
1253 884
1253 902
1253 906
1253 907
1253 910
1253 911
1253 915
1253 916
1253 917
1253 918
1253 924
1253 926
1253 930
1253 933
1253 934
1253 935
1253 948
1253 960
1253 961
1253 962
1253 966
1253 967
1253 970
1253 971
1253 974
1253 978
1253 979
1253 980
1253 981
1253 982
1253 990
1253 991
1253 997
1253 998
1253 1001
1253 1009
1253 1012
1253 1014
1253 1027
1253 1030
1253 1031
1253 1034
1253 1035
1253 1037
1253 1038
1253 1039
1253 1043
1253 1044
1253 1045
1253 1046
1253 1052
1253 1056
1253 1058
1253 1061
1253 1062
1253 1063
1253 1076
1253 1091
1253 1094
1253 1095
1253 1099
1253 1101
1253 1102
1253 1107
1253 1109
1253 1110
1253 1116
1253 1125
1253 1126
1253 1127
1253 1140
1253 1155
1253 1158
1253 1163
1253 1165
1253 1166
1253 1167
1253 1171
1253 1174
1253 1188
1253 1189
1253 1190
1253 1191
1253 1204
1253 1216
1253 1220
1253 1222
1253 1223
1253 1227
1253 1230
1253 1235
1253 1236
1253 1237
1253 1238
1253 1246
1253 1252
1253 1254
1253 1255
1253 1268
1253 1269
1254 6
1254 13
1254 14
1254 19
1254 38
1254 76
1254 140
1254 141
1254 142
1254 143
1254 198
1254 204
1254 206
1254 207
1254 230
1254 262
1254 269
1254 326
1254 331
1254 333
1254 334
1254 339
1254 348
1254 356
1254 357
1254 358
1254 359
1254 372
1254 387
1254 390
1254 391
1254 395
1254 396
1254 397
1254 398
1254 399
1254 403
1254 404
1254 405
1254 406
1254 418
1254 421
1254 422
1254 423
1254 433
1254 435
1254 451
1254 452
1254 454
1254 455
1254 459
1254 460
1254 461
1254 462
1254 463
1254 467
1254 468
1254 469
1254 470
1254 476
1254 478
1254 485
1254 486
1254 487
1254 497
1254 502
1254 515
1254 518
1254 519
1254 523
1254 524
1254 525
1254 526
1254 527
1254 531
1254 534
1254 540
1254 542
1254 548
1254 549
1254 550
1254 551
1254 564
1254 579
1254 582
1254 583
1254 587
1254 588
1254 589
1254 590
1254 591
1254 595
1254 597
1254 598
1254 613
1254 614
1254 615
1254 625
1254 643
1254 646
1254 647
1254 651
1254 652
1254 653
1254 654
1254 655
1254 659
1254 660
1254 661
1254 662
1254 668
1254 674
1254 677
1254 678
1254 679
1254 692
1254 707
1254 710
1254 711
1254 715
1254 716
1254 717
1254 718
1254 719
1254 723
1254 725
1254 743
1254 774
1254 775
1254 779
1254 780
1254 781
1254 782
1254 783
1254 807
1254 835
1254 838
1254 839
1254 843
1254 844
1254 845
1254 846
1254 847
1254 851
1254 853
1254 854
1254 871
1254 884
1254 899
1254 902
1254 907
1254 908
1254 909
1254 910
1254 911
1254 915
1254 916
1254 917
1254 918
1254 924
1254 926
1254 933
1254 934
1254 935
1254 948
1254 961
1254 963
1254 966
1254 967
1254 971
1254 972
1254 973
1254 974
1254 975
1254 978
1254 979
1254 980
1254 981
1254 982
1254 990
1254 997
1254 998
1254 999
1254 1001
1254 1009
1254 1012
1254 1014
1254 1027
1254 1030
1254 1035
1254 1036
1254 1037
1254 1038
1254 1039
1254 1043
1254 1045
1254 1046
1254 1062
1254 1063
1254 1076
1254 1091
1254 1094
1254 1095
1254 1099
1254 1100
1254 1101
1254 1102
1254 1103
1254 1107
1254 1126
1254 1127
1254 1140
1254 1155
1254 1164
1254 1165
1254 1166
1254 1167
1254 1171
1254 1190
1254 1191
1254 1204
1254 1219
1254 1222
1254 1223
1254 1227
1254 1228
1254 1229
1254 1230
1254 1231
1254 1235
1254 1237
1254 1238
1254 1252
1254 1253
1254 1255
1254 1268
1255 6
1255 13
1255 14
1255 19
1255 38
1255 76
1255 141
1255 142
1255 143
1255 147
1255 198
1255 203
1255 206
1255 207
1255 230
1255 231
1255 262
1255 269
1255 326
1255 327
1255 331
1255 333
1255 334
1255 339
1255 348
1255 356
1255 357
1255 358
1255 359
1255 372
1255 387
1255 390
1255 391
1255 395
1255 396
1255 397
1255 398
1255 399
1255 403
1255 404
1255 405
1255 406
1255 418
1255 421
1255 422
1255 423
1255 433
1255 435
1255 451
1255 452
1255 454
1255 455
1255 459
1255 460
1255 461
1255 462
1255 463
1255 467
1255 468
1255 469
1255 470
1255 476
1255 478
1255 485
1255 486
1255 487
1255 497
1255 502
1255 515
1255 518
1255 519
1255 523
1255 524
1255 525
1255 526
1255 527
1255 531
1255 534
1255 540
1255 542
1255 548
1255 549
1255 550
1255 551
1255 564
1255 579
1255 582
1255 583
1255 587
1255 588
1255 589
1255 590
1255 591
1255 595
1255 597
1255 598
1255 613
1255 614
1255 615
1255 625
1255 643
1255 646
1255 647
1255 651
1255 652
1255 653
1255 654
1255 655
1255 659
1255 660
1255 661
1255 662
1255 668
1255 674
1255 677
1255 678
1255 679
1255 692
1255 707
1255 710
1255 711
1255 715
1255 716
1255 717
1255 718
1255 719
1255 723
1255 725
1255 731
1255 743
1255 774
1255 775
1255 779
1255 780
1255 781
1255 782
1255 783
1255 807
1255 835
1255 838
1255 839
1255 843
1255 844
1255 845
1255 846
1255 847
1255 851
1255 853
1255 854
1255 862
1255 868
1255 871
1255 884
1255 899
1255 902
1255 907
1255 908
1255 909
1255 910
1255 911
1255 915
1255 916
1255 917
1255 918
1255 924
1255 926
1255 933
1255 934
1255 935
1255 948
1255 961
1255 963
1255 966
1255 967
1255 971
1255 972
1255 973
1255 974
1255 975
1255 978
1255 979
1255 980
1255 981
1255 982
1255 990
1255 997
1255 998
1255 999
1255 1001
1255 1009
1255 1012
1255 1014
1255 1027
1255 1030
1255 1035
1255 1036
1255 1037
1255 1038
1255 1039
1255 1043
1255 1044
1255 1045
1255 1046
1255 1062
1255 1063
1255 1076
1255 1091
1255 1094
1255 1095
1255 1099
1255 1100
1255 1101
1255 1102
1255 1103
1255 1107
1255 1126
1255 1127
1255 1140
1255 1155
1255 1164
1255 1165
1255 1166
1255 1167
1255 1171
1255 1190
1255 1191
1255 1204
1255 1219
1255 1220
1255 1222
1255 1223
1255 1227
1255 1228
1255 1229
1255 1230
1255 1231
1255 1235
1255 1236
1255 1237
1255 1238
1255 1252
1255 1253
1255 1254
1255 1268
1256 1064
1256 1128
1256 1192
1257 419
1257 1065
1257 1129
1257 1193
1258 401
1258 1066
1258 1130
1258 1194
1259 555
1259 1067
1259 1131
1259 1195
1260 685
1260 1068
1260 1132
1260 1196
1261 1069
1261 1133
1261 1197
1262 1070
1262 1134
1262 1198
1263 1071
1263 1135
1263 1199
1264 8
1264 1072
1264 1136
1264 1200
1265 266
1265 280
1265 1073
1265 1137
1265 1201
1266 115
1266 1074
1266 1138
1266 1202
1267 887
1267 1065
1267 1075
1267 1139
1267 1203
1268 6
1268 13
1268 14
1268 19
1268 38
1268 76
1268 140
1268 141
1268 142
1268 143
1268 198
1268 204
1268 206
1268 207
1268 230
1268 262
1268 269
1268 326
1268 331
1268 333
1268 334
1268 339
1268 348
1268 356
1268 357
1268 358
1268 359
1268 372
1268 387
1268 390
1268 391
1268 395
1268 396
1268 397
1268 398
1268 399
1268 403
1268 404
1268 405
1268 406
1268 418
1268 421
1268 422
1268 423
1268 433
1268 435
1268 451
1268 452
1268 454
1268 455
1268 459
1268 460
1268 461
1268 462
1268 463
1268 467
1268 468
1268 469
1268 470
1268 476
1268 478
1268 485
1268 486
1268 487
1268 502
1268 515
1268 518
1268 519
1268 523
1268 524
1268 525
1268 526
1268 527
1268 531
1268 534
1268 540
1268 542
1268 548
1268 549
1268 550
1268 551
1268 564
1268 579
1268 582
1268 583
1268 587
1268 588
1268 589
1268 590
1268 591
1268 595
1268 597
1268 598
1268 613
1268 614
1268 615
1268 643
1268 646
1268 647
1268 651
1268 652
1268 653
1268 654
1268 655
1268 659
1268 660
1268 661
1268 662
1268 668
1268 674
1268 677
1268 678
1268 679
1268 692
1268 707
1268 710
1268 711
1268 715
1268 716
1268 717
1268 718
1268 719
1268 723
1268 725
1268 743
1268 774
1268 775
1268 779
1268 780
1268 781
1268 782
1268 783
1268 807
1268 835
1268 838
1268 839
1268 843
1268 844
1268 845
1268 846
1268 847
1268 851
1268 853
1268 854
1268 871
1268 884
1268 899
1268 902
1268 907
1268 908
1268 909
1268 910
1268 911
1268 915
1268 916
1268 917
1268 918
1268 924
1268 926
1268 933
1268 934
1268 935
1268 948
1268 961
1268 963
1268 966
1268 967
1268 971
1268 972
1268 973
1268 974
1268 975
1268 978
1268 979
1268 980
1268 981
1268 982
1268 990
1268 997
1268 998
1268 999
1268 1001
1268 1009
1268 1012
1268 1014
1268 1027
1268 1030
1268 1035
1268 1036
1268 1037
1268 1038
1268 1039
1268 1043
1268 1045
1268 1046
1268 1062
1268 1063
1268 1076
1268 1091
1268 1094
1268 1095
1268 1099
1268 1100
1268 1101
1268 1102
1268 1103
1268 1107
1268 1126
1268 1127
1268 1140
1268 1155
1268 1164
1268 1165
1268 1166
1268 1167
1268 1171
1268 1190
1268 1191
1268 1204
1268 1219
1268 1222
1268 1223
1268 1227
1268 1228
1268 1229
1268 1230
1268 1231
1268 1235
1268 1237
1268 1238
1268 1252
1268 1253
1268 1254
1268 1255
1269 7
1269 11
1269 20
1269 28
1269 71
1269 158
1269 164
1269 166
1269 167
1269 196
1269 212
1269 214
1269 222
1269 263
1269 275
1269 277
1269 278
1269 293
1269 294
1269 351
1269 354
1269 366
1269 369
1269 388
1269 391
1269 394
1269 404
1269 406
1269 408
1269 411
1269 415
1269 418
1269 420
1269 421
1269 433
1269 435
1269 438
1269 449
1269 452
1269 458
1269 459
1269 462
1269 476
1269 478
1269 484
1269 489
1269 494
1269 497
1269 500
1269 502
1269 516
1269 518
1269 531
1269 532
1269 533
1269 534
1269 540
1269 541
1269 542
1269 548
1269 561
1269 564
1269 583
1269 594
1269 595
1269 596
1269 597
1269 598
1269 604
1269 606
1269 608
1269 610
1269 613
1269 614
1269 625
1269 640
1269 647
1269 657
1269 660
1269 662
1269 668
1269 670
1269 674
1269 676
1269 677
1269 689
1269 691
1269 692
1269 710
1269 711
1269 715
1269 718
1269 723
1269 725
1269 726
1269 731
1269 732
1269 742
1269 743
1269 771
1269 774
1269 775
1269 779
1269 782
1269 783
1269 787
1269 805
1269 820
1269 839
1269 851
1269 853
1269 854
1269 855
1269 862
1269 864
1269 868
1269 869
1269 870
1269 897
1269 903
1269 906
1269 916
1269 917
1269 918
1269 926
1269 930
1269 934
1269 960
1269 961
1269 962
1269 964
1269 967
1269 970
1269 980
1269 984
1269 988
1269 990
1269 991
1269 992
1269 996
1269 1001
1269 1009
1269 1011
1269 1014
1269 1030
1269 1031
1269 1034
1269 1035
1269 1038
1269 1043
1269 1044
1269 1045
1269 1046
1269 1052
1269 1056
1269 1058
1269 1060
1269 1061
1269 1062
1269 1077
1269 1092
1269 1094
1269 1095
1269 1099
1269 1102
1269 1107
1269 1108
1269 1109
1269 1110
1269 1116
1269 1125
1269 1139
1269 1141
1269 1156
1269 1158
1269 1163
1269 1166
1269 1167
1269 1171
1269 1174
1269 1180
1269 1188
1269 1190
1269 1205
1269 1216
1269 1220
1269 1227
1269 1236
1269 1237
1269 1238
1269 1246
1269 1252
1269 1253
1270 721
1270 1055
1270 1078
1270 1130
1270 1142
1270 1206
1271 1079
1271 1143
1271 1207
1272 703
1272 1080
1272 1144
1272 1208
1273 621
1273 1081
1273 1145
1273 1209
1274 52
1274 684
1274 1082
1274 1113
1274 1146
1274 1210
1275 1083
1275 1147
1275 1211
1276 272
1276 559
1276 687
1276 747
1276 1080
1276 1084
1276 1148
1276 1212
1277 352
1277 1085
1277 1149
1277 1213
1278 18
1278 1086
1278 1150
1278 1214
1279 236
1279 821
1279 1087
1279 1151
1279 1215
