0 64
0 128
0 192
1 65
1 129
1 193
1 423
2 66
2 130
2 194
3 67
3 131
3 195
3 259
3 266
3 394
3 524
3 770
3 771
4 41
4 68
4 132
4 178
4 196
5 9
5 13
5 15
5 17
5 69
5 73
5 75
5 76
5 77
5 79
5 81
5 93
5 133
5 137
5 139
5 140
5 141
5 143
5 145
5 157
5 194
5 195
5 197
5 201
5 203
5 204
5 205
5 207
5 209
5 221
5 261
5 265
5 267
5 268
5 269
5 271
5 273
5 285
5 325
5 329
5 331
5 332
5 333
5 335
5 387
5 389
5 393
5 395
5 397
5 399
5 401
5 451
5 453
5 457
5 459
5 461
5 463
5 465
5 515
5 517
5 521
5 523
5 525
5 527
5 529
5 578
5 581
5 585
5 587
5 588
5 589
5 591
5 593
5 605
5 620
5 645
5 649
5 651
5 653
5 655
5 706
5 707
5 709
5 713
5 715
5 717
5 721
5 733
5 773
5 777
5 779
5 780
5 781
5 783
5 785
5 834
5 835
5 837
5 841
5 843
5 844
5 845
5 849
5 861
5 876
5 901
5 905
5 962
5 963
5 969
5 972
5 973
5 989
5 1027
5 1041
5 1091
5 1097
5 1153
5 1161
5 1163
5 1165
5 1169
5 1179
5 1217
5 1225
5 1227
5 1229
5 1233
5 1243
5 1245
6 70
6 134
6 198
6 262
6 326
6 390
6 454
6 519
6 582
6 647
6 710
6 775
6 838
6 902
6 966
6 1030
6 1095
6 1158
6 1222
7 71
7 135
7 199
8 18
8 72
8 136
8 200
8 336
8 612
8 995
9 5
9 13
9 15
9 17
9 69
9 73
9 75
9 76
9 77
9 79
9 81
9 93
9 133
9 137
9 139
9 140
9 141
9 143
9 145
9 157
9 194
9 195
9 201
9 203
9 204
9 205
9 209
9 221
9 258
9 261
9 265
9 267
9 268
9 269
9 271
9 273
9 285
9 325
9 329
9 331
9 332
9 333
9 335
9 387
9 389
9 393
9 395
9 397
9 399
9 401
9 451
9 453
9 457
9 459
9 461
9 463
9 465
9 515
9 517
9 521
9 523
9 525
9 527
9 529
9 578
9 579
9 581
9 585
9 587
9 588
9 589
9 593
9 605
9 620
9 645
9 649
9 651
9 653
9 655
9 706
9 707
9 713
9 715
9 717
9 721
9 733
9 773
9 777
9 779
9 780
9 781
9 783
9 785
9 834
9 835
9 841
9 843
9 844
9 845
9 849
9 861
9 876
9 901
9 905
9 962
9 963
9 969
9 972
9 973
9 989
9 1027
9 1053
9 1091
9 1097
9 1153
9 1161
9 1163
9 1165
9 1169
9 1179
9 1181
9 1217
9 1225
9 1227
9 1229
9 1233
9 1243
9 1245
10 74
10 138
10 202
11 29
11 66
11 75
11 130
11 131
11 139
11 203
11 396
11 413
11 450
11 460
11 477
11 524
11 541
11 579
11 642
11 643
11 657
11 684
11 716
11 718
11 771
11 797
11 842
11 846
11 1051
11 1154
11 1218
12 76
12 140
12 204
13 5
13 9
13 17
13 29
13 66
13 75
13 76
13 77
13 81
13 93
13 139
13 140
13 141
13 145
13 157
13 194
13 195
13 204
13 205
13 209
13 221
13 258
13 268
13 269
13 273
13 285
13 329
13 331
13 332
13 333
13 387
13 396
13 397
13 401
13 413
13 450
13 451
13 457
13 459
13 460
13 461
13 465
13 477
13 515
13 525
13 529
13 541
13 578
13 579
13 588
13 593
13 605
13 620
13 642
13 643
13 649
13 653
13 657
13 706
13 707
13 716
13 718
13 721
13 777
13 779
13 780
13 785
13 797
13 834
13 835
13 842
13 844
13 846
13 849
13 861
13 876
13 961
13 987
13 1004
13 1026
13 1035
13 1099
13 1100
13 1101
13 1105
13 1132
13 1196
14 78
14 142
14 206
15 5
15 9
15 69
15 73
15 75
15 76
15 77
15 79
15 81
15 93
15 133
15 137
15 139
15 141
15 143
15 145
15 157
15 194
15 197
15 201
15 203
15 204
15 205
15 207
15 209
15 221
15 261
15 265
15 267
15 268
15 269
15 271
15 273
15 285
15 325
15 329
15 331
15 332
15 333
15 335
15 387
15 389
15 393
15 395
15 397
15 399
15 401
15 451
15 453
15 457
15 459
15 461
15 463
15 465
15 515
15 517
15 521
15 523
15 527
15 529
15 578
15 581
15 585
15 587
15 589
15 591
15 593
15 605
15 620
15 645
15 649
15 651
15 653
15 655
15 706
15 707
15 709
15 713
15 715
15 717
15 719
15 721
15 733
15 773
15 777
15 779
15 780
15 781
15 783
15 785
15 835
15 837
15 841
15 843
15 844
15 845
15 847
15 849
15 861
15 876
15 901
15 911
15 962
15 963
15 969
15 971
15 972
15 973
15 977
15 989
15 1033
15 1041
15 1093
15 1155
15 1161
15 1165
15 1217
15 1219
15 1225
15 1227
15 1229
15 1243
15 1245
16 80
16 144
16 208
16 1012
17 5
17 9
17 13
17 29
17 66
17 75
17 76
17 81
17 93
17 130
17 139
17 140
17 141
17 145
17 157
17 194
17 195
17 209
17 221
17 258
17 268
17 269
17 273
17 285
17 329
17 331
17 332
17 333
17 387
17 396
17 397
17 401
17 413
17 450
17 451
17 459
17 460
17 461
17 465
17 477
17 515
17 525
17 529
17 541
17 578
17 579
17 588
17 593
17 605
17 620
17 642
17 643
17 649
17 653
17 657
17 706
17 707
17 716
17 718
17 777
17 779
17 780
17 785
17 797
17 834
17 835
17 842
17 844
17 846
17 861
17 876
17 961
17 987
17 1004
17 1026
17 1035
17 1089
17 1100
17 1101
17 1105
17 1132
17 1196
17 1228
17 1260
18 8
18 82
18 146
18 210
18 336
18 612
18 995
19 83
19 147
19 211
19 1271
20 84
20 148
20 212
21 85
21 117
21 149
21 213
21 234
21 1263
22 86
22 150
22 214
22 1021
23 87
23 151
23 215
24 88
24 152
24 216
24 697
25 89
25 110
25 153
25 217
26 90
26 154
26 218
26 495
26 1111
27 91
27 155
27 219
27 735
27 746
27 1064
28 68
28 92
28 156
28 220
28 356
28 437
29 11
29 13
29 17
29 66
29 93
29 130
29 131
29 140
29 157
29 195
29 221
29 258
29 396
29 413
29 450
29 460
29 477
29 524
29 525
29 541
29 579
29 588
29 642
29 643
29 657
29 684
29 716
29 718
29 771
29 797
29 834
29 842
29 846
29 1190
29 1218
30 94
30 158
30 222
31 95
31 159
31 223
31 1085
32 96
32 160
32 224
33 97
33 161
33 225
33 546
33 596
33 625
33 668
33 799
33 1048
34 98
34 162
34 226
34 1076
35 99
35 163
35 227
36 100
36 164
36 228
36 983
37 101
37 165
37 229
38 102
38 166
38 200
38 230
38 726
39 103
39 167
39 231
39 1050
39 1077
40 104
40 168
40 232
40 1257
41 4
41 105
41 169
41 178
41 233
42 106
42 170
42 234
42 761
42 874
42 1018
42 1123
43 63
43 107
43 171
43 235
44 108
44 172
44 233
44 236
44 539
44 1013
45 109
45 173
45 237
45 370
45 809
46 110
46 174
46 238
46 442
46 624
47 106
47 111
47 175
47 239
48 112
48 176
48 240
49 113
49 177
49 241
50 114
50 178
50 242
50 611
50 1017
50 1199
51 115
51 179
51 243
51 297
51 406
51 862
52 116
52 180
52 244
52 565
52 884
52 942
53 88
53 117
53 181
53 245
53 688
54 118
54 182
54 246
54 369
54 701
54 764
55 119
55 177
55 183
55 247
55 494
55 1059
55 1148
56 120
56 184
56 248
57 121
57 185
57 249
58 122
58 186
58 250
58 767
59 123
59 187
59 251
59 367
59 433
59 543
60 124
60 188
60 252
60 497
61 125
61 189
61 253
61 362
62 126
62 190
62 254
62 1082
63 43
63 127
63 191
64 0
64 128
64 192
64 256
64 772
64 1092
64 1241
65 1
65 129
65 193
65 257
65 513
65 988
65 1106
66 2
66 11
66 13
66 17
66 29
66 130
66 131
66 140
66 194
66 195
66 258
66 396
66 413
66 450
66 460
66 477
66 524
66 525
66 541
66 579
66 588
66 642
66 643
66 657
66 684
66 716
66 718
66 771
66 797
66 834
66 842
66 846
66 907
66 1190
66 1218
67 3
67 131
67 195
67 259
67 646
67 970
68 4
68 28
68 132
68 196
68 260
68 356
68 437
69 5
69 9
69 15
69 73
69 75
69 76
69 77
69 79
69 81
69 133
69 137
69 139
69 141
69 143
69 145
69 157
69 194
69 197
69 201
69 203
69 204
69 205
69 207
69 209
69 221
69 261
69 265
69 267
69 268
69 269
69 271
69 273
69 285
69 325
69 329
69 331
69 333
69 335
69 389
69 393
69 395
69 397
69 399
69 451
69 453
69 457
69 459
69 461
69 463
69 517
69 521
69 523
69 527
69 578
69 581
69 585
69 587
69 589
69 591
69 620
69 645
69 649
69 651
69 653
69 655
69 706
69 707
69 709
69 713
69 715
69 717
69 719
69 721
69 733
69 773
69 777
69 779
69 780
69 781
69 783
69 835
69 837
69 841
69 843
69 845
69 847
69 849
69 861
69 876
69 901
69 905
69 911
69 963
69 971
69 972
69 977
69 1029
69 1033
69 1041
69 1093
69 1155
69 1157
69 1161
69 1217
69 1219
69 1221
69 1225
69 1227
70 6
70 134
70 198
70 262
70 326
70 390
70 454
70 519
70 582
70 647
70 710
70 775
70 838
70 902
70 966
70 1030
70 1095
70 1158
70 1222
71 7
71 135
71 199
71 263
72 8
72 136
72 196
72 200
72 264
72 796
73 5
73 9
73 15
73 69
73 75
73 76
73 77
73 79
73 81
73 93
73 133
73 137
73 139
73 141
73 143
73 145
73 157
73 194
73 197
73 201
73 203
73 204
73 205
73 207
73 209
73 221
73 261
73 265
73 267
73 268
73 269
73 271
73 273
73 285
73 325
73 329
73 331
73 332
73 333
73 335
73 387
73 389
73 393
73 395
73 397
73 399
73 401
73 451
73 453
73 457
73 459
73 461
73 463
73 465
73 515
73 517
73 521
73 523
73 525
73 527
73 529
73 578
73 581
73 585
73 587
73 589
73 591
73 593
73 605
73 620
73 645
73 649
73 651
73 653
73 655
73 706
73 707
73 709
73 713
73 715
73 717
73 719
73 721
73 733
73 773
73 777
73 779
73 780
73 781
73 783
73 785
73 835
73 837
73 841
73 843
73 844
73 845
73 847
73 849
73 861
73 876
73 901
73 905
73 911
73 962
73 963
73 969
73 971
73 972
73 973
73 977
73 989
73 1033
73 1041
73 1153
73 1155
73 1161
73 1165
73 1169
73 1217
73 1219
73 1225
73 1227
73 1229
73 1243
73 1245
74 10
74 138
74 202
74 266
74 731
75 5
75 9
75 11
75 13
75 15
75 17
75 69
75 73
75 76
75 77
75 79
75 81
75 93
75 133
75 137
75 139
75 140
75 141
75 143
75 145
75 157
75 194
75 195
75 201
75 203
75 204
75 205
75 207
75 209
75 221
75 258
75 261
75 265
75 267
75 268
75 269
75 271
75 273
75 285
75 325
75 329
75 331
75 332
75 333
75 335
75 387
75 389
75 393
75 395
75 397
75 399
75 401
75 451
75 453
75 457
75 459
75 461
75 463
75 465
75 515
75 517
75 521
75 523
75 525
75 527
75 529
75 578
75 579
75 581
75 585
75 587
75 588
75 589
75 593
75 605
75 620
75 645
75 649
75 651
75 653
75 655
75 706
75 707
75 713
75 715
75 717
75 721
75 733
75 773
75 777
75 779
75 780
75 781
75 783
75 785
75 834
75 835
75 837
75 841
75 843
75 844
75 845
75 849
75 861
75 876
75 901
75 905
75 911
75 962
75 963
75 969
75 972
75 973
75 989
75 1027
75 1053
75 1091
75 1097
75 1153
75 1161
75 1163
75 1165
75 1169
75 1179
75 1181
75 1217
75 1225
75 1227
75 1229
75 1233
75 1243
75 1245
76 5
76 9
76 12
76 13
76 15
76 17
76 69
76 73
76 75
76 77
76 79
76 81
76 93
76 133
76 137
76 139
76 140
76 141
76 145
76 157
76 194
76 195
76 201
76 203
76 204
76 205
76 209
76 221
76 258
76 261
76 265
76 267
76 268
76 269
76 273
76 285
76 325
76 329
76 331
76 332
76 333
76 335
76 387
76 389
76 393
76 395
76 397
76 399
76 401
76 451
76 453
76 457
76 459
76 461
76 463
76 465
76 515
76 517
76 521
76 523
76 525
76 527
76 529
76 578
76 579
76 585
76 587
76 588
76 589
76 593
76 605
76 620
76 645
76 649
76 651
76 653
76 655
76 706
76 707
76 713
76 715
76 716
76 717
76 721
76 733
76 773
76 777
76 779
76 780
76 781
76 783
76 785
76 834
76 835
76 841
76 843
76 844
76 845
76 849
76 861
76 876
76 901
76 905
76 911
76 962
76 969
76 972
76 973
76 989
76 1027
76 1037
76 1053
76 1091
76 1097
76 1153
76 1163
76 1165
76 1169
76 1179
76 1181
76 1217
76 1225
76 1227
76 1229
76 1233
76 1243
76 1245
77 5
77 9
77 13
77 15
77 69
77 73
77 75
77 76
77 79
77 81
77 93
77 133
77 137
77 139
77 141
77 143
77 145
77 157
77 194
77 195
77 197
77 201
77 203
77 204
77 205
77 207
77 209
77 221
77 261
77 265
77 267
77 268
77 269
77 271
77 273
77 285
77 325
77 329
77 331
77 332
77 333
77 335
77 387
77 389
77 393
77 395
77 397
77 399
77 401
77 451
77 453
77 457
77 459
77 461
77 463
77 465
77 515
77 517
77 521
77 523
77 525
77 527
77 529
77 578
77 581
77 585
77 587
77 589
77 591
77 593
77 605
77 620
77 645
77 649
77 651
77 653
77 655
77 706
77 707
77 709
77 713
77 715
77 717
77 721
77 733
77 773
77 777
77 779
77 780
77 781
77 783
77 785
77 835
77 837
77 841
77 843
77 844
77 845
77 849
77 861
77 876
77 901
77 905
77 911
77 962
77 963
77 969
77 972
77 973
77 989
77 1041
77 1097
77 1153
77 1155
77 1161
77 1165
77 1169
77 1179
77 1217
77 1225
77 1227
77 1229
77 1233
77 1243
77 1245
78 14
78 142
78 206
78 270
79 5
79 9
79 15
79 69
79 73
79 75
79 76
79 77
79 81
79 133
79 137
79 139
79 141
79 143
79 145
79 194
79 197
79 201
79 203
79 204
79 205
79 207
79 209
79 221
79 261
79 265
79 267
79 268
79 269
79 271
79 273
79 325
79 329
79 335
79 389
79 393
79 395
79 397
79 399
79 451
79 453
79 457
79 461
79 463
79 517
79 521
79 523
79 527
79 581
79 585
79 587
79 589
79 591
79 620
79 645
79 649
79 651
79 655
79 707
79 709
79 713
79 715
79 717
79 719
79 721
79 733
79 773
79 777
79 779
79 781
79 783
79 835
79 837
79 841
79 843
79 845
79 847
79 849
79 901
79 905
79 911
79 965
79 971
79 975
79 977
79 1029
79 1033
79 1039
79 1041
79 1093
79 1103
79 1155
79 1157
79 1219
79 1221
79 1231
80 16
80 144
80 208
80 272
81 5
81 9
81 13
81 15
81 17
81 69
81 73
81 75
81 76
81 77
81 79
81 93
81 133
81 137
81 139
81 140
81 141
81 145
81 157
81 194
81 195
81 201
81 203
81 204
81 205
81 209
81 221
81 258
81 261
81 265
81 267
81 268
81 269
81 273
81 285
81 325
81 329
81 331
81 332
81 333
81 335
81 387
81 389
81 393
81 395
81 397
81 399
81 401
81 451
81 453
81 457
81 459
81 461
81 463
81 465
81 515
81 517
81 521
81 523
81 525
81 527
81 529
81 578
81 579
81 585
81 587
81 588
81 589
81 593
81 605
81 620
81 645
81 649
81 651
81 653
81 655
81 706
81 707
81 713
81 715
81 716
81 717
81 721
81 733
81 773
81 777
81 779
81 780
81 781
81 783
81 785
81 834
81 835
81 841
81 843
81 844
81 845
81 849
81 861
81 876
81 901
81 905
81 911
81 962
81 969
81 972
81 973
81 989
81 1027
81 1037
81 1053
81 1091
81 1097
81 1153
81 1163
81 1165
81 1169
81 1179
81 1181
81 1217
81 1225
81 1227
81 1229
81 1233
81 1243
81 1245
82 18
82 146
82 187
82 210
82 274
82 1024
83 19
83 147
83 211
83 275
83 626
84 20
84 148
84 212
84 252
84 276
84 919
84 953
85 21
85 117
85 149
85 213
85 234
85 277
85 1263
86 22
86 150
86 214
86 278
86 1237
87 23
87 151
87 215
87 279
87 468
88 24
88 53
88 152
88 216
88 280
88 688
89 25
89 153
89 159
89 217
89 281
89 741
89 938
89 1140
90 26
90 154
90 218
90 282
91 27
91 155
91 219
91 283
91 798
92 28
92 156
92 220
92 284
92 303
92 348
92 802
93 5
93 9
93 13
93 15
93 17
93 29
93 73
93 75
93 76
93 77
93 81
93 139
93 140
93 141
93 145
93 157
93 194
93 195
93 204
93 205
93 209
93 221
93 258
93 268
93 269
93 273
93 285
93 329
93 331
93 332
93 333
93 335
93 387
93 393
93 395
93 396
93 397
93 401
93 413
93 451
93 457
93 459
93 460
93 461
93 465
93 477
93 515
93 521
93 523
93 525
93 529
93 541
93 578
93 579
93 585
93 588
93 589
93 593
93 605
93 620
93 642
93 643
93 649
93 651
93 653
93 706
93 707
93 715
93 716
93 717
93 721
93 733
93 777
93 779
93 780
93 781
93 785
93 797
93 834
93 835
93 841
93 842
93 843
93 844
93 845
93 846
93 849
93 861
93 876
93 901
93 905
93 907
93 987
93 1026
93 1027
93 1035
93 1037
93 1053
93 1091
93 1097
93 1099
93 1100
93 1101
93 1153
93 1163
93 1169
93 1179
93 1181
93 1233
94 30
94 158
94 222
94 286
94 627
95 31
95 159
95 223
95 287
95 679
95 856
96 32
96 160
96 224
96 288
97 33
97 161
97 225
97 289
97 315
98 34
98 162
98 226
98 290
98 489
98 871
98 1135
99 35
99 163
99 227
99 253
99 291
99 472
100 36
100 164
100 228
100 292
100 354
100 545
101 37
101 144
101 165
101 229
101 293
101 984
102 38
102 166
102 230
102 294
103 39
103 167
103 231
103 295
103 661
103 848
104 40
104 168
104 232
104 296
104 420
104 680
105 41
105 169
105 233
105 297
105 629
105 1137
106 42
106 47
106 170
106 234
106 298
107 43
107 171
107 235
107 299
107 568
107 945
108 44
108 172
108 233
108 236
108 300
108 539
108 1013
109 45
109 173
109 237
109 301
109 553
110 25
110 46
110 174
110 238
110 302
111 47
111 175
111 239
111 303
111 634
112 48
112 176
112 240
112 304
113 49
113 177
113 241
113 305
113 552
114 50
114 178
114 242
114 292
114 306
114 308
115 51
115 179
115 243
115 307
116 52
116 125
116 180
116 244
116 308
116 407
116 1178
117 21
117 53
117 85
117 181
117 234
117 245
117 309
117 1263
118 54
118 182
118 213
118 246
118 310
118 520
118 635
118 776
119 55
119 183
119 247
119 311
119 1207
120 56
120 184
120 248
120 312
121 57
121 185
121 188
121 249
121 313
121 504
122 58
122 186
122 250
122 314
123 59
123 187
123 251
123 315
123 1268
124 60
124 188
124 252
124 316
124 573
125 61
125 116
125 189
125 253
125 317
125 407
125 1178
126 62
126 127
126 190
126 254
126 318
126 1151
126 1198
127 63
127 126
127 191
127 255
127 319
127 1151
127 1198
128 0
128 64
128 192
128 256
128 320
129 1
129 65
129 193
129 257
129 321
130 2
130 11
130 17
130 29
130 66
130 131
130 140
130 194
130 258
130 322
130 396
130 413
130 450
130 460
130 477
130 524
130 541
130 579
130 588
130 642
130 643
130 657
130 684
130 716
130 718
130 771
130 797
130 834
130 842
130 846
130 907
130 961
130 992
130 1004
130 1051
130 1154
130 1190
130 1218
131 3
131 11
131 29
131 66
131 67
131 130
131 195
131 259
131 323
131 450
131 460
131 524
131 541
131 642
131 657
131 684
131 718
131 770
131 771
131 842
131 1051
131 1154
132 4
132 68
132 196
132 260
132 324
132 725
133 5
133 9
133 15
133 69
133 73
133 75
133 76
133 77
133 79
133 81
133 137
133 139
133 141
133 143
133 145
133 194
133 197
133 201
133 203
133 204
133 205
133 207
133 209
133 221
133 261
133 265
133 267
133 268
133 269
133 271
133 273
133 325
133 329
133 335
133 389
133 393
133 395
133 397
133 399
133 453
133 457
133 461
133 463
133 517
133 521
133 523
133 527
133 581
133 585
133 587
133 589
133 591
133 620
133 645
133 649
133 651
133 655
133 707
133 709
133 713
133 715
133 717
133 719
133 721
133 733
133 773
133 777
133 779
133 781
133 783
133 835
133 837
133 841
133 843
133 845
133 847
133 849
133 901
133 911
133 962
133 963
133 965
133 969
133 971
133 972
133 973
133 975
133 977
133 989
133 1029
133 1033
133 1039
133 1041
133 1093
133 1103
133 1155
133 1157
133 1219
133 1221
133 1231
134 6
134 70
134 198
134 262
134 326
134 390
134 454
134 519
134 582
134 647
134 710
134 775
134 838
134 902
134 966
134 1030
134 1095
134 1158
134 1222
135 7
135 71
135 199
135 206
135 263
135 327
136 8
136 72
136 200
136 264
136 328
136 708
136 857
137 5
137 9
137 15
137 69
137 73
137 75
137 76
137 77
137 79
137 81
137 133
137 139
137 141
137 143
137 145
137 157
137 194
137 197
137 201
137 203
137 204
137 205
137 207
137 209
137 221
137 261
137 265
137 267
137 268
137 269
137 271
137 273
137 285
137 325
137 329
137 331
137 333
137 335
137 389
137 393
137 395
137 397
137 399
137 451
137 453
137 457
137 459
137 461
137 463
137 517
137 521
137 523
137 527
137 578
137 581
137 585
137 587
137 589
137 591
137 620
137 645
137 649
137 651
137 653
137 655
137 707
137 709
137 713
137 715
137 717
137 719
137 721
137 733
137 773
137 777
137 779
137 780
137 781
137 783
137 835
137 837
137 841
137 843
137 845
137 847
137 849
137 861
137 876
137 901
137 905
137 911
137 962
137 963
137 965
137 969
137 971
137 972
137 973
137 975
137 977
137 989
137 1029
137 1033
137 1041
137 1093
137 1103
137 1155
137 1157
137 1161
137 1219
137 1221
138 10
138 74
138 202
138 266
138 330
138 1162
139 5
139 9
139 11
139 13
139 15
139 17
139 69
139 73
139 75
139 76
139 77
139 79
139 81
139 93
139 133
139 137
139 140
139 141
139 143
139 145
139 157
139 194
139 195
139 201
139 203
139 204
139 205
139 209
139 221
139 258
139 261
139 265
139 267
139 268
139 269
139 271
139 273
139 285
139 325
139 329
139 331
139 332
139 333
139 335
139 387
139 389
139 393
139 395
139 397
139 399
139 401
139 451
139 453
139 457
139 459
139 461
139 463
139 465
139 515
139 517
139 521
139 523
139 525
139 527
139 529
139 578
139 579
139 585
139 587
139 588
139 589
139 593
139 605
139 620
139 645
139 649
139 651
139 653
139 655
139 706
139 707
139 713
139 715
139 716
139 717
139 721
139 733
139 773
139 777
139 779
139 780
139 781
139 783
139 785
139 834
139 835
139 841
139 843
139 844
139 845
139 849
139 861
139 876
139 901
139 905
139 911
139 961
139 962
139 963
139 969
139 971
139 972
139 973
139 977
139 987
139 989
139 1004
139 1027
139 1037
139 1053
139 1091
139 1097
139 1153
139 1161
139 1163
139 1165
139 1169
139 1179
139 1181
139 1217
139 1225
139 1227
139 1229
139 1233
139 1243
139 1245
140 5
140 9
140 12
140 13
140 17
140 29
140 66
140 75
140 76
140 81
140 93
140 130
140 139
140 141
140 145
140 157
140 194
140 195
140 204
140 221
140 258
140 268
140 273
140 285
140 329
140 331
140 332
140 333
140 387
140 396
140 397
140 401
140 413
140 450
140 451
140 459
140 460
140 461
140 465
140 477
140 515
140 525
140 529
140 541
140 578
140 579
140 588
140 593
140 605
140 620
140 642
140 643
140 653
140 657
140 706
140 707
140 716
140 718
140 777
140 779
140 780
140 785
140 797
140 834
140 835
140 842
140 844
140 846
140 861
140 876
140 905
140 907
140 961
140 962
140 987
140 992
140 1004
140 1026
140 1035
140 1089
140 1100
140 1101
140 1105
140 1132
140 1164
140 1196
140 1228
140 1260
141 5
141 9
141 13
141 15
141 17
141 69
141 73
141 75
141 76
141 77
141 79
141 81
141 93
141 133
141 137
141 139
141 140
141 145
141 157
141 194
141 195
141 201
141 203
141 204
141 205
141 209
141 221
141 258
141 265
141 267
141 268
141 269
141 273
141 285
141 325
141 329
141 331
141 332
141 333
141 335
141 387
141 393
141 395
141 397
141 399
141 401
141 451
141 453
141 457
141 459
141 461
141 463
141 465
141 515
141 517
141 521
141 523
141 525
141 527
141 529
141 578
141 579
141 585
141 587
141 588
141 589
141 593
141 605
141 620
141 645
141 649
141 651
141 653
141 655
141 706
141 707
141 713
141 715
141 716
141 717
141 721
141 733
141 773
141 777
141 779
141 780
141 781
141 785
141 834
141 835
141 841
141 843
141 844
141 845
141 849
141 861
141 876
141 901
141 905
141 911
141 961
141 962
141 963
141 969
141 971
141 972
141 973
141 977
141 987
141 989
141 1004
141 1027
141 1037
141 1053
141 1091
141 1097
141 1099
141 1153
141 1163
141 1165
141 1169
141 1179
141 1181
141 1229
141 1233
141 1243
141 1245
142 14
142 78
142 206
142 270
142 334
143 5
143 9
143 15
143 69
143 73
143 75
143 77
143 79
143 133
143 137
143 139
143 197
143 201
143 203
143 204
143 205
143 207
143 209
143 261
143 265
143 267
143 268
143 269
143 271
143 325
143 329
143 335
143 389
143 393
143 395
143 399
143 453
143 457
143 463
143 517
143 521
143 523
143 527
143 581
143 585
143 587
143 589
143 591
143 620
143 645
143 649
143 651
143 655
143 709
143 713
143 715
143 717
143 719
143 721
143 733
143 773
143 777
143 779
143 781
143 783
143 837
143 841
143 843
143 845
143 847
143 849
143 901
143 911
143 962
143 963
143 965
143 969
143 971
143 972
143 973
143 975
143 977
143 989
143 1029
143 1039
143 1093
143 1103
143 1157
143 1167
143 1219
143 1221
143 1231
144 16
144 80
144 101
144 208
144 272
144 336
144 984
145 5
145 9
145 13
145 15
145 17
145 69
145 73
145 75
145 76
145 77
145 79
145 81
145 93
145 133
145 137
145 139
145 140
145 141
145 157
145 194
145 195
145 201
145 203
145 204
145 205
145 209
145 221
145 258
145 265
145 267
145 268
145 269
145 273
145 285
145 325
145 329
145 331
145 332
145 333
145 335
145 337
145 387
145 393
145 395
145 397
145 399
145 401
145 451
145 453
145 457
145 459
145 461
145 463
145 465
145 515
145 517
145 521
145 523
145 525
145 527
145 529
145 578
145 579
145 585
145 587
145 588
145 589
145 593
145 605
145 620
145 645
145 649
145 651
145 653
145 655
145 706
145 707
145 713
145 715
145 716
145 717
145 721
145 733
145 773
145 777
145 779
145 780
145 781
145 785
145 834
145 835
145 841
145 843
145 844
145 845
145 849
145 861
145 876
145 901
145 905
145 911
145 961
145 962
145 963
145 969
145 971
145 972
145 973
145 977
145 987
145 989
145 1004
145 1027
145 1037
145 1053
145 1091
145 1097
145 1099
145 1153
145 1163
145 1165
145 1169
145 1179
145 1181
145 1217
145 1229
145 1233
145 1243
145 1245
146 18
146 82
146 210
146 274
146 338
146 1184
147 19
147 83
147 211
147 275
147 339
147 1261
148 20
148 84
148 212
148 276
148 340
148 575
148 816
149 21
149 85
149 213
149 277
149 341
149 388
150 22
150 86
150 214
150 278
150 342
150 1069
151 23
151 87
151 215
151 279
151 343
151 622
151 689
152 24
152 88
152 216
152 280
152 344
152 440
152 560
152 569
152 1210
152 1279
153 25
153 89
153 217
153 281
153 345
153 665
154 26
154 90
154 218
154 282
154 346
154 951
155 27
155 91
155 219
155 283
155 347
155 604
155 712
156 28
156 92
156 182
156 220
156 284
156 348
157 5
157 9
157 13
157 15
157 17
157 29
157 69
157 73
157 75
157 76
157 77
157 81
157 93
157 137
157 139
157 140
157 141
157 145
157 194
157 195
157 203
157 204
157 205
157 209
157 221
157 258
157 265
157 267
157 268
157 269
157 273
157 285
157 325
157 329
157 331
157 332
157 333
157 335
157 349
157 387
157 393
157 395
157 397
157 401
157 413
157 451
157 457
157 459
157 461
157 463
157 465
157 515
157 517
157 521
157 523
157 525
157 527
157 529
157 578
157 579
157 585
157 587
157 588
157 589
157 593
157 605
157 620
157 649
157 651
157 653
157 706
157 707
157 713
157 715
157 716
157 717
157 721
157 733
157 777
157 779
157 780
157 781
157 785
157 797
157 834
157 835
157 841
157 843
157 844
157 845
157 846
157 849
157 861
157 876
157 901
157 905
157 911
157 961
157 962
157 963
157 969
157 971
157 972
157 973
157 977
157 987
157 989
157 992
157 1004
157 1027
157 1035
157 1037
157 1053
157 1091
157 1097
157 1099
157 1153
157 1163
157 1165
157 1169
157 1179
157 1181
157 1233
157 1243
157 1245
158 30
158 94
158 222
158 286
158 350
159 31
159 89
159 95
159 223
159 287
159 351
159 741
159 938
159 1140
160 32
160 96
160 224
160 288
160 352
160 1180
161 33
161 97
161 225
161 260
161 289
161 353
161 365
161 429
161 484
162 34
162 98
162 226
162 290
162 354
163 35
163 99
163 227
163 291
163 355
163 410
164 36
164 100
164 228
164 292
164 356
164 405
164 487
165 37
165 101
165 229
165 293
165 357
165 538
165 1049
166 38
166 102
166 230
166 294
166 358
166 790
166 979
166 1216
167 39
167 103
167 231
167 295
167 359
167 1147
168 40
168 104
168 232
168 296
168 312
168 360
168 490
168 535
168 660
169 41
169 105
169 233
169 297
169 361
169 613
169 947
170 42
170 106
170 234
170 298
170 362
170 895
171 43
171 107
171 235
171 299
171 363
171 762
172 44
172 108
172 236
172 300
172 364
172 1005
173 45
173 109
173 237
173 301
173 365
174 46
174 110
174 238
174 302
174 366
174 375
174 1022
175 47
175 111
175 239
175 303
175 367
175 892
176 48
176 112
176 240
176 304
176 368
176 505
177 49
177 55
177 113
177 241
177 305
177 369
177 494
177 1059
177 1148
178 4
178 41
178 50
178 114
178 242
178 306
178 370
179 51
179 115
179 243
179 307
179 371
180 52
180 116
180 244
180 308
180 372
181 53
181 117
181 245
181 309
181 373
181 631
181 690
182 54
182 118
182 156
182 246
182 310
182 374
183 55
183 119
183 247
183 311
183 375
184 56
184 120
184 248
184 312
184 376
184 831
184 1131
185 57
185 121
185 249
185 313
185 377
185 924
185 1084
186 58
186 122
186 250
186 314
186 378
187 59
187 82
187 123
187 251
187 315
187 379
187 1024
188 60
188 121
188 124
188 252
188 316
188 380
188 504
189 61
189 125
189 253
189 299
189 317
189 381
190 62
190 126
190 254
190 318
190 382
190 491
190 508
190 1087
190 1215
191 63
191 127
191 255
191 319
191 383
192 0
192 64
192 128
192 256
192 320
192 384
193 1
193 65
193 129
193 257
193 321
193 385
193 996
194 2
194 5
194 9
194 13
194 15
194 17
194 66
194 69
194 73
194 75
194 76
194 77
194 79
194 81
194 93
194 130
194 133
194 137
194 139
194 140
194 141
194 145
194 157
194 195
194 201
194 203
194 204
194 205
194 209
194 221
194 258
194 265
194 267
194 268
194 269
194 273
194 285
194 322
194 325
194 329
194 331
194 332
194 333
194 335
194 386
194 387
194 389
194 393
194 395
194 397
194 399
194 401
194 451
194 453
194 457
194 459
194 461
194 463
194 465
194 515
194 517
194 521
194 523
194 525
194 527
194 529
194 578
194 579
194 585
194 587
194 588
194 589
194 593
194 605
194 620
194 645
194 649
194 651
194 653
194 655
194 706
194 707
194 713
194 715
194 716
194 717
194 721
194 733
194 773
194 777
194 779
194 780
194 781
194 785
194 834
194 835
194 841
194 843
194 844
194 845
194 849
194 861
194 876
194 901
194 905
194 911
194 961
194 962
194 963
194 969
194 971
194 972
194 973
194 977
194 987
194 989
194 1004
194 1026
194 1027
194 1029
194 1033
194 1035
194 1037
194 1041
194 1053
194 1091
194 1097
194 1099
194 1153
194 1163
194 1165
194 1169
194 1179
194 1181
194 1217
194 1225
194 1227
194 1229
194 1233
194 1243
194 1245
195 3
195 5
195 9
195 13
195 17
195 29
195 66
195 67
195 75
195 76
195 77
195 81
195 93
195 131
195 139
195 140
195 141
195 145
195 157
195 194
195 204
195 209
195 221
195 258
195 259
195 268
195 269
195 273
195 285
195 323
195 329
195 331
195 332
195 333
195 387
195 396
195 397
195 401
195 413
195 450
195 451
195 457
195 459
195 460
195 461
195 465
195 477
195 515
195 525
195 529
195 541
195 578
195 579
195 588
195 593
195 605
195 620
195 642
195 643
195 649
195 653
195 657
195 706
195 707
195 716
195 718
195 721
195 777
195 779
195 780
195 785
195 797
195 834
195 835
195 842
195 844
195 846
195 849
195 861
195 876
195 901
195 905
195 907
195 961
195 962
195 969
195 973
195 987
195 989
195 992
195 1004
195 1026
195 1027
195 1035
195 1037
195 1053
195 1099
195 1100
195 1101
195 1132
195 1196
196 4
196 68
196 72
196 132
196 260
196 324
196 388
196 796
197 5
197 15
197 69
197 73
197 77
197 79
197 133
197 137
197 143
197 201
197 203
197 204
197 205
197 207
197 209
197 261
197 265
197 267
197 269
197 271
197 325
197 329
197 335
197 389
197 393
197 395
197 399
197 453
197 457
197 463
197 517
197 521
197 523
197 527
197 581
197 585
197 587
197 589
197 591
197 620
197 645
197 649
197 651
197 655
197 709
197 713
197 715
197 717
197 719
197 721
197 733
197 773
197 781
197 783
197 837
197 841
197 843
197 845
197 847
197 849
197 901
197 911
197 963
197 965
197 969
197 971
197 972
197 973
197 975
197 977
197 989
197 1029
197 1033
197 1039
197 1041
197 1103
197 1157
197 1167
197 1221
197 1231
198 6
198 70
198 134
198 262
198 326
198 390
198 454
198 519
198 582
198 647
198 710
198 775
198 838
198 902
198 966
198 1030
198 1095
198 1158
198 1222
199 7
199 71
199 135
199 263
199 327
199 391
200 8
200 38
200 72
200 136
200 264
200 328
200 392
200 726
201 5
201 9
201 15
201 69
201 73
201 75
201 76
201 77
201 79
201 81
201 133
201 137
201 139
201 141
201 143
201 145
201 194
201 197
201 203
201 204
201 205
201 207
201 209
201 221
201 261
201 265
201 267
201 268
201 269
201 271
201 273
201 325
201 329
201 335
201 389
201 393
201 395
201 397
201 399
201 451
201 453
201 457
201 461
201 463
201 517
201 521
201 523
201 527
201 581
201 585
201 587
201 589
201 591
201 620
201 645
201 649
201 651
201 655
201 707
201 709
201 713
201 715
201 717
201 719
201 721
201 733
201 773
201 777
201 779
201 781
201 783
201 835
201 837
201 841
201 843
201 845
201 847
201 849
201 901
201 911
201 962
201 963
201 965
201 969
201 971
201 972
201 973
201 975
201 977
201 989
201 1029
201 1033
201 1039
201 1041
201 1093
201 1103
201 1155
201 1157
201 1219
201 1221
201 1231
202 10
202 74
202 138
202 266
202 330
202 394
203 5
203 9
203 11
203 15
203 69
203 73
203 75
203 76
203 77
203 79
203 81
203 133
203 137
203 139
203 141
203 143
203 145
203 157
203 194
203 197
203 201
203 204
203 205
203 207
203 209
203 221
203 261
203 265
203 267
203 268
203 269
203 271
203 273
203 285
203 325
203 329
203 331
203 333
203 335
203 387
203 389
203 393
203 395
203 397
203 399
203 401
203 451
203 453
203 457
203 459
203 461
203 463
203 465
203 517
203 521
203 523
203 527
203 529
203 578
203 581
203 585
203 587
203 589
203 591
203 593
203 605
203 620
203 645
203 649
203 651
203 653
203 655
203 706
203 707
203 709
203 713
203 715
203 717
203 719
203 721
203 733
203 773
203 777
203 779
203 780
203 781
203 783
203 835
203 837
203 841
203 843
203 845
203 847
203 849
203 861
203 876
203 901
203 905
203 911
203 962
203 963
203 965
203 969
203 971
203 972
203 973
203 975
203 977
203 989
203 1027
203 1029
203 1033
203 1037
203 1039
203 1041
203 1053
203 1093
203 1155
203 1157
203 1161
203 1217
203 1219
203 1221
203 1225
203 1227
203 1229
204 5
204 9
204 12
204 13
204 15
204 69
204 73
204 75
204 76
204 77
204 79
204 81
204 93
204 133
204 137
204 139
204 140
204 141
204 143
204 145
204 157
204 194
204 195
204 197
204 201
204 203
204 205
204 207
204 209
204 221
204 261
204 265
204 267
204 268
204 269
204 271
204 273
204 285
204 325
204 329
204 331
204 332
204 333
204 335
204 387
204 389
204 393
204 395
204 396
204 397
204 399
204 401
204 451
204 453
204 457
204 459
204 461
204 463
204 465
204 515
204 517
204 521
204 523
204 525
204 527
204 529
204 578
204 581
204 585
204 587
204 589
204 591
204 593
204 605
204 620
204 645
204 649
204 651
204 653
204 655
204 706
204 707
204 709
204 713
204 715
204 717
204 721
204 733
204 773
204 777
204 779
204 780
204 781
204 783
204 785
204 835
204 837
204 841
204 843
204 844
204 845
204 849
204 861
204 876
204 901
204 905
204 911
204 962
204 963
204 965
204 969
204 971
204 972
204 973
204 975
204 977
204 987
204 989
204 1026
204 1027
204 1029
204 1033
204 1035
204 1037
204 1039
204 1041
204 1053
204 1097
204 1153
204 1155
204 1161
204 1165
204 1169
204 1179
204 1217
204 1225
204 1227
204 1229
204 1233
204 1243
204 1245
205 5
205 9
205 13
205 15
205 69
205 73
205 75
205 76
205 77
205 79
205 81
205 93
205 133
205 137
205 139
205 141
205 143
205 145
205 157
205 194
205 197
205 201
205 203
205 204
205 207
205 209
205 221
205 261
205 265
205 267
205 268
205 269
205 271
205 273
205 285
205 325
205 329
205 331
205 332
205 333
205 335
205 387
205 389
205 393
205 395
205 397
205 399
205 401
205 451
205 453
205 457
205 459
205 461
205 463
205 465
205 515
205 517
205 521
205 523
205 527
205 529
205 578
205 581
205 585
205 587
205 589
205 591
205 593
205 605
205 620
205 645
205 649
205 651
205 653
205 655
205 706
205 707
205 709
205 713
205 715
205 717
205 719
205 721
205 733
205 773
205 777
205 779
205 780
205 781
205 783
205 835
205 837
205 841
205 843
205 845
205 847
205 849
205 861
205 876
205 901
205 905
205 911
205 962
205 963
205 965
205 969
205 971
205 972
205 973
205 975
205 977
205 989
205 1027
205 1029
205 1033
205 1037
205 1039
205 1041
205 1053
205 1093
205 1155
205 1161
205 1217
205 1219
205 1221
205 1225
205 1227
205 1229
206 14
206 78
206 135
206 142
206 270
206 334
206 398
207 5
207 15
207 69
207 73
207 75
207 77
207 79
207 133
207 137
207 143
207 197
207 201
207 203
207 204
207 205
207 209
207 261
207 265
207 267
207 268
207 269
207 271
207 325
207 329
207 335
207 389
207 393
207 395
207 399
207 453
207 457
207 463
207 517
207 521
207 523
207 527
207 581
207 585
207 587
207 589
207 591
207 620
207 645
207 649
207 651
207 655
207 709
207 713
207 715
207 717
207 719
207 721
207 733
207 773
207 777
207 779
207 781
207 783
207 837
207 841
207 843
207 845
207 847
207 849
207 901
207 911
207 963
207 965
207 969
207 971
207 972
207 973
207 975
207 977
207 989
207 1029
207 1033
207 1039
207 1041
207 1093
207 1103
207 1157
207 1167
207 1221
207 1231
208 16
208 80
208 144
208 229
208 272
208 336
208 400
208 930
208 1247
209 5
209 9
209 13
209 15
209 17
209 69
209 73
209 75
209 76
209 77
209 79
209 81
209 93
209 133
209 137
209 139
209 141
209 143
209 145
209 157
209 194
209 195
209 197
209 201
209 203
209 204
209 205
209 207
209 221
209 261
209 265
209 267
209 268
209 269
209 271
209 273
209 285
209 325
209 329
209 331
209 332
209 333
209 335
209 337
209 387
209 389
209 393
209 395
209 397
209 399
209 401
209 451
209 453
209 457
209 459
209 461
209 463
209 465
209 515
209 517
209 521
209 523
209 525
209 527
209 529
209 578
209 581
209 585
209 587
209 589
209 591
209 593
209 605
209 620
209 645
209 649
209 651
209 653
209 655
209 706
209 707
209 709
209 713
209 715
209 717
209 721
209 733
209 773
209 777
209 779
209 780
209 781
209 783
209 785
209 834
209 835
209 837
209 841
209 843
209 844
209 845
209 849
209 861
209 876
209 901
209 905
209 911
209 961
209 962
209 963
209 965
209 969
209 971
209 972
209 973
209 975
209 977
209 987
209 989
209 1026
209 1027
209 1029
209 1033
209 1035
209 1037
209 1039
209 1041
209 1053
209 1097
209 1153
209 1155
209 1161
209 1163
209 1165
209 1169
209 1179
209 1217
209 1225
209 1227
209 1229
209 1233
209 1243
209 1245
210 18
210 82
210 146
210 274
210 338
210 402
210 670
211 19
211 83
211 147
211 275
211 339
211 403
212 20
212 84
212 148
212 276
212 340
212 404
212 501
212 814
213 21
213 85
213 118
213 149
213 277
213 341
213 405
213 520
213 635
213 776
214 22
214 86
214 150
214 278
214 310
214 342
214 391
214 406
214 1166
215 23
215 87
215 151
215 279
215 343
215 407
216 24
216 88
216 152
216 280
216 344
216 408
216 729
216 803
217 25
217 89
217 153
217 281
217 345
217 409
217 424
217 980
218 26
218 90
218 154
218 238
218 279
218 282
218 346
218 410
219 27
219 91
219 155
219 222
219 283
219 347
219 411
220 28
220 92
220 156
220 284
220 348
220 412
221 5
221 9
221 13
221 15
221 17
221 29
221 69
221 73
221 75
221 76
221 77
221 79
221 81
221 93
221 133
221 137
221 139
221 140
221 141
221 145
221 157
221 194
221 195
221 201
221 203
221 204
221 205
221 209
221 258
221 265
221 267
221 268
221 269
221 273
221 285
221 325
221 329
221 331
221 332
221 333
221 335
221 349
221 387
221 393
221 395
221 397
221 399
221 401
221 413
221 451
221 453
221 457
221 459
221 461
221 463
221 465
221 515
221 517
221 521
221 523
221 525
221 527
221 529
221 578
221 579
221 585
221 587
221 588
221 589
221 593
221 605
221 620
221 645
221 649
221 651
221 653
221 655
221 706
221 707
221 713
221 715
221 716
221 717
221 721
221 733
221 773
221 777
221 779
221 780
221 781
221 785
221 834
221 835
221 841
221 843
221 844
221 845
221 849
221 861
221 876
221 901
221 905
221 911
221 961
221 962
221 963
221 969
221 971
221 972
221 973
221 977
221 987
221 989
221 1004
221 1026
221 1027
221 1029
221 1033
221 1035
221 1037
221 1041
221 1053
221 1091
221 1097
221 1099
221 1153
221 1163
221 1165
221 1169
221 1179
221 1181
221 1217
221 1225
221 1227
221 1229
221 1233
221 1243
221 1245
222 30
222 94
222 158
222 219
222 286
222 350
222 414
223 31
223 95
223 159
223 287
223 351
223 415
223 935
224 32
224 96
224 160
224 288
224 352
224 416
225 33
225 97
225 161
225 289
225 353
225 417
226 34
226 98
226 162
226 290
226 339
226 354
226 418
226 443
226 1107
227 35
227 99
227 163
227 291
227 355
227 419
227 933
227 1256
228 36
228 100
228 164
228 292
228 356
228 420
228 732
228 882
229 37
229 101
229 165
229 208
229 293
229 357
229 421
229 930
229 1247
230 38
230 102
230 166
230 294
230 358
230 422
231 39
231 103
231 167
231 295
231 359
231 423
232 40
232 104
232 168
232 296
232 360
232 424
232 675
232 1016
232 1276
233 41
233 44
233 105
233 108
233 169
233 297
233 361
233 425
233 539
233 1013
234 21
234 42
234 85
234 106
234 117
234 170
234 298
234 362
234 426
234 1263
235 43
235 107
235 171
235 299
235 363
235 381
235 427
235 446
235 766
236 44
236 108
236 172
236 300
236 364
236 428
236 1011
237 45
237 109
237 173
237 301
237 365
237 429
237 743
238 46
238 110
238 174
238 218
238 279
238 302
238 366
238 430
239 47
239 111
239 175
239 303
239 367
239 431
240 48
240 112
240 176
240 304
240 368
240 432
240 1259
241 49
241 113
241 177
241 305
241 369
241 433
242 50
242 114
242 178
242 306
242 345
242 370
242 434
242 485
242 900
242 1063
242 1265
243 51
243 115
243 179
243 307
243 371
243 435
243 833
244 52
244 116
244 180
244 308
244 372
244 436
244 888
244 1086
244 1114
244 1201
244 1239
245 53
245 117
245 181
245 309
245 373
245 437
245 1006
245 1109
246 54
246 118
246 182
246 310
246 374
246 438
247 55
247 119
247 183
247 311
247 375
247 439
248 56
248 120
248 184
248 312
248 376
248 440
248 1112
248 1134
248 1208
249 57
249 121
249 185
249 313
249 377
249 441
249 954
250 58
250 122
250 186
250 314
250 378
250 442
251 59
251 123
251 187
251 315
251 379
251 443
252 60
252 84
252 124
252 188
252 316
252 380
252 444
252 919
252 953
253 61
253 99
253 125
253 189
253 317
253 381
253 445
253 472
254 62
254 126
254 190
254 318
254 382
254 446
254 944
255 127
255 191
255 319
255 383
256 64
256 128
256 192
256 320
256 384
256 448
256 786
257 65
257 129
257 193
257 321
257 385
257 449
257 609
258 9
258 13
258 17
258 29
258 66
258 75
258 76
258 81
258 93
258 130
258 139
258 140
258 141
258 145
258 157
258 194
258 195
258 221
258 268
258 273
258 285
258 322
258 331
258 332
258 333
258 386
258 387
258 396
258 397
258 401
258 413
258 450
258 451
258 459
258 460
258 461
258 465
258 477
258 515
258 525
258 529
258 541
258 578
258 579
258 588
258 593
258 605
258 642
258 643
258 653
258 657
258 706
258 707
258 716
258 718
258 777
258 780
258 785
258 797
258 834
258 835
258 842
258 844
258 846
258 861
258 876
258 905
258 907
258 961
258 962
258 987
258 992
258 1004
258 1026
258 1027
258 1035
258 1037
258 1053
258 1089
258 1091
258 1097
258 1099
258 1100
258 1101
258 1105
258 1132
258 1164
258 1196
258 1228
258 1260
259 3
259 67
259 131
259 195
259 266
259 323
259 387
259 394
259 451
259 770
259 771
260 68
260 132
260 161
260 196
260 324
260 365
260 388
260 429
260 452
260 484
261 5
261 9
261 15
261 69
261 73
261 75
261 76
261 77
261 79
261 81
261 133
261 137
261 139
261 143
261 197
261 201
261 203
261 204
261 205
261 207
261 209
261 265
261 267
261 268
261 269
261 271
261 273
261 325
261 329
261 335
261 389
261 393
261 395
261 397
261 399
261 453
261 457
261 463
261 517
261 521
261 523
261 527
261 581
261 585
261 587
261 589
261 591
261 620
261 645
261 649
261 651
261 655
261 707
261 709
261 713
261 715
261 717
261 719
261 721
261 733
261 773
261 777
261 779
261 781
261 783
261 835
261 837
261 841
261 843
261 845
261 847
261 849
261 901
261 911
261 962
261 963
261 965
261 969
261 971
261 972
261 973
261 975
261 977
261 989
261 1029
261 1033
261 1039
261 1041
261 1093
261 1103
261 1157
261 1219
261 1221
261 1231
262 6
262 70
262 134
262 198
262 326
262 390
262 454
262 519
262 582
262 647
262 710
262 775
262 838
262 902
262 966
262 1030
262 1095
262 1158
262 1222
263 71
263 135
263 199
263 327
263 391
263 455
264 72
264 136
264 200
264 328
264 392
264 456
265 5
265 9
265 15
265 69
265 73
265 75
265 76
265 77
265 79
265 81
265 133
265 137
265 139
265 141
265 143
265 145
265 157
265 194
265 197
265 201
265 203
265 204
265 205
265 207
265 209
265 221
265 261
265 267
265 268
265 269
265 271
265 273
265 285
265 325
265 329
265 331
265 333
265 335
265 389
265 393
265 395
265 397
265 399
265 451
265 453
265 457
265 459
265 461
265 463
265 517
265 521
265 523
265 527
265 578
265 581
265 585
265 587
265 589
265 591
265 605
265 620
265 645
265 649
265 651
265 653
265 655
265 706
265 707
265 709
265 713
265 715
265 717
265 719
265 721
265 733
265 773
265 777
265 779
265 780
265 781
265 783
265 835
265 837
265 841
265 843
265 845
265 847
265 849
265 861
265 876
265 901
265 905
265 911
265 962
265 963
265 965
265 969
265 971
265 972
265 973
265 975
265 977
265 989
265 1027
265 1029
265 1033
265 1037
265 1039
265 1041
265 1053
265 1091
265 1093
265 1097
265 1103
265 1155
265 1157
265 1161
265 1217
265 1219
265 1221
265 1225
265 1227
266 3
266 74
266 138
266 202
266 259
266 330
266 394
266 458
266 734
266 770
267 5
267 9
267 15
267 69
267 73
267 75
267 76
267 77
267 79
267 81
267 133
267 137
267 139
267 141
267 143
267 145
267 157
267 194
267 197
267 201
267 203
267 204
267 205
267 207
267 209
267 221
267 261
267 265
267 268
267 269
267 271
267 273
267 285
267 325
267 329
267 331
267 333
267 335
267 387
267 389
267 393
267 395
267 397
267 399
267 401
267 451
267 453
267 457
267 459
267 461
267 463
267 465
267 517
267 521
267 523
267 527
267 529
267 578
267 581
267 585
267 587
267 589
267 591
267 593
267 605
267 620
267 645
267 649
267 651
267 653
267 655
267 706
267 707
267 709
267 713
267 715
267 717
267 719
267 721
267 733
267 773
267 777
267 779
267 780
267 781
267 783
267 835
267 837
267 841
267 843
267 845
267 847
267 849
267 861
267 876
267 901
267 905
267 911
267 962
267 963
267 965
267 969
267 971
267 972
267 973
267 975
267 977
267 989
267 1027
267 1029
267 1033
267 1037
267 1039
267 1041
267 1053
267 1091
267 1093
267 1097
267 1103
267 1155
267 1157
267 1161
267 1217
267 1219
267 1221
267 1225
267 1227
267 1229
268 5
268 9
268 13
268 15
268 17
268 69
268 73
268 75
268 76
268 77
268 79
268 81
268 93
268 133
268 137
268 139
268 140
268 141
268 143
268 145
268 157
268 194
268 195
268 201
268 203
268 204
268 205
268 207
268 209
268 221
268 258
268 261
268 265
268 267
268 269
268 271
268 273
268 285
268 325
268 329
268 331
268 332
268 333
268 335
268 387
268 389
268 393
268 395
268 396
268 397
268 399
268 401
268 451
268 453
268 457
268 459
268 460
268 461
268 463
268 465
268 515
268 517
268 521
268 523
268 525
268 527
268 529
268 578
268 579
268 581
268 585
268 587
268 588
268 589
268 593
268 605
268 620
268 645
268 649
268 651
268 653
268 655
268 706
268 707
268 713
268 715
268 717
268 721
268 733
268 773
268 777
268 779
268 780
268 781
268 783
268 785
268 834
268 835
268 837
268 841
268 843
268 844
268 845
268 849
268 861
268 876
268 901
268 905
268 911
268 961
268 962
268 963
268 965
268 969
268 971
268 972
268 973
268 977
268 987
268 989
268 1004
268 1026
268 1027
268 1029
268 1033
268 1035
268 1037
268 1041
268 1053
268 1091
268 1093
268 1097
268 1099
268 1100
268 1101
268 1103
268 1132
268 1153
268 1161
268 1163
268 1165
268 1169
268 1179
268 1181
268 1217
268 1225
268 1227
268 1229
268 1233
268 1243
268 1245
269 5
269 9
269 13
269 15
269 17
269 69
269 73
269 75
269 76
269 77
269 79
269 81
269 93
269 133
269 137
269 139
269 141
269 143
269 145
269 157
269 194
269 195
269 197
269 201
269 203
269 204
269 205
269 207
269 209
269 221
269 261
269 265
269 267
269 268
269 271
269 273
269 285
269 325
269 329
269 331
269 332
269 333
269 335
269 387
269 389
269 393
269 395
269 397
269 399
269 401
269 451
269 453
269 457
269 459
269 461
269 463
269 465
269 515
269 517
269 521
269 523
269 525
269 527
269 529
269 578
269 581
269 585
269 587
269 589
269 591
269 593
269 605
269 620
269 645
269 649
269 651
269 653
269 655
269 706
269 707
269 709
269 713
269 715
269 717
269 721
269 733
269 773
269 777
269 779
269 780
269 781
269 783
269 785
269 834
269 835
269 837
269 841
269 843
269 844
269 845
269 849
269 861
269 876
269 901
269 905
269 911
269 961
269 962
269 963
269 965
269 969
269 971
269 972
269 973
269 975
269 977
269 987
269 989
269 1026
269 1027
269 1029
269 1033
269 1035
269 1037
269 1039
269 1041
269 1053
269 1091
269 1093
269 1097
269 1099
269 1100
269 1101
269 1103
269 1153
269 1155
269 1161
269 1163
269 1165
269 1169
269 1179
269 1217
269 1225
269 1227
269 1229
269 1233
269 1243
269 1245
270 78
270 142
270 206
270 334
270 398
270 462
270 898
271 5
271 9
271 15
271 69
271 73
271 75
271 77
271 79
271 133
271 137
271 139
271 143
271 197
271 201
271 203
271 204
271 205
271 207
271 209
271 261
271 265
271 267
271 268
271 269
271 273
271 325
271 329
271 335
271 389
271 393
271 395
271 399
271 453
271 457
271 463
271 517
271 521
271 523
271 527
271 581
271 585
271 587
271 589
271 591
271 620
271 645
271 649
271 651
271 655
271 709
271 713
271 715
271 717
271 719
271 721
271 733
271 773
271 777
271 779
271 781
271 783
271 837
271 841
271 843
271 845
271 847
271 849
271 901
271 911
271 962
271 963
271 965
271 969
271 971
271 972
271 973
271 975
271 977
271 989
271 1029
271 1033
271 1039
271 1041
271 1093
271 1103
271 1157
271 1167
271 1219
271 1221
271 1231
272 80
272 144
272 208
272 295
272 336
272 342
272 400
272 464
272 999
273 5
273 9
273 13
273 15
273 17
273 69
273 73
273 75
273 76
273 77
273 79
273 81
273 93
273 133
273 137
273 139
273 140
273 141
273 145
273 157
273 194
273 195
273 201
273 203
273 204
273 205
273 209
273 221
273 258
273 261
273 265
273 267
273 268
273 269
273 271
273 285
273 325
273 329
273 331
273 332
273 333
273 335
273 337
273 387
273 389
273 393
273 395
273 397
273 399
273 401
273 451
273 453
273 457
273 459
273 461
273 463
273 465
273 515
273 517
273 521
273 523
273 525
273 527
273 529
273 578
273 579
273 585
273 587
273 588
273 589
273 593
273 605
273 620
273 645
273 649
273 651
273 653
273 655
273 706
273 707
273 713
273 715
273 716
273 717
273 721
273 733
273 773
273 777
273 779
273 780
273 781
273 783
273 785
273 834
273 835
273 841
273 843
273 844
273 845
273 849
273 861
273 876
273 901
273 905
273 911
273 961
273 962
273 963
273 969
273 971
273 972
273 973
273 977
273 987
273 989
273 1004
273 1026
273 1027
273 1029
273 1033
273 1035
273 1037
273 1041
273 1053
273 1091
273 1093
273 1097
273 1099
273 1100
273 1101
273 1132
273 1153
273 1163
273 1165
273 1169
273 1179
273 1181
273 1217
273 1225
273 1227
273 1229
273 1233
273 1243
273 1245
274 82
274 146
274 210
274 338
274 402
274 466
275 83
275 147
275 211
275 339
275 403
275 467
275 896
276 84
276 148
276 212
276 340
276 404
276 468
276 666
277 85
277 149
277 213
277 341
277 379
277 405
277 469
277 881
278 86
278 150
278 214
278 342
278 406
278 470
279 87
279 151
279 215
279 218
279 238
279 343
279 407
279 471
280 88
280 152
280 216
280 344
280 357
280 408
280 472
280 793
281 89
281 153
281 217
281 345
281 409
281 473
281 502
281 528
281 1127
282 90
282 154
282 218
282 346
282 410
282 474
282 878
282 1047
283 91
283 155
283 219
283 347
283 411
283 475
283 1058
283 1120
284 92
284 156
284 220
284 348
284 412
284 476
284 1074
285 5
285 9
285 13
285 15
285 17
285 69
285 73
285 75
285 76
285 77
285 81
285 93
285 137
285 139
285 140
285 141
285 145
285 157
285 194
285 195
285 203
285 204
285 205
285 209
285 221
285 258
285 265
285 267
285 268
285 269
285 273
285 325
285 329
285 331
285 332
285 333
285 335
285 349
285 387
285 393
285 395
285 397
285 401
285 413
285 451
285 457
285 459
285 461
285 463
285 465
285 477
285 515
285 517
285 521
285 523
285 525
285 527
285 529
285 578
285 579
285 585
285 587
285 588
285 589
285 593
285 605
285 620
285 649
285 651
285 653
285 706
285 707
285 713
285 715
285 716
285 717
285 721
285 733
285 777
285 779
285 780
285 781
285 785
285 797
285 834
285 835
285 841
285 843
285 844
285 845
285 846
285 849
285 861
285 876
285 901
285 905
285 911
285 961
285 962
285 963
285 969
285 971
285 972
285 973
285 977
285 987
285 989
285 992
285 1004
285 1026
285 1027
285 1033
285 1035
285 1037
285 1041
285 1053
285 1089
285 1091
285 1093
285 1097
285 1099
285 1100
285 1101
285 1105
285 1132
285 1153
285 1163
285 1165
285 1169
285 1179
285 1181
285 1233
285 1243
285 1245
286 94
286 158
286 222
286 350
286 414
286 478
287 95
287 159
287 223
287 351
287 415
287 479
288 96
288 160
288 224
288 352
288 416
288 480
288 606
288 648
288 994
289 97
289 161
289 225
289 353
289 417
289 481
289 548
289 1052
290 98
290 162
290 226
290 354
290 418
290 482
291 99
291 163
291 227
291 355
291 419
291 483
291 1262
292 100
292 114
292 164
292 228
292 308
292 356
292 420
292 484
293 101
293 165
293 229
293 357
293 409
293 421
293 485
294 102
294 166
294 230
294 358
294 422
294 486
295 103
295 167
295 231
295 272
295 342
295 359
295 423
295 487
295 999
296 104
296 168
296 232
296 360
296 424
296 488
296 1122
297 51
297 105
297 169
297 233
297 361
297 406
297 425
297 489
297 862
298 106
298 170
298 234
298 362
298 421
298 426
298 490
299 107
299 171
299 189
299 235
299 363
299 427
299 491
300 108
300 172
300 236
300 364
300 428
300 492
300 583
301 109
301 173
301 237
301 341
301 365
301 429
301 493
301 1224
302 110
302 174
302 238
302 366
302 430
302 494
302 1125
303 92
303 111
303 175
303 239
303 348
303 367
303 431
303 495
303 802
304 112
304 176
304 240
304 368
304 432
304 496
305 113
305 177
305 241
305 369
305 433
305 497
306 114
306 178
306 242
306 370
306 434
306 498
307 115
307 179
307 243
307 371
307 435
307 499
308 114
308 116
308 180
308 244
308 292
308 372
308 436
308 500
309 117
309 181
309 245
309 373
309 437
309 501
310 118
310 182
310 214
310 246
310 374
310 391
310 438
310 502
310 1166
311 119
311 183
311 247
311 375
311 439
311 503
312 120
312 168
312 184
312 248
312 376
312 440
312 490
312 504
312 535
312 660
313 121
313 185
313 249
313 377
313 441
313 505
314 122
314 186
314 250
314 373
314 378
314 442
314 506
314 1023
315 97
315 123
315 187
315 251
315 379
315 443
315 507
316 124
316 188
316 252
316 380
316 419
316 444
316 508
317 125
317 189
317 253
317 381
317 445
317 509
318 126
318 190
318 254
318 382
318 446
318 510
319 127
319 191
319 255
319 377
319 383
319 447
319 511
320 128
320 192
320 256
320 338
320 384
320 448
320 512
320 533
321 129
321 193
321 257
321 385
321 449
321 513
321 542
321 740
321 1170
322 130
322 194
322 258
322 386
322 450
322 514
323 131
323 195
323 259
323 387
323 451
323 515
324 132
324 196
324 260
324 388
324 452
324 516
324 867
324 1168
325 5
325 9
325 15
325 69
325 73
325 75
325 76
325 77
325 79
325 81
325 133
325 137
325 139
325 141
325 143
325 145
325 157
325 194
325 197
325 201
325 203
325 204
325 205
325 207
325 209
325 221
325 261
325 265
325 267
325 268
325 269
325 271
325 273
325 285
325 329
325 331
325 332
325 333
325 335
325 387
325 389
325 393
325 395
325 397
325 399
325 401
325 451
325 453
325 457
325 459
325 461
325 463
325 465
325 517
325 521
325 523
325 527
325 529
325 578
325 581
325 585
325 587
325 589
325 591
325 593
325 605
325 620
325 645
325 649
325 651
325 653
325 655
325 706
325 707
325 709
325 713
325 715
325 717
325 719
325 721
325 733
325 773
325 777
325 779
325 780
325 781
325 783
325 835
325 837
325 841
325 843
325 845
325 847
325 849
325 861
325 876
325 901
325 905
325 911
325 962
325 963
325 965
325 969
325 971
325 972
325 973
325 975
325 977
325 989
325 1027
325 1029
325 1033
325 1037
325 1039
325 1041
325 1053
325 1091
325 1093
325 1097
325 1103
325 1153
325 1155
325 1157
325 1161
325 1163
325 1165
325 1167
325 1169
325 1179
325 1181
325 1217
325 1219
325 1221
325 1225
325 1227
325 1229
326 6
326 70
326 134
326 198
326 262
326 390
326 454
326 518
326 519
326 582
326 647
326 710
326 775
326 838
326 902
326 966
326 1030
326 1095
326 1158
326 1222
327 135
327 199
327 263
327 391
327 455
327 519
328 136
328 200
328 264
328 392
328 456
328 520
329 5
329 9
329 13
329 15
329 17
329 69
329 73
329 75
329 76
329 77
329 79
329 81
329 93
329 133
329 137
329 139
329 140
329 141
329 143
329 145
329 157
329 194
329 195
329 197
329 201
329 203
329 204
329 205
329 207
329 209
329 221
329 261
329 265
329 267
329 268
329 269
329 271
329 273
329 285
329 325
329 331
329 332
329 333
329 335
329 387
329 389
329 393
329 395
329 397
329 399
329 401
329 451
329 453
329 457
329 459
329 461
329 463
329 465
329 515
329 517
329 521
329 523
329 525
329 527
329 529
329 578
329 581
329 585
329 587
329 588
329 589
329 591
329 593
329 605
329 620
329 645
329 649
329 651
329 653
329 655
329 706
329 707
329 713
329 715
329 717
329 721
329 733
329 773
329 777
329 779
329 780
329 781
329 783
329 785
329 834
329 835
329 837
329 841
329 843
329 844
329 845
329 849
329 861
329 876
329 901
329 905
329 911
329 961
329 962
329 963
329 965
329 969
329 971
329 972
329 973
329 977
329 987
329 989
329 1026
329 1027
329 1029
329 1033
329 1035
329 1037
329 1041
329 1053
329 1091
329 1093
329 1097
329 1099
329 1100
329 1101
329 1103
329 1153
329 1155
329 1157
329 1161
329 1163
329 1165
329 1169
329 1179
329 1181
329 1217
329 1225
329 1227
329 1229
329 1233
329 1243
329 1245
330 138
330 202
330 266
330 394
330 458
330 522
330 614
331 5
331 9
331 13
331 15
331 17
331 69
331 73
331 75
331 76
331 77
331 81
331 93
331 137
331 139
331 140
331 141
331 145
331 157
331 194
331 195
331 203
331 204
331 205
331 209
331 221
331 258
331 265
331 267
331 268
331 269
331 273
331 285
331 325
331 329
331 332
331 333
331 335
331 387
331 393
331 395
331 397
331 401
331 413
331 451
331 453
331 457
331 459
331 461
331 463
331 465
331 515
331 517
331 521
331 523
331 525
331 527
331 529
331 578
331 579
331 585
331 587
331 588
331 589
331 593
331 605
331 620
331 649
331 651
331 653
331 655
331 706
331 707
331 713
331 715
331 716
331 717
331 721
331 733
331 777
331 779
331 780
331 781
331 785
331 797
331 834
331 835
331 841
331 843
331 844
331 845
331 846
331 849
331 861
331 876
331 901
331 905
331 911
331 961
331 962
331 963
331 969
331 971
331 972
331 973
331 977
331 987
331 989
331 992
331 1004
331 1026
331 1027
331 1033
331 1035
331 1037
331 1041
331 1053
331 1089
331 1091
331 1093
331 1097
331 1099
331 1100
331 1101
331 1105
331 1132
331 1153
331 1155
331 1161
331 1163
331 1164
331 1165
331 1169
331 1179
331 1181
331 1196
331 1233
331 1243
331 1245
332 5
332 9
332 13
332 15
332 17
332 73
332 75
332 76
332 77
332 81
332 93
332 139
332 140
332 141
332 145
332 157
332 194
332 195
332 204
332 205
332 209
332 221
332 258
332 268
332 269
332 273
332 285
332 325
332 329
332 331
332 333
332 335
332 387
332 393
332 395
332 396
332 397
332 401
332 413
332 451
332 457
332 459
332 460
332 461
332 465
332 477
332 515
332 521
332 523
332 524
332 525
332 529
332 541
332 578
332 579
332 585
332 588
332 589
332 593
332 605
332 620
332 642
332 643
332 649
332 651
332 653
332 706
332 707
332 713
332 715
332 716
332 717
332 721
332 733
332 777
332 779
332 780
332 781
332 785
332 797
332 834
332 835
332 841
332 842
332 843
332 844
332 845
332 846
332 849
332 861
332 876
332 901
332 905
332 907
332 961
332 962
332 963
332 969
332 972
332 973
332 987
332 989
332 992
332 1004
332 1026
332 1027
332 1035
332 1037
332 1041
332 1053
332 1089
332 1091
332 1097
332 1099
332 1100
332 1101
332 1105
332 1132
332 1153
332 1155
332 1161
332 1163
332 1164
332 1165
332 1169
332 1179
332 1181
332 1196
332 1233
333 5
333 9
333 13
333 15
333 17
333 69
333 73
333 75
333 76
333 77
333 81
333 93
333 137
333 139
333 140
333 141
333 145
333 157
333 194
333 195
333 203
333 204
333 205
333 209
333 221
333 258
333 265
333 267
333 268
333 269
333 273
333 285
333 325
333 329
333 331
333 332
333 335
333 387
333 393
333 395
333 397
333 401
333 413
333 451
333 457
333 459
333 461
333 465
333 477
333 515
333 517
333 521
333 523
333 525
333 529
333 578
333 579
333 585
333 588
333 589
333 593
333 605
333 620
333 649
333 651
333 653
333 706
333 707
333 713
333 715
333 716
333 717
333 721
333 733
333 777
333 779
333 780
333 781
333 785
333 797
333 834
333 835
333 841
333 843
333 844
333 845
333 846
333 849
333 861
333 876
333 901
333 905
333 907
333 911
333 961
333 962
333 963
333 969
333 971
333 972
333 973
333 977
333 987
333 989
333 992
333 1004
333 1026
333 1027
333 1033
333 1035
333 1037
333 1041
333 1053
333 1089
333 1091
333 1097
333 1099
333 1100
333 1101
333 1105
333 1132
333 1153
333 1155
333 1161
333 1163
333 1164
333 1165
333 1169
333 1179
333 1181
333 1196
333 1233
333 1243
334 142
334 206
334 270
334 398
334 462
334 522
334 526
335 5
335 9
335 15
335 69
335 73
335 75
335 76
335 77
335 79
335 81
335 93
335 133
335 137
335 139
335 141
335 143
335 145
335 157
335 194
335 197
335 201
335 203
335 204
335 205
335 207
335 209
335 221
335 261
335 265
335 267
335 268
335 269
335 271
335 273
335 285
335 325
335 329
335 331
335 332
335 333
335 387
335 389
335 393
335 395
335 397
335 399
335 401
335 451
335 453
335 457
335 459
335 461
335 463
335 465
335 515
335 517
335 521
335 523
335 527
335 529
335 578
335 581
335 585
335 587
335 589
335 591
335 593
335 605
335 620
335 645
335 649
335 651
335 653
335 655
335 706
335 707
335 709
335 713
335 715
335 717
335 719
335 721
335 733
335 773
335 777
335 779
335 780
335 781
335 783
335 835
335 837
335 841
335 843
335 845
335 847
335 849
335 861
335 876
335 901
335 905
335 911
335 962
335 963
335 965
335 969
335 971
335 972
335 973
335 975
335 977
335 989
335 1027
335 1029
335 1033
335 1037
335 1039
335 1041
335 1053
335 1091
335 1093
335 1097
335 1099
335 1103
335 1153
335 1155
335 1157
335 1161
335 1163
335 1165
335 1167
335 1169
335 1179
335 1181
335 1217
335 1219
335 1221
335 1225
335 1227
335 1229
336 8
336 18
336 144
336 208
336 272
336 400
336 464
336 528
336 612
336 995
337 145
337 209
337 273
337 401
337 465
337 529
338 146
338 210
338 274
338 320
338 402
338 466
338 530
338 533
339 147
339 211
339 226
339 275
339 403
339 443
339 467
339 531
339 1107
340 148
340 212
340 276
340 404
340 468
340 532
340 880
341 149
341 213
341 277
341 301
341 405
341 469
341 533
341 1224
342 150
342 214
342 272
342 278
342 295
342 406
342 470
342 534
342 999
343 151
343 215
343 279
343 407
343 471
343 535
344 152
344 216
344 280
344 408
344 472
344 536
344 636
344 890
345 153
345 217
345 242
345 281
345 409
345 473
345 485
345 537
345 900
345 1063
345 1265
346 154
346 218
346 282
346 410
346 474
346 538
347 155
347 219
347 283
347 411
347 475
347 539
347 879
348 92
348 156
348 220
348 284
348 303
348 412
348 476
348 540
348 802
349 157
349 221
349 285
349 413
349 477
349 541
350 158
350 222
350 286
350 414
350 478
350 542
351 159
351 223
351 287
351 415
351 474
351 479
351 543
351 1143
352 160
352 224
352 288
352 416
352 480
352 544
352 806
353 161
353 225
353 289
353 400
353 417
353 481
353 545
354 100
354 162
354 226
354 290
354 418
354 482
354 545
354 546
355 163
355 227
355 291
355 419
355 483
355 547
355 638
355 698
355 1212
356 28
356 68
356 164
356 228
356 292
356 420
356 437
356 484
356 548
357 165
357 229
357 280
357 293
357 421
357 485
357 549
357 793
358 166
358 230
358 294
358 422
358 486
358 550
358 667
359 167
359 231
359 295
359 423
359 487
359 551
360 168
360 232
360 296
360 424
360 488
360 552
360 562
360 863
361 169
361 233
361 297
361 425
361 489
361 553
361 850
362 61
362 170
362 234
362 298
362 426
362 490
362 554
363 171
363 235
363 299
363 427
363 491
363 703
364 172
364 236
364 300
364 428
364 492
364 556
364 923
365 161
365 173
365 237
365 260
365 301
365 429
365 484
365 493
365 557
366 174
366 238
366 302
366 368
366 430
366 494
366 558
367 59
367 175
367 239
367 303
367 431
367 433
367 495
367 543
367 559
368 176
368 240
368 304
368 366
368 432
368 496
368 560
369 54
369 177
369 241
369 305
369 433
369 497
369 561
369 701
369 764
370 45
370 178
370 242
370 306
370 434
370 498
370 562
370 809
371 179
371 243
371 307
371 435
371 499
371 563
371 576
371 853
372 180
372 244
372 308
372 380
372 436
372 500
372 564
372 943
373 181
373 245
373 309
373 314
373 437
373 501
373 565
373 1023
374 182
374 246
374 310
374 438
374 502
374 566
375 174
375 183
375 247
375 311
375 439
375 503
375 567
375 1022
376 184
376 248
376 312
376 440
376 504
376 568
377 185
377 249
377 313
377 319
377 441
377 505
377 569
378 186
378 250
378 314
378 442
378 506
378 510
378 570
379 187
379 251
379 277
379 315
379 443
379 507
379 571
379 881
380 188
380 252
380 316
380 372
380 444
380 508
380 572
380 943
381 189
381 235
381 253
381 317
381 445
381 446
381 509
381 573
381 766
382 190
382 254
382 318
382 446
382 510
382 574
383 191
383 255
383 319
383 447
383 511
383 575
384 192
384 256
384 320
384 448
384 512
384 571
384 576
385 193
385 257
385 321
385 449
385 513
385 577
385 598
386 194
386 258
386 322
386 450
386 514
386 578
387 5
387 9
387 13
387 15
387 17
387 73
387 75
387 76
387 77
387 81
387 93
387 139
387 140
387 141
387 145
387 157
387 194
387 195
387 203
387 204
387 205
387 209
387 221
387 258
387 259
387 267
387 268
387 269
387 273
387 285
387 323
387 325
387 329
387 331
387 332
387 333
387 335
387 393
387 395
387 396
387 397
387 401
387 413
387 451
387 457
387 459
387 461
387 465
387 477
387 515
387 521
387 523
387 525
387 529
387 541
387 578
387 579
387 585
387 588
387 589
387 593
387 605
387 620
387 643
387 649
387 651
387 653
387 706
387 707
387 713
387 715
387 716
387 717
387 721
387 733
387 777
387 779
387 780
387 781
387 785
387 797
387 834
387 835
387 841
387 843
387 844
387 845
387 846
387 849
387 861
387 876
387 901
387 905
387 907
387 961
387 962
387 963
387 969
387 972
387 973
387 977
387 987
387 989
387 992
387 1004
387 1026
387 1027
387 1033
387 1035
387 1037
387 1041
387 1053
387 1089
387 1091
387 1097
387 1099
387 1100
387 1101
387 1105
387 1132
387 1153
387 1155
387 1161
387 1163
387 1164
387 1165
387 1169
387 1179
387 1181
387 1196
387 1217
387 1225
387 1227
387 1228
387 1229
387 1233
387 1243
387 1245
387 1260
388 149
388 196
388 260
388 324
388 452
388 516
388 580
389 5
389 9
389 15
389 69
389 73
389 75
389 76
389 77
389 79
389 81
389 133
389 137
389 139
389 143
389 194
389 197
389 201
389 203
389 204
389 205
389 207
389 209
389 261
389 265
389 267
389 268
389 269
389 271
389 273
389 325
389 329
389 335
389 393
389 395
389 397
389 399
389 453
389 457
389 463
389 517
389 521
389 523
389 527
389 581
389 585
389 587
389 589
389 591
389 620
389 645
389 649
389 651
389 655
389 707
389 709
389 713
389 715
389 717
389 719
389 721
389 733
389 773
389 777
389 779
389 781
389 783
389 835
389 837
389 841
389 843
389 845
389 847
389 849
389 901
389 911
389 962
389 963
389 965
389 969
389 971
389 972
389 973
389 975
389 977
389 989
389 1029
389 1033
389 1039
389 1041
389 1093
389 1103
389 1153
389 1155
389 1157
389 1161
389 1165
389 1167
389 1169
389 1217
389 1219
389 1221
389 1225
389 1227
389 1229
389 1231
389 1243
389 1245
390 6
390 70
390 134
390 198
390 262
390 326
390 454
390 518
390 519
390 582
390 647
390 710
390 775
390 838
390 902
390 966
390 1030
390 1095
390 1158
390 1222
391 199
391 214
391 263
391 310
391 327
391 455
391 519
391 583
391 1166
392 200
392 264
392 328
392 456
392 520
392 584
392 993
392 1142
393 5
393 9
393 15
393 69
393 73
393 75
393 76
393 77
393 79
393 81
393 93
393 133
393 137
393 139
393 141
393 143
393 145
393 157
393 194
393 197
393 201
393 203
393 204
393 205
393 207
393 209
393 221
393 261
393 265
393 267
393 268
393 269
393 271
393 273
393 285
393 325
393 329
393 331
393 332
393 333
393 335
393 387
393 389
393 395
393 397
393 399
393 401
393 451
393 453
393 457
393 459
393 461
393 463
393 465
393 515
393 517
393 521
393 523
393 527
393 529
393 578
393 581
393 585
393 587
393 589
393 591
393 593
393 605
393 620
393 645
393 649
393 651
393 653
393 655
393 706
393 707
393 709
393 713
393 715
393 717
393 719
393 721
393 733
393 773
393 777
393 779
393 780
393 781
393 783
393 835
393 837
393 841
393 843
393 845
393 847
393 849
393 861
393 876
393 901
393 905
393 911
393 962
393 963
393 965
393 969
393 971
393 972
393 973
393 975
393 977
393 989
393 1027
393 1029
393 1033
393 1037
393 1039
393 1041
393 1053
393 1091
393 1093
393 1097
393 1099
393 1103
393 1153
393 1155
393 1157
393 1161
393 1163
393 1165
393 1167
393 1169
393 1179
393 1181
393 1217
393 1219
393 1221
393 1225
393 1227
393 1229
393 1231
393 1233
393 1243
393 1245
394 3
394 202
394 259
394 266
394 330
394 458
394 522
394 586
394 770
394 771
395 5
395 9
395 15
395 69
395 73
395 75
395 76
395 77
395 79
395 81
395 93
395 133
395 137
395 139
395 141
395 143
395 145
395 157
395 194
395 197
395 201
395 203
395 204
395 205
395 207
395 209
395 221
395 261
395 265
395 267
395 268
395 269
395 271
395 273
395 285
395 325
395 329
395 331
395 332
395 333
395 335
395 387
395 389
395 393
395 397
395 399
395 401
395 451
395 453
395 457
395 459
395 461
395 463
395 465
395 515
395 517
395 521
395 523
395 527
395 529
395 578
395 581
395 585
395 587
395 589
395 591
395 593
395 605
395 620
395 645
395 649
395 651
395 653
395 655
395 706
395 707
395 709
395 713
395 715
395 717
395 719
395 721
395 733
395 773
395 777
395 779
395 780
395 781
395 783
395 785
395 835
395 837
395 841
395 843
395 844
395 845
395 847
395 849
395 861
395 876
395 901
395 905
395 911
395 962
395 963
395 965
395 969
395 971
395 972
395 973
395 975
395 977
395 989
395 1027
395 1029
395 1033
395 1035
395 1037
395 1039
395 1041
395 1053
395 1091
395 1093
395 1097
395 1099
395 1103
395 1153
395 1155
395 1157
395 1161
395 1163
395 1165
395 1169
395 1179
395 1181
395 1217
395 1219
395 1221
395 1225
395 1227
395 1229
395 1231
395 1233
395 1243
395 1245
396 11
396 13
396 17
396 29
396 66
396 93
396 130
396 140
396 195
396 204
396 258
396 268
396 332
396 387
396 401
396 413
396 450
396 460
396 465
396 477
396 515
396 524
396 525
396 529
396 541
396 579
396 588
396 593
396 605
396 642
396 643
396 657
396 684
396 716
396 718
396 785
396 797
396 834
396 842
396 844
396 846
396 907
396 961
396 987
396 992
396 1004
396 1026
396 1035
396 1051
396 1089
396 1099
396 1100
396 1101
396 1105
396 1132
396 1154
396 1164
396 1190
396 1196
396 1218
396 1228
396 1260
397 5
397 9
397 13
397 15
397 17
397 69
397 73
397 75
397 76
397 77
397 79
397 81
397 93
397 133
397 137
397 139
397 140
397 141
397 145
397 157
397 194
397 195
397 201
397 203
397 204
397 205
397 209
397 221
397 258
397 261
397 265
397 267
397 268
397 269
397 273
397 285
397 325
397 329
397 331
397 332
397 333
397 335
397 387
397 389
397 393
397 395
397 399
397 401
397 451
397 453
397 457
397 459
397 461
397 463
397 465
397 515
397 517
397 521
397 523
397 525
397 527
397 529
397 578
397 579
397 585
397 587
397 588
397 589
397 593
397 605
397 620
397 645
397 649
397 651
397 653
397 655
397 706
397 707
397 713
397 715
397 716
397 717
397 721
397 733
397 773
397 777
397 779
397 780
397 781
397 783
397 785
397 834
397 835
397 841
397 843
397 844
397 845
397 849
397 861
397 876
397 901
397 905
397 911
397 961
397 962
397 963
397 969
397 971
397 972
397 973
397 977
397 987
397 989
397 1004
397 1026
397 1027
397 1029
397 1033
397 1035
397 1037
397 1041
397 1053
397 1091
397 1093
397 1097
397 1099
397 1100
397 1101
397 1132
397 1153
397 1155
397 1157
397 1161
397 1163
397 1165
397 1169
397 1179
397 1181
397 1196
397 1217
397 1219
397 1221
397 1225
397 1227
397 1229
397 1233
397 1243
397 1245
398 206
398 270
398 334
398 462
398 526
398 590
398 864
398 940
399 5
399 9
399 15
399 69
399 73
399 75
399 76
399 77
399 79
399 81
399 133
399 137
399 139
399 141
399 143
399 145
399 194
399 197
399 201
399 203
399 204
399 205
399 207
399 209
399 221
399 261
399 265
399 267
399 268
399 269
399 271
399 273
399 325
399 329
399 335
399 389
399 393
399 395
399 397
399 453
399 457
399 461
399 463
399 517
399 521
399 523
399 527
399 581
399 585
399 587
399 589
399 591
399 620
399 645
399 649
399 651
399 655
399 707
399 709
399 713
399 715
399 717
399 719
399 721
399 733
399 773
399 777
399 779
399 781
399 783
399 835
399 837
399 841
399 843
399 845
399 847
399 849
399 901
399 911
399 962
399 963
399 965
399 969
399 971
399 972
399 973
399 975
399 977
399 989
399 1029
399 1033
399 1039
399 1041
399 1093
399 1097
399 1103
399 1153
399 1155
399 1157
399 1161
399 1165
399 1167
399 1169
399 1217
399 1219
399 1221
399 1225
399 1227
399 1229
399 1231
399 1233
399 1243
399 1245
400 208
400 272
400 336
400 353
400 464
400 528
400 592
401 5
401 9
401 13
401 15
401 17
401 73
401 75
401 76
401 77
401 81
401 93
401 139
401 140
401 141
401 145
401 157
401 194
401 195
401 203
401 204
401 205
401 209
401 221
401 258
401 267
401 268
401 269
401 273
401 285
401 325
401 329
401 331
401 332
401 333
401 335
401 337
401 387
401 393
401 395
401 396
401 397
401 413
401 451
401 457
401 459
401 461
401 465
401 477
401 515
401 521
401 523
401 525
401 529
401 541
401 578
401 579
401 585
401 588
401 589
401 593
401 605
401 620
401 643
401 649
401 651
401 653
401 706
401 707
401 713
401 715
401 716
401 717
401 721
401 733
401 777
401 779
401 780
401 781
401 785
401 797
401 834
401 835
401 841
401 843
401 844
401 845
401 846
401 849
401 861
401 876
401 901
401 905
401 907
401 961
401 962
401 963
401 969
401 972
401 973
401 977
401 987
401 989
401 992
401 1004
401 1026
401 1027
401 1033
401 1035
401 1037
401 1041
401 1053
401 1089
401 1091
401 1097
401 1099
401 1100
401 1101
401 1105
401 1132
401 1153
401 1155
401 1161
401 1163
401 1164
401 1165
401 1169
401 1179
401 1181
401 1196
401 1217
401 1225
401 1227
401 1228
401 1229
401 1233
401 1243
401 1245
401 1260
402 210
402 274
402 338
402 466
402 530
402 594
402 610
402 685
403 211
403 275
403 339
403 462
403 467
403 531
403 595
403 981
404 212
404 276
404 340
404 468
404 532
404 596
404 875
404 1080
405 164
405 213
405 277
405 341
405 469
405 487
405 533
405 597
406 51
406 214
406 278
406 297
406 342
406 470
406 534
406 598
406 862
407 116
407 125
407 215
407 279
407 343
407 471
407 535
407 599
407 1178
408 216
408 280
408 344
408 472
408 536
408 600
409 217
409 281
409 293
409 345
409 473
409 537
409 601
410 163
410 218
410 282
410 346
410 474
410 538
410 602
411 219
411 283
411 347
411 475
411 539
411 603
411 1055
412 220
412 284
412 348
412 476
412 488
412 540
412 604
412 724
413 11
413 13
413 17
413 29
413 66
413 93
413 130
413 140
413 157
413 195
413 221
413 258
413 285
413 331
413 332
413 333
413 349
413 387
413 396
413 401
413 450
413 459
413 460
413 465
413 477
413 515
413 524
413 525
413 529
413 541
413 578
413 579
413 588
413 593
413 605
413 642
413 643
413 653
413 657
413 684
413 706
413 716
413 718
413 780
413 785
413 797
413 834
413 842
413 844
413 846
413 861
413 876
413 905
413 907
413 961
413 987
413 992
413 1004
413 1026
413 1027
413 1035
413 1037
413 1051
413 1053
413 1089
413 1091
413 1099
413 1100
413 1101
413 1105
413 1132
413 1154
413 1163
413 1164
413 1181
413 1190
413 1196
413 1218
413 1228
413 1260
414 222
414 286
414 350
414 435
414 478
414 542
414 606
414 978
414 1234
415 223
415 287
415 351
415 479
415 543
415 607
415 808
416 224
416 288
416 352
416 480
416 544
416 608
417 225
417 289
417 353
417 481
417 545
417 609
418 226
418 290
418 354
418 482
418 546
418 610
418 745
418 868
419 227
419 291
419 316
419 355
419 483
419 547
419 611
420 104
420 228
420 292
420 356
420 484
420 548
420 612
420 680
421 229
421 293
421 298
421 357
421 485
421 549
421 613
422 230
422 294
422 358
422 486
422 550
422 614
423 1
423 231
423 295
423 359
423 487
423 551
423 615
424 217
424 232
424 296
424 360
424 488
424 552
424 616
424 980
425 233
425 297
425 361
425 489
425 553
425 617
425 677
426 234
426 298
426 362
426 490
426 554
426 618
426 730
427 235
427 299
427 363
427 491
428 236
428 300
428 364
428 492
428 556
428 620
429 161
429 237
429 260
429 301
429 365
429 484
429 493
429 557
429 621
430 238
430 302
430 366
430 494
430 558
430 622
431 239
431 303
431 367
431 495
431 559
431 623
432 240
432 304
432 368
432 444
432 496
432 560
432 624
433 59
433 241
433 305
433 367
433 369
433 497
433 543
433 561
433 625
434 242
434 306
434 370
434 498
434 512
434 562
434 626
434 997
435 243
435 307
435 371
435 414
435 499
435 563
435 627
435 978
435 1234
436 244
436 308
436 372
436 500
436 564
436 628
436 921
436 1073
437 28
437 68
437 245
437 309
437 356
437 373
437 501
437 565
437 629
438 246
438 310
438 374
438 502
438 566
438 630
439 247
439 311
439 375
439 503
439 567
439 631
439 686
439 810
439 887
440 152
440 248
440 312
440 376
440 504
440 560
440 568
440 569
440 632
440 1210
440 1279
441 249
441 313
441 377
441 505
441 569
441 633
442 46
442 250
442 314
442 378
442 506
442 570
442 624
442 634
443 226
443 251
443 315
443 339
443 379
443 507
443 571
443 635
443 1107
444 252
444 316
444 380
444 432
444 508
444 572
444 636
445 253
445 317
445 381
445 503
445 509
445 573
445 637
446 235
446 254
446 318
446 381
446 382
446 510
446 574
446 638
446 766
447 319
447 383
447 511
447 575
447 639
448 256
448 320
448 384
448 464
448 512
448 576
448 640
448 1205
448 1266
449 257
449 321
449 385
449 513
449 577
449 641
450 11
450 13
450 17
450 29
450 66
450 130
450 131
450 140
450 195
450 258
450 322
450 386
450 396
450 413
450 460
450 477
450 514
450 524
450 525
450 541
450 578
450 579
450 588
450 642
450 643
450 657
450 684
450 716
450 718
450 771
450 797
450 834
450 842
450 846
450 907
450 961
450 987
450 992
450 1004
450 1026
450 1051
450 1089
450 1100
450 1101
450 1105
450 1132
450 1154
450 1164
450 1190
450 1196
450 1218
450 1228
450 1260
451 5
451 9
451 13
451 15
451 17
451 69
451 73
451 75
451 76
451 77
451 79
451 81
451 93
451 137
451 139
451 140
451 141
451 145
451 157
451 194
451 195
451 201
451 203
451 204
451 205
451 209
451 221
451 258
451 259
451 265
451 267
451 268
451 269
451 273
451 285
451 323
451 325
451 329
451 331
451 332
451 333
451 335
451 387
451 393
451 395
451 397
451 401
451 453
451 457
451 459
451 461
451 463
451 465
451 515
451 517
451 521
451 523
451 525
451 527
451 529
451 578
451 579
451 585
451 587
451 588
451 589
451 593
451 605
451 620
451 643
451 645
451 649
451 651
451 653
451 655
451 706
451 707
451 713
451 715
451 716
451 717
451 721
451 733
451 777
451 779
451 780
451 781
451 785
451 797
451 834
451 835
451 841
451 843
451 844
451 845
451 849
451 861
451 876
451 901
451 905
451 911
451 961
451 962
451 963
451 969
451 971
451 972
451 973
451 977
451 987
451 989
451 1004
451 1026
451 1027
451 1029
451 1033
451 1035
451 1037
451 1041
451 1053
451 1089
451 1091
451 1093
451 1097
451 1099
451 1100
451 1101
451 1105
451 1132
451 1153
451 1155
451 1161
451 1163
451 1165
451 1169
451 1179
451 1181
451 1196
451 1217
451 1219
451 1221
451 1225
451 1227
451 1229
451 1233
451 1243
451 1245
452 260
452 324
452 388
452 516
452 580
452 644
453 5
453 9
453 15
453 69
453 73
453 75
453 76
453 77
453 79
453 81
453 133
453 137
453 139
453 141
453 143
453 145
453 194
453 197
453 201
453 203
453 204
453 205
453 207
453 209
453 221
453 261
453 265
453 267
453 268
453 269
453 271
453 273
453 325
453 329
453 331
453 335
453 389
453 393
453 395
453 397
453 399
453 451
453 457
453 461
453 463
453 517
453 521
453 523
453 527
453 581
453 585
453 587
453 589
453 591
453 620
453 645
453 649
453 651
453 653
453 655
453 707
453 709
453 713
453 715
453 717
453 719
453 721
453 733
453 773
453 777
453 779
453 781
453 783
453 835
453 837
453 841
453 843
453 845
453 847
453 849
453 901
453 905
453 911
453 962
453 963
453 965
453 969
453 971
453 972
453 973
453 975
453 977
453 989
453 1027
453 1029
453 1033
453 1039
453 1041
453 1091
453 1093
453 1097
453 1103
453 1153
453 1155
453 1157
453 1161
453 1163
453 1165
453 1167
453 1169
453 1179
453 1217
453 1219
453 1221
453 1225
453 1227
453 1229
453 1231
453 1233
453 1243
453 1245
454 6
454 70
454 134
454 198
454 262
454 326
454 390
454 518
454 519
454 582
454 646
454 647
454 710
454 775
454 838
454 902
454 966
454 1030
454 1095
454 1158
454 1222
455 263
455 327
455 391
455 519
455 583
455 647
456 264
456 328
456 392
456 520
456 584
456 648
456 1267
457 5
457 9
457 13
457 15
457 69
457 73
457 75
457 76
457 77
457 79
457 81
457 93
457 133
457 137
457 139
457 141
457 143
457 145
457 157
457 194
457 195
457 197
457 201
457 203
457 204
457 205
457 207
457 209
457 221
457 261
457 265
457 267
457 268
457 269
457 271
457 273
457 285
457 325
457 329
457 331
457 332
457 333
457 335
457 387
457 389
457 393
457 395
457 397
457 399
457 401
457 451
457 453
457 459
457 461
457 463
457 465
457 515
457 517
457 521
457 523
457 525
457 527
457 529
457 578
457 581
457 585
457 587
457 589
457 591
457 593
457 605
457 620
457 645
457 649
457 651
457 653
457 655
457 706
457 707
457 709
457 713
457 715
457 717
457 721
457 733
457 773
457 777
457 779
457 780
457 781
457 783
457 785
457 835
457 837
457 841
457 843
457 844
457 845
457 849
457 861
457 876
457 901
457 905
457 911
457 962
457 963
457 965
457 969
457 971
457 972
457 973
457 975
457 977
457 987
457 989
457 1026
457 1027
457 1029
457 1033
457 1035
457 1037
457 1039
457 1041
457 1053
457 1091
457 1093
457 1097
457 1099
457 1100
457 1101
457 1103
457 1153
457 1155
457 1157
457 1161
457 1163
457 1165
457 1169
457 1179
457 1181
457 1217
457 1219
457 1221
457 1225
457 1227
457 1229
457 1231
457 1233
457 1243
457 1245
458 266
458 330
458 394
458 522
458 586
458 650
459 5
459 9
459 13
459 15
459 17
459 69
459 73
459 75
459 76
459 77
459 81
459 93
459 137
459 139
459 140
459 141
459 145
459 157
459 194
459 195
459 203
459 204
459 205
459 209
459 221
459 258
459 265
459 267
459 268
459 269
459 273
459 285
459 325
459 329
459 331
459 332
459 333
459 335
459 387
459 393
459 395
459 397
459 401
459 413
459 451
459 457
459 461
459 463
459 465
459 515
459 517
459 521
459 523
459 525
459 527
459 529
459 578
459 579
459 585
459 587
459 588
459 589
459 593
459 605
459 620
459 649
459 651
459 653
459 706
459 707
459 713
459 715
459 716
459 717
459 721
459 733
459 777
459 779
459 780
459 781
459 785
459 797
459 834
459 835
459 841
459 843
459 844
459 845
459 846
459 849
459 861
459 876
459 901
459 905
459 911
459 961
459 962
459 963
459 969
459 971
459 972
459 973
459 977
459 987
459 989
459 992
459 1004
459 1026
459 1027
459 1033
459 1035
459 1037
459 1041
459 1053
459 1089
459 1091
459 1093
459 1097
459 1099
459 1100
459 1101
459 1105
459 1132
459 1153
459 1155
459 1161
459 1163
459 1164
459 1165
459 1169
459 1179
459 1181
459 1196
459 1217
459 1219
459 1225
459 1227
459 1228
459 1229
459 1233
459 1243
459 1245
459 1260
460 11
460 13
460 17
460 29
460 66
460 93
460 130
460 131
460 140
460 195
460 258
460 268
460 332
460 396
460 413
460 450
460 465
460 477
460 515
460 524
460 525
460 529
460 541
460 579
460 588
460 593
460 642
460 643
460 652
460 657
460 684
460 716
460 718
460 785
460 797
460 834
460 842
460 844
460 846
460 907
460 961
460 987
460 992
460 1004
460 1026
460 1035
460 1051
460 1089
460 1099
460 1100
460 1101
460 1105
460 1132
460 1154
460 1164
460 1190
460 1196
460 1218
460 1228
460 1260
461 5
461 9
461 13
461 15
461 17
461 69
461 73
461 75
461 76
461 77
461 79
461 81
461 93
461 133
461 137
461 139
461 140
461 141
461 145
461 157
461 194
461 195
461 201
461 203
461 204
461 205
461 209
461 221
461 258
461 265
461 267
461 268
461 269
461 273
461 285
461 325
461 329
461 331
461 332
461 333
461 335
461 387
461 393
461 395
461 397
461 399
461 401
461 451
461 453
461 457
461 459
461 463
461 465
461 515
461 517
461 521
461 523
461 525
461 527
461 529
461 578
461 579
461 585
461 587
461 588
461 589
461 593
461 605
461 620
461 645
461 649
461 651
461 653
461 655
461 706
461 707
461 713
461 715
461 716
461 717
461 721
461 733
461 773
461 777
461 779
461 780
461 781
461 785
461 834
461 835
461 841
461 843
461 844
461 845
461 849
461 861
461 876
461 901
461 905
461 911
461 961
461 962
461 963
461 969
461 971
461 972
461 973
461 977
461 987
461 989
461 1004
461 1026
461 1027
461 1029
461 1033
461 1035
461 1037
461 1041
461 1053
461 1091
461 1093
461 1097
461 1099
461 1100
461 1101
461 1105
461 1132
461 1153
461 1155
461 1161
461 1163
461 1165
461 1169
461 1179
461 1181
461 1196
461 1217
461 1219
461 1221
461 1225
461 1227
461 1229
461 1233
461 1243
461 1245
462 270
462 334
462 398
462 403
462 526
462 590
462 654
462 981
463 5
463 9
463 15
463 69
463 73
463 75
463 76
463 77
463 79
463 81
463 133
463 137
463 139
463 141
463 143
463 145
463 157
463 194
463 197
463 201
463 203
463 204
463 205
463 207
463 209
463 221
463 261
463 265
463 267
463 268
463 269
463 271
463 273
463 285
463 325
463 329
463 331
463 335
463 389
463 393
463 395
463 397
463 399
463 451
463 453
463 457
463 459
463 461
463 517
463 521
463 523
463 527
463 581
463 585
463 587
463 589
463 591
463 620
463 645
463 649
463 651
463 653
463 655
463 707
463 709
463 713
463 715
463 717
463 719
463 721
463 733
463 773
463 777
463 779
463 781
463 783
463 835
463 837
463 841
463 843
463 845
463 847
463 849
463 876
463 901
463 905
463 911
463 962
463 963
463 965
463 969
463 971
463 972
463 973
463 975
463 977
463 989
463 1027
463 1029
463 1033
463 1039
463 1041
463 1091
463 1093
463 1097
463 1103
463 1153
463 1155
463 1157
463 1161
463 1163
463 1165
463 1167
463 1169
463 1179
463 1181
463 1217
463 1219
463 1221
463 1225
463 1227
463 1229
463 1231
463 1233
463 1243
463 1245
464 272
464 336
464 400
464 448
464 528
464 592
464 656
464 1205
464 1266
465 5
465 9
465 13
465 15
465 17
465 73
465 75
465 76
465 77
465 81
465 93
465 139
465 140
465 141
465 145
465 157
465 194
465 195
465 203
465 204
465 205
465 209
465 221
465 258
465 267
465 268
465 269
465 273
465 285
465 325
465 329
465 331
465 332
465 333
465 335
465 337
465 387
465 393
465 395
465 396
465 397
465 401
465 413
465 451
465 457
465 459
465 460
465 461
465 477
465 515
465 521
465 523
465 525
465 529
465 541
465 578
465 579
465 585
465 588
465 589
465 593
465 605
465 620
465 643
465 649
465 651
465 653
465 657
465 706
465 707
465 713
465 715
465 716
465 717
465 721
465 733
465 777
465 779
465 780
465 781
465 785
465 797
465 834
465 835
465 841
465 843
465 844
465 845
465 846
465 849
465 861
465 876
465 901
465 905
465 907
465 961
465 962
465 963
465 969
465 972
465 973
465 977
465 987
465 989
465 992
465 1004
465 1026
465 1027
465 1033
465 1035
465 1037
465 1041
465 1053
465 1089
465 1091
465 1097
465 1099
465 1100
465 1101
465 1105
465 1132
465 1153
465 1155
465 1161
465 1163
465 1164
465 1165
465 1169
465 1179
465 1181
465 1196
465 1217
465 1225
465 1227
465 1228
465 1229
465 1233
465 1243
465 1245
465 1260
466 274
466 338
466 402
466 530
466 594
466 658
466 813
467 275
467 339
467 403
467 531
467 595
467 659
467 886
467 964
468 87
468 276
468 340
468 404
468 532
468 596
468 660
469 277
469 341
469 405
469 533
469 597
469 661
469 872
469 955
470 278
470 342
470 406
470 534
470 598
470 662
470 801
470 1071
471 279
471 343
471 407
471 535
471 599
471 663
471 931
471 1044
472 99
472 253
472 280
472 344
472 408
472 536
472 600
472 664
473 281
473 345
473 409
473 537
473 601
473 665
473 855
473 1194
474 282
474 346
474 351
474 410
474 538
474 602
474 666
474 1143
475 283
475 347
475 411
475 539
475 603
475 667
475 755
476 284
476 348
476 412
476 540
476 604
476 668
476 1110
477 11
477 13
477 17
477 29
477 66
477 93
477 130
477 140
477 195
477 258
477 285
477 332
477 333
477 349
477 387
477 396
477 401
477 413
477 450
477 460
477 465
477 515
477 524
477 525
477 529
477 541
477 578
477 579
477 588
477 593
477 605
477 642
477 643
477 657
477 669
477 684
477 706
477 716
477 718
477 780
477 785
477 797
477 834
477 842
477 844
477 846
477 861
477 907
477 961
477 987
477 992
477 1004
477 1026
477 1035
477 1037
477 1051
477 1053
477 1089
477 1099
477 1100
477 1101
477 1105
477 1132
477 1154
477 1164
477 1190
477 1196
477 1218
477 1228
477 1260
478 286
478 350
478 414
478 542
478 597
478 606
478 670
478 918
478 941
479 287
479 351
479 415
479 507
479 543
479 607
479 671
480 288
480 352
480 416
480 544
480 608
480 672
481 289
481 353
481 417
481 545
481 609
481 673
481 976
481 1121
482 290
482 354
482 418
482 546
482 610
482 674
482 893
482 936
483 291
483 355
483 419
483 547
483 599
483 611
483 675
483 889
483 1251
484 161
484 260
484 292
484 356
484 365
484 420
484 429
484 548
484 612
484 676
485 242
485 293
485 345
485 357
485 421
485 549
485 613
485 677
485 900
485 1063
485 1265
486 294
486 358
486 422
486 550
486 614
486 678
487 164
487 295
487 359
487 405
487 423
487 551
487 615
487 679
488 296
488 360
488 412
488 424
488 552
488 616
488 680
488 724
489 98
489 297
489 361
489 425
489 553
489 617
489 681
489 871
489 1135
490 168
490 298
490 312
490 362
490 426
490 535
490 554
490 618
490 660
490 682
491 190
491 299
491 363
491 427
491 508
491 555
491 619
491 683
491 1087
491 1215
492 300
492 364
492 428
492 556
492 620
492 684
493 301
493 365
493 429
493 557
493 621
493 685
494 55
494 177
494 302
494 366
494 430
494 558
494 622
494 686
494 1059
494 1148
495 26
495 303
495 367
495 431
495 559
495 623
495 687
495 1111
496 304
496 368
496 432
496 560
496 624
496 688
497 60
497 305
497 369
497 433
497 561
497 625
497 689
498 306
498 370
498 434
498 562
498 626
498 690
498 821
499 307
499 371
499 435
499 563
499 627
499 691
500 308
500 372
500 436
500 564
500 628
500 692
501 212
501 309
501 373
501 437
501 565
501 629
501 693
501 814
502 281
502 310
502 374
502 438
502 528
502 566
502 630
502 694
502 1127
503 311
503 375
503 439
503 445
503 567
503 631
503 695
504 121
504 188
504 312
504 376
504 440
504 568
504 632
504 696
505 176
505 313
505 377
505 441
505 569
505 633
505 697
506 314
506 378
506 442
506 570
506 634
506 698
507 315
507 379
507 443
507 479
507 571
507 635
507 699
508 190
508 316
508 380
508 444
508 491
508 572
508 636
508 700
508 1087
508 1215
509 317
509 381
509 445
509 573
509 637
509 701
510 318
510 378
510 382
510 446
510 574
510 638
510 702
511 319
511 383
511 447
511 575
511 639
511 703
512 320
512 384
512 434
512 448
512 576
512 640
512 704
512 997
513 65
513 321
513 385
513 449
513 577
513 641
513 705
513 988
513 1106
514 322
514 386
514 450
514 578
514 642
514 706
514 913
515 5
515 9
515 13
515 15
515 17
515 73
515 75
515 76
515 77
515 81
515 93
515 139
515 140
515 141
515 145
515 157
515 194
515 195
515 204
515 205
515 209
515 221
515 258
515 268
515 269
515 273
515 285
515 323
515 329
515 331
515 332
515 333
515 335
515 387
515 393
515 395
515 396
515 397
515 401
515 413
515 451
515 457
515 459
515 460
515 461
515 465
515 477
515 521
515 523
515 525
515 529
515 541
515 578
515 579
515 585
515 588
515 589
515 593
515 605
515 620
515 642
515 643
515 649
515 651
515 653
515 706
515 707
515 715
515 716
515 717
515 721
515 733
515 777
515 779
515 780
515 781
515 785
515 797
515 834
515 835
515 842
515 843
515 844
515 846
515 849
515 861
515 876
515 901
515 905
515 907
515 961
515 962
515 963
515 969
515 972
515 973
515 987
515 989
515 992
515 1004
515 1026
515 1027
515 1035
515 1037
515 1041
515 1053
515 1089
515 1091
515 1097
515 1099
515 1100
515 1101
515 1105
515 1132
515 1153
515 1155
515 1161
515 1163
515 1164
515 1165
515 1169
515 1179
515 1181
515 1190
515 1196
515 1217
515 1225
515 1227
515 1228
515 1229
515 1233
515 1243
515 1245
515 1260
516 324
516 388
516 452
516 580
516 644
516 676
516 708
517 5
517 9
517 15
517 69
517 73
517 75
517 76
517 77
517 79
517 81
517 133
517 137
517 139
517 141
517 143
517 145
517 157
517 194
517 197
517 201
517 203
517 204
517 205
517 207
517 209
517 221
517 261
517 265
517 267
517 268
517 269
517 271
517 273
517 285
517 325
517 329
517 331
517 333
517 335
517 389
517 393
517 395
517 397
517 399
517 451
517 453
517 457
517 459
517 461
517 463
517 521
517 523
517 527
517 578
517 581
517 585
517 587
517 589
517 591
517 620
517 645
517 649
517 651
517 653
517 655
517 706
517 707
517 709
517 713
517 715
517 717
517 719
517 721
517 733
517 773
517 777
517 779
517 780
517 781
517 783
517 835
517 837
517 841
517 843
517 845
517 847
517 849
517 861
517 876
517 901
517 905
517 911
517 962
517 963
517 965
517 969
517 971
517 972
517 973
517 975
517 977
517 989
517 1027
517 1029
517 1033
517 1037
517 1039
517 1041
517 1053
517 1091
517 1093
517 1097
517 1103
517 1153
517 1155
517 1157
517 1161
517 1163
517 1165
517 1167
517 1169
517 1179
517 1181
517 1217
517 1219
517 1221
517 1225
517 1227
517 1229
517 1231
517 1233
517 1243
517 1245
518 326
518 390
518 454
518 582
518 646
518 710
519 6
519 70
519 134
519 198
519 262
519 326
519 327
519 390
519 391
519 454
519 455
519 582
519 583
519 647
519 710
519 711
519 775
519 838
519 902
519 966
519 1030
519 1095
519 1158
519 1222
520 118
520 213
520 328
520 392
520 456
520 584
520 635
520 648
520 712
520 776
521 5
521 9
521 15
521 69
521 73
521 75
521 76
521 77
521 79
521 81
521 93
521 133
521 137
521 139
521 141
521 143
521 145
521 157
521 194
521 197
521 201
521 203
521 204
521 205
521 207
521 209
521 221
521 261
521 265
521 267
521 268
521 269
521 271
521 273
521 285
521 325
521 329
521 331
521 332
521 333
521 335
521 387
521 389
521 393
521 395
521 397
521 399
521 401
521 451
521 453
521 457
521 459
521 461
521 463
521 465
521 515
521 517
521 523
521 527
521 529
521 578
521 581
521 585
521 587
521 589
521 591
521 593
521 605
521 620
521 645
521 649
521 651
521 653
521 655
521 706
521 707
521 709
521 713
521 715
521 717
521 719
521 721
521 733
521 773
521 777
521 779
521 780
521 781
521 783
521 835
521 837
521 841
521 843
521 844
521 845
521 847
521 849
521 861
521 876
521 901
521 905
521 911
521 962
521 963
521 965
521 969
521 971
521 972
521 973
521 975
521 977
521 989
521 1027
521 1029
521 1033
521 1035
521 1037
521 1039
521 1041
521 1053
521 1091
521 1093
521 1097
521 1099
521 1103
521 1153
521 1155
521 1157
521 1161
521 1163
521 1165
521 1167
521 1169
521 1179
521 1181
521 1217
521 1219
521 1221
521 1225
521 1227
521 1229
521 1231
521 1233
521 1243
521 1245
522 330
522 334
522 394
522 458
522 586
522 650
522 714
523 5
523 9
523 15
523 69
523 73
523 75
523 76
523 77
523 79
523 81
523 93
523 133
523 137
523 139
523 141
523 143
523 145
523 157
523 194
523 197
523 201
523 203
523 204
523 205
523 207
523 209
523 221
523 261
523 265
523 267
523 268
523 269
523 271
523 273
523 285
523 325
523 329
523 331
523 332
523 333
523 335
523 387
523 389
523 393
523 395
523 397
523 399
523 401
523 451
523 453
523 457
523 459
523 461
523 463
523 465
523 515
523 517
523 521
523 527
523 529
523 578
523 581
523 585
523 587
523 589
523 591
523 593
523 605
523 620
523 645
523 649
523 651
523 653
523 655
523 706
523 707
523 709
523 713
523 715
523 717
523 719
523 721
523 733
523 773
523 777
523 779
523 780
523 781
523 783
523 785
523 835
523 837
523 841
523 843
523 844
523 845
523 847
523 849
523 861
523 876
523 901
523 905
523 911
523 962
523 963
523 965
523 969
523 971
523 972
523 973
523 975
523 977
523 989
523 1027
523 1029
523 1033
523 1035
523 1037
523 1039
523 1041
523 1053
523 1091
523 1093
523 1097
523 1099
523 1101
523 1103
523 1153
523 1155
523 1157
523 1161
523 1163
523 1165
523 1169
523 1179
523 1181
523 1217
523 1219
523 1221
523 1225
523 1227
523 1229
523 1231
523 1233
523 1243
523 1245
524 3
524 11
524 29
524 66
524 130
524 131
524 332
524 396
524 413
524 450
524 460
524 477
524 541
524 588
524 642
524 643
524 652
524 657
524 684
524 716
524 718
524 771
524 797
524 842
524 846
524 907
524 992
524 1051
524 1089
524 1154
524 1164
524 1190
524 1218
524 1228
524 1260
525 5
525 9
525 13
525 17
525 29
525 66
525 73
525 75
525 76
525 77
525 81
525 93
525 139
525 140
525 141
525 145
525 157
525 194
525 195
525 204
525 209
525 221
525 258
525 268
525 269
525 273
525 285
525 329
525 331
525 332
525 333
525 387
525 396
525 397
525 401
525 413
525 450
525 451
525 457
525 459
525 460
525 461
525 465
525 477
525 515
525 529
525 541
525 578
525 579
525 588
525 589
525 593
525 605
525 620
525 642
525 643
525 649
525 653
525 657
525 706
525 707
525 716
525 717
525 718
525 721
525 733
525 777
525 779
525 780
525 785
525 797
525 834
525 835
525 842
525 844
525 846
525 849
525 861
525 876
525 901
525 905
525 907
525 961
525 962
525 969
525 973
525 987
525 989
525 992
525 1004
525 1026
525 1027
525 1035
525 1037
525 1053
525 1089
525 1091
525 1097
525 1099
525 1100
525 1101
525 1105
525 1132
525 1153
525 1163
525 1164
525 1165
525 1169
525 1179
525 1181
525 1190
525 1196
525 1217
525 1218
525 1227
525 1228
525 1229
525 1233
525 1243
525 1245
525 1260
526 334
526 398
526 462
526 590
526 654
526 718
526 1252
527 5
527 9
527 15
527 69
527 73
527 75
527 76
527 77
527 79
527 81
527 133
527 137
527 139
527 141
527 143
527 145
527 157
527 194
527 197
527 201
527 203
527 204
527 205
527 207
527 209
527 221
527 261
527 265
527 267
527 268
527 269
527 271
527 273
527 285
527 325
527 329
527 331
527 335
527 389
527 393
527 395
527 397
527 399
527 451
527 453
527 457
527 459
527 461
527 463
527 517
527 521
527 523
527 581
527 585
527 587
527 589
527 591
527 620
527 645
527 649
527 651
527 653
527 655
527 707
527 709
527 713
527 715
527 717
527 719
527 721
527 733
527 773
527 777
527 779
527 781
527 783
527 835
527 837
527 841
527 843
527 845
527 847
527 849
527 901
527 905
527 911
527 962
527 963
527 965
527 969
527 971
527 972
527 973
527 975
527 977
527 989
527 1027
527 1029
527 1033
527 1039
527 1041
527 1091
527 1093
527 1097
527 1103
527 1153
527 1155
527 1157
527 1161
527 1163
527 1165
527 1167
527 1169
527 1179
527 1181
527 1217
527 1219
527 1221
527 1225
527 1227
527 1229
527 1231
527 1233
527 1243
527 1245
528 281
528 336
528 400
528 464
528 502
528 592
528 656
528 720
528 1127
529 5
529 9
529 13
529 15
529 17
529 73
529 75
529 76
529 77
529 81
529 93
529 139
529 140
529 141
529 145
529 157
529 194
529 195
529 203
529 204
529 205
529 209
529 221
529 258
529 267
529 268
529 269
529 273
529 285
529 325
529 329
529 331
529 332
529 333
529 335
529 337
529 387
529 393
529 395
529 396
529 397
529 401
529 413
529 451
529 457
529 459
529 460
529 461
529 465
529 477
529 515
529 521
529 523
529 525
529 541
529 578
529 579
529 585
529 588
529 589
529 593
529 605
529 620
529 643
529 649
529 651
529 653
529 657
529 706
529 707
529 713
529 715
529 716
529 717
529 721
529 733
529 777
529 779
529 780
529 781
529 785
529 797
529 834
529 835
529 841
529 843
529 844
529 845
529 846
529 849
529 861
529 876
529 901
529 905
529 907
529 961
529 962
529 963
529 969
529 972
529 973
529 977
529 987
529 989
529 992
529 1004
529 1026
529 1027
529 1033
529 1035
529 1037
529 1041
529 1053
529 1089
529 1091
529 1097
529 1099
529 1100
529 1101
529 1105
529 1132
529 1153
529 1155
529 1161
529 1163
529 1164
529 1165
529 1169
529 1179
529 1181
529 1196
529 1217
529 1225
529 1227
529 1228
529 1229
529 1233
529 1243
529 1245
529 1260
530 338
530 402
530 466
530 594
530 658
530 722
530 1065
531 339
531 403
531 467
531 540
531 595
531 659
531 723
532 340
532 404
532 468
532 596
532 628
532 660
532 724
532 991
533 320
533 338
533 341
533 405
533 469
533 597
533 661
533 725
534 342
534 406
534 470
534 598
534 662
534 726
535 168
535 312
535 343
535 407
535 471
535 490
535 599
535 660
535 663
535 727
536 344
536 408
536 472
536 600
536 664
536 728
536 1119
537 345
537 409
537 473
537 601
537 665
537 729
537 946
538 165
538 346
538 410
538 474
538 602
538 666
538 730
538 1049
539 44
539 108
539 233
539 347
539 411
539 475
539 603
539 667
539 731
539 1013
540 348
540 412
540 476
540 531
540 604
540 668
540 732
541 11
541 13
541 17
541 29
541 66
541 93
541 130
541 131
541 140
541 195
541 258
541 332
541 349
541 387
541 396
541 401
541 413
541 450
541 460
541 465
541 477
541 515
541 524
541 525
541 529
541 579
541 588
541 593
541 605
541 642
541 643
541 657
541 669
541 684
541 716
541 718
541 733
541 785
541 797
541 834
541 842
541 844
541 846
541 907
541 961
541 987
541 992
541 1004
541 1026
541 1035
541 1051
541 1089
541 1099
541 1100
541 1101
541 1105
541 1132
541 1154
541 1164
541 1190
541 1196
541 1218
541 1228
541 1260
542 321
542 350
542 414
542 478
542 606
542 670
542 734
542 740
542 1170
543 59
543 351
543 367
543 415
543 433
543 479
543 607
543 671
543 735
544 352
544 416
544 480
544 608
544 672
544 736
545 100
545 353
545 354
545 417
545 481
545 609
545 673
545 737
546 33
546 354
546 418
546 482
546 596
546 610
546 625
546 668
546 674
546 738
546 799
546 1048
547 355
547 419
547 483
547 611
547 675
547 739
547 1192
548 289
548 356
548 420
548 484
548 612
548 676
548 740
548 1052
549 357
549 421
549 485
549 613
549 677
549 741
549 916
550 358
550 422
550 486
550 577
550 614
550 678
550 742
551 359
551 423
551 487
551 615
551 679
551 743
551 1066
551 1272
552 113
552 360
552 424
552 488
552 616
552 680
552 744
553 109
553 361
553 425
553 489
553 617
553 681
553 745
554 362
554 426
554 490
554 618
554 682
554 746
554 815
555 491
555 619
556 364
556 428
556 492
556 620
556 684
556 748
557 365
557 429
557 493
557 621
557 672
557 685
557 749
558 366
558 430
558 494
558 622
558 686
558 750
559 367
559 431
559 495
559 623
559 687
559 751
559 852
559 1209
560 152
560 368
560 432
560 440
560 496
560 569
560 624
560 688
560 752
560 1210
560 1279
561 369
561 433
561 497
561 625
561 689
561 753
562 360
562 370
562 434
562 498
562 626
562 690
562 754
562 863
563 371
563 435
563 499
563 627
563 691
563 755
564 372
564 436
564 500
564 628
564 692
564 756
565 52
565 373
565 437
565 501
565 629
565 693
565 757
565 884
565 942
566 374
566 438
566 502
566 630
566 694
566 758
566 926
566 1113
567 375
567 439
567 503
567 631
567 695
567 759
568 107
568 376
568 440
568 504
568 632
568 696
568 760
568 945
569 152
569 377
569 440
569 441
569 505
569 560
569 633
569 697
569 761
569 1210
569 1279
570 378
570 442
570 506
570 634
570 698
570 762
571 379
571 384
571 443
571 507
571 635
571 699
571 763
572 380
572 444
572 508
572 636
572 700
572 702
572 764
572 1067
573 124
573 381
573 445
573 509
573 637
573 701
573 765
574 382
574 446
574 510
574 638
574 702
574 766
574 948
574 1008
575 148
575 383
575 447
575 511
575 639
575 703
575 767
575 816
576 371
576 384
576 448
576 512
576 640
576 704
576 768
576 853
577 385
577 449
577 513
577 550
577 641
577 705
577 769
578 5
578 9
578 13
578 15
578 17
578 69
578 73
578 75
578 76
578 77
578 81
578 93
578 137
578 139
578 140
578 141
578 145
578 157
578 194
578 195
578 203
578 204
578 205
578 209
578 221
578 258
578 265
578 267
578 268
578 269
578 273
578 285
578 325
578 329
578 331
578 332
578 333
578 335
578 386
578 387
578 393
578 395
578 397
578 401
578 413
578 450
578 451
578 457
578 459
578 461
578 465
578 477
578 514
578 515
578 517
578 521
578 523
578 525
578 529
578 579
578 585
578 588
578 589
578 593
578 605
578 620
578 642
578 649
578 651
578 653
578 706
578 707
578 713
578 715
578 716
578 717
578 721
578 733
578 770
578 777
578 779
578 780
578 781
578 785
578 797
578 834
578 835
578 841
578 843
578 844
578 845
578 846
578 849
578 861
578 876
578 901
578 905
578 907
578 911
578 961
578 962
578 963
578 969
578 971
578 972
578 973
578 977
578 987
578 989
578 992
578 1004
578 1026
578 1027
578 1033
578 1035
578 1037
578 1041
578 1053
578 1089
578 1091
578 1093
578 1097
578 1099
578 1100
578 1101
578 1105
578 1132
578 1153
578 1155
578 1161
578 1163
578 1164
578 1165
578 1169
578 1179
578 1181
578 1196
578 1217
578 1219
578 1225
578 1227
578 1228
578 1229
578 1233
578 1243
578 1245
578 1260
579 9
579 11
579 13
579 17
579 29
579 66
579 75
579 76
579 81
579 93
579 130
579 139
579 140
579 141
579 145
579 157
579 194
579 195
579 221
579 258
579 268
579 273
579 285
579 331
579 332
579 333
579 387
579 396
579 397
579 401
579 413
579 450
579 451
579 459
579 460
579 461
579 465
579 477
579 515
579 525
579 529
579 541
579 578
579 588
579 593
579 605
579 642
579 643
579 653
579 657
579 684
579 706
579 707
579 716
579 718
579 771
579 777
579 780
579 785
579 797
579 834
579 835
579 842
579 844
579 846
579 861
579 876
579 905
579 907
579 961
579 962
579 987
579 992
579 1004
579 1026
579 1027
579 1035
579 1037
579 1053
579 1089
579 1091
579 1097
579 1099
579 1100
579 1101
579 1105
579 1132
579 1153
579 1163
579 1164
579 1165
579 1169
579 1179
579 1181
579 1190
579 1196
579 1218
579 1228
579 1233
579 1243
579 1260
580 388
580 452
580 516
580 644
580 708
580 772
581 5
581 9
581 15
581 69
581 73
581 75
581 77
581 79
581 133
581 137
581 143
581 197
581 201
581 203
581 204
581 205
581 207
581 209
581 261
581 265
581 267
581 268
581 269
581 271
581 325
581 329
581 335
581 389
581 393
581 395
581 399
581 453
581 457
581 463
581 517
581 521
581 523
581 527
581 585
581 587
581 589
581 591
581 620
581 645
581 649
581 651
581 655
581 709
581 713
581 715
581 717
581 719
581 721
581 733
581 773
581 777
581 779
581 781
581 783
581 837
581 841
581 843
581 845
581 847
581 849
581 901
581 911
581 962
581 963
581 965
581 969
581 971
581 972
581 973
581 975
581 977
581 989
581 1029
581 1033
581 1039
581 1041
581 1093
581 1103
581 1155
581 1157
581 1161
581 1167
581 1217
581 1219
581 1221
581 1225
581 1227
581 1229
581 1231
581 1245
582 6
582 70
582 134
582 198
582 262
582 326
582 390
582 454
582 518
582 519
582 646
582 647
582 710
582 774
582 775
582 838
582 902
582 966
582 1030
582 1095
582 1158
582 1222
583 300
583 391
583 455
583 519
583 647
583 711
583 775
584 392
584 456
584 520
584 648
584 678
584 712
584 776
585 5
585 9
585 15
585 69
585 73
585 75
585 76
585 77
585 79
585 81
585 93
585 133
585 137
585 139
585 141
585 143
585 145
585 157
585 194
585 197
585 201
585 203
585 204
585 205
585 207
585 209
585 221
585 261
585 265
585 267
585 268
585 269
585 271
585 273
585 285
585 325
585 329
585 331
585 332
585 333
585 335
585 387
585 389
585 393
585 395
585 397
585 399
585 401
585 451
585 453
585 457
585 459
585 461
585 463
585 465
585 515
585 517
585 521
585 523
585 527
585 529
585 578
585 581
585 587
585 589
585 591
585 593
585 605
585 620
585 645
585 649
585 651
585 653
585 655
585 706
585 707
585 709
585 713
585 715
585 717
585 719
585 721
585 733
585 773
585 777
585 779
585 780
585 781
585 783
585 785
585 835
585 837
585 841
585 843
585 844
585 845
585 847
585 849
585 861
585 876
585 901
585 905
585 911
585 962
585 963
585 965
585 969
585 971
585 972
585 973
585 975
585 977
585 989
585 1027
585 1029
585 1033
585 1035
585 1037
585 1039
585 1041
585 1053
585 1091
585 1093
585 1097
585 1099
585 1103
585 1153
585 1155
585 1157
585 1161
585 1163
585 1165
585 1167
585 1169
585 1179
585 1181
585 1217
585 1219
585 1221
585 1225
585 1227
585 1229
585 1231
585 1233
585 1243
585 1245
586 394
586 458
586 522
586 650
586 714
586 742
586 778
587 5
587 9
587 15
587 69
587 73
587 75
587 76
587 77
587 79
587 81
587 133
587 137
587 139
587 141
587 143
587 145
587 157
587 194
587 197
587 201
587 203
587 204
587 205
587 207
587 209
587 221
587 261
587 265
587 267
587 268
587 269
587 271
587 273
587 285
587 325
587 329
587 331
587 335
587 389
587 393
587 395
587 397
587 399
587 451
587 453
587 457
587 459
587 461
587 463
587 517
587 521
587 523
587 527
587 581
587 585
587 589
587 591
587 620
587 645
587 649
587 651
587 653
587 655
587 707
587 709
587 713
587 715
587 717
587 719
587 721
587 733
587 773
587 777
587 779
587 781
587 783
587 835
587 837
587 841
587 843
587 845
587 847
587 849
587 861
587 876
587 901
587 905
587 911
587 962
587 963
587 965
587 969
587 971
587 972
587 973
587 975
587 977
587 989
587 1027
587 1029
587 1033
587 1039
587 1041
587 1053
587 1091
587 1093
587 1097
587 1103
587 1153
587 1155
587 1157
587 1161
587 1163
587 1165
587 1167
587 1169
587 1179
587 1181
587 1217
587 1219
587 1221
587 1225
587 1227
587 1229
587 1231
587 1233
587 1243
587 1245
588 5
588 9
588 13
588 17
588 29
588 66
588 75
588 76
588 81
588 93
588 130
588 139
588 140
588 141
588 145
588 157
588 194
588 195
588 221
588 258
588 268
588 273
588 285
588 329
588 331
588 332
588 333
588 387
588 396
588 397
588 401
588 413
588 450
588 451
588 459
588 460
588 461
588 465
588 477
588 515
588 524
588 525
588 529
588 541
588 578
588 579
588 593
588 605
588 620
588 642
588 643
588 649
588 652
588 653
588 657
588 706
588 707
588 716
588 718
588 777
588 779
588 780
588 785
588 797
588 834
588 835
588 842
588 844
588 846
588 861
588 876
588 905
588 907
588 961
588 962
588 973
588 987
588 992
588 1004
588 1026
588 1027
588 1035
588 1037
588 1053
588 1089
588 1091
588 1097
588 1099
588 1100
588 1101
588 1105
588 1132
588 1153
588 1163
588 1164
588 1165
588 1169
588 1179
588 1181
588 1190
588 1196
588 1218
588 1228
588 1233
588 1243
588 1245
588 1260
589 5
589 9
589 15
589 69
589 73
589 75
589 76
589 77
589 79
589 81
589 93
589 133
589 137
589 139
589 141
589 143
589 145
589 157
589 194
589 197
589 201
589 203
589 204
589 205
589 207
589 209
589 221
589 261
589 265
589 267
589 268
589 269
589 271
589 273
589 285
589 325
589 329
589 331
589 332
589 333
589 335
589 387
589 389
589 393
589 395
589 397
589 399
589 401
589 451
589 453
589 457
589 459
589 461
589 463
589 465
589 515
589 517
589 521
589 523
589 525
589 527
589 529
589 578
589 581
589 585
589 587
589 591
589 593
589 605
589 620
589 645
589 649
589 651
589 653
589 655
589 706
589 707
589 709
589 713
589 715
589 717
589 719
589 721
589 733
589 773
589 777
589 779
589 780
589 781
589 783
589 835
589 837
589 841
589 843
589 845
589 847
589 849
589 861
589 876
589 901
589 905
589 911
589 962
589 963
589 965
589 969
589 971
589 972
589 973
589 975
589 977
589 989
589 1027
589 1029
589 1033
589 1037
589 1039
589 1041
589 1053
589 1091
589 1093
589 1097
589 1099
589 1103
589 1153
589 1155
589 1157
589 1161
589 1163
589 1165
589 1167
589 1169
589 1179
589 1181
589 1217
589 1219
589 1221
589 1225
589 1227
589 1229
589 1231
589 1233
589 1243
589 1245
590 398
590 462
590 526
590 654
590 718
590 782
591 5
591 15
591 69
591 73
591 77
591 79
591 133
591 137
591 143
591 197
591 201
591 203
591 204
591 205
591 207
591 209
591 261
591 265
591 267
591 269
591 271
591 325
591 329
591 335
591 389
591 393
591 395
591 399
591 453
591 457
591 463
591 517
591 521
591 523
591 527
591 581
591 585
591 587
591 589
591 620
591 645
591 649
591 651
591 655
591 709
591 713
591 715
591 717
591 719
591 721
591 733
591 773
591 779
591 781
591 783
591 837
591 841
591 843
591 845
591 847
591 849
591 901
591 911
591 963
591 965
591 969
591 971
591 972
591 973
591 975
591 977
591 989
591 1029
591 1033
591 1039
591 1041
591 1093
591 1103
591 1155
591 1157
591 1161
591 1167
591 1217
591 1219
591 1221
591 1225
591 1227
591 1229
591 1231
591 1245
592 400
592 464
592 528
592 656
592 720
592 784
593 5
593 9
593 13
593 15
593 17
593 73
593 75
593 76
593 77
593 81
593 93
593 139
593 140
593 141
593 145
593 157
593 194
593 195
593 203
593 204
593 205
593 209
593 221
593 258
593 267
593 268
593 269
593 273
593 285
593 325
593 329
593 331
593 332
593 333
593 335
593 387
593 393
593 395
593 396
593 397
593 401
593 413
593 451
593 457
593 459
593 460
593 461
593 465
593 477
593 515
593 521
593 523
593 525
593 529
593 541
593 578
593 579
593 585
593 588
593 589
593 605
593 620
593 643
593 649
593 651
593 653
593 657
593 706
593 707
593 713
593 715
593 716
593 717
593 721
593 733
593 777
593 779
593 780
593 781
593 785
593 797
593 834
593 835
593 841
593 843
593 844
593 845
593 846
593 849
593 861
593 876
593 901
593 905
593 907
593 961
593 962
593 963
593 969
593 972
593 973
593 977
593 987
593 989
593 992
593 1004
593 1026
593 1027
593 1033
593 1035
593 1037
593 1041
593 1053
593 1089
593 1091
593 1097
593 1099
593 1100
593 1101
593 1105
593 1132
593 1153
593 1155
593 1161
593 1163
593 1164
593 1165
593 1169
593 1179
593 1181
593 1196
593 1217
593 1225
593 1227
593 1228
593 1229
593 1233
593 1243
593 1245
593 1260
594 402
594 466
594 530
594 658
594 722
594 739
594 786
595 403
595 467
595 531
595 659
595 723
595 787
596 33
596 404
596 468
596 532
596 546
596 625
596 660
596 668
596 724
596 788
596 799
596 1048
597 405
597 469
597 478
597 533
597 661
597 725
597 789
597 918
597 941
598 385
598 406
598 470
598 534
598 662
598 726
598 790
599 407
599 471
599 483
599 535
599 663
599 727
599 791
599 889
599 1251
600 408
600 472
600 536
600 664
600 728
600 792
601 409
601 473
601 537
601 665
601 729
601 793
602 410
602 474
602 538
602 666
602 730
602 794
602 817
602 820
603 411
603 475
603 539
603 667
603 731
603 795
604 155
604 412
604 476
604 540
604 668
604 712
604 732
604 796
605 5
605 9
605 13
605 15
605 17
605 73
605 75
605 76
605 77
605 81
605 93
605 139
605 140
605 141
605 145
605 157
605 194
605 195
605 203
605 204
605 205
605 209
605 221
605 258
605 265
605 267
605 268
605 269
605 273
605 285
605 325
605 329
605 331
605 332
605 333
605 335
605 387
605 393
605 395
605 396
605 397
605 401
605 413
605 451
605 457
605 459
605 461
605 465
605 477
605 515
605 521
605 523
605 525
605 529
605 541
605 578
605 579
605 585
605 588
605 589
605 593
605 620
605 643
605 649
605 651
605 653
605 669
605 706
605 707
605 713
605 715
605 716
605 717
605 721
605 733
605 777
605 779
605 780
605 781
605 785
605 797
605 834
605 835
605 841
605 843
605 844
605 845
605 846
605 849
605 861
605 876
605 901
605 905
605 907
605 911
605 961
605 962
605 963
605 969
605 971
605 972
605 973
605 977
605 987
605 989
605 992
605 1004
605 1026
605 1027
605 1033
605 1035
605 1037
605 1041
605 1053
605 1089
605 1091
605 1097
605 1099
605 1100
605 1101
605 1105
605 1132
605 1153
605 1155
605 1161
605 1163
605 1164
605 1165
605 1169
605 1179
605 1181
605 1196
605 1217
605 1219
605 1225
605 1227
605 1228
605 1229
605 1233
605 1243
605 1245
605 1260
606 288
606 414
606 478
606 542
606 648
606 670
606 734
606 798
606 994
607 415
607 479
607 543
607 671
607 735
607 799
608 416
608 480
608 544
608 672
608 736
608 800
609 257
609 417
609 481
609 545
609 673
609 737
609 801
610 402
610 418
610 482
610 546
610 674
610 685
610 738
610 802
611 50
611 419
611 483
611 547
611 675
611 739
611 803
611 1017
611 1199
612 8
612 18
612 336
612 420
612 484
612 548
612 676
612 740
612 804
612 995
613 169
613 421
613 485
613 549
613 677
613 741
613 805
613 947
614 330
614 422
614 486
614 550
614 678
614 742
614 806
615 423
615 487
615 551
615 679
615 743
615 807
615 1202
616 424
616 488
616 552
616 680
616 744
616 808
616 1258
617 425
617 489
617 553
617 681
617 720
617 745
617 809
618 426
618 490
618 554
618 682
618 746
618 810
619 491
619 555
619 683
619 747
620 5
620 9
620 13
620 15
620 17
620 69
620 73
620 75
620 76
620 77
620 79
620 81
620 93
620 133
620 137
620 139
620 140
620 141
620 143
620 145
620 157
620 194
620 195
620 197
620 201
620 203
620 204
620 205
620 207
620 209
620 221
620 261
620 265
620 267
620 268
620 269
620 271
620 273
620 285
620 325
620 329
620 331
620 332
620 333
620 335
620 387
620 389
620 393
620 395
620 397
620 399
620 401
620 428
620 451
620 453
620 457
620 459
620 461
620 463
620 465
620 492
620 515
620 517
620 521
620 523
620 525
620 527
620 529
620 556
620 578
620 581
620 585
620 587
620 588
620 589
620 591
620 593
620 605
620 645
620 649
620 651
620 653
620 655
620 684
620 706
620 707
620 713
620 715
620 717
620 721
620 733
620 748
620 773
620 777
620 779
620 780
620 781
620 783
620 785
620 812
620 834
620 835
620 837
620 841
620 843
620 844
620 845
620 849
620 861
620 876
620 901
620 905
620 911
620 961
620 962
620 963
620 965
620 969
620 971
620 972
620 973
620 977
620 987
620 989
620 1026
620 1027
620 1029
620 1033
620 1035
620 1037
620 1041
620 1053
620 1091
620 1093
620 1097
620 1099
620 1100
620 1101
620 1103
620 1153
620 1155
620 1157
620 1161
620 1163
620 1165
620 1169
620 1179
620 1181
620 1217
620 1219
620 1221
620 1225
620 1227
620 1229
620 1233
620 1243
620 1245
621 429
621 493
621 557
621 685
621 749
621 813
622 151
622 430
622 494
622 558
622 686
622 689
622 750
622 814
623 431
623 495
623 559
623 687
623 751
623 815
624 46
624 432
624 442
624 496
624 560
624 688
624 752
624 816
625 33
625 433
625 497
625 546
625 561
625 596
625 668
625 689
625 753
625 799
625 817
625 1048
626 83
626 434
626 498
626 562
626 690
626 754
626 818
627 94
627 435
627 499
627 563
627 691
627 755
627 819
628 436
628 500
628 532
628 564
628 692
628 756
628 820
628 991
629 105
629 437
629 501
629 565
629 693
629 757
629 821
629 1137
630 438
630 502
630 566
630 694
630 758
630 822
631 181
631 439
631 503
631 567
631 690
631 695
631 759
631 823
632 440
632 504
632 568
632 696
632 760
632 824
633 441
633 505
633 569
633 697
633 761
633 788
633 823
633 825
633 1108
634 111
634 442
634 506
634 570
634 698
634 762
634 826
635 118
635 213
635 443
635 507
635 520
635 571
635 699
635 763
635 776
635 827
636 344
636 444
636 508
636 572
636 700
636 764
636 828
636 890
637 445
637 509
637 573
637 701
637 765
637 829
638 355
638 446
638 510
638 574
638 698
638 702
638 766
638 830
638 1212
639 447
639 511
639 575
639 703
639 767
639 831
640 448
640 512
640 576
640 704
640 768
640 832
641 449
641 513
641 577
641 705
641 769
641 833
641 1191
642 11
642 13
642 17
642 29
642 66
642 93
642 130
642 131
642 140
642 195
642 258
642 332
642 396
642 413
642 450
642 460
642 477
642 514
642 515
642 524
642 525
642 541
642 578
642 579
642 588
642 643
642 657
642 684
642 706
642 716
642 718
642 770
642 785
642 797
642 834
642 842
642 844
642 846
642 907
642 961
642 987
642 992
642 1004
642 1026
642 1035
642 1051
642 1089
642 1099
642 1100
642 1101
642 1105
642 1132
642 1154
642 1164
642 1190
642 1196
642 1218
642 1228
642 1260
643 11
643 13
643 17
643 29
643 66
643 93
643 130
643 140
643 195
643 258
643 332
643 387
643 396
643 401
643 413
643 450
643 451
643 460
643 465
643 477
643 515
643 524
643 525
643 529
643 541
643 579
643 588
643 593
643 605
643 642
643 657
643 684
643 707
643 716
643 718
643 771
643 785
643 797
643 834
643 835
643 842
643 844
643 846
643 907
643 961
643 987
643 992
643 1004
643 1026
643 1035
643 1051
643 1089
643 1099
643 1100
643 1101
643 1105
643 1132
643 1154
643 1164
643 1190
643 1196
643 1218
643 1228
643 1260
644 452
644 516
644 580
644 708
644 772
644 836
645 5
645 9
645 15
645 69
645 73
645 75
645 76
645 77
645 79
645 81
645 133
645 137
645 139
645 141
645 143
645 145
645 194
645 197
645 201
645 203
645 204
645 205
645 207
645 209
645 221
645 261
645 265
645 267
645 268
645 269
645 271
645 273
645 325
645 329
645 335
645 389
645 393
645 395
645 397
645 399
645 451
645 453
645 457
645 461
645 463
645 517
645 521
645 523
645 527
645 581
645 585
645 587
645 589
645 591
645 620
645 649
645 651
645 653
645 655
645 707
645 709
645 713
645 715
645 717
645 719
645 721
645 733
645 773
645 777
645 779
645 781
645 783
645 835
645 837
645 841
645 843
645 845
645 847
645 849
645 901
645 905
645 911
645 962
645 963
645 965
645 969
645 971
645 972
645 973
645 975
645 977
645 989
645 1027
645 1029
645 1033
645 1039
645 1041
645 1093
645 1097
645 1103
645 1153
645 1155
645 1157
645 1161
645 1163
645 1165
645 1167
645 1169
645 1179
645 1217
645 1219
645 1221
645 1225
645 1227
645 1229
645 1231
645 1233
645 1243
645 1245
646 67
646 454
646 518
646 582
646 710
646 774
646 838
646 970
647 6
647 70
647 134
647 198
647 262
647 326
647 390
647 454
647 455
647 519
647 582
647 583
647 710
647 711
647 775
647 838
647 839
647 902
647 966
647 1030
647 1095
647 1158
647 1222
648 288
648 456
648 520
648 584
648 606
648 712
648 776
648 840
648 994
649 5
649 9
649 13
649 15
649 17
649 69
649 73
649 75
649 76
649 77
649 79
649 81
649 93
649 133
649 137
649 139
649 141
649 143
649 145
649 157
649 194
649 195
649 197
649 201
649 203
649 204
649 205
649 207
649 209
649 221
649 261
649 265
649 267
649 268
649 269
649 271
649 273
649 285
649 325
649 329
649 331
649 332
649 333
649 335
649 387
649 389
649 393
649 395
649 397
649 399
649 401
649 451
649 453
649 457
649 459
649 461
649 463
649 465
649 515
649 517
649 521
649 523
649 525
649 527
649 529
649 578
649 581
649 585
649 587
649 588
649 589
649 591
649 593
649 605
649 620
649 645
649 651
649 653
649 655
649 706
649 707
649 709
649 713
649 715
649 717
649 721
649 733
649 773
649 777
649 779
649 780
649 781
649 783
649 785
649 834
649 835
649 837
649 841
649 843
649 844
649 845
649 849
649 861
649 876
649 901
649 905
649 911
649 961
649 962
649 963
649 965
649 969
649 971
649 972
649 973
649 977
649 987
649 989
649 1026
649 1027
649 1029
649 1033
649 1035
649 1037
649 1041
649 1053
649 1091
649 1093
649 1097
649 1099
649 1100
649 1101
649 1103
649 1153
649 1155
649 1157
649 1161
649 1163
649 1165
649 1169
649 1179
649 1181
649 1217
649 1219
649 1221
649 1225
649 1227
649 1229
649 1233
649 1243
649 1245
650 458
650 522
650 586
650 714
650 778
650 842
651 5
651 9
651 15
651 69
651 73
651 75
651 76
651 77
651 79
651 81
651 93
651 133
651 137
651 139
651 141
651 143
651 145
651 157
651 194
651 197
651 201
651 203
651 204
651 205
651 207
651 209
651 221
651 261
651 265
651 267
651 268
651 269
651 271
651 273
651 285
651 325
651 329
651 331
651 332
651 333
651 335
651 387
651 389
651 393
651 395
651 397
651 399
651 401
651 451
651 453
651 457
651 459
651 461
651 463
651 465
651 515
651 517
651 521
651 523
651 527
651 529
651 578
651 581
651 585
651 587
651 589
651 591
651 593
651 605
651 620
651 645
651 649
651 653
651 655
651 706
651 707
651 709
651 713
651 715
651 717
651 719
651 721
651 733
651 773
651 777
651 779
651 780
651 781
651 783
651 785
651 835
651 837
651 841
651 843
651 844
651 845
651 847
651 849
651 861
651 876
651 901
651 905
651 911
651 962
651 963
651 965
651 969
651 971
651 972
651 973
651 975
651 977
651 989
651 1027
651 1029
651 1033
651 1035
651 1037
651 1039
651 1041
651 1053
651 1091
651 1093
651 1097
651 1099
651 1101
651 1103
651 1153
651 1155
651 1157
651 1161
651 1163
651 1165
651 1169
651 1179
651 1181
651 1217
651 1219
651 1221
651 1225
651 1227
651 1229
651 1231
651 1233
651 1243
651 1245
652 460
652 524
652 588
652 716
652 780
652 844
652 908
652 1246
653 5
653 9
653 13
653 15
653 17
653 69
653 73
653 75
653 76
653 77
653 81
653 93
653 137
653 139
653 140
653 141
653 145
653 157
653 194
653 195
653 203
653 204
653 205
653 209
653 221
653 258
653 265
653 267
653 268
653 269
653 273
653 285
653 325
653 329
653 331
653 332
653 333
653 335
653 387
653 393
653 395
653 397
653 401
653 413
653 451
653 453
653 457
653 459
653 461
653 463
653 465
653 515
653 517
653 521
653 523
653 525
653 527
653 529
653 578
653 579
653 585
653 587
653 588
653 589
653 593
653 605
653 620
653 645
653 649
653 651
653 655
653 706
653 707
653 713
653 715
653 716
653 717
653 721
653 733
653 777
653 779
653 780
653 781
653 785
653 797
653 834
653 835
653 841
653 843
653 844
653 845
653 846
653 849
653 861
653 876
653 901
653 905
653 911
653 961
653 962
653 963
653 969
653 971
653 972
653 973
653 977
653 987
653 989
653 1004
653 1026
653 1027
653 1033
653 1035
653 1037
653 1041
653 1053
653 1089
653 1091
653 1093
653 1097
653 1099
653 1100
653 1101
653 1105
653 1132
653 1153
653 1155
653 1161
653 1163
653 1165
653 1169
653 1179
653 1181
653 1196
653 1217
653 1219
653 1225
653 1227
653 1228
653 1229
653 1233
653 1243
653 1245
653 1260
654 462
654 526
654 590
654 705
654 718
654 782
654 846
655 5
655 9
655 15
655 69
655 73
655 75
655 76
655 77
655 79
655 81
655 133
655 137
655 139
655 141
655 143
655 145
655 194
655 197
655 201
655 203
655 204
655 205
655 207
655 209
655 221
655 261
655 265
655 267
655 268
655 269
655 271
655 273
655 325
655 329
655 331
655 335
655 389
655 393
655 395
655 397
655 399
655 451
655 453
655 457
655 461
655 463
655 517
655 521
655 523
655 527
655 581
655 585
655 587
655 589
655 591
655 620
655 645
655 649
655 651
655 653
655 707
655 709
655 713
655 715
655 717
655 719
655 721
655 733
655 773
655 777
655 779
655 781
655 783
655 835
655 837
655 841
655 843
655 845
655 847
655 849
655 901
655 905
655 911
655 962
655 963
655 965
655 969
655 971
655 972
655 973
655 975
655 977
655 989
655 1027
655 1029
655 1033
655 1039
655 1041
655 1091
655 1093
655 1097
655 1103
655 1153
655 1155
655 1157
655 1161
655 1163
655 1165
655 1167
655 1169
655 1179
655 1217
655 1219
655 1221
655 1225
655 1227
655 1229
655 1231
655 1233
655 1243
655 1245
656 464
656 528
656 592
656 720
656 784
656 848
656 1200
657 11
657 13
657 17
657 29
657 66
657 130
657 131
657 140
657 195
657 258
657 396
657 413
657 450
657 460
657 465
657 477
657 524
657 525
657 529
657 541
657 579
657 588
657 593
657 642
657 643
657 684
657 716
657 718
657 721
657 771
657 785
657 797
657 834
657 842
657 846
657 849
657 907
657 961
657 987
657 992
657 1004
657 1026
657 1051
657 1089
657 1100
657 1101
657 1105
657 1132
657 1154
657 1164
657 1190
657 1196
657 1218
657 1228
657 1260
658 466
658 530
658 594
658 722
658 786
658 850
658 1203
659 467
659 531
659 595
659 723
659 787
659 851
660 168
660 312
660 468
660 490
660 532
660 535
660 596
660 724
660 788
660 852
661 103
661 469
661 533
661 597
661 725
661 789
661 848
661 853
662 470
662 534
662 598
662 726
662 790
662 854
663 471
663 535
663 599
663 727
663 791
663 855
663 1277
664 472
664 536
664 600
664 728
664 792
664 856
665 153
665 473
665 537
665 601
665 729
665 793
665 857
666 276
666 474
666 538
666 602
666 730
666 794
666 858
667 358
667 475
667 539
667 603
667 731
667 795
667 859
668 33
668 476
668 540
668 546
668 596
668 604
668 625
668 732
668 796
668 799
668 860
668 1048
669 477
669 541
669 605
669 733
669 797
669 861
670 210
670 478
670 542
670 606
670 734
670 798
670 862
671 479
671 543
671 607
671 735
671 799
671 863
672 480
672 544
672 557
672 608
672 736
672 800
672 864
673 481
673 545
673 609
673 737
673 801
673 865
673 917
673 1015
674 482
674 546
674 610
674 738
674 802
674 866
674 1088
675 232
675 483
675 547
675 611
675 739
675 803
675 867
675 1016
675 1276
676 484
676 516
676 548
676 612
676 740
676 804
676 868
677 425
677 485
677 549
677 613
677 741
677 805
677 869
678 486
678 550
678 584
678 614
678 742
678 806
678 870
679 95
679 487
679 551
679 615
679 743
679 807
679 856
679 871
680 104
680 420
680 488
680 552
680 616
680 744
680 808
680 872
681 489
681 553
681 617
681 745
681 809
681 873
681 1138
682 490
682 554
682 618
682 746
682 810
682 874
683 491
683 619
683 747
683 811
683 875
684 11
684 29
684 66
684 130
684 131
684 396
684 413
684 450
684 460
684 477
684 492
684 524
684 541
684 556
684 579
684 620
684 642
684 643
684 657
684 716
684 718
684 748
684 771
684 797
684 812
684 842
684 846
684 876
684 907
684 992
684 1051
684 1089
684 1105
684 1132
684 1154
684 1164
684 1190
684 1196
684 1218
684 1228
684 1260
685 402
685 493
685 557
685 610
685 621
685 749
685 813
685 877
686 439
686 494
686 558
686 622
686 750
686 810
686 814
686 878
686 887
687 495
687 559
687 623
687 751
687 815
687 879
688 53
688 88
688 496
688 560
688 624
688 752
688 816
688 880
689 151
689 497
689 561
689 622
689 625
689 753
689 817
689 881
690 181
690 498
690 562
690 626
690 631
690 754
690 818
690 882
691 499
691 563
691 627
691 755
691 819
691 883
692 500
692 564
692 628
692 756
692 820
692 884
693 501
693 565
693 629
693 757
693 821
693 885
693 1213
694 502
694 566
694 630
694 758
694 822
694 886
694 904
694 914
695 503
695 567
695 631
695 759
695 823
695 887
696 504
696 568
696 632
696 760
696 824
696 888
697 24
697 505
697 569
697 633
697 761
697 825
697 889
698 355
698 506
698 570
698 634
698 638
698 762
698 826
698 890
698 1212
699 507
699 571
699 635
699 763
699 827
699 891
700 508
700 572
700 636
700 764
700 826
700 828
700 830
700 892
701 54
701 369
701 509
701 573
701 637
701 764
701 765
701 829
701 893
702 510
702 572
702 574
702 638
702 766
702 830
702 894
702 1067
703 363
703 511
703 575
703 639
703 767
703 831
703 895
704 512
704 576
704 640
704 768
704 832
704 896
705 513
705 577
705 641
705 654
705 769
705 833
705 897
706 5
706 9
706 13
706 15
706 17
706 69
706 73
706 75
706 76
706 77
706 81
706 93
706 139
706 140
706 141
706 145
706 157
706 194
706 195
706 203
706 204
706 205
706 209
706 221
706 258
706 265
706 267
706 268
706 269
706 273
706 285
706 325
706 329
706 331
706 332
706 333
706 335
706 387
706 393
706 395
706 397
706 401
706 413
706 451
706 457
706 459
706 461
706 465
706 477
706 514
706 515
706 517
706 521
706 523
706 525
706 529
706 578
706 579
706 585
706 588
706 589
706 593
706 605
706 620
706 642
706 649
706 651
706 653
706 707
706 713
706 715
706 716
706 717
706 721
706 733
706 770
706 777
706 779
706 780
706 781
706 785
706 797
706 834
706 835
706 841
706 843
706 844
706 845
706 846
706 849
706 861
706 876
706 898
706 901
706 905
706 907
706 911
706 961
706 962
706 963
706 969
706 971
706 972
706 973
706 977
706 987
706 989
706 992
706 1004
706 1026
706 1027
706 1033
706 1035
706 1037
706 1041
706 1053
706 1089
706 1091
706 1097
706 1099
706 1100
706 1101
706 1105
706 1132
706 1153
706 1155
706 1161
706 1163
706 1164
706 1165
706 1169
706 1179
706 1181
706 1196
706 1217
706 1219
706 1225
706 1227
706 1228
706 1229
706 1233
706 1243
706 1245
706 1260
707 5
707 9
707 13
707 15
707 17
707 69
707 73
707 75
707 76
707 77
707 79
707 81
707 93
707 133
707 137
707 139
707 140
707 141
707 145
707 157
707 194
707 195
707 201
707 203
707 204
707 205
707 209
707 221
707 258
707 261
707 265
707 267
707 268
707 269
707 273
707 285
707 325
707 329
707 331
707 332
707 333
707 335
707 387
707 389
707 393
707 395
707 397
707 399
707 401
707 451
707 453
707 457
707 459
707 461
707 463
707 465
707 515
707 517
707 521
707 523
707 525
707 527
707 529
707 578
707 579
707 585
707 587
707 588
707 589
707 593
707 605
707 620
707 643
707 645
707 649
707 651
707 653
707 655
707 706
707 713
707 715
707 716
707 717
707 721
707 733
707 771
707 773
707 777
707 779
707 780
707 781
707 783
707 785
707 834
707 835
707 841
707 843
707 844
707 845
707 849
707 861
707 876
707 899
707 901
707 905
707 911
707 961
707 962
707 963
707 969
707 971
707 972
707 973
707 977
707 987
707 989
707 1004
707 1026
707 1027
707 1029
707 1033
707 1035
707 1037
707 1041
707 1053
707 1091
707 1093
707 1097
707 1099
707 1100
707 1101
707 1132
707 1153
707 1155
707 1157
707 1161
707 1163
707 1165
707 1169
707 1179
707 1181
707 1196
707 1217
707 1219
707 1221
707 1225
707 1227
707 1229
707 1233
707 1243
707 1245
708 136
708 516
708 580
708 644
708 772
708 836
708 857
708 900
709 5
709 15
709 69
709 73
709 77
709 79
709 133
709 137
709 143
709 197
709 201
709 203
709 204
709 205
709 207
709 209
709 261
709 265
709 267
709 269
709 271
709 325
709 335
709 389
709 393
709 395
709 399
709 453
709 457
709 463
709 517
709 521
709 523
709 527
709 581
709 585
709 587
709 589
709 591
709 645
709 649
709 651
709 655
709 713
709 715
709 717
709 719
709 721
709 733
709 773
709 781
709 783
709 837
709 841
709 843
709 845
709 847
709 849
709 901
709 911
709 963
709 965
709 969
709 971
709 972
709 973
709 975
709 977
709 989
709 1029
709 1033
709 1039
709 1041
709 1093
709 1103
709 1155
709 1157
709 1161
709 1167
709 1217
709 1219
709 1221
709 1225
709 1227
709 1229
709 1231
710 6
710 70
710 134
710 198
710 262
710 326
710 390
710 454
710 518
710 519
710 582
710 646
710 647
710 774
710 775
710 838
710 902
710 966
710 1030
710 1095
710 1158
710 1222
711 519
711 583
711 647
711 775
711 839
711 903
712 155
712 520
712 584
712 604
712 648
712 776
712 840
712 904
713 5
713 9
713 15
713 69
713 73
713 75
713 76
713 77
713 79
713 81
713 133
713 137
713 139
713 141
713 143
713 145
713 157
713 194
713 197
713 201
713 203
713 204
713 205
713 207
713 209
713 221
713 261
713 265
713 267
713 268
713 269
713 271
713 273
713 285
713 325
713 329
713 331
713 332
713 333
713 335
713 387
713 389
713 393
713 395
713 397
713 399
713 401
713 451
713 453
713 457
713 459
713 461
713 463
713 465
713 517
713 521
713 523
713 527
713 529
713 578
713 581
713 585
713 587
713 589
713 591
713 593
713 605
713 620
713 645
713 649
713 651
713 653
713 655
713 706
713 707
713 709
713 715
713 717
713 719
713 721
713 733
713 773
713 777
713 779
713 780
713 781
713 783
713 835
713 837
713 841
713 843
713 845
713 847
713 849
713 861
713 876
713 901
713 905
713 911
713 962
713 963
713 965
713 969
713 971
713 972
713 973
713 975
713 977
713 989
713 1027
713 1029
713 1033
713 1037
713 1039
713 1041
713 1053
713 1091
713 1093
713 1097
713 1103
713 1153
713 1155
713 1157
713 1161
713 1163
713 1165
713 1167
713 1169
713 1179
713 1181
713 1217
713 1219
713 1221
713 1225
713 1227
713 1229
713 1231
713 1233
713 1243
713 1245
714 522
714 586
714 650
714 778
714 842
714 906
715 5
715 9
715 15
715 69
715 73
715 75
715 76
715 77
715 79
715 81
715 93
715 133
715 137
715 139
715 141
715 143
715 145
715 157
715 194
715 197
715 201
715 203
715 204
715 205
715 207
715 209
715 221
715 261
715 265
715 267
715 268
715 269
715 271
715 273
715 285
715 325
715 329
715 331
715 332
715 333
715 335
715 387
715 389
715 393
715 395
715 397
715 399
715 401
715 451
715 453
715 457
715 459
715 461
715 463
715 465
715 515
715 517
715 521
715 523
715 527
715 529
715 578
715 581
715 585
715 587
715 589
715 591
715 593
715 605
715 620
715 645
715 649
715 651
715 653
715 655
715 706
715 707
715 709
715 713
715 717
715 719
715 721
715 733
715 773
715 777
715 779
715 780
715 781
715 783
715 785
715 835
715 837
715 841
715 843
715 844
715 845
715 847
715 849
715 861
715 876
715 901
715 905
715 907
715 911
715 962
715 963
715 965
715 969
715 971
715 972
715 973
715 975
715 977
715 989
715 1027
715 1029
715 1033
715 1035
715 1037
715 1039
715 1041
715 1053
715 1091
715 1093
715 1097
715 1099
715 1103
715 1153
715 1155
715 1157
715 1161
715 1163
715 1165
715 1169
715 1179
715 1181
715 1217
715 1219
715 1221
715 1225
715 1227
715 1229
715 1231
715 1233
715 1243
715 1245
716 11
716 13
716 17
716 29
716 66
716 76
716 81
716 93
716 130
716 139
716 140
716 141
716 145
716 157
716 194
716 195
716 221
716 258
716 273
716 285
716 331
716 332
716 333
716 387
716 396
716 397
716 401
716 413
716 450
716 451
716 459
716 460
716 461
716 465
716 477
716 515
716 524
716 525
716 529
716 541
716 578
716 579
716 588
716 593
716 605
716 642
716 643
716 652
716 653
716 657
716 684
716 706
716 707
716 718
716 780
716 785
716 797
716 834
716 835
716 842
716 844
716 846
716 861
716 876
716 905
716 907
716 908
716 961
716 962
716 987
716 992
716 1004
716 1026
716 1027
716 1035
716 1037
716 1053
716 1089
716 1091
716 1097
716 1099
716 1100
716 1101
716 1105
716 1132
716 1153
716 1163
716 1164
716 1165
716 1169
716 1179
716 1181
716 1190
716 1196
716 1218
716 1228
716 1233
716 1243
716 1260
717 5
717 9
717 15
717 69
717 73
717 75
717 76
717 77
717 79
717 81
717 93
717 133
717 137
717 139
717 141
717 143
717 145
717 157
717 194
717 197
717 201
717 203
717 204
717 205
717 207
717 209
717 221
717 261
717 265
717 267
717 268
717 269
717 271
717 273
717 285
717 325
717 329
717 331
717 332
717 333
717 335
717 387
717 389
717 393
717 395
717 397
717 399
717 401
717 451
717 453
717 457
717 459
717 461
717 463
717 465
717 515
717 517
717 521
717 523
717 525
717 527
717 529
717 578
717 581
717 585
717 587
717 589
717 591
717 593
717 605
717 620
717 645
717 649
717 651
717 653
717 655
717 706
717 707
717 709
717 713
717 715
717 719
717 721
717 733
717 773
717 777
717 779
717 780
717 781
717 783
717 785
717 835
717 837
717 841
717 843
717 844
717 845
717 847
717 849
717 861
717 876
717 901
717 905
717 909
717 911
717 962
717 963
717 965
717 969
717 971
717 972
717 973
717 975
717 977
717 989
717 1027
717 1029
717 1033
717 1035
717 1037
717 1039
717 1041
717 1053
717 1091
717 1093
717 1097
717 1099
717 1101
717 1103
717 1153
717 1155
717 1157
717 1161
717 1163
717 1165
717 1169
717 1179
717 1181
717 1217
717 1219
717 1221
717 1225
717 1227
717 1229
717 1231
717 1233
717 1243
717 1245
718 11
718 13
718 17
718 29
718 66
718 130
718 131
718 140
718 195
718 258
718 396
718 413
718 450
718 460
718 477
718 524
718 525
718 526
718 541
718 579
718 588
718 590
718 642
718 643
718 654
718 657
718 684
718 716
718 782
718 785
718 797
718 834
718 842
718 846
718 907
718 910
718 961
718 987
718 992
718 1004
718 1026
718 1035
718 1051
718 1089
718 1100
718 1101
718 1105
718 1132
718 1154
718 1164
718 1190
718 1196
718 1218
718 1228
718 1260
719 15
719 69
719 73
719 79
719 133
719 137
719 143
719 197
719 201
719 203
719 205
719 207
719 261
719 265
719 267
719 271
719 325
719 335
719 389
719 393
719 395
719 399
719 453
719 463
719 517
719 521
719 523
719 527
719 581
719 585
719 587
719 589
719 591
719 645
719 651
719 655
719 709
719 713
719 715
719 717
719 733
719 773
719 781
719 783
719 837
719 841
719 843
719 845
719 847
719 911
719 963
719 965
719 969
719 971
719 972
719 975
719 977
719 1029
719 1033
719 1039
719 1041
719 1093
719 1103
719 1155
719 1157
719 1161
719 1167
719 1217
719 1219
719 1221
719 1225
719 1227
719 1229
719 1231
720 528
720 592
720 617
720 656
720 784
720 848
720 912
721 5
721 9
721 13
721 15
721 69
721 73
721 75
721 76
721 77
721 79
721 81
721 93
721 133
721 137
721 139
721 141
721 143
721 145
721 157
721 194
721 195
721 197
721 201
721 203
721 204
721 205
721 207
721 209
721 221
721 261
721 265
721 267
721 268
721 269
721 271
721 273
721 285
721 325
721 329
721 331
721 332
721 333
721 335
721 387
721 389
721 393
721 395
721 397
721 399
721 401
721 451
721 453
721 457
721 459
721 461
721 463
721 465
721 515
721 517
721 521
721 523
721 525
721 527
721 529
721 578
721 581
721 585
721 587
721 589
721 591
721 593
721 605
721 620
721 645
721 649
721 651
721 653
721 655
721 657
721 706
721 707
721 709
721 713
721 715
721 717
721 733
721 773
721 777
721 779
721 780
721 781
721 783
721 785
721 835
721 837
721 841
721 843
721 844
721 845
721 847
721 849
721 861
721 876
721 901
721 905
721 911
721 913
721 962
721 963
721 965
721 969
721 971
721 972
721 973
721 975
721 977
721 989
721 1026
721 1027
721 1029
721 1033
721 1035
721 1037
721 1039
721 1041
721 1053
721 1091
721 1093
721 1097
721 1099
721 1101
721 1103
721 1153
721 1155
721 1157
721 1161
721 1163
721 1165
721 1169
721 1179
721 1181
721 1217
721 1219
721 1221
721 1225
721 1227
721 1229
721 1231
721 1233
721 1243
721 1245
722 530
722 594
722 658
722 786
722 850
722 914
723 531
723 595
723 659
723 787
723 851
723 910
723 915
724 412
724 488
724 532
724 596
724 660
724 788
724 852
724 916
725 132
725 533
725 597
725 661
725 789
725 853
725 917
726 38
726 200
726 534
726 598
726 662
726 790
726 854
726 918
727 535
727 599
727 663
727 753
727 791
727 855
727 919
727 1129
728 536
728 600
728 664
728 757
728 792
728 856
728 920
729 216
729 537
729 601
729 665
729 793
729 803
729 857
729 921
730 426
730 538
730 602
730 666
730 794
730 858
730 922
731 74
731 539
731 603
731 667
731 795
731 859
731 923
732 228
732 540
732 604
732 668
732 796
732 860
732 882
732 924
733 5
733 9
733 15
733 69
733 73
733 75
733 76
733 77
733 79
733 81
733 93
733 133
733 137
733 139
733 141
733 143
733 145
733 157
733 194
733 197
733 201
733 203
733 204
733 205
733 207
733 209
733 221
733 261
733 265
733 267
733 268
733 269
733 271
733 273
733 285
733 325
733 329
733 331
733 332
733 333
733 335
733 387
733 389
733 393
733 395
733 397
733 399
733 401
733 451
733 453
733 457
733 459
733 461
733 463
733 465
733 515
733 517
733 521
733 523
733 525
733 527
733 529
733 541
733 578
733 581
733 585
733 587
733 589
733 591
733 593
733 605
733 620
733 645
733 649
733 651
733 653
733 655
733 669
733 706
733 707
733 709
733 713
733 715
733 717
733 719
733 721
733 773
733 777
733 779
733 780
733 781
733 783
733 785
733 797
733 835
733 837
733 841
733 843
733 844
733 845
733 847
733 849
733 861
733 876
733 901
733 905
733 911
733 925
733 962
733 963
733 965
733 969
733 971
733 972
733 973
733 975
733 977
733 989
733 1027
733 1029
733 1033
733 1035
733 1037
733 1039
733 1041
733 1053
733 1091
733 1093
733 1097
733 1099
733 1101
733 1103
733 1153
733 1155
733 1157
733 1161
733 1163
733 1165
733 1169
733 1179
733 1181
733 1217
733 1219
733 1221
733 1225
733 1227
733 1229
733 1231
733 1233
733 1243
733 1245
734 266
734 542
734 606
734 670
734 798
734 862
734 926
735 27
735 543
735 607
735 671
735 746
735 799
735 863
735 927
735 1064
736 544
736 608
736 672
736 800
736 864
736 928
737 545
737 609
737 673
737 801
737 865
737 929
737 960
738 546
738 610
738 674
738 802
738 866
738 930
739 547
739 594
739 611
739 675
739 803
739 867
739 931
740 321
740 542
740 548
740 612
740 676
740 804
740 868
740 932
740 1170
741 89
741 159
741 549
741 613
741 677
741 805
741 869
741 933
741 938
741 1140
742 550
742 586
742 614
742 678
742 806
742 870
742 934
743 237
743 551
743 615
743 679
743 807
743 871
743 935
744 552
744 616
744 680
744 808
744 872
744 936
745 418
745 553
745 617
745 681
745 809
745 868
745 873
745 937
746 27
746 554
746 618
746 682
746 735
746 810
746 874
746 938
746 1064
747 619
747 683
747 811
747 875
748 556
748 620
748 684
748 812
748 876
748 940
749 557
749 621
749 685
749 813
749 877
749 941
750 558
750 622
750 686
750 814
750 878
750 942
751 559
751 623
751 687
751 815
751 879
751 943
751 1176
752 560
752 624
752 688
752 816
752 880
752 944
752 1264
753 561
753 625
753 689
753 727
753 817
753 881
753 945
753 1129
754 562
754 626
754 690
754 818
754 882
754 946
755 475
755 563
755 627
755 691
755 819
755 883
755 947
756 564
756 628
756 692
756 820
756 884
756 948
757 565
757 629
757 693
757 728
757 821
757 885
757 949
758 566
758 630
758 694
758 822
758 873
758 886
758 950
758 1160
758 1173
759 567
759 631
759 695
759 823
759 887
759 951
759 1070
760 568
760 632
760 696
760 824
760 888
760 952
760 1079
761 42
761 569
761 633
761 697
761 825
761 874
761 889
761 953
761 1018
761 1123
762 171
762 570
762 634
762 698
762 826
762 890
762 954
763 571
763 635
763 699
763 827
763 891
763 955
763 1032
764 54
764 369
764 572
764 636
764 700
764 701
764 828
764 892
764 956
765 573
765 637
765 701
765 829
765 893
765 957
766 235
766 381
766 446
766 574
766 638
766 702
766 830
766 894
766 958
767 58
767 575
767 639
767 703
767 831
767 895
767 959
768 576
768 640
768 704
768 832
768 896
768 960
769 577
769 641
769 705
769 833
769 897
769 961
770 3
770 131
770 259
770 266
770 394
770 578
770 642
770 706
770 771
770 834
770 898
770 962
771 3
771 11
771 29
771 66
771 130
771 131
771 259
771 394
771 450
771 524
771 579
771 643
771 657
771 684
771 707
771 770
771 835
771 899
771 963
771 1051
771 1154
771 1218
772 64
772 580
772 644
772 708
772 836
772 900
772 964
772 1092
772 1241
773 5
773 9
773 15
773 69
773 73
773 75
773 76
773 77
773 79
773 81
773 133
773 137
773 139
773 141
773 143
773 145
773 194
773 197
773 201
773 203
773 204
773 205
773 207
773 209
773 221
773 261
773 265
773 267
773 268
773 269
773 271
773 273
773 325
773 329
773 335
773 389
773 393
773 395
773 397
773 399
773 453
773 457
773 461
773 463
773 517
773 521
773 523
773 527
773 581
773 585
773 587
773 589
773 591
773 620
773 645
773 649
773 651
773 655
773 707
773 709
773 713
773 715
773 717
773 719
773 721
773 733
773 777
773 779
773 781
773 783
773 835
773 837
773 841
773 843
773 845
773 847
773 849
773 901
773 911
773 962
773 963
773 965
773 969
773 971
773 972
773 973
773 975
773 977
773 989
773 1029
773 1033
773 1039
773 1041
773 1093
773 1097
773 1103
773 1153
773 1155
773 1157
773 1161
773 1165
773 1167
773 1169
773 1217
773 1219
773 1221
773 1225
773 1227
773 1229
773 1231
773 1233
773 1243
773 1245
774 582
774 646
774 710
774 838
774 902
774 966
775 6
775 70
775 134
775 198
775 262
775 326
775 390
775 454
775 519
775 582
775 583
775 647
775 710
775 711
775 838
775 839
775 902
775 903
775 966
775 967
775 1030
775 1095
775 1158
775 1222
776 118
776 213
776 520
776 584
776 635
776 648
776 712
776 840
776 904
776 968
777 5
777 9
777 13
777 15
777 17
777 69
777 73
777 75
777 76
777 77
777 79
777 81
777 93
777 133
777 137
777 139
777 140
777 141
777 143
777 145
777 157
777 194
777 195
777 201
777 203
777 204
777 205
777 207
777 209
777 221
777 258
777 261
777 265
777 267
777 268
777 269
777 271
777 273
777 285
777 325
777 329
777 331
777 332
777 333
777 335
777 387
777 389
777 393
777 395
777 397
777 399
777 401
777 451
777 453
777 457
777 459
777 461
777 463
777 465
777 515
777 517
777 521
777 523
777 525
777 527
777 529
777 578
777 579
777 581
777 585
777 587
777 588
777 589
777 593
777 605
777 620
777 645
777 649
777 651
777 653
777 655
777 706
777 707
777 713
777 715
777 717
777 721
777 733
777 773
777 779
777 780
777 781
777 783
777 785
777 834
777 835
777 837
777 841
777 843
777 844
777 845
777 849
777 861
777 876
777 901
777 905
777 911
777 961
777 962
777 963
777 965
777 969
777 971
777 972
777 973
777 977
777 987
777 989
777 1004
777 1026
777 1027
777 1029
777 1033
777 1035
777 1037
777 1041
777 1053
777 1091
777 1093
777 1097
777 1099
777 1100
777 1101
777 1103
777 1132
777 1153
777 1155
777 1157
777 1161
777 1163
777 1165
777 1169
777 1179
777 1181
777 1217
777 1219
777 1221
777 1225
777 1227
777 1229
777 1233
777 1243
777 1245
778 586
778 650
778 714
778 842
778 906
778 970
779 5
779 9
779 13
779 15
779 17
779 69
779 73
779 75
779 76
779 77
779 79
779 81
779 93
779 133
779 137
779 139
779 140
779 141
779 143
779 145
779 157
779 194
779 195
779 201
779 203
779 204
779 205
779 207
779 209
779 221
779 261
779 265
779 267
779 268
779 269
779 271
779 273
779 285
779 325
779 329
779 331
779 332
779 333
779 335
779 387
779 389
779 393
779 395
779 397
779 399
779 401
779 451
779 453
779 457
779 459
779 461
779 463
779 465
779 515
779 517
779 521
779 523
779 525
779 527
779 529
779 578
779 581
779 585
779 587
779 588
779 589
779 591
779 593
779 605
779 620
779 645
779 649
779 651
779 653
779 655
779 706
779 707
779 713
779 715
779 717
779 721
779 733
779 773
779 777
779 780
779 781
779 783
779 785
779 834
779 835
779 837
779 841
779 843
779 844
779 845
779 849
779 861
779 876
779 901
779 905
779 907
779 911
779 961
779 962
779 963
779 965
779 969
779 971
779 972
779 973
779 977
779 987
779 989
779 1026
779 1027
779 1029
779 1033
779 1035
779 1037
779 1041
779 1053
779 1091
779 1093
779 1097
779 1099
779 1100
779 1101
779 1103
779 1153
779 1155
779 1157
779 1161
779 1163
779 1165
779 1169
779 1179
779 1181
779 1217
779 1219
779 1221
779 1225
779 1227
779 1229
779 1233
779 1243
779 1245
780 5
780 9
780 13
780 15
780 17
780 69
780 73
780 75
780 76
780 77
780 81
780 93
780 137
780 139
780 140
780 141
780 145
780 157
780 194
780 195
780 203
780 204
780 205
780 209
780 221
780 258
780 265
780 267
780 268
780 269
780 273
780 285
780 325
780 329
780 331
780 332
780 333
780 335
780 387
780 393
780 395
780 397
780 401
780 413
780 451
780 457
780 459
780 461
780 465
780 477
780 515
780 517
780 521
780 523
780 525
780 529
780 578
780 579
780 585
780 588
780 589
780 593
780 605
780 620
780 649
780 651
780 652
780 653
780 706
780 707
780 713
780 715
780 716
780 717
780 721
780 733
780 777
780 779
780 781
780 785
780 797
780 834
780 835
780 841
780 843
780 844
780 845
780 846
780 849
780 861
780 876
780 901
780 905
780 907
780 908
780 911
780 961
780 962
780 963
780 969
780 971
780 972
780 973
780 977
780 987
780 989
780 992
780 1004
780 1026
780 1027
780 1033
780 1035
780 1037
780 1041
780 1053
780 1089
780 1091
780 1097
780 1099
780 1100
780 1101
780 1105
780 1132
780 1153
780 1155
780 1161
780 1163
780 1164
780 1165
780 1169
780 1179
780 1181
780 1196
780 1217
780 1219
780 1225
780 1227
780 1228
780 1229
780 1233
780 1243
780 1245
780 1260
781 5
781 9
781 15
781 69
781 73
781 75
781 76
781 77
781 79
781 81
781 93
781 133
781 137
781 139
781 141
781 143
781 145
781 157
781 194
781 197
781 201
781 203
781 204
781 205
781 207
781 209
781 221
781 261
781 265
781 267
781 268
781 269
781 271
781 273
781 285
781 325
781 329
781 331
781 332
781 333
781 335
781 387
781 389
781 393
781 395
781 397
781 399
781 401
781 451
781 453
781 457
781 459
781 461
781 463
781 465
781 515
781 517
781 521
781 523
781 527
781 529
781 578
781 581
781 585
781 587
781 589
781 591
781 593
781 605
781 620
781 645
781 649
781 651
781 653
781 655
781 706
781 707
781 709
781 713
781 715
781 717
781 719
781 721
781 733
781 773
781 777
781 779
781 780
781 783
781 785
781 835
781 837
781 841
781 843
781 844
781 845
781 847
781 849
781 861
781 876
781 901
781 905
781 909
781 911
781 962
781 963
781 965
781 969
781 971
781 972
781 973
781 975
781 977
781 989
781 1027
781 1029
781 1033
781 1035
781 1037
781 1039
781 1041
781 1053
781 1091
781 1093
781 1097
781 1099
781 1103
781 1153
781 1155
781 1157
781 1161
781 1163
781 1165
781 1167
781 1169
781 1179
781 1181
781 1217
781 1219
781 1221
781 1225
781 1227
781 1229
781 1231
781 1233
781 1243
781 1245
782 590
782 654
782 718
782 846
782 910
782 974
783 5
783 9
783 15
783 69
783 73
783 75
783 76
783 77
783 79
783 81
783 133
783 137
783 139
783 143
783 197
783 201
783 203
783 204
783 205
783 207
783 209
783 261
783 265
783 267
783 268
783 269
783 271
783 273
783 325
783 329
783 335
783 389
783 393
783 395
783 397
783 399
783 453
783 457
783 463
783 517
783 521
783 523
783 527
783 581
783 585
783 587
783 589
783 591
783 620
783 645
783 649
783 651
783 655
783 707
783 709
783 713
783 715
783 717
783 719
783 721
783 733
783 773
783 777
783 779
783 781
783 835
783 837
783 841
783 843
783 845
783 847
783 849
783 901
783 911
783 962
783 963
783 965
783 969
783 971
783 972
783 973
783 975
783 977
783 989
783 1029
783 1033
783 1039
783 1041
783 1093
783 1103
783 1155
783 1157
783 1161
783 1165
783 1167
783 1217
783 1219
783 1221
783 1225
783 1227
783 1229
783 1231
783 1243
783 1245
784 592
784 656
784 720
784 848
784 912
784 976
785 5
785 9
785 13
785 15
785 17
785 73
785 75
785 76
785 77
785 81
785 93
785 139
785 140
785 141
785 145
785 157
785 194
785 195
785 204
785 209
785 221
785 258
785 268
785 269
785 273
785 285
785 329
785 331
785 332
785 333
785 387
785 395
785 396
785 397
785 401
785 413
785 451
785 457
785 459
785 460
785 461
785 465
785 477
785 515
785 523
785 525
785 529
785 541
785 578
785 579
785 585
785 588
785 593
785 605
785 620
785 642
785 643
785 649
785 651
785 653
785 657
785 706
785 707
785 715
785 716
785 717
785 718
785 721
785 733
785 777
785 779
785 780
785 781
785 797
785 834
785 835
785 842
785 844
785 846
785 849
785 861
785 876
785 901
785 905
785 907
785 913
785 961
785 962
785 963
785 969
785 972
785 973
785 977
785 987
785 989
785 992
785 1004
785 1026
785 1027
785 1035
785 1037
785 1053
785 1089
785 1091
785 1097
785 1099
785 1100
785 1101
785 1105
785 1132
785 1153
785 1161
785 1163
785 1164
785 1165
785 1169
785 1179
785 1181
785 1190
785 1196
785 1217
785 1225
785 1227
785 1228
785 1229
785 1233
785 1243
785 1245
785 1260
786 256
786 594
786 658
786 722
786 850
786 914
786 978
787 595
787 659
787 723
787 851
787 915
787 979
788 596
788 633
788 660
788 724
788 823
788 852
788 916
788 980
788 1108
789 597
789 661
789 725
789 853
789 917
789 981
789 1193
790 166
790 598
790 662
790 726
790 854
790 918
790 979
790 982
790 1216
791 599
791 663
791 727
791 855
791 919
791 983
792 600
792 664
792 728
792 856
792 920
792 984
793 280
793 357
793 601
793 665
793 729
793 857
793 921
793 985
794 602
794 666
794 730
794 858
794 922
794 986
795 603
795 667
795 731
795 859
795 923
795 987
796 72
796 196
796 604
796 668
796 732
796 860
796 924
796 988
797 11
797 13
797 17
797 29
797 66
797 93
797 130
797 140
797 157
797 195
797 258
797 285
797 331
797 332
797 333
797 387
797 396
797 401
797 413
797 450
797 451
797 459
797 460
797 465
797 477
797 515
797 524
797 525
797 529
797 541
797 578
797 579
797 588
797 593
797 605
797 642
797 643
797 653
797 657
797 669
797 684
797 706
797 716
797 718
797 733
797 780
797 785
797 834
797 842
797 844
797 846
797 861
797 876
797 905
797 907
797 925
797 961
797 987
797 989
797 992
797 1004
797 1026
797 1027
797 1035
797 1037
797 1053
797 1089
797 1091
797 1099
797 1100
797 1101
797 1105
797 1132
797 1163
797 1164
797 1179
797 1181
797 1190
797 1196
797 1218
797 1228
797 1260
798 91
798 606
798 670
798 734
798 862
798 926
798 990
799 33
799 546
799 596
799 607
799 625
799 668
799 671
799 735
799 863
799 927
799 991
799 1048
800 608
800 672
800 736
800 864
800 928
800 992
801 470
801 609
801 673
801 737
801 865
801 929
801 993
801 1071
802 92
802 303
802 348
802 610
802 674
802 738
802 866
802 930
802 994
803 216
803 611
803 675
803 729
803 739
803 867
803 931
803 995
804 612
804 676
804 740
804 868
804 932
804 996
805 613
805 677
805 741
805 869
805 933
805 997
806 352
806 614
806 678
806 742
806 870
806 934
806 998
807 615
807 679
807 743
807 836
807 871
807 935
807 999
808 415
808 616
808 680
808 744
808 872
808 936
808 1000
809 45
809 370
809 617
809 681
809 745
809 873
809 937
809 1001
810 439
810 618
810 682
810 686
810 746
810 874
810 887
810 938
810 1002
811 683
811 747
811 875
811 939
811 1003
812 620
812 684
812 748
812 876
812 940
812 1004
813 466
813 621
813 685
813 749
813 877
813 941
813 1005
814 212
814 501
814 622
814 686
814 750
814 878
814 942
814 1006
815 554
815 623
815 687
815 751
815 879
815 943
815 1007
816 148
816 575
816 624
816 688
816 752
816 880
816 944
816 1008
817 602
817 625
817 689
817 753
817 820
817 881
817 945
817 1009
818 626
818 690
818 754
818 882
818 946
818 1010
819 627
819 691
819 755
819 883
819 947
819 1011
820 602
820 628
820 692
820 756
820 817
820 884
820 948
820 1012
821 498
821 629
821 693
821 757
821 885
821 949
821 1013
822 630
822 694
822 758
822 886
822 950
822 1014
823 631
823 633
823 695
823 759
823 788
823 887
823 951
823 1015
823 1108
824 632
824 696
824 760
824 888
824 952
824 1016
825 633
825 697
825 761
825 889
825 953
825 1017
826 634
826 698
826 700
826 762
826 830
826 890
826 954
826 1018
827 635
827 699
827 763
827 891
827 955
827 1019
828 636
828 700
828 764
828 892
828 956
828 1020
829 637
829 701
829 765
829 893
829 957
829 1021
830 638
830 700
830 702
830 766
830 826
830 894
830 958
830 1022
831 184
831 639
831 703
831 767
831 895
831 959
831 1023
831 1131
832 640
832 704
832 768
832 896
832 960
832 1024
833 243
833 641
833 705
833 769
833 897
833 961
833 1025
834 5
834 9
834 13
834 17
834 29
834 66
834 75
834 76
834 81
834 93
834 130
834 139
834 140
834 141
834 145
834 157
834 194
834 195
834 209
834 221
834 258
834 268
834 269
834 273
834 285
834 329
834 331
834 332
834 333
834 387
834 396
834 397
834 401
834 413
834 450
834 451
834 459
834 460
834 461
834 465
834 477
834 515
834 525
834 529
834 541
834 578
834 579
834 588
834 593
834 605
834 620
834 642
834 643
834 649
834 653
834 657
834 706
834 707
834 716
834 718
834 770
834 777
834 779
834 780
834 785
834 797
834 835
834 842
834 844
834 846
834 861
834 876
834 898
834 905
834 907
834 961
834 962
834 973
834 987
834 992
834 1004
834 1026
834 1027
834 1035
834 1037
834 1053
834 1089
834 1091
834 1097
834 1099
834 1100
834 1101
834 1105
834 1132
834 1153
834 1163
834 1164
834 1165
834 1169
834 1179
834 1181
834 1190
834 1196
834 1218
834 1228
834 1233
834 1243
834 1245
834 1260
835 5
835 9
835 13
835 15
835 17
835 69
835 73
835 75
835 76
835 77
835 79
835 81
835 93
835 133
835 137
835 139
835 140
835 141
835 145
835 157
835 194
835 195
835 201
835 203
835 204
835 205
835 209
835 221
835 258
835 261
835 265
835 267
835 268
835 269
835 273
835 285
835 325
835 329
835 331
835 332
835 333
835 335
835 387
835 389
835 393
835 395
835 397
835 399
835 401
835 451
835 453
835 457
835 459
835 461
835 463
835 465
835 515
835 517
835 521
835 523
835 525
835 527
835 529
835 578
835 579
835 585
835 587
835 588
835 589
835 593
835 605
835 620
835 643
835 645
835 649
835 651
835 653
835 655
835 706
835 707
835 713
835 715
835 716
835 717
835 721
835 733
835 771
835 773
835 777
835 779
835 780
835 781
835 783
835 785
835 834
835 841
835 843
835 844
835 845
835 849
835 861
835 876
835 899
835 901
835 905
835 911
835 961
835 962
835 963
835 969
835 971
835 972
835 973
835 977
835 987
835 989
835 1004
835 1026
835 1027
835 1029
835 1033
835 1035
835 1037
835 1041
835 1053
835 1091
835 1093
835 1097
835 1099
835 1100
835 1101
835 1132
835 1153
835 1155
835 1157
835 1161
835 1163
835 1165
835 1169
835 1179
835 1181
835 1196
835 1217
835 1219
835 1221
835 1225
835 1227
835 1229
835 1233
835 1243
835 1245
836 644
836 708
836 772
836 807
836 900
836 964
836 1028
837 5
837 15
837 69
837 73
837 75
837 77
837 79
837 133
837 137
837 143
837 197
837 201
837 203
837 204
837 205
837 207
837 209
837 261
837 265
837 267
837 268
837 269
837 271
837 325
837 329
837 335
837 389
837 393
837 395
837 399
837 453
837 457
837 463
837 517
837 521
837 523
837 527
837 581
837 585
837 587
837 589
837 591
837 620
837 645
837 649
837 651
837 655
837 709
837 713
837 715
837 717
837 719
837 721
837 733
837 773
837 777
837 779
837 781
837 783
837 841
837 843
837 845
837 847
837 849
837 901
837 911
837 963
837 965
837 969
837 971
837 972
837 973
837 975
837 977
837 989
837 1029
837 1033
837 1039
837 1041
837 1093
837 1103
837 1155
837 1157
837 1161
837 1167
837 1217
837 1219
837 1221
837 1225
837 1227
837 1229
837 1231
837 1245
838 6
838 70
838 134
838 198
838 262
838 326
838 390
838 454
838 519
838 582
838 646
838 647
838 710
838 774
838 775
838 902
838 966
838 1030
838 1095
838 1158
838 1222
839 647
839 711
839 775
839 903
839 967
839 1031
840 648
840 712
840 776
840 904
840 968
840 1032
841 5
841 9
841 15
841 69
841 73
841 75
841 76
841 77
841 79
841 81
841 93
841 133
841 137
841 139
841 141
841 143
841 145
841 157
841 194
841 197
841 201
841 203
841 204
841 205
841 207
841 209
841 221
841 261
841 265
841 267
841 268
841 269
841 271
841 273
841 285
841 325
841 329
841 331
841 332
841 333
841 335
841 387
841 389
841 393
841 395
841 397
841 399
841 401
841 451
841 453
841 457
841 459
841 461
841 463
841 465
841 517
841 521
841 523
841 527
841 529
841 578
841 581
841 585
841 587
841 589
841 591
841 593
841 605
841 620
841 645
841 649
841 651
841 653
841 655
841 706
841 707
841 709
841 713
841 715
841 717
841 719
841 721
841 733
841 773
841 777
841 779
841 780
841 781
841 783
841 835
841 837
841 843
841 845
841 847
841 849
841 861
841 876
841 901
841 905
841 911
841 962
841 963
841 965
841 969
841 971
841 972
841 973
841 975
841 977
841 989
841 1027
841 1029
841 1033
841 1037
841 1039
841 1041
841 1053
841 1091
841 1093
841 1097
841 1099
841 1103
841 1153
841 1155
841 1157
841 1161
841 1163
841 1165
841 1167
841 1169
841 1179
841 1181
841 1217
841 1219
841 1221
841 1225
841 1227
841 1229
841 1231
841 1233
841 1243
841 1245
842 11
842 13
842 17
842 29
842 66
842 93
842 130
842 131
842 140
842 195
842 258
842 332
842 396
842 413
842 450
842 460
842 477
842 515
842 524
842 525
842 541
842 579
842 588
842 642
842 643
842 650
842 657
842 684
842 714
842 716
842 718
842 778
842 785
842 797
842 834
842 844
842 846
842 906
842 907
842 961
842 970
842 987
842 992
842 1004
842 1026
842 1034
842 1035
842 1051
842 1089
842 1099
842 1100
842 1101
842 1105
842 1132
842 1154
842 1164
842 1190
842 1196
842 1218
842 1228
842 1260
843 5
843 9
843 15
843 69
843 73
843 75
843 76
843 77
843 79
843 81
843 93
843 133
843 137
843 139
843 141
843 143
843 145
843 157
843 194
843 197
843 201
843 203
843 204
843 205
843 207
843 209
843 221
843 261
843 265
843 267
843 268
843 269
843 271
843 273
843 285
843 325
843 329
843 331
843 332
843 333
843 335
843 387
843 389
843 393
843 395
843 397
843 399
843 401
843 451
843 453
843 457
843 459
843 461
843 463
843 465
843 515
843 517
843 521
843 523
843 527
843 529
843 578
843 581
843 585
843 587
843 589
843 591
843 593
843 605
843 620
843 645
843 649
843 651
843 653
843 655
843 706
843 707
843 709
843 713
843 715
843 717
843 719
843 721
843 733
843 773
843 777
843 779
843 780
843 781
843 783
843 835
843 837
843 841
843 844
843 845
843 847
843 849
843 861
843 876
843 901
843 905
843 907
843 911
843 962
843 963
843 965
843 969
843 971
843 972
843 973
843 975
843 977
843 989
843 1027
843 1029
843 1033
843 1035
843 1037
843 1039
843 1041
843 1053
843 1091
843 1093
843 1097
843 1099
843 1103
843 1153
843 1155
843 1157
843 1161
843 1163
843 1165
843 1167
843 1169
843 1179
843 1181
843 1217
843 1219
843 1221
843 1225
843 1227
843 1229
843 1231
843 1233
843 1243
843 1245
844 5
844 9
844 13
844 15
844 17
844 73
844 75
844 76
844 77
844 81
844 93
844 139
844 140
844 141
844 145
844 157
844 194
844 195
844 204
844 209
844 221
844 258
844 268
844 269
844 273
844 285
844 329
844 331
844 332
844 333
844 387
844 395
844 396
844 397
844 401
844 413
844 451
844 457
844 459
844 460
844 461
844 465
844 477
844 515
844 521
844 523
844 525
844 529
844 541
844 578
844 579
844 585
844 588
844 593
844 605
844 620
844 642
844 643
844 649
844 651
844 652
844 653
844 706
844 707
844 715
844 716
844 717
844 721
844 733
844 777
844 779
844 780
844 781
844 785
844 797
844 834
844 835
844 842
844 843
844 846
844 849
844 861
844 876
844 901
844 905
844 907
844 908
844 961
844 962
844 963
844 969
844 972
844 973
844 987
844 989
844 992
844 1004
844 1026
844 1027
844 1035
844 1036
844 1037
844 1053
844 1089
844 1091
844 1097
844 1099
844 1100
844 1101
844 1105
844 1132
844 1153
844 1161
844 1163
844 1164
844 1165
844 1169
844 1179
844 1181
844 1190
844 1196
844 1217
844 1225
844 1227
844 1228
844 1229
844 1233
844 1243
844 1245
844 1260
845 5
845 9
845 15
845 69
845 73
845 75
845 76
845 77
845 79
845 81
845 93
845 133
845 137
845 139
845 141
845 143
845 145
845 157
845 194
845 197
845 201
845 203
845 204
845 205
845 207
845 209
845 221
845 261
845 265
845 267
845 268
845 269
845 271
845 273
845 285
845 325
845 329
845 331
845 332
845 333
845 335
845 387
845 389
845 393
845 395
845 397
845 399
845 401
845 451
845 453
845 457
845 459
845 461
845 463
845 465
845 517
845 521
845 523
845 527
845 529
845 578
845 581
845 585
845 587
845 589
845 591
845 593
845 605
845 620
845 645
845 649
845 651
845 653
845 655
845 706
845 707
845 709
845 713
845 715
845 717
845 719
845 721
845 733
845 773
845 777
845 779
845 780
845 781
845 783
845 835
845 837
845 841
845 843
845 847
845 849
845 861
845 876
845 901
845 905
845 909
845 911
845 962
845 963
845 965
845 969
845 971
845 972
845 973
845 975
845 977
845 989
845 1027
845 1029
845 1033
845 1037
845 1039
845 1041
845 1053
845 1091
845 1093
845 1097
845 1099
845 1103
845 1153
845 1155
845 1157
845 1161
845 1163
845 1165
845 1167
845 1169
845 1179
845 1181
845 1217
845 1219
845 1221
845 1225
845 1227
845 1229
845 1231
845 1233
845 1243
845 1245
846 11
846 13
846 17
846 29
846 66
846 93
846 130
846 140
846 157
846 195
846 258
846 285
846 331
846 332
846 333
846 387
846 396
846 401
846 413
846 450
846 459
846 460
846 465
846 477
846 515
846 524
846 525
846 529
846 541
846 578
846 579
846 588
846 593
846 605
846 642
846 643
846 653
846 654
846 657
846 684
846 706
846 716
846 718
846 780
846 782
846 785
846 797
846 834
846 842
846 844
846 861
846 876
846 907
846 910
846 961
846 974
846 987
846 992
846 1004
846 1026
846 1027
846 1035
846 1037
846 1038
846 1051
846 1053
846 1089
846 1091
846 1099
846 1100
846 1101
846 1105
846 1132
846 1154
846 1163
846 1164
846 1181
846 1190
846 1196
846 1218
846 1228
846 1260
847 15
847 69
847 73
847 79
847 133
847 137
847 143
847 197
847 201
847 203
847 205
847 207
847 261
847 265
847 267
847 271
847 325
847 335
847 389
847 393
847 395
847 399
847 453
847 463
847 517
847 521
847 523
847 527
847 581
847 585
847 587
847 589
847 591
847 645
847 651
847 655
847 709
847 713
847 715
847 717
847 719
847 721
847 733
847 773
847 781
847 783
847 837
847 841
847 843
847 845
847 911
847 963
847 965
847 969
847 971
847 972
847 975
847 977
847 1029
847 1033
847 1039
847 1041
847 1093
847 1103
847 1155
847 1157
847 1161
847 1167
847 1217
847 1219
847 1221
847 1225
847 1227
847 1229
847 1231
848 103
848 656
848 661
848 720
848 784
848 912
848 976
848 1040
849 5
849 9
849 13
849 15
849 69
849 73
849 75
849 76
849 77
849 79
849 81
849 93
849 133
849 137
849 139
849 141
849 143
849 145
849 157
849 194
849 195
849 197
849 201
849 203
849 204
849 205
849 207
849 209
849 221
849 261
849 265
849 267
849 268
849 269
849 271
849 273
849 285
849 325
849 329
849 331
849 332
849 333
849 335
849 387
849 389
849 393
849 395
849 397
849 399
849 401
849 451
849 453
849 457
849 459
849 461
849 463
849 465
849 515
849 517
849 521
849 523
849 525
849 527
849 529
849 578
849 581
849 585
849 587
849 589
849 591
849 593
849 605
849 620
849 645
849 649
849 651
849 653
849 655
849 657
849 706
849 707
849 709
849 713
849 715
849 717
849 721
849 733
849 773
849 777
849 779
849 780
849 781
849 783
849 785
849 835
849 837
849 841
849 843
849 844
849 845
849 861
849 876
849 901
849 905
849 911
849 913
849 962
849 963
849 965
849 969
849 971
849 972
849 973
849 975
849 977
849 987
849 989
849 1026
849 1027
849 1029
849 1033
849 1035
849 1037
849 1039
849 1041
849 1053
849 1091
849 1093
849 1097
849 1099
849 1100
849 1101
849 1103
849 1153
849 1155
849 1157
849 1161
849 1163
849 1165
849 1169
849 1179
849 1181
849 1217
849 1219
849 1221
849 1225
849 1227
849 1229
849 1231
849 1233
849 1243
849 1245
850 361
850 658
850 722
850 786
850 914
850 978
850 1042
851 659
851 723
851 787
851 915
851 979
851 1043
851 1248
852 559
852 660
852 724
852 788
852 916
852 980
852 1044
852 1209
853 371
853 576
853 661
853 725
853 789
853 917
853 981
853 1045
854 662
854 726
854 790
854 918
854 982
854 1046
855 473
855 663
855 727
855 791
855 919
855 983
855 1047
855 1194
856 95
856 664
856 679
856 728
856 792
856 920
856 984
856 1048
857 136
857 665
857 708
857 729
857 793
857 921
857 985
857 1049
858 666
858 730
858 794
858 922
858 929
858 986
858 1050
859 667
859 731
859 795
859 899
859 923
859 987
859 1051
860 668
860 732
860 796
860 924
860 988
860 1052
861 5
861 9
861 13
861 15
861 17
861 69
861 73
861 75
861 76
861 77
861 81
861 93
861 137
861 139
861 140
861 141
861 145
861 157
861 194
861 195
861 203
861 204
861 205
861 209
861 221
861 258
861 265
861 267
861 268
861 269
861 273
861 285
861 325
861 329
861 331
861 332
861 333
861 335
861 387
861 393
861 395
861 397
861 401
861 413
861 451
861 457
861 459
861 461
861 465
861 477
861 515
861 517
861 521
861 523
861 525
861 529
861 578
861 579
861 585
861 587
861 588
861 589
861 593
861 605
861 620
861 649
861 651
861 653
861 669
861 706
861 707
861 713
861 715
861 716
861 717
861 721
861 733
861 777
861 779
861 780
861 781
861 785
861 797
861 834
861 835
861 841
861 843
861 844
861 845
861 846
861 849
861 876
861 901
861 905
861 907
861 911
861 925
861 961
861 962
861 963
861 969
861 971
861 972
861 973
861 977
861 987
861 989
861 992
861 1004
861 1026
861 1027
861 1033
861 1035
861 1037
861 1041
861 1053
861 1089
861 1091
861 1093
861 1097
861 1099
861 1100
861 1101
861 1105
861 1132
861 1153
861 1155
861 1161
861 1163
861 1164
861 1165
861 1169
861 1179
861 1181
861 1196
861 1217
861 1219
861 1225
861 1227
861 1228
861 1229
861 1233
861 1243
861 1245
861 1260
862 51
862 297
862 406
862 670
862 734
862 798
862 926
862 990
862 1054
863 360
863 562
863 671
863 735
863 799
863 927
863 991
863 1055
864 398
864 672
864 736
864 800
864 928
864 940
864 992
864 1056
865 673
865 737
865 801
865 929
865 993
865 1057
865 1118
866 674
866 738
866 802
866 930
866 994
866 1058
867 324
867 675
867 739
867 803
867 931
867 995
867 1059
867 1168
868 418
868 676
868 740
868 745
868 804
868 932
868 996
868 1060
869 677
869 741
869 805
869 933
869 997
869 1061
870 678
870 742
870 806
870 934
870 998
870 1062
871 98
871 489
871 679
871 743
871 807
871 935
871 999
871 1063
871 1135
872 469
872 680
872 744
872 808
872 936
872 955
872 1000
872 1064
873 681
873 745
873 758
873 809
873 937
873 1001
873 1065
873 1160
873 1173
874 42
874 682
874 746
874 761
874 810
874 938
874 1002
874 1018
874 1066
874 1123
875 404
875 683
875 747
875 811
875 939
875 1003
875 1067
875 1080
876 5
876 9
876 13
876 15
876 17
876 69
876 73
876 75
876 76
876 77
876 81
876 93
876 137
876 139
876 140
876 141
876 145
876 157
876 194
876 195
876 203
876 204
876 205
876 209
876 221
876 258
876 265
876 267
876 268
876 269
876 273
876 285
876 325
876 329
876 331
876 332
876 333
876 335
876 387
876 393
876 395
876 397
876 401
876 413
876 451
876 457
876 459
876 461
876 463
876 465
876 515
876 517
876 521
876 523
876 525
876 529
876 578
876 579
876 585
876 587
876 588
876 589
876 593
876 605
876 620
876 649
876 651
876 653
876 684
876 706
876 707
876 713
876 715
876 716
876 717
876 721
876 733
876 748
876 777
876 779
876 780
876 781
876 785
876 797
876 812
876 834
876 835
876 841
876 843
876 844
876 845
876 846
876 849
876 861
876 901
876 905
876 911
876 940
876 961
876 962
876 963
876 969
876 971
876 972
876 973
876 977
876 987
876 989
876 992
876 1004
876 1026
876 1027
876 1033
876 1035
876 1037
876 1041
876 1053
876 1068
876 1089
876 1091
876 1093
876 1097
876 1099
876 1100
876 1101
876 1105
876 1132
876 1153
876 1155
876 1161
876 1163
876 1164
876 1165
876 1169
876 1179
876 1181
876 1196
876 1217
876 1219
876 1225
876 1227
876 1228
876 1229
876 1233
876 1243
876 1245
876 1260
877 685
877 749
877 813
877 941
877 1005
877 1069
878 282
878 686
878 750
878 814
878 942
878 1006
878 1047
878 1070
879 347
879 687
879 751
879 815
879 943
879 1007
879 1071
880 340
880 688
880 752
880 816
880 944
880 1008
880 1072
881 277
881 379
881 689
881 753
881 817
881 945
881 1009
881 1073
882 228
882 690
882 732
882 754
882 818
882 946
882 1010
882 1074
883 691
883 755
883 819
883 947
883 1011
883 1075
884 52
884 565
884 692
884 756
884 820
884 942
884 948
884 1012
884 1076
885 693
885 757
885 821
885 949
885 1013
885 1077
886 467
886 694
886 758
886 822
886 950
886 964
886 1014
886 1078
887 439
887 686
887 695
887 759
887 810
887 823
887 951
887 1015
887 1079
888 244
888 696
888 760
888 824
888 952
888 1016
888 1080
888 1086
888 1114
888 1201
888 1239
889 483
889 599
889 697
889 761
889 825
889 953
889 1017
889 1081
889 1251
890 344
890 636
890 698
890 762
890 826
890 954
890 1018
890 1082
891 699
891 763
891 827
891 955
891 1019
891 1083
892 175
892 700
892 764
892 828
892 956
892 1020
892 1084
893 482
893 701
893 765
893 829
893 936
893 957
893 1021
893 1085
894 702
894 766
894 830
894 958
894 1022
894 1086
895 170
895 703
895 767
895 831
895 959
895 1023
895 1087
896 275
896 704
896 768
896 832
896 960
896 1024
896 1088
897 705
897 769
897 833
897 961
897 1025
897 1089
898 270
898 706
898 770
898 834
898 962
898 1026
898 1090
899 707
899 771
899 835
899 859
899 963
899 1027
899 1091
900 242
900 345
900 485
900 708
900 772
900 836
900 964
900 1028
900 1063
900 1092
900 1265
901 5
901 9
901 15
901 69
901 73
901 75
901 76
901 77
901 79
901 81
901 93
901 133
901 137
901 139
901 141
901 143
901 145
901 157
901 194
901 195
901 197
901 201
901 203
901 204
901 205
901 207
901 209
901 221
901 261
901 265
901 267
901 268
901 269
901 271
901 273
901 285
901 325
901 329
901 331
901 332
901 333
901 335
901 387
901 389
901 393
901 395
901 397
901 399
901 401
901 451
901 453
901 457
901 459
901 461
901 463
901 465
901 515
901 517
901 521
901 523
901 525
901 527
901 529
901 578
901 581
901 585
901 587
901 589
901 591
901 593
901 605
901 620
901 645
901 649
901 651
901 653
901 655
901 706
901 707
901 709
901 713
901 715
901 717
901 721
901 733
901 773
901 777
901 779
901 780
901 781
901 783
901 785
901 835
901 837
901 841
901 843
901 844
901 845
901 849
901 861
901 876
901 905
901 911
901 962
901 963
901 965
901 969
901 971
901 972
901 973
901 975
901 977
901 987
901 989
901 1026
901 1027
901 1029
901 1033
901 1035
901 1037
901 1039
901 1041
901 1053
901 1091
901 1093
901 1097
901 1099
901 1100
901 1101
901 1103
901 1153
901 1155
901 1157
901 1161
901 1163
901 1165
901 1169
901 1179
901 1181
901 1217
901 1219
901 1221
901 1225
901 1227
901 1229
901 1231
901 1233
901 1243
901 1245
902 6
902 70
902 134
902 198
902 262
902 326
902 390
902 454
902 519
902 582
902 647
902 710
902 774
902 775
902 838
902 966
902 1030
902 1094
902 1095
902 1158
902 1222
903 711
903 775
903 839
903 967
903 1031
903 1095
904 694
904 712
904 776
904 840
904 914
904 968
904 1032
904 1096
905 5
905 9
905 69
905 73
905 75
905 76
905 77
905 79
905 81
905 93
905 137
905 139
905 140
905 141
905 145
905 157
905 194
905 195
905 203
905 204
905 205
905 209
905 221
905 258
905 265
905 267
905 268
905 269
905 273
905 285
905 325
905 329
905 331
905 332
905 333
905 335
905 387
905 393
905 395
905 397
905 401
905 413
905 451
905 453
905 457
905 459
905 461
905 463
905 465
905 515
905 517
905 521
905 523
905 525
905 527
905 529
905 578
905 579
905 585
905 587
905 588
905 589
905 593
905 605
905 620
905 645
905 649
905 651
905 653
905 655
905 706
905 707
905 713
905 715
905 716
905 717
905 721
905 733
905 777
905 779
905 780
905 781
905 785
905 797
905 834
905 835
905 841
905 843
905 844
905 845
905 849
905 861
905 876
905 901
905 911
905 961
905 962
905 963
905 969
905 971
905 972
905 973
905 977
905 987
905 989
905 1004
905 1026
905 1027
905 1029
905 1033
905 1035
905 1037
905 1041
905 1053
905 1089
905 1091
905 1093
905 1097
905 1099
905 1100
905 1101
905 1105
905 1132
905 1153
905 1155
905 1161
905 1163
905 1165
905 1169
905 1179
905 1181
905 1196
905 1217
905 1219
905 1221
905 1225
905 1227
905 1229
905 1233
905 1243
905 1245
906 714
906 778
906 842
906 970
906 1034
906 1098
907 66
907 93
907 130
907 140
907 195
907 258
907 332
907 333
907 387
907 396
907 401
907 413
907 450
907 460
907 465
907 477
907 515
907 524
907 525
907 529
907 541
907 578
907 579
907 588
907 593
907 605
907 642
907 643
907 657
907 684
907 706
907 715
907 716
907 718
907 779
907 780
907 785
907 797
907 834
907 842
907 843
907 844
907 846
907 861
907 961
907 971
907 987
907 992
907 1004
907 1026
907 1035
907 1037
907 1051
907 1053
907 1089
907 1099
907 1100
907 1101
907 1105
907 1132
907 1154
907 1164
907 1190
907 1196
907 1218
907 1228
907 1260
908 652
908 716
908 780
908 844
908 972
908 1036
908 1100
908 1246
909 717
909 781
909 845
909 973
909 1037
909 1101
910 718
910 723
910 782
910 846
910 974
910 1038
910 1102
911 15
911 69
911 73
911 75
911 76
911 77
911 79
911 81
911 133
911 137
911 139
911 141
911 143
911 145
911 157
911 194
911 197
911 201
911 203
911 204
911 205
911 207
911 209
911 221
911 261
911 265
911 267
911 268
911 269
911 271
911 273
911 285
911 325
911 329
911 331
911 333
911 335
911 389
911 393
911 395
911 397
911 399
911 451
911 453
911 457
911 459
911 461
911 463
911 517
911 521
911 523
911 527
911 578
911 581
911 585
911 587
911 589
911 591
911 605
911 620
911 645
911 649
911 651
911 653
911 655
911 706
911 707
911 709
911 713
911 715
911 717
911 719
911 721
911 733
911 773
911 777
911 779
911 780
911 781
911 783
911 835
911 837
911 841
911 843
911 845
911 847
911 849
911 861
911 876
911 901
911 905
911 962
911 963
911 965
911 969
911 971
911 972
911 973
911 975
911 977
911 989
911 1027
911 1029
911 1033
911 1037
911 1039
911 1041
911 1053
911 1091
911 1093
911 1097
911 1103
911 1153
911 1155
911 1157
911 1161
911 1163
911 1165
911 1167
911 1169
911 1179
911 1181
911 1217
911 1219
911 1221
911 1225
911 1227
911 1229
911 1231
911 1233
911 1243
911 1245
912 720
912 784
912 848
912 976
912 1040
912 1104
912 1116
913 514
913 721
913 785
913 849
913 977
913 1041
913 1105
914 694
914 722
914 786
914 850
914 904
914 978
914 1042
914 1106
915 723
915 787
915 851
915 979
915 1043
915 1107
916 549
916 724
916 788
916 852
916 980
916 1044
916 1108
917 673
917 725
917 789
917 853
917 981
917 1015
917 1045
917 1109
918 478
918 597
918 726
918 790
918 854
918 941
918 982
918 1046
918 1110
919 84
919 252
919 727
919 791
919 855
919 953
919 983
919 1047
919 1111
920 728
920 792
920 856
920 984
920 1048
920 1112
920 1236
921 436
921 729
921 793
921 857
921 985
921 1049
921 1073
921 1113
922 730
922 794
922 858
922 986
922 1050
922 1114
923 364
923 731
923 795
923 859
923 987
923 1051
923 1115
924 185
924 732
924 796
924 860
924 988
924 1052
924 1084
924 1116
925 733
925 797
925 861
925 989
925 1053
925 1117
926 566
926 734
926 798
926 862
926 990
926 1054
926 1113
926 1118
927 735
927 799
927 863
927 991
927 1009
927 1055
927 1119
928 736
928 800
928 864
928 992
928 1056
928 1120
929 737
929 801
929 858
929 865
929 986
929 993
929 1057
929 1121
930 208
930 229
930 738
930 802
930 866
930 994
930 1058
930 1122
930 1247
931 471
931 739
931 803
931 867
931 995
931 1044
931 1059
931 1123
932 740
932 804
932 868
932 996
932 1060
932 1124
933 227
933 741
933 805
933 869
933 997
933 1061
933 1125
933 1256
934 742
934 806
934 870
934 998
934 1062
934 1126
935 223
935 743
935 807
935 871
935 999
935 1063
935 1127
936 482
936 744
936 808
936 872
936 893
936 1000
936 1064
936 1128
937 745
937 809
937 873
937 1001
937 1065
937 1129
938 89
938 159
938 741
938 746
938 810
938 874
938 1002
938 1066
938 1130
938 1140
939 811
939 875
939 1003
939 1067
939 1131
940 398
940 748
940 812
940 864
940 876
940 1004
940 1068
940 1132
941 478
941 597
941 749
941 813
941 877
941 918
941 1005
941 1069
941 1133
942 52
942 565
942 750
942 814
942 878
942 884
942 1006
942 1070
942 1134
943 372
943 380
943 751
943 815
943 879
943 1007
943 1071
943 1135
944 254
944 752
944 816
944 880
944 1008
944 1072
944 1136
945 107
945 568
945 753
945 817
945 881
945 1009
945 1073
945 1137
946 537
946 754
946 818
946 882
946 1010
946 1074
946 1138
947 169
947 613
947 755
947 819
947 883
947 1011
947 1075
947 1139
948 574
948 756
948 820
948 884
948 1008
948 1012
948 1076
948 1140
949 757
949 821
949 885
949 1013
949 1077
949 1141
950 758
950 822
950 886
950 1014
950 1078
950 1142
951 154
951 759
951 823
951 887
951 1015
951 1079
951 1143
952 760
952 824
952 888
952 1016
952 1080
952 1144
953 84
953 252
953 761
953 825
953 889
953 919
953 1017
953 1081
953 1145
954 249
954 762
954 826
954 890
954 1018
954 1082
954 1146
955 469
955 763
955 827
955 872
955 891
955 1019
955 1083
955 1147
956 764
956 828
956 892
956 1020
956 1084
956 1148
957 765
957 829
957 893
957 1021
957 1085
957 1149
958 766
958 830
958 894
958 1022
958 1086
958 1150
959 767
959 831
959 895
959 1023
959 1087
959 1151
960 737
960 768
960 832
960 896
960 1024
960 1088
960 1152
961 13
961 17
961 130
961 139
961 140
961 141
961 145
961 157
961 194
961 195
961 209
961 221
961 258
961 268
961 269
961 273
961 285
961 329
961 331
961 332
961 333
961 387
961 396
961 397
961 401
961 413
961 450
961 451
961 459
961 460
961 461
961 465
961 477
961 515
961 525
961 529
961 541
961 578
961 579
961 588
961 593
961 605
961 620
961 642
961 643
961 649
961 653
961 657
961 706
961 707
961 716
961 718
961 769
961 777
961 779
961 780
961 785
961 797
961 833
961 834
961 835
961 842
961 844
961 846
961 861
961 876
961 897
961 905
961 907
961 962
961 973
961 987
961 992
961 1004
961 1025
961 1026
961 1027
961 1035
961 1037
961 1053
961 1089
961 1091
961 1097
961 1099
961 1100
961 1101
961 1105
961 1132
961 1153
961 1163
961 1164
961 1165
961 1169
961 1179
961 1181
961 1190
961 1196
961 1218
961 1228
961 1233
961 1243
961 1245
961 1260
962 5
962 9
962 15
962 73
962 75
962 76
962 77
962 81
962 133
962 137
962 139
962 140
962 141
962 143
962 145
962 157
962 194
962 195
962 201
962 203
962 204
962 205
962 209
962 221
962 258
962 261
962 265
962 267
962 268
962 269
962 271
962 273
962 285
962 325
962 329
962 331
962 332
962 333
962 335
962 387
962 389
962 393
962 395
962 397
962 399
962 401
962 451
962 453
962 457
962 459
962 461
962 463
962 465
962 515
962 517
962 521
962 523
962 525
962 527
962 529
962 578
962 579
962 581
962 585
962 587
962 588
962 589
962 593
962 605
962 620
962 645
962 649
962 651
962 653
962 655
962 706
962 707
962 713
962 715
962 716
962 717
962 721
962 733
962 770
962 773
962 777
962 779
962 780
962 781
962 783
962 785
962 834
962 835
962 841
962 843
962 844
962 845
962 849
962 861
962 876
962 898
962 901
962 905
962 911
962 961
962 963
962 969
962 971
962 972
962 973
962 977
962 987
962 989
962 1004
962 1026
962 1027
962 1029
962 1033
962 1035
962 1037
962 1041
962 1053
962 1090
962 1091
962 1093
962 1097
962 1099
962 1100
962 1101
962 1103
962 1132
962 1153
962 1154
962 1155
962 1157
962 1161
962 1163
962 1165
962 1169
962 1179
962 1181
962 1196
962 1217
962 1219
962 1221
962 1225
962 1227
962 1229
962 1233
962 1243
962 1245
963 5
963 9
963 15
963 69
963 73
963 75
963 77
963 133
963 137
963 139
963 141
963 143
963 145
963 157
963 194
963 197
963 201
963 203
963 204
963 205
963 207
963 209
963 221
963 261
963 265
963 267
963 268
963 269
963 271
963 273
963 285
963 325
963 329
963 331
963 332
963 333
963 335
963 387
963 389
963 393
963 395
963 397
963 399
963 401
963 451
963 453
963 457
963 459
963 461
963 463
963 465
963 515
963 517
963 521
963 523
963 527
963 529
963 578
963 581
963 585
963 587
963 589
963 591
963 593
963 605
963 620
963 645
963 649
963 651
963 653
963 655
963 706
963 707
963 709
963 713
963 715
963 717
963 719
963 721
963 733
963 771
963 773
963 777
963 779
963 780
963 781
963 783
963 785
963 835
963 837
963 841
963 843
963 844
963 845
963 847
963 849
963 861
963 876
963 899
963 901
963 905
963 911
963 962
963 965
963 969
963 971
963 972
963 973
963 975
963 977
963 989
963 1027
963 1029
963 1033
963 1035
963 1037
963 1039
963 1041
963 1053
963 1091
963 1093
963 1097
963 1099
963 1103
963 1153
963 1155
963 1157
963 1161
963 1163
963 1165
963 1167
963 1169
963 1179
963 1181
963 1217
963 1219
963 1221
963 1225
963 1227
963 1229
963 1231
963 1233
963 1243
963 1245
964 467
964 772
964 836
964 886
964 900
964 1028
964 1092
964 1156
965 79
965 133
965 137
965 143
965 197
965 201
965 203
965 204
965 205
965 207
965 209
965 261
965 265
965 267
965 268
965 269
965 271
965 325
965 329
965 335
965 389
965 393
965 395
965 399
965 453
965 457
965 463
965 517
965 521
965 523
965 527
965 581
965 585
965 587
965 589
965 591
965 620
965 645
965 649
965 651
965 655
965 709
965 713
965 715
965 717
965 719
965 721
965 733
965 773
965 777
965 779
965 781
965 783
965 837
965 841
965 843
965 845
965 847
965 849
965 901
965 911
965 963
965 969
965 971
965 972
965 973
965 975
965 977
965 989
965 1029
965 1033
965 1039
965 1041
965 1093
965 1103
965 1155
965 1157
965 1161
965 1167
965 1217
965 1219
965 1221
965 1225
965 1227
965 1229
965 1231
965 1245
966 6
966 70
966 134
966 198
966 262
966 326
966 390
966 454
966 519
966 582
966 647
966 710
966 774
966 775
966 838
966 902
966 1030
966 1094
966 1095
966 1158
966 1222
967 775
967 839
967 903
967 1031
967 1095
967 1159
968 776
968 840
968 904
968 1032
968 1096
968 1160
969 5
969 9
969 15
969 73
969 75
969 76
969 77
969 81
969 133
969 137
969 139
969 141
969 143
969 145
969 157
969 194
969 195
969 197
969 201
969 203
969 204
969 205
969 207
969 209
969 221
969 261
969 265
969 267
969 268
969 269
969 271
969 273
969 285
969 325
969 329
969 331
969 332
969 333
969 335
969 387
969 389
969 393
969 395
969 397
969 399
969 401
969 451
969 453
969 457
969 459
969 461
969 463
969 465
969 515
969 517
969 521
969 523
969 525
969 527
969 529
969 578
969 581
969 585
969 587
969 589
969 591
969 593
969 605
969 620
969 645
969 649
969 651
969 653
969 655
969 706
969 707
969 709
969 713
969 715
969 717
969 719
969 721
969 733
969 773
969 777
969 779
969 780
969 781
969 783
969 785
969 835
969 837
969 841
969 843
969 844
969 845
969 847
969 849
969 861
969 876
969 901
969 905
969 911
969 962
969 963
969 965
969 971
969 972
969 973
969 975
969 977
969 989
969 1026
969 1027
969 1029
969 1033
969 1035
969 1037
969 1039
969 1041
969 1053
969 1091
969 1093
969 1097
969 1099
969 1101
969 1103
969 1153
969 1155
969 1157
969 1161
969 1163
969 1165
969 1169
969 1179
969 1181
969 1217
969 1219
969 1221
969 1225
969 1227
969 1229
969 1231
969 1233
969 1243
969 1245
970 67
970 646
970 778
970 842
970 906
970 1034
970 1098
970 1162
971 15
971 69
971 73
971 79
971 133
971 137
971 139
971 141
971 143
971 145
971 157
971 194
971 197
971 201
971 203
971 204
971 205
971 207
971 209
971 221
971 261
971 265
971 267
971 268
971 269
971 271
971 273
971 285
971 325
971 329
971 331
971 333
971 335
971 389
971 393
971 395
971 397
971 399
971 451
971 453
971 457
971 459
971 461
971 463
971 517
971 521
971 523
971 527
971 578
971 581
971 585
971 587
971 589
971 591
971 605
971 620
971 645
971 649
971 651
971 653
971 655
971 706
971 707
971 709
971 713
971 715
971 717
971 719
971 721
971 733
971 773
971 777
971 779
971 780
971 781
971 783
971 835
971 837
971 841
971 843
971 845
971 847
971 849
971 861
971 876
971 901
971 905
971 907
971 911
971 962
971 963
971 965
971 969
971 972
971 973
971 975
971 977
971 989
971 1027
971 1029
971 1033
971 1035
971 1037
971 1039
971 1041
971 1053
971 1091
971 1093
971 1097
971 1099
971 1103
971 1153
971 1155
971 1157
971 1161
971 1163
971 1165
971 1167
971 1169
971 1179
971 1181
971 1217
971 1219
971 1221
971 1225
971 1227
971 1229
971 1231
971 1233
971 1243
971 1245
972 5
972 9
972 15
972 69
972 73
972 75
972 76
972 77
972 81
972 133
972 137
972 139
972 141
972 143
972 145
972 157
972 194
972 197
972 201
972 203
972 204
972 205
972 207
972 209
972 221
972 261
972 265
972 267
972 268
972 269
972 271
972 273
972 285
972 325
972 329
972 331
972 332
972 333
972 335
972 387
972 389
972 393
972 395
972 397
972 399
972 401
972 451
972 453
972 457
972 459
972 461
972 463
972 465
972 515
972 517
972 521
972 523
972 527
972 529
972 578
972 581
972 585
972 587
972 589
972 591
972 593
972 605
972 620
972 645
972 649
972 651
972 653
972 655
972 706
972 707
972 709
972 713
972 715
972 717
972 719
972 721
972 733
972 773
972 777
972 779
972 780
972 781
972 783
972 785
972 835
972 837
972 841
972 843
972 844
972 845
972 847
972 849
972 861
972 876
972 901
972 905
972 908
972 911
972 962
972 963
972 965
972 969
972 971
972 973
972 975
972 977
972 989
972 1027
972 1029
972 1033
972 1035
972 1036
972 1037
972 1039
972 1041
972 1053
972 1091
972 1093
972 1097
972 1099
972 1100
972 1101
972 1103
972 1153
972 1155
972 1157
972 1161
972 1163
972 1164
972 1165
972 1169
972 1179
972 1181
972 1217
972 1219
972 1221
972 1225
972 1227
972 1229
972 1231
972 1233
972 1243
972 1245
973 5
973 9
973 15
973 73
973 75
973 76
973 77
973 81
973 133
973 137
973 139
973 141
973 143
973 145
973 157
973 194
973 195
973 197
973 201
973 203
973 204
973 205
973 207
973 209
973 221
973 261
973 265
973 267
973 268
973 269
973 271
973 273
973 285
973 325
973 329
973 331
973 332
973 333
973 335
973 387
973 389
973 393
973 395
973 397
973 399
973 401
973 451
973 453
973 457
973 459
973 461
973 463
973 465
973 515
973 517
973 521
973 523
973 525
973 527
973 529
973 578
973 581
973 585
973 587
973 588
973 589
973 591
973 593
973 605
973 620
973 645
973 649
973 651
973 653
973 655
973 706
973 707
973 709
973 713
973 715
973 717
973 721
973 733
973 773
973 777
973 779
973 780
973 781
973 783
973 785
973 834
973 835
973 837
973 841
973 843
973 844
973 845
973 849
973 861
973 876
973 901
973 905
973 909
973 911
973 961
973 962
973 963
973 965
973 969
973 971
973 972
973 975
973 977
973 987
973 989
973 1026
973 1027
973 1029
973 1033
973 1035
973 1037
973 1039
973 1041
973 1053
973 1091
973 1093
973 1097
973 1099
973 1100
973 1101
973 1103
973 1153
973 1155
973 1157
973 1161
973 1163
973 1165
973 1169
973 1179
973 1181
973 1217
973 1219
973 1221
973 1225
973 1227
973 1229
973 1233
973 1243
973 1245
974 782
974 846
974 910
974 1038
974 1102
974 1166
975 79
975 133
975 137
975 143
975 197
975 201
975 203
975 204
975 205
975 207
975 209
975 261
975 265
975 267
975 269
975 271
975 325
975 335
975 389
975 393
975 395
975 399
975 453
975 457
975 463
975 517
975 521
975 523
975 527
975 581
975 585
975 587
975 589
975 591
975 645
975 651
975 655
975 709
975 713
975 715
975 717
975 719
975 721
975 733
975 773
975 781
975 783
975 837
975 841
975 843
975 845
975 847
975 849
975 901
975 911
975 963
975 965
975 969
975 971
975 972
975 973
975 977
975 989
975 1029
975 1033
975 1039
975 1041
975 1093
975 1103
975 1155
975 1157
975 1161
975 1167
975 1217
975 1219
975 1221
975 1225
975 1227
975 1229
975 1231
976 481
976 784
976 848
976 912
976 1040
976 1104
976 1121
976 1168
977 15
977 69
977 73
977 79
977 133
977 137
977 139
977 141
977 143
977 145
977 157
977 194
977 197
977 201
977 203
977 204
977 205
977 207
977 209
977 221
977 261
977 265
977 267
977 268
977 269
977 271
977 273
977 285
977 325
977 329
977 331
977 333
977 335
977 387
977 389
977 393
977 395
977 397
977 399
977 401
977 451
977 453
977 457
977 459
977 461
977 463
977 465
977 517
977 521
977 523
977 527
977 529
977 578
977 581
977 585
977 587
977 589
977 591
977 593
977 605
977 620
977 645
977 649
977 651
977 653
977 655
977 706
977 707
977 709
977 713
977 715
977 717
977 719
977 721
977 733
977 773
977 777
977 779
977 780
977 781
977 783
977 785
977 835
977 837
977 841
977 843
977 845
977 847
977 849
977 861
977 876
977 901
977 905
977 911
977 913
977 962
977 963
977 965
977 969
977 971
977 972
977 973
977 975
977 989
977 1027
977 1029
977 1033
977 1037
977 1039
977 1041
977 1053
977 1091
977 1093
977 1097
977 1103
977 1105
977 1153
977 1155
977 1157
977 1161
977 1163
977 1165
977 1167
977 1169
977 1179
977 1181
977 1217
977 1219
977 1221
977 1225
977 1227
977 1229
977 1231
977 1233
977 1243
977 1245
978 414
978 435
978 786
978 850
978 914
978 1042
978 1106
978 1170
978 1234
979 166
979 787
979 790
979 851
979 915
979 1043
979 1107
979 1171
979 1216
980 217
980 424
980 788
980 852
980 916
980 1044
980 1108
980 1172
981 403
981 462
981 789
981 853
981 917
981 1045
981 1109
981 1173
982 790
982 854
982 918
982 1046
982 1110
982 1174
983 36
983 791
983 855
983 919
983 1047
983 1111
983 1175
984 101
984 144
984 792
984 856
984 920
984 1048
984 1112
984 1176
985 793
985 857
985 921
985 1049
985 1113
985 1177
986 794
986 858
986 922
986 929
986 1050
986 1114
986 1178
987 13
987 17
987 93
987 139
987 140
987 141
987 145
987 157
987 194
987 195
987 204
987 209
987 221
987 258
987 268
987 269
987 273
987 285
987 329
987 331
987 332
987 333
987 387
987 396
987 397
987 401
987 413
987 450
987 451
987 457
987 459
987 460
987 461
987 465
987 477
987 515
987 525
987 529
987 541
987 578
987 579
987 588
987 593
987 605
987 620
987 642
987 643
987 649
987 653
987 657
987 706
987 707
987 716
987 718
987 777
987 779
987 780
987 785
987 795
987 797
987 834
987 835
987 842
987 844
987 846
987 849
987 859
987 861
987 876
987 901
987 905
987 907
987 923
987 961
987 962
987 973
987 989
987 992
987 1004
987 1026
987 1027
987 1035
987 1037
987 1051
987 1053
987 1089
987 1091
987 1097
987 1099
987 1100
987 1101
987 1105
987 1115
987 1132
987 1153
987 1163
987 1164
987 1165
987 1169
987 1179
987 1181
987 1190
987 1196
987 1218
987 1228
987 1233
987 1243
987 1245
987 1260
988 65
988 513
988 796
988 860
988 924
988 1052
988 1106
988 1116
988 1180
989 5
989 9
989 15
989 73
989 75
989 76
989 77
989 81
989 133
989 137
989 139
989 141
989 143
989 145
989 157
989 194
989 195
989 197
989 201
989 203
989 204
989 205
989 207
989 209
989 221
989 261
989 265
989 267
989 268
989 269
989 271
989 273
989 285
989 325
989 329
989 331
989 332
989 333
989 335
989 387
989 389
989 393
989 395
989 397
989 399
989 401
989 451
989 453
989 457
989 459
989 461
989 463
989 465
989 515
989 517
989 521
989 523
989 525
989 527
989 529
989 578
989 581
989 585
989 587
989 589
989 591
989 593
989 605
989 620
989 645
989 649
989 651
989 653
989 655
989 706
989 707
989 709
989 713
989 715
989 717
989 721
989 733
989 773
989 777
989 779
989 780
989 781
989 783
989 785
989 797
989 835
989 837
989 841
989 843
989 844
989 845
989 849
989 861
989 876
989 901
989 905
989 911
989 925
989 962
989 963
989 965
989 969
989 971
989 972
989 973
989 975
989 977
989 987
989 1026
989 1027
989 1029
989 1033
989 1035
989 1037
989 1039
989 1041
989 1053
989 1091
989 1093
989 1097
989 1099
989 1100
989 1101
989 1103
989 1117
989 1153
989 1155
989 1157
989 1161
989 1163
989 1165
989 1169
989 1179
989 1181
989 1217
989 1219
989 1221
989 1225
989 1227
989 1229
989 1231
989 1233
989 1243
989 1245
990 798
990 862
990 926
990 1054
990 1118
990 1182
991 532
991 628
991 799
991 863
991 927
991 1055
991 1119
991 1183
992 130
992 140
992 157
992 195
992 258
992 285
992 331
992 332
992 333
992 387
992 396
992 401
992 413
992 450
992 459
992 460
992 465
992 477
992 515
992 524
992 525
992 529
992 541
992 578
992 579
992 588
992 593
992 605
992 642
992 643
992 657
992 684
992 706
992 716
992 718
992 780
992 785
992 797
992 800
992 834
992 842
992 844
992 846
992 861
992 864
992 876
992 907
992 928
992 961
992 987
992 1004
992 1026
992 1035
992 1037
992 1051
992 1053
992 1056
992 1089
992 1091
992 1099
992 1100
992 1101
992 1105
992 1120
992 1132
992 1154
992 1164
992 1181
992 1184
992 1190
992 1196
992 1218
992 1228
992 1260
993 392
993 801
993 865
993 929
993 1057
993 1121
993 1142
993 1185
994 288
994 606
994 648
994 802
994 866
994 930
994 1058
994 1122
994 1186
995 8
995 18
995 336
995 612
995 803
995 867
995 931
995 1059
995 1123
995 1187
996 193
996 804
996 868
996 932
996 1060
996 1124
996 1188
997 434
997 512
997 805
997 869
997 933
997 1061
997 1125
997 1189
998 806
998 870
998 934
998 1062
998 1126
998 1190
999 272
999 295
999 342
999 807
999 871
999 935
999 1063
999 1127
999 1191
1000 808
1000 872
1000 936
1000 1064
1000 1128
1000 1192
1001 809
1001 873
1001 937
1001 1065
1001 1129
1001 1193
1002 810
1002 874
1002 938
1002 1066
1002 1130
1002 1149
1002 1194
1003 811
1003 875
1003 939
1003 1067
1003 1131
1003 1195
1004 13
1004 17
1004 130
1004 139
1004 140
1004 141
1004 145
1004 157
1004 194
1004 195
1004 221
1004 258
1004 268
1004 273
1004 285
1004 331
1004 332
1004 333
1004 387
1004 396
1004 397
1004 401
1004 413
1004 450
1004 451
1004 459
1004 460
1004 461
1004 465
1004 477
1004 515
1004 525
1004 529
1004 541
1004 578
1004 579
1004 588
1004 593
1004 605
1004 642
1004 643
1004 653
1004 657
1004 706
1004 707
1004 716
1004 718
1004 777
1004 780
1004 785
1004 797
1004 812
1004 834
1004 835
1004 842
1004 844
1004 846
1004 861
1004 876
1004 905
1004 907
1004 940
1004 961
1004 962
1004 987
1004 992
1004 1026
1004 1027
1004 1035
1004 1037
1004 1053
1004 1068
1004 1089
1004 1091
1004 1097
1004 1099
1004 1100
1004 1101
1004 1105
1004 1132
1004 1153
1004 1163
1004 1164
1004 1165
1004 1169
1004 1179
1004 1181
1004 1190
1004 1196
1004 1218
1004 1228
1004 1233
1004 1243
1004 1260
1005 172
1005 813
1005 877
1005 941
1005 1069
1005 1133
1005 1197
1006 245
1006 814
1006 878
1006 942
1006 1070
1006 1109
1006 1134
1006 1198
1007 815
1007 879
1007 943
1007 1071
1007 1135
1007 1199
1008 574
1008 816
1008 880
1008 944
1008 948
1008 1072
1008 1136
1008 1200
1009 817
1009 881
1009 927
1009 945
1009 1073
1009 1137
1009 1201
1010 818
1010 882
1010 946
1010 1074
1010 1138
1010 1202
1011 236
1011 819
1011 883
1011 947
1011 1075
1011 1139
1011 1203
1012 16
1012 820
1012 884
1012 948
1012 1076
1012 1140
1012 1204
1013 44
1013 108
1013 233
1013 539
1013 821
1013 885
1013 949
1013 1077
1013 1141
1013 1205
1014 822
1014 886
1014 950
1014 1078
1014 1142
1014 1206
1015 673
1015 823
1015 887
1015 917
1015 951
1015 1079
1015 1143
1015 1207
1016 232
1016 675
1016 824
1016 888
1016 952
1016 1080
1016 1144
1016 1208
1016 1276
1017 50
1017 611
1017 825
1017 889
1017 953
1017 1081
1017 1145
1017 1199
1017 1209
1018 42
1018 761
1018 826
1018 874
1018 890
1018 954
1018 1082
1018 1123
1018 1146
1018 1210
1019 827
1019 891
1019 955
1019 1083
1019 1147
1019 1211
1019 1235
1020 828
1020 892
1020 956
1020 1084
1020 1148
1020 1150
1020 1212
1021 22
1021 829
1021 893
1021 957
1021 1085
1021 1149
1021 1213
1022 174
1022 375
1022 830
1022 894
1022 958
1022 1086
1022 1150
1022 1214
1023 314
1023 373
1023 831
1023 895
1023 959
1023 1087
1023 1151
1023 1215
1024 82
1024 187
1024 832
1024 896
1024 960
1024 1088
1024 1152
1024 1216
1025 833
1025 897
1025 961
1025 1089
1025 1153
1025 1217
1026 13
1026 17
1026 93
1026 140
1026 194
1026 195
1026 204
1026 209
1026 221
1026 258
1026 268
1026 269
1026 273
1026 285
1026 329
1026 331
1026 332
1026 333
1026 387
1026 396
1026 397
1026 401
1026 413
1026 450
1026 451
1026 457
1026 459
1026 460
1026 461
1026 465
1026 477
1026 515
1026 525
1026 529
1026 541
1026 578
1026 579
1026 588
1026 593
1026 605
1026 620
1026 642
1026 643
1026 649
1026 653
1026 657
1026 706
1026 707
1026 716
1026 718
1026 721
1026 777
1026 779
1026 780
1026 785
1026 797
1026 834
1026 835
1026 842
1026 844
1026 846
1026 849
1026 861
1026 876
1026 898
1026 901
1026 905
1026 907
1026 961
1026 962
1026 969
1026 973
1026 987
1026 989
1026 992
1026 1004
1026 1027
1026 1035
1026 1037
1026 1053
1026 1089
1026 1090
1026 1091
1026 1097
1026 1099
1026 1100
1026 1101
1026 1105
1026 1132
1026 1153
1026 1154
1026 1163
1026 1164
1026 1165
1026 1169
1026 1179
1026 1181
1026 1190
1026 1196
1026 1218
1026 1228
1026 1233
1026 1243
1026 1245
1026 1260
1027 5
1027 9
1027 75
1027 76
1027 81
1027 93
1027 139
1027 141
1027 145
1027 157
1027 194
1027 195
1027 203
1027 204
1027 205
1027 209
1027 221
1027 258
1027 265
1027 267
1027 268
1027 269
1027 273
1027 285
1027 325
1027 329
1027 331
1027 332
1027 333
1027 335
1027 387
1027 393
1027 395
1027 397
1027 401
1027 413
1027 451
1027 453
1027 457
1027 459
1027 461
1027 463
1027 465
1027 515
1027 517
1027 521
1027 523
1027 525
1027 527
1027 529
1027 578
1027 579
1027 585
1027 587
1027 588
1027 589
1027 593
1027 605
1027 620
1027 645
1027 649
1027 651
1027 653
1027 655
1027 706
1027 707
1027 713
1027 715
1027 716
1027 717
1027 721
1027 733
1027 777
1027 779
1027 780
1027 781
1027 785
1027 797
1027 834
1027 835
1027 841
1027 843
1027 844
1027 845
1027 846
1027 849
1027 861
1027 876
1027 899
1027 901
1027 905
1027 911
1027 961
1027 962
1027 963
1027 969
1027 971
1027 972
1027 973
1027 977
1027 987
1027 989
1027 1004
1027 1026
1027 1033
1027 1035
1027 1037
1027 1041
1027 1053
1027 1089
1027 1091
1027 1093
1027 1097
1027 1099
1027 1100
1027 1101
1027 1105
1027 1132
1027 1153
1027 1155
1027 1161
1027 1163
1027 1165
1027 1169
1027 1179
1027 1181
1027 1196
1027 1217
1027 1219
1027 1225
1027 1227
1027 1228
1027 1229
1027 1233
1027 1243
1027 1245
1027 1260
1028 836
1028 900
1028 964
1028 1092
1028 1156
1028 1220
1029 69
1029 79
1029 133
1029 137
1029 143
1029 194
1029 197
1029 201
1029 203
1029 204
1029 205
1029 207
1029 209
1029 221
1029 261
1029 265
1029 267
1029 268
1029 269
1029 271
1029 273
1029 325
1029 329
1029 335
1029 389
1029 393
1029 395
1029 397
1029 399
1029 451
1029 453
1029 457
1029 461
1029 463
1029 517
1029 521
1029 523
1029 527
1029 581
1029 585
1029 587
1029 589
1029 591
1029 620
1029 645
1029 649
1029 651
1029 655
1029 707
1029 709
1029 713
1029 715
1029 717
1029 719
1029 721
1029 733
1029 773
1029 777
1029 779
1029 781
1029 783
1029 835
1029 837
1029 841
1029 843
1029 845
1029 847
1029 849
1029 901
1029 905
1029 911
1029 962
1029 963
1029 965
1029 969
1029 971
1029 972
1029 973
1029 975
1029 977
1029 989
1029 1033
1029 1039
1029 1041
1029 1093
1029 1097
1029 1103
1029 1153
1029 1155
1029 1157
1029 1161
1029 1165
1029 1167
1029 1169
1029 1179
1029 1217
1029 1219
1029 1221
1029 1225
1029 1227
1029 1229
1029 1231
1029 1233
1029 1243
1029 1245
1030 6
1030 70
1030 134
1030 198
1030 262
1030 326
1030 390
1030 454
1030 519
1030 582
1030 647
1030 710
1030 775
1030 838
1030 902
1030 966
1030 1094
1030 1095
1030 1158
1030 1222
1031 839
1031 903
1031 967
1031 1095
1031 1159
1031 1223
1032 763
1032 840
1032 904
1032 968
1032 1096
1032 1160
1032 1224
1033 15
1033 69
1033 73
1033 79
1033 133
1033 137
1033 194
1033 197
1033 201
1033 203
1033 204
1033 205
1033 207
1033 209
1033 221
1033 261
1033 265
1033 267
1033 268
1033 269
1033 271
1033 273
1033 285
1033 325
1033 329
1033 331
1033 333
1033 335
1033 387
1033 389
1033 393
1033 395
1033 397
1033 399
1033 401
1033 451
1033 453
1033 457
1033 459
1033 461
1033 463
1033 465
1033 517
1033 521
1033 523
1033 527
1033 529
1033 578
1033 581
1033 585
1033 587
1033 589
1033 591
1033 593
1033 605
1033 620
1033 645
1033 649
1033 651
1033 653
1033 655
1033 706
1033 707
1033 709
1033 713
1033 715
1033 717
1033 719
1033 721
1033 733
1033 773
1033 777
1033 779
1033 780
1033 781
1033 783
1033 835
1033 837
1033 841
1033 843
1033 845
1033 847
1033 849
1033 861
1033 876
1033 901
1033 905
1033 911
1033 962
1033 963
1033 965
1033 969
1033 971
1033 972
1033 973
1033 975
1033 977
1033 989
1033 1027
1033 1029
1033 1037
1033 1039
1033 1041
1033 1053
1033 1091
1033 1093
1033 1097
1033 1103
1033 1153
1033 1155
1033 1157
1033 1161
1033 1163
1033 1165
1033 1167
1033 1169
1033 1179
1033 1181
1033 1217
1033 1219
1033 1221
1033 1225
1033 1227
1033 1229
1033 1231
1033 1233
1033 1243
1033 1245
1034 842
1034 906
1034 970
1034 1098
1034 1162
1034 1226
1035 13
1035 17
1035 93
1035 140
1035 157
1035 194
1035 195
1035 204
1035 209
1035 221
1035 258
1035 268
1035 269
1035 273
1035 285
1035 329
1035 331
1035 332
1035 333
1035 387
1035 395
1035 396
1035 397
1035 401
1035 413
1035 451
1035 457
1035 459
1035 460
1035 461
1035 465
1035 477
1035 515
1035 521
1035 523
1035 525
1035 529
1035 541
1035 578
1035 579
1035 585
1035 588
1035 593
1035 605
1035 620
1035 642
1035 643
1035 649
1035 651
1035 653
1035 706
1035 707
1035 715
1035 716
1035 717
1035 718
1035 721
1035 733
1035 777
1035 779
1035 780
1035 781
1035 785
1035 797
1035 834
1035 835
1035 842
1035 843
1035 844
1035 846
1035 849
1035 861
1035 876
1035 901
1035 905
1035 907
1035 961
1035 962
1035 963
1035 969
1035 971
1035 972
1035 973
1035 987
1035 989
1035 992
1035 1004
1035 1026
1035 1027
1035 1037
1035 1053
1035 1089
1035 1091
1035 1097
1035 1099
1035 1100
1035 1101
1035 1105
1035 1132
1035 1153
1035 1161
1035 1163
1035 1164
1035 1165
1035 1169
1035 1179
1035 1181
1035 1190
1035 1196
1035 1217
1035 1225
1035 1227
1035 1228
1035 1229
1035 1233
1035 1243
1035 1245
1035 1260
1036 844
1036 908
1036 972
1036 1100
1036 1164
1036 1228
1037 76
1037 81
1037 93
1037 139
1037 141
1037 145
1037 157
1037 194
1037 195
1037 203
1037 204
1037 205
1037 209
1037 221
1037 258
1037 265
1037 267
1037 268
1037 269
1037 273
1037 285
1037 325
1037 329
1037 331
1037 332
1037 333
1037 335
1037 387
1037 393
1037 395
1037 397
1037 401
1037 413
1037 451
1037 457
1037 459
1037 461
1037 465
1037 477
1037 515
1037 517
1037 521
1037 523
1037 525
1037 529
1037 578
1037 579
1037 585
1037 588
1037 589
1037 593
1037 605
1037 620
1037 649
1037 651
1037 653
1037 706
1037 707
1037 713
1037 715
1037 716
1037 717
1037 721
1037 733
1037 777
1037 779
1037 780
1037 781
1037 785
1037 797
1037 834
1037 835
1037 841
1037 843
1037 844
1037 845
1037 846
1037 849
1037 861
1037 876
1037 901
1037 905
1037 907
1037 909
1037 911
1037 961
1037 962
1037 963
1037 969
1037 971
1037 972
1037 973
1037 977
1037 987
1037 989
1037 992
1037 1004
1037 1026
1037 1027
1037 1033
1037 1035
1037 1041
1037 1053
1037 1089
1037 1091
1037 1097
1037 1099
1037 1100
1037 1101
1037 1105
1037 1132
1037 1153
1037 1155
1037 1161
1037 1163
1037 1164
1037 1165
1037 1169
1037 1179
1037 1181
1037 1196
1037 1217
1037 1219
1037 1225
1037 1227
1037 1228
1037 1229
1037 1233
1037 1243
1037 1245
1037 1260
1038 846
1038 910
1038 974
1038 1102
1038 1166
1038 1230
1039 79
1039 133
1039 143
1039 197
1039 201
1039 203
1039 204
1039 205
1039 207
1039 209
1039 261
1039 265
1039 267
1039 269
1039 271
1039 325
1039 335
1039 389
1039 393
1039 395
1039 399
1039 453
1039 457
1039 463
1039 517
1039 521
1039 523
1039 527
1039 581
1039 585
1039 587
1039 589
1039 591
1039 645
1039 651
1039 655
1039 709
1039 713
1039 715
1039 717
1039 719
1039 721
1039 733
1039 773
1039 781
1039 783
1039 837
1039 841
1039 843
1039 845
1039 847
1039 849
1039 901
1039 911
1039 963
1039 965
1039 969
1039 971
1039 972
1039 973
1039 975
1039 977
1039 989
1039 1029
1039 1033
1039 1041
1039 1093
1039 1103
1039 1155
1039 1157
1039 1161
1039 1167
1039 1217
1039 1219
1039 1221
1039 1225
1039 1227
1039 1229
1039 1231
1040 848
1040 912
1040 976
1040 1104
1040 1168
1040 1175
1040 1232
1041 5
1041 15
1041 69
1041 73
1041 77
1041 79
1041 133
1041 137
1041 194
1041 197
1041 201
1041 203
1041 204
1041 205
1041 207
1041 209
1041 221
1041 261
1041 265
1041 267
1041 268
1041 269
1041 271
1041 273
1041 285
1041 325
1041 329
1041 331
1041 332
1041 333
1041 335
1041 387
1041 389
1041 393
1041 395
1041 397
1041 399
1041 401
1041 451
1041 453
1041 457
1041 459
1041 461
1041 463
1041 465
1041 515
1041 517
1041 521
1041 523
1041 527
1041 529
1041 578
1041 581
1041 585
1041 587
1041 589
1041 591
1041 593
1041 605
1041 620
1041 645
1041 649
1041 651
1041 653
1041 655
1041 706
1041 707
1041 709
1041 713
1041 715
1041 717
1041 719
1041 721
1041 733
1041 773
1041 777
1041 779
1041 780
1041 781
1041 783
1041 835
1041 837
1041 841
1041 843
1041 845
1041 847
1041 849
1041 861
1041 876
1041 901
1041 905
1041 911
1041 913
1041 962
1041 963
1041 965
1041 969
1041 971
1041 972
1041 973
1041 975
1041 977
1041 989
1041 1027
1041 1029
1041 1033
1041 1037
1041 1039
1041 1053
1041 1091
1041 1093
1041 1097
1041 1099
1041 1103
1041 1105
1041 1153
1041 1155
1041 1157
1041 1161
1041 1163
1041 1165
1041 1167
1041 1169
1041 1179
1041 1181
1041 1217
1041 1219
1041 1221
1041 1225
1041 1227
1041 1229
1041 1231
1041 1233
1041 1243
1041 1245
1042 850
1042 914
1042 978
1042 1106
1042 1170
1042 1230
1042 1234
1043 851
1043 915
1043 979
1043 1107
1043 1171
1043 1235
1044 471
1044 852
1044 916
1044 931
1044 980
1044 1108
1044 1172
1044 1236
1045 853
1045 917
1045 981
1045 1109
1045 1173
1045 1237
1046 854
1046 918
1046 982
1046 1110
1046 1174
1046 1238
1047 282
1047 855
1047 878
1047 919
1047 983
1047 1111
1047 1175
1047 1239
1048 33
1048 546
1048 596
1048 625
1048 668
1048 799
1048 856
1048 920
1048 984
1048 1112
1048 1176
1048 1240
1049 165
1049 538
1049 857
1049 921
1049 985
1049 1113
1049 1177
1049 1241
1050 39
1050 858
1050 922
1050 986
1050 1077
1050 1114
1050 1178
1050 1242
1051 11
1051 130
1051 131
1051 396
1051 413
1051 450
1051 460
1051 477
1051 524
1051 541
1051 642
1051 643
1051 657
1051 684
1051 718
1051 771
1051 842
1051 846
1051 859
1051 907
1051 923
1051 987
1051 992
1051 1115
1051 1154
1051 1164
1051 1179
1051 1190
1051 1218
1051 1228
1051 1243
1051 1260
1052 289
1052 548
1052 860
1052 924
1052 988
1052 1116
1052 1180
1052 1244
1053 9
1053 75
1053 76
1053 81
1053 93
1053 139
1053 141
1053 145
1053 157
1053 194
1053 195
1053 203
1053 204
1053 205
1053 209
1053 221
1053 258
1053 265
1053 267
1053 268
1053 269
1053 273
1053 285
1053 325
1053 329
1053 331
1053 332
1053 333
1053 335
1053 387
1053 393
1053 395
1053 397
1053 401
1053 413
1053 451
1053 457
1053 459
1053 461
1053 465
1053 477
1053 515
1053 517
1053 521
1053 523
1053 525
1053 529
1053 578
1053 579
1053 585
1053 587
1053 588
1053 589
1053 593
1053 605
1053 620
1053 649
1053 651
1053 653
1053 706
1053 707
1053 713
1053 715
1053 716
1053 717
1053 721
1053 733
1053 777
1053 779
1053 780
1053 781
1053 785
1053 797
1053 834
1053 835
1053 841
1053 843
1053 844
1053 845
1053 846
1053 849
1053 861
1053 876
1053 901
1053 905
1053 907
1053 911
1053 925
1053 961
1053 962
1053 963
1053 969
1053 971
1053 972
1053 973
1053 977
1053 987
1053 989
1053 992
1053 1004
1053 1026
1053 1027
1053 1033
1053 1035
1053 1037
1053 1041
1053 1089
1053 1091
1053 1093
1053 1097
1053 1099
1053 1100
1053 1101
1053 1105
1053 1117
1053 1132
1053 1153
1053 1155
1053 1161
1053 1163
1053 1164
1053 1165
1053 1169
1053 1179
1053 1181
1053 1196
1053 1217
1053 1219
1053 1225
1053 1227
1053 1228
1053 1229
1053 1233
1053 1243
1053 1245
1053 1260
1054 862
1054 926
1054 990
1054 1118
1054 1182
1054 1246
1055 411
1055 863
1055 927
1055 991
1055 1119
1055 1183
1055 1247
1056 864
1056 928
1056 992
1056 1120
1056 1184
1056 1248
1057 865
1057 929
1057 993
1057 1121
1057 1185
1057 1204
1057 1249
1058 283
1058 866
1058 930
1058 994
1058 1120
1058 1122
1058 1186
1058 1250
1059 55
1059 177
1059 494
1059 867
1059 931
1059 995
1059 1123
1059 1148
1059 1187
1059 1251
1060 868
1060 932
1060 996
1060 1124
1060 1188
1060 1220
1060 1252
1061 869
1061 933
1061 997
1061 1125
1061 1189
1061 1253
1062 870
1062 934
1062 998
1062 1126
1062 1190
1062 1254
1063 242
1063 345
1063 485
1063 871
1063 900
1063 935
1063 999
1063 1127
1063 1191
1063 1255
1063 1265
1064 27
1064 735
1064 746
1064 872
1064 936
1064 1000
1064 1128
1064 1192
1064 1256
1065 530
1065 873
1065 937
1065 1001
1065 1129
1065 1193
1065 1257
1066 551
1066 874
1066 938
1066 1002
1066 1130
1066 1194
1066 1258
1066 1272
1067 572
1067 702
1067 875
1067 939
1067 1003
1067 1131
1067 1195
1067 1259
1068 876
1068 940
1068 1004
1068 1132
1068 1196
1068 1260
1069 150
1069 877
1069 941
1069 1005
1069 1133
1069 1197
1069 1261
1070 759
1070 878
1070 942
1070 1006
1070 1134
1070 1198
1070 1262
1071 470
1071 801
1071 879
1071 943
1071 1007
1071 1135
1071 1199
1071 1263
1072 880
1072 944
1072 1008
1072 1136
1072 1200
1072 1264
1072 1274
1073 436
1073 881
1073 921
1073 945
1073 1009
1073 1137
1073 1201
1073 1265
1074 284
1074 882
1074 946
1074 1010
1074 1138
1074 1202
1074 1266
1075 883
1075 947
1075 1011
1075 1139
1075 1203
1075 1267
1076 34
1076 884
1076 948
1076 1012
1076 1140
1076 1204
1076 1268
1077 39
1077 885
1077 949
1077 1013
1077 1050
1077 1141
1077 1205
1077 1269
1078 886
1078 950
1078 1014
1078 1142
1078 1171
1078 1206
1078 1270
1079 760
1079 887
1079 951
1079 1015
1079 1143
1079 1207
1079 1271
1080 404
1080 875
1080 888
1080 952
1080 1016
1080 1144
1080 1208
1080 1272
1081 889
1081 953
1081 1017
1081 1145
1081 1209
1081 1273
1082 62
1082 890
1082 954
1082 1018
1082 1146
1082 1210
1082 1274
1083 891
1083 955
1083 1019
1083 1147
1083 1211
1083 1275
1084 185
1084 892
1084 924
1084 956
1084 1020
1084 1148
1084 1212
1084 1276
1085 31
1085 893
1085 957
1085 1021
1085 1149
1085 1213
1085 1277
1086 244
1086 888
1086 894
1086 958
1086 1022
1086 1114
1086 1150
1086 1201
1086 1214
1086 1239
1086 1278
1087 190
1087 491
1087 508
1087 895
1087 959
1087 1023
1087 1151
1087 1215
1087 1279
1088 674
1088 896
1088 960
1088 1024
1088 1152
1088 1216
1089 17
1089 140
1089 258
1089 285
1089 331
1089 332
1089 333
1089 387
1089 396
1089 401
1089 413
1089 450
1089 451
1089 459
1089 460
1089 465
1089 477
1089 515
1089 524
1089 525
1089 529
1089 541
1089 578
1089 579
1089 588
1089 593
1089 605
1089 642
1089 643
1089 653
1089 657
1089 684
1089 706
1089 716
1089 718
1089 780
1089 785
1089 797
1089 834
1089 842
1089 844
1089 846
1089 861
1089 876
1089 897
1089 905
1089 907
1089 961
1089 987
1089 992
1089 1004
1089 1025
1089 1026
1089 1027
1089 1035
1089 1037
1089 1053
1089 1091
1089 1099
1089 1100
1089 1101
1089 1105
1089 1132
1089 1153
1089 1163
1089 1164
1089 1179
1089 1181
1089 1190
1089 1196
1089 1217
1089 1218
1089 1228
1089 1260
1090 898
1090 962
1090 1026
1090 1154
1090 1218
1091 5
1091 9
1091 75
1091 76
1091 81
1091 93
1091 139
1091 141
1091 145
1091 157
1091 194
1091 221
1091 258
1091 265
1091 267
1091 268
1091 269
1091 273
1091 285
1091 325
1091 329
1091 331
1091 332
1091 333
1091 335
1091 387
1091 393
1091 395
1091 397
1091 401
1091 413
1091 451
1091 453
1091 457
1091 459
1091 461
1091 463
1091 465
1091 515
1091 517
1091 521
1091 523
1091 525
1091 527
1091 529
1091 578
1091 579
1091 585
1091 587
1091 588
1091 589
1091 593
1091 605
1091 620
1091 649
1091 651
1091 653
1091 655
1091 706
1091 707
1091 713
1091 715
1091 716
1091 717
1091 721
1091 733
1091 777
1091 779
1091 780
1091 781
1091 785
1091 797
1091 834
1091 835
1091 841
1091 843
1091 844
1091 845
1091 846
1091 849
1091 861
1091 876
1091 899
1091 901
1091 905
1091 911
1091 961
1091 962
1091 963
1091 969
1091 971
1091 972
1091 973
1091 977
1091 987
1091 989
1091 992
1091 1004
1091 1026
1091 1027
1091 1033
1091 1035
1091 1037
1091 1041
1091 1053
1091 1089
1091 1093
1091 1097
1091 1099
1091 1100
1091 1101
1091 1105
1091 1132
1091 1153
1091 1155
1091 1161
1091 1163
1091 1165
1091 1169
1091 1179
1091 1181
1091 1196
1091 1217
1091 1219
1091 1225
1091 1227
1091 1228
1091 1229
1091 1233
1091 1243
1091 1245
1091 1260
1092 64
1092 772
1092 900
1092 964
1092 1028
1092 1156
1092 1220
1092 1241
1093 15
1093 69
1093 79
1093 133
1093 137
1093 143
1093 201
1093 203
1093 205
1093 207
1093 261
1093 265
1093 267
1093 268
1093 269
1093 271
1093 273
1093 285
1093 325
1093 329
1093 331
1093 335
1093 389
1093 393
1093 395
1093 397
1093 399
1093 451
1093 453
1093 457
1093 459
1093 461
1093 463
1093 517
1093 521
1093 523
1093 527
1093 578
1093 581
1093 585
1093 587
1093 589
1093 591
1093 620
1093 645
1093 649
1093 651
1093 653
1093 655
1093 707
1093 709
1093 713
1093 715
1093 717
1093 719
1093 721
1093 733
1093 773
1093 777
1093 779
1093 781
1093 783
1093 835
1093 837
1093 841
1093 843
1093 845
1093 847
1093 849
1093 861
1093 876
1093 901
1093 905
1093 911
1093 962
1093 963
1093 965
1093 969
1093 971
1093 972
1093 973
1093 975
1093 977
1093 989
1093 1027
1093 1029
1093 1033
1093 1039
1093 1041
1093 1053
1093 1091
1093 1097
1093 1103
1093 1153
1093 1155
1093 1157
1093 1161
1093 1163
1093 1165
1093 1167
1093 1169
1093 1179
1093 1181
1093 1217
1093 1219
1093 1221
1093 1225
1093 1227
1093 1229
1093 1231
1093 1233
1093 1243
1093 1245
1094 902
1094 966
1094 1030
1094 1158
1094 1222
1095 6
1095 70
1095 134
1095 198
1095 262
1095 326
1095 390
1095 454
1095 519
1095 582
1095 647
1095 710
1095 775
1095 838
1095 902
1095 903
1095 966
1095 967
1095 1030
1095 1031
1095 1158
1095 1159
1095 1222
1095 1223
1096 904
1096 968
1096 1032
1096 1124
1096 1160
1096 1224
1097 5
1097 9
1097 75
1097 76
1097 77
1097 81
1097 93
1097 139
1097 141
1097 145
1097 157
1097 194
1097 204
1097 209
1097 221
1097 258
1097 265
1097 267
1097 268
1097 269
1097 273
1097 285
1097 325
1097 329
1097 331
1097 332
1097 333
1097 335
1097 387
1097 393
1097 395
1097 397
1097 399
1097 401
1097 451
1097 453
1097 457
1097 459
1097 461
1097 463
1097 465
1097 515
1097 517
1097 521
1097 523
1097 525
1097 527
1097 529
1097 578
1097 579
1097 585
1097 587
1097 588
1097 589
1097 593
1097 605
1097 620
1097 645
1097 649
1097 651
1097 653
1097 655
1097 706
1097 707
1097 713
1097 715
1097 716
1097 717
1097 721
1097 733
1097 773
1097 777
1097 779
1097 780
1097 781
1097 785
1097 834
1097 835
1097 841
1097 843
1097 844
1097 845
1097 849
1097 861
1097 876
1097 901
1097 905
1097 911
1097 961
1097 962
1097 963
1097 969
1097 971
1097 972
1097 973
1097 977
1097 987
1097 989
1097 1004
1097 1026
1097 1027
1097 1029
1097 1033
1097 1035
1097 1037
1097 1041
1097 1053
1097 1091
1097 1093
1097 1099
1097 1100
1097 1101
1097 1105
1097 1132
1097 1153
1097 1155
1097 1161
1097 1163
1097 1165
1097 1169
1097 1179
1097 1181
1097 1196
1097 1217
1097 1219
1097 1221
1097 1225
1097 1227
1097 1229
1097 1233
1097 1243
1097 1245
1098 906
1098 970
1098 1034
1098 1162
1098 1226
1099 13
1099 93
1099 141
1099 145
1099 157
1099 194
1099 195
1099 221
1099 258
1099 268
1099 269
1099 273
1099 285
1099 329
1099 331
1099 332
1099 333
1099 335
1099 387
1099 393
1099 395
1099 396
1099 397
1099 401
1099 413
1099 451
1099 457
1099 459
1099 460
1099 461
1099 465
1099 477
1099 515
1099 521
1099 523
1099 525
1099 529
1099 541
1099 578
1099 579
1099 585
1099 588
1099 589
1099 593
1099 605
1099 620
1099 642
1099 643
1099 649
1099 651
1099 653
1099 706
1099 707
1099 715
1099 716
1099 717
1099 721
1099 733
1099 777
1099 779
1099 780
1099 781
1099 785
1099 797
1099 834
1099 835
1099 841
1099 842
1099 843
1099 844
1099 845
1099 846
1099 849
1099 861
1099 876
1099 901
1099 905
1099 907
1099 961
1099 962
1099 963
1099 969
1099 971
1099 972
1099 973
1099 987
1099 989
1099 992
1099 1004
1099 1026
1099 1027
1099 1035
1099 1037
1099 1041
1099 1053
1099 1089
1099 1091
1099 1097
1099 1100
1099 1101
1099 1105
1099 1132
1099 1153
1099 1155
1099 1161
1099 1163
1099 1164
1099 1165
1099 1169
1099 1179
1099 1181
1099 1196
1099 1217
1099 1225
1099 1227
1099 1228
1099 1229
1099 1233
1099 1243
1099 1245
1099 1260
1100 13
1100 17
1100 93
1100 140
1100 195
1100 258
1100 268
1100 269
1100 273
1100 285
1100 329
1100 331
1100 332
1100 333
1100 387
1100 396
1100 397
1100 401
1100 413
1100 450
1100 451
1100 457
1100 459
1100 460
1100 461
1100 465
1100 477
1100 515
1100 525
1100 529
1100 541
1100 578
1100 579
1100 588
1100 593
1100 605
1100 620
1100 642
1100 643
1100 649
1100 653
1100 657
1100 706
1100 707
1100 716
1100 718
1100 777
1100 779
1100 780
1100 785
1100 797
1100 834
1100 835
1100 842
1100 844
1100 846
1100 849
1100 861
1100 876
1100 901
1100 905
1100 907
1100 908
1100 961
1100 962
1100 972
1100 973
1100 987
1100 989
1100 992
1100 1004
1100 1026
1100 1027
1100 1035
1100 1036
1100 1037
1100 1053
1100 1089
1100 1091
1100 1097
1100 1099
1100 1101
1100 1105
1100 1132
1100 1153
1100 1163
1100 1164
1100 1165
1100 1169
1100 1179
1100 1181
1100 1190
1100 1196
1100 1218
1100 1228
1100 1233
1100 1243
1100 1245
1100 1260
1101 13
1101 17
1101 93
1101 140
1101 195
1101 258
1101 268
1101 269
1101 273
1101 285
1101 329
1101 331
1101 332
1101 333
1101 387
1101 396
1101 397
1101 401
1101 413
1101 450
1101 451
1101 457
1101 459
1101 460
1101 461
1101 465
1101 477
1101 515
1101 523
1101 525
1101 529
1101 541
1101 578
1101 579
1101 588
1101 593
1101 605
1101 620
1101 642
1101 643
1101 649
1101 651
1101 653
1101 657
1101 706
1101 707
1101 716
1101 717
1101 718
1101 721
1101 733
1101 777
1101 779
1101 780
1101 785
1101 797
1101 834
1101 835
1101 842
1101 844
1101 846
1101 849
1101 861
1101 876
1101 901
1101 905
1101 907
1101 909
1101 961
1101 962
1101 969
1101 972
1101 973
1101 987
1101 989
1101 992
1101 1004
1101 1026
1101 1027
1101 1035
1101 1037
1101 1053
1101 1089
1101 1091
1101 1097
1101 1099
1101 1100
1101 1105
1101 1132
1101 1153
1101 1163
1101 1164
1101 1165
1101 1169
1101 1179
1101 1181
1101 1190
1101 1196
1101 1217
1101 1225
1101 1227
1101 1228
1101 1229
1101 1233
1101 1243
1101 1245
1101 1260
1102 910
1102 974
1102 1038
1102 1166
1102 1230
1103 79
1103 133
1103 137
1103 143
1103 197
1103 201
1103 207
1103 261
1103 265
1103 267
1103 268
1103 269
1103 271
1103 325
1103 329
1103 335
1103 389
1103 393
1103 395
1103 399
1103 453
1103 457
1103 463
1103 517
1103 521
1103 523
1103 527
1103 581
1103 585
1103 587
1103 589
1103 591
1103 620
1103 645
1103 649
1103 651
1103 655
1103 709
1103 713
1103 715
1103 717
1103 719
1103 721
1103 733
1103 773
1103 777
1103 779
1103 781
1103 783
1103 837
1103 841
1103 843
1103 845
1103 847
1103 849
1103 901
1103 911
1103 962
1103 963
1103 965
1103 969
1103 971
1103 972
1103 973
1103 975
1103 977
1103 989
1103 1029
1103 1033
1103 1039
1103 1041
1103 1093
1103 1155
1103 1157
1103 1161
1103 1167
1103 1217
1103 1219
1103 1221
1103 1225
1103 1227
1103 1229
1103 1231
1103 1245
1104 912
1104 976
1104 1040
1104 1168
1104 1232
1105 13
1105 17
1105 140
1105 258
1105 285
1105 331
1105 332
1105 333
1105 387
1105 396
1105 401
1105 413
1105 450
1105 451
1105 459
1105 460
1105 461
1105 465
1105 477
1105 515
1105 525
1105 529
1105 541
1105 578
1105 579
1105 588
1105 593
1105 605
1105 642
1105 643
1105 653
1105 657
1105 684
1105 706
1105 716
1105 718
1105 780
1105 785
1105 797
1105 834
1105 842
1105 844
1105 846
1105 861
1105 876
1105 905
1105 907
1105 913
1105 961
1105 977
1105 987
1105 992
1105 1004
1105 1026
1105 1027
1105 1035
1105 1037
1105 1041
1105 1053
1105 1089
1105 1091
1105 1097
1105 1099
1105 1100
1105 1101
1105 1132
1105 1163
1105 1164
1105 1169
1105 1179
1105 1181
1105 1190
1105 1196
1105 1218
1105 1228
1105 1233
1105 1260
1106 65
1106 513
1106 914
1106 978
1106 988
1106 1042
1106 1170
1106 1234
1107 226
1107 339
1107 443
1107 915
1107 979
1107 1043
1107 1171
1107 1235
1108 633
1108 788
1108 823
1108 916
1108 980
1108 1044
1108 1172
1108 1236
1109 245
1109 917
1109 981
1109 1006
1109 1045
1109 1173
1109 1237
1110 476
1110 918
1110 982
1110 1046
1110 1174
1110 1238
1111 26
1111 495
1111 919
1111 983
1111 1047
1111 1175
1111 1239
1112 248
1112 920
1112 984
1112 1048
1112 1134
1112 1176
1112 1208
1112 1240
1113 566
1113 921
1113 926
1113 985
1113 1049
1113 1177
1113 1241
1114 244
1114 888
1114 922
1114 986
1114 1050
1114 1086
1114 1178
1114 1201
1114 1239
1114 1242
1115 923
1115 987
1115 1051
1115 1179
1115 1243
1116 912
1116 924
1116 988
1116 1052
1116 1180
1116 1244
1117 925
1117 989
1117 1053
1117 1181
1117 1245
1118 865
1118 926
1118 990
1118 1054
1118 1182
1118 1246
1119 536
1119 927
1119 991
1119 1055
1119 1183
1119 1247
1120 283
1120 928
1120 992
1120 1056
1120 1058
1120 1184
1120 1248
1121 481
1121 929
1121 976
1121 993
1121 1057
1121 1185
1121 1249
1122 296
1122 930
1122 994
1122 1058
1122 1186
1122 1250
1123 42
1123 761
1123 874
1123 931
1123 995
1123 1018
1123 1059
1123 1187
1123 1251
1124 932
1124 996
1124 1060
1124 1096
1124 1188
1124 1252
1125 302
1125 933
1125 997
1125 1061
1125 1189
1125 1253
1126 934
1126 998
1126 1062
1126 1190
1126 1254
1127 281
1127 502
1127 528
1127 935
1127 999
1127 1063
1127 1191
1127 1255
1128 936
1128 1000
1128 1064
1128 1192
1128 1256
1129 727
1129 753
1129 937
1129 1001
1129 1065
1129 1193
1129 1257
1130 938
1130 1002
1130 1066
1130 1194
1130 1258
1131 184
1131 831
1131 939
1131 1003
1131 1067
1131 1195
1131 1259
1132 13
1132 17
1132 140
1132 195
1132 258
1132 268
1132 273
1132 285
1132 331
1132 332
1132 333
1132 387
1132 396
1132 397
1132 401
1132 413
1132 450
1132 451
1132 459
1132 460
1132 461
1132 465
1132 477
1132 515
1132 525
1132 529
1132 541
1132 578
1132 579
1132 588
1132 593
1132 605
1132 642
1132 643
1132 653
1132 657
1132 684
1132 706
1132 707
1132 716
1132 718
1132 777
1132 780
1132 785
1132 797
1132 834
1132 835
1132 842
1132 844
1132 846
1132 861
1132 876
1132 905
1132 907
1132 940
1132 961
1132 962
1132 987
1132 992
1132 1004
1132 1026
1132 1027
1132 1035
1132 1037
1132 1053
1132 1068
1132 1089
1132 1091
1132 1097
1132 1099
1132 1100
1132 1101
1132 1105
1132 1153
1132 1163
1132 1164
1132 1165
1132 1169
1132 1179
1132 1181
1132 1190
1132 1196
1132 1218
1132 1228
1132 1233
1132 1243
1132 1260
1133 941
1133 1005
1133 1069
1133 1177
1133 1197
1133 1261
1133 1270
1134 248
1134 942
1134 1006
1134 1070
1134 1112
1134 1198
1134 1208
1134 1262
1135 98
1135 489
1135 871
1135 943
1135 1007
1135 1071
1135 1199
1135 1263
1136 944
1136 1008
1136 1072
1136 1200
1136 1264
1137 105
1137 629
1137 945
1137 1009
1137 1073
1137 1201
1137 1265
1138 681
1138 946
1138 1010
1138 1074
1138 1202
1138 1266
1139 947
1139 1011
1139 1075
1139 1203
1139 1267
1140 89
1140 159
1140 741
1140 938
1140 948
1140 1012
1140 1076
1140 1204
1140 1268
1141 949
1141 1013
1141 1077
1141 1205
1141 1269
1142 392
1142 950
1142 993
1142 1014
1142 1078
1142 1206
1142 1270
1143 351
1143 474
1143 951
1143 1015
1143 1079
1143 1207
1143 1271
1144 952
1144 1016
1144 1080
1144 1208
1144 1272
1145 953
1145 1017
1145 1081
1145 1209
1145 1273
1146 954
1146 1018
1146 1082
1146 1210
1146 1274
1147 167
1147 955
1147 1019
1147 1083
1147 1211
1147 1275
1148 55
1148 177
1148 494
1148 956
1148 1020
1148 1059
1148 1084
1148 1212
1148 1276
1149 957
1149 1002
1149 1021
1149 1085
1149 1213
1149 1277
1150 958
1150 1020
1150 1022
1150 1086
1150 1214
1150 1278
1151 126
1151 127
1151 959
1151 1023
1151 1087
1151 1198
1151 1215
1151 1279
1152 960
1152 1024
1152 1088
1152 1216
1153 5
1153 9
1153 73
1153 75
1153 76
1153 77
1153 81
1153 93
1153 139
1153 141
1153 145
1153 157
1153 194
1153 204
1153 209
1153 221
1153 268
1153 269
1153 273
1153 285
1153 325
1153 329
1153 331
1153 332
1153 333
1153 335
1153 387
1153 389
1153 393
1153 395
1153 397
1153 399
1153 401
1153 451
1153 453
1153 457
1153 459
1153 461
1153 463
1153 465
1153 515
1153 517
1153 521
1153 523
1153 525
1153 527
1153 529
1153 578
1153 579
1153 585
1153 587
1153 588
1153 589
1153 593
1153 605
1153 620
1153 645
1153 649
1153 651
1153 653
1153 655
1153 706
1153 707
1153 713
1153 715
1153 716
1153 717
1153 721
1153 733
1153 773
1153 777
1153 779
1153 780
1153 781
1153 785
1153 834
1153 835
1153 841
1153 843
1153 844
1153 845
1153 849
1153 861
1153 876
1153 901
1153 905
1153 911
1153 961
1153 962
1153 963
1153 969
1153 971
1153 972
1153 973
1153 977
1153 987
1153 989
1153 1004
1153 1025
1153 1026
1153 1027
1153 1029
1153 1033
1153 1035
1153 1037
1153 1041
1153 1053
1153 1089
1153 1091
1153 1093
1153 1097
1153 1099
1153 1100
1153 1101
1153 1132
1153 1155
1153 1157
1153 1161
1153 1163
1153 1165
1153 1169
1153 1179
1153 1181
1153 1196
1153 1217
1153 1219
1153 1221
1153 1225
1153 1227
1153 1229
1153 1233
1153 1243
1153 1245
1154 11
1154 130
1154 131
1154 396
1154 413
1154 450
1154 460
1154 477
1154 524
1154 541
1154 642
1154 643
1154 657
1154 684
1154 718
1154 771
1154 842
1154 846
1154 907
1154 962
1154 992
1154 1026
1154 1051
1154 1090
1154 1164
1154 1190
1154 1218
1154 1228
1154 1260
1155 15
1155 69
1155 73
1155 77
1155 79
1155 133
1155 137
1155 201
1155 203
1155 204
1155 205
1155 209
1155 265
1155 267
1155 269
1155 325
1155 329
1155 331
1155 332
1155 333
1155 335
1155 387
1155 389
1155 393
1155 395
1155 397
1155 399
1155 401
1155 451
1155 453
1155 457
1155 459
1155 461
1155 463
1155 465
1155 515
1155 517
1155 521
1155 523
1155 527
1155 529
1155 578
1155 581
1155 585
1155 587
1155 589
1155 591
1155 593
1155 605
1155 620
1155 645
1155 649
1155 651
1155 653
1155 655
1155 706
1155 707
1155 709
1155 713
1155 715
1155 717
1155 719
1155 721
1155 733
1155 773
1155 777
1155 779
1155 780
1155 781
1155 783
1155 835
1155 837
1155 841
1155 843
1155 845
1155 847
1155 849
1155 861
1155 876
1155 901
1155 905
1155 911
1155 962
1155 963
1155 965
1155 969
1155 971
1155 972
1155 973
1155 975
1155 977
1155 989
1155 1027
1155 1029
1155 1033
1155 1037
1155 1039
1155 1041
1155 1053
1155 1091
1155 1093
1155 1097
1155 1099
1155 1103
1155 1153
1155 1157
1155 1161
1155 1163
1155 1165
1155 1167
1155 1169
1155 1179
1155 1181
1155 1217
1155 1219
1155 1221
1155 1225
1155 1227
1155 1229
1155 1231
1155 1233
1155 1243
1155 1245
1156 964
1156 1028
1156 1092
1156 1182
1156 1220
1157 69
1157 79
1157 133
1157 137
1157 143
1157 197
1157 201
1157 203
1157 207
1157 261
1157 265
1157 267
1157 271
1157 325
1157 329
1157 335
1157 389
1157 393
1157 395
1157 397
1157 399
1157 453
1157 457
1157 463
1157 517
1157 521
1157 523
1157 527
1157 581
1157 585
1157 587
1157 589
1157 591
1157 620
1157 645
1157 649
1157 651
1157 655
1157 707
1157 709
1157 713
1157 715
1157 717
1157 719
1157 721
1157 733
1157 773
1157 777
1157 779
1157 781
1157 783
1157 835
1157 837
1157 841
1157 843
1157 845
1157 847
1157 849
1157 901
1157 911
1157 962
1157 963
1157 965
1157 969
1157 971
1157 972
1157 973
1157 975
1157 977
1157 989
1157 1029
1157 1033
1157 1039
1157 1041
1157 1093
1157 1103
1157 1153
1157 1155
1157 1161
1157 1165
1157 1167
1157 1169
1157 1217
1157 1219
1157 1221
1157 1225
1157 1227
1157 1229
1157 1231
1157 1233
1157 1243
1157 1245
1158 6
1158 70
1158 134
1158 198
1158 262
1158 326
1158 390
1158 454
1158 519
1158 582
1158 647
1158 710
1158 775
1158 838
1158 902
1158 966
1158 1030
1158 1094
1158 1095
1158 1222
1159 967
1159 1031
1159 1095
1159 1223
1160 758
1160 873
1160 968
1160 1032
1160 1096
1160 1173
1160 1224
1161 5
1161 9
1161 15
1161 69
1161 73
1161 75
1161 77
1161 137
1161 139
1161 203
1161 204
1161 205
1161 209
1161 265
1161 267
1161 268
1161 269
1161 325
1161 329
1161 331
1161 332
1161 333
1161 335
1161 387
1161 389
1161 393
1161 395
1161 397
1161 399
1161 401
1161 451
1161 453
1161 457
1161 459
1161 461
1161 463
1161 465
1161 515
1161 517
1161 521
1161 523
1161 527
1161 529
1161 578
1161 581
1161 585
1161 587
1161 589
1161 591
1161 593
1161 605
1161 620
1161 645
1161 649
1161 651
1161 653
1161 655
1161 706
1161 707
1161 709
1161 713
1161 715
1161 717
1161 719
1161 721
1161 733
1161 773
1161 777
1161 779
1161 780
1161 781
1161 783
1161 785
1161 835
1161 837
1161 841
1161 843
1161 844
1161 845
1161 847
1161 849
1161 861
1161 876
1161 901
1161 905
1161 911
1161 962
1161 963
1161 965
1161 969
1161 971
1161 972
1161 973
1161 975
1161 977
1161 989
1161 1027
1161 1029
1161 1033
1161 1035
1161 1037
1161 1039
1161 1041
1161 1053
1161 1091
1161 1093
1161 1097
1161 1099
1161 1103
1161 1153
1161 1155
1161 1157
1161 1163
1161 1165
1161 1167
1161 1169
1161 1179
1161 1181
1161 1217
1161 1219
1161 1221
1161 1225
1161 1227
1161 1229
1161 1231
1161 1233
1161 1243
1161 1245
1162 138
1162 970
1162 1034
1162 1098
1162 1226
1163 5
1163 9
1163 75
1163 76
1163 81
1163 93
1163 139
1163 141
1163 145
1163 157
1163 194
1163 209
1163 221
1163 268
1163 269
1163 273
1163 285
1163 325
1163 329
1163 331
1163 332
1163 333
1163 335
1163 387
1163 393
1163 395
1163 397
1163 401
1163 413
1163 451
1163 453
1163 457
1163 459
1163 461
1163 463
1163 465
1163 515
1163 517
1163 521
1163 523
1163 525
1163 527
1163 529
1163 578
1163 579
1163 585
1163 587
1163 588
1163 589
1163 593
1163 605
1163 620
1163 645
1163 649
1163 651
1163 653
1163 655
1163 706
1163 707
1163 713
1163 715
1163 716
1163 717
1163 721
1163 733
1163 777
1163 779
1163 780
1163 781
1163 785
1163 797
1163 834
1163 835
1163 841
1163 843
1163 844
1163 845
1163 846
1163 849
1163 861
1163 876
1163 901
1163 905
1163 911
1163 961
1163 962
1163 963
1163 969
1163 971
1163 972
1163 973
1163 977
1163 987
1163 989
1163 1004
1163 1026
1163 1027
1163 1033
1163 1035
1163 1037
1163 1041
1163 1053
1163 1089
1163 1091
1163 1093
1163 1097
1163 1099
1163 1100
1163 1101
1163 1105
1163 1132
1163 1153
1163 1155
1163 1161
1163 1165
1163 1169
1163 1179
1163 1181
1163 1196
1163 1217
1163 1219
1163 1225
1163 1227
1163 1228
1163 1229
1163 1233
1163 1243
1163 1245
1163 1260
1164 140
1164 258
1164 331
1164 332
1164 333
1164 387
1164 396
1164 401
1164 413
1164 450
1164 459
1164 460
1164 465
1164 477
1164 515
1164 524
1164 525
1164 529
1164 541
1164 578
1164 579
1164 588
1164 593
1164 605
1164 642
1164 643
1164 657
1164 684
1164 706
1164 716
1164 718
1164 780
1164 785
1164 797
1164 834
1164 842
1164 844
1164 846
1164 861
1164 876
1164 907
1164 961
1164 972
1164 987
1164 992
1164 1004
1164 1026
1164 1035
1164 1036
1164 1037
1164 1051
1164 1053
1164 1089
1164 1099
1164 1100
1164 1101
1164 1105
1164 1132
1164 1154
1164 1181
1164 1190
1164 1196
1164 1218
1164 1228
1164 1260
1165 5
1165 9
1165 15
1165 73
1165 75
1165 76
1165 77
1165 81
1165 139
1165 141
1165 145
1165 157
1165 194
1165 204
1165 209
1165 221
1165 268
1165 269
1165 273
1165 285
1165 325
1165 329
1165 331
1165 332
1165 333
1165 335
1165 387
1165 389
1165 393
1165 395
1165 397
1165 399
1165 401
1165 451
1165 453
1165 457
1165 459
1165 461
1165 463
1165 465
1165 515
1165 517
1165 521
1165 523
1165 525
1165 527
1165 529
1165 578
1165 579
1165 585
1165 587
1165 588
1165 589
1165 593
1165 605
1165 620
1165 645
1165 649
1165 651
1165 653
1165 655
1165 706
1165 707
1165 713
1165 715
1165 716
1165 717
1165 721
1165 733
1165 773
1165 777
1165 779
1165 780
1165 781
1165 783
1165 785
1165 834
1165 835
1165 841
1165 843
1165 844
1165 845
1165 849
1165 861
1165 876
1165 901
1165 905
1165 911
1165 961
1165 962
1165 963
1165 969
1165 971
1165 972
1165 973
1165 977
1165 987
1165 989
1165 1004
1165 1026
1165 1027
1165 1029
1165 1033
1165 1035
1165 1037
1165 1041
1165 1053
1165 1091
1165 1093
1165 1097
1165 1099
1165 1100
1165 1101
1165 1132
1165 1153
1165 1155
1165 1157
1165 1161
1165 1163
1165 1169
1165 1179
1165 1181
1165 1196
1165 1217
1165 1219
1165 1221
1165 1225
1165 1227
1165 1229
1165 1233
1165 1243
1165 1245
1166 214
1166 310
1166 391
1166 974
1166 1038
1166 1102
1166 1230
1167 143
1167 197
1167 207
1167 271
1167 325
1167 335
1167 389
1167 393
1167 399
1167 453
1167 463
1167 517
1167 521
1167 527
1167 581
1167 585
1167 587
1167 589
1167 591
1167 645
1167 655
1167 709
1167 713
1167 719
1167 773
1167 781
1167 783
1167 837
1167 841
1167 843
1167 845
1167 847
1167 911
1167 963
1167 965
1167 971
1167 975
1167 977
1167 1029
1167 1033
1167 1039
1167 1041
1167 1093
1167 1103
1167 1155
1167 1157
1167 1161
1167 1219
1167 1221
1167 1231
1168 324
1168 867
1168 976
1168 1040
1168 1104
1168 1232
1169 5
1169 9
1169 73
1169 75
1169 76
1169 77
1169 81
1169 93
1169 139
1169 141
1169 145
1169 157
1169 194
1169 204
1169 209
1169 221
1169 268
1169 269
1169 273
1169 285
1169 325
1169 329
1169 331
1169 332
1169 333
1169 335
1169 387
1169 389
1169 393
1169 395
1169 397
1169 399
1169 401
1169 451
1169 453
1169 457
1169 459
1169 461
1169 463
1169 465
1169 515
1169 517
1169 521
1169 523
1169 525
1169 527
1169 529
1169 578
1169 579
1169 585
1169 587
1169 588
1169 589
1169 593
1169 605
1169 620
1169 645
1169 649
1169 651
1169 653
1169 655
1169 706
1169 707
1169 713
1169 715
1169 716
1169 717
1169 721
1169 733
1169 773
1169 777
1169 779
1169 780
1169 781
1169 785
1169 834
1169 835
1169 841
1169 843
1169 844
1169 845
1169 849
1169 861
1169 876
1169 901
1169 905
1169 911
1169 961
1169 962
1169 963
1169 969
1169 971
1169 972
1169 973
1169 977
1169 987
1169 989
1169 1004
1169 1026
1169 1027
1169 1029
1169 1033
1169 1035
1169 1037
1169 1041
1169 1053
1169 1091
1169 1093
1169 1097
1169 1099
1169 1100
1169 1101
1169 1105
1169 1132
1169 1153
1169 1155
1169 1157
1169 1161
1169 1163
1169 1165
1169 1179
1169 1181
1169 1196
1169 1217
1169 1219
1169 1221
1169 1225
1169 1227
1169 1229
1169 1233
1169 1243
1169 1245
1170 321
1170 542
1170 740
1170 978
1170 1042
1170 1106
1170 1234
1171 979
1171 1043
1171 1078
1171 1107
1171 1235
1172 980
1172 1044
1172 1108
1172 1236
1173 758
1173 873
1173 981
1173 1045
1173 1109
1173 1160
1173 1237
1174 982
1174 1046
1174 1110
1174 1238
1175 983
1175 1040
1175 1047
1175 1111
1175 1239
1176 751
1176 984
1176 1048
1176 1112
1176 1240
1177 985
1177 1049
1177 1113
1177 1133
1177 1241
1177 1270
1178 116
1178 125
1178 407
1178 986
1178 1050
1178 1114
1178 1242
1179 5
1179 9
1179 75
1179 76
1179 77
1179 81
1179 93
1179 139
1179 141
1179 145
1179 157
1179 194
1179 204
1179 209
1179 221
1179 268
1179 269
1179 273
1179 285
1179 325
1179 329
1179 331
1179 332
1179 333
1179 335
1179 387
1179 393
1179 395
1179 397
1179 401
1179 451
1179 453
1179 457
1179 459
1179 461
1179 463
1179 465
1179 515
1179 517
1179 521
1179 523
1179 525
1179 527
1179 529
1179 578
1179 579
1179 585
1179 587
1179 588
1179 589
1179 593
1179 605
1179 620
1179 645
1179 649
1179 651
1179 653
1179 655
1179 706
1179 707
1179 713
1179 715
1179 716
1179 717
1179 721
1179 733
1179 777
1179 779
1179 780
1179 781
1179 785
1179 797
1179 834
1179 835
1179 841
1179 843
1179 844
1179 845
1179 849
1179 861
1179 876
1179 901
1179 905
1179 911
1179 961
1179 962
1179 963
1179 969
1179 971
1179 972
1179 973
1179 977
1179 987
1179 989
1179 1004
1179 1026
1179 1027
1179 1029
1179 1033
1179 1035
1179 1037
1179 1041
1179 1051
1179 1053
1179 1089
1179 1091
1179 1093
1179 1097
1179 1099
1179 1100
1179 1101
1179 1105
1179 1115
1179 1132
1179 1153
1179 1155
1179 1161
1179 1163
1179 1165
1179 1169
1179 1181
1179 1196
1179 1217
1179 1219
1179 1221
1179 1225
1179 1227
1179 1229
1179 1233
1179 1243
1179 1245
1180 160
1180 988
1180 1052
1180 1116
1180 1244
1181 9
1181 75
1181 76
1181 81
1181 93
1181 139
1181 141
1181 145
1181 157
1181 194
1181 221
1181 268
1181 273
1181 285
1181 325
1181 329
1181 331
1181 332
1181 333
1181 335
1181 387
1181 393
1181 395
1181 397
1181 401
1181 413
1181 451
1181 457
1181 459
1181 461
1181 463
1181 465
1181 515
1181 517
1181 521
1181 523
1181 525
1181 527
1181 529
1181 578
1181 579
1181 585
1181 587
1181 588
1181 589
1181 593
1181 605
1181 620
1181 649
1181 651
1181 653
1181 706
1181 707
1181 713
1181 715
1181 716
1181 717
1181 721
1181 733
1181 777
1181 779
1181 780
1181 781
1181 785
1181 797
1181 834
1181 835
1181 841
1181 843
1181 844
1181 845
1181 846
1181 849
1181 861
1181 876
1181 901
1181 905
1181 911
1181 961
1181 962
1181 963
1181 969
1181 971
1181 972
1181 973
1181 977
1181 987
1181 989
1181 992
1181 1004
1181 1026
1181 1027
1181 1033
1181 1035
1181 1037
1181 1041
1181 1053
1181 1089
1181 1091
1181 1093
1181 1097
1181 1099
1181 1100
1181 1101
1181 1105
1181 1117
1181 1132
1181 1153
1181 1155
1181 1161
1181 1163
1181 1164
1181 1165
1181 1169
1181 1179
1181 1196
1181 1217
1181 1219
1181 1225
1181 1227
1181 1228
1181 1229
1181 1233
1181 1243
1181 1245
1181 1260
1182 990
1182 1054
1182 1118
1182 1156
1182 1246
1183 991
1183 1055
1183 1119
1183 1247
1184 146
1184 992
1184 1056
1184 1120
1184 1248
1185 993
1185 1057
1185 1121
1185 1249
1186 994
1186 1058
1186 1122
1186 1250
1187 995
1187 1059
1187 1123
1187 1251
1188 996
1188 1060
1188 1124
1188 1252
1188 1253
1189 997
1189 1061
1189 1125
1189 1197
1189 1253
1190 29
1190 66
1190 130
1190 396
1190 413
1190 450
1190 460
1190 477
1190 515
1190 524
1190 525
1190 541
1190 579
1190 588
1190 642
1190 643
1190 657
1190 684
1190 716
1190 718
1190 785
1190 797
1190 834
1190 842
1190 844
1190 846
1190 907
1190 961
1190 987
1190 992
1190 998
1190 1004
1190 1026
1190 1035
1190 1051
1190 1062
1190 1089
1190 1100
1190 1101
1190 1105
1190 1126
1190 1132
1190 1154
1190 1164
1190 1196
1190 1218
1190 1228
1190 1254
1190 1260
1191 641
1191 999
1191 1063
1191 1127
1191 1255
1192 547
1192 1000
1192 1064
1192 1128
1192 1256
1193 789
1193 1001
1193 1065
1193 1129
1193 1257
1194 473
1194 855
1194 1002
1194 1066
1194 1130
1194 1258
1195 1003
1195 1067
1195 1131
1195 1259
1196 13
1196 17
1196 140
1196 195
1196 258
1196 331
1196 332
1196 333
1196 387
1196 396
1196 397
1196 401
1196 413
1196 450
1196 451
1196 459
1196 460
1196 461
1196 465
1196 477
1196 515
1196 525
1196 529
1196 541
1196 578
1196 579
1196 588
1196 593
1196 605
1196 642
1196 643
1196 653
1196 657
1196 684
1196 706
1196 707
1196 716
1196 718
1196 780
1196 785
1196 797
1196 834
1196 835
1196 842
1196 844
1196 846
1196 861
1196 876
1196 905
1196 907
1196 961
1196 962
1196 987
1196 992
1196 1004
1196 1026
1196 1027
1196 1035
1196 1037
1196 1053
1196 1068
1196 1089
1196 1091
1196 1097
1196 1099
1196 1100
1196 1101
1196 1105
1196 1132
1196 1153
1196 1163
1196 1164
1196 1165
1196 1169
1196 1179
1196 1181
1196 1190
1196 1218
1196 1228
1196 1233
1196 1243
1196 1260
1197 1005
1197 1069
1197 1133
1197 1189
1197 1261
1198 126
1198 127
1198 1006
1198 1070
1198 1134
1198 1151
1198 1262
1199 50
1199 611
1199 1007
1199 1017
1199 1071
1199 1135
1199 1263
1200 656
1200 1008
1200 1072
1200 1136
1200 1264
1201 244
1201 888
1201 1009
1201 1073
1201 1086
1201 1114
1201 1137
1201 1239
1201 1265
1202 615
1202 1010
1202 1074
1202 1138
1202 1266
1203 658
1203 1011
1203 1075
1203 1139
1203 1267
1204 1012
1204 1057
1204 1076
1204 1140
1204 1268
1205 448
1205 464
1205 1013
1205 1077
1205 1141
1205 1266
1205 1269
1206 1014
1206 1078
1206 1142
1206 1270
1207 119
1207 1015
1207 1079
1207 1143
1207 1271
1208 248
1208 1016
1208 1080
1208 1112
1208 1134
1208 1144
1208 1272
1209 559
1209 852
1209 1017
1209 1081
1209 1145
1209 1273
1210 152
1210 440
1210 560
1210 569
1210 1018
1210 1082
1210 1146
1210 1274
1210 1279
1211 1019
1211 1083
1211 1147
1211 1275
1212 355
1212 638
1212 698
1212 1020
1212 1084
1212 1148
1212 1276
1213 693
1213 1021
1213 1085
1213 1149
1213 1277
1214 1022
1214 1086
1214 1150
1214 1278
1215 190
1215 491
1215 508
1215 1023
1215 1087
1215 1151
1215 1279
1216 166
1216 790
1216 979
1216 1024
1216 1088
1216 1152
1217 5
1217 9
1217 15
1217 69
1217 73
1217 75
1217 76
1217 77
1217 81
1217 139
1217 145
1217 194
1217 203
1217 204
1217 205
1217 209
1217 221
1217 265
1217 267
1217 268
1217 269
1217 273
1217 325
1217 329
1217 335
1217 387
1217 389
1217 393
1217 395
1217 397
1217 399
1217 401
1217 451
1217 453
1217 457
1217 459
1217 461
1217 463
1217 465
1217 515
1217 517
1217 521
1217 523
1217 525
1217 527
1217 529
1217 578
1217 581
1217 585
1217 587
1217 589
1217 591
1217 593
1217 605
1217 620
1217 645
1217 649
1217 651
1217 653
1217 655
1217 706
1217 707
1217 709
1217 713
1217 715
1217 717
1217 719
1217 721
1217 733
1217 773
1217 777
1217 779
1217 780
1217 781
1217 783
1217 785
1217 835
1217 837
1217 841
1217 843
1217 844
1217 845
1217 847
1217 849
1217 861
1217 876
1217 901
1217 905
1217 911
1217 962
1217 963
1217 965
1217 969
1217 971
1217 972
1217 973
1217 975
1217 977
1217 989
1217 1025
1217 1027
1217 1029
1217 1033
1217 1035
1217 1037
1217 1039
1217 1041
1217 1053
1217 1089
1217 1091
1217 1093
1217 1097
1217 1099
1217 1101
1217 1103
1217 1153
1217 1155
1217 1157
1217 1161
1217 1163
1217 1165
1217 1169
1217 1179
1217 1181
1217 1219
1217 1221
1217 1225
1217 1227
1217 1229
1217 1231
1217 1233
1217 1243
1217 1245
1218 11
1218 29
1218 66
1218 130
1218 396
1218 413
1218 450
1218 460
1218 477
1218 524
1218 525
1218 541
1218 579
1218 588
1218 642
1218 643
1218 657
1218 684
1218 716
1218 718
1218 771
1218 797
1218 834
1218 842
1218 846
1218 907
1218 961
1218 987
1218 992
1218 1004
1218 1026
1218 1051
1218 1089
1218 1090
1218 1100
1218 1105
1218 1132
1218 1154
1218 1164
1218 1190
1218 1196
1218 1228
1218 1260
1219 15
1219 69
1219 73
1219 79
1219 133
1219 137
1219 143
1219 201
1219 203
1219 205
1219 261
1219 265
1219 267
1219 271
1219 325
1219 335
1219 389
1219 393
1219 395
1219 397
1219 399
1219 451
1219 453
1219 457
1219 459
1219 461
1219 463
1219 517
1219 521
1219 523
1219 527
1219 578
1219 581
1219 585
1219 587
1219 589
1219 591
1219 605
1219 620
1219 645
1219 649
1219 651
1219 653
1219 655
1219 706
1219 707
1219 709
1219 713
1219 715
1219 717
1219 719
1219 721
1219 733
1219 773
1219 777
1219 779
1219 780
1219 781
1219 783
1219 835
1219 837
1219 841
1219 843
1219 845
1219 847
1219 849
1219 861
1219 876
1219 901
1219 905
1219 911
1219 962
1219 963
1219 965
1219 969
1219 971
1219 972
1219 973
1219 975
1219 977
1219 989
1219 1027
1219 1029
1219 1033
1219 1037
1219 1039
1219 1041
1219 1053
1219 1091
1219 1093
1219 1097
1219 1103
1219 1153
1219 1155
1219 1157
1219 1161
1219 1163
1219 1165
1219 1167
1219 1169
1219 1179
1219 1181
1219 1217
1219 1221
1219 1225
1219 1227
1219 1229
1219 1231
1219 1233
1219 1243
1219 1245
1220 1028
1220 1060
1220 1092
1220 1156
1221 69
1221 79
1221 133
1221 137
1221 143
1221 197
1221 201
1221 203
1221 205
1221 207
1221 261
1221 265
1221 267
1221 271
1221 325
1221 335
1221 389
1221 393
1221 395
1221 397
1221 399
1221 451
1221 453
1221 457
1221 461
1221 463
1221 517
1221 521
1221 523
1221 527
1221 581
1221 585
1221 587
1221 589
1221 591
1221 620
1221 645
1221 649
1221 651
1221 655
1221 707
1221 709
1221 713
1221 715
1221 717
1221 719
1221 721
1221 733
1221 773
1221 777
1221 779
1221 781
1221 783
1221 835
1221 837
1221 841
1221 843
1221 845
1221 847
1221 849
1221 901
1221 905
1221 911
1221 962
1221 963
1221 965
1221 969
1221 971
1221 972
1221 973
1221 975
1221 977
1221 989
1221 1029
1221 1033
1221 1039
1221 1041
1221 1093
1221 1097
1221 1103
1221 1153
1221 1155
1221 1157
1221 1161
1221 1165
1221 1167
1221 1169
1221 1179
1221 1217
1221 1219
1221 1225
1221 1227
1221 1229
1221 1231
1221 1233
1221 1243
1221 1245
1222 6
1222 70
1222 134
1222 198
1222 262
1222 326
1222 390
1222 454
1222 519
1222 582
1222 647
1222 710
1222 775
1222 838
1222 902
1222 966
1222 1030
1222 1094
1222 1095
1222 1158
1223 1031
1223 1095
1223 1159
1224 301
1224 341
1224 1032
1224 1096
1224 1160
1225 5
1225 9
1225 15
1225 69
1225 73
1225 75
1225 76
1225 77
1225 81
1225 139
1225 194
1225 203
1225 204
1225 205
1225 209
1225 221
1225 265
1225 267
1225 268
1225 269
1225 273
1225 325
1225 329
1225 335
1225 387
1225 389
1225 393
1225 395
1225 397
1225 399
1225 401
1225 451
1225 453
1225 457
1225 459
1225 461
1225 463
1225 465
1225 515
1225 517
1225 521
1225 523
1225 527
1225 529
1225 578
1225 581
1225 585
1225 587
1225 589
1225 591
1225 593
1225 605
1225 620
1225 645
1225 649
1225 651
1225 653
1225 655
1225 706
1225 707
1225 709
1225 713
1225 715
1225 717
1225 719
1225 721
1225 733
1225 773
1225 777
1225 779
1225 780
1225 781
1225 783
1225 785
1225 835
1225 837
1225 841
1225 843
1225 844
1225 845
1225 847
1225 849
1225 861
1225 876
1225 901
1225 905
1225 911
1225 962
1225 963
1225 965
1225 969
1225 971
1225 972
1225 973
1225 975
1225 977
1225 989
1225 1027
1225 1029
1225 1033
1225 1035
1225 1037
1225 1039
1225 1041
1225 1053
1225 1091
1225 1093
1225 1097
1225 1099
1225 1101
1225 1103
1225 1153
1225 1155
1225 1157
1225 1161
1225 1163
1225 1165
1225 1169
1225 1179
1225 1181
1225 1217
1225 1219
1225 1221
1225 1227
1225 1229
1225 1231
1225 1233
1225 1243
1225 1245
1226 1034
1226 1098
1226 1162
1227 5
1227 9
1227 15
1227 69
1227 73
1227 75
1227 76
1227 77
1227 81
1227 139
1227 194
1227 203
1227 204
1227 205
1227 209
1227 221
1227 265
1227 267
1227 268
1227 269
1227 273
1227 325
1227 329
1227 335
1227 387
1227 389
1227 393
1227 395
1227 397
1227 399
1227 401
1227 451
1227 453
1227 457
1227 459
1227 461
1227 463
1227 465
1227 515
1227 517
1227 521
1227 523
1227 525
1227 527
1227 529
1227 578
1227 581
1227 585
1227 587
1227 589
1227 591
1227 593
1227 605
1227 620
1227 645
1227 649
1227 651
1227 653
1227 655
1227 706
1227 707
1227 709
1227 713
1227 715
1227 717
1227 719
1227 721
1227 733
1227 773
1227 777
1227 779
1227 780
1227 781
1227 783
1227 785
1227 835
1227 837
1227 841
1227 843
1227 844
1227 845
1227 847
1227 849
1227 861
1227 876
1227 901
1227 905
1227 911
1227 962
1227 963
1227 965
1227 969
1227 971
1227 972
1227 973
1227 975
1227 977
1227 989
1227 1027
1227 1029
1227 1033
1227 1035
1227 1037
1227 1039
1227 1041
1227 1053
1227 1091
1227 1093
1227 1097
1227 1099
1227 1101
1227 1103
1227 1153
1227 1155
1227 1157
1227 1161
1227 1163
1227 1165
1227 1169
1227 1179
1227 1181
1227 1217
1227 1219
1227 1221
1227 1225
1227 1229
1227 1231
1227 1233
1227 1243
1227 1245
1228 17
1228 140
1228 258
1228 387
1228 396
1228 401
1228 413
1228 450
1228 459
1228 460
1228 465
1228 477
1228 515
1228 524
1228 525
1228 529
1228 541
1228 578
1228 579
1228 588
1228 593
1228 605
1228 642
1228 643
1228 653
1228 657
1228 684
1228 706
1228 716
1228 718
1228 780
1228 785
1228 797
1228 834
1228 842
1228 844
1228 846
1228 861
1228 876
1228 907
1228 961
1228 987
1228 992
1228 1004
1228 1026
1228 1027
1228 1035
1228 1036
1228 1037
1228 1051
1228 1053
1228 1089
1228 1091
1228 1099
1228 1100
1228 1101
1228 1105
1228 1132
1228 1154
1228 1163
1228 1164
1228 1181
1228 1190
1228 1196
1228 1218
1228 1260
1229 5
1229 9
1229 15
1229 73
1229 75
1229 76
1229 77
1229 81
1229 139
1229 141
1229 145
1229 194
1229 203
1229 204
1229 205
1229 209
1229 221
1229 267
1229 268
1229 269
1229 273
1229 325
1229 329
1229 335
1229 387
1229 389
1229 393
1229 395
1229 397
1229 399
1229 401
1229 451
1229 453
1229 457
1229 459
1229 461
1229 463
1229 465
1229 515
1229 517
1229 521
1229 523
1229 525
1229 527
1229 529
1229 578
1229 581
1229 585
1229 587
1229 589
1229 591
1229 593
1229 605
1229 620
1229 645
1229 649
1229 651
1229 653
1229 655
1229 706
1229 707
1229 709
1229 713
1229 715
1229 717
1229 719
1229 721
1229 733
1229 773
1229 777
1229 779
1229 780
1229 781
1229 783
1229 785
1229 835
1229 837
1229 841
1229 843
1229 844
1229 845
1229 847
1229 849
1229 861
1229 876
1229 901
1229 905
1229 911
1229 962
1229 963
1229 965
1229 969
1229 971
1229 972
1229 973
1229 975
1229 977
1229 989
1229 1027
1229 1029
1229 1033
1229 1035
1229 1037
1229 1039
1229 1041
1229 1053
1229 1091
1229 1093
1229 1097
1229 1099
1229 1101
1229 1103
1229 1153
1229 1155
1229 1157
1229 1161
1229 1163
1229 1165
1229 1169
1229 1179
1229 1181
1229 1217
1229 1219
1229 1221
1229 1225
1229 1227
1229 1231
1229 1233
1229 1243
1229 1245
1230 1038
1230 1042
1230 1102
1230 1166
1231 79
1231 133
1231 143
1231 197
1231 201
1231 207
1231 261
1231 271
1231 389
1231 393
1231 395
1231 399
1231 453
1231 457
1231 463
1231 517
1231 521
1231 523
1231 527
1231 581
1231 585
1231 587
1231 589
1231 591
1231 645
1231 651
1231 655
1231 709
1231 713
1231 715
1231 717
1231 719
1231 721
1231 733
1231 773
1231 781
1231 783
1231 837
1231 841
1231 843
1231 845
1231 847
1231 849
1231 901
1231 911
1231 963
1231 965
1231 969
1231 971
1231 972
1231 975
1231 977
1231 989
1231 1029
1231 1033
1231 1039
1231 1041
1231 1093
1231 1103
1231 1155
1231 1157
1231 1161
1231 1167
1231 1217
1231 1219
1231 1221
1231 1225
1231 1227
1231 1229
1232 1040
1232 1104
1232 1168
1233 5
1233 9
1233 75
1233 76
1233 77
1233 81
1233 93
1233 139
1233 141
1233 145
1233 157
1233 194
1233 204
1233 209
1233 221
1233 268
1233 269
1233 273
1233 285
1233 329
1233 331
1233 332
1233 333
1233 387
1233 393
1233 395
1233 397
1233 399
1233 401
1233 451
1233 453
1233 457
1233 459
1233 461
1233 463
1233 465
1233 515
1233 517
1233 521
1233 523
1233 525
1233 527
1233 529
1233 578
1233 579
1233 585
1233 587
1233 588
1233 589
1233 593
1233 605
1233 620
1233 645
1233 649
1233 651
1233 653
1233 655
1233 706
1233 707
1233 713
1233 715
1233 716
1233 717
1233 721
1233 733
1233 773
1233 777
1233 779
1233 780
1233 781
1233 785
1233 834
1233 835
1233 841
1233 843
1233 844
1233 845
1233 849
1233 861
1233 876
1233 901
1233 905
1233 911
1233 961
1233 962
1233 963
1233 969
1233 971
1233 972
1233 973
1233 977
1233 987
1233 989
1233 1004
1233 1026
1233 1027
1233 1029
1233 1033
1233 1035
1233 1037
1233 1041
1233 1053
1233 1091
1233 1093
1233 1097
1233 1099
1233 1100
1233 1101
1233 1105
1233 1132
1233 1153
1233 1155
1233 1157
1233 1161
1233 1163
1233 1165
1233 1169
1233 1179
1233 1181
1233 1196
1233 1217
1233 1219
1233 1221
1233 1225
1233 1227
1233 1229
1233 1243
1233 1245
1234 414
1234 435
1234 978
1234 1042
1234 1106
1234 1170
1235 1019
1235 1043
1235 1107
1235 1171
1236 920
1236 1044
1236 1108
1236 1172
1237 86
1237 1045
1237 1109
1237 1173
1238 1046
1238 1110
1238 1174
1239 244
1239 888
1239 1047
1239 1086
1239 1111
1239 1114
1239 1175
1239 1201
1240 1048
1240 1112
1240 1176
1241 64
1241 772
1241 1049
1241 1092
1241 1113
1241 1177
1242 1050
1242 1114
1242 1178
1243 5
1243 9
1243 15
1243 73
1243 75
1243 76
1243 77
1243 81
1243 139
1243 141
1243 145
1243 157
1243 194
1243 204
1243 209
1243 221
1243 268
1243 269
1243 273
1243 285
1243 329
1243 331
1243 333
1243 387
1243 389
1243 393
1243 395
1243 397
1243 399
1243 401
1243 451
1243 453
1243 457
1243 459
1243 461
1243 463
1243 465
1243 515
1243 517
1243 521
1243 523
1243 525
1243 527
1243 529
1243 578
1243 579
1243 585
1243 587
1243 588
1243 589
1243 593
1243 605
1243 620
1243 645
1243 649
1243 651
1243 653
1243 655
1243 706
1243 707
1243 713
1243 715
1243 716
1243 717
1243 721
1243 733
1243 773
1243 777
1243 779
1243 780
1243 781
1243 783
1243 785
1243 834
1243 835
1243 841
1243 843
1243 844
1243 845
1243 849
1243 861
1243 876
1243 901
1243 905
1243 911
1243 961
1243 962
1243 963
1243 969
1243 971
1243 972
1243 973
1243 977
1243 987
1243 989
1243 1004
1243 1026
1243 1027
1243 1029
1243 1033
1243 1035
1243 1037
1243 1041
1243 1051
1243 1053
1243 1091
1243 1093
1243 1097
1243 1099
1243 1100
1243 1101
1243 1115
1243 1132
1243 1153
1243 1155
1243 1157
1243 1161
1243 1163
1243 1165
1243 1169
1243 1179
1243 1181
1243 1196
1243 1217
1243 1219
1243 1221
1243 1225
1243 1227
1243 1229
1243 1233
1243 1245
1244 1052
1244 1116
1244 1180
1245 5
1245 9
1245 15
1245 73
1245 75
1245 76
1245 77
1245 81
1245 139
1245 141
1245 145
1245 157
1245 194
1245 204
1245 209
1245 221
1245 268
1245 269
1245 273
1245 285
1245 329
1245 331
1245 387
1245 389
1245 393
1245 395
1245 397
1245 399
1245 401
1245 451
1245 453
1245 457
1245 459
1245 461
1245 463
1245 465
1245 515
1245 517
1245 521
1245 523
1245 525
1245 527
1245 529
1245 578
1245 581
1245 585
1245 587
1245 588
1245 589
1245 591
1245 593
1245 605
1245 620
1245 645
1245 649
1245 651
1245 653
1245 655
1245 706
1245 707
1245 713
1245 715
1245 717
1245 721
1245 733
1245 773
1245 777
1245 779
1245 780
1245 781
1245 783
1245 785
1245 834
1245 835
1245 837
1245 841
1245 843
1245 844
1245 845
1245 849
1245 861
1245 876
1245 901
1245 905
1245 911
1245 961
1245 962
1245 963
1245 965
1245 969
1245 971
1245 972
1245 973
1245 977
1245 987
1245 989
1245 1026
1245 1027
1245 1029
1245 1033
1245 1035
1245 1037
1245 1041
1245 1053
1245 1091
1245 1093
1245 1097
1245 1099
1245 1100
1245 1101
1245 1103
1245 1117
1245 1153
1245 1155
1245 1157
1245 1161
1245 1163
1245 1165
1245 1169
1245 1179
1245 1181
1245 1217
1245 1219
1245 1221
1245 1225
1245 1227
1245 1229
1245 1233
1245 1243
1246 652
1246 908
1246 1054
1246 1118
1246 1182
1247 208
1247 229
1247 930
1247 1055
1247 1119
1247 1183
1248 851
1248 1056
1248 1120
1248 1184
1249 1057
1249 1121
1249 1185
1250 1058
1250 1122
1250 1186
1251 483
1251 599
1251 889
1251 1059
1251 1123
1251 1187
1252 526
1252 1060
1252 1124
1252 1188
1253 1061
1253 1125
1253 1188
1253 1189
1254 1062
1254 1126
1254 1190
1255 1063
1255 1127
1255 1191
1256 227
1256 933
1256 1064
1256 1128
1256 1192
1257 40
1257 1065
1257 1129
1257 1193
1258 616
1258 1066
1258 1130
1258 1194
1259 240
1259 1067
1259 1131
1259 1195
1260 17
1260 140
1260 258
1260 387
1260 396
1260 401
1260 413
1260 450
1260 459
1260 460
1260 465
1260 477
1260 515
1260 524
1260 525
1260 529
1260 541
1260 578
1260 579
1260 588
1260 593
1260 605
1260 642
1260 643
1260 653
1260 657
1260 684
1260 706
1260 716
1260 718
1260 780
1260 785
1260 797
1260 834
1260 842
1260 844
1260 846
1260 861
1260 876
1260 907
1260 961
1260 987
1260 992
1260 1004
1260 1026
1260 1027
1260 1035
1260 1037
1260 1051
1260 1053
1260 1068
1260 1089
1260 1091
1260 1099
1260 1100
1260 1101
1260 1105
1260 1132
1260 1154
1260 1163
1260 1164
1260 1181
1260 1190
1260 1196
1260 1218
1260 1228
1261 147
1261 1069
1261 1133
1261 1197
1262 291
1262 1070
1262 1134
1262 1198
1263 21
1263 85
1263 117
1263 234
1263 1071
1263 1135
1263 1199
1264 752
1264 1072
1264 1136
1264 1200
1265 242
1265 345
1265 485
1265 900
1265 1063
1265 1073
1265 1137
1265 1201
1266 448
1266 464
1266 1074
1266 1138
1266 1202
1266 1205
1267 456
1267 1075
1267 1139
1267 1203
1268 123
1268 1076
1268 1140
1268 1204
1269 1077
1269 1141
1269 1205
1270 1078
1270 1133
1270 1142
1270 1177
1270 1206
1271 19
1271 1079
1271 1143
1271 1207
1272 551
1272 1066
1272 1080
1272 1144
1272 1208
1273 1081
1273 1145
1273 1209
1274 1072
1274 1082
1274 1146
1274 1210
1275 1083
1275 1147
1275 1211
1276 232
1276 675
1276 1016
1276 1084
1276 1148
1276 1212
1277 663
1277 1085
1277 1149
1277 1213
1278 1086
1278 1150
1278 1214
1279 152
1279 440
1279 560
1279 569
1279 1087
1279 1151
1279 1210
1279 1215
