0 64
0 128
0 192
0 467
0 958
1 65
1 129
1 193
1 702
1 833
2 66
2 130
2 194
2 1211
3 67
3 131
3 195
3 979
3 1090
4 68
4 132
4 196
4 970
5 15
5 69
5 133
5 197
5 261
5 325
5 389
5 453
5 517
5 581
5 645
5 709
5 773
5 837
5 901
5 965
5 1029
5 1093
5 1157
5 1221
6 7
6 14
6 36
6 70
6 71
6 78
6 100
6 134
6 135
6 142
6 164
6 198
6 199
6 206
6 228
6 262
6 263
6 270
6 292
6 326
6 327
6 334
6 356
6 390
6 391
6 398
6 420
6 454
6 455
6 462
6 484
6 518
6 519
6 526
6 548
6 564
6 582
6 583
6 590
6 612
6 628
6 646
6 647
6 654
6 676
6 710
6 711
6 717
6 718
6 740
6 774
6 775
6 782
6 804
6 838
6 839
6 846
6 868
6 902
6 903
6 966
6 1031
6 1060
6 1094
6 1095
6 1124
6 1158
6 1159
6 1166
6 1188
6 1204
6 1222
6 1230
6 1252
7 6
7 14
7 36
7 70
7 71
7 78
7 100
7 134
7 135
7 142
7 164
7 198
7 199
7 205
7 206
7 228
7 262
7 263
7 269
7 270
7 292
7 293
7 326
7 327
7 334
7 356
7 390
7 391
7 398
7 420
7 454
7 455
7 462
7 477
7 484
7 518
7 519
7 526
7 548
7 549
7 550
7 564
7 582
7 583
7 590
7 612
7 628
7 646
7 647
7 654
7 676
7 692
7 710
7 711
7 717
7 718
7 738
7 740
7 742
7 774
7 775
7 782
7 804
7 820
7 838
7 839
7 846
7 868
7 884
7 903
7 910
7 932
7 966
7 967
7 996
7 1030
7 1031
7 1038
7 1060
7 1094
7 1124
7 1140
7 1166
7 1188
7 1204
7 1252
7 1268
8 72
8 136
8 200
9 73
9 137
9 201
9 435
9 633
10 74
10 81
10 138
10 202
11 75
11 139
11 203
12 76
12 140
12 204
13 29
13 32
13 37
13 77
13 101
13 141
13 205
13 207
13 209
13 229
13 244
13 293
13 333
13 335
13 337
13 357
13 421
13 436
13 463
13 477
13 485
13 500
13 512
13 527
13 529
13 539
13 546
13 587
13 589
13 591
13 593
13 608
13 610
13 613
13 614
13 653
13 657
13 677
13 721
13 733
13 738
13 741
13 781
13 783
13 849
13 869
13 925
13 933
13 975
13 1061
13 1103
13 1152
13 1181
13 1216
13 1229
14 6
14 7
14 36
14 70
14 71
14 78
14 100
14 134
14 135
14 142
14 164
14 198
14 199
14 206
14 228
14 262
14 263
14 269
14 270
14 292
14 326
14 327
14 334
14 356
14 390
14 391
14 398
14 420
14 454
14 455
14 462
14 484
14 518
14 519
14 526
14 548
14 549
14 550
14 564
14 582
14 583
14 590
14 612
14 628
14 646
14 647
14 654
14 676
14 692
14 710
14 711
14 717
14 718
14 740
14 742
14 774
14 775
14 782
14 804
14 820
14 838
14 839
14 846
14 868
14 884
14 902
14 903
14 910
14 932
14 966
14 967
14 996
14 1030
14 1031
14 1038
14 1060
14 1094
14 1095
14 1124
14 1140
14 1158
14 1166
14 1188
14 1204
14 1222
14 1230
14 1252
14 1268
15 5
15 69
15 79
15 133
15 143
15 197
15 207
15 261
15 325
15 389
15 453
15 517
15 581
15 645
15 709
15 773
15 837
15 901
15 965
15 1029
15 1093
15 1157
15 1221
16 80
16 144
16 208
16 253
16 483
16 763
16 764
17 81
17 145
17 150
17 209
18 82
18 146
18 210
18 1207
19 83
19 147
19 156
19 211
19 220
19 321
20 84
20 106
20 148
20 212
21 85
21 149
21 213
21 1155
22 86
22 150
22 214
23 87
23 151
23 215
23 299
23 312
23 829
23 1144
24 88
24 152
24 216
24 354
24 1005
24 1007
24 1077
25 89
25 153
25 217
25 317
25 942
26 76
26 90
26 154
26 218
26 565
26 618
26 823
26 1123
27 91
27 155
27 219
27 221
28 92
28 156
28 220
28 481
28 643
28 894
28 943
28 1241
29 13
29 32
29 86
29 93
29 101
29 157
29 209
29 221
29 229
29 244
29 335
29 337
29 357
29 436
29 461
29 485
29 500
29 512
29 527
29 529
29 539
29 546
29 589
29 591
29 593
29 608
29 610
29 614
29 657
29 719
29 721
29 733
29 781
29 783
29 849
29 861
29 933
29 1061
30 56
30 94
30 158
30 169
30 222
30 637
30 1043
30 1242
31 95
31 159
31 223
31 260
32 13
32 29
32 37
32 96
32 101
32 160
32 205
32 207
32 209
32 224
32 229
32 244
32 293
32 333
32 335
32 337
32 357
32 421
32 436
32 463
32 477
32 485
32 500
32 512
32 527
32 529
32 539
32 546
32 587
32 589
32 591
32 593
32 608
32 610
32 613
32 614
32 653
32 657
32 677
32 721
32 733
32 738
32 741
32 781
32 783
32 849
32 869
32 925
32 933
32 975
32 1061
32 1103
32 1152
32 1181
32 1216
32 1229
33 97
33 161
33 225
33 727
33 776
34 98
34 162
34 226
34 725
35 99
35 163
35 227
35 490
36 6
36 7
36 14
36 70
36 71
36 78
36 100
36 134
36 135
36 142
36 164
36 198
36 199
36 205
36 206
36 228
36 262
36 263
36 269
36 270
36 292
36 293
36 326
36 327
36 334
36 356
36 390
36 391
36 398
36 420
36 454
36 455
36 462
36 477
36 484
36 518
36 519
36 526
36 548
36 549
36 550
36 564
36 582
36 583
36 590
36 612
36 628
36 646
36 647
36 654
36 676
36 692
36 710
36 711
36 717
36 718
36 738
36 740
36 742
36 774
36 775
36 782
36 804
36 820
36 838
36 839
36 846
36 868
36 884
36 903
36 910
36 932
36 966
36 967
36 996
36 1030
36 1031
36 1038
36 1060
36 1094
36 1124
36 1140
36 1166
36 1188
36 1204
36 1252
36 1268
37 13
37 32
37 100
37 101
37 165
37 205
37 207
37 209
37 229
37 244
37 269
37 293
37 333
37 335
37 357
37 391
37 421
37 436
37 462
37 463
37 477
37 484
37 485
37 500
37 512
37 529
37 546
37 549
37 550
37 564
37 587
37 589
37 613
37 614
37 628
37 653
37 654
37 657
37 677
37 692
37 717
37 733
37 738
37 741
37 742
37 775
37 804
37 820
37 849
37 869
37 884
37 911
37 913
37 974
37 977
37 1012
37 1039
37 1041
37 1076
37 1105
37 1167
37 1169
37 1253
38 102
38 166
38 230
38 310
38 797
39 47
39 103
39 167
39 170
39 231
39 916
39 990
39 1067
39 1108
40 104
40 159
40 168
40 232
41 105
41 169
41 233
41 759
41 921
41 931
41 1148
42 106
42 126
42 170
42 234
42 346
43 107
43 171
43 235
43 547
43 1128
44 108
44 172
44 236
44 437
44 596
44 1178
45 109
45 173
45 211
45 237
46 110
46 174
46 238
47 39
47 111
47 170
47 175
47 239
47 916
47 990
47 1067
47 1108
48 112
48 176
48 240
48 368
48 506
48 1265
49 58
49 113
49 177
49 241
49 699
50 114
50 178
50 242
50 411
50 924
51 115
51 179
51 243
51 1040
52 116
52 180
52 244
52 1176
53 117
53 181
53 245
54 118
54 182
54 246
54 384
54 680
55 119
55 183
55 247
55 328
55 1099
56 30
56 120
56 169
56 184
56 248
56 637
56 1043
56 1242
57 121
57 185
57 249
57 1277
58 49
58 122
58 186
58 250
58 699
59 123
59 187
59 251
59 660
59 1138
60 124
60 188
60 252
60 1210
61 125
61 189
61 253
61 788
61 809
61 887
62 126
62 190
62 254
62 440
62 492
63 127
63 191
63 255
64 0
64 128
64 192
64 256
64 904
65 1
65 129
65 193
65 257
65 1208
66 2
66 130
66 194
66 258
66 451
67 3
67 131
67 195
67 259
67 794
68 4
68 132
68 196
68 260
68 1106
69 5
69 15
69 133
69 197
69 261
69 325
69 389
69 453
69 517
69 581
69 645
69 709
69 773
69 837
69 901
69 965
69 1029
69 1093
69 1157
69 1221
70 6
70 7
70 14
70 36
70 71
70 78
70 100
70 134
70 135
70 142
70 164
70 198
70 199
70 206
70 228
70 262
70 263
70 269
70 270
70 292
70 326
70 327
70 334
70 356
70 390
70 391
70 398
70 420
70 454
70 455
70 462
70 484
70 518
70 519
70 526
70 548
70 564
70 582
70 583
70 590
70 612
70 628
70 646
70 647
70 654
70 676
70 710
70 711
70 717
70 718
70 740
70 774
70 775
70 782
70 804
70 820
70 838
70 839
70 846
70 868
70 884
70 902
70 903
70 910
70 932
70 948
70 966
70 967
70 1031
70 1060
70 1094
70 1095
70 1124
70 1158
70 1159
70 1166
70 1188
70 1204
70 1222
70 1230
70 1252
71 6
71 7
71 14
71 36
71 70
71 78
71 100
71 134
71 135
71 142
71 164
71 198
71 199
71 205
71 206
71 228
71 262
71 263
71 269
71 270
71 292
71 293
71 326
71 327
71 334
71 356
71 390
71 391
71 398
71 420
71 454
71 455
71 462
71 477
71 484
71 518
71 519
71 526
71 548
71 549
71 550
71 564
71 582
71 583
71 590
71 612
71 628
71 646
71 647
71 654
71 676
71 677
71 692
71 710
71 711
71 717
71 718
71 738
71 740
71 742
71 774
71 775
71 782
71 804
71 820
71 838
71 839
71 846
71 868
71 884
71 902
71 903
71 910
71 913
71 932
71 948
71 966
71 967
71 996
71 1030
71 1031
71 1038
71 1060
71 1094
71 1124
71 1140
71 1166
71 1188
71 1204
71 1252
71 1268
72 8
72 136
72 200
72 264
73 9
73 137
73 201
73 265
73 450
73 493
73 739
73 984
73 1026
73 1071
74 10
74 138
74 202
74 266
74 431
74 1172
75 11
75 139
75 203
75 267
75 382
75 1036
76 12
76 26
76 140
76 204
76 268
76 565
76 618
76 823
76 1123
77 13
77 141
77 205
77 269
77 603
78 6
78 7
78 14
78 36
78 70
78 71
78 100
78 134
78 135
78 142
78 164
78 198
78 199
78 206
78 228
78 262
78 263
78 269
78 270
78 292
78 326
78 327
78 334
78 356
78 390
78 391
78 398
78 420
78 454
78 455
78 462
78 484
78 518
78 519
78 526
78 548
78 549
78 550
78 564
78 582
78 583
78 590
78 612
78 628
78 646
78 647
78 654
78 676
78 692
78 710
78 711
78 717
78 718
78 740
78 742
78 774
78 775
78 782
78 804
78 820
78 838
78 839
78 846
78 868
78 884
78 902
78 903
78 910
78 932
78 948
78 966
78 967
78 996
78 1030
78 1031
78 1038
78 1060
78 1094
78 1095
78 1124
78 1140
78 1158
78 1166
78 1188
78 1204
78 1222
78 1230
78 1252
78 1268
79 15
79 143
79 207
79 271
80 16
80 144
80 208
80 272
80 570
81 10
81 17
81 145
81 209
81 273
82 18
82 146
82 149
82 210
82 274
82 665
83 19
83 147
83 195
83 211
83 275
83 487
84 20
84 148
84 212
84 234
84 276
85 21
85 149
85 213
85 277
86 22
86 29
86 101
86 150
86 214
86 278
86 337
86 436
86 461
86 465
86 500
86 512
86 527
86 539
86 546
86 591
86 593
86 608
86 610
86 719
86 721
86 781
86 783
86 845
86 861
86 933
87 23
87 151
87 215
87 279
87 1258
88 24
88 129
88 152
88 216
88 280
88 323
88 370
88 1214
89 25
89 153
89 217
89 281
89 468
90 26
90 154
90 218
90 282
90 369
91 27
91 155
91 219
91 226
91 283
92 28
92 156
92 220
92 284
92 1042
93 29
93 157
93 221
93 285
93 521
93 594
93 615
94 30
94 158
94 222
94 286
95 31
95 159
95 223
95 287
95 557
95 749
95 1256
96 32
96 160
96 224
96 288
96 353
97 33
97 161
97 225
97 289
97 336
98 34
98 162
98 226
98 290
98 558
98 1115
99 35
99 163
99 227
99 291
99 878
99 1044
100 6
100 7
100 14
100 36
100 37
100 70
100 71
100 78
100 134
100 135
100 142
100 164
100 198
100 199
100 205
100 206
100 228
100 262
100 263
100 269
100 270
100 292
100 293
100 326
100 327
100 333
100 334
100 356
100 390
100 391
100 398
100 420
100 421
100 454
100 455
100 462
100 477
100 484
100 519
100 526
100 548
100 549
100 550
100 564
100 582
100 583
100 587
100 590
100 612
100 613
100 628
100 646
100 647
100 653
100 654
100 676
100 677
100 692
100 711
100 717
100 718
100 738
100 740
100 741
100 742
100 774
100 775
100 782
100 804
100 820
100 838
100 839
100 846
100 868
100 884
100 902
100 903
100 910
100 911
100 913
100 932
100 948
100 967
100 996
100 1030
100 1038
100 1102
100 1140
100 1189
100 1268
101 13
101 29
101 32
101 37
101 86
101 165
101 209
101 229
101 293
101 335
101 337
101 357
101 436
101 461
101 485
101 500
101 512
101 527
101 529
101 539
101 546
101 589
101 591
101 593
101 608
101 610
101 614
101 657
101 719
101 721
101 781
101 783
101 849
101 861
101 925
101 933
102 38
102 166
102 230
102 290
102 294
103 39
103 167
103 231
103 295
103 636
103 872
103 936
104 40
104 168
104 232
104 296
104 471
104 538
104 818
104 857
105 41
105 169
105 233
105 297
106 20
106 42
106 170
106 234
106 298
107 43
107 171
107 191
107 235
107 299
107 622
108 44
108 172
108 236
108 300
109 45
109 173
109 237
109 301
109 1013
110 46
110 174
110 238
110 302
110 812
111 47
111 147
111 175
111 239
111 303
112 48
112 176
112 240
112 304
112 954
112 1017
113 49
113 177
113 241
113 297
113 305
113 430
114 50
114 178
114 242
114 306
114 830
115 51
115 179
115 243
115 307
116 52
116 180
116 244
116 273
116 308
117 53
117 181
117 245
117 309
117 409
117 1183
117 1232
118 54
118 153
118 182
118 246
118 310
118 501
119 55
119 183
119 247
119 311
119 387
119 1198
120 56
120 184
120 248
120 312
121 57
121 185
121 249
121 313
121 441
121 891
122 58
122 186
122 250
122 314
123 59
123 187
123 251
123 315
123 744
124 60
124 188
124 252
124 316
124 817
125 61
125 189
125 253
125 317
125 1147
126 42
126 62
126 190
126 254
126 318
126 346
127 63
127 191
127 255
127 319
127 752
128 0
128 64
128 192
128 256
128 320
128 417
129 1
129 65
129 88
129 193
129 257
129 321
129 323
129 370
129 1214
130 2
130 66
130 194
130 258
130 322
130 426
130 893
131 3
131 67
131 190
131 195
131 246
131 259
131 323
131 393
132 4
132 68
132 196
132 260
132 324
133 5
133 15
133 69
133 197
133 261
133 325
133 389
133 453
133 517
133 581
133 645
133 709
133 773
133 837
133 901
133 965
133 1029
133 1093
133 1157
133 1221
134 6
134 7
134 14
134 36
134 70
134 71
134 78
134 100
134 135
134 142
134 164
134 198
134 199
134 206
134 228
134 262
134 263
134 270
134 292
134 326
134 327
134 334
134 356
134 390
134 391
134 398
134 420
134 454
134 455
134 462
134 484
134 518
134 519
134 526
134 548
134 582
134 583
134 590
134 612
134 628
134 646
134 647
134 654
134 676
134 710
134 711
134 718
134 740
134 774
134 775
134 782
134 804
134 838
134 839
134 846
134 868
134 902
134 903
134 910
134 932
134 948
134 966
134 967
134 996
134 1095
134 1158
134 1159
134 1222
134 1223
134 1230
135 6
135 7
135 14
135 36
135 70
135 71
135 78
135 100
135 134
135 142
135 164
135 198
135 199
135 206
135 228
135 262
135 263
135 269
135 270
135 292
135 326
135 327
135 334
135 356
135 390
135 391
135 398
135 420
135 454
135 455
135 462
135 484
135 518
135 519
135 526
135 548
135 549
135 550
135 564
135 582
135 583
135 590
135 612
135 628
135 646
135 647
135 654
135 676
135 692
135 710
135 711
135 717
135 718
135 740
135 742
135 774
135 775
135 782
135 804
135 820
135 838
135 839
135 846
135 868
135 884
135 902
135 903
135 910
135 932
135 948
135 966
135 967
135 996
135 1030
135 1031
135 1038
135 1060
135 1094
135 1095
135 1124
135 1140
135 1158
135 1166
135 1188
135 1204
135 1222
135 1230
135 1252
135 1268
136 8
136 72
136 200
136 264
136 272
136 328
136 985
136 1193
137 9
137 73
137 201
137 265
137 329
137 1001
138 10
138 74
138 202
138 266
138 330
139 11
139 75
139 203
139 267
139 331
139 798
139 993
139 1160
139 1162
140 12
140 76
140 204
140 268
140 332
140 648
141 13
141 77
141 205
141 269
141 333
142 6
142 7
142 14
142 36
142 70
142 71
142 78
142 100
142 134
142 135
142 164
142 198
142 199
142 205
142 206
142 228
142 262
142 263
142 269
142 270
142 292
142 293
142 326
142 327
142 334
142 356
142 390
142 391
142 398
142 420
142 454
142 455
142 462
142 484
142 518
142 519
142 526
142 548
142 549
142 550
142 564
142 582
142 583
142 590
142 612
142 628
142 646
142 647
142 654
142 676
142 692
142 710
142 711
142 717
142 718
142 738
142 740
142 742
142 774
142 775
142 782
142 804
142 820
142 838
142 839
142 846
142 868
142 884
142 902
142 903
142 910
142 913
142 932
142 948
142 966
142 967
142 974
142 996
142 1030
142 1031
142 1038
142 1060
142 1094
142 1124
142 1140
142 1166
142 1188
142 1204
142 1252
142 1268
143 15
143 79
143 207
143 271
143 335
143 525
144 16
144 80
144 189
144 200
144 208
144 272
144 336
144 469
145 17
145 81
145 209
145 273
145 337
145 486
146 18
146 82
146 210
146 274
146 338
146 1107
147 19
147 83
147 111
147 175
147 211
147 275
147 339
148 20
148 84
148 212
148 276
148 282
148 340
148 682
148 940
148 1066
149 21
149 82
149 85
149 213
149 277
149 341
149 665
150 17
150 22
150 86
150 214
150 278
150 342
151 23
151 87
151 215
151 279
151 343
151 1096
152 24
152 88
152 216
152 280
152 344
152 1267
153 25
153 89
153 118
153 217
153 281
153 345
153 501
154 26
154 90
154 218
154 282
154 346
155 27
155 91
155 219
155 283
155 347
156 19
156 28
156 92
156 220
156 284
156 321
156 348
157 29
157 93
157 221
157 285
157 349
157 1058
158 30
158 94
158 222
158 257
158 286
158 350
158 510
159 31
159 40
159 95
159 223
159 287
159 351
160 32
160 96
160 224
160 288
160 352
161 33
161 97
161 225
161 289
161 339
161 353
161 566
162 34
162 98
162 226
162 290
162 309
162 354
162 983
163 35
163 99
163 227
163 291
163 355
163 1145
164 6
164 7
164 14
164 36
164 70
164 71
164 78
164 100
164 134
164 135
164 142
164 198
164 199
164 206
164 228
164 262
164 263
164 269
164 270
164 292
164 326
164 327
164 334
164 356
164 390
164 391
164 398
164 420
164 454
164 455
164 462
164 484
164 518
164 519
164 526
164 548
164 549
164 550
164 564
164 582
164 583
164 590
164 612
164 628
164 646
164 647
164 654
164 676
164 692
164 710
164 711
164 717
164 718
164 740
164 742
164 774
164 775
164 782
164 804
164 820
164 838
164 839
164 846
164 868
164 884
164 902
164 903
164 910
164 932
164 948
164 966
164 967
164 996
164 1030
164 1031
164 1038
164 1060
164 1094
164 1095
164 1124
164 1140
164 1158
164 1166
164 1188
164 1204
164 1222
164 1230
164 1252
164 1268
165 37
165 101
165 229
165 293
165 357
165 586
166 38
166 102
166 230
166 294
166 358
167 39
167 103
167 208
167 231
167 295
167 359
168 40
168 104
168 232
168 296
168 307
168 360
168 703
169 30
169 41
169 56
169 105
169 233
169 297
169 361
169 637
169 1043
169 1242
170 39
170 42
170 47
170 106
170 234
170 298
170 362
170 916
170 990
170 1067
170 1108
171 43
171 107
171 235
171 299
171 363
172 44
172 108
172 236
172 300
172 364
172 554
173 45
173 109
173 237
173 301
173 365
173 414
173 433
173 863
174 46
174 110
174 238
174 302
174 366
174 701
174 1132
175 47
175 111
175 147
175 239
175 303
175 367
176 48
176 112
176 240
176 304
176 368
176 627
176 1084
176 1275
177 49
177 113
177 241
177 305
177 316
177 369
178 50
178 114
178 242
178 306
178 370
178 473
179 51
179 115
179 243
179 307
179 371
179 1070
180 52
180 116
180 244
180 308
180 372
181 53
181 117
181 245
181 309
181 373
182 54
182 118
182 246
182 310
182 374
183 55
183 119
183 247
183 311
183 375
183 479
183 569
183 780
184 56
184 120
184 248
184 312
184 376
184 688
184 883
184 888
184 1131
185 57
185 121
185 249
185 313
185 377
186 58
186 122
186 250
186 314
186 378
187 59
187 123
187 251
187 315
187 379
187 945
188 60
188 124
188 252
188 316
188 380
188 976
188 980
189 61
189 125
189 144
189 200
189 253
189 317
189 381
189 469
190 62
190 126
190 131
190 246
190 254
190 318
190 382
190 393
191 63
191 107
191 127
191 255
191 319
191 383
191 622
192 0
192 64
192 128
192 256
192 320
192 384
193 1
193 65
193 129
193 257
193 321
193 385
193 840
194 2
194 66
194 130
194 238
194 258
194 322
194 386
194 813
194 920
194 1196
195 3
195 67
195 83
195 131
195 259
195 323
195 387
195 487
196 4
196 68
196 132
196 260
196 324
196 388
197 5
197 15
197 69
197 133
197 261
197 325
197 389
197 453
197 517
197 581
197 645
197 709
197 773
197 837
197 901
197 965
197 1029
197 1093
197 1157
197 1221
198 6
198 7
198 14
198 36
198 70
198 71
198 78
198 100
198 134
198 135
198 142
198 164
198 199
198 206
198 228
198 262
198 263
198 270
198 292
198 326
198 327
198 334
198 356
198 390
198 391
198 398
198 420
198 454
198 455
198 462
198 484
198 518
198 519
198 526
198 548
198 582
198 583
198 590
198 612
198 628
198 646
198 647
198 654
198 676
198 710
198 711
198 718
198 740
198 774
198 775
198 782
198 804
198 838
198 839
198 846
198 868
198 902
198 903
198 910
198 932
198 966
198 967
198 996
198 1030
198 1031
198 1038
198 1060
198 1095
198 1158
198 1159
198 1222
198 1223
198 1230
199 6
199 7
199 14
199 36
199 70
199 71
199 78
199 100
199 134
199 135
199 142
199 164
199 198
199 205
199 206
199 228
199 262
199 263
199 269
199 270
199 292
199 326
199 327
199 334
199 356
199 390
199 391
199 398
199 420
199 454
199 455
199 462
199 484
199 518
199 519
199 526
199 548
199 549
199 550
199 564
199 582
199 583
199 590
199 612
199 628
199 646
199 647
199 654
199 676
199 692
199 710
199 711
199 717
199 718
199 738
199 740
199 742
199 774
199 775
199 782
199 804
199 820
199 838
199 839
199 846
199 868
199 884
199 902
199 903
199 910
199 913
199 932
199 948
199 966
199 967
199 974
199 996
199 1030
199 1031
199 1038
199 1060
199 1094
199 1124
199 1140
199 1166
199 1188
199 1204
199 1252
199 1268
200 8
200 72
200 136
200 144
200 189
200 264
200 328
200 392
200 469
201 9
201 73
201 137
201 265
201 329
201 393
202 10
202 74
202 138
202 266
202 330
202 394
202 1056
203 11
203 75
203 139
203 267
203 331
203 352
203 395
204 12
204 76
204 140
204 268
204 332
204 396
205 7
205 13
205 32
205 36
205 37
205 71
205 77
205 100
205 141
205 142
205 199
205 207
205 209
205 229
205 244
205 269
205 292
205 293
205 327
205 333
205 335
205 356
205 357
205 391
205 397
205 398
205 421
205 462
205 463
205 477
205 484
205 485
205 549
205 550
205 564
205 587
205 613
205 614
205 628
205 653
205 654
205 657
205 677
205 692
205 717
205 733
205 738
205 741
205 742
205 775
205 804
205 820
205 846
205 849
205 868
205 869
205 884
205 910
205 911
205 913
205 925
205 932
205 948
205 967
205 974
205 975
205 977
205 996
205 1012
205 1030
205 1038
205 1039
205 1041
205 1076
205 1102
205 1167
205 1169
205 1253
206 6
206 7
206 14
206 36
206 70
206 71
206 78
206 100
206 134
206 135
206 142
206 164
206 198
206 199
206 228
206 262
206 263
206 269
206 270
206 292
206 326
206 327
206 334
206 356
206 390
206 391
206 398
206 420
206 454
206 455
206 462
206 484
206 518
206 519
206 526
206 548
206 549
206 550
206 564
206 582
206 583
206 590
206 612
206 628
206 646
206 647
206 654
206 676
206 692
206 710
206 711
206 717
206 718
206 740
206 742
206 774
206 775
206 782
206 804
206 820
206 838
206 839
206 846
206 868
206 884
206 902
206 903
206 910
206 932
206 948
206 966
206 967
206 996
206 1030
206 1031
206 1038
206 1060
206 1094
206 1095
206 1124
206 1140
206 1158
206 1166
206 1188
206 1204
206 1222
206 1230
206 1252
206 1268
207 13
207 15
207 32
207 37
207 79
207 143
207 205
207 209
207 229
207 244
207 269
207 271
207 293
207 333
207 335
207 337
207 357
207 399
207 421
207 436
207 463
207 477
207 485
207 500
207 512
207 529
207 539
207 546
207 549
207 550
207 564
207 587
207 589
207 613
207 614
207 653
207 657
207 677
207 692
207 717
207 733
207 738
207 741
207 742
207 781
207 820
207 849
207 869
207 884
207 911
207 913
207 925
207 933
207 948
207 974
207 975
207 977
207 1012
207 1039
207 1041
207 1061
207 1076
207 1105
207 1117
207 1216
207 1231
208 16
208 80
208 144
208 167
208 272
208 336
208 400
209 13
209 17
209 29
209 32
209 37
209 81
209 101
209 145
209 205
209 207
209 229
209 244
209 273
209 293
209 333
209 335
209 337
209 357
209 401
209 421
209 436
209 463
209 477
209 485
209 500
209 512
209 527
209 529
209 539
209 546
209 587
209 589
209 593
209 608
209 610
209 613
209 614
209 653
209 657
209 677
209 721
209 733
209 738
209 741
209 781
209 783
209 849
209 869
209 911
209 913
209 925
209 933
209 974
209 975
209 977
209 1012
209 1039
209 1041
209 1061
209 1076
209 1103
209 1117
209 1152
209 1181
209 1216
209 1229
209 1231
210 18
210 82
210 146
210 217
210 274
210 338
210 402
210 1269
211 19
211 45
211 83
211 147
211 275
211 339
211 403
212 20
212 84
212 148
212 276
212 340
212 404
213 21
213 85
213 149
213 277
213 341
213 405
213 987
214 22
214 86
214 150
214 278
214 342
214 406
214 416
214 461
214 465
214 672
214 714
214 719
214 845
214 861
214 870
214 1233
215 23
215 87
215 151
215 279
215 343
215 407
215 1045
215 1100
216 24
216 88
216 152
216 280
216 318
216 344
216 408
216 456
216 535
217 25
217 89
217 153
217 210
217 281
217 345
217 409
217 1269
218 26
218 90
218 154
218 282
218 346
218 410
219 27
219 91
219 155
219 283
219 347
219 411
219 522
220 19
220 28
220 92
220 156
220 284
220 321
220 348
220 412
221 27
221 29
221 93
221 157
221 285
221 349
221 413
222 30
222 94
222 158
222 286
222 350
222 414
223 31
223 95
223 159
223 287
223 351
223 415
223 464
223 724
224 32
224 96
224 160
224 288
224 352
224 416
224 641
224 731
225 33
225 97
225 161
225 289
225 353
225 417
226 34
226 91
226 98
226 162
226 290
226 354
226 418
227 35
227 99
227 163
227 291
227 355
227 419
228 6
228 7
228 14
228 36
228 70
228 71
228 78
228 100
228 134
228 135
228 142
228 164
228 198
228 199
228 206
228 262
228 263
228 269
228 270
228 292
228 326
228 327
228 334
228 356
228 390
228 391
228 398
228 420
228 454
228 455
228 462
228 484
228 518
228 519
228 526
228 548
228 550
228 564
228 582
228 583
228 590
228 612
228 628
228 646
228 647
228 654
228 676
228 692
228 710
228 711
228 717
228 718
228 740
228 742
228 774
228 775
228 782
228 804
228 820
228 838
228 839
228 846
228 868
228 884
228 902
228 903
228 910
228 932
228 948
228 966
228 967
228 996
228 1030
228 1031
228 1038
228 1060
228 1094
228 1095
228 1124
228 1140
228 1158
228 1166
228 1188
228 1204
228 1222
228 1230
228 1252
228 1268
229 13
229 29
229 32
229 37
229 101
229 165
229 205
229 207
229 209
229 244
229 269
229 293
229 333
229 335
229 337
229 357
229 421
229 436
229 463
229 477
229 485
229 500
229 512
229 529
229 539
229 546
229 549
229 550
229 564
229 587
229 589
229 608
229 613
229 614
229 653
229 657
229 677
229 692
229 733
229 738
229 741
229 742
229 781
229 783
229 820
229 849
229 869
229 884
229 911
229 913
229 925
229 933
229 974
229 975
229 977
229 1012
229 1039
229 1041
229 1061
229 1076
229 1105
229 1117
229 1152
229 1216
229 1229
229 1231
230 38
230 102
230 166
230 294
230 342
230 358
230 422
231 39
231 103
231 167
231 295
231 359
231 423
232 40
232 104
232 168
232 296
232 360
232 424
233 41
233 105
233 169
233 291
233 297
233 302
233 361
233 425
233 706
234 42
234 84
234 106
234 170
234 298
234 362
234 426
235 43
235 107
235 171
235 299
235 361
235 363
235 366
235 427
236 44
236 108
236 172
236 300
236 364
236 428
237 45
237 109
237 173
237 301
237 365
237 429
238 46
238 110
238 174
238 194
238 302
238 366
238 430
238 813
238 920
238 1196
239 47
239 111
239 175
239 303
239 367
239 431
239 629
239 734
239 1276
240 48
240 112
240 176
240 304
240 368
240 432
241 49
241 113
241 177
241 305
241 369
241 433
242 50
242 114
242 178
242 306
242 370
242 434
242 1098
242 1175
243 51
243 115
243 179
243 255
243 307
243 371
243 435
244 13
244 29
244 32
244 37
244 52
244 116
244 180
244 205
244 207
244 209
244 229
244 269
244 293
244 308
244 333
244 335
244 337
244 357
244 372
244 421
244 436
244 463
244 477
244 485
244 500
244 512
244 529
244 539
244 546
244 549
244 550
244 564
244 587
244 589
244 608
244 610
244 613
244 614
244 653
244 657
244 677
244 692
244 733
244 738
244 741
244 742
244 781
244 783
244 820
244 849
244 869
244 884
244 911
244 913
244 925
244 933
244 974
244 975
244 977
244 1012
244 1039
244 1041
244 1061
244 1076
244 1103
244 1105
244 1117
244 1152
244 1216
244 1229
244 1231
245 53
245 117
245 181
245 309
245 373
245 437
245 1064
246 54
246 118
246 131
246 182
246 190
246 310
246 374
246 393
246 438
247 55
247 119
247 183
247 311
247 375
247 385
247 439
247 1052
248 56
248 120
248 184
248 312
248 376
248 440
249 57
249 121
249 185
249 313
249 377
249 441
250 58
250 122
250 186
250 314
250 378
250 442
251 59
251 123
251 187
251 315
251 379
251 443
252 60
252 124
252 188
252 316
252 380
252 444
253 16
253 61
253 125
253 189
253 317
253 381
253 445
253 483
253 763
253 764
254 62
254 126
254 190
254 318
254 373
254 382
254 446
254 761
255 63
255 127
255 191
255 243
255 319
255 383
255 447
256 64
256 128
256 192
256 320
256 384
256 448
256 777
257 65
257 129
257 158
257 193
257 321
257 385
257 449
257 510
258 66
258 130
258 194
258 322
258 386
258 450
258 451
259 67
259 131
259 195
259 280
259 323
259 387
259 451
259 1069
260 31
260 68
260 132
260 196
260 324
260 388
260 452
261 5
261 15
261 69
261 133
261 197
261 325
261 389
261 453
261 517
261 581
261 645
261 709
261 773
261 837
261 901
261 965
261 1029
261 1093
261 1157
261 1221
262 6
262 7
262 14
262 36
262 70
262 71
262 78
262 100
262 134
262 135
262 142
262 164
262 198
262 199
262 206
262 228
262 263
262 270
262 292
262 326
262 327
262 334
262 356
262 390
262 391
262 398
262 420
262 454
262 455
262 462
262 484
262 518
262 519
262 526
262 548
262 582
262 583
262 590
262 612
262 628
262 646
262 647
262 654
262 676
262 710
262 711
262 718
262 740
262 774
262 775
262 782
262 804
262 838
262 839
262 846
262 868
262 902
262 903
262 910
262 932
262 966
262 967
262 996
262 1030
262 1031
262 1038
262 1060
262 1094
262 1095
262 1124
262 1140
262 1158
262 1159
262 1222
262 1223
262 1230
263 6
263 7
263 14
263 36
263 70
263 71
263 78
263 100
263 134
263 135
263 142
263 164
263 198
263 199
263 206
263 228
263 262
263 269
263 270
263 292
263 326
263 327
263 334
263 356
263 390
263 391
263 398
263 420
263 454
263 455
263 462
263 484
263 518
263 519
263 526
263 548
263 550
263 564
263 582
263 583
263 590
263 612
263 628
263 646
263 647
263 654
263 676
263 692
263 710
263 711
263 717
263 718
263 740
263 742
263 774
263 775
263 782
263 804
263 820
263 838
263 839
263 846
263 868
263 884
263 902
263 903
263 910
263 932
263 948
263 966
263 967
263 996
263 1030
263 1031
263 1038
263 1060
263 1094
263 1095
263 1102
263 1124
263 1140
263 1158
263 1166
263 1188
263 1204
263 1222
263 1230
263 1252
263 1268
264 72
264 136
264 200
264 328
264 392
264 456
264 561
265 73
265 137
265 201
265 329
265 393
265 448
265 457
266 74
266 138
266 202
266 330
266 394
266 458
266 1097
267 75
267 139
267 203
267 331
267 395
267 459
267 530
267 541
267 1180
268 76
268 140
268 204
268 332
268 396
268 460
268 597
268 950
269 7
269 14
269 36
269 37
269 70
269 71
269 77
269 78
269 100
269 135
269 141
269 142
269 164
269 199
269 205
269 206
269 207
269 228
269 229
269 244
269 263
269 270
269 292
269 293
269 327
269 333
269 334
269 356
269 391
269 397
269 398
269 420
269 421
269 455
269 461
269 462
269 463
269 477
269 484
269 526
269 548
269 549
269 550
269 564
269 587
269 590
269 612
269 613
269 628
269 647
269 653
269 654
269 676
269 677
269 692
269 717
269 718
269 733
269 738
269 740
269 741
269 742
269 774
269 775
269 782
269 804
269 820
269 839
269 846
269 868
269 869
269 884
269 903
269 910
269 911
269 913
269 932
269 948
269 966
269 967
269 974
269 977
269 996
269 1012
269 1030
269 1031
269 1038
269 1039
269 1041
269 1060
269 1076
269 1094
269 1102
269 1105
269 1117
269 1124
269 1140
269 1167
269 1189
269 1253
270 6
270 7
270 14
270 36
270 70
270 71
270 78
270 100
270 134
270 135
270 142
270 164
270 198
270 199
270 206
270 228
270 262
270 263
270 269
270 292
270 326
270 327
270 334
270 356
270 390
270 391
270 398
270 420
270 454
270 455
270 462
270 484
270 518
270 519
270 526
270 548
270 564
270 582
270 583
270 590
270 612
270 628
270 646
270 647
270 654
270 676
270 710
270 711
270 717
270 718
270 740
270 774
270 775
270 782
270 804
270 838
270 839
270 846
270 868
270 884
270 902
270 903
270 910
270 932
270 948
270 966
270 967
270 996
270 1030
270 1031
270 1038
270 1060
270 1094
270 1095
270 1102
270 1124
270 1140
270 1158
270 1159
270 1166
270 1188
270 1204
270 1222
270 1230
270 1252
271 79
271 143
271 207
271 335
271 399
271 463
272 80
272 136
272 144
272 208
272 336
272 400
272 464
272 985
272 1193
273 81
273 116
273 145
273 209
273 337
273 401
273 465
274 82
274 146
274 210
274 338
274 402
274 466
274 685
275 83
275 147
275 211
275 339
275 403
275 467
276 84
276 148
276 212
276 340
276 404
276 468
276 478
277 85
277 149
277 213
277 341
277 405
277 469
277 806
278 86
278 150
278 214
278 342
278 406
278 470
278 695
279 87
279 151
279 215
279 343
279 407
279 471
279 855
279 1085
280 88
280 152
280 216
280 259
280 344
280 408
280 472
280 1069
281 89
281 153
281 217
281 345
281 409
281 473
281 917
281 1257
282 90
282 148
282 154
282 218
282 346
282 410
282 474
282 682
282 940
282 1066
283 91
283 155
283 219
283 347
283 411
283 475
284 92
284 156
284 220
284 348
284 412
284 476
285 93
285 157
285 221
285 349
285 413
285 477
286 94
286 158
286 222
286 350
286 414
286 478
287 95
287 159
287 223
287 351
287 415
287 479
288 96
288 160
288 224
288 352
288 416
288 480
288 854
289 97
289 161
289 225
289 353
289 417
289 481
289 1089
290 98
290 102
290 162
290 226
290 354
290 418
290 482
291 99
291 163
291 227
291 233
291 302
291 355
291 419
291 483
291 706
292 6
292 7
292 14
292 36
292 70
292 71
292 78
292 100
292 134
292 135
292 142
292 164
292 198
292 199
292 205
292 206
292 228
292 262
292 263
292 269
292 270
292 326
292 327
292 334
292 356
292 390
292 391
292 398
292 420
292 454
292 455
292 462
292 484
292 518
292 519
292 526
292 548
292 549
292 550
292 564
292 582
292 583
292 590
292 612
292 628
292 646
292 647
292 654
292 676
292 692
292 710
292 711
292 717
292 718
292 738
292 740
292 742
292 774
292 775
292 782
292 804
292 820
292 838
292 839
292 846
292 868
292 884
292 902
292 903
292 910
292 913
292 932
292 948
292 966
292 967
292 974
292 996
292 1030
292 1031
292 1038
292 1060
292 1094
292 1095
292 1102
292 1124
292 1140
292 1166
292 1188
292 1204
292 1252
292 1268
293 7
293 13
293 32
293 36
293 37
293 71
293 100
293 101
293 142
293 165
293 205
293 207
293 209
293 229
293 244
293 269
293 327
293 333
293 335
293 357
293 391
293 398
293 421
293 462
293 463
293 477
293 484
293 485
293 529
293 549
293 550
293 564
293 587
293 589
293 613
293 614
293 628
293 653
293 654
293 657
293 677
293 692
293 717
293 733
293 738
293 741
293 742
293 775
293 804
293 820
293 846
293 849
293 869
293 884
293 910
293 911
293 913
293 925
293 948
293 967
293 974
293 975
293 977
293 996
293 1012
293 1030
293 1038
293 1039
293 1041
293 1076
293 1102
293 1103
293 1105
293 1117
293 1140
293 1167
293 1169
293 1253
294 102
294 166
294 230
294 358
294 422
294 486
295 103
295 167
295 231
295 359
295 423
295 487
296 104
296 168
296 232
296 360
296 404
296 424
296 488
296 876
297 105
297 113
297 169
297 233
297 361
297 425
297 430
297 489
298 106
298 170
298 234
298 362
298 426
298 490
298 634
298 1209
299 23
299 107
299 171
299 235
299 312
299 363
299 427
299 491
299 829
299 1144
300 108
300 172
300 236
300 305
300 364
300 428
300 492
300 555
301 109
301 173
301 237
301 306
301 365
301 374
301 429
301 493
301 856
302 110
302 174
302 233
302 238
302 291
302 366
302 430
302 494
302 706
303 111
303 175
303 239
303 367
303 431
303 495
303 1236
303 1240
304 112
304 176
304 240
304 368
304 432
304 496
304 986
305 113
305 177
305 241
305 300
305 369
305 433
305 497
305 555
306 114
306 178
306 242
306 301
306 370
306 374
306 434
306 498
306 856
307 115
307 168
307 179
307 243
307 371
307 435
307 499
307 703
308 116
308 180
308 244
308 372
308 436
308 500
309 117
309 162
309 181
309 245
309 373
309 437
309 501
309 983
310 38
310 118
310 182
310 246
310 374
310 438
310 502
310 797
311 119
311 183
311 247
311 375
311 439
311 503
312 23
312 120
312 184
312 248
312 299
312 376
312 440
312 504
312 829
312 1144
313 121
313 185
313 249
313 377
313 441
313 505
313 995
313 1134
314 122
314 186
314 250
314 378
314 442
314 506
314 1020
315 123
315 187
315 251
315 379
315 443
315 507
316 124
316 177
316 188
316 252
316 380
316 444
316 508
317 25
317 125
317 189
317 253
317 381
317 445
317 509
317 942
318 126
318 190
318 216
318 254
318 382
318 446
318 456
318 510
318 535
319 127
319 191
319 255
319 383
319 447
319 511
320 128
320 192
320 256
320 384
320 448
320 512
321 19
321 129
321 156
321 193
321 220
321 257
321 385
321 449
321 513
322 130
322 194
322 258
322 386
322 403
322 450
322 514
322 537
323 88
323 129
323 131
323 195
323 259
323 370
323 387
323 451
323 515
323 1214
324 132
324 196
324 260
324 388
324 452
324 516
324 1238
325 5
325 15
325 69
325 133
325 197
325 261
325 389
325 453
325 517
325 581
325 645
325 709
325 773
325 837
325 901
325 965
325 1029
325 1093
325 1157
325 1221
326 6
326 7
326 14
326 36
326 70
326 71
326 78
326 100
326 134
326 135
326 142
326 164
326 198
326 199
326 206
326 228
326 262
326 263
326 270
326 292
326 327
326 334
326 356
326 390
326 391
326 398
326 420
326 454
326 455
326 462
326 484
326 518
326 519
326 526
326 548
326 582
326 583
326 590
326 612
326 628
326 646
326 647
326 654
326 676
326 710
326 711
326 717
326 718
326 740
326 774
326 775
326 782
326 804
326 838
326 839
326 846
326 868
326 902
326 903
326 910
326 932
326 948
326 966
326 967
326 996
326 1030
326 1031
326 1038
326 1060
326 1094
326 1095
326 1124
326 1140
326 1158
326 1159
326 1166
326 1188
326 1189
326 1204
326 1222
326 1230
327 6
327 7
327 14
327 36
327 70
327 71
327 78
327 100
327 134
327 135
327 142
327 164
327 198
327 199
327 205
327 206
327 228
327 262
327 263
327 269
327 270
327 292
327 293
327 326
327 334
327 356
327 390
327 391
327 398
327 420
327 454
327 455
327 462
327 477
327 484
327 518
327 519
327 526
327 548
327 549
327 550
327 564
327 582
327 583
327 590
327 612
327 628
327 646
327 647
327 654
327 676
327 692
327 710
327 711
327 717
327 718
327 738
327 740
327 742
327 774
327 775
327 782
327 804
327 820
327 838
327 839
327 846
327 868
327 884
327 902
327 903
327 910
327 913
327 932
327 948
327 966
327 967
327 974
327 996
327 1012
327 1030
327 1031
327 1038
327 1060
327 1094
327 1095
327 1102
327 1124
327 1140
327 1158
327 1159
327 1166
327 1167
327 1169
327 1188
327 1189
327 1204
327 1252
327 1268
328 55
328 136
328 200
328 264
328 392
328 456
328 520
328 1099
329 137
329 201
329 265
329 393
329 457
329 521
329 545
330 138
330 202
330 266
330 350
330 394
330 458
330 522
330 712
330 1079
331 139
331 203
331 267
331 395
331 459
331 523
332 140
332 204
332 268
332 396
332 460
332 524
332 1177
333 13
333 32
333 37
333 100
333 141
333 205
333 207
333 209
333 229
333 244
333 269
333 293
333 335
333 337
333 357
333 397
333 421
333 436
333 461
333 463
333 477
333 485
333 500
333 512
333 525
333 529
333 539
333 546
333 549
333 550
333 564
333 587
333 589
333 613
333 614
333 653
333 657
333 677
333 692
333 717
333 733
333 738
333 741
333 742
333 820
333 849
333 869
333 884
333 911
333 913
333 925
333 933
333 948
333 974
333 975
333 977
333 1012
333 1039
333 1041
333 1061
333 1076
333 1102
333 1103
333 1105
333 1117
333 1152
333 1167
333 1169
333 1181
333 1189
333 1216
333 1231
334 6
334 7
334 14
334 36
334 70
334 71
334 78
334 100
334 134
334 135
334 142
334 164
334 198
334 199
334 206
334 228
334 262
334 263
334 269
334 270
334 292
334 326
334 327
334 356
334 390
334 391
334 398
334 420
334 454
334 455
334 462
334 484
334 518
334 519
334 526
334 548
334 549
334 550
334 564
334 582
334 583
334 590
334 612
334 628
334 646
334 647
334 654
334 676
334 692
334 710
334 711
334 717
334 718
334 740
334 742
334 774
334 775
334 782
334 804
334 820
334 838
334 839
334 846
334 868
334 884
334 902
334 903
334 910
334 932
334 948
334 966
334 967
334 996
334 1030
334 1031
334 1038
334 1060
334 1094
334 1095
334 1102
334 1124
334 1140
334 1158
334 1159
334 1166
334 1188
334 1189
334 1204
334 1222
334 1230
334 1252
334 1268
335 13
335 29
335 32
335 37
335 101
335 143
335 205
335 207
335 209
335 229
335 244
335 271
335 293
335 333
335 337
335 357
335 399
335 421
335 436
335 463
335 477
335 485
335 500
335 512
335 527
335 529
335 539
335 546
335 549
335 550
335 587
335 589
335 608
335 610
335 613
335 614
335 653
335 657
335 677
335 692
335 733
335 738
335 741
335 742
335 781
335 783
335 849
335 869
335 911
335 913
335 925
335 933
335 974
335 975
335 977
335 1012
335 1039
335 1041
335 1061
335 1076
335 1103
335 1105
335 1117
335 1152
335 1167
335 1169
335 1181
335 1216
335 1229
335 1231
336 97
336 144
336 208
336 272
336 400
336 464
336 528
337 13
337 29
337 32
337 86
337 101
337 145
337 207
337 209
337 229
337 244
337 273
337 333
337 335
337 357
337 401
337 421
337 436
337 461
337 463
337 465
337 485
337 500
337 512
337 527
337 529
337 539
337 546
337 587
337 589
337 591
337 593
337 608
337 610
337 613
337 614
337 653
337 657
337 721
337 733
337 741
337 781
337 783
337 849
337 869
337 925
337 933
337 975
337 977
337 1039
337 1041
337 1061
337 1076
337 1103
337 1105
337 1117
337 1152
337 1181
337 1229
338 146
338 210
338 274
338 402
338 466
338 530
338 844
338 918
339 147
339 161
339 211
339 275
339 403
339 467
339 531
339 566
340 148
340 212
340 276
340 404
340 468
340 532
341 149
341 213
341 277
341 405
341 466
341 469
341 533
341 673
342 150
342 214
342 230
342 278
342 406
342 470
342 534
343 151
343 215
343 279
343 344
343 407
343 471
343 535
343 728
344 152
344 216
344 280
344 343
344 408
344 472
344 536
344 728
345 153
345 217
345 281
345 409
345 473
345 537
345 623
346 42
346 126
346 154
346 218
346 282
346 410
346 474
346 538
347 155
347 219
347 283
347 411
347 475
347 539
347 796
347 866
348 156
348 220
348 284
348 412
348 476
348 540
348 1262
349 157
349 221
349 285
349 413
349 477
349 541
350 158
350 222
350 286
350 330
350 414
350 478
350 542
350 712
350 1079
351 159
351 223
351 287
351 408
351 415
351 479
351 543
352 160
352 203
352 224
352 288
352 416
352 480
352 544
353 96
353 161
353 225
353 289
353 417
353 481
353 545
354 24
354 162
354 226
354 290
354 418
354 482
354 546
354 1005
354 1007
354 1077
355 163
355 227
355 291
355 419
355 483
355 547
356 6
356 7
356 14
356 36
356 70
356 71
356 78
356 100
356 134
356 135
356 142
356 164
356 198
356 199
356 205
356 206
356 228
356 262
356 263
356 269
356 270
356 292
356 326
356 327
356 334
356 390
356 391
356 398
356 420
356 454
356 455
356 462
356 484
356 518
356 519
356 526
356 548
356 549
356 550
356 564
356 582
356 583
356 590
356 612
356 628
356 646
356 647
356 654
356 676
356 692
356 710
356 711
356 717
356 718
356 738
356 740
356 742
356 774
356 775
356 782
356 804
356 820
356 838
356 839
356 846
356 868
356 884
356 902
356 903
356 910
356 913
356 932
356 948
356 966
356 967
356 974
356 996
356 1030
356 1031
356 1038
356 1060
356 1094
356 1095
356 1102
356 1124
356 1140
356 1158
356 1159
356 1166
356 1167
356 1169
356 1188
356 1189
356 1204
356 1252
356 1268
357 13
357 29
357 32
357 37
357 101
357 165
357 205
357 207
357 209
357 229
357 244
357 293
357 333
357 335
357 337
357 421
357 436
357 463
357 477
357 485
357 500
357 512
357 529
357 539
357 546
357 549
357 550
357 587
357 589
357 608
357 610
357 613
357 614
357 653
357 657
357 677
357 692
357 733
357 738
357 741
357 742
357 781
357 783
357 849
357 869
357 911
357 913
357 925
357 933
357 974
357 975
357 977
357 1012
357 1039
357 1041
357 1061
357 1076
357 1103
357 1105
357 1117
357 1152
357 1167
357 1169
357 1181
357 1216
357 1229
357 1231
358 166
358 230
358 294
358 422
358 486
358 550
358 651
359 167
359 231
359 295
359 423
359 487
359 551
360 168
360 232
360 296
360 424
360 427
360 488
360 552
360 890
361 169
361 233
361 235
361 297
361 366
361 425
361 489
361 553
362 170
362 234
362 298
362 426
362 490
362 554
362 746
363 171
363 235
363 299
363 381
363 427
363 491
363 555
363 889
363 1004
363 1215
364 172
364 236
364 300
364 428
364 492
364 556
365 173
365 237
365 301
365 429
365 493
365 557
366 174
366 235
366 238
366 302
366 361
366 430
366 494
366 558
367 175
367 239
367 303
367 431
367 495
367 559
367 575
368 48
368 176
368 240
368 304
368 432
368 496
368 506
368 560
368 1265
369 90
369 177
369 241
369 305
369 433
369 497
369 561
370 88
370 129
370 178
370 242
370 306
370 323
370 434
370 498
370 562
370 1214
371 179
371 243
371 307
371 435
371 499
371 563
371 625
371 858
372 180
372 244
372 308
372 436
372 500
372 564
373 181
373 245
373 254
373 309
373 437
373 501
373 565
373 761
374 182
374 246
374 301
374 306
374 310
374 438
374 502
374 566
374 856
375 183
375 247
375 311
375 439
375 503
375 567
376 184
376 248
376 312
376 440
376 504
376 568
376 1272
377 185
377 249
377 313
377 441
377 505
377 569
378 186
378 250
378 314
378 442
378 506
378 570
378 700
378 816
378 1129
379 187
379 251
379 315
379 443
379 507
379 571
380 188
380 252
380 316
380 444
380 508
380 572
380 1016
381 189
381 253
381 317
381 363
381 445
381 509
381 573
381 889
381 1004
381 1215
382 75
382 190
382 254
382 318
382 446
382 510
382 574
382 1036
383 191
383 255
383 319
383 442
383 447
383 511
383 575
383 810
383 895
384 54
384 192
384 256
384 320
384 448
384 512
384 576
384 680
385 193
385 247
385 257
385 321
385 449
385 513
385 577
385 1052
386 194
386 258
386 322
386 450
386 514
386 578
386 885
386 949
386 972
387 119
387 195
387 259
387 323
387 451
387 515
387 579
387 1198
388 196
388 260
388 324
388 452
388 516
388 580
388 999
389 5
389 15
389 69
389 133
389 197
389 261
389 325
389 453
389 517
389 581
389 645
389 709
389 773
389 837
389 901
389 965
389 1029
389 1093
389 1157
389 1221
390 6
390 7
390 14
390 36
390 70
390 71
390 78
390 100
390 134
390 135
390 142
390 164
390 198
390 199
390 206
390 228
390 262
390 263
390 270
390 292
390 326
390 327
390 334
390 356
390 391
390 398
390 420
390 454
390 455
390 462
390 484
390 518
390 519
390 526
390 548
390 564
390 582
390 583
390 590
390 612
390 628
390 646
390 647
390 654
390 676
390 710
390 711
390 717
390 718
390 740
390 774
390 775
390 782
390 804
390 838
390 839
390 846
390 868
390 902
390 903
390 910
390 932
390 948
390 966
390 967
390 996
390 1030
390 1031
390 1038
390 1060
390 1094
390 1095
390 1124
390 1140
390 1158
390 1159
390 1166
390 1188
390 1189
390 1204
390 1222
390 1223
390 1230
390 1252
390 1268
391 6
391 7
391 14
391 36
391 37
391 70
391 71
391 78
391 100
391 134
391 135
391 142
391 164
391 198
391 199
391 205
391 206
391 228
391 262
391 263
391 269
391 270
391 292
391 293
391 326
391 327
391 334
391 356
391 390
391 398
391 420
391 454
391 455
391 462
391 477
391 484
391 518
391 519
391 526
391 548
391 549
391 550
391 564
391 582
391 583
391 590
391 612
391 628
391 646
391 647
391 653
391 654
391 676
391 677
391 692
391 710
391 711
391 717
391 718
391 738
391 740
391 742
391 774
391 775
391 782
391 804
391 820
391 838
391 839
391 846
391 868
391 884
391 902
391 903
391 910
391 911
391 913
391 932
391 948
391 966
391 967
391 974
391 977
391 996
391 1012
391 1030
391 1031
391 1038
391 1041
391 1060
391 1094
391 1095
391 1102
391 1124
391 1140
391 1158
391 1159
391 1166
391 1167
391 1169
391 1188
391 1189
391 1204
391 1222
391 1230
391 1252
391 1253
391 1268
392 200
392 264
392 328
392 456
392 520
392 584
392 1164
393 131
393 190
393 201
393 246
393 265
393 329
393 457
393 521
393 585
394 202
394 266
394 330
394 458
394 522
394 586
394 1217
395 203
395 267
395 331
395 459
395 523
395 587
396 204
396 268
396 332
396 460
396 524
396 588
396 900
397 205
397 269
397 333
397 461
397 525
397 589
397 1254
398 6
398 7
398 14
398 36
398 70
398 71
398 78
398 100
398 134
398 135
398 142
398 164
398 198
398 199
398 205
398 206
398 228
398 262
398 263
398 269
398 270
398 292
398 293
398 326
398 327
398 334
398 356
398 390
398 391
398 420
398 454
398 455
398 462
398 484
398 518
398 519
398 526
398 548
398 549
398 550
398 564
398 582
398 583
398 590
398 612
398 628
398 646
398 647
398 654
398 676
398 692
398 710
398 711
398 717
398 718
398 738
398 740
398 742
398 774
398 775
398 782
398 804
398 820
398 838
398 839
398 846
398 868
398 884
398 902
398 903
398 910
398 913
398 932
398 948
398 966
398 967
398 974
398 996
398 1030
398 1031
398 1038
398 1060
398 1094
398 1095
398 1102
398 1124
398 1140
398 1158
398 1159
398 1166
398 1167
398 1169
398 1188
398 1189
398 1204
398 1222
398 1223
398 1230
398 1252
398 1253
398 1268
399 207
399 271
399 335
399 463
399 527
399 591
400 208
400 272
400 336
400 410
400 464
400 528
400 592
401 209
401 273
401 337
401 465
401 529
401 593
402 210
402 274
402 338
402 466
402 530
402 594
402 631
403 211
403 275
403 322
403 339
403 467
403 531
403 537
403 595
404 212
404 276
404 296
404 340
404 468
404 532
404 596
404 876
405 213
405 277
405 341
405 469
405 533
405 574
405 597
405 1055
406 214
406 278
406 342
406 470
406 534
406 598
406 743
407 215
407 279
407 343
407 471
407 535
407 599
407 828
408 216
408 280
408 344
408 351
408 472
408 536
408 600
409 117
409 217
409 281
409 345
409 473
409 537
409 601
409 1183
409 1232
410 218
410 282
410 346
410 400
410 474
410 538
410 602
411 50
411 219
411 283
411 347
411 475
411 539
411 603
411 924
412 220
412 284
412 348
412 476
412 540
412 604
412 807
412 897
412 1185
413 221
413 285
413 349
413 477
413 541
413 598
413 605
413 736
414 173
414 222
414 286
414 350
414 433
414 478
414 542
414 606
414 863
415 223
415 287
415 351
415 479
415 513
415 543
415 607
416 214
416 224
416 288
416 352
416 465
416 480
416 544
416 608
416 672
416 714
416 845
416 870
416 1233
417 128
417 225
417 289
417 353
417 481
417 545
417 609
418 226
418 290
418 354
418 482
418 546
418 610
419 227
419 291
419 355
419 483
419 504
419 547
419 611
420 6
420 7
420 14
420 36
420 70
420 71
420 78
420 100
420 134
420 135
420 142
420 164
420 198
420 199
420 206
420 228
420 262
420 263
420 269
420 270
420 292
420 326
420 327
420 334
420 356
420 390
420 391
420 398
420 454
420 455
420 462
420 484
420 518
420 519
420 526
420 548
420 564
420 582
420 583
420 590
420 612
420 628
420 646
420 647
420 654
420 676
420 710
420 711
420 717
420 718
420 740
420 774
420 775
420 782
420 804
420 820
420 838
420 839
420 846
420 868
420 884
420 902
420 903
420 910
420 932
420 948
420 966
420 967
420 996
420 1030
420 1031
420 1038
420 1060
420 1094
420 1095
420 1102
420 1124
420 1140
420 1158
420 1159
420 1166
420 1188
420 1189
420 1204
420 1222
420 1223
420 1230
420 1252
420 1268
421 13
421 32
421 37
421 100
421 205
421 207
421 209
421 229
421 244
421 269
421 293
421 333
421 335
421 337
421 357
421 436
421 463
421 477
421 485
421 500
421 512
421 529
421 539
421 546
421 549
421 550
421 564
421 587
421 589
421 613
421 614
421 653
421 657
421 677
421 692
421 717
421 733
421 738
421 741
421 742
421 781
421 820
421 849
421 869
421 884
421 911
421 913
421 925
421 933
421 948
421 974
421 975
421 977
421 1012
421 1039
421 1041
421 1061
421 1076
421 1102
421 1103
421 1105
421 1117
421 1152
421 1167
421 1169
421 1181
421 1189
421 1216
421 1229
421 1231
421 1253
422 230
422 294
422 358
422 486
422 550
422 614
423 231
423 295
423 359
423 487
423 551
423 615
423 927
424 232
424 296
424 360
424 488
424 552
424 616
424 877
425 233
425 297
425 361
425 489
425 553
425 573
425 617
425 963
426 130
426 234
426 298
426 362
426 490
426 554
426 618
426 893
427 235
427 299
427 360
427 363
427 491
427 555
427 619
427 890
428 236
428 300
428 364
428 492
428 556
428 620
428 656
428 1059
429 237
429 301
429 365
429 493
429 557
429 621
430 113
430 238
430 297
430 302
430 366
430 494
430 558
430 622
431 74
431 239
431 303
431 367
431 495
431 559
431 623
431 1172
432 240
432 304
432 368
432 496
432 560
432 624
433 173
433 241
433 305
433 369
433 414
433 497
433 561
433 625
433 863
434 242
434 306
434 370
434 498
434 562
434 626
435 9
435 243
435 307
435 371
435 499
435 563
435 627
435 633
436 13
436 29
436 32
436 37
436 86
436 101
436 207
436 209
436 229
436 244
436 308
436 333
436 335
436 337
436 357
436 372
436 421
436 461
436 463
436 485
436 500
436 512
436 527
436 529
436 539
436 546
436 564
436 587
436 589
436 591
436 593
436 608
436 610
436 613
436 614
436 628
436 653
436 657
436 721
436 733
436 741
436 781
436 783
436 849
436 869
436 911
436 925
436 933
436 975
436 977
436 1039
436 1041
436 1061
436 1076
436 1103
436 1105
436 1117
436 1152
436 1181
436 1216
436 1229
436 1231
437 44
437 245
437 309
437 373
437 501
437 565
437 596
437 629
437 1178
438 246
438 310
438 374
438 502
438 566
438 630
439 247
439 311
439 375
439 503
439 567
439 631
439 679
439 1101
440 62
440 248
440 312
440 376
440 492
440 504
440 568
440 632
441 121
441 249
441 313
441 377
441 505
441 569
441 633
441 891
442 250
442 314
442 378
442 383
442 506
442 570
442 634
442 810
442 895
443 251
443 315
443 379
443 507
443 571
443 635
444 252
444 316
444 380
444 508
444 572
444 636
445 253
445 317
445 381
445 447
445 509
445 573
445 637
445 770
445 981
445 994
446 254
446 318
446 382
446 510
446 574
446 578
446 638
446 1154
447 255
447 319
447 383
447 445
447 511
447 575
447 639
447 770
447 981
447 994
448 256
448 265
448 320
448 384
448 512
448 576
448 640
449 257
449 321
449 385
449 513
449 577
449 641
450 73
450 258
450 322
450 386
450 493
450 514
450 578
450 642
450 739
450 984
450 1026
450 1071
451 66
451 258
451 259
451 323
451 387
451 515
451 579
451 643
452 260
452 324
452 388
452 516
452 580
452 644
453 5
453 15
453 69
453 133
453 197
453 261
453 325
453 389
453 517
453 581
453 645
453 709
453 773
453 837
453 901
453 965
453 1029
453 1093
453 1157
453 1221
454 6
454 7
454 14
454 36
454 70
454 71
454 78
454 100
454 134
454 135
454 142
454 164
454 198
454 199
454 206
454 228
454 262
454 263
454 270
454 292
454 326
454 327
454 334
454 356
454 390
454 391
454 398
454 420
454 455
454 462
454 484
454 518
454 519
454 526
454 548
454 582
454 583
454 590
454 612
454 628
454 646
454 647
454 654
454 676
454 710
454 711
454 718
454 740
454 774
454 775
454 782
454 804
454 838
454 839
454 846
454 868
454 902
454 903
454 910
454 932
454 948
454 966
454 967
454 996
454 1030
454 1031
454 1038
454 1060
454 1094
454 1095
454 1124
454 1140
454 1158
454 1159
454 1166
454 1188
454 1204
454 1222
454 1223
454 1230
454 1252
454 1268
455 6
455 7
455 14
455 36
455 70
455 71
455 78
455 100
455 134
455 135
455 142
455 164
455 198
455 199
455 206
455 228
455 262
455 263
455 269
455 270
455 292
455 326
455 327
455 334
455 356
455 390
455 391
455 398
455 420
455 454
455 462
455 484
455 518
455 519
455 526
455 548
455 564
455 582
455 583
455 590
455 612
455 628
455 646
455 647
455 654
455 676
455 710
455 711
455 717
455 718
455 740
455 774
455 775
455 782
455 804
455 820
455 838
455 839
455 846
455 868
455 884
455 902
455 903
455 910
455 932
455 948
455 966
455 967
455 996
455 1030
455 1031
455 1038
455 1060
455 1094
455 1095
455 1102
455 1124
455 1140
455 1158
455 1159
455 1166
455 1188
455 1189
455 1204
455 1222
455 1223
455 1230
455 1252
455 1268
456 216
456 264
456 318
456 328
456 392
456 520
456 535
456 584
456 648
457 265
457 329
457 393
457 521
457 585
457 588
457 649
458 266
458 330
458 394
458 522
458 586
458 650
458 1191
459 267
459 331
459 395
459 523
459 587
459 651
459 836
460 268
460 332
460 396
460 524
460 588
460 652
460 1278
461 29
461 86
461 101
461 214
461 269
461 333
461 337
461 397
461 436
461 465
461 500
461 512
461 525
461 527
461 529
461 539
461 546
461 589
461 591
461 593
461 608
461 610
461 653
461 719
461 721
461 781
461 783
461 845
461 861
461 933
461 1061
461 1181
461 1233
462 6
462 7
462 14
462 36
462 37
462 70
462 71
462 78
462 100
462 134
462 135
462 142
462 164
462 198
462 199
462 205
462 206
462 228
462 262
462 263
462 269
462 270
462 292
462 293
462 326
462 327
462 334
462 356
462 390
462 391
462 398
462 420
462 454
462 455
462 477
462 484
462 518
462 519
462 526
462 548
462 549
462 550
462 564
462 582
462 583
462 590
462 612
462 628
462 646
462 647
462 653
462 654
462 676
462 677
462 692
462 710
462 711
462 717
462 718
462 738
462 740
462 742
462 774
462 775
462 782
462 804
462 820
462 838
462 839
462 846
462 868
462 884
462 902
462 903
462 910
462 911
462 913
462 932
462 948
462 966
462 967
462 974
462 977
462 996
462 1012
462 1030
462 1031
462 1038
462 1041
462 1060
462 1094
462 1095
462 1102
462 1124
462 1140
462 1158
462 1159
462 1166
462 1167
462 1169
462 1188
462 1189
462 1204
462 1222
462 1230
462 1252
462 1253
462 1268
463 13
463 32
463 37
463 205
463 207
463 209
463 229
463 244
463 269
463 271
463 293
463 333
463 335
463 337
463 357
463 399
463 421
463 436
463 477
463 485
463 500
463 512
463 527
463 529
463 539
463 546
463 549
463 550
463 564
463 587
463 589
463 591
463 613
463 614
463 653
463 655
463 657
463 677
463 692
463 717
463 733
463 738
463 741
463 742
463 781
463 820
463 849
463 869
463 884
463 911
463 913
463 925
463 933
463 948
463 974
463 975
463 977
463 1012
463 1039
463 1041
463 1061
463 1076
463 1102
463 1103
463 1105
463 1117
463 1152
463 1167
463 1169
463 1181
463 1189
463 1216
463 1229
463 1231
463 1253
464 223
464 272
464 336
464 400
464 528
464 592
464 656
464 724
465 86
465 214
465 273
465 337
465 401
465 416
465 461
465 529
465 593
465 657
465 672
465 714
465 719
465 845
465 861
465 870
465 1233
466 274
466 338
466 341
466 402
466 530
466 594
466 658
466 673
467 0
467 275
467 339
467 403
467 531
467 595
467 659
467 958
468 89
468 276
468 340
468 404
468 532
468 596
468 660
469 144
469 189
469 200
469 277
469 341
469 405
469 533
469 597
469 661
470 278
470 342
470 406
470 534
470 598
470 662
471 104
471 279
471 343
471 407
471 535
471 538
471 599
471 663
471 818
471 857
472 280
472 344
472 408
472 536
472 600
472 664
473 178
473 281
473 345
473 409
473 537
473 601
473 665
474 282
474 346
474 410
474 538
474 602
474 666
475 283
475 347
475 411
475 539
475 603
475 667
476 284
476 348
476 412
476 540
476 604
476 668
477 7
477 13
477 32
477 36
477 37
477 71
477 100
477 205
477 207
477 209
477 229
477 244
477 269
477 285
477 293
477 327
477 333
477 335
477 349
477 357
477 391
477 413
477 421
477 462
477 463
477 484
477 485
477 529
477 541
477 549
477 550
477 564
477 587
477 589
477 605
477 613
477 614
477 628
477 653
477 654
477 657
477 669
477 677
477 692
477 717
477 733
477 738
477 741
477 742
477 775
477 804
477 820
477 846
477 849
477 869
477 884
477 910
477 911
477 913
477 925
477 948
477 967
477 974
477 975
477 977
477 996
477 1012
477 1030
477 1038
477 1039
477 1041
477 1076
477 1102
477 1103
477 1105
477 1117
477 1140
477 1152
477 1167
477 1169
477 1181
477 1189
477 1216
477 1229
477 1231
477 1253
477 1268
478 276
478 286
478 350
478 414
478 542
478 606
478 670
479 183
479 287
479 351
479 415
479 543
479 569
479 607
479 671
479 780
480 288
480 352
480 416
480 544
480 608
480 650
480 672
480 1250
481 28
481 289
481 353
481 417
481 545
481 609
481 643
481 673
481 894
481 943
481 1241
482 290
482 354
482 418
482 546
482 610
482 674
483 16
483 253
483 291
483 355
483 419
483 547
483 611
483 675
483 763
483 764
484 6
484 7
484 14
484 36
484 37
484 70
484 71
484 78
484 100
484 134
484 135
484 142
484 164
484 198
484 199
484 205
484 206
484 228
484 262
484 263
484 269
484 270
484 292
484 293
484 326
484 327
484 334
484 356
484 390
484 391
484 398
484 420
484 454
484 455
484 462
484 477
484 518
484 519
484 526
484 548
484 549
484 550
484 564
484 582
484 583
484 590
484 612
484 628
484 646
484 647
484 654
484 676
484 677
484 692
484 710
484 711
484 717
484 718
484 738
484 740
484 742
484 774
484 775
484 782
484 804
484 820
484 838
484 839
484 846
484 868
484 884
484 902
484 903
484 910
484 911
484 913
484 932
484 948
484 966
484 967
484 974
484 996
484 1012
484 1030
484 1031
484 1038
484 1060
484 1094
484 1095
484 1102
484 1124
484 1140
484 1158
484 1159
484 1166
484 1167
484 1169
484 1188
484 1189
484 1204
484 1222
484 1230
484 1252
484 1253
484 1268
485 13
485 29
485 32
485 37
485 101
485 205
485 207
485 209
485 229
485 244
485 293
485 333
485 335
485 337
485 357
485 421
485 436
485 463
485 477
485 500
485 512
485 527
485 529
485 539
485 546
485 549
485 550
485 587
485 589
485 593
485 608
485 610
485 613
485 614
485 653
485 657
485 677
485 721
485 733
485 738
485 741
485 781
485 783
485 849
485 869
485 911
485 913
485 925
485 933
485 974
485 975
485 977
485 1012
485 1039
485 1041
485 1061
485 1076
485 1103
485 1105
485 1117
485 1152
485 1167
485 1169
485 1181
485 1216
485 1229
485 1231
485 1253
486 145
486 294
486 358
486 422
486 550
486 614
486 678
487 83
487 195
487 295
487 359
487 423
487 551
487 615
487 679
488 296
488 360
488 424
488 552
488 616
488 680
489 297
489 361
489 425
489 553
489 617
489 681
489 720
489 873
489 1187
490 35
490 298
490 362
490 426
490 554
490 618
490 682
491 299
491 363
491 427
491 555
491 619
491 683
491 819
492 62
492 300
492 364
492 428
492 440
492 556
492 620
492 684
493 73
493 301
493 365
493 429
493 450
493 557
493 621
493 685
493 739
493 984
493 1026
493 1071
494 302
494 366
494 430
494 558
494 622
494 686
494 697
495 303
495 367
495 431
495 559
495 623
495 687
496 304
496 368
496 432
496 560
496 571
496 624
496 688
496 938
497 305
497 369
497 433
497 561
497 625
497 689
497 1195
497 1279
498 306
498 370
498 434
498 553
498 562
498 626
498 690
498 937
498 1109
499 307
499 371
499 435
499 563
499 627
499 691
499 852
500 13
500 29
500 32
500 37
500 86
500 101
500 207
500 209
500 229
500 244
500 308
500 333
500 335
500 337
500 357
500 372
500 421
500 436
500 461
500 463
500 485
500 512
500 527
500 529
500 539
500 546
500 564
500 587
500 589
500 591
500 593
500 608
500 610
500 613
500 614
500 628
500 653
500 657
500 677
500 692
500 721
500 733
500 741
500 781
500 783
500 849
500 869
500 911
500 925
500 933
500 975
500 977
500 1039
500 1041
500 1061
500 1076
500 1103
500 1105
500 1117
500 1152
500 1181
500 1216
500 1229
500 1231
501 118
501 153
501 309
501 373
501 437
501 565
501 629
501 693
502 310
502 374
502 438
502 542
502 566
502 630
502 694
503 311
503 375
503 439
503 567
503 631
503 695
503 1006
504 312
504 376
504 419
504 440
504 568
504 632
504 696
505 313
505 377
505 441
505 569
505 633
505 697
506 48
506 314
506 368
506 378
506 442
506 570
506 634
506 698
506 1265
507 315
507 379
507 443
507 571
507 635
507 699
508 316
508 380
508 444
508 572
508 636
508 700
508 1203
509 317
509 381
509 445
509 573
509 637
509 701
510 158
510 257
510 318
510 382
510 446
510 574
510 638
510 702
511 319
511 383
511 447
511 575
511 639
511 703
511 1018
511 1136
512 13
512 29
512 32
512 37
512 86
512 101
512 207
512 209
512 229
512 244
512 320
512 333
512 335
512 337
512 357
512 384
512 421
512 436
512 448
512 461
512 463
512 485
512 500
512 527
512 529
512 539
512 546
512 576
512 587
512 589
512 591
512 593
512 608
512 610
512 613
512 614
512 640
512 653
512 657
512 677
512 704
512 721
512 733
512 741
512 781
512 783
512 849
512 869
512 911
512 925
512 933
512 975
512 977
512 1039
512 1041
512 1061
512 1076
512 1103
512 1105
512 1117
512 1152
512 1181
512 1216
512 1229
512 1231
513 321
513 385
513 415
513 449
513 577
513 641
513 705
514 322
514 386
514 450
514 578
514 642
514 706
515 323
515 387
515 451
515 579
515 643
515 707
516 324
516 388
516 452
516 580
516 644
516 708
516 756
517 5
517 15
517 69
517 133
517 197
517 261
517 325
517 389
517 453
517 581
517 645
517 709
517 773
517 837
517 901
517 965
517 1029
517 1093
517 1157
517 1221
518 6
518 7
518 14
518 36
518 70
518 71
518 78
518 134
518 135
518 142
518 164
518 198
518 199
518 206
518 228
518 262
518 263
518 270
518 292
518 326
518 327
518 334
518 356
518 390
518 391
518 398
518 420
518 454
518 455
518 462
518 484
518 519
518 526
518 548
518 582
518 583
518 590
518 612
518 628
518 646
518 647
518 654
518 676
518 710
518 711
518 718
518 740
518 774
518 775
518 782
518 804
518 838
518 839
518 846
518 868
518 902
518 903
518 910
518 932
518 966
518 967
518 996
518 1030
518 1031
518 1038
518 1060
518 1094
518 1095
518 1124
518 1140
518 1158
518 1159
518 1166
518 1188
518 1204
518 1222
518 1223
518 1230
518 1252
518 1268
519 6
519 7
519 14
519 36
519 70
519 71
519 78
519 100
519 134
519 135
519 142
519 164
519 198
519 199
519 206
519 228
519 262
519 263
519 270
519 292
519 326
519 327
519 334
519 356
519 390
519 391
519 398
519 420
519 454
519 455
519 462
519 484
519 518
519 526
519 548
519 582
519 583
519 590
519 612
519 628
519 646
519 647
519 654
519 676
519 710
519 711
519 718
519 740
519 774
519 775
519 782
519 804
519 838
519 839
519 846
519 868
519 902
519 903
519 910
519 932
519 966
519 967
519 996
519 1030
519 1031
519 1038
519 1060
519 1094
519 1095
519 1124
519 1140
519 1158
519 1159
519 1166
519 1188
519 1204
519 1222
519 1223
519 1230
519 1252
519 1268
520 328
520 392
520 456
520 584
520 648
520 712
520 1057
521 93
521 329
521 393
521 457
521 585
521 594
521 615
521 649
521 713
522 219
522 330
522 394
522 458
522 586
522 650
522 714
523 331
523 395
523 459
523 587
523 651
523 715
524 332
524 396
524 460
524 588
524 652
524 716
525 143
525 333
525 397
525 461
525 589
525 653
525 717
526 6
526 7
526 14
526 36
526 70
526 71
526 78
526 100
526 134
526 135
526 142
526 164
526 198
526 199
526 206
526 228
526 262
526 263
526 269
526 270
526 292
526 326
526 327
526 334
526 356
526 390
526 391
526 398
526 420
526 454
526 455
526 462
526 484
526 518
526 519
526 548
526 564
526 582
526 583
526 590
526 612
526 628
526 646
526 647
526 654
526 676
526 692
526 710
526 711
526 717
526 718
526 740
526 742
526 774
526 775
526 782
526 804
526 820
526 838
526 839
526 846
526 868
526 884
526 902
526 903
526 910
526 932
526 948
526 966
526 967
526 996
526 1030
526 1031
526 1038
526 1060
526 1094
526 1095
526 1102
526 1124
526 1140
526 1158
526 1159
526 1166
526 1188
526 1189
526 1204
526 1222
526 1223
526 1230
526 1252
526 1268
527 13
527 29
527 32
527 86
527 101
527 209
527 335
527 337
527 399
527 436
527 461
527 463
527 485
527 500
527 512
527 529
527 539
527 546
527 589
527 591
527 593
527 608
527 610
527 655
527 657
527 719
527 721
527 781
527 783
527 845
527 861
527 925
527 933
527 1061
527 1103
527 1152
527 1181
527 1229
528 336
528 400
528 464
528 592
528 656
528 720
529 13
529 29
529 32
529 37
529 101
529 207
529 209
529 229
529 244
529 293
529 333
529 335
529 337
529 357
529 401
529 421
529 436
529 461
529 463
529 465
529 477
529 485
529 500
529 512
529 527
529 539
529 546
529 587
529 589
529 591
529 593
529 608
529 610
529 613
529 614
529 653
529 657
529 677
529 721
529 733
529 741
529 781
529 783
529 849
529 869
529 911
529 925
529 933
529 975
529 977
529 1012
529 1039
529 1041
529 1061
529 1076
529 1103
529 1105
529 1117
529 1152
529 1169
529 1181
529 1216
529 1229
529 1231
530 267
530 338
530 402
530 466
530 541
530 594
530 658
530 722
530 1180
531 339
531 403
531 467
531 595
531 659
531 723
532 340
532 404
532 468
532 596
532 632
532 660
532 724
532 729
532 1137
532 1194
533 341
533 405
533 469
533 597
533 661
533 725
533 865
534 342
534 406
534 470
534 598
534 662
534 726
534 847
534 864
535 216
535 318
535 343
535 407
535 456
535 471
535 599
535 663
535 727
536 344
536 408
536 472
536 600
536 664
536 728
537 322
537 345
537 403
537 409
537 473
537 601
537 665
537 729
538 104
538 346
538 410
538 471
538 474
538 602
538 666
538 730
538 818
538 857
539 13
539 29
539 32
539 86
539 101
539 207
539 209
539 229
539 244
539 333
539 335
539 337
539 347
539 357
539 411
539 421
539 436
539 461
539 463
539 475
539 485
539 500
539 512
539 527
539 529
539 546
539 587
539 589
539 591
539 593
539 603
539 608
539 610
539 613
539 614
539 653
539 657
539 667
539 721
539 731
539 733
539 741
539 781
539 783
539 849
539 869
539 925
539 933
539 975
539 977
539 1039
539 1041
539 1061
539 1076
539 1103
539 1105
539 1117
539 1152
539 1181
539 1216
539 1229
539 1231
540 348
540 412
540 476
540 604
540 668
540 732
541 267
541 349
541 413
541 477
541 530
541 605
541 669
541 733
541 1180
542 350
542 414
542 478
542 502
542 606
542 670
542 734
543 351
543 415
543 479
543 607
543 671
543 716
543 735
544 352
544 416
544 480
544 608
544 672
544 736
545 329
545 353
545 417
545 481
545 609
545 673
545 737
546 13
546 29
546 32
546 37
546 86
546 101
546 207
546 209
546 229
546 244
546 333
546 335
546 337
546 354
546 357
546 418
546 421
546 436
546 461
546 463
546 482
546 485
546 500
546 512
546 527
546 529
546 539
546 587
546 589
546 591
546 593
546 608
546 610
546 613
546 614
546 653
546 657
546 674
546 677
546 721
546 733
546 738
546 741
546 781
546 783
546 849
546 869
546 911
546 925
546 933
546 975
546 977
546 1012
546 1039
546 1041
546 1061
546 1076
546 1103
546 1105
546 1117
546 1152
546 1181
546 1216
546 1229
546 1231
547 43
547 355
547 419
547 483
547 611
547 675
547 739
547 1128
548 6
548 7
548 14
548 36
548 70
548 71
548 78
548 100
548 134
548 135
548 142
548 164
548 198
548 199
548 206
548 228
548 262
548 263
548 269
548 270
548 292
548 326
548 327
548 334
548 356
548 390
548 391
548 398
548 420
548 454
548 455
548 462
548 484
548 518
548 519
548 526
548 564
548 582
548 583
548 590
548 612
548 628
548 646
548 647
548 654
548 676
548 710
548 711
548 717
548 718
548 740
548 774
548 775
548 782
548 804
548 838
548 839
548 846
548 868
548 902
548 903
548 910
548 932
548 948
548 966
548 967
548 996
548 1030
548 1031
548 1038
548 1060
548 1094
548 1095
548 1124
548 1140
548 1158
548 1159
548 1166
548 1188
548 1189
548 1204
548 1222
548 1223
548 1230
548 1252
548 1268
549 7
549 14
549 36
549 37
549 71
549 78
549 100
549 135
549 142
549 164
549 199
549 205
549 206
549 207
549 229
549 244
549 269
549 292
549 293
549 327
549 333
549 334
549 335
549 356
549 357
549 391
549 398
549 421
549 462
549 463
549 477
549 484
549 485
549 550
549 564
549 587
549 613
549 614
549 628
549 653
549 654
549 657
549 677
549 692
549 717
549 718
549 733
549 738
549 741
549 742
549 775
549 804
549 820
549 846
549 849
549 868
549 869
549 884
549 903
549 910
549 911
549 913
549 925
549 932
549 948
549 966
549 967
549 974
549 975
549 977
549 996
549 1012
549 1030
549 1031
549 1038
549 1039
549 1041
549 1060
549 1076
549 1094
549 1102
549 1105
549 1117
549 1124
549 1140
549 1167
549 1169
549 1188
549 1189
549 1204
549 1216
549 1231
549 1252
549 1253
549 1268
550 7
550 14
550 36
550 37
550 71
550 78
550 100
550 135
550 142
550 164
550 199
550 205
550 206
550 207
550 228
550 229
550 244
550 263
550 269
550 292
550 293
550 327
550 333
550 334
550 335
550 356
550 357
550 358
550 391
550 398
550 421
550 422
550 462
550 463
550 477
550 484
550 485
550 486
550 549
550 564
550 587
550 612
550 613
550 614
550 628
550 653
550 654
550 657
550 677
550 678
550 692
550 717
550 718
550 733
550 738
550 741
550 742
550 775
550 782
550 804
550 820
550 846
550 849
550 868
550 869
550 884
550 903
550 910
550 911
550 913
550 932
550 948
550 966
550 967
550 974
550 975
550 977
550 996
550 1012
550 1030
550 1031
550 1038
550 1039
550 1041
550 1060
550 1076
550 1094
550 1102
550 1105
550 1117
550 1124
550 1140
550 1166
550 1167
550 1169
550 1188
550 1189
550 1204
550 1216
550 1231
550 1252
550 1253
550 1268
551 359
551 423
551 487
551 615
551 679
551 743
551 973
552 360
552 424
552 488
552 616
552 680
552 744
552 1073
553 361
553 425
553 489
553 498
553 617
553 681
553 745
553 937
553 1109
554 172
554 362
554 426
554 490
554 618
554 682
554 746
555 300
555 305
555 363
555 427
555 491
555 619
555 683
555 747
556 364
556 428
556 492
556 620
556 684
556 748
556 791
556 899
557 95
557 365
557 429
557 493
557 621
557 685
557 749
557 1256
558 98
558 366
558 430
558 494
558 622
558 686
558 750
558 1115
559 367
559 431
559 495
559 623
559 687
559 751
559 1010
559 1027
560 368
560 432
560 496
560 624
560 642
560 688
560 752
560 1201
561 264
561 369
561 433
561 497
561 625
561 689
561 753
562 370
562 434
562 498
562 626
562 690
562 754
563 371
563 435
563 499
563 627
563 691
563 755
563 760
564 6
564 7
564 14
564 36
564 37
564 70
564 71
564 78
564 100
564 135
564 142
564 164
564 199
564 205
564 206
564 207
564 228
564 229
564 244
564 263
564 269
564 270
564 292
564 293
564 327
564 333
564 334
564 356
564 372
564 390
564 391
564 398
564 420
564 421
564 436
564 455
564 462
564 463
564 477
564 484
564 500
564 526
564 548
564 549
564 550
564 587
564 590
564 612
564 613
564 628
564 647
564 653
564 654
564 676
564 677
564 692
564 717
564 718
564 733
564 738
564 740
564 741
564 742
564 756
564 774
564 775
564 782
564 804
564 820
564 839
564 846
564 868
564 869
564 884
564 903
564 910
564 911
564 913
564 932
564 948
564 966
564 967
564 974
564 977
564 996
564 1012
564 1030
564 1031
564 1038
564 1039
564 1041
564 1060
564 1076
564 1094
564 1102
564 1105
564 1117
564 1124
564 1140
564 1166
564 1167
564 1169
564 1188
564 1189
564 1204
564 1222
564 1231
564 1252
564 1253
564 1268
565 26
565 76
565 373
565 437
565 501
565 618
565 629
565 693
565 757
565 823
565 1123
566 161
566 339
566 374
566 438
566 502
566 630
566 694
566 758
567 375
567 439
567 503
567 631
567 695
567 759
568 376
568 440
568 504
568 632
568 696
568 760
569 183
569 377
569 441
569 479
569 505
569 633
569 697
569 761
569 780
570 80
570 378
570 442
570 506
570 634
570 698
570 762
571 379
571 443
571 496
571 507
571 635
571 699
571 763
571 938
572 380
572 444
572 508
572 636
572 700
572 764
573 381
573 425
573 445
573 509
573 637
573 701
573 765
573 963
574 382
574 405
574 446
574 510
574 638
574 702
574 766
574 1055
575 367
575 383
575 447
575 511
575 639
575 703
575 767
576 384
576 448
576 512
576 640
576 704
576 768
577 385
577 449
577 513
577 641
577 705
577 769
578 386
578 446
578 450
578 514
578 642
578 706
578 770
578 1154
579 387
579 451
579 515
579 643
579 707
579 771
580 388
580 452
580 516
580 644
580 708
580 772
581 5
581 15
581 69
581 133
581 197
581 261
581 325
581 389
581 453
581 517
581 645
581 709
581 773
581 837
581 901
581 965
581 1029
581 1093
581 1157
581 1221
582 6
582 7
582 14
582 36
582 70
582 71
582 78
582 100
582 134
582 135
582 142
582 164
582 198
582 199
582 206
582 228
582 262
582 263
582 270
582 292
582 326
582 327
582 334
582 356
582 390
582 391
582 398
582 420
582 454
582 455
582 462
582 484
582 518
582 519
582 526
582 548
582 583
582 590
582 612
582 628
582 646
582 647
582 654
582 676
582 710
582 711
582 718
582 740
582 774
582 775
582 782
582 804
582 838
582 839
582 846
582 868
582 902
582 903
582 910
582 932
582 966
582 967
582 996
582 1030
582 1031
582 1038
582 1060
582 1094
582 1095
582 1124
582 1140
582 1158
582 1159
582 1166
582 1188
582 1204
582 1222
582 1223
582 1230
582 1252
582 1268
583 6
583 7
583 14
583 36
583 70
583 71
583 78
583 100
583 134
583 135
583 142
583 164
583 198
583 199
583 206
583 228
583 262
583 263
583 270
583 292
583 326
583 327
583 334
583 356
583 390
583 391
583 398
583 420
583 454
583 455
583 462
583 484
583 518
583 519
583 526
583 548
583 582
583 590
583 612
583 628
583 646
583 647
583 654
583 676
583 710
583 711
583 717
583 718
583 740
583 774
583 775
583 782
583 804
583 838
583 839
583 846
583 868
583 902
583 903
583 910
583 932
583 948
583 966
583 967
583 996
583 1030
583 1031
583 1038
583 1060
583 1094
583 1095
583 1124
583 1140
583 1158
583 1159
583 1166
583 1188
583 1189
583 1204
583 1222
583 1223
583 1230
583 1252
583 1268
584 392
584 456
584 520
584 648
584 712
584 776
584 978
585 393
585 457
585 521
585 649
585 713
585 777
586 165
586 394
586 458
586 522
586 650
586 714
586 778
587 13
587 32
587 37
587 100
587 205
587 207
587 209
587 229
587 244
587 269
587 293
587 333
587 335
587 337
587 357
587 395
587 421
587 436
587 459
587 463
587 477
587 485
587 500
587 512
587 523
587 529
587 539
587 546
587 549
587 550
587 564
587 589
587 613
587 614
587 651
587 653
587 657
587 677
587 692
587 715
587 717
587 733
587 738
587 741
587 742
587 779
587 781
587 820
587 849
587 869
587 884
587 911
587 913
587 925
587 933
587 948
587 974
587 975
587 977
587 1012
587 1039
587 1041
587 1061
587 1076
587 1102
587 1103
587 1105
587 1117
587 1152
587 1167
587 1169
587 1181
587 1189
587 1216
587 1229
587 1231
587 1253
588 396
588 457
588 460
588 524
588 652
588 716
588 780
589 13
589 29
589 32
589 37
589 101
589 207
589 209
589 229
589 244
589 293
589 333
589 335
589 337
589 357
589 397
589 421
589 436
589 461
589 463
589 477
589 485
589 500
589 512
589 525
589 527
589 529
589 539
589 546
589 587
589 591
589 593
589 608
589 610
589 613
589 614
589 653
589 657
589 677
589 717
589 721
589 733
589 741
589 781
589 783
589 849
589 869
589 911
589 925
589 933
589 975
589 977
589 1012
589 1039
589 1041
589 1061
589 1076
589 1103
589 1105
589 1117
589 1152
589 1169
589 1181
589 1216
589 1229
589 1231
590 6
590 7
590 14
590 36
590 70
590 71
590 78
590 100
590 134
590 135
590 142
590 164
590 198
590 199
590 206
590 228
590 262
590 263
590 269
590 270
590 292
590 326
590 327
590 334
590 356
590 390
590 391
590 398
590 420
590 454
590 455
590 462
590 484
590 518
590 519
590 526
590 548
590 564
590 582
590 583
590 612
590 628
590 646
590 647
590 654
590 676
590 710
590 711
590 717
590 718
590 740
590 774
590 775
590 782
590 804
590 820
590 838
590 839
590 846
590 868
590 884
590 902
590 903
590 910
590 932
590 948
590 966
590 967
590 996
590 1030
590 1031
590 1038
590 1060
590 1094
590 1095
590 1102
590 1124
590 1140
590 1158
590 1159
590 1166
590 1188
590 1189
590 1204
590 1222
590 1223
590 1230
590 1252
590 1268
591 13
591 29
591 32
591 86
591 101
591 337
591 399
591 436
591 461
591 463
591 500
591 512
591 527
591 529
591 539
591 546
591 589
591 593
591 608
591 610
591 655
591 719
591 721
591 781
591 783
591 845
591 861
591 933
591 1061
591 1103
591 1152
591 1181
591 1229
591 1233
592 400
592 464
592 528
592 656
592 720
592 784
592 1224
593 13
593 29
593 32
593 86
593 101
593 209
593 337
593 401
593 436
593 461
593 465
593 485
593 500
593 512
593 527
593 529
593 539
593 546
593 589
593 591
593 608
593 610
593 657
593 719
593 721
593 781
593 783
593 785
593 849
593 861
593 925
593 933
593 975
593 1061
593 1103
593 1152
593 1181
593 1229
594 93
594 402
594 466
594 521
594 530
594 615
594 658
594 722
594 786
595 403
595 467
595 531
595 600
595 659
595 723
595 787
596 44
596 404
596 437
596 468
596 532
596 660
596 724
596 788
596 1178
597 268
597 405
597 469
597 533
597 661
597 725
597 789
597 950
598 406
598 413
598 470
598 534
598 662
598 726
598 736
598 790
599 407
599 471
599 535
599 663
599 727
599 791
599 923
600 408
600 472
600 536
600 595
600 664
600 728
600 792
601 409
601 473
601 537
601 665
601 729
601 793
602 410
602 474
602 538
602 666
602 675
602 730
602 794
602 1219
603 77
603 411
603 475
603 539
603 667
603 731
603 795
604 412
604 476
604 540
604 668
604 708
604 732
604 796
605 413
605 477
605 541
605 669
605 733
605 797
606 414
606 478
606 542
606 670
606 734
606 798
607 415
607 479
607 543
607 671
607 735
607 799
607 1239
608 13
608 29
608 32
608 86
608 101
608 209
608 229
608 244
608 335
608 337
608 357
608 416
608 436
608 461
608 480
608 485
608 500
608 512
608 527
608 529
608 539
608 544
608 546
608 589
608 591
608 593
608 610
608 614
608 657
608 672
608 719
608 721
608 733
608 736
608 781
608 783
608 800
608 849
608 861
608 925
608 933
608 975
608 1061
608 1103
608 1117
608 1152
608 1181
608 1216
608 1229
608 1231
609 417
609 481
609 545
609 673
609 737
609 801
609 1184
610 13
610 29
610 32
610 86
610 101
610 209
610 244
610 335
610 337
610 357
610 418
610 436
610 461
610 482
610 485
610 500
610 512
610 527
610 529
610 539
610 546
610 589
610 591
610 593
610 608
610 614
610 657
610 674
610 719
610 721
610 738
610 781
610 783
610 802
610 849
610 861
610 925
610 933
610 975
610 1061
610 1103
610 1152
610 1181
610 1216
610 1229
611 419
611 483
611 547
611 675
611 739
611 803
611 957
612 6
612 7
612 14
612 36
612 70
612 71
612 78
612 100
612 134
612 135
612 142
612 164
612 198
612 199
612 206
612 228
612 262
612 263
612 269
612 270
612 292
612 326
612 327
612 334
612 356
612 390
612 391
612 398
612 420
612 454
612 455
612 462
612 484
612 518
612 519
612 526
612 548
612 550
612 564
612 582
612 583
612 590
612 628
612 646
612 647
612 654
612 676
612 692
612 710
612 711
612 717
612 718
612 740
612 742
612 774
612 775
612 782
612 804
612 820
612 838
612 839
612 846
612 868
612 884
612 902
612 903
612 910
612 932
612 948
612 966
612 967
612 996
612 1030
612 1031
612 1038
612 1060
612 1094
612 1095
612 1102
612 1124
612 1140
612 1158
612 1159
612 1166
612 1188
612 1189
612 1204
612 1222
612 1223
612 1230
612 1252
612 1268
613 13
613 32
613 37
613 100
613 205
613 207
613 209
613 229
613 244
613 269
613 293
613 333
613 335
613 337
613 357
613 421
613 436
613 463
613 477
613 485
613 500
613 512
613 529
613 539
613 546
613 549
613 550
613 564
613 587
613 589
613 614
613 653
613 657
613 677
613 692
613 717
613 733
613 738
613 741
613 742
613 781
613 805
613 820
613 849
613 869
613 884
613 911
613 913
613 925
613 933
613 948
613 974
613 975
613 977
613 1012
613 1039
613 1041
613 1061
613 1076
613 1102
613 1103
613 1105
613 1117
613 1152
613 1167
613 1169
613 1181
613 1189
613 1216
613 1229
613 1231
613 1253
614 13
614 29
614 32
614 37
614 101
614 205
614 207
614 209
614 229
614 244
614 293
614 333
614 335
614 337
614 357
614 421
614 422
614 436
614 463
614 477
614 485
614 486
614 500
614 512
614 529
614 539
614 546
614 549
614 550
614 587
614 589
614 608
614 610
614 613
614 653
614 657
614 677
614 678
614 692
614 733
614 738
614 741
614 742
614 781
614 783
614 806
614 849
614 869
614 911
614 913
614 925
614 933
614 974
614 975
614 977
614 1012
614 1039
614 1041
614 1061
614 1076
614 1103
614 1105
614 1117
614 1152
614 1167
614 1169
614 1181
614 1216
614 1229
614 1231
614 1253
615 93
615 423
615 487
615 521
615 551
615 594
615 679
615 743
615 807
616 424
616 488
616 552
616 680
616 744
616 808
616 1139
617 425
617 489
617 553
617 681
617 745
617 809
618 26
618 76
618 426
618 490
618 554
618 565
618 682
618 746
618 810
618 823
618 1123
619 427
619 491
619 555
619 683
619 747
619 811
620 428
620 492
620 556
620 684
620 748
620 812
621 429
621 493
621 557
621 685
621 749
621 813
621 1051
622 107
622 191
622 430
622 494
622 558
622 686
622 750
622 814
623 345
623 431
623 495
623 559
623 687
623 751
623 815
624 432
624 496
624 560
624 688
624 752
624 816
625 371
625 433
625 497
625 561
625 689
625 753
625 817
625 858
626 434
626 498
626 562
626 690
626 754
626 818
627 176
627 435
627 499
627 563
627 691
627 755
627 819
627 1084
627 1275
628 6
628 7
628 14
628 36
628 37
628 70
628 71
628 78
628 100
628 134
628 135
628 142
628 164
628 198
628 199
628 205
628 206
628 228
628 262
628 263
628 269
628 270
628 292
628 293
628 326
628 327
628 334
628 356
628 390
628 391
628 398
628 420
628 436
628 454
628 455
628 462
628 477
628 484
628 500
628 518
628 519
628 526
628 548
628 549
628 550
628 564
628 582
628 583
628 590
628 612
628 646
628 647
628 653
628 654
628 676
628 677
628 692
628 710
628 711
628 717
628 718
628 738
628 740
628 742
628 756
628 774
628 775
628 782
628 804
628 820
628 838
628 839
628 846
628 868
628 884
628 902
628 903
628 910
628 911
628 913
628 932
628 948
628 966
628 967
628 974
628 977
628 996
628 1012
628 1030
628 1031
628 1038
628 1041
628 1060
628 1094
628 1095
628 1102
628 1124
628 1140
628 1158
628 1159
628 1166
628 1167
628 1169
628 1188
628 1189
628 1204
628 1222
628 1230
628 1252
628 1253
628 1268
629 239
629 437
629 501
629 565
629 693
629 734
629 757
629 821
629 1276
630 438
630 502
630 566
630 694
630 758
630 822
630 1141
631 402
631 439
631 503
631 567
631 695
631 759
631 823
632 440
632 504
632 532
632 568
632 696
632 729
632 760
632 824
632 1137
632 1194
633 9
633 435
633 441
633 505
633 569
633 697
633 761
633 825
634 298
634 442
634 506
634 570
634 698
634 762
634 826
634 1209
635 443
635 507
635 571
635 699
635 763
635 827
635 1048
636 103
636 444
636 508
636 572
636 700
636 764
636 828
636 872
636 936
637 30
637 56
637 169
637 445
637 509
637 573
637 701
637 765
637 829
637 1043
637 1242
638 446
638 510
638 574
638 702
638 766
638 830
639 447
639 511
639 575
639 703
639 767
639 831
639 939
640 448
640 512
640 576
640 704
640 768
640 832
641 224
641 449
641 513
641 577
641 705
641 731
641 769
641 833
642 450
642 514
642 560
642 578
642 706
642 770
642 834
642 1201
643 28
643 451
643 481
643 515
643 579
643 707
643 771
643 835
643 894
643 943
643 1241
644 452
644 516
644 580
644 708
644 757
644 772
644 836
645 5
645 15
645 69
645 133
645 197
645 261
645 325
645 389
645 453
645 517
645 581
645 709
645 773
645 837
645 901
645 965
645 1029
645 1093
645 1157
645 1221
646 6
646 7
646 14
646 36
646 70
646 71
646 78
646 100
646 134
646 135
646 142
646 164
646 198
646 199
646 206
646 228
646 262
646 263
646 270
646 292
646 326
646 327
646 334
646 356
646 390
646 391
646 398
646 420
646 454
646 455
646 462
646 484
646 518
646 519
646 526
646 548
646 582
646 583
646 590
646 612
646 628
646 647
646 654
646 676
646 710
646 711
646 717
646 718
646 740
646 774
646 775
646 782
646 804
646 838
646 839
646 846
646 868
646 902
646 903
646 910
646 932
646 948
646 966
646 967
646 996
646 1030
646 1031
646 1038
646 1060
646 1094
646 1095
646 1124
646 1140
646 1158
646 1159
646 1166
646 1188
646 1189
646 1204
646 1222
646 1223
646 1230
646 1252
646 1268
647 6
647 7
647 14
647 36
647 70
647 71
647 78
647 100
647 134
647 135
647 142
647 164
647 198
647 199
647 206
647 228
647 262
647 263
647 269
647 270
647 292
647 326
647 327
647 334
647 356
647 390
647 391
647 398
647 420
647 454
647 455
647 462
647 484
647 518
647 519
647 526
647 548
647 564
647 582
647 583
647 590
647 612
647 628
647 646
647 654
647 676
647 710
647 711
647 717
647 718
647 740
647 774
647 775
647 782
647 804
647 820
647 838
647 839
647 846
647 868
647 884
647 902
647 903
647 910
647 932
647 948
647 966
647 967
647 996
647 1030
647 1031
647 1038
647 1060
647 1094
647 1095
647 1102
647 1124
647 1140
647 1158
647 1159
647 1166
647 1188
647 1189
647 1204
647 1222
647 1223
647 1230
647 1252
647 1268
648 140
648 456
648 520
648 584
648 712
648 776
648 840
649 457
649 521
649 585
649 713
649 777
649 841
649 914
649 1228
650 458
650 480
650 522
650 586
650 714
650 778
650 842
650 1250
651 358
651 459
651 523
651 587
651 715
651 779
651 843
652 460
652 524
652 588
652 716
652 780
652 844
652 851
652 1080
653 13
653 32
653 37
653 100
653 205
653 207
653 209
653 229
653 244
653 269
653 293
653 333
653 335
653 337
653 357
653 391
653 421
653 436
653 461
653 462
653 463
653 477
653 485
653 500
653 512
653 525
653 529
653 539
653 546
653 549
653 550
653 564
653 587
653 589
653 613
653 614
653 628
653 657
653 677
653 692
653 717
653 733
653 738
653 741
653 742
653 775
653 781
653 820
653 845
653 849
653 869
653 884
653 911
653 913
653 925
653 948
653 974
653 975
653 977
653 1012
653 1039
653 1041
653 1076
653 1102
653 1103
653 1105
653 1117
653 1152
653 1167
653 1169
653 1181
653 1189
653 1216
653 1229
653 1231
653 1253
654 6
654 7
654 14
654 36
654 37
654 70
654 71
654 78
654 100
654 134
654 135
654 142
654 164
654 198
654 199
654 205
654 206
654 228
654 262
654 263
654 269
654 270
654 292
654 293
654 326
654 327
654 334
654 356
654 390
654 391
654 398
654 420
654 454
654 455
654 462
654 477
654 484
654 518
654 519
654 526
654 548
654 549
654 550
654 564
654 582
654 583
654 590
654 612
654 628
654 646
654 647
654 676
654 677
654 692
654 710
654 711
654 717
654 718
654 738
654 740
654 742
654 774
654 775
654 782
654 804
654 820
654 838
654 839
654 846
654 868
654 884
654 902
654 903
654 910
654 911
654 913
654 932
654 948
654 966
654 967
654 974
654 996
654 1012
654 1030
654 1031
654 1038
654 1060
654 1094
654 1095
654 1102
654 1124
654 1140
654 1158
654 1159
654 1166
654 1167
654 1169
654 1188
654 1189
654 1204
654 1222
654 1230
654 1252
654 1253
654 1268
655 463
655 527
655 591
655 719
655 783
655 847
655 989
655 1179
656 428
656 464
656 528
656 592
656 720
656 784
656 848
656 1059
657 13
657 29
657 32
657 37
657 101
657 205
657 207
657 209
657 229
657 244
657 293
657 333
657 335
657 337
657 357
657 421
657 436
657 463
657 465
657 477
657 485
657 500
657 512
657 527
657 529
657 539
657 546
657 549
657 550
657 587
657 589
657 593
657 608
657 610
657 613
657 614
657 653
657 677
657 721
657 733
657 738
657 741
657 781
657 783
657 785
657 849
657 869
657 911
657 913
657 925
657 933
657 974
657 975
657 977
657 1012
657 1039
657 1041
657 1061
657 1076
657 1103
657 1105
657 1117
657 1152
657 1167
657 1169
657 1181
657 1216
657 1229
657 1231
657 1253
658 466
658 530
658 594
658 722
658 786
658 850
658 1171
659 467
659 531
659 595
659 690
659 723
659 787
659 851
659 991
659 1249
660 59
660 468
660 532
660 596
660 724
660 788
660 852
660 1138
661 469
661 533
661 597
661 725
661 789
661 853
661 1024
662 470
662 534
662 598
662 726
662 790
662 854
663 471
663 535
663 599
663 727
663 791
663 855
664 472
664 536
664 600
664 728
664 792
664 801
664 856
664 1244
665 82
665 149
665 473
665 537
665 601
665 729
665 793
665 857
666 474
666 538
666 602
666 730
666 794
666 803
666 858
667 475
667 539
667 603
667 731
667 795
667 859
668 476
668 540
668 604
668 694
668 732
668 796
668 860
669 477
669 541
669 605
669 733
669 797
669 861
669 1245
670 478
670 542
670 606
670 734
670 798
670 862
671 479
671 543
671 607
671 735
671 765
671 799
671 863
672 214
672 416
672 465
672 480
672 544
672 608
672 714
672 736
672 800
672 845
672 864
672 870
672 1233
673 341
673 466
673 481
673 545
673 609
673 737
673 801
673 865
674 482
674 546
674 610
674 738
674 802
674 866
675 483
675 547
675 602
675 611
675 739
675 803
675 867
675 1219
676 6
676 7
676 14
676 36
676 70
676 71
676 78
676 100
676 134
676 135
676 142
676 164
676 198
676 199
676 206
676 228
676 262
676 263
676 269
676 270
676 292
676 326
676 327
676 334
676 356
676 390
676 391
676 398
676 420
676 454
676 455
676 462
676 484
676 518
676 519
676 526
676 548
676 564
676 582
676 583
676 590
676 612
676 628
676 646
676 647
676 654
676 710
676 711
676 717
676 718
676 740
676 774
676 775
676 782
676 804
676 820
676 838
676 839
676 846
676 868
676 884
676 902
676 903
676 910
676 932
676 948
676 966
676 967
676 996
676 1030
676 1031
676 1038
676 1060
676 1094
676 1095
676 1102
676 1124
676 1140
676 1158
676 1159
676 1166
676 1188
676 1189
676 1204
676 1222
676 1223
676 1230
676 1252
676 1268
677 13
677 32
677 37
677 71
677 100
677 205
677 207
677 209
677 229
677 244
677 269
677 293
677 333
677 335
677 357
677 391
677 421
677 462
677 463
677 477
677 484
677 485
677 500
677 512
677 529
677 546
677 549
677 550
677 564
677 587
677 589
677 613
677 614
677 628
677 653
677 654
677 657
677 692
677 717
677 733
677 738
677 741
677 742
677 775
677 804
677 805
677 820
677 849
677 869
677 884
677 910
677 911
677 913
677 925
677 948
677 974
677 975
677 977
677 996
677 1012
677 1030
677 1038
677 1039
677 1041
677 1076
677 1102
677 1103
677 1105
677 1117
677 1140
677 1152
677 1167
677 1169
677 1181
677 1189
677 1216
677 1229
677 1231
677 1253
677 1268
678 486
678 550
678 614
678 742
678 806
678 870
679 439
679 487
679 551
679 615
679 743
679 807
679 871
679 1101
680 54
680 384
680 488
680 552
680 616
680 744
680 808
680 872
681 489
681 553
681 617
681 745
681 809
681 873
681 1032
681 1078
681 1192
681 1199
682 148
682 282
682 490
682 554
682 618
682 746
682 810
682 874
682 940
682 1066
683 491
683 555
683 619
683 747
683 811
683 875
684 492
684 556
684 620
684 686
684 748
684 812
684 876
685 274
685 493
685 557
685 621
685 749
685 813
685 877
686 494
686 558
686 622
686 684
686 750
686 814
686 878
687 495
687 559
687 623
687 751
687 815
687 879
687 1021
687 1273
688 184
688 496
688 560
688 624
688 752
688 816
688 880
688 883
688 888
688 1131
689 497
689 561
689 625
689 753
689 817
689 881
689 1260
690 498
690 562
690 626
690 659
690 754
690 818
690 882
690 991
690 1249
691 499
691 563
691 627
691 755
691 819
691 883
691 1149
692 7
692 14
692 36
692 37
692 71
692 78
692 100
692 135
692 142
692 164
692 199
692 205
692 206
692 207
692 228
692 229
692 244
692 263
692 269
692 292
692 293
692 327
692 333
692 334
692 335
692 356
692 357
692 391
692 398
692 421
692 462
692 463
692 477
692 484
692 500
692 526
692 549
692 550
692 564
692 587
692 612
692 613
692 614
692 628
692 653
692 654
692 677
692 717
692 718
692 733
692 738
692 740
692 741
692 742
692 756
692 774
692 775
692 782
692 804
692 820
692 846
692 868
692 869
692 884
692 903
692 910
692 911
692 913
692 932
692 948
692 966
692 967
692 974
692 977
692 996
692 1012
692 1030
692 1031
692 1038
692 1039
692 1041
692 1060
692 1076
692 1094
692 1102
692 1105
692 1117
692 1124
692 1140
692 1166
692 1167
692 1169
692 1188
692 1189
692 1204
692 1216
692 1231
692 1252
692 1253
692 1268
693 501
693 565
693 629
693 757
693 821
693 885
694 502
694 566
694 630
694 668
694 758
694 822
694 886
695 278
695 503
695 567
695 631
695 759
695 823
695 887
696 504
696 568
696 632
696 730
696 760
696 814
696 824
696 888
696 952
697 494
697 505
697 569
697 633
697 761
697 825
697 889
698 506
698 570
698 634
698 762
698 784
698 826
698 890
699 49
699 58
699 507
699 571
699 635
699 763
699 827
699 891
700 378
700 508
700 572
700 636
700 764
700 816
700 828
700 892
700 1129
701 174
701 509
701 573
701 637
701 765
701 829
701 893
701 1132
702 1
702 510
702 574
702 638
702 766
702 830
702 833
702 894
703 168
703 307
703 511
703 575
703 639
703 767
703 831
703 895
704 512
704 576
704 640
704 768
704 832
704 896
704 1120
705 513
705 577
705 641
705 769
705 833
705 897
705 968
705 1261
706 233
706 291
706 302
706 514
706 578
706 642
706 770
706 834
706 898
707 515
707 579
707 643
707 771
707 835
707 899
708 516
708 580
708 604
708 644
708 772
708 836
708 900
709 5
709 15
709 69
709 133
709 197
709 261
709 325
709 389
709 453
709 517
709 581
709 645
709 773
709 837
709 901
709 965
709 1029
709 1093
709 1157
709 1221
710 6
710 7
710 14
710 36
710 70
710 71
710 78
710 134
710 135
710 142
710 164
710 198
710 199
710 206
710 228
710 262
710 263
710 270
710 292
710 326
710 327
710 334
710 356
710 390
710 391
710 398
710 420
710 454
710 455
710 462
710 484
710 518
710 519
710 526
710 548
710 582
710 583
710 590
710 612
710 628
710 646
710 647
710 654
710 676
710 711
710 718
710 740
710 774
710 775
710 782
710 804
710 838
710 839
710 846
710 868
710 902
710 903
710 910
710 932
710 966
710 967
710 996
710 1030
710 1031
710 1038
710 1060
710 1094
710 1095
710 1124
710 1140
710 1158
710 1159
710 1166
710 1188
710 1204
710 1222
710 1223
710 1230
710 1252
710 1268
711 6
711 7
711 14
711 36
711 70
711 71
711 78
711 100
711 134
711 135
711 142
711 164
711 198
711 199
711 206
711 228
711 262
711 263
711 270
711 292
711 326
711 327
711 334
711 356
711 390
711 391
711 398
711 420
711 454
711 455
711 462
711 484
711 518
711 519
711 526
711 548
711 582
711 583
711 590
711 612
711 628
711 646
711 647
711 654
711 676
711 710
711 717
711 718
711 740
711 774
711 775
711 782
711 804
711 838
711 839
711 846
711 868
711 902
711 903
711 910
711 932
711 948
711 966
711 967
711 996
711 1030
711 1031
711 1038
711 1060
711 1094
711 1095
711 1124
711 1140
711 1158
711 1159
711 1166
711 1188
711 1204
711 1222
711 1223
711 1230
711 1252
711 1268
712 330
712 350
712 520
712 584
712 648
712 776
712 840
712 904
712 1079
713 521
713 585
713 649
713 777
713 841
713 905
713 926
714 214
714 416
714 465
714 522
714 586
714 650
714 672
714 719
714 778
714 842
714 845
714 861
714 870
714 906
714 1233
715 523
715 587
715 651
715 779
715 843
715 907
716 524
716 543
716 588
716 652
716 780
716 844
716 908
717 6
717 7
717 14
717 36
717 37
717 70
717 71
717 78
717 100
717 135
717 142
717 164
717 199
717 205
717 206
717 207
717 228
717 263
717 269
717 270
717 292
717 293
717 326
717 327
717 333
717 334
717 356
717 390
717 391
717 398
717 420
717 421
717 455
717 462
717 463
717 477
717 484
717 525
717 526
717 548
717 549
717 550
717 564
717 583
717 587
717 589
717 590
717 612
717 613
717 628
717 646
717 647
717 653
717 654
717 676
717 677
717 692
717 711
717 718
717 738
717 740
717 741
717 742
717 774
717 775
717 781
717 782
717 804
717 820
717 839
717 845
717 846
717 868
717 869
717 884
717 902
717 903
717 909
717 910
717 911
717 913
717 932
717 948
717 966
717 967
717 974
717 977
717 996
717 1012
717 1030
717 1031
717 1038
717 1039
717 1041
717 1060
717 1076
717 1094
717 1095
717 1102
717 1105
717 1124
717 1140
717 1158
717 1166
717 1167
717 1169
717 1188
717 1189
717 1204
717 1222
717 1230
717 1252
717 1253
717 1268
718 6
718 7
718 14
718 36
718 70
718 71
718 78
718 100
718 134
718 135
718 142
718 164
718 198
718 199
718 206
718 228
718 262
718 263
718 269
718 270
718 292
718 326
718 327
718 334
718 356
718 390
718 391
718 398
718 420
718 454
718 455
718 462
718 484
718 518
718 519
718 526
718 548
718 549
718 550
718 564
718 582
718 583
718 590
718 612
718 628
718 646
718 647
718 654
718 676
718 692
718 710
718 711
718 717
718 740
718 742
718 774
718 775
718 782
718 804
718 820
718 838
718 839
718 846
718 868
718 884
718 902
718 903
718 910
718 932
718 948
718 966
718 967
718 996
718 1030
718 1031
718 1038
718 1060
718 1094
718 1095
718 1102
718 1124
718 1140
718 1158
718 1159
718 1166
718 1188
718 1189
718 1204
718 1222
718 1223
718 1230
718 1252
718 1268
719 29
719 86
719 101
719 214
719 461
719 465
719 527
719 591
719 593
719 608
719 610
719 655
719 714
719 721
719 783
719 845
719 847
719 861
719 911
719 1233
720 489
720 528
720 592
720 656
720 784
720 848
720 873
720 912
720 1187
721 13
721 29
721 32
721 86
721 101
721 209
721 337
721 436
721 461
721 485
721 500
721 512
721 527
721 529
721 539
721 546
721 589
721 591
721 593
721 608
721 610
721 657
721 719
721 781
721 783
721 785
721 849
721 861
721 913
721 925
721 933
721 975
721 1061
721 1103
721 1152
721 1181
721 1229
722 530
722 594
722 658
722 786
722 850
722 914
723 531
723 595
723 659
723 787
723 851
723 896
723 915
723 1116
724 223
724 464
724 532
724 596
724 660
724 788
724 852
724 916
725 34
725 533
725 597
725 661
725 789
725 853
725 917
726 534
726 598
726 662
726 790
726 854
726 918
726 1174
727 33
727 535
727 599
727 663
727 776
727 791
727 855
727 919
728 343
728 344
728 536
728 600
728 664
728 792
728 856
728 920
729 532
729 537
729 601
729 632
729 665
729 793
729 857
729 921
729 1137
729 1194
730 538
730 602
730 666
730 696
730 794
730 814
730 858
730 922
730 952
731 224
731 539
731 603
731 641
731 667
731 795
731 859
731 923
732 540
732 604
732 668
732 796
732 860
732 924
732 1047
732 1133
732 1168
733 13
733 29
733 32
733 37
733 205
733 207
733 209
733 229
733 244
733 269
733 293
733 333
733 335
733 337
733 357
733 421
733 436
733 463
733 477
733 485
733 500
733 512
733 529
733 539
733 541
733 546
733 549
733 550
733 564
733 587
733 589
733 605
733 608
733 613
733 614
733 653
733 657
733 669
733 677
733 692
733 738
733 741
733 742
733 781
733 783
733 797
733 820
733 849
733 861
733 869
733 884
733 911
733 913
733 925
733 933
733 974
733 975
733 977
733 1012
733 1039
733 1041
733 1061
733 1076
733 1102
733 1103
733 1105
733 1117
733 1152
733 1167
733 1169
733 1181
733 1189
733 1216
733 1229
733 1231
733 1253
734 239
734 542
734 606
734 629
734 670
734 798
734 862
734 926
734 1276
735 543
735 607
735 671
735 799
735 863
735 927
735 961
735 1112
736 413
736 544
736 598
736 608
736 672
736 800
736 864
736 928
737 545
737 609
737 673
737 801
737 865
737 929
738 7
738 13
738 32
738 36
738 37
738 71
738 100
738 142
738 199
738 205
738 207
738 209
738 229
738 244
738 269
738 292
738 293
738 327
738 333
738 335
738 356
738 357
738 391
738 398
738 421
738 462
738 463
738 477
738 484
738 485
738 546
738 549
738 550
738 564
738 587
738 610
738 613
738 614
738 628
738 653
738 654
738 657
738 674
738 677
738 692
738 717
738 733
738 741
738 742
738 775
738 802
738 804
738 820
738 846
738 849
738 866
738 868
738 869
738 884
738 910
738 911
738 913
738 925
738 930
738 932
738 948
738 967
738 974
738 975
738 977
738 996
738 1012
738 1030
738 1038
738 1039
738 1041
738 1076
738 1102
738 1103
738 1105
738 1117
738 1140
738 1152
738 1167
738 1169
738 1189
738 1216
738 1229
738 1231
738 1253
738 1268
739 73
739 450
739 493
739 547
739 611
739 675
739 803
739 867
739 931
739 984
739 1026
739 1071
740 6
740 7
740 14
740 36
740 70
740 71
740 78
740 100
740 134
740 135
740 142
740 164
740 198
740 199
740 206
740 228
740 262
740 263
740 269
740 270
740 292
740 326
740 327
740 334
740 356
740 390
740 391
740 398
740 420
740 454
740 455
740 462
740 484
740 518
740 519
740 526
740 548
740 564
740 582
740 583
740 590
740 612
740 628
740 646
740 647
740 654
740 676
740 692
740 710
740 711
740 717
740 718
740 774
740 775
740 782
740 804
740 820
740 838
740 839
740 846
740 868
740 884
740 902
740 903
740 910
740 932
740 948
740 966
740 967
740 996
740 1030
740 1031
740 1038
740 1060
740 1094
740 1095
740 1102
740 1124
740 1140
740 1158
740 1159
740 1166
740 1188
740 1189
740 1204
740 1222
740 1223
740 1230
740 1252
740 1268
741 13
741 32
741 37
741 100
741 205
741 207
741 209
741 229
741 244
741 269
741 293
741 333
741 335
741 337
741 357
741 421
741 436
741 463
741 477
741 485
741 500
741 512
741 529
741 539
741 546
741 549
741 550
741 564
741 587
741 589
741 613
741 614
741 653
741 657
741 677
741 692
741 717
741 733
741 738
741 742
741 805
741 820
741 849
741 869
741 884
741 911
741 913
741 925
741 933
741 948
741 974
741 975
741 977
741 1012
741 1039
741 1041
741 1061
741 1076
741 1102
741 1103
741 1105
741 1117
741 1152
741 1167
741 1169
741 1181
741 1189
741 1216
741 1229
741 1231
741 1253
742 7
742 14
742 36
742 37
742 71
742 78
742 100
742 135
742 142
742 164
742 199
742 205
742 206
742 207
742 228
742 229
742 244
742 263
742 269
742 292
742 293
742 327
742 333
742 334
742 335
742 356
742 357
742 391
742 398
742 421
742 462
742 463
742 477
742 484
742 526
742 549
742 550
742 564
742 587
742 612
742 613
742 614
742 628
742 653
742 654
742 677
742 678
742 692
742 717
742 718
742 733
742 738
742 741
742 774
742 775
742 782
742 804
742 806
742 820
742 846
742 849
742 868
742 869
742 870
742 884
742 903
742 910
742 911
742 913
742 932
742 934
742 948
742 966
742 967
742 974
742 975
742 977
742 996
742 1012
742 1030
742 1031
742 1038
742 1039
742 1041
742 1060
742 1076
742 1094
742 1102
742 1105
742 1117
742 1124
742 1140
742 1166
742 1167
742 1169
742 1188
742 1189
742 1204
742 1216
742 1231
742 1252
742 1253
742 1268
743 406
743 551
743 615
743 679
743 807
743 871
743 935
744 123
744 552
744 616
744 680
744 808
744 872
744 936
745 553
745 617
745 681
745 809
745 873
745 937
746 362
746 554
746 618
746 682
746 810
746 874
746 938
747 555
747 619
747 683
747 811
747 875
747 939
747 1119
748 556
748 620
748 684
748 771
748 812
748 835
748 876
748 940
748 962
749 95
749 557
749 621
749 685
749 813
749 877
749 941
749 1256
750 558
750 622
750 686
750 814
750 878
750 942
751 559
751 623
751 687
751 815
751 879
751 943
751 1014
752 127
752 560
752 624
752 688
752 816
752 880
752 944
753 561
753 625
753 689
753 817
753 831
753 881
753 945
753 955
754 562
754 626
754 690
754 818
754 871
754 882
754 946
755 563
755 627
755 691
755 819
755 834
755 883
755 947
756 516
756 564
756 628
756 692
756 820
756 884
756 948
757 565
757 629
757 644
757 693
757 821
757 885
757 949
758 566
758 630
758 694
758 822
758 886
758 950
759 41
759 567
759 631
759 695
759 823
759 887
759 921
759 931
759 951
759 1148
760 563
760 568
760 632
760 696
760 824
760 888
760 952
761 254
761 373
761 569
761 633
761 697
761 825
761 889
761 953
762 570
762 634
762 698
762 826
762 827
762 890
762 954
763 16
763 253
763 483
763 571
763 635
763 699
763 764
763 827
763 891
763 955
764 16
764 253
764 483
764 572
764 636
764 700
764 763
764 828
764 892
764 956
765 573
765 637
765 671
765 701
765 829
765 893
765 957
766 574
766 638
766 702
766 830
766 894
766 934
766 958
767 575
767 639
767 703
767 831
767 895
767 939
767 959
768 576
768 640
768 704
768 832
768 896
768 960
769 577
769 641
769 705
769 833
769 897
769 961
769 1015
770 445
770 447
770 578
770 642
770 706
770 834
770 898
770 962
770 981
770 994
771 579
771 643
771 707
771 748
771 835
771 899
771 962
771 963
772 580
772 644
772 708
772 836
772 900
772 964
772 1033
773 5
773 15
773 69
773 133
773 197
773 261
773 325
773 389
773 453
773 517
773 581
773 645
773 709
773 837
773 901
773 965
773 1029
773 1093
773 1157
773 1221
774 6
774 7
774 14
774 36
774 70
774 71
774 78
774 100
774 134
774 135
774 142
774 164
774 198
774 199
774 206
774 228
774 262
774 263
774 269
774 270
774 292
774 326
774 327
774 334
774 356
774 390
774 391
774 398
774 420
774 454
774 455
774 462
774 484
774 518
774 519
774 526
774 548
774 564
774 582
774 583
774 590
774 612
774 628
774 646
774 647
774 654
774 676
774 692
774 710
774 711
774 717
774 718
774 740
774 742
774 775
774 782
774 804
774 820
774 838
774 839
774 846
774 868
774 884
774 902
774 903
774 910
774 932
774 948
774 966
774 967
774 996
774 1030
774 1031
774 1038
774 1060
774 1094
774 1095
774 1102
774 1124
774 1140
774 1158
774 1159
774 1166
774 1188
774 1189
774 1204
774 1222
774 1223
774 1230
774 1252
774 1268
775 6
775 7
775 14
775 36
775 37
775 70
775 71
775 78
775 100
775 134
775 135
775 142
775 164
775 198
775 199
775 205
775 206
775 228
775 262
775 263
775 269
775 270
775 292
775 293
775 326
775 327
775 334
775 356
775 390
775 391
775 398
775 420
775 454
775 455
775 462
775 477
775 484
775 518
775 519
775 526
775 548
775 549
775 550
775 564
775 582
775 583
775 590
775 612
775 628
775 646
775 647
775 653
775 654
775 676
775 677
775 692
775 710
775 711
775 717
775 718
775 738
775 740
775 742
775 774
775 782
775 804
775 820
775 838
775 839
775 846
775 868
775 884
775 902
775 903
775 910
775 911
775 913
775 932
775 948
775 966
775 967
775 974
775 996
775 1012
775 1030
775 1031
775 1038
775 1060
775 1094
775 1095
775 1102
775 1124
775 1140
775 1158
775 1159
775 1166
775 1167
775 1169
775 1188
775 1189
775 1204
775 1222
775 1230
775 1252
775 1253
775 1268
776 33
776 584
776 648
776 712
776 727
776 840
776 904
776 968
777 256
777 585
777 649
777 713
777 841
777 905
777 969
778 586
778 650
778 714
778 842
778 906
778 970
779 587
779 651
779 715
779 843
779 907
779 971
780 183
780 479
780 569
780 588
780 652
780 716
780 844
780 908
780 972
781 13
781 29
781 32
781 86
781 101
781 207
781 209
781 229
781 244
781 335
781 337
781 357
781 421
781 436
781 461
781 463
781 485
781 500
781 512
781 527
781 529
781 539
781 546
781 587
781 589
781 591
781 593
781 608
781 610
781 613
781 614
781 653
781 657
781 717
781 721
781 733
781 783
781 845
781 849
781 861
781 869
781 909
781 925
781 933
781 973
781 975
781 1039
781 1061
781 1076
781 1103
781 1105
781 1117
781 1152
781 1181
781 1216
781 1229
781 1231
782 6
782 7
782 14
782 36
782 70
782 71
782 78
782 100
782 134
782 135
782 142
782 164
782 198
782 199
782 206
782 228
782 262
782 263
782 269
782 270
782 292
782 326
782 327
782 334
782 356
782 390
782 391
782 398
782 420
782 454
782 455
782 462
782 484
782 518
782 519
782 526
782 548
782 550
782 564
782 582
782 583
782 590
782 612
782 628
782 646
782 647
782 654
782 676
782 692
782 710
782 711
782 717
782 718
782 740
782 742
782 774
782 775
782 804
782 820
782 838
782 839
782 846
782 868
782 884
782 902
782 903
782 910
782 932
782 948
782 966
782 967
782 974
782 996
782 1030
782 1031
782 1038
782 1060
782 1094
782 1095
782 1102
782 1124
782 1140
782 1158
782 1159
782 1166
782 1188
782 1189
782 1204
782 1222
782 1223
782 1230
782 1252
782 1268
783 13
783 29
783 32
783 86
783 101
783 209
783 229
783 244
783 335
783 337
783 357
783 436
783 461
783 485
783 500
783 512
783 527
783 529
783 539
783 546
783 589
783 591
783 593
783 608
783 610
783 614
783 655
783 657
783 719
783 721
783 733
783 781
783 847
783 849
783 861
783 869
783 911
783 925
783 933
783 975
783 1061
783 1103
783 1117
783 1152
783 1181
783 1216
783 1229
783 1231
784 592
784 656
784 698
784 720
784 848
784 912
784 976
785 593
785 657
785 721
785 849
785 913
785 977
786 594
786 658
786 722
786 850
786 914
786 978
787 595
787 659
787 723
787 851
787 915
787 979
788 61
788 596
788 660
788 724
788 809
788 852
788 887
788 916
788 980
789 597
789 661
789 725
789 853
789 917
789 946
789 981
789 1218
790 598
790 662
790 726
790 854
790 918
790 982
790 1234
791 556
791 599
791 663
791 727
791 855
791 899
791 919
791 983
792 600
792 664
792 728
792 856
792 920
792 984
792 1212
793 601
793 665
793 729
793 857
793 921
793 985
794 67
794 602
794 666
794 730
794 858
794 922
794 986
795 603
795 667
795 731
795 859
795 923
795 987
796 347
796 604
796 668
796 732
796 860
796 866
796 924
796 988
797 38
797 310
797 605
797 669
797 733
797 861
797 925
797 989
798 139
798 606
798 670
798 734
798 862
798 926
798 990
798 993
798 1160
798 1162
799 607
799 671
799 735
799 863
799 905
799 927
799 991
800 608
800 672
800 736
800 864
800 928
800 992
801 609
801 664
801 673
801 737
801 865
801 929
801 993
801 1244
802 610
802 674
802 738
802 866
802 930
802 994
803 611
803 666
803 675
803 739
803 867
803 931
803 995
804 6
804 7
804 14
804 36
804 37
804 70
804 71
804 78
804 100
804 134
804 135
804 142
804 164
804 198
804 199
804 205
804 206
804 228
804 262
804 263
804 269
804 270
804 292
804 293
804 326
804 327
804 334
804 356
804 390
804 391
804 398
804 420
804 454
804 455
804 462
804 477
804 484
804 518
804 519
804 526
804 548
804 549
804 550
804 564
804 582
804 583
804 590
804 612
804 628
804 646
804 647
804 654
804 676
804 677
804 692
804 710
804 711
804 717
804 718
804 738
804 740
804 742
804 774
804 775
804 782
804 820
804 838
804 839
804 846
804 868
804 884
804 902
804 903
804 910
804 913
804 932
804 948
804 966
804 967
804 974
804 996
804 1012
804 1030
804 1031
804 1038
804 1060
804 1094
804 1095
804 1102
804 1124
804 1140
804 1158
804 1159
804 1166
804 1167
804 1169
804 1188
804 1189
804 1204
804 1222
804 1223
804 1230
804 1252
804 1253
804 1268
805 613
805 677
805 741
805 869
805 933
805 997
806 277
806 614
806 678
806 742
806 870
806 934
806 998
807 412
807 615
807 679
807 743
807 871
807 897
807 935
807 999
807 1185
808 616
808 680
808 744
808 872
808 936
809 61
809 617
809 681
809 745
809 788
809 873
809 887
809 937
809 1001
810 383
810 442
810 618
810 682
810 746
810 874
810 895
810 938
810 1002
811 619
811 683
811 747
811 875
811 939
811 959
811 1003
812 110
812 620
812 684
812 748
812 876
812 940
812 1004
813 194
813 238
813 621
813 685
813 749
813 877
813 920
813 941
813 1005
813 1196
814 622
814 686
814 696
814 730
814 750
814 878
814 942
814 952
814 1006
815 623
815 687
815 751
815 879
815 943
815 1007
816 378
816 624
816 688
816 700
816 752
816 880
816 944
816 1008
816 1129
817 124
817 625
817 689
817 753
817 881
817 945
817 1009
818 104
818 471
818 538
818 626
818 690
818 754
818 857
818 882
818 946
818 1010
819 491
819 627
819 691
819 755
819 883
819 947
819 1011
820 7
820 14
820 36
820 37
820 70
820 71
820 78
820 100
820 135
820 142
820 164
820 199
820 205
820 206
820 207
820 228
820 229
820 244
820 263
820 269
820 292
820 293
820 327
820 333
820 334
820 356
820 391
820 398
820 420
820 421
820 455
820 462
820 463
820 477
820 484
820 526
820 549
820 550
820 564
820 587
820 590
820 612
820 613
820 628
820 647
820 653
820 654
820 676
820 677
820 692
820 717
820 718
820 733
820 738
820 740
820 741
820 742
820 756
820 774
820 775
820 782
820 804
820 846
820 868
820 869
820 884
820 903
820 910
820 911
820 913
820 932
820 948
820 966
820 967
820 974
820 977
820 996
820 1012
820 1030
820 1031
820 1038
820 1039
820 1041
820 1060
820 1076
820 1094
820 1102
820 1105
820 1117
820 1124
820 1140
820 1166
820 1167
820 1169
820 1188
820 1189
820 1204
820 1216
820 1231
820 1252
820 1253
820 1268
821 629
821 693
821 757
821 885
821 949
821 1013
822 630
822 694
822 758
822 886
822 950
822 1014
823 26
823 76
823 565
823 618
823 631
823 695
823 759
823 887
823 951
823 1015
823 1123
824 632
824 696
824 760
824 888
824 952
824 1016
825 633
825 697
825 761
825 889
825 953
825 1017
826 634
826 698
826 762
826 890
826 954
826 1018
827 635
827 699
827 762
827 763
827 891
827 955
827 1019
828 407
828 636
828 700
828 764
828 892
828 956
828 1020
829 23
829 299
829 312
829 637
829 701
829 765
829 893
829 957
829 1021
829 1144
830 114
830 638
830 702
830 766
830 894
830 958
830 1022
831 639
831 703
831 753
831 767
831 895
831 955
831 959
831 1023
832 640
832 704
832 768
832 896
832 960
832 1024
833 1
833 641
833 702
833 705
833 769
833 897
833 961
833 1025
834 642
834 706
834 755
834 770
834 898
834 962
834 1026
835 643
835 707
835 748
835 771
835 899
835 962
835 963
835 1027
836 459
836 644
836 708
836 772
836 900
836 964
836 1028
837 5
837 15
837 69
837 133
837 197
837 261
837 325
837 389
837 453
837 517
837 581
837 645
837 709
837 773
837 901
837 965
837 1029
837 1093
837 1157
837 1221
838 6
838 7
838 14
838 36
838 70
838 71
838 78
838 100
838 134
838 135
838 142
838 164
838 198
838 199
838 206
838 228
838 262
838 263
838 270
838 292
838 326
838 327
838 334
838 356
838 390
838 391
838 398
838 420
838 454
838 455
838 462
838 484
838 518
838 519
838 526
838 548
838 582
838 583
838 590
838 612
838 628
838 646
838 647
838 654
838 676
838 710
838 711
838 718
838 740
838 774
838 775
838 782
838 804
838 839
838 846
838 868
838 902
838 903
838 910
838 932
838 948
838 966
838 967
838 996
838 1030
838 1031
838 1038
838 1060
838 1094
838 1095
838 1124
838 1140
838 1158
838 1159
838 1166
838 1188
838 1204
838 1222
838 1223
838 1230
838 1252
838 1268
839 6
839 7
839 14
839 36
839 70
839 71
839 78
839 100
839 134
839 135
839 142
839 164
839 198
839 199
839 206
839 228
839 262
839 263
839 269
839 270
839 292
839 326
839 327
839 334
839 356
839 390
839 391
839 398
839 420
839 454
839 455
839 462
839 484
839 518
839 519
839 526
839 548
839 564
839 582
839 583
839 590
839 612
839 628
839 646
839 647
839 654
839 676
839 710
839 711
839 717
839 718
839 740
839 774
839 775
839 782
839 804
839 838
839 846
839 868
839 884
839 902
839 903
839 910
839 932
839 948
839 966
839 967
839 996
839 1030
839 1031
839 1038
839 1060
839 1094
839 1095
839 1102
839 1124
839 1140
839 1158
839 1159
839 1166
839 1188
839 1189
839 1204
839 1222
839 1223
839 1230
839 1252
839 1268
840 193
840 648
840 712
840 776
840 904
840 968
840 1032
841 649
841 713
841 777
841 905
841 969
841 1033
842 650
842 714
842 778
842 906
842 970
842 1034
843 651
843 715
843 779
843 907
843 971
843 1035
844 338
844 652
844 716
844 780
844 908
844 918
844 972
844 1036
845 86
845 214
845 416
845 461
845 465
845 527
845 591
845 653
845 672
845 714
845 717
845 719
845 781
845 861
845 870
845 909
845 973
845 1037
845 1233
846 6
846 7
846 14
846 36
846 70
846 71
846 78
846 100
846 134
846 135
846 142
846 164
846 198
846 199
846 205
846 206
846 228
846 262
846 263
846 269
846 270
846 292
846 293
846 326
846 327
846 334
846 356
846 390
846 391
846 398
846 420
846 454
846 455
846 462
846 477
846 484
846 518
846 519
846 526
846 548
846 549
846 550
846 564
846 582
846 583
846 590
846 612
846 628
846 646
846 647
846 654
846 676
846 692
846 710
846 711
846 717
846 718
846 738
846 740
846 742
846 774
846 775
846 782
846 804
846 820
846 838
846 839
846 868
846 884
846 902
846 903
846 910
846 913
846 932
846 948
846 966
846 967
846 974
846 996
846 1012
846 1030
846 1031
846 1038
846 1060
846 1094
846 1095
846 1102
846 1124
846 1140
846 1158
846 1159
846 1166
846 1167
846 1169
846 1188
846 1189
846 1204
846 1222
846 1223
846 1230
846 1252
846 1253
846 1268
847 534
847 655
847 719
847 783
847 864
847 911
847 975
847 1039
848 656
848 720
848 784
848 912
848 976
848 1022
848 1040
849 13
849 29
849 32
849 37
849 101
849 205
849 207
849 209
849 229
849 244
849 293
849 333
849 335
849 337
849 357
849 421
849 436
849 463
849 477
849 485
849 500
849 512
849 529
849 539
849 546
849 549
849 550
849 587
849 589
849 593
849 608
849 610
849 613
849 614
849 653
849 657
849 677
849 721
849 733
849 738
849 741
849 742
849 781
849 783
849 785
849 869
849 911
849 913
849 925
849 933
849 974
849 975
849 977
849 1012
849 1039
849 1041
849 1061
849 1076
849 1103
849 1105
849 1117
849 1152
849 1167
849 1169
849 1181
849 1216
849 1229
849 1231
849 1253
850 658
850 722
850 786
850 914
850 978
850 1042
851 652
851 659
851 723
851 787
851 915
851 979
851 1043
851 1080
852 499
852 660
852 724
852 788
852 916
852 980
852 1044
853 661
853 725
853 789
853 917
853 981
853 1045
854 288
854 662
854 726
854 790
854 918
854 982
854 1046
855 279
855 663
855 727
855 791
855 919
855 983
855 1047
855 1085
856 301
856 306
856 374
856 664
856 728
856 792
856 920
856 984
856 1048
857 104
857 471
857 538
857 665
857 729
857 793
857 818
857 921
857 985
857 1049
858 371
858 625
858 666
858 730
858 794
858 922
858 986
858 1050
859 667
859 731
859 795
859 923
859 987
859 1051
859 1197
860 668
860 732
860 796
860 924
860 988
860 1052
860 1113
861 29
861 86
861 101
861 214
861 461
861 465
861 527
861 591
861 593
861 608
861 610
861 669
861 714
861 719
861 721
861 733
861 781
861 783
861 797
861 845
861 925
861 989
861 1053
861 1233
862 670
862 734
862 798
862 926
862 990
862 1054
863 173
863 414
863 433
863 671
863 735
863 799
863 927
863 991
863 1055
864 534
864 672
864 736
864 800
864 847
864 928
864 992
864 1056
865 533
865 673
865 737
865 801
865 929
865 993
865 1057
866 347
866 674
866 738
866 796
866 802
866 930
866 994
866 1058
867 675
867 739
867 803
867 931
867 995
867 1059
868 6
868 7
868 14
868 36
868 70
868 71
868 78
868 100
868 134
868 135
868 142
868 164
868 198
868 199
868 205
868 206
868 228
868 262
868 263
868 269
868 270
868 292
868 326
868 327
868 334
868 356
868 390
868 391
868 398
868 420
868 454
868 455
868 462
868 484
868 518
868 519
868 526
868 548
868 549
868 550
868 564
868 582
868 583
868 590
868 612
868 628
868 646
868 647
868 654
868 676
868 692
868 710
868 711
868 717
868 718
868 738
868 740
868 742
868 774
868 775
868 782
868 804
868 820
868 838
868 839
868 846
868 884
868 902
868 903
868 910
868 913
868 932
868 948
868 966
868 967
868 974
868 996
868 1030
868 1031
868 1038
868 1060
868 1094
868 1095
868 1102
868 1124
868 1140
868 1158
868 1159
868 1166
868 1167
868 1169
868 1188
868 1189
868 1204
868 1222
868 1223
868 1230
868 1252
868 1253
868 1268
869 13
869 32
869 37
869 205
869 207
869 209
869 229
869 244
869 269
869 293
869 333
869 335
869 337
869 357
869 421
869 436
869 463
869 477
869 485
869 500
869 512
869 529
869 539
869 546
869 549
869 550
869 564
869 587
869 589
869 613
869 614
869 653
869 657
869 677
869 692
869 717
869 733
869 738
869 741
869 742
869 781
869 783
869 805
869 820
869 849
869 884
869 911
869 913
869 925
869 933
869 974
869 975
869 977
869 997
869 1012
869 1039
869 1041
869 1061
869 1076
869 1102
869 1103
869 1105
869 1117
869 1152
869 1167
869 1169
869 1181
869 1189
869 1216
869 1229
869 1231
869 1253
870 214
870 416
870 465
870 672
870 678
870 714
870 742
870 806
870 845
870 934
870 998
870 1062
870 1233
871 679
871 743
871 754
871 807
871 935
871 999
871 1063
872 103
872 636
872 680
872 744
872 808
872 936
872 1000
872 1064
873 489
873 681
873 720
873 745
873 809
873 937
873 1001
873 1065
873 1187
874 682
874 746
874 810
874 938
874 1002
874 1066
874 1091
875 683
875 747
875 811
875 939
875 1003
875 1067
876 296
876 404
876 684
876 748
876 812
876 940
876 1004
876 1068
877 424
877 685
877 749
877 813
877 941
877 1005
877 1069
878 99
878 686
878 750
878 814
878 942
878 1006
878 1044
878 1070
879 687
879 751
879 815
879 943
879 1007
879 1050
879 1071
880 688
880 752
880 816
880 944
880 1008
880 1072
880 1264
881 689
881 753
881 817
881 945
881 1009
881 1073
882 690
882 754
882 818
882 946
882 1010
882 1074
883 184
883 688
883 691
883 755
883 819
883 888
883 947
883 1011
883 1075
883 1131
884 7
884 14
884 36
884 37
884 70
884 71
884 78
884 100
884 135
884 142
884 164
884 199
884 205
884 206
884 207
884 228
884 229
884 244
884 263
884 269
884 270
884 292
884 293
884 327
884 333
884 334
884 356
884 391
884 398
884 420
884 421
884 455
884 462
884 463
884 477
884 484
884 526
884 549
884 550
884 564
884 587
884 590
884 612
884 613
884 628
884 647
884 653
884 654
884 676
884 677
884 692
884 717
884 718
884 733
884 738
884 740
884 741
884 742
884 756
884 774
884 775
884 782
884 804
884 820
884 839
884 846
884 868
884 869
884 903
884 910
884 911
884 913
884 932
884 948
884 966
884 967
884 974
884 977
884 996
884 1012
884 1030
884 1031
884 1038
884 1039
884 1041
884 1060
884 1076
884 1094
884 1102
884 1105
884 1117
884 1124
884 1140
884 1166
884 1167
884 1169
884 1188
884 1189
884 1204
884 1216
884 1231
884 1252
884 1253
884 1268
885 386
885 693
885 757
885 821
885 949
885 972
885 1013
885 1077
886 694
886 758
886 822
886 950
886 1014
886 1078
887 61
887 695
887 759
887 788
887 809
887 823
887 951
887 1015
887 1079
888 184
888 688
888 696
888 760
888 824
888 883
888 952
888 1016
888 1080
888 1131
889 363
889 381
889 697
889 761
889 825
889 953
889 1004
889 1017
889 1081
889 1215
890 360
890 427
890 698
890 762
890 826
890 954
890 1018
890 1082
891 121
891 441
891 699
891 763
891 827
891 955
891 1019
891 1083
892 700
892 764
892 828
892 956
892 1020
892 1084
893 130
893 426
893 701
893 765
893 829
893 957
893 1021
893 1085
894 28
894 481
894 643
894 702
894 766
894 830
894 943
894 958
894 1022
894 1086
894 1241
895 383
895 442
895 703
895 767
895 810
895 831
895 959
895 1023
895 1087
896 704
896 723
896 768
896 832
896 960
896 1024
896 1088
896 1116
897 412
897 705
897 769
897 807
897 833
897 961
897 1025
897 1089
897 1185
898 706
898 770
898 834
898 962
898 1026
898 1090
899 556
899 707
899 771
899 791
899 835
899 963
899 1027
899 1091
900 396
900 708
900 772
900 836
900 964
900 1028
900 1092
901 5
901 15
901 69
901 133
901 197
901 261
901 325
901 389
901 453
901 517
901 581
901 645
901 709
901 773
901 837
901 965
901 1029
901 1093
901 1157
901 1221
902 6
902 14
902 70
902 71
902 78
902 100
902 134
902 135
902 142
902 164
902 198
902 199
902 206
902 228
902 262
902 263
902 270
902 292
902 326
902 327
902 334
902 356
902 390
902 391
902 398
902 420
902 454
902 455
902 462
902 484
902 518
902 519
902 526
902 548
902 582
902 583
902 590
902 612
902 628
902 646
902 647
902 654
902 676
902 710
902 711
902 717
902 718
902 740
902 774
902 775
902 782
902 804
902 838
902 839
902 846
902 868
902 903
902 910
902 932
902 948
902 966
902 967
902 996
902 1030
902 1031
902 1038
902 1060
902 1094
902 1095
902 1124
902 1140
902 1158
902 1159
902 1166
902 1188
902 1189
902 1204
902 1222
902 1223
902 1230
902 1252
902 1268
903 6
903 7
903 14
903 36
903 70
903 71
903 78
903 100
903 134
903 135
903 142
903 164
903 198
903 199
903 206
903 228
903 262
903 263
903 269
903 270
903 292
903 326
903 327
903 334
903 356
903 390
903 391
903 398
903 420
903 454
903 455
903 462
903 484
903 518
903 519
903 526
903 548
903 549
903 550
903 564
903 582
903 583
903 590
903 612
903 628
903 646
903 647
903 654
903 676
903 692
903 710
903 711
903 717
903 718
903 740
903 742
903 774
903 775
903 782
903 804
903 820
903 838
903 839
903 846
903 868
903 884
903 902
903 910
903 932
903 948
903 966
903 967
903 974
903 996
903 1030
903 1031
903 1038
903 1060
903 1094
903 1095
903 1102
903 1124
903 1140
903 1158
903 1159
903 1166
903 1167
903 1188
903 1189
903 1204
903 1222
903 1223
903 1230
903 1252
903 1253
903 1268
904 64
904 712
904 776
904 840
904 968
904 1032
904 1096
905 713
905 777
905 799
905 841
905 969
905 1033
905 1097
906 714
906 778
906 842
906 970
906 1034
906 1098
906 1255
907 715
907 779
907 843
907 971
907 1035
907 1099
908 716
908 780
908 844
908 972
908 1036
908 1100
909 717
909 781
909 845
909 973
909 1037
909 1101
910 7
910 14
910 36
910 70
910 71
910 78
910 100
910 134
910 135
910 142
910 164
910 198
910 199
910 205
910 206
910 228
910 262
910 263
910 269
910 270
910 292
910 293
910 326
910 327
910 334
910 356
910 390
910 391
910 398
910 420
910 454
910 455
910 462
910 477
910 484
910 518
910 519
910 526
910 548
910 549
910 550
910 564
910 582
910 583
910 590
910 612
910 628
910 646
910 647
910 654
910 676
910 677
910 692
910 710
910 711
910 717
910 718
910 738
910 740
910 742
910 774
910 775
910 782
910 804
910 820
910 838
910 839
910 846
910 868
910 884
910 902
910 903
910 913
910 932
910 948
910 966
910 967
910 974
910 996
910 1012
910 1030
910 1031
910 1038
910 1060
910 1094
910 1095
910 1102
910 1124
910 1140
910 1158
910 1159
910 1166
910 1167
910 1169
910 1188
910 1189
910 1204
910 1222
910 1223
910 1230
910 1252
910 1253
910 1268
911 37
911 100
911 205
911 207
911 209
911 229
911 244
911 269
911 293
911 333
911 335
911 357
911 391
911 421
911 436
911 462
911 463
911 477
911 484
911 485
911 500
911 512
911 529
911 546
911 549
911 550
911 564
911 587
911 589
911 613
911 614
911 628
911 653
911 654
911 657
911 677
911 692
911 717
911 719
911 733
911 738
911 741
911 742
911 775
911 783
911 820
911 847
911 849
911 869
911 884
911 913
911 925
911 948
911 974
911 975
911 977
911 996
911 1012
911 1038
911 1039
911 1041
911 1076
911 1102
911 1103
911 1105
911 1117
911 1140
911 1152
911 1167
911 1169
911 1181
911 1189
911 1216
911 1229
911 1231
911 1253
912 720
912 784
912 848
912 976
912 1040
912 1104
913 37
913 71
913 100
913 142
913 199
913 205
913 207
913 209
913 229
913 244
913 269
913 292
913 293
913 327
913 333
913 335
913 356
913 357
913 391
913 398
913 421
913 462
913 463
913 477
913 484
913 485
913 549
913 550
913 564
913 587
913 613
913 614
913 628
913 653
913 654
913 657
913 677
913 692
913 717
913 721
913 733
913 738
913 741
913 742
913 775
913 785
913 804
913 820
913 846
913 849
913 868
913 869
913 884
913 910
913 911
913 925
913 932
913 948
913 967
913 974
913 975
913 977
913 996
913 1012
913 1030
913 1038
913 1039
913 1041
913 1076
913 1102
913 1103
913 1105
913 1117
913 1140
913 1152
913 1167
913 1169
913 1189
913 1216
913 1229
913 1231
913 1253
913 1268
914 649
914 722
914 786
914 850
914 978
914 1042
914 1106
914 1228
915 723
915 787
915 851
915 979
915 1043
915 1107
916 39
916 47
916 170
916 724
916 788
916 852
916 980
916 990
916 1044
916 1067
916 1108
917 281
917 725
917 789
917 853
917 981
917 1045
917 1109
917 1257
918 338
918 726
918 790
918 844
918 854
918 982
918 1046
918 1110
919 727
919 791
919 855
919 983
919 1047
919 1111
920 194
920 238
920 728
920 792
920 813
920 856
920 984
920 1048
920 1112
920 1196
921 41
921 729
921 759
921 793
921 857
921 931
921 985
921 1049
921 1113
921 1148
922 730
922 794
922 858
922 986
922 1050
922 1114
923 599
923 731
923 795
923 859
923 987
923 1051
923 1115
924 50
924 411
924 732
924 796
924 860
924 988
924 1052
924 1116
925 13
925 32
925 101
925 205
925 207
925 209
925 229
925 244
925 293
925 333
925 335
925 337
925 357
925 421
925 436
925 463
925 477
925 485
925 500
925 512
925 527
925 529
925 539
925 546
925 549
925 587
925 589
925 593
925 608
925 610
925 613
925 614
925 653
925 657
925 677
925 721
925 733
925 738
925 741
925 781
925 783
925 797
925 849
925 861
925 869
925 911
925 913
925 933
925 974
925 975
925 977
925 989
925 1012
925 1039
925 1041
925 1053
925 1061
925 1076
925 1103
925 1105
925 1117
925 1152
925 1167
925 1169
925 1181
925 1216
925 1229
925 1231
925 1253
926 713
926 734
926 798
926 862
926 990
926 1054
926 1118
927 423
927 735
927 799
927 863
927 991
927 1055
927 1119
928 736
928 800
928 864
928 992
928 1056
928 1120
929 737
929 801
929 865
929 993
929 1057
929 1121
930 738
930 802
930 866
930 994
930 1058
930 1122
931 41
931 739
931 759
931 803
931 867
931 921
931 995
931 1059
931 1123
931 1148
932 7
932 14
932 36
932 70
932 71
932 78
932 100
932 134
932 135
932 142
932 164
932 198
932 199
932 205
932 206
932 228
932 262
932 263
932 269
932 270
932 292
932 326
932 327
932 334
932 356
932 390
932 391
932 398
932 420
932 454
932 455
932 462
932 484
932 518
932 519
932 526
932 548
932 549
932 550
932 564
932 582
932 583
932 590
932 612
932 628
932 646
932 647
932 654
932 676
932 692
932 710
932 711
932 717
932 718
932 738
932 740
932 742
932 774
932 775
932 782
932 804
932 820
932 838
932 839
932 846
932 868
932 884
932 902
932 903
932 910
932 913
932 948
932 966
932 967
932 974
932 996
932 1030
932 1031
932 1038
932 1060
932 1094
932 1095
932 1102
932 1124
932 1140
932 1158
932 1159
932 1166
932 1167
932 1169
932 1188
932 1189
932 1204
932 1222
932 1223
932 1230
932 1252
932 1253
932 1268
933 13
933 29
933 32
933 86
933 101
933 207
933 209
933 229
933 244
933 333
933 335
933 337
933 357
933 421
933 436
933 461
933 463
933 485
933 500
933 512
933 527
933 529
933 539
933 546
933 587
933 589
933 591
933 593
933 608
933 610
933 613
933 614
933 657
933 721
933 733
933 741
933 781
933 783
933 805
933 849
933 869
933 925
933 975
933 977
933 997
933 1039
933 1041
933 1061
933 1076
933 1103
933 1105
933 1117
933 1125
933 1152
933 1181
933 1216
933 1229
933 1231
934 742
934 766
934 806
934 870
934 998
934 1062
934 1126
935 743
935 807
935 871
935 999
935 1063
935 1127
936 103
936 636
936 744
936 808
936 872
936 1000
936 1064
936 1128
937 498
937 553
937 745
937 809
937 873
937 1001
937 1065
937 1109
937 1129
938 496
938 571
938 746
938 810
938 874
938 1002
938 1066
938 1130
939 639
939 747
939 767
939 811
939 875
939 1003
939 1067
939 1131
940 148
940 282
940 682
940 748
940 812
940 876
940 1004
940 1066
940 1068
940 1132
941 749
941 813
941 877
941 964
941 1005
941 1069
941 1133
942 25
942 317
942 750
942 814
942 878
942 1006
942 1070
942 1134
943 28
943 481
943 643
943 751
943 815
943 879
943 894
943 1007
943 1071
943 1135
943 1241
944 752
944 816
944 880
944 1008
944 1009
944 1072
944 1136
945 187
945 753
945 817
945 881
945 1009
945 1073
945 1137
946 754
946 789
946 818
946 882
946 1010
946 1074
946 1138
946 1218
947 755
947 819
947 883
947 1011
947 1075
947 1139
948 70
948 71
948 78
948 100
948 134
948 135
948 142
948 164
948 199
948 205
948 206
948 207
948 228
948 263
948 269
948 270
948 292
948 293
948 326
948 327
948 333
948 334
948 356
948 390
948 391
948 398
948 420
948 421
948 454
948 455
948 462
948 463
948 477
948 484
948 526
948 548
948 549
948 550
948 564
948 583
948 587
948 590
948 612
948 613
948 628
948 646
948 647
948 653
948 654
948 676
948 677
948 692
948 711
948 717
948 718
948 738
948 740
948 741
948 742
948 756
948 774
948 775
948 782
948 804
948 820
948 838
948 839
948 846
948 868
948 884
948 902
948 903
948 910
948 911
948 913
948 932
948 966
948 967
948 974
948 977
948 996
948 1012
948 1030
948 1031
948 1038
948 1039
948 1041
948 1060
948 1076
948 1094
948 1095
948 1102
948 1105
948 1124
948 1140
948 1158
948 1166
948 1167
948 1169
948 1188
948 1189
948 1204
948 1222
948 1230
948 1252
948 1253
948 1268
949 386
949 757
949 821
949 885
949 972
949 1013
949 1077
949 1141
950 268
950 597
950 758
950 822
950 886
950 1014
950 1078
950 1142
951 759
951 823
951 887
951 1015
951 1079
951 1143
952 696
952 730
952 760
952 814
952 824
952 888
952 1016
952 1080
952 1144
953 761
953 825
953 889
953 1017
953 1081
953 1145
954 112
954 762
954 826
954 890
954 1017
954 1018
954 1082
954 1146
955 753
955 763
955 827
955 831
955 891
955 1019
955 1083
955 1147
956 764
956 828
956 892
956 1020
956 1084
956 1148
957 611
957 765
957 829
957 893
957 1021
957 1085
957 1149
958 0
958 467
958 766
958 830
958 894
958 1022
958 1086
958 1150
959 767
959 811
959 831
959 895
959 1023
959 1087
959 1151
960 768
960 832
960 896
960 1024
960 1088
960 1121
960 1152
961 735
961 769
961 833
961 897
961 1025
961 1089
961 1112
961 1153
962 748
962 770
962 771
962 834
962 835
962 898
962 1026
962 1090
962 1154
963 425
963 573
963 771
963 835
963 899
963 1027
963 1091
963 1155
964 772
964 836
964 900
964 941
964 1028
964 1092
964 1156
965 5
965 15
965 69
965 133
965 197
965 261
965 325
965 389
965 453
965 517
965 581
965 645
965 709
965 773
965 837
965 901
965 1029
965 1093
965 1157
965 1221
966 6
966 7
966 14
966 36
966 70
966 71
966 78
966 134
966 135
966 142
966 164
966 198
966 199
966 206
966 228
966 262
966 263
966 269
966 270
966 292
966 326
966 327
966 334
966 356
966 390
966 391
966 398
966 420
966 454
966 455
966 462
966 484
966 518
966 519
966 526
966 548
966 549
966 550
966 564
966 582
966 583
966 590
966 612
966 628
966 646
966 647
966 654
966 676
966 692
966 710
966 711
966 717
966 718
966 740
966 742
966 774
966 775
966 782
966 804
966 820
966 838
966 839
966 846
966 868
966 884
966 902
966 903
966 910
966 932
966 948
966 967
966 996
966 1030
966 1031
966 1038
966 1060
966 1094
966 1095
966 1102
966 1124
966 1140
966 1158
966 1159
966 1166
966 1188
966 1189
966 1204
966 1222
966 1223
966 1230
966 1252
966 1268
967 7
967 14
967 36
967 70
967 71
967 78
967 100
967 134
967 135
967 142
967 164
967 198
967 199
967 205
967 206
967 228
967 262
967 263
967 269
967 270
967 292
967 293
967 326
967 327
967 334
967 356
967 390
967 391
967 398
967 420
967 454
967 455
967 462
967 477
967 484
967 518
967 519
967 526
967 548
967 549
967 550
967 564
967 582
967 583
967 590
967 612
967 628
967 646
967 647
967 654
967 676
967 692
967 710
967 711
967 717
967 718
967 738
967 740
967 742
967 774
967 775
967 782
967 804
967 820
967 838
967 839
967 846
967 868
967 884
967 902
967 903
967 910
967 913
967 932
967 948
967 966
967 974
967 996
967 1030
967 1031
967 1038
967 1060
967 1094
967 1095
967 1102
967 1124
967 1140
967 1158
967 1159
967 1166
967 1167
967 1169
967 1188
967 1189
967 1204
967 1222
967 1223
967 1230
967 1252
967 1253
967 1268
968 705
968 776
968 840
968 904
968 1032
968 1096
968 1160
968 1261
969 777
969 841
969 905
969 992
969 1033
969 1097
969 1161
970 4
970 778
970 842
970 906
970 1034
970 1098
970 1162
971 779
971 843
971 907
971 1035
971 1099
971 1163
972 386
972 780
972 844
972 885
972 908
972 949
972 1036
972 1100
972 1164
973 551
973 781
973 845
973 909
973 1037
973 1101
973 1165
974 37
974 142
974 199
974 205
974 207
974 209
974 229
974 244
974 269
974 292
974 293
974 327
974 333
974 335
974 356
974 357
974 391
974 398
974 421
974 462
974 463
974 477
974 484
974 485
974 549
974 550
974 564
974 587
974 613
974 614
974 628
974 653
974 654
974 657
974 677
974 692
974 717
974 733
974 738
974 741
974 742
974 775
974 782
974 804
974 820
974 846
974 849
974 868
974 869
974 884
974 903
974 910
974 911
974 913
974 925
974 932
974 948
974 967
974 975
974 977
974 996
974 1012
974 1030
974 1038
974 1039
974 1041
974 1060
974 1076
974 1102
974 1105
974 1117
974 1140
974 1152
974 1166
974 1167
974 1169
974 1189
974 1216
974 1229
974 1231
974 1252
974 1253
974 1268
975 13
975 32
975 205
975 207
975 209
975 229
975 244
975 293
975 333
975 335
975 337
975 357
975 421
975 436
975 463
975 477
975 485
975 500
975 512
975 529
975 539
975 546
975 549
975 550
975 587
975 589
975 593
975 608
975 610
975 613
975 614
975 653
975 657
975 677
975 721
975 733
975 738
975 741
975 742
975 781
975 783
975 847
975 849
975 869
975 911
975 913
975 925
975 933
975 974
975 977
975 1012
975 1039
975 1041
975 1061
975 1076
975 1103
975 1105
975 1117
975 1152
975 1167
975 1169
975 1181
975 1216
975 1229
975 1231
975 1253
976 188
976 784
976 848
976 912
976 980
976 1040
976 1104
976 1168
977 37
977 205
977 207
977 209
977 229
977 244
977 269
977 293
977 333
977 335
977 337
977 357
977 391
977 421
977 436
977 462
977 463
977 477
977 485
977 500
977 512
977 529
977 539
977 546
977 549
977 550
977 564
977 587
977 589
977 613
977 614
977 628
977 653
977 657
977 677
977 692
977 717
977 733
977 738
977 741
977 742
977 785
977 820
977 849
977 869
977 884
977 911
977 913
977 925
977 933
977 948
977 974
977 975
977 1012
977 1039
977 1041
977 1061
977 1076
977 1102
977 1103
977 1105
977 1117
977 1152
977 1167
977 1169
977 1181
977 1189
977 1216
977 1229
977 1231
977 1253
978 584
978 786
978 850
978 914
978 1042
978 1106
978 1170
979 3
979 787
979 851
979 915
979 1043
979 1090
979 1107
979 1171
980 188
980 788
980 852
980 916
980 976
980 1044
980 1108
980 1172
981 445
981 447
981 770
981 789
981 853
981 917
981 994
981 1045
981 1109
981 1173
982 790
982 854
982 918
982 1046
982 1110
982 1174
983 162
983 309
983 791
983 855
983 919
983 1047
983 1111
983 1175
984 73
984 450
984 493
984 739
984 792
984 856
984 920
984 1026
984 1048
984 1071
984 1112
984 1176
985 136
985 272
985 793
985 857
985 921
985 1049
985 1113
985 1177
985 1193
986 304
986 794
986 858
986 922
986 1050
986 1114
986 1178
987 213
987 795
987 859
987 923
987 1051
987 1115
987 1179
988 796
988 860
988 924
988 1052
988 1116
988 1180
989 655
989 797
989 861
989 925
989 1053
989 1117
989 1179
989 1181
990 39
990 47
990 170
990 798
990 862
990 916
990 926
990 1054
990 1067
990 1108
990 1118
990 1182
991 659
991 690
991 799
991 863
991 927
991 1055
991 1119
991 1183
991 1249
992 800
992 864
992 928
992 969
992 1056
992 1120
992 1184
993 139
993 798
993 801
993 865
993 929
993 1057
993 1121
993 1160
993 1162
993 1185
994 445
994 447
994 770
994 802
994 866
994 930
994 981
994 1058
994 1122
994 1186
995 313
995 803
995 867
995 931
995 1059
995 1123
995 1134
995 1187
996 7
996 14
996 36
996 71
996 78
996 100
996 134
996 135
996 142
996 164
996 198
996 199
996 205
996 206
996 228
996 262
996 263
996 269
996 270
996 292
996 293
996 326
996 327
996 334
996 356
996 390
996 391
996 398
996 420
996 454
996 455
996 462
996 477
996 484
996 518
996 519
996 526
996 548
996 549
996 550
996 564
996 582
996 583
996 590
996 612
996 628
996 646
996 647
996 654
996 676
996 677
996 692
996 710
996 711
996 717
996 718
996 738
996 740
996 742
996 774
996 775
996 782
996 804
996 820
996 838
996 839
996 846
996 868
996 884
996 902
996 903
996 910
996 911
996 913
996 932
996 948
996 966
996 967
996 974
996 1012
996 1030
996 1031
996 1038
996 1060
996 1094
996 1095
996 1102
996 1124
996 1140
996 1158
996 1159
996 1166
996 1167
996 1169
996 1188
996 1189
996 1204
996 1222
996 1230
996 1252
996 1253
996 1268
997 805
997 869
997 933
997 1061
997 1125
997 1189
998 806
998 870
998 934
998 1062
998 1126
998 1190
999 388
999 807
999 871
999 935
999 1063
999 1127
999 1191
1000 872
1000 936
1000 1064
1000 1128
1000 1192
1001 137
1001 809
1001 873
1001 937
1001 1065
1001 1129
1001 1193
1002 810
1002 874
1002 938
1002 1066
1002 1130
1002 1194
1003 811
1003 875
1003 939
1003 1067
1003 1087
1003 1131
1003 1195
1004 363
1004 381
1004 812
1004 876
1004 889
1004 940
1004 1068
1004 1132
1004 1196
1004 1215
1005 24
1005 354
1005 813
1005 877
1005 941
1005 1007
1005 1069
1005 1077
1005 1133
1005 1197
1006 503
1006 814
1006 878
1006 942
1006 1070
1006 1134
1006 1198
1007 24
1007 354
1007 815
1007 879
1007 943
1007 1005
1007 1071
1007 1077
1007 1135
1007 1199
1008 816
1008 880
1008 944
1008 1072
1008 1136
1008 1200
1009 817
1009 881
1009 944
1009 945
1009 1073
1009 1137
1009 1201
1010 559
1010 818
1010 882
1010 946
1010 1027
1010 1074
1010 1138
1010 1202
1011 819
1011 883
1011 947
1011 1075
1011 1139
1011 1203
1012 37
1012 205
1012 207
1012 209
1012 229
1012 244
1012 269
1012 293
1012 327
1012 333
1012 335
1012 357
1012 391
1012 421
1012 462
1012 463
1012 477
1012 484
1012 485
1012 529
1012 546
1012 549
1012 550
1012 564
1012 587
1012 589
1012 613
1012 614
1012 628
1012 653
1012 654
1012 657
1012 677
1012 692
1012 717
1012 733
1012 738
1012 741
1012 742
1012 775
1012 804
1012 820
1012 846
1012 849
1012 869
1012 884
1012 910
1012 911
1012 913
1012 925
1012 948
1012 974
1012 975
1012 977
1012 996
1012 1030
1012 1038
1012 1039
1012 1041
1012 1076
1012 1102
1012 1103
1012 1105
1012 1117
1012 1140
1012 1152
1012 1167
1012 1169
1012 1181
1012 1189
1012 1204
1012 1216
1012 1229
1012 1231
1012 1253
1012 1268
1013 109
1013 821
1013 885
1013 949
1013 1077
1013 1141
1013 1205
1014 751
1014 822
1014 886
1014 950
1014 1078
1014 1142
1014 1206
1015 769
1015 823
1015 887
1015 951
1015 1079
1015 1143
1015 1207
1016 380
1016 824
1016 888
1016 952
1016 1080
1016 1144
1016 1208
1017 112
1017 825
1017 889
1017 953
1017 954
1017 1081
1017 1145
1017 1209
1018 511
1018 826
1018 890
1018 954
1018 1082
1018 1136
1018 1146
1018 1210
1019 827
1019 891
1019 955
1019 1083
1019 1147
1019 1211
1020 314
1020 828
1020 892
1020 956
1020 1084
1020 1148
1020 1212
1021 687
1021 829
1021 893
1021 957
1021 1085
1021 1149
1021 1213
1021 1273
1022 830
1022 848
1022 894
1022 958
1022 1086
1022 1150
1022 1214
1023 831
1023 895
1023 959
1023 1087
1023 1151
1023 1215
1024 661
1024 832
1024 896
1024 960
1024 1088
1024 1152
1024 1216
1025 833
1025 897
1025 961
1025 1054
1025 1089
1025 1153
1025 1217
1026 73
1026 450
1026 493
1026 739
1026 834
1026 898
1026 962
1026 984
1026 1071
1026 1090
1026 1154
1026 1218
1027 559
1027 835
1027 899
1027 963
1027 1010
1027 1091
1027 1155
1027 1219
1028 836
1028 900
1028 964
1028 1092
1028 1156
1028 1220
1029 5
1029 15
1029 69
1029 133
1029 197
1029 261
1029 325
1029 389
1029 453
1029 517
1029 581
1029 645
1029 709
1029 773
1029 837
1029 901
1029 965
1029 1093
1029 1157
1029 1221
1030 7
1030 14
1030 36
1030 71
1030 78
1030 100
1030 135
1030 142
1030 164
1030 198
1030 199
1030 205
1030 206
1030 228
1030 262
1030 263
1030 269
1030 270
1030 292
1030 293
1030 326
1030 327
1030 334
1030 356
1030 390
1030 391
1030 398
1030 420
1030 454
1030 455
1030 462
1030 477
1030 484
1030 518
1030 519
1030 526
1030 548
1030 549
1030 550
1030 564
1030 582
1030 583
1030 590
1030 612
1030 628
1030 646
1030 647
1030 654
1030 676
1030 677
1030 692
1030 710
1030 711
1030 717
1030 718
1030 738
1030 740
1030 742
1030 774
1030 775
1030 782
1030 804
1030 820
1030 838
1030 839
1030 846
1030 868
1030 884
1030 902
1030 903
1030 910
1030 913
1030 932
1030 948
1030 966
1030 967
1030 974
1030 996
1030 1012
1030 1031
1030 1038
1030 1060
1030 1094
1030 1095
1030 1102
1030 1124
1030 1140
1030 1158
1030 1159
1030 1166
1030 1167
1030 1169
1030 1188
1030 1189
1030 1204
1030 1222
1030 1223
1030 1230
1030 1252
1030 1253
1030 1268
1031 6
1031 7
1031 14
1031 36
1031 70
1031 71
1031 78
1031 135
1031 142
1031 164
1031 198
1031 199
1031 206
1031 228
1031 262
1031 263
1031 269
1031 270
1031 292
1031 326
1031 327
1031 334
1031 356
1031 390
1031 391
1031 398
1031 420
1031 454
1031 455
1031 462
1031 484
1031 518
1031 519
1031 526
1031 548
1031 549
1031 550
1031 564
1031 582
1031 583
1031 590
1031 612
1031 628
1031 646
1031 647
1031 654
1031 676
1031 692
1031 710
1031 711
1031 717
1031 718
1031 740
1031 742
1031 774
1031 775
1031 782
1031 804
1031 820
1031 838
1031 839
1031 846
1031 868
1031 884
1031 902
1031 903
1031 910
1031 932
1031 948
1031 966
1031 967
1031 996
1031 1030
1031 1038
1031 1060
1031 1094
1031 1095
1031 1102
1031 1124
1031 1140
1031 1158
1031 1159
1031 1166
1031 1167
1031 1188
1031 1189
1031 1204
1031 1222
1031 1223
1031 1230
1031 1252
1031 1268
1032 681
1032 840
1032 904
1032 968
1032 1078
1032 1096
1032 1160
1032 1192
1032 1199
1032 1224
1033 772
1033 841
1033 905
1033 969
1033 1097
1033 1161
1033 1225
1034 842
1034 906
1034 970
1034 1098
1034 1162
1034 1226
1035 843
1035 907
1035 971
1035 1099
1035 1153
1035 1163
1035 1227
1036 75
1036 382
1036 844
1036 908
1036 972
1036 1100
1036 1164
1036 1228
1037 845
1037 909
1037 973
1037 1101
1037 1165
1037 1229
1038 7
1038 14
1038 36
1038 71
1038 78
1038 100
1038 135
1038 142
1038 164
1038 198
1038 199
1038 205
1038 206
1038 228
1038 262
1038 263
1038 269
1038 270
1038 292
1038 293
1038 326
1038 327
1038 334
1038 356
1038 390
1038 391
1038 398
1038 420
1038 454
1038 455
1038 462
1038 477
1038 484
1038 518
1038 519
1038 526
1038 548
1038 549
1038 550
1038 564
1038 582
1038 583
1038 590
1038 612
1038 628
1038 646
1038 647
1038 654
1038 676
1038 677
1038 692
1038 710
1038 711
1038 717
1038 718
1038 738
1038 740
1038 742
1038 774
1038 775
1038 782
1038 804
1038 820
1038 838
1038 839
1038 846
1038 868
1038 884
1038 902
1038 903
1038 910
1038 911
1038 913
1038 932
1038 948
1038 966
1038 967
1038 974
1038 996
1038 1012
1038 1030
1038 1031
1038 1060
1038 1094
1038 1095
1038 1102
1038 1124
1038 1140
1038 1158
1038 1159
1038 1166
1038 1167
1038 1169
1038 1188
1038 1189
1038 1204
1038 1222
1038 1230
1038 1252
1038 1253
1038 1268
1039 37
1039 205
1039 207
1039 209
1039 229
1039 244
1039 269
1039 293
1039 333
1039 335
1039 337
1039 357
1039 421
1039 436
1039 463
1039 477
1039 485
1039 500
1039 512
1039 529
1039 539
1039 546
1039 549
1039 550
1039 564
1039 587
1039 589
1039 613
1039 614
1039 653
1039 657
1039 677
1039 692
1039 717
1039 733
1039 738
1039 741
1039 742
1039 781
1039 820
1039 847
1039 849
1039 869
1039 884
1039 911
1039 913
1039 925
1039 933
1039 948
1039 974
1039 975
1039 977
1039 1012
1039 1041
1039 1061
1039 1076
1039 1102
1039 1103
1039 1105
1039 1117
1039 1152
1039 1167
1039 1169
1039 1181
1039 1189
1039 1216
1039 1229
1039 1231
1039 1253
1040 51
1040 848
1040 912
1040 976
1040 1104
1040 1168
1040 1232
1041 37
1041 205
1041 207
1041 209
1041 229
1041 244
1041 269
1041 293
1041 333
1041 335
1041 337
1041 357
1041 391
1041 421
1041 436
1041 462
1041 463
1041 477
1041 485
1041 500
1041 512
1041 529
1041 539
1041 546
1041 549
1041 550
1041 564
1041 587
1041 589
1041 613
1041 614
1041 628
1041 653
1041 657
1041 677
1041 692
1041 717
1041 733
1041 738
1041 741
1041 742
1041 820
1041 849
1041 869
1041 884
1041 911
1041 913
1041 925
1041 933
1041 948
1041 974
1041 975
1041 977
1041 1012
1041 1039
1041 1061
1041 1076
1041 1102
1041 1103
1041 1105
1041 1117
1041 1152
1041 1167
1041 1169
1041 1181
1041 1189
1041 1216
1041 1229
1041 1231
1041 1233
1041 1253
1042 92
1042 850
1042 914
1042 978
1042 1106
1042 1170
1042 1234
1043 30
1043 56
1043 169
1043 637
1043 851
1043 915
1043 979
1043 1107
1043 1171
1043 1235
1043 1242
1044 99
1044 852
1044 878
1044 916
1044 980
1044 1108
1044 1172
1044 1236
1045 215
1045 853
1045 917
1045 981
1045 1100
1045 1109
1045 1173
1045 1237
1046 854
1046 918
1046 982
1046 1110
1046 1174
1046 1238
1047 732
1047 855
1047 919
1047 983
1047 1111
1047 1133
1047 1168
1047 1175
1047 1239
1048 635
1048 856
1048 920
1048 984
1048 1112
1048 1176
1048 1240
1049 857
1049 921
1049 985
1049 1113
1049 1177
1049 1202
1049 1241
1050 858
1050 879
1050 922
1050 986
1050 1114
1050 1178
1050 1242
1051 621
1051 859
1051 923
1051 987
1051 1115
1051 1179
1051 1243
1052 247
1052 385
1052 860
1052 924
1052 988
1052 1116
1052 1180
1052 1244
1053 861
1053 925
1053 989
1053 1117
1053 1181
1053 1245
1054 862
1054 926
1054 990
1054 1025
1054 1118
1054 1182
1054 1246
1055 405
1055 574
1055 863
1055 927
1055 991
1055 1119
1055 1183
1055 1247
1056 202
1056 864
1056 928
1056 992
1056 1120
1056 1184
1056 1248
1057 520
1057 865
1057 929
1057 993
1057 1121
1057 1185
1057 1249
1058 157
1058 866
1058 930
1058 994
1058 1122
1058 1186
1058 1250
1059 428
1059 656
1059 867
1059 931
1059 995
1059 1123
1059 1187
1059 1251
1060 6
1060 7
1060 14
1060 36
1060 70
1060 71
1060 78
1060 135
1060 142
1060 164
1060 198
1060 199
1060 206
1060 228
1060 262
1060 263
1060 269
1060 270
1060 292
1060 326
1060 327
1060 334
1060 356
1060 390
1060 391
1060 398
1060 420
1060 454
1060 455
1060 462
1060 484
1060 518
1060 519
1060 526
1060 548
1060 549
1060 550
1060 564
1060 582
1060 583
1060 590
1060 612
1060 628
1060 646
1060 647
1060 654
1060 676
1060 692
1060 710
1060 711
1060 717
1060 718
1060 740
1060 742
1060 774
1060 775
1060 782
1060 804
1060 820
1060 838
1060 839
1060 846
1060 868
1060 884
1060 902
1060 903
1060 910
1060 932
1060 948
1060 966
1060 967
1060 974
1060 996
1060 1030
1060 1031
1060 1038
1060 1094
1060 1095
1060 1102
1060 1124
1060 1140
1060 1158
1060 1159
1060 1166
1060 1167
1060 1188
1060 1189
1060 1204
1060 1222
1060 1223
1060 1230
1060 1252
1060 1253
1060 1268
1061 13
1061 29
1061 32
1061 207
1061 209
1061 229
1061 244
1061 333
1061 335
1061 337
1061 357
1061 421
1061 436
1061 461
1061 463
1061 485
1061 500
1061 512
1061 527
1061 529
1061 539
1061 546
1061 587
1061 589
1061 591
1061 593
1061 608
1061 610
1061 613
1061 614
1061 657
1061 721
1061 733
1061 741
1061 781
1061 783
1061 849
1061 869
1061 925
1061 933
1061 975
1061 977
1061 997
1061 1039
1061 1041
1061 1076
1061 1103
1061 1105
1061 1117
1061 1125
1061 1152
1061 1181
1061 1189
1061 1216
1061 1229
1061 1231
1061 1253
1062 870
1062 934
1062 998
1062 1126
1062 1190
1062 1254
1063 871
1063 935
1063 999
1063 1127
1063 1191
1063 1255
1064 245
1064 872
1064 936
1064 1000
1064 1128
1064 1192
1064 1256
1065 873
1065 937
1065 1001
1065 1129
1065 1193
1065 1257
1066 148
1066 282
1066 682
1066 874
1066 938
1066 940
1066 1002
1066 1130
1066 1194
1066 1258
1067 39
1067 47
1067 170
1067 875
1067 916
1067 939
1067 990
1067 1003
1067 1108
1067 1131
1067 1195
1067 1259
1068 876
1068 940
1068 1004
1068 1132
1068 1196
1068 1260
1069 259
1069 280
1069 877
1069 941
1069 1005
1069 1133
1069 1197
1069 1261
1070 179
1070 878
1070 942
1070 1006
1070 1134
1070 1198
1070 1262
1071 73
1071 450
1071 493
1071 739
1071 879
1071 943
1071 984
1071 1007
1071 1026
1071 1135
1071 1199
1071 1263
1072 880
1072 944
1072 1008
1072 1136
1072 1200
1072 1264
1073 552
1073 881
1073 945
1073 1009
1073 1137
1073 1201
1073 1265
1074 882
1074 946
1074 1010
1074 1138
1074 1202
1074 1266
1075 883
1075 947
1075 1011
1075 1139
1075 1203
1075 1267
1076 37
1076 205
1076 207
1076 209
1076 229
1076 244
1076 269
1076 293
1076 333
1076 335
1076 337
1076 357
1076 421
1076 436
1076 463
1076 477
1076 485
1076 500
1076 512
1076 529
1076 539
1076 546
1076 549
1076 550
1076 564
1076 587
1076 589
1076 613
1076 614
1076 653
1076 657
1076 677
1076 692
1076 717
1076 733
1076 738
1076 741
1076 742
1076 781
1076 820
1076 849
1076 869
1076 884
1076 911
1076 913
1076 925
1076 933
1076 948
1076 974
1076 975
1076 977
1076 1012
1076 1039
1076 1041
1076 1061
1076 1102
1076 1103
1076 1105
1076 1117
1076 1140
1076 1152
1076 1167
1076 1169
1076 1181
1076 1189
1076 1204
1076 1216
1076 1229
1076 1231
1076 1253
1076 1268
1077 24
1077 354
1077 885
1077 949
1077 1005
1077 1007
1077 1013
1077 1141
1077 1205
1077 1269
1078 681
1078 886
1078 950
1078 1014
1078 1032
1078 1142
1078 1192
1078 1199
1078 1206
1078 1270
1079 330
1079 350
1079 712
1079 887
1079 951
1079 1015
1079 1143
1079 1207
1079 1271
1080 652
1080 851
1080 888
1080 952
1080 1016
1080 1144
1080 1208
1080 1272
1081 889
1081 953
1081 1017
1081 1145
1081 1209
1081 1273
1082 890
1082 954
1082 1018
1082 1146
1082 1210
1082 1274
1083 891
1083 955
1083 1019
1083 1147
1083 1211
1083 1275
1084 176
1084 627
1084 892
1084 956
1084 1020
1084 1148
1084 1212
1084 1275
1084 1276
1085 279
1085 855
1085 893
1085 957
1085 1021
1085 1149
1085 1213
1085 1277
1086 894
1086 958
1086 1022
1086 1150
1086 1214
1086 1278
1087 895
1087 959
1087 1003
1087 1023
1087 1151
1087 1215
1087 1279
1088 896
1088 960
1088 1024
1088 1152
1088 1216
1089 289
1089 897
1089 961
1089 1025
1089 1153
1089 1217
1090 3
1090 898
1090 962
1090 979
1090 1026
1090 1154
1090 1218
1091 874
1091 899
1091 963
1091 1027
1091 1155
1091 1219
1092 900
1092 964
1092 1028
1092 1156
1092 1173
1092 1220
1093 5
1093 15
1093 69
1093 133
1093 197
1093 261
1093 325
1093 389
1093 453
1093 517
1093 581
1093 645
1093 709
1093 773
1093 837
1093 901
1093 965
1093 1029
1093 1157
1093 1221
1094 6
1094 7
1094 14
1094 36
1094 70
1094 71
1094 78
1094 135
1094 142
1094 164
1094 199
1094 206
1094 228
1094 262
1094 263
1094 269
1094 270
1094 292
1094 326
1094 327
1094 334
1094 356
1094 390
1094 391
1094 398
1094 420
1094 454
1094 455
1094 462
1094 484
1094 518
1094 519
1094 526
1094 548
1094 549
1094 550
1094 564
1094 582
1094 583
1094 590
1094 612
1094 628
1094 646
1094 647
1094 654
1094 676
1094 692
1094 710
1094 711
1094 717
1094 718
1094 740
1094 742
1094 774
1094 775
1094 782
1094 804
1094 820
1094 838
1094 839
1094 846
1094 868
1094 884
1094 902
1094 903
1094 910
1094 932
1094 948
1094 966
1094 967
1094 996
1094 1030
1094 1031
1094 1038
1094 1060
1094 1095
1094 1102
1094 1124
1094 1140
1094 1158
1094 1159
1094 1166
1094 1188
1094 1189
1094 1204
1094 1222
1094 1223
1094 1230
1094 1252
1094 1268
1095 6
1095 14
1095 70
1095 78
1095 134
1095 135
1095 164
1095 198
1095 206
1095 228
1095 262
1095 263
1095 270
1095 292
1095 326
1095 327
1095 334
1095 356
1095 390
1095 391
1095 398
1095 420
1095 454
1095 455
1095 462
1095 484
1095 518
1095 519
1095 526
1095 548
1095 582
1095 583
1095 590
1095 612
1095 628
1095 646
1095 647
1095 654
1095 676
1095 710
1095 711
1095 717
1095 718
1095 740
1095 774
1095 775
1095 782
1095 804
1095 838
1095 839
1095 846
1095 868
1095 902
1095 903
1095 910
1095 932
1095 948
1095 966
1095 967
1095 996
1095 1030
1095 1031
1095 1038
1095 1060
1095 1094
1095 1124
1095 1140
1095 1158
1095 1159
1095 1166
1095 1188
1095 1189
1095 1204
1095 1222
1095 1223
1095 1230
1095 1252
1095 1268
1096 151
1096 904
1096 968
1096 1032
1096 1160
1096 1224
1097 266
1097 905
1097 969
1097 1033
1097 1161
1097 1225
1098 242
1098 906
1098 970
1098 1034
1098 1162
1098 1175
1098 1226
1099 55
1099 328
1099 907
1099 971
1099 1035
1099 1163
1099 1227
1100 215
1100 908
1100 972
1100 1036
1100 1045
1100 1164
1100 1228
1101 439
1101 679
1101 909
1101 973
1101 1037
1101 1165
1101 1229
1102 100
1102 205
1102 263
1102 269
1102 270
1102 292
1102 293
1102 327
1102 333
1102 334
1102 356
1102 391
1102 398
1102 420
1102 421
1102 455
1102 462
1102 463
1102 477
1102 484
1102 526
1102 549
1102 550
1102 564
1102 587
1102 590
1102 612
1102 613
1102 628
1102 647
1102 653
1102 654
1102 676
1102 677
1102 692
1102 717
1102 718
1102 733
1102 738
1102 740
1102 741
1102 742
1102 774
1102 775
1102 782
1102 804
1102 820
1102 839
1102 846
1102 868
1102 869
1102 884
1102 903
1102 910
1102 911
1102 913
1102 932
1102 948
1102 966
1102 967
1102 974
1102 977
1102 996
1102 1012
1102 1030
1102 1031
1102 1038
1102 1039
1102 1041
1102 1060
1102 1076
1102 1094
1102 1105
1102 1117
1102 1124
1102 1140
1102 1166
1102 1167
1102 1169
1102 1188
1102 1189
1102 1204
1102 1216
1102 1230
1102 1231
1102 1252
1102 1253
1102 1268
1103 13
1103 32
1103 209
1103 244
1103 293
1103 333
1103 335
1103 337
1103 357
1103 421
1103 436
1103 463
1103 477
1103 485
1103 500
1103 512
1103 527
1103 529
1103 539
1103 546
1103 587
1103 589
1103 591
1103 593
1103 608
1103 610
1103 613
1103 614
1103 653
1103 657
1103 677
1103 721
1103 733
1103 738
1103 741
1103 781
1103 783
1103 849
1103 869
1103 911
1103 913
1103 925
1103 933
1103 975
1103 977
1103 1012
1103 1039
1103 1041
1103 1061
1103 1076
1103 1105
1103 1117
1103 1152
1103 1167
1103 1169
1103 1181
1103 1216
1103 1229
1103 1231
1104 912
1104 976
1104 1040
1104 1135
1104 1168
1104 1232
1105 37
1105 207
1105 229
1105 244
1105 269
1105 293
1105 333
1105 335
1105 337
1105 357
1105 421
1105 436
1105 463
1105 477
1105 485
1105 500
1105 512
1105 529
1105 539
1105 546
1105 549
1105 550
1105 564
1105 587
1105 589
1105 613
1105 614
1105 653
1105 657
1105 677
1105 692
1105 717
1105 733
1105 738
1105 741
1105 742
1105 781
1105 820
1105 849
1105 869
1105 884
1105 911
1105 913
1105 925
1105 933
1105 948
1105 974
1105 975
1105 977
1105 1012
1105 1039
1105 1041
1105 1061
1105 1076
1105 1102
1105 1103
1105 1117
1105 1152
1105 1167
1105 1169
1105 1181
1105 1189
1105 1216
1105 1229
1105 1231
1105 1233
1105 1253
1106 68
1106 914
1106 978
1106 1042
1106 1170
1106 1234
1107 146
1107 915
1107 979
1107 1043
1107 1171
1107 1235
1108 39
1108 47
1108 170
1108 916
1108 980
1108 990
1108 1044
1108 1067
1108 1172
1108 1236
1109 498
1109 553
1109 917
1109 937
1109 981
1109 1045
1109 1173
1109 1237
1110 918
1110 982
1110 1046
1110 1174
1110 1238
1111 919
1111 983
1111 1047
1111 1175
1111 1239
1112 735
1112 920
1112 961
1112 984
1112 1048
1112 1176
1112 1240
1113 860
1113 921
1113 985
1113 1049
1113 1177
1113 1241
1114 922
1114 986
1114 1050
1114 1178
1114 1242
1115 98
1115 558
1115 923
1115 987
1115 1051
1115 1179
1115 1243
1116 723
1116 896
1116 924
1116 988
1116 1052
1116 1180
1116 1244
1117 207
1117 209
1117 229
1117 244
1117 269
1117 293
1117 333
1117 335
1117 337
1117 357
1117 421
1117 436
1117 463
1117 477
1117 485
1117 500
1117 512
1117 529
1117 539
1117 546
1117 549
1117 550
1117 564
1117 587
1117 589
1117 608
1117 613
1117 614
1117 653
1117 657
1117 677
1117 692
1117 733
1117 738
1117 741
1117 742
1117 781
1117 783
1117 820
1117 849
1117 869
1117 884
1117 911
1117 913
1117 925
1117 933
1117 974
1117 975
1117 977
1117 989
1117 1012
1117 1039
1117 1041
1117 1053
1117 1061
1117 1076
1117 1102
1117 1103
1117 1105
1117 1152
1117 1167
1117 1169
1117 1181
1117 1189
1117 1216
1117 1229
1117 1231
1117 1245
1117 1253
1118 926
1118 990
1118 1054
1118 1182
1118 1246
1119 747
1119 927
1119 991
1119 1055
1119 1183
1119 1247
1120 704
1120 928
1120 992
1120 1056
1120 1184
1120 1248
1121 929
1121 960
1121 993
1121 1057
1121 1185
1121 1249
1122 930
1122 994
1122 1058
1122 1186
1122 1250
1123 26
1123 76
1123 565
1123 618
1123 823
1123 931
1123 995
1123 1059
1123 1187
1123 1251
1124 6
1124 7
1124 14
1124 36
1124 70
1124 71
1124 78
1124 135
1124 142
1124 164
1124 199
1124 206
1124 228
1124 262
1124 263
1124 269
1124 270
1124 292
1124 326
1124 327
1124 334
1124 356
1124 390
1124 391
1124 398
1124 420
1124 454
1124 455
1124 462
1124 484
1124 518
1124 519
1124 526
1124 548
1124 549
1124 550
1124 564
1124 582
1124 583
1124 590
1124 612
1124 628
1124 646
1124 647
1124 654
1124 676
1124 692
1124 710
1124 711
1124 717
1124 718
1124 740
1124 742
1124 774
1124 775
1124 782
1124 804
1124 820
1124 838
1124 839
1124 846
1124 868
1124 884
1124 902
1124 903
1124 910
1124 932
1124 948
1124 966
1124 967
1124 996
1124 1030
1124 1031
1124 1038
1124 1060
1124 1094
1124 1095
1124 1102
1124 1140
1124 1158
1124 1159
1124 1166
1124 1188
1124 1189
1124 1204
1124 1222
1124 1223
1124 1230
1124 1252
1124 1268
1125 933
1125 997
1125 1061
1125 1189
1125 1253
1126 934
1126 998
1126 1062
1126 1190
1126 1254
1127 935
1127 999
1127 1063
1127 1191
1127 1255
1128 43
1128 547
1128 936
1128 1000
1128 1064
1128 1192
1128 1256
1129 378
1129 700
1129 816
1129 937
1129 1001
1129 1065
1129 1193
1129 1257
1130 938
1130 1002
1130 1066
1130 1194
1130 1258
1131 184
1131 688
1131 883
1131 888
1131 939
1131 1003
1131 1067
1131 1195
1131 1259
1132 174
1132 701
1132 940
1132 1004
1132 1068
1132 1196
1132 1260
1133 732
1133 941
1133 1005
1133 1047
1133 1069
1133 1168
1133 1197
1133 1261
1134 313
1134 942
1134 995
1134 1006
1134 1070
1134 1198
1134 1262
1135 943
1135 1007
1135 1071
1135 1104
1135 1199
1135 1263
1136 511
1136 944
1136 1008
1136 1018
1136 1072
1136 1200
1136 1264
1137 532
1137 632
1137 729
1137 945
1137 1009
1137 1073
1137 1194
1137 1201
1137 1265
1138 59
1138 660
1138 946
1138 1010
1138 1074
1138 1202
1138 1266
1139 616
1139 947
1139 1011
1139 1075
1139 1203
1139 1267
1140 7
1140 14
1140 36
1140 71
1140 78
1140 100
1140 135
1140 142
1140 164
1140 199
1140 206
1140 228
1140 262
1140 263
1140 269
1140 270
1140 292
1140 293
1140 326
1140 327
1140 334
1140 356
1140 390
1140 391
1140 398
1140 420
1140 454
1140 455
1140 462
1140 477
1140 484
1140 518
1140 519
1140 526
1140 548
1140 549
1140 550
1140 564
1140 582
1140 583
1140 590
1140 612
1140 628
1140 646
1140 647
1140 654
1140 676
1140 677
1140 692
1140 710
1140 711
1140 717
1140 718
1140 738
1140 740
1140 742
1140 774
1140 775
1140 782
1140 804
1140 820
1140 838
1140 839
1140 846
1140 868
1140 884
1140 902
1140 903
1140 910
1140 911
1140 913
1140 932
1140 948
1140 966
1140 967
1140 974
1140 996
1140 1012
1140 1030
1140 1031
1140 1038
1140 1060
1140 1076
1140 1094
1140 1095
1140 1102
1140 1124
1140 1158
1140 1159
1140 1166
1140 1167
1140 1169
1140 1188
1140 1189
1140 1204
1140 1222
1140 1230
1140 1252
1140 1253
1140 1268
1141 630
1141 949
1141 1013
1141 1077
1141 1205
1141 1269
1142 950
1142 1014
1142 1078
1142 1205
1142 1206
1142 1270
1143 951
1143 1015
1143 1079
1143 1207
1143 1271
1144 23
1144 299
1144 312
1144 829
1144 952
1144 1016
1144 1080
1144 1208
1144 1272
1145 163
1145 953
1145 1017
1145 1081
1145 1209
1145 1273
1146 954
1146 1018
1146 1082
1146 1210
1146 1274
1147 125
1147 955
1147 1019
1147 1083
1147 1211
1147 1275
1148 41
1148 759
1148 921
1148 931
1148 956
1148 1020
1148 1084
1148 1212
1148 1276
1149 691
1149 957
1149 1021
1149 1085
1149 1213
1149 1277
1150 958
1150 1022
1150 1086
1150 1214
1150 1278
1151 959
1151 1023
1151 1087
1151 1200
1151 1215
1151 1279
1152 13
1152 32
1152 209
1152 229
1152 244
1152 333
1152 335
1152 337
1152 357
1152 421
1152 436
1152 463
1152 477
1152 485
1152 500
1152 512
1152 527
1152 529
1152 539
1152 546
1152 587
1152 589
1152 591
1152 593
1152 608
1152 610
1152 613
1152 614
1152 653
1152 657
1152 677
1152 721
1152 733
1152 738
1152 741
1152 781
1152 783
1152 849
1152 869
1152 911
1152 913
1152 925
1152 933
1152 960
1152 974
1152 975
1152 977
1152 1012
1152 1024
1152 1039
1152 1041
1152 1061
1152 1076
1152 1088
1152 1103
1152 1105
1152 1117
1152 1167
1152 1169
1152 1181
1152 1216
1152 1229
1152 1231
1152 1253
1153 961
1153 1025
1153 1035
1153 1089
1153 1217
1154 446
1154 578
1154 962
1154 1026
1154 1090
1154 1218
1155 21
1155 963
1155 1027
1155 1091
1155 1219
1156 964
1156 1028
1156 1092
1156 1220
1157 5
1157 15
1157 69
1157 133
1157 197
1157 261
1157 325
1157 389
1157 453
1157 517
1157 581
1157 645
1157 709
1157 773
1157 837
1157 901
1157 965
1157 1029
1157 1093
1157 1221
1158 6
1158 14
1158 70
1158 78
1158 134
1158 135
1158 164
1158 198
1158 206
1158 228
1158 262
1158 263
1158 270
1158 326
1158 327
1158 334
1158 356
1158 390
1158 391
1158 398
1158 420
1158 454
1158 455
1158 462
1158 484
1158 518
1158 519
1158 526
1158 548
1158 582
1158 583
1158 590
1158 612
1158 628
1158 646
1158 647
1158 654
1158 676
1158 710
1158 711
1158 717
1158 718
1158 740
1158 774
1158 775
1158 782
1158 804
1158 838
1158 839
1158 846
1158 868
1158 902
1158 903
1158 910
1158 932
1158 948
1158 966
1158 967
1158 996
1158 1030
1158 1031
1158 1038
1158 1060
1158 1094
1158 1095
1158 1124
1158 1140
1158 1159
1158 1166
1158 1188
1158 1189
1158 1204
1158 1222
1158 1223
1158 1230
1158 1252
1158 1268
1159 6
1159 70
1159 134
1159 198
1159 262
1159 270
1159 326
1159 327
1159 334
1159 356
1159 390
1159 391
1159 398
1159 420
1159 454
1159 455
1159 462
1159 484
1159 518
1159 519
1159 526
1159 548
1159 582
1159 583
1159 590
1159 612
1159 628
1159 646
1159 647
1159 654
1159 676
1159 710
1159 711
1159 718
1159 740
1159 774
1159 775
1159 782
1159 804
1159 838
1159 839
1159 846
1159 868
1159 902
1159 903
1159 910
1159 932
1159 966
1159 967
1159 996
1159 1030
1159 1031
1159 1038
1159 1060
1159 1094
1159 1095
1159 1124
1159 1140
1159 1158
1159 1166
1159 1188
1159 1204
1159 1222
1159 1223
1159 1230
1159 1252
1159 1268
1160 139
1160 798
1160 968
1160 993
1160 1032
1160 1096
1160 1162
1160 1224
1161 969
1161 1033
1161 1097
1161 1225
1162 139
1162 798
1162 970
1162 993
1162 1034
1162 1098
1162 1160
1162 1226
1163 971
1163 1035
1163 1099
1163 1227
1164 392
1164 972
1164 1036
1164 1100
1164 1228
1165 973
1165 1037
1165 1101
1165 1229
1166 6
1166 7
1166 14
1166 36
1166 70
1166 71
1166 78
1166 135
1166 142
1166 164
1166 199
1166 206
1166 228
1166 263
1166 270
1166 292
1166 326
1166 327
1166 334
1166 356
1166 390
1166 391
1166 398
1166 420
1166 454
1166 455
1166 462
1166 484
1166 518
1166 519
1166 526
1166 548
1166 550
1166 564
1166 582
1166 583
1166 590
1166 612
1166 628
1166 646
1166 647
1166 654
1166 676
1166 692
1166 710
1166 711
1166 717
1166 718
1166 740
1166 742
1166 774
1166 775
1166 782
1166 804
1166 820
1166 838
1166 839
1166 846
1166 868
1166 884
1166 902
1166 903
1166 910
1166 932
1166 948
1166 966
1166 967
1166 974
1166 996
1166 1030
1166 1031
1166 1038
1166 1060
1166 1094
1166 1095
1166 1102
1166 1124
1166 1140
1166 1158
1166 1159
1166 1188
1166 1189
1166 1204
1166 1222
1166 1223
1166 1230
1166 1252
1166 1268
1167 37
1167 205
1167 269
1167 293
1167 327
1167 333
1167 335
1167 356
1167 357
1167 391
1167 398
1167 421
1167 462
1167 463
1167 477
1167 484
1167 485
1167 549
1167 550
1167 564
1167 587
1167 613
1167 614
1167 628
1167 653
1167 654
1167 657
1167 677
1167 692
1167 717
1167 733
1167 738
1167 741
1167 742
1167 775
1167 804
1167 820
1167 846
1167 849
1167 868
1167 869
1167 884
1167 903
1167 910
1167 911
1167 913
1167 925
1167 932
1167 948
1167 967
1167 974
1167 975
1167 977
1167 996
1167 1012
1167 1030
1167 1031
1167 1038
1167 1039
1167 1041
1167 1060
1167 1076
1167 1102
1167 1103
1167 1105
1167 1117
1167 1140
1167 1152
1167 1169
1167 1189
1167 1216
1167 1229
1167 1231
1167 1252
1167 1253
1167 1268
1168 732
1168 976
1168 1040
1168 1047
1168 1104
1168 1133
1168 1232
1169 37
1169 205
1169 293
1169 327
1169 333
1169 335
1169 356
1169 357
1169 391
1169 398
1169 421
1169 462
1169 463
1169 477
1169 484
1169 485
1169 529
1169 549
1169 550
1169 564
1169 587
1169 589
1169 613
1169 614
1169 628
1169 653
1169 654
1169 657
1169 677
1169 692
1169 717
1169 733
1169 738
1169 741
1169 742
1169 775
1169 804
1169 820
1169 846
1169 849
1169 868
1169 869
1169 884
1169 910
1169 911
1169 913
1169 925
1169 932
1169 948
1169 967
1169 974
1169 975
1169 977
1169 996
1169 1012
1169 1030
1169 1038
1169 1039
1169 1041
1169 1076
1169 1102
1169 1103
1169 1105
1169 1117
1169 1140
1169 1152
1169 1167
1169 1181
1169 1189
1169 1216
1169 1229
1169 1231
1169 1233
1169 1253
1169 1268
1170 978
1170 1042
1170 1106
1170 1234
1171 658
1171 979
1171 1043
1171 1107
1171 1235
1172 74
1172 431
1172 980
1172 1044
1172 1108
1172 1236
1173 981
1173 1045
1173 1092
1173 1109
1173 1237
1174 726
1174 982
1174 1046
1174 1110
1174 1238
1175 242
1175 983
1175 1047
1175 1098
1175 1111
1175 1239
1176 52
1176 984
1176 1048
1176 1112
1176 1240
1177 332
1177 985
1177 1049
1177 1113
1177 1241
1178 44
1178 437
1178 596
1178 986
1178 1050
1178 1114
1178 1242
1179 655
1179 987
1179 989
1179 1051
1179 1115
1179 1243
1180 267
1180 530
1180 541
1180 988
1180 1052
1180 1116
1180 1244
1181 13
1181 32
1181 209
1181 333
1181 335
1181 337
1181 357
1181 421
1181 436
1181 461
1181 463
1181 477
1181 485
1181 500
1181 512
1181 527
1181 529
1181 539
1181 546
1181 587
1181 589
1181 591
1181 593
1181 608
1181 610
1181 613
1181 614
1181 653
1181 657
1181 677
1181 721
1181 733
1181 741
1181 781
1181 783
1181 849
1181 869
1181 911
1181 925
1181 933
1181 975
1181 977
1181 989
1181 1012
1181 1039
1181 1041
1181 1053
1181 1061
1181 1076
1181 1103
1181 1105
1181 1117
1181 1152
1181 1169
1181 1216
1181 1229
1181 1231
1181 1245
1182 990
1182 1054
1182 1118
1182 1246
1183 117
1183 409
1183 991
1183 1055
1183 1119
1183 1232
1183 1247
1184 609
1184 992
1184 1056
1184 1120
1184 1248
1185 412
1185 807
1185 897
1185 993
1185 1057
1185 1121
1185 1249
1186 994
1186 1058
1186 1122
1186 1250
1187 489
1187 720
1187 873
1187 995
1187 1059
1187 1123
1187 1251
1188 6
1188 7
1188 14
1188 36
1188 70
1188 71
1188 78
1188 135
1188 142
1188 164
1188 199
1188 206
1188 228
1188 263
1188 270
1188 292
1188 326
1188 327
1188 334
1188 356
1188 390
1188 391
1188 398
1188 420
1188 454
1188 455
1188 462
1188 484
1188 518
1188 519
1188 526
1188 548
1188 549
1188 550
1188 564
1188 582
1188 583
1188 590
1188 612
1188 628
1188 646
1188 647
1188 654
1188 676
1188 692
1188 710
1188 711
1188 717
1188 718
1188 740
1188 742
1188 774
1188 775
1188 782
1188 804
1188 820
1188 838
1188 839
1188 846
1188 868
1188 884
1188 902
1188 903
1188 910
1188 932
1188 948
1188 966
1188 967
1188 996
1188 1030
1188 1031
1188 1038
1188 1060
1188 1094
1188 1095
1188 1102
1188 1124
1188 1140
1188 1158
1188 1159
1188 1166
1188 1189
1188 1204
1188 1222
1188 1223
1188 1230
1188 1252
1188 1268
1189 100
1189 269
1189 326
1189 327
1189 333
1189 334
1189 356
1189 390
1189 391
1189 398
1189 420
1189 421
1189 455
1189 462
1189 463
1189 477
1189 484
1189 526
1189 548
1189 549
1189 550
1189 564
1189 583
1189 587
1189 590
1189 612
1189 613
1189 628
1189 646
1189 647
1189 653
1189 654
1189 676
1189 677
1189 692
1189 717
1189 718
1189 733
1189 738
1189 740
1189 741
1189 742
1189 774
1189 775
1189 782
1189 804
1189 820
1189 839
1189 846
1189 868
1189 869
1189 884
1189 902
1189 903
1189 910
1189 911
1189 913
1189 932
1189 948
1189 966
1189 967
1189 974
1189 977
1189 996
1189 997
1189 1012
1189 1030
1189 1031
1189 1038
1189 1039
1189 1041
1189 1060
1189 1061
1189 1076
1189 1094
1189 1095
1189 1102
1189 1105
1189 1117
1189 1124
1189 1125
1189 1140
1189 1158
1189 1166
1189 1167
1189 1169
1189 1188
1189 1204
1189 1222
1189 1230
1189 1252
1189 1253
1189 1268
1190 998
1190 1062
1190 1126
1190 1254
1191 458
1191 999
1191 1063
1191 1127
1191 1255
1192 681
1192 1000
1192 1032
1192 1064
1192 1078
1192 1128
1192 1199
1192 1256
1193 136
1193 272
1193 985
1193 1001
1193 1065
1193 1129
1193 1257
1194 532
1194 632
1194 729
1194 1002
1194 1066
1194 1130
1194 1137
1194 1258
1195 497
1195 1003
1195 1067
1195 1131
1195 1259
1195 1279
1196 194
1196 238
1196 813
1196 920
1196 1004
1196 1068
1196 1132
1196 1260
1197 859
1197 1005
1197 1069
1197 1133
1197 1261
1198 119
1198 387
1198 1006
1198 1070
1198 1134
1198 1262
1199 681
1199 1007
1199 1032
1199 1071
1199 1078
1199 1135
1199 1192
1199 1263
1200 1008
1200 1072
1200 1136
1200 1151
1200 1264
1201 560
1201 642
1201 1009
1201 1073
1201 1137
1201 1265
1202 1010
1202 1049
1202 1074
1202 1138
1202 1266
1203 508
1203 1011
1203 1075
1203 1139
1203 1267
1204 6
1204 7
1204 14
1204 36
1204 70
1204 71
1204 78
1204 135
1204 142
1204 164
1204 199
1204 206
1204 228
1204 263
1204 270
1204 292
1204 326
1204 327
1204 334
1204 356
1204 390
1204 391
1204 398
1204 420
1204 454
1204 455
1204 462
1204 484
1204 518
1204 519
1204 526
1204 548
1204 549
1204 550
1204 564
1204 582
1204 583
1204 590
1204 612
1204 628
1204 646
1204 647
1204 654
1204 676
1204 692
1204 710
1204 711
1204 717
1204 718
1204 740
1204 742
1204 774
1204 775
1204 782
1204 804
1204 820
1204 838
1204 839
1204 846
1204 868
1204 884
1204 902
1204 903
1204 910
1204 932
1204 948
1204 966
1204 967
1204 996
1204 1012
1204 1030
1204 1031
1204 1038
1204 1060
1204 1076
1204 1094
1204 1095
1204 1102
1204 1124
1204 1140
1204 1158
1204 1159
1204 1166
1204 1188
1204 1189
1204 1222
1204 1223
1204 1230
1204 1252
1204 1268
1205 1013
1205 1077
1205 1141
1205 1142
1205 1269
1206 1014
1206 1078
1206 1142
1206 1270
1207 18
1207 1015
1207 1079
1207 1143
1207 1271
1208 65
1208 1016
1208 1080
1208 1144
1208 1272
1209 298
1209 634
1209 1017
1209 1081
1209 1145
1209 1273
1210 60
1210 1018
1210 1082
1210 1146
1210 1274
1211 2
1211 1019
1211 1083
1211 1147
1211 1275
1212 792
1212 1020
1212 1084
1212 1148
1212 1276
1213 1021
1213 1085
1213 1149
1213 1246
1213 1277
1214 88
1214 129
1214 323
1214 370
1214 1022
1214 1086
1214 1150
1214 1278
1215 363
1215 381
1215 889
1215 1004
1215 1023
1215 1087
1215 1151
1215 1279
1216 13
1216 32
1216 207
1216 209
1216 229
1216 244
1216 333
1216 335
1216 357
1216 421
1216 436
1216 463
1216 477
1216 485
1216 500
1216 512
1216 529
1216 539
1216 546
1216 549
1216 550
1216 587
1216 589
1216 608
1216 610
1216 613
1216 614
1216 653
1216 657
1216 677
1216 692
1216 733
1216 738
1216 741
1216 742
1216 781
1216 783
1216 820
1216 849
1216 869
1216 884
1216 911
1216 913
1216 925
1216 933
1216 974
1216 975
1216 977
1216 1012
1216 1024
1216 1039
1216 1041
1216 1061
1216 1076
1216 1088
1216 1102
1216 1103
1216 1105
1216 1117
1216 1152
1216 1167
1216 1169
1216 1181
1216 1229
1216 1231
1216 1253
1217 394
1217 1025
1217 1089
1217 1153
1218 789
1218 946
1218 1026
1218 1090
1218 1154
1219 602
1219 675
1219 1027
1219 1091
1219 1155
1220 1028
1220 1092
1220 1156
1221 5
1221 15
1221 69
1221 133
1221 197
1221 261
1221 325
1221 389
1221 453
1221 517
1221 581
1221 645
1221 709
1221 773
1221 837
1221 901
1221 965
1221 1029
1221 1093
1221 1157
1222 6
1222 14
1222 70
1222 78
1222 134
1222 135
1222 164
1222 198
1222 206
1222 228
1222 262
1222 263
1222 270
1222 326
1222 334
1222 390
1222 391
1222 398
1222 420
1222 454
1222 455
1222 462
1222 484
1222 518
1222 519
1222 526
1222 548
1222 564
1222 582
1222 583
1222 590
1222 612
1222 628
1222 646
1222 647
1222 654
1222 676
1222 710
1222 711
1222 717
1222 718
1222 740
1222 774
1222 775
1222 782
1222 804
1222 838
1222 839
1222 846
1222 868
1222 902
1222 903
1222 910
1222 932
1222 948
1222 966
1222 967
1222 996
1222 1030
1222 1031
1222 1038
1222 1060
1222 1094
1222 1095
1222 1124
1222 1140
1222 1158
1222 1159
1222 1166
1222 1188
1222 1189
1222 1204
1222 1223
1222 1230
1222 1252
1222 1268
1223 134
1223 198
1223 262
1223 390
1223 398
1223 420
1223 454
1223 455
1223 518
1223 519
1223 526
1223 548
1223 582
1223 583
1223 590
1223 612
1223 646
1223 647
1223 676
1223 710
1223 711
1223 718
1223 740
1223 774
1223 782
1223 804
1223 838
1223 839
1223 846
1223 868
1223 902
1223 903
1223 910
1223 932
1223 966
1223 967
1223 1030
1223 1031
1223 1060
1223 1094
1223 1095
1223 1124
1223 1158
1223 1159
1223 1166
1223 1188
1223 1204
1223 1222
1223 1230
1223 1252
1223 1268
1224 592
1224 1032
1224 1096
1224 1160
1225 1033
1225 1097
1225 1161
1226 1034
1226 1098
1226 1162
1227 1035
1227 1099
1227 1163
1228 649
1228 914
1228 1036
1228 1100
1228 1164
1229 13
1229 32
1229 209
1229 229
1229 244
1229 335
1229 337
1229 357
1229 421
1229 436
1229 463
1229 477
1229 485
1229 500
1229 512
1229 527
1229 529
1229 539
1229 546
1229 587
1229 589
1229 591
1229 593
1229 608
1229 610
1229 613
1229 614
1229 653
1229 657
1229 677
1229 721
1229 733
1229 738
1229 741
1229 781
1229 783
1229 849
1229 869
1229 911
1229 913
1229 925
1229 933
1229 974
1229 975
1229 977
1229 1012
1229 1037
1229 1039
1229 1041
1229 1061
1229 1076
1229 1101
1229 1103
1229 1105
1229 1117
1229 1152
1229 1165
1229 1167
1229 1169
1229 1181
1229 1216
1229 1231
1229 1253
1230 6
1230 14
1230 70
1230 78
1230 134
1230 135
1230 164
1230 198
1230 206
1230 228
1230 262
1230 263
1230 270
1230 326
1230 334
1230 390
1230 391
1230 398
1230 420
1230 454
1230 455
1230 462
1230 484
1230 518
1230 519
1230 526
1230 548
1230 582
1230 583
1230 590
1230 612
1230 628
1230 646
1230 647
1230 654
1230 676
1230 710
1230 711
1230 717
1230 718
1230 740
1230 774
1230 775
1230 782
1230 804
1230 838
1230 839
1230 846
1230 868
1230 902
1230 903
1230 910
1230 932
1230 948
1230 966
1230 967
1230 996
1230 1030
1230 1031
1230 1038
1230 1060
1230 1094
1230 1095
1230 1102
1230 1124
1230 1140
1230 1158
1230 1159
1230 1166
1230 1188
1230 1189
1230 1204
1230 1222
1230 1223
1230 1252
1230 1268
1231 207
1231 209
1231 229
1231 244
1231 333
1231 335
1231 357
1231 421
1231 436
1231 463
1231 477
1231 485
1231 500
1231 512
1231 529
1231 539
1231 546
1231 549
1231 550
1231 564
1231 587
1231 589
1231 608
1231 613
1231 614
1231 653
1231 657
1231 677
1231 692
1231 733
1231 738
1231 741
1231 742
1231 781
1231 783
1231 820
1231 849
1231 869
1231 884
1231 911
1231 913
1231 925
1231 933
1231 974
1231 975
1231 977
1231 1012
1231 1039
1231 1041
1231 1061
1231 1076
1231 1102
1231 1103
1231 1105
1231 1117
1231 1152
1231 1167
1231 1169
1231 1181
1231 1216
1231 1229
1231 1253
1232 117
1232 409
1232 1040
1232 1104
1232 1168
1232 1183
1233 214
1233 416
1233 461
1233 465
1233 591
1233 672
1233 714
1233 719
1233 845
1233 861
1233 870
1233 1041
1233 1105
1233 1169
1234 790
1234 1042
1234 1106
1234 1170
1235 1043
1235 1107
1235 1171
1236 303
1236 1044
1236 1108
1236 1172
1236 1240
1237 1045
1237 1109
1237 1173
1238 324
1238 1046
1238 1110
1238 1174
1239 607
1239 1047
1239 1111
1239 1175
1240 303
1240 1048
1240 1112
1240 1176
1240 1236
1241 28
1241 481
1241 643
1241 894
1241 943
1241 1049
1241 1113
1241 1177
1242 30
1242 56
1242 169
1242 637
1242 1043
1242 1050
1242 1114
1242 1178
1243 1051
1243 1115
1243 1179
1244 664
1244 801
1244 1052
1244 1116
1244 1180
1245 669
1245 1053
1245 1117
1245 1181
1246 1054
1246 1118
1246 1182
1246 1213
1247 1055
1247 1119
1247 1183
1248 1056
1248 1120
1248 1184
1249 659
1249 690
1249 991
1249 1057
1249 1121
1249 1185
1250 480
1250 650
1250 1058
1250 1122
1250 1186
1251 1059
1251 1123
1251 1187
1252 6
1252 7
1252 14
1252 36
1252 70
1252 71
1252 78
1252 135
1252 142
1252 164
1252 199
1252 206
1252 228
1252 263
1252 270
1252 292
1252 327
1252 334
1252 356
1252 390
1252 391
1252 398
1252 420
1252 454
1252 455
1252 462
1252 484
1252 518
1252 519
1252 526
1252 548
1252 549
1252 550
1252 564
1252 582
1252 583
1252 590
1252 612
1252 628
1252 646
1252 647
1252 654
1252 676
1252 692
1252 710
1252 711
1252 717
1252 718
1252 740
1252 742
1252 774
1252 775
1252 782
1252 804
1252 820
1252 838
1252 839
1252 846
1252 868
1252 884
1252 902
1252 903
1252 910
1252 932
1252 948
1252 966
1252 967
1252 974
1252 996
1252 1030
1252 1031
1252 1038
1252 1060
1252 1094
1252 1095
1252 1102
1252 1124
1252 1140
1252 1158
1252 1159
1252 1166
1252 1167
1252 1188
1252 1189
1252 1204
1252 1222
1252 1223
1252 1230
1252 1253
1252 1268
1253 37
1253 205
1253 269
1253 293
1253 391
1253 398
1253 421
1253 462
1253 463
1253 477
1253 484
1253 485
1253 549
1253 550
1253 564
1253 587
1253 613
1253 614
1253 628
1253 653
1253 654
1253 657
1253 677
1253 692
1253 717
1253 733
1253 738
1253 741
1253 742
1253 775
1253 804
1253 820
1253 846
1253 849
1253 868
1253 869
1253 884
1253 903
1253 910
1253 911
1253 913
1253 925
1253 932
1253 948
1253 967
1253 974
1253 975
1253 977
1253 996
1253 1012
1253 1030
1253 1038
1253 1039
1253 1041
1253 1060
1253 1061
1253 1076
1253 1102
1253 1105
1253 1117
1253 1125
1253 1140
1253 1152
1253 1167
1253 1169
1253 1189
1253 1216
1253 1229
1253 1231
1253 1252
1253 1268
1254 397
1254 1062
1254 1126
1254 1190
1255 906
1255 1063
1255 1127
1255 1191
1256 95
1256 557
1256 749
1256 1064
1256 1128
1256 1192
1257 281
1257 917
1257 1065
1257 1129
1257 1193
1258 87
1258 1066
1258 1130
1258 1194
1259 1067
1259 1131
1259 1195
1260 689
1260 1068
1260 1132
1260 1196
1261 705
1261 968
1261 1069
1261 1133
1261 1197
1262 348
1262 1070
1262 1134
1262 1198
1263 1071
1263 1135
1263 1199
1264 880
1264 1072
1264 1136
1264 1200
1265 48
1265 368
1265 506
1265 1073
1265 1137
1265 1201
1266 1074
1266 1138
1266 1202
1267 152
1267 1075
1267 1139
1267 1203
1268 7
1268 14
1268 36
1268 71
1268 78
1268 100
1268 135
1268 142
1268 164
1268 199
1268 206
1268 228
1268 263
1268 292
1268 327
1268 334
1268 356
1268 390
1268 391
1268 398
1268 420
1268 454
1268 455
1268 462
1268 477
1268 484
1268 518
1268 519
1268 526
1268 548
1268 549
1268 550
1268 564
1268 582
1268 583
1268 590
1268 612
1268 628
1268 646
1268 647
1268 654
1268 676
1268 677
1268 692
1268 710
1268 711
1268 717
1268 718
1268 738
1268 740
1268 742
1268 774
1268 775
1268 782
1268 804
1268 820
1268 838
1268 839
1268 846
1268 868
1268 884
1268 902
1268 903
1268 910
1268 913
1268 932
1268 948
1268 966
1268 967
1268 974
1268 996
1268 1012
1268 1030
1268 1031
1268 1038
1268 1060
1268 1076
1268 1094
1268 1095
1268 1102
1268 1124
1268 1140
1268 1158
1268 1159
1268 1166
1268 1167
1268 1169
1268 1188
1268 1189
1268 1204
1268 1222
1268 1223
1268 1230
1268 1252
1268 1253
1269 210
1269 217
1269 1077
1269 1141
1269 1205
1270 1078
1270 1142
1270 1206
1271 1079
1271 1143
1271 1207
1272 376
1272 1080
1272 1144
1272 1208
1273 687
1273 1021
1273 1081
1273 1145
1273 1209
1274 1082
1274 1146
1274 1210
1275 176
1275 627
1275 1083
1275 1084
1275 1147
1275 1211
1276 239
1276 629
1276 734
1276 1084
1276 1148
1276 1212
1277 57
1277 1085
1277 1149
1277 1213
1278 460
1278 1086
1278 1150
1278 1214
1279 497
1279 1087
1279 1151
1279 1195
1279 1215
