0 64
0 128
0 192
0 329
1 19
1 65
1 129
1 173
1 193
1 296
2 66
2 130
2 194
2 213
2 470
3 67
3 131
3 195
3 1273
4 6
4 7
4 13
4 14
4 15
4 17
4 29
4 68
4 70
4 78
4 81
4 93
4 97
4 100
4 102
4 132
4 134
4 135
4 142
4 157
4 196
4 198
4 199
4 206
4 209
4 260
4 261
4 262
4 270
4 271
4 273
4 285
4 320
4 324
4 326
4 327
4 333
4 335
4 337
4 338
4 349
4 353
4 388
4 390
4 391
4 399
4 401
4 413
4 452
4 454
4 465
4 477
4 516
4 518
4 525
4 529
4 530
4 541
4 582
4 593
4 605
4 644
4 646
4 651
4 655
4 657
4 670
4 676
4 708
4 710
4 711
4 715
4 719
4 721
4 733
4 772
4 774
4 779
4 783
4 785
4 836
4 838
4 839
4 843
4 849
4 861
4 911
4 967
4 977
4 1035
4 1041
4 1095
4 1099
4 1159
4 1169
4 1220
4 1223
4 1227
4 1231
5 38
5 69
5 133
5 197
6 4
6 7
6 13
6 14
6 15
6 17
6 29
6 68
6 70
6 78
6 81
6 93
6 97
6 100
6 102
6 134
6 135
6 142
6 157
6 196
6 198
6 199
6 206
6 209
6 221
6 260
6 261
6 262
6 270
6 271
6 273
6 285
6 320
6 324
6 326
6 327
6 333
6 335
6 337
6 338
6 349
6 353
6 388
6 390
6 391
6 398
6 399
6 401
6 413
6 452
6 454
6 462
6 465
6 477
6 516
6 518
6 525
6 529
6 530
6 541
6 582
6 593
6 605
6 644
6 646
6 651
6 655
6 657
6 670
6 676
6 708
6 710
6 711
6 715
6 719
6 721
6 733
6 774
6 779
6 783
6 785
6 836
6 838
6 839
6 843
6 849
6 861
6 911
6 967
6 977
6 1035
6 1041
6 1095
6 1099
6 1105
6 1169
6 1220
6 1223
6 1227
7 4
7 6
7 13
7 14
7 15
7 17
7 68
7 70
7 71
7 78
7 81
7 93
7 97
7 100
7 102
7 134
7 135
7 142
7 157
7 196
7 198
7 199
7 206
7 207
7 209
7 260
7 261
7 262
7 270
7 271
7 273
7 285
7 320
7 324
7 326
7 327
7 333
7 335
7 337
7 338
7 353
7 356
7 388
7 390
7 391
7 399
7 401
7 413
7 452
7 454
7 465
7 477
7 516
7 518
7 525
7 529
7 530
7 541
7 582
7 593
7 605
7 644
7 646
7 651
7 653
7 655
7 657
7 670
7 676
7 708
7 710
7 711
7 715
7 719
7 721
7 772
7 774
7 779
7 783
7 785
7 836
7 838
7 839
7 843
7 849
7 861
7 911
7 967
7 977
7 1035
7 1041
7 1095
7 1099
7 1159
7 1169
7 1220
7 1223
7 1227
7 1231
8 69
8 72
8 133
8 136
8 197
8 200
8 263
8 328
8 389
8 453
8 520
8 583
8 645
8 712
8 773
8 837
8 901
8 969
8 1029
8 1093
8 1161
8 1216
8 1224
9 73
9 137
9 201
10 74
10 138
10 202
11 75
11 139
11 203
11 1157
12 76
12 140
12 204
13 4
13 6
13 7
13 15
13 17
13 36
13 68
13 70
13 77
13 78
13 81
13 97
13 100
13 102
13 132
13 134
13 135
13 141
13 142
13 143
13 164
13 196
13 199
13 205
13 207
13 209
13 260
13 261
13 270
13 271
13 273
13 292
13 320
13 324
13 327
13 333
13 335
13 338
13 353
13 356
13 388
13 391
13 397
13 399
13 401
13 420
13 452
13 455
13 465
13 477
13 516
13 525
13 527
13 530
13 593
13 644
13 651
13 653
13 655
13 657
13 670
13 673
13 674
13 676
13 678
13 708
13 711
13 715
13 719
13 721
13 772
13 779
13 783
13 785
13 836
13 839
13 843
13 847
13 903
13 913
13 975
13 1037
13 1039
13 1092
13 1103
13 1109
13 1156
13 1159
13 1167
13 1231
14 4
14 6
14 7
14 15
14 17
14 29
14 68
14 70
14 78
14 81
14 93
14 100
14 134
14 135
14 142
14 157
14 198
14 206
14 221
14 260
14 262
14 270
14 273
14 285
14 324
14 326
14 327
14 333
14 334
14 335
14 337
14 338
14 349
14 353
14 388
14 390
14 398
14 401
14 413
14 454
14 462
14 465
14 477
14 516
14 518
14 525
14 526
14 529
14 530
14 541
14 582
14 590
14 593
14 605
14 644
14 646
14 651
14 654
14 655
14 657
14 669
14 670
14 708
14 710
14 711
14 715
14 718
14 719
14 721
14 733
14 774
14 779
14 782
14 783
14 785
14 797
14 836
14 838
14 843
14 846
14 849
14 861
14 902
14 925
14 989
14 1030
14 1099
14 1105
14 1158
14 1169
14 1181
14 1222
14 1223
14 1227
14 1233
15 4
15 6
15 7
15 13
15 14
15 17
15 29
15 68
15 70
15 78
15 79
15 81
15 93
15 97
15 100
15 102
15 134
15 135
15 142
15 143
15 157
15 196
15 198
15 199
15 206
15 207
15 209
15 221
15 260
15 261
15 262
15 270
15 271
15 273
15 285
15 320
15 324
15 326
15 327
15 333
15 335
15 337
15 338
15 349
15 353
15 388
15 390
15 391
15 399
15 401
15 413
15 452
15 454
15 465
15 477
15 516
15 518
15 525
15 529
15 530
15 541
15 582
15 593
15 605
15 644
15 646
15 651
15 655
15 657
15 670
15 676
15 708
15 710
15 711
15 715
15 719
15 721
15 733
15 772
15 774
15 779
15 783
15 785
15 836
15 838
15 839
15 843
15 849
15 861
15 911
15 967
15 977
15 1035
15 1041
15 1095
15 1099
15 1105
15 1159
15 1169
15 1220
15 1223
15 1227
16 80
16 144
16 208
16 343
16 373
16 1202
17 4
17 6
17 7
17 13
17 14
17 15
17 29
17 68
17 70
17 78
17 81
17 93
17 97
17 100
17 134
17 135
17 142
17 145
17 157
17 196
17 198
17 199
17 206
17 209
17 221
17 260
17 261
17 262
17 270
17 271
17 273
17 285
17 320
17 324
17 326
17 327
17 333
17 335
17 337
17 338
17 349
17 353
17 388
17 390
17 391
17 398
17 399
17 401
17 413
17 452
17 454
17 462
17 465
17 477
17 516
17 518
17 525
17 529
17 530
17 541
17 582
17 593
17 605
17 644
17 646
17 651
17 655
17 657
17 670
17 676
17 708
17 710
17 711
17 715
17 719
17 721
17 733
17 774
17 779
17 783
17 785
17 797
17 836
17 838
17 839
17 843
17 846
17 849
17 861
17 911
17 967
17 977
17 1030
17 1035
17 1041
17 1095
17 1099
17 1105
17 1158
17 1169
17 1220
17 1222
17 1223
17 1227
17 1233
18 82
18 146
18 158
18 210
19 1
19 83
19 147
19 173
19 211
19 296
20 84
20 148
20 212
20 1064
21 85
21 149
21 213
21 458
22 86
22 150
22 214
22 801
23 87
23 151
23 211
23 215
23 442
23 770
24 88
24 152
24 216
25 89
25 153
25 217
26 90
26 154
26 218
26 1128
27 91
27 155
27 219
28 76
28 92
28 156
28 182
28 220
29 4
29 6
29 14
29 15
29 17
29 68
29 70
29 78
29 81
29 93
29 142
29 157
29 198
29 206
29 221
29 262
29 285
29 324
29 326
29 334
29 337
29 349
29 390
29 398
29 401
29 413
29 454
29 462
29 465
29 477
29 518
29 526
29 529
29 541
29 582
29 590
29 593
29 605
29 644
29 646
29 654
29 655
29 657
29 669
29 670
29 708
29 710
29 718
29 719
29 721
29 733
29 774
29 779
29 782
29 785
29 797
29 836
29 838
29 846
29 849
29 861
29 902
29 910
29 925
29 966
29 974
29 989
29 1038
29 1053
29 1094
29 1117
29 1166
29 1181
29 1245
30 94
30 158
30 222
30 325
31 95
31 159
31 223
31 882
31 1077
31 1133
32 96
32 160
32 224
32 537
32 735
33 97
33 161
33 225
34 98
34 162
34 226
34 251
34 323
34 666
35 99
35 163
35 227
35 603
36 13
36 64
36 77
36 97
36 100
36 102
36 132
36 134
36 135
36 143
36 164
36 196
36 199
36 205
36 207
36 209
36 228
36 260
36 261
36 270
36 271
36 273
36 292
36 320
36 327
36 333
36 335
36 338
36 353
36 356
36 388
36 391
36 397
36 399
36 420
36 452
36 455
36 463
36 516
36 519
36 527
36 530
36 581
36 591
36 647
36 651
36 653
36 673
36 674
36 676
36 678
36 711
36 715
36 717
36 768
36 772
36 775
36 783
36 804
36 839
36 843
36 847
36 896
36 971
36 1124
36 1125
36 1156
36 1182
37 101
37 165
37 229
37 978
38 5
38 102
38 166
38 230
39 103
39 167
39 231
39 795
40 104
40 168
40 232
40 291
40 293
40 992
41 105
41 169
41 233
41 425
41 607
41 894
42 106
42 170
42 234
42 942
43 107
43 171
43 235
43 299
43 1068
43 1214
44 108
44 172
44 181
44 236
44 636
45 63
45 109
45 173
45 237
45 300
45 560
46 110
46 174
46 238
46 254
46 1146
47 111
47 175
47 239
47 1155
47 1201
48 112
48 176
48 240
48 810
48 1044
48 1119
49 113
49 177
49 241
50 114
50 178
50 242
50 995
50 1198
51 115
51 179
51 243
51 588
51 684
51 1086
52 116
52 180
52 244
52 1010
53 117
53 181
53 245
54 118
54 182
54 246
55 119
55 183
55 247
56 120
56 184
56 248
57 121
57 185
57 240
57 249
57 427
58 122
58 186
58 250
58 632
58 637
58 915
58 1074
59 123
59 187
59 251
60 124
60 188
60 252
60 515
61 125
61 189
61 253
61 561
61 949
61 1066
62 113
62 126
62 190
62 254
62 1278
63 45
63 127
63 191
63 255
63 300
63 560
64 0
64 36
64 71
64 77
64 102
64 128
64 132
64 143
64 164
64 192
64 199
64 205
64 207
64 210
64 256
64 261
64 292
64 356
64 391
64 397
64 417
64 420
64 452
64 455
64 463
64 519
64 527
64 581
64 591
64 647
64 653
64 673
64 674
64 678
64 717
64 768
64 772
64 775
64 804
64 847
64 868
64 896
64 900
64 903
64 907
64 964
64 981
64 1031
64 1060
64 1125
64 1165
64 1243
64 1252
65 1
65 129
65 193
65 204
65 257
65 1141
66 2
66 130
66 156
66 194
66 258
67 3
67 131
67 195
67 259
67 382
68 4
68 6
68 7
68 13
68 14
68 15
68 17
68 29
68 70
68 78
68 81
68 93
68 97
68 100
68 102
68 132
68 134
68 135
68 142
68 157
68 196
68 198
68 199
68 206
68 207
68 209
68 260
68 261
68 262
68 270
68 271
68 273
68 285
68 320
68 324
68 326
68 327
68 333
68 335
68 337
68 338
68 353
68 388
68 390
68 391
68 399
68 401
68 413
68 452
68 454
68 465
68 477
68 516
68 518
68 525
68 529
68 530
68 541
68 582
68 593
68 605
68 644
68 646
68 651
68 653
68 655
68 657
68 670
68 676
68 708
68 710
68 711
68 715
68 719
68 721
68 772
68 774
68 779
68 783
68 785
68 836
68 838
68 839
68 843
68 849
68 861
68 896
68 902
68 903
68 911
68 913
68 925
68 967
68 977
68 1035
68 1041
68 1095
68 1099
68 1159
68 1169
68 1220
68 1223
68 1227
68 1231
69 5
69 8
69 133
69 197
69 261
69 263
69 328
69 389
69 453
69 520
69 583
69 645
69 712
69 773
69 837
69 901
69 969
69 1029
69 1093
69 1161
69 1216
69 1224
70 4
70 6
70 7
70 13
70 14
70 15
70 17
70 29
70 68
70 78
70 81
70 93
70 97
70 100
70 134
70 135
70 142
70 157
70 196
70 198
70 206
70 209
70 221
70 260
70 262
70 270
70 271
70 273
70 285
70 320
70 324
70 326
70 327
70 333
70 334
70 335
70 337
70 338
70 349
70 353
70 388
70 390
70 398
70 401
70 413
70 454
70 462
70 465
70 477
70 516
70 518
70 525
70 526
70 529
70 530
70 541
70 582
70 590
70 593
70 605
70 644
70 646
70 651
70 655
70 657
70 669
70 670
70 676
70 708
70 710
70 711
70 715
70 719
70 721
70 733
70 774
70 779
70 782
70 783
70 785
70 797
70 836
70 838
70 839
70 843
70 846
70 849
70 861
70 902
70 910
70 911
70 925
70 989
70 1030
70 1041
70 1099
70 1105
70 1158
70 1169
70 1222
70 1223
70 1227
70 1233
71 7
71 64
71 77
71 94
71 135
71 192
71 199
71 210
71 263
71 384
71 417
71 463
71 519
71 581
71 591
71 647
71 662
71 717
71 768
71 775
71 804
71 868
71 900
71 907
71 917
71 1028
72 8
72 136
72 200
72 264
72 677
72 988
73 9
73 137
73 201
73 265
74 10
74 138
74 202
74 266
75 11
75 139
75 203
75 267
75 566
75 968
76 12
76 28
76 140
76 182
76 204
76 268
77 13
77 36
77 64
77 71
77 102
77 132
77 141
77 143
77 164
77 192
77 205
77 207
77 210
77 269
77 292
77 356
77 397
77 417
77 420
77 455
77 463
77 519
77 527
77 581
77 591
77 647
77 653
77 673
77 674
77 678
77 717
77 768
77 772
77 775
77 804
77 847
77 868
77 896
77 900
77 907
77 964
77 981
77 1031
77 1060
77 1125
77 1165
77 1243
77 1252
78 4
78 6
78 7
78 13
78 14
78 15
78 17
78 29
78 68
78 70
78 81
78 93
78 97
78 100
78 134
78 135
78 142
78 157
78 196
78 198
78 206
78 209
78 221
78 260
78 262
78 270
78 271
78 273
78 285
78 320
78 324
78 326
78 327
78 333
78 335
78 337
78 338
78 349
78 353
78 388
78 390
78 398
78 399
78 401
78 413
78 454
78 462
78 465
78 477
78 516
78 518
78 525
78 526
78 529
78 530
78 541
78 582
78 590
78 593
78 605
78 644
78 646
78 651
78 655
78 657
78 669
78 670
78 676
78 708
78 710
78 711
78 715
78 719
78 721
78 733
78 774
78 779
78 783
78 785
78 797
78 836
78 838
78 839
78 843
78 846
78 849
78 861
78 902
78 910
78 911
78 913
78 925
78 967
78 1030
78 1041
78 1095
78 1099
78 1105
78 1158
78 1169
78 1222
78 1223
78 1227
78 1233
79 15
79 143
79 207
79 271
80 16
80 144
80 208
80 272
80 376
81 4
81 6
81 7
81 13
81 14
81 15
81 17
81 29
81 68
81 70
81 78
81 93
81 97
81 100
81 134
81 135
81 142
81 145
81 157
81 196
81 198
81 199
81 206
81 209
81 221
81 260
81 261
81 262
81 270
81 271
81 273
81 285
81 320
81 324
81 326
81 327
81 333
81 335
81 337
81 338
81 349
81 353
81 388
81 390
81 391
81 398
81 399
81 401
81 413
81 452
81 454
81 462
81 465
81 477
81 516
81 518
81 525
81 529
81 530
81 541
81 582
81 593
81 605
81 644
81 646
81 651
81 655
81 657
81 670
81 676
81 708
81 710
81 711
81 715
81 719
81 721
81 733
81 774
81 779
81 783
81 785
81 797
81 836
81 838
81 839
81 843
81 846
81 849
81 861
81 902
81 903
81 910
81 911
81 913
81 925
81 967
81 977
81 1030
81 1035
81 1041
81 1095
81 1099
81 1105
81 1158
81 1169
81 1220
81 1222
81 1223
81 1227
81 1233
82 18
82 146
82 210
82 274
82 667
82 1096
82 1188
83 19
83 147
83 211
83 275
83 952
83 1267
84 20
84 148
84 212
84 276
84 424
84 615
84 812
85 21
85 149
85 213
85 277
85 842
85 1147
86 22
86 150
86 214
86 229
86 278
86 668
86 997
86 1249
87 23
87 107
87 151
87 215
87 279
88 24
88 152
88 216
88 280
88 400
88 464
88 498
88 627
89 25
89 153
89 217
89 281
89 311
89 542
90 26
90 154
90 218
90 282
91 27
91 155
91 219
91 283
92 28
92 156
92 220
92 284
92 567
92 994
93 4
93 6
93 7
93 14
93 15
93 17
93 29
93 68
93 70
93 78
93 81
93 100
93 134
93 135
93 142
93 157
93 198
93 206
93 221
93 262
93 285
93 324
93 326
93 327
93 334
93 337
93 349
93 390
93 398
93 401
93 413
93 454
93 462
93 465
93 477
93 518
93 525
93 526
93 529
93 541
93 582
93 590
93 593
93 605
93 644
93 646
93 654
93 655
93 657
93 669
93 670
93 708
93 710
93 718
93 719
93 721
93 733
93 774
93 779
93 782
93 785
93 797
93 836
93 838
93 846
93 849
93 861
93 902
93 910
93 911
93 925
93 966
93 974
93 989
93 1030
93 1053
93 1094
93 1117
93 1158
93 1181
93 1222
93 1233
94 30
94 71
94 158
94 192
94 210
94 222
94 286
94 358
94 384
94 417
94 591
94 662
94 868
94 900
94 907
94 917
95 31
95 159
95 223
95 287
95 877
95 1025
96 32
96 160
96 224
96 288
97 4
97 6
97 7
97 13
97 15
97 17
97 33
97 36
97 68
97 70
97 78
97 81
97 100
97 102
97 132
97 134
97 135
97 142
97 143
97 161
97 164
97 196
97 198
97 199
97 205
97 207
97 209
97 225
97 260
97 261
97 270
97 271
97 273
97 289
97 292
97 320
97 324
97 327
97 333
97 335
97 338
97 353
97 356
97 388
97 391
97 397
97 399
97 401
97 420
97 452
97 455
97 465
97 477
97 516
97 525
97 527
97 530
97 593
97 644
97 651
97 653
97 655
97 657
97 670
97 673
97 674
97 676
97 678
97 708
97 711
97 715
97 719
97 721
97 772
97 779
97 783
97 785
97 836
97 839
97 843
97 847
97 849
97 896
97 903
97 911
97 913
97 975
97 1037
97 1039
97 1092
97 1103
97 1109
97 1156
97 1159
97 1167
97 1231
98 34
98 162
98 226
98 290
98 631
98 743
98 1114
99 35
99 163
99 227
99 291
100 4
100 6
100 7
100 13
100 14
100 15
100 17
100 36
100 68
100 70
100 78
100 81
100 93
100 97
100 102
100 134
100 135
100 142
100 157
100 164
100 196
100 198
100 199
100 206
100 207
100 209
100 228
100 260
100 261
100 262
100 270
100 271
100 273
100 285
100 292
100 320
100 324
100 327
100 333
100 335
100 337
100 338
100 353
100 356
100 388
100 390
100 391
100 399
100 401
100 452
100 465
100 477
100 516
100 518
100 525
100 529
100 530
100 582
100 593
100 605
100 644
100 646
100 651
100 653
100 655
100 657
100 670
100 674
100 676
100 708
100 710
100 711
100 715
100 719
100 721
100 772
100 774
100 779
100 783
100 785
100 836
100 839
100 843
100 849
100 896
100 903
100 911
100 913
100 925
100 967
100 977
100 1035
100 1037
100 1039
100 1041
100 1095
100 1103
100 1159
100 1220
100 1231
101 37
101 165
101 229
101 293
102 4
102 6
102 7
102 13
102 15
102 36
102 38
102 64
102 68
102 77
102 97
102 100
102 132
102 134
102 135
102 143
102 164
102 166
102 196
102 199
102 205
102 207
102 209
102 230
102 260
102 261
102 270
102 271
102 273
102 292
102 294
102 320
102 327
102 333
102 335
102 338
102 353
102 356
102 388
102 391
102 397
102 399
102 420
102 452
102 455
102 463
102 516
102 519
102 525
102 527
102 530
102 581
102 593
102 647
102 651
102 653
102 670
102 673
102 674
102 676
102 678
102 708
102 711
102 715
102 719
102 721
102 768
102 772
102 783
102 804
102 836
102 839
102 843
102 847
102 896
102 903
102 911
102 913
102 971
102 975
102 1039
102 1092
102 1103
102 1109
102 1124
102 1156
102 1167
103 39
103 167
103 231
103 248
103 295
103 386
103 1065
103 1143
104 40
104 168
104 232
104 296
104 1164
104 1171
105 41
105 169
105 233
105 297
106 42
106 170
106 234
106 298
106 562
106 736
107 43
107 87
107 171
107 235
107 299
108 44
108 121
108 172
108 236
108 300
108 584
109 45
109 173
109 234
109 237
109 301
109 345
109 380
109 524
109 918
109 1116
109 1144
110 46
110 174
110 238
110 302
111 47
111 175
111 239
111 303
112 48
112 176
112 240
112 304
112 431
112 623
112 889
113 49
113 62
113 177
113 241
113 305
113 1278
114 50
114 178
114 242
114 244
114 306
114 403
115 51
115 179
115 243
115 307
115 702
115 1048
116 52
116 180
116 244
116 282
116 308
117 53
117 129
117 181
117 245
117 309
117 394
118 54
118 182
118 246
118 310
118 387
118 705
118 1189
119 55
119 183
119 247
119 311
120 56
120 184
120 248
120 312
121 57
121 108
121 185
121 249
121 313
121 584
122 58
122 186
122 250
122 314
122 622
122 688
122 1203
123 59
123 187
123 251
123 315
124 60
124 154
124 188
124 252
124 316
124 445
124 814
125 61
125 189
125 253
125 317
125 1072
125 1080
126 62
126 190
126 245
126 254
126 318
126 450
126 769
126 807
126 1076
127 63
127 144
127 191
127 255
127 319
127 528
127 808
128 0
128 64
128 192
128 256
128 320
129 1
129 65
129 117
129 193
129 257
129 321
129 394
130 2
130 66
130 194
130 258
130 322
130 690
131 3
131 67
131 152
131 195
131 259
131 323
132 4
132 13
132 36
132 64
132 68
132 77
132 97
132 102
132 143
132 164
132 196
132 199
132 205
132 207
132 209
132 210
132 260
132 261
132 270
132 271
132 273
132 292
132 320
132 324
132 333
132 335
132 338
132 353
132 356
132 388
132 391
132 397
132 399
132 420
132 452
132 455
132 463
132 516
132 519
132 527
132 530
132 581
132 591
132 647
132 651
132 653
132 673
132 674
132 676
132 678
132 711
132 715
132 717
132 768
132 772
132 775
132 783
132 804
132 839
132 843
132 847
132 896
132 900
132 903
132 913
132 964
132 971
132 975
132 981
132 1124
132 1125
132 1182
133 5
133 8
133 69
133 197
133 261
133 263
133 325
133 328
133 389
133 453
133 520
133 583
133 645
133 712
133 773
133 837
133 901
133 969
133 1029
133 1093
133 1161
133 1216
133 1224
134 4
134 6
134 7
134 13
134 14
134 15
134 17
134 36
134 68
134 70
134 78
134 81
134 93
134 97
134 100
134 102
134 135
134 142
134 157
134 196
134 198
134 199
134 206
134 207
134 209
134 260
134 261
134 262
134 270
134 271
134 273
134 285
134 292
134 320
134 324
134 326
134 327
134 333
134 335
134 337
134 338
134 353
134 356
134 388
134 390
134 391
134 399
134 401
134 452
134 465
134 477
134 516
134 518
134 525
134 529
134 530
134 582
134 593
134 605
134 644
134 646
134 651
134 653
134 655
134 657
134 670
134 674
134 676
134 708
134 710
134 711
134 715
134 719
134 721
134 772
134 774
134 779
134 783
134 785
134 836
134 839
134 843
134 849
134 896
134 903
134 911
134 913
134 925
134 967
134 971
134 975
134 977
134 989
134 1035
134 1037
134 1039
134 1041
134 1095
134 1103
134 1159
134 1220
134 1231
135 4
135 6
135 7
135 13
135 14
135 15
135 17
135 36
135 68
135 70
135 71
135 78
135 81
135 93
135 97
135 100
135 102
135 134
135 142
135 157
135 196
135 198
135 199
135 206
135 207
135 209
135 260
135 261
135 262
135 263
135 270
135 271
135 273
135 285
135 292
135 320
135 324
135 327
135 333
135 335
135 337
135 338
135 353
135 356
135 388
135 390
135 391
135 399
135 401
135 452
135 465
135 477
135 516
135 518
135 525
135 529
135 530
135 582
135 593
135 605
135 644
135 646
135 651
135 653
135 655
135 657
135 670
135 674
135 676
135 708
135 710
135 711
135 715
135 719
135 721
135 772
135 774
135 779
135 783
135 785
135 836
135 839
135 843
135 849
135 896
135 903
135 911
135 913
135 925
135 967
135 971
135 975
135 977
135 989
135 1035
135 1037
135 1039
135 1041
135 1095
135 1103
135 1159
135 1220
135 1231
136 8
136 72
136 200
136 264
136 328
136 870
137 9
137 73
137 201
137 264
137 265
137 329
137 763
137 923
138 10
138 74
138 155
138 202
138 266
138 287
138 330
139 11
139 75
139 203
139 267
139 331
140 12
140 76
140 204
140 268
140 332
140 794
140 1140
140 1248
141 13
141 77
141 205
141 269
141 333
142 4
142 6
142 7
142 13
142 14
142 15
142 17
142 29
142 68
142 70
142 78
142 81
142 93
142 97
142 100
142 134
142 135
142 157
142 196
142 198
142 206
142 209
142 221
142 260
142 262
142 270
142 271
142 273
142 285
142 320
142 324
142 326
142 327
142 333
142 334
142 335
142 337
142 338
142 349
142 353
142 388
142 390
142 398
142 399
142 401
142 413
142 454
142 462
142 465
142 477
142 516
142 518
142 525
142 526
142 529
142 530
142 541
142 582
142 590
142 593
142 605
142 644
142 646
142 651
142 655
142 657
142 669
142 670
142 676
142 708
142 710
142 711
142 715
142 719
142 721
142 733
142 774
142 779
142 783
142 785
142 797
142 836
142 838
142 839
142 843
142 846
142 849
142 861
142 902
142 910
142 911
142 913
142 925
142 966
142 967
142 974
142 977
142 989
142 1030
142 1041
142 1095
142 1099
142 1105
142 1158
142 1169
142 1222
142 1223
142 1227
142 1233
143 13
143 15
143 36
143 64
143 77
143 79
143 97
143 102
143 132
143 164
143 196
143 199
143 205
143 207
143 209
143 210
143 261
143 271
143 273
143 292
143 320
143 333
143 335
143 353
143 356
143 391
143 397
143 399
143 420
143 452
143 455
143 463
143 519
143 527
143 581
143 591
143 647
143 653
143 673
143 674
143 676
143 678
143 715
143 717
143 768
143 772
143 775
143 804
143 839
143 847
143 868
143 896
143 900
143 903
143 913
143 964
143 971
143 975
143 981
143 1060
143 1125
143 1165
143 1182
144 16
144 80
144 127
144 208
144 272
144 336
144 528
144 808
145 17
145 81
145 209
145 273
145 337
146 18
146 82
146 210
146 274
146 338
147 19
147 83
147 188
147 211
147 275
147 339
147 747
147 1111
148 20
148 84
148 174
148 212
148 276
148 308
148 340
148 366
148 944
149 21
149 85
149 213
149 277
149 341
149 987
150 22
150 86
150 214
150 278
150 342
150 1090
151 23
151 87
151 215
151 279
151 343
151 577
151 598
152 24
152 88
152 131
152 216
152 280
152 344
153 25
153 89
153 217
153 281
153 345
153 488
153 824
153 1091
154 26
154 90
154 124
154 218
154 282
154 346
154 445
154 814
155 27
155 91
155 138
155 219
155 283
155 287
155 347
156 28
156 66
156 92
156 220
156 284
156 348
157 4
157 6
157 7
157 14
157 15
157 17
157 29
157 68
157 70
157 78
157 81
157 93
157 100
157 134
157 135
157 142
157 198
157 206
157 221
157 262
157 285
157 324
157 326
157 327
157 334
157 337
157 349
157 390
157 398
157 401
157 413
157 454
157 462
157 465
157 477
157 518
157 525
157 526
157 529
157 541
157 582
157 590
157 593
157 605
157 644
157 646
157 654
157 655
157 657
157 669
157 670
157 708
157 710
157 718
157 719
157 721
157 733
157 774
157 779
157 782
157 785
157 797
157 836
157 838
157 846
157 849
157 861
157 902
157 910
157 911
157 925
157 966
157 967
157 974
157 977
157 989
157 1030
157 1053
157 1094
157 1105
157 1117
157 1158
157 1181
157 1222
157 1233
158 18
158 30
158 94
158 222
158 286
158 350
159 31
159 95
159 223
159 287
159 351
160 32
160 96
160 224
160 288
160 352
161 33
161 97
161 225
161 289
161 353
161 396
162 34
162 98
162 226
162 290
162 354
162 428
162 569
162 643
162 817
162 980
162 1017
162 1027
163 35
163 99
163 227
163 291
163 355
163 410
163 828
164 13
164 36
164 64
164 77
164 97
164 100
164 102
164 132
164 143
164 196
164 199
164 205
164 207
164 209
164 210
164 228
164 261
164 271
164 292
164 320
164 356
164 391
164 397
164 399
164 420
164 452
164 455
164 463
164 519
164 527
164 581
164 591
164 647
164 653
164 673
164 674
164 676
164 678
164 717
164 768
164 772
164 775
164 804
164 839
164 847
164 868
164 896
164 900
164 903
164 913
164 964
164 971
164 975
164 981
164 1060
164 1125
164 1165
164 1182
164 1243
165 37
165 101
165 229
165 293
165 357
165 1115
166 38
166 102
166 230
166 294
166 358
166 664
166 1026
167 39
167 103
167 231
167 295
167 359
167 374
167 872
168 40
168 104
168 232
168 296
168 360
168 1008
169 41
169 105
169 233
169 297
169 344
169 361
169 972
170 42
170 106
170 234
170 288
170 298
170 362
171 43
171 107
171 235
171 299
171 363
171 487
172 44
172 108
172 236
172 300
172 364
173 1
173 19
173 45
173 109
173 237
173 296
173 301
173 365
174 46
174 110
174 148
174 238
174 302
174 308
174 366
174 944
175 47
175 111
175 239
175 303
175 367
175 508
176 48
176 112
176 240
176 304
176 368
177 49
177 113
177 241
177 305
177 369
178 50
178 114
178 242
178 306
178 370
178 716
179 51
179 115
179 243
179 307
179 371
179 1112
180 52
180 116
180 244
180 308
180 372
180 884
180 1006
181 44
181 53
181 117
181 245
181 309
181 373
181 636
182 28
182 54
182 76
182 118
182 246
182 310
182 374
183 55
183 119
183 247
183 311
183 316
183 375
183 446
183 919
184 56
184 120
184 248
184 312
184 376
185 57
185 121
185 249
185 313
185 377
185 479
186 58
186 122
186 250
186 314
186 378
186 1018
187 59
187 123
187 251
187 315
187 379
188 60
188 124
188 147
188 252
188 316
188 380
188 747
188 1111
189 61
189 125
189 253
189 317
189 381
190 62
190 126
190 254
190 318
190 382
190 1205
191 63
191 127
191 255
191 319
191 383
191 1145
192 0
192 64
192 71
192 77
192 94
192 128
192 210
192 256
192 320
192 384
192 417
192 591
192 662
192 717
192 768
192 775
192 868
192 900
192 907
192 917
192 981
192 1028
192 1031
193 1
193 65
193 129
193 257
193 321
193 385
194 2
194 66
194 130
194 258
194 322
194 370
194 386
195 3
195 67
195 131
195 259
195 323
195 387
195 535
195 578
195 813
195 1034
196 4
196 6
196 7
196 13
196 15
196 17
196 36
196 68
196 70
196 78
196 81
196 97
196 100
196 102
196 132
196 134
196 135
196 142
196 143
196 164
196 198
196 199
196 205
196 207
196 209
196 260
196 261
196 270
196 271
196 273
196 285
196 292
196 320
196 324
196 327
196 333
196 335
196 337
196 338
196 353
196 356
196 388
196 391
196 397
196 399
196 401
196 420
196 452
196 455
196 465
196 477
196 516
196 518
196 525
196 527
196 529
196 530
196 593
196 644
196 651
196 653
196 655
196 657
196 670
196 673
196 674
196 676
196 678
196 708
196 711
196 715
196 719
196 721
196 772
196 779
196 783
196 785
196 836
196 839
196 843
196 847
196 849
196 896
196 903
196 911
196 913
196 967
196 971
196 975
196 977
196 1035
196 1037
196 1039
196 1041
196 1092
196 1103
196 1109
196 1156
196 1159
196 1167
196 1231
197 5
197 8
197 69
197 133
197 261
197 263
197 325
197 328
197 389
197 453
197 520
197 583
197 645
197 712
197 773
197 837
197 901
197 969
197 1029
197 1093
197 1161
197 1216
197 1224
198 4
198 6
198 7
198 14
198 15
198 17
198 29
198 68
198 70
198 78
198 81
198 93
198 97
198 100
198 134
198 135
198 142
198 157
198 196
198 206
198 209
198 221
198 260
198 262
198 270
198 271
198 273
198 285
198 324
198 326
198 327
198 333
198 334
198 335
198 337
198 338
198 349
198 353
198 388
198 390
198 398
198 401
198 413
198 454
198 462
198 465
198 477
198 516
198 518
198 525
198 526
198 529
198 530
198 541
198 582
198 590
198 593
198 605
198 644
198 646
198 651
198 654
198 655
198 657
198 669
198 670
198 708
198 710
198 711
198 715
198 718
198 719
198 721
198 733
198 774
198 779
198 782
198 783
198 785
198 797
198 836
198 838
198 839
198 843
198 846
198 849
198 861
198 902
198 910
198 911
198 925
198 966
198 967
198 974
198 977
198 989
198 1030
198 1035
198 1037
198 1038
198 1041
198 1053
198 1099
198 1105
198 1158
198 1169
198 1222
198 1223
198 1227
198 1233
199 4
199 6
199 7
199 13
199 15
199 17
199 36
199 64
199 68
199 71
199 81
199 97
199 100
199 102
199 132
199 134
199 135
199 143
199 164
199 196
199 205
199 207
199 209
199 260
199 261
199 263
199 270
199 271
199 273
199 292
199 320
199 324
199 327
199 333
199 335
199 338
199 353
199 356
199 388
199 391
199 397
199 399
199 420
199 452
199 455
199 463
199 465
199 516
199 519
199 525
199 527
199 530
199 581
199 593
199 644
199 647
199 651
199 653
199 655
199 670
199 673
199 674
199 676
199 678
199 708
199 711
199 715
199 719
199 721
199 772
199 783
199 804
199 836
199 839
199 843
199 847
199 896
199 903
199 911
199 913
199 964
199 967
199 971
199 975
199 977
199 1035
199 1037
199 1039
199 1041
199 1060
199 1092
199 1103
199 1109
199 1124
199 1156
199 1167
200 8
200 72
200 136
200 203
200 264
200 328
200 392
201 9
201 73
201 137
201 265
201 329
201 393
202 10
202 74
202 138
202 266
202 330
202 394
202 521
202 1270
203 11
203 75
203 139
203 200
203 267
203 331
203 395
204 12
204 65
204 76
204 140
204 268
204 332
204 396
204 1141
205 13
205 36
205 64
205 77
205 97
205 102
205 132
205 141
205 143
205 164
205 196
205 199
205 207
205 209
205 210
205 261
205 269
205 271
205 292
205 320
205 333
205 356
205 391
205 397
205 399
205 417
205 420
205 452
205 455
205 463
205 519
205 527
205 581
205 591
205 647
205 653
205 673
205 674
205 676
205 678
205 717
205 768
205 772
205 775
205 804
205 839
205 847
205 868
205 896
205 900
205 903
205 913
205 964
205 971
205 975
205 981
205 1028
205 1031
205 1037
205 1039
205 1060
205 1125
205 1165
205 1182
205 1243
206 4
206 6
206 7
206 14
206 15
206 17
206 29
206 68
206 70
206 78
206 81
206 93
206 100
206 134
206 135
206 142
206 157
206 198
206 221
206 262
206 270
206 285
206 324
206 326
206 327
206 334
206 337
206 349
206 390
206 398
206 401
206 413
206 454
206 462
206 465
206 477
206 518
206 525
206 526
206 529
206 541
206 582
206 590
206 593
206 605
206 644
206 646
206 654
206 655
206 657
206 669
206 670
206 708
206 710
206 718
206 719
206 721
206 733
206 774
206 779
206 782
206 785
206 797
206 836
206 838
206 846
206 849
206 861
206 902
206 910
206 911
206 925
206 966
206 967
206 974
206 977
206 989
206 1030
206 1035
206 1038
206 1041
206 1053
206 1094
206 1105
206 1117
206 1158
206 1181
206 1222
206 1233
207 7
207 13
207 15
207 36
207 64
207 68
207 77
207 79
207 97
207 100
207 102
207 132
207 134
207 135
207 143
207 164
207 196
207 199
207 205
207 209
207 260
207 261
207 270
207 271
207 273
207 292
207 320
207 327
207 333
207 335
207 338
207 353
207 356
207 388
207 391
207 397
207 399
207 420
207 452
207 455
207 463
207 516
207 519
207 525
207 527
207 530
207 581
207 647
207 651
207 653
207 673
207 674
207 676
207 678
207 708
207 711
207 715
207 717
207 719
207 768
207 772
207 775
207 783
207 804
207 839
207 843
207 847
207 896
207 903
207 911
207 913
207 964
207 971
207 975
207 977
207 1031
207 1035
207 1037
207 1039
207 1060
207 1124
207 1156
207 1167
207 1182
208 16
208 80
208 144
208 272
208 336
208 400
208 766
209 4
209 6
209 7
209 13
209 15
209 17
209 36
209 68
209 70
209 78
209 81
209 97
209 100
209 102
209 132
209 134
209 135
209 142
209 143
209 145
209 164
209 196
209 198
209 199
209 205
209 207
209 260
209 261
209 270
209 271
209 273
209 292
209 320
209 324
209 327
209 333
209 335
209 337
209 338
209 353
209 356
209 388
209 391
209 397
209 399
209 401
209 420
209 452
209 455
209 465
209 477
209 516
209 525
209 527
209 530
209 593
209 644
209 651
209 653
209 655
209 657
209 670
209 673
209 674
209 676
209 678
209 708
209 711
209 715
209 719
209 721
209 772
209 779
209 783
209 785
209 836
209 839
209 843
209 847
209 849
209 896
209 903
209 911
209 913
209 967
209 971
209 975
209 977
209 1035
209 1037
209 1039
209 1041
209 1092
209 1103
209 1109
209 1156
209 1159
209 1167
209 1231
210 18
210 64
210 71
210 77
210 82
210 94
210 132
210 143
210 146
210 164
210 192
210 205
210 274
210 338
210 384
210 397
210 402
210 417
210 420
210 455
210 463
210 519
210 527
210 581
210 591
210 647
210 662
210 673
210 678
210 717
210 768
210 775
210 804
210 847
210 868
210 900
210 907
210 917
210 964
210 981
210 1028
210 1031
210 1060
210 1252
211 19
211 23
211 83
211 147
211 275
211 339
211 403
211 442
211 770
212 20
212 84
212 148
212 276
212 340
212 404
212 509
212 985
212 1043
212 1058
213 2
213 21
213 85
213 149
213 277
213 341
213 405
213 470
214 22
214 86
214 150
214 278
214 342
214 406
214 517
214 552
214 786
215 23
215 87
215 151
215 279
215 343
215 407
215 1137
216 24
216 88
216 152
216 280
216 344
216 408
216 468
217 25
217 89
217 153
217 281
217 345
217 409
217 1241
218 26
218 90
218 154
218 282
218 346
218 410
218 423
219 27
219 91
219 155
219 283
219 347
219 411
219 466
219 613
219 696
219 833
219 854
220 28
220 92
220 156
220 284
220 348
220 412
221 6
221 14
221 15
221 17
221 29
221 70
221 78
221 81
221 93
221 142
221 157
221 198
221 206
221 262
221 285
221 324
221 326
221 334
221 337
221 349
221 390
221 398
221 401
221 413
221 454
221 462
221 465
221 477
221 518
221 526
221 529
221 541
221 582
221 590
221 593
221 605
221 644
221 646
221 654
221 655
221 657
221 669
221 670
221 710
221 718
221 733
221 774
221 779
221 782
221 785
221 797
221 836
221 838
221 846
221 849
221 861
221 902
221 910
221 925
221 966
221 974
221 989
221 1030
221 1038
221 1041
221 1053
221 1094
221 1102
221 1117
221 1166
221 1181
221 1245
222 30
222 94
222 158
222 286
222 350
222 414
222 1246
223 31
223 95
223 159
223 277
223 287
223 351
223 415
224 32
224 96
224 160
224 288
224 352
224 416
225 33
225 97
225 161
225 289
225 353
225 417
226 34
226 98
226 162
226 290
226 354
226 418
226 652
226 1056
226 1269
227 35
227 99
227 163
227 291
227 355
227 419
228 36
228 100
228 164
228 292
228 356
228 420
229 37
229 86
229 101
229 165
229 293
229 357
229 421
229 668
229 997
229 1249
230 38
230 102
230 166
230 294
230 358
230 422
230 437
230 469
231 39
231 103
231 167
231 295
231 359
231 423
231 899
232 40
232 104
232 168
232 296
232 360
232 424
232 610
233 41
233 105
233 169
233 297
233 361
233 425
233 500
233 816
233 880
234 42
234 106
234 109
234 170
234 298
234 345
234 362
234 380
234 426
234 524
234 918
234 1116
234 1144
235 43
235 107
235 171
235 259
235 299
235 363
235 427
236 44
236 108
236 172
236 300
236 364
236 428
236 568
237 45
237 109
237 173
237 301
237 348
237 350
237 365
237 429
237 539
237 834
237 887
238 46
238 110
238 174
238 302
238 317
238 366
238 430
238 495
238 956
239 47
239 111
239 175
239 303
239 367
239 431
239 449
239 472
239 856
239 931
240 48
240 57
240 112
240 176
240 304
240 368
240 427
240 432
241 49
241 113
241 177
241 305
241 369
241 433
241 748
241 875
242 50
242 114
242 178
242 306
242 370
242 434
242 522
243 51
243 115
243 179
243 307
243 371
243 435
243 738
243 1134
244 52
244 114
244 116
244 180
244 308
244 372
244 403
244 436
245 53
245 117
245 126
245 181
245 309
245 373
245 437
245 450
245 769
245 807
245 1076
246 54
246 118
246 182
246 310
246 374
246 438
246 826
247 55
247 119
247 183
247 258
247 311
247 375
247 439
247 962
247 1059
248 56
248 103
248 120
248 184
248 312
248 376
248 386
248 440
248 1065
248 1143
249 57
249 121
249 185
249 313
249 377
249 441
250 58
250 122
250 186
250 314
250 378
250 442
250 823
250 950
250 979
251 34
251 59
251 123
251 187
251 315
251 323
251 379
251 443
251 666
252 60
252 124
252 188
252 316
252 380
252 444
252 686
252 1005
252 1240
253 61
253 125
253 189
253 317
253 381
253 445
253 499
253 1021
254 46
254 62
254 126
254 190
254 318
254 382
254 446
254 1146
255 63
255 127
255 191
255 319
255 383
255 447
255 574
255 761
255 984
256 64
256 128
256 192
256 320
256 358
256 384
256 448
256 484
257 65
257 129
257 193
257 321
257 385
257 449
258 66
258 130
258 194
258 247
258 322
258 386
258 450
258 962
258 1059
259 67
259 131
259 195
259 235
259 323
259 387
259 451
260 4
260 6
260 7
260 13
260 14
260 15
260 17
260 36
260 68
260 70
260 78
260 81
260 97
260 100
260 102
260 132
260 134
260 135
260 142
260 196
260 198
260 199
260 207
260 209
260 261
260 270
260 271
260 273
260 285
260 292
260 320
260 324
260 327
260 333
260 335
260 337
260 338
260 353
260 356
260 388
260 391
260 399
260 401
260 420
260 452
260 465
260 477
260 516
260 518
260 525
260 529
260 530
260 582
260 593
260 644
260 651
260 653
260 655
260 657
260 670
260 674
260 676
260 708
260 711
260 715
260 719
260 721
260 772
260 779
260 783
260 785
260 836
260 839
260 843
260 849
260 896
260 903
260 911
260 913
260 925
260 967
260 971
260 975
260 977
260 989
260 1030
260 1035
260 1037
260 1039
260 1041
260 1092
260 1095
260 1099
260 1103
260 1105
260 1109
260 1124
260 1159
260 1220
260 1231
261 4
261 6
261 7
261 13
261 15
261 17
261 36
261 64
261 68
261 69
261 81
261 97
261 100
261 102
261 132
261 133
261 134
261 135
261 143
261 164
261 196
261 197
261 199
261 205
261 207
261 209
261 260
261 270
261 271
261 273
261 292
261 320
261 324
261 325
261 327
261 333
261 335
261 338
261 353
261 356
261 388
261 389
261 391
261 397
261 399
261 420
261 452
261 453
261 455
261 463
261 465
261 516
261 519
261 525
261 527
261 530
261 581
261 593
261 644
261 647
261 651
261 653
261 655
261 670
261 673
261 674
261 676
261 678
261 708
261 711
261 715
261 719
261 721
261 772
261 779
261 783
261 804
261 836
261 839
261 843
261 847
261 896
261 903
261 911
261 913
261 964
261 967
261 971
261 975
261 977
261 1035
261 1037
261 1039
261 1041
261 1060
261 1092
261 1095
261 1099
261 1103
261 1109
261 1124
261 1125
261 1156
261 1167
262 4
262 6
262 7
262 14
262 15
262 17
262 29
262 68
262 70
262 78
262 81
262 93
262 100
262 134
262 135
262 142
262 157
262 198
262 206
262 221
262 285
262 324
262 326
262 327
262 334
262 337
262 338
262 349
262 390
262 398
262 401
262 413
262 454
262 462
262 465
262 477
262 518
262 525
262 526
262 529
262 541
262 582
262 590
262 593
262 605
262 644
262 646
262 654
262 655
262 657
262 669
262 670
262 708
262 710
262 718
262 719
262 721
262 733
262 774
262 779
262 782
262 785
262 797
262 836
262 838
262 843
262 846
262 849
262 861
262 902
262 910
262 911
262 925
262 966
262 967
262 974
262 977
262 989
262 1030
262 1035
262 1038
262 1041
262 1053
262 1094
262 1095
262 1099
262 1102
262 1105
262 1117
262 1158
262 1181
262 1222
262 1233
263 8
263 69
263 71
263 133
263 135
263 197
263 199
263 327
263 328
263 389
263 391
263 453
263 455
263 520
263 583
263 645
263 712
263 773
263 837
263 901
263 969
263 1029
263 1093
263 1161
263 1216
263 1224
264 72
264 136
264 137
264 200
264 328
264 392
264 456
264 763
264 923
265 73
265 137
265 201
265 329
265 393
265 457
265 614
266 74
266 138
266 202
266 330
266 394
266 458
267 75
267 139
267 203
267 331
267 395
267 459
268 76
268 140
268 204
268 332
268 396
268 459
268 460
268 546
269 77
269 141
269 205
269 333
269 397
269 461
269 486
270 4
270 6
270 7
270 13
270 14
270 15
270 17
270 36
270 68
270 70
270 78
270 81
270 97
270 100
270 102
270 132
270 134
270 135
270 142
270 196
270 198
270 199
270 206
270 207
270 209
270 260
270 261
270 271
270 273
270 285
270 292
270 320
270 324
270 327
270 333
270 334
270 335
270 337
270 338
270 353
270 356
270 388
270 391
270 398
270 399
270 401
270 420
270 452
270 462
270 465
270 477
270 516
270 518
270 525
270 529
270 530
270 582
270 593
270 644
270 651
270 653
270 655
270 657
270 670
270 674
270 676
270 708
270 711
270 715
270 719
270 721
270 772
270 779
270 783
270 785
270 836
270 839
270 843
270 849
270 896
270 903
270 911
270 913
270 925
270 967
270 971
270 975
270 977
270 1030
270 1035
270 1037
270 1039
270 1041
270 1092
270 1095
270 1099
270 1103
270 1105
270 1109
270 1124
270 1159
270 1220
270 1231
271 4
271 6
271 7
271 13
271 15
271 17
271 36
271 68
271 70
271 78
271 79
271 81
271 97
271 100
271 102
271 132
271 134
271 135
271 142
271 143
271 164
271 196
271 198
271 199
271 205
271 207
271 209
271 260
271 261
271 270
271 273
271 285
271 292
271 320
271 324
271 327
271 333
271 335
271 337
271 338
271 353
271 356
271 388
271 391
271 397
271 399
271 401
271 420
271 452
271 455
271 463
271 465
271 477
271 516
271 518
271 525
271 527
271 529
271 530
271 593
271 644
271 651
271 653
271 655
271 657
271 670
271 673
271 674
271 676
271 678
271 708
271 711
271 715
271 719
271 721
271 772
271 779
271 783
271 785
271 836
271 839
271 843
271 847
271 849
271 896
271 903
271 911
271 913
271 967
271 971
271 975
271 977
271 1035
271 1037
271 1039
271 1041
271 1092
271 1095
271 1099
271 1103
271 1105
271 1109
271 1124
271 1156
271 1159
271 1167
271 1231
272 80
272 144
272 208
272 336
272 400
272 464
272 532
272 1002
273 4
273 6
273 7
273 13
273 14
273 15
273 17
273 36
273 68
273 70
273 78
273 81
273 97
273 100
273 102
273 132
273 134
273 135
273 142
273 143
273 145
273 196
273 198
273 199
273 207
273 209
273 260
273 261
273 270
273 271
273 285
273 292
273 320
273 324
273 327
273 333
273 335
273 337
273 338
273 353
273 356
273 388
273 391
273 399
273 401
273 420
273 452
273 455
273 465
273 477
273 516
273 518
273 525
273 527
273 529
273 530
273 593
273 644
273 651
273 653
273 655
273 657
273 670
273 674
273 676
273 678
273 708
273 711
273 715
273 719
273 721
273 772
273 779
273 783
273 785
273 836
273 839
273 843
273 849
273 896
273 903
273 911
273 913
273 967
273 971
273 975
273 977
273 1030
273 1035
273 1037
273 1039
273 1041
273 1092
273 1095
273 1099
273 1103
273 1105
273 1109
273 1124
273 1159
273 1167
273 1220
273 1231
274 82
274 146
274 210
274 338
274 402
274 466
275 83
275 147
275 211
275 339
275 363
275 403
275 467
275 600
276 84
276 148
276 212
276 340
276 404
276 418
276 468
276 489
276 1208
276 1265
277 85
277 149
277 213
277 223
277 341
277 405
277 469
278 86
278 150
278 214
278 310
278 342
278 406
278 470
278 694
278 885
278 1211
279 87
279 151
279 215
279 298
279 343
279 407
279 471
280 88
280 152
280 216
280 336
280 344
280 408
280 472
280 543
281 89
281 153
281 217
281 345
281 409
281 473
281 791
281 1261
281 1263
282 90
282 116
282 154
282 218
282 346
282 410
282 474
283 91
283 155
283 219
283 295
283 347
283 411
283 475
284 92
284 156
284 220
284 348
284 412
284 476
285 4
285 6
285 7
285 14
285 15
285 17
285 29
285 68
285 70
285 78
285 81
285 93
285 100
285 134
285 135
285 142
285 157
285 196
285 198
285 206
285 221
285 260
285 262
285 270
285 271
285 273
285 324
285 326
285 327
285 333
285 334
285 335
285 337
285 338
285 349
285 353
285 388
285 390
285 398
285 401
285 413
285 454
285 462
285 465
285 477
285 516
285 518
285 525
285 526
285 529
285 530
285 541
285 582
285 590
285 593
285 605
285 644
285 646
285 651
285 654
285 655
285 657
285 669
285 670
285 708
285 710
285 711
285 715
285 718
285 719
285 721
285 733
285 774
285 779
285 782
285 783
285 785
285 797
285 836
285 838
285 843
285 846
285 849
285 861
285 902
285 910
285 911
285 925
285 966
285 967
285 974
285 977
285 989
285 1030
285 1035
285 1037
285 1038
285 1041
285 1053
285 1094
285 1095
285 1099
285 1102
285 1105
285 1117
285 1158
285 1169
285 1222
285 1223
285 1227
285 1233
286 94
286 158
286 222
286 350
286 414
286 478
286 1055
287 95
287 138
287 155
287 159
287 223
287 351
287 415
287 479
288 96
288 160
288 170
288 224
288 352
288 416
288 480
289 97
289 161
289 225
289 353
289 417
289 481
290 98
290 162
290 226
290 354
290 418
290 482
290 1142
291 40
291 99
291 163
291 227
291 293
291 355
291 419
291 483
291 992
292 13
292 36
292 64
292 77
292 97
292 100
292 102
292 132
292 134
292 135
292 143
292 164
292 196
292 199
292 205
292 207
292 209
292 228
292 260
292 261
292 270
292 271
292 273
292 320
292 327
292 333
292 335
292 338
292 353
292 356
292 388
292 391
292 397
292 399
292 420
292 452
292 455
292 463
292 484
292 516
292 519
292 525
292 527
292 530
292 581
292 591
292 647
292 651
292 653
292 673
292 674
292 676
292 678
292 711
292 715
292 717
292 768
292 772
292 775
292 783
292 804
292 839
292 843
292 847
292 896
292 903
292 913
292 964
292 971
292 975
292 977
292 981
292 1031
292 1037
292 1039
292 1060
292 1092
292 1103
292 1109
292 1124
292 1125
292 1156
292 1182
293 40
293 101
293 165
293 229
293 291
293 357
293 421
293 485
293 992
294 102
294 166
294 230
294 358
294 422
294 486
294 1175
295 103
295 167
295 231
295 283
295 359
295 423
295 487
296 1
296 19
296 104
296 168
296 173
296 232
296 360
296 424
296 488
297 105
297 169
297 233
297 361
297 377
297 425
297 489
297 1259
298 106
298 170
298 234
298 279
298 362
298 426
298 490
299 43
299 107
299 171
299 235
299 363
299 427
299 491
299 1068
299 1214
300 45
300 63
300 108
300 172
300 236
300 364
300 428
300 492
300 560
301 109
301 173
301 237
301 318
301 365
301 429
301 493
301 703
301 1081
302 110
302 174
302 238
302 366
302 430
302 494
302 1016
303 111
303 175
303 239
303 367
303 431
303 495
304 112
304 176
304 240
304 368
304 432
304 496
304 1107
305 113
305 177
305 241
305 369
305 433
305 497
306 114
306 178
306 242
306 370
306 409
306 434
306 498
306 538
306 679
307 115
307 179
307 243
307 371
307 435
307 499
308 116
308 148
308 174
308 180
308 244
308 366
308 372
308 436
308 500
308 944
309 117
309 181
309 245
309 373
309 437
309 460
309 501
309 1276
310 118
310 182
310 246
310 278
310 374
310 438
310 502
310 694
310 885
310 1211
311 89
311 119
311 183
311 247
311 375
311 439
311 503
311 542
312 120
312 184
312 248
312 376
312 440
312 467
312 504
312 1162
313 121
313 185
313 249
313 377
313 441
313 505
313 1001
313 1199
314 122
314 186
314 250
314 378
314 442
314 506
315 123
315 187
315 251
315 379
315 443
315 507
315 1121
316 124
316 183
316 188
316 252
316 380
316 444
316 446
316 508
316 919
317 125
317 189
317 238
317 253
317 381
317 445
317 495
317 509
317 956
318 126
318 190
318 254
318 301
318 382
318 446
318 510
318 703
318 1081
319 127
319 191
319 255
319 371
319 383
319 447
319 511
319 1258
320 4
320 6
320 7
320 13
320 15
320 17
320 36
320 68
320 70
320 78
320 81
320 97
320 100
320 102
320 128
320 132
320 134
320 135
320 142
320 143
320 164
320 192
320 196
320 199
320 205
320 207
320 209
320 256
320 260
320 261
320 270
320 271
320 273
320 292
320 324
320 327
320 333
320 335
320 338
320 353
320 356
320 384
320 388
320 391
320 397
320 399
320 401
320 420
320 448
320 452
320 455
320 465
320 512
320 516
320 525
320 527
320 530
320 593
320 644
320 651
320 653
320 655
320 657
320 670
320 673
320 674
320 676
320 678
320 708
320 711
320 715
320 719
320 721
320 772
320 779
320 783
320 785
320 836
320 839
320 843
320 847
320 896
320 903
320 911
320 913
320 967
320 971
320 975
320 977
320 1035
320 1037
320 1039
320 1041
320 1092
320 1095
320 1099
320 1103
320 1105
320 1109
320 1124
320 1125
320 1156
320 1159
320 1167
320 1169
320 1182
320 1231
321 129
321 193
321 257
321 385
321 449
321 513
321 571
322 130
322 194
322 258
322 386
322 429
322 450
322 514
323 34
323 131
323 195
323 251
323 259
323 387
323 451
323 515
323 666
324 4
324 6
324 7
324 13
324 14
324 15
324 17
324 29
324 68
324 70
324 78
324 81
324 93
324 97
324 100
324 132
324 134
324 135
324 142
324 157
324 196
324 198
324 199
324 206
324 209
324 221
324 260
324 261
324 262
324 270
324 271
324 273
324 285
324 320
324 326
324 327
324 333
324 335
324 337
324 338
324 349
324 353
324 388
324 390
324 391
324 398
324 399
324 401
324 413
324 452
324 454
324 462
324 465
324 477
324 516
324 518
324 525
324 529
324 530
324 541
324 582
324 593
324 605
324 644
324 646
324 651
324 655
324 657
324 670
324 676
324 708
324 710
324 711
324 715
324 719
324 721
324 733
324 774
324 779
324 783
324 785
324 797
324 836
324 838
324 839
324 843
324 846
324 849
324 861
324 902
324 903
324 910
324 911
324 913
324 925
324 966
324 967
324 974
324 975
324 977
324 989
324 1030
324 1035
324 1037
324 1039
324 1041
324 1053
324 1092
324 1094
324 1095
324 1099
324 1103
324 1105
324 1109
324 1117
324 1158
324 1159
324 1167
324 1169
324 1181
324 1220
324 1222
324 1223
324 1227
324 1233
325 30
325 133
325 197
325 261
325 389
325 453
325 517
326 4
326 6
326 7
326 14
326 15
326 17
326 29
326 68
326 70
326 78
326 81
326 93
326 134
326 142
326 157
326 198
326 206
326 221
326 262
326 285
326 324
326 334
326 337
326 349
326 390
326 398
326 401
326 413
326 454
326 462
326 465
326 477
326 518
326 525
326 526
326 529
326 541
326 582
326 590
326 593
326 605
326 644
326 646
326 654
326 655
326 657
326 669
326 670
326 708
326 710
326 718
326 719
326 721
326 733
326 774
326 779
326 782
326 785
326 797
326 836
326 838
326 846
326 849
326 861
326 902
326 910
326 911
326 925
326 966
326 967
326 974
326 977
326 989
326 1030
326 1035
326 1038
326 1041
326 1053
326 1094
326 1095
326 1099
326 1102
326 1105
326 1117
326 1158
326 1166
326 1169
326 1181
326 1222
326 1233
326 1245
327 4
327 6
327 7
327 13
327 14
327 15
327 17
327 36
327 68
327 70
327 78
327 81
327 93
327 97
327 100
327 102
327 134
327 135
327 142
327 157
327 196
327 198
327 199
327 206
327 207
327 209
327 260
327 261
327 262
327 263
327 270
327 271
327 273
327 285
327 292
327 320
327 324
327 333
327 335
327 337
327 338
327 353
327 356
327 388
327 390
327 391
327 399
327 401
327 452
327 455
327 465
327 477
327 516
327 518
327 519
327 525
327 529
327 530
327 582
327 593
327 605
327 644
327 646
327 651
327 653
327 655
327 657
327 670
327 674
327 676
327 708
327 710
327 711
327 715
327 719
327 721
327 772
327 774
327 779
327 783
327 785
327 836
327 839
327 843
327 849
327 896
327 903
327 911
327 913
327 925
327 967
327 971
327 975
327 977
327 989
327 1030
327 1035
327 1037
327 1039
327 1041
327 1092
327 1095
327 1099
327 1103
327 1105
327 1109
327 1124
327 1156
327 1158
327 1159
327 1167
327 1169
327 1220
327 1231
328 8
328 69
328 133
328 136
328 197
328 200
328 263
328 264
328 389
328 392
328 453
328 456
328 520
328 583
328 645
328 712
328 773
328 837
328 901
328 969
328 1029
328 1093
328 1161
328 1216
328 1224
329 0
329 137
329 201
329 265
329 393
329 457
329 521
330 138
330 202
330 266
330 394
330 458
330 522
331 139
331 203
331 267
331 395
331 459
331 523
332 140
332 204
332 268
332 396
332 460
332 524
333 4
333 6
333 7
333 13
333 14
333 15
333 17
333 36
333 68
333 70
333 78
333 81
333 97
333 100
333 102
333 132
333 134
333 135
333 141
333 142
333 143
333 196
333 198
333 199
333 205
333 207
333 209
333 260
333 261
333 269
333 270
333 271
333 273
333 285
333 292
333 320
333 324
333 327
333 335
333 337
333 338
333 353
333 356
333 388
333 391
333 397
333 399
333 401
333 420
333 452
333 455
333 461
333 465
333 477
333 516
333 518
333 525
333 527
333 529
333 530
333 593
333 644
333 651
333 653
333 655
333 657
333 670
333 674
333 676
333 678
333 708
333 711
333 715
333 719
333 721
333 772
333 779
333 783
333 785
333 836
333 839
333 843
333 849
333 896
333 903
333 911
333 913
333 967
333 971
333 975
333 977
333 1030
333 1035
333 1037
333 1039
333 1041
333 1092
333 1095
333 1099
333 1103
333 1105
333 1109
333 1124
333 1156
333 1158
333 1159
333 1167
333 1169
333 1182
333 1220
333 1231
334 14
334 29
334 70
334 93
334 142
334 157
334 198
334 206
334 221
334 262
334 270
334 285
334 326
334 337
334 349
334 390
334 398
334 413
334 454
334 462
334 477
334 518
334 526
334 529
334 541
334 582
334 590
334 605
334 646
334 654
334 657
334 669
334 710
334 718
334 733
334 774
334 782
334 797
334 838
334 846
334 849
334 861
334 902
334 910
334 925
334 966
334 974
334 989
334 1030
334 1038
334 1053
334 1094
334 1102
334 1117
334 1158
334 1166
334 1181
334 1230
334 1245
335 4
335 6
335 7
335 13
335 14
335 15
335 17
335 36
335 68
335 70
335 78
335 81
335 97
335 100
335 102
335 132
335 134
335 135
335 142
335 143
335 196
335 198
335 199
335 207
335 209
335 260
335 261
335 270
335 271
335 273
335 285
335 292
335 320
335 324
335 327
335 333
335 337
335 338
335 353
335 356
335 388
335 391
335 399
335 401
335 420
335 452
335 455
335 463
335 465
335 477
335 516
335 518
335 525
335 527
335 529
335 530
335 593
335 644
335 651
335 653
335 655
335 657
335 670
335 674
335 676
335 678
335 708
335 711
335 715
335 719
335 721
335 772
335 779
335 783
335 785
335 836
335 839
335 843
335 849
335 896
335 903
335 911
335 913
335 967
335 971
335 975
335 977
335 1030
335 1035
335 1037
335 1039
335 1041
335 1092
335 1095
335 1099
335 1103
335 1105
335 1109
335 1124
335 1156
335 1158
335 1159
335 1167
335 1169
335 1182
335 1220
335 1231
336 144
336 208
336 272
336 280
336 400
336 464
336 528
336 543
337 4
337 6
337 7
337 14
337 15
337 17
337 29
337 68
337 70
337 78
337 81
337 93
337 100
337 134
337 135
337 142
337 145
337 157
337 196
337 198
337 206
337 209
337 221
337 260
337 262
337 270
337 271
337 273
337 285
337 324
337 326
337 327
337 333
337 334
337 335
337 338
337 349
337 353
337 388
337 390
337 398
337 401
337 413
337 454
337 462
337 465
337 477
337 516
337 518
337 525
337 526
337 529
337 530
337 541
337 582
337 590
337 593
337 605
337 644
337 646
337 651
337 654
337 655
337 657
337 669
337 670
337 708
337 710
337 711
337 715
337 718
337 719
337 721
337 733
337 774
337 779
337 782
337 783
337 785
337 797
337 836
337 838
337 843
337 846
337 849
337 861
337 902
337 910
337 911
337 925
337 966
337 967
337 974
337 977
337 989
337 1030
337 1035
337 1037
337 1038
337 1041
337 1053
337 1094
337 1095
337 1099
337 1102
337 1103
337 1105
337 1117
337 1158
337 1159
337 1166
337 1169
337 1181
337 1222
337 1223
337 1227
337 1233
338 4
338 6
338 7
338 13
338 14
338 15
338 17
338 36
338 68
338 70
338 78
338 81
338 97
338 100
338 102
338 132
338 134
338 135
338 142
338 146
338 196
338 198
338 199
338 207
338 209
338 210
338 260
338 261
338 262
338 270
338 271
338 273
338 274
338 285
338 292
338 320
338 324
338 327
338 333
338 335
338 337
338 353
338 356
338 388
338 391
338 399
338 401
338 402
338 420
338 452
338 465
338 466
338 477
338 516
338 518
338 525
338 529
338 530
338 582
338 593
338 644
338 651
338 653
338 655
338 657
338 670
338 674
338 676
338 708
338 711
338 715
338 719
338 721
338 772
338 779
338 783
338 785
338 836
338 839
338 843
338 849
338 896
338 903
338 911
338 913
338 925
338 967
338 971
338 975
338 977
338 989
338 1030
338 1035
338 1037
338 1039
338 1041
338 1092
338 1095
338 1099
338 1103
338 1105
338 1109
338 1124
338 1156
338 1158
338 1159
338 1167
338 1169
338 1182
338 1220
338 1231
339 147
339 211
339 275
339 403
339 467
339 531
339 534
340 148
340 212
340 276
340 404
340 468
340 532
341 149
341 213
341 277
341 405
341 440
341 469
341 533
341 1244
341 1256
342 150
342 214
342 278
342 406
342 470
342 534
343 16
343 151
343 215
343 279
343 373
343 407
343 471
343 535
343 1202
344 152
344 169
344 216
344 280
344 408
344 472
344 536
344 972
345 109
345 153
345 217
345 234
345 281
345 380
345 409
345 473
345 524
345 537
345 918
345 1116
345 1144
346 154
346 218
346 282
346 407
346 410
346 474
346 538
346 1279
347 155
347 219
347 283
347 411
347 475
347 539
348 156
348 220
348 237
348 284
348 350
348 412
348 476
348 539
348 540
348 834
348 887
349 4
349 6
349 14
349 15
349 17
349 29
349 70
349 78
349 81
349 93
349 142
349 157
349 198
349 206
349 221
349 262
349 285
349 324
349 326
349 334
349 337
349 390
349 398
349 401
349 413
349 454
349 462
349 465
349 477
349 518
349 526
349 529
349 541
349 582
349 590
349 593
349 605
349 644
349 646
349 654
349 655
349 657
349 669
349 670
349 710
349 718
349 721
349 733
349 774
349 779
349 782
349 785
349 797
349 836
349 838
349 846
349 849
349 861
349 902
349 910
349 925
349 966
349 967
349 974
349 989
349 1030
349 1038
349 1041
349 1053
349 1094
349 1095
349 1099
349 1102
349 1105
349 1117
349 1158
349 1166
349 1169
349 1181
349 1245
350 158
350 222
350 237
350 286
350 348
350 414
350 478
350 539
350 542
350 834
350 887
351 159
351 223
351 287
351 415
351 479
351 543
351 926
352 160
352 224
352 288
352 416
352 480
352 544
353 4
353 6
353 7
353 13
353 14
353 15
353 17
353 36
353 68
353 70
353 78
353 81
353 97
353 100
353 102
353 132
353 134
353 135
353 142
353 143
353 161
353 196
353 198
353 199
353 207
353 209
353 225
353 260
353 261
353 270
353 271
353 273
353 285
353 289
353 292
353 320
353 324
353 327
353 333
353 335
353 337
353 338
353 356
353 388
353 391
353 399
353 401
353 417
353 420
353 452
353 455
353 465
353 477
353 481
353 516
353 518
353 525
353 527
353 529
353 530
353 545
353 593
353 644
353 651
353 653
353 655
353 657
353 670
353 674
353 676
353 678
353 708
353 711
353 715
353 719
353 721
353 772
353 779
353 783
353 785
353 836
353 839
353 843
353 849
353 896
353 903
353 911
353 913
353 967
353 971
353 975
353 977
353 1030
353 1035
353 1037
353 1039
353 1041
353 1092
353 1095
353 1099
353 1103
353 1105
353 1109
353 1124
353 1156
353 1158
353 1159
353 1167
353 1169
353 1182
353 1220
353 1231
354 162
354 226
354 290
354 418
354 482
354 546
355 163
355 227
355 291
355 419
355 483
355 547
355 760
356 7
356 13
356 36
356 64
356 77
356 97
356 100
356 102
356 132
356 134
356 135
356 143
356 164
356 196
356 199
356 205
356 207
356 209
356 228
356 260
356 261
356 270
356 271
356 273
356 292
356 320
356 327
356 333
356 335
356 338
356 353
356 388
356 391
356 397
356 399
356 420
356 452
356 455
356 463
356 484
356 516
356 519
356 525
356 527
356 530
356 548
356 581
356 591
356 647
356 651
356 653
356 673
356 674
356 676
356 678
356 711
356 715
356 717
356 768
356 772
356 775
356 783
356 804
356 839
356 843
356 847
356 896
356 903
356 913
356 964
356 971
356 975
356 977
356 981
356 1031
356 1035
356 1037
356 1039
356 1060
356 1092
356 1103
356 1109
356 1124
356 1125
356 1156
356 1159
356 1165
356 1167
356 1182
357 165
357 229
357 293
357 421
357 485
357 549
358 94
358 166
358 230
358 256
358 294
358 422
358 484
358 486
358 550
358 662
358 917
358 1254
359 167
359 231
359 295
359 423
359 487
359 551
360 168
360 232
360 296
360 424
360 488
360 552
360 754
360 1040
360 1212
361 169
361 233
361 297
361 425
361 436
361 489
361 551
361 553
361 601
361 818
361 860
361 908
361 1153
362 170
362 234
362 298
362 426
362 490
362 554
362 724
362 867
362 963
362 1187
362 1194
363 171
363 235
363 275
363 299
363 427
363 491
363 555
363 600
364 172
364 236
364 300
364 428
364 492
364 556
364 1085
365 173
365 237
365 301
365 429
365 493
365 557
366 148
366 174
366 238
366 302
366 308
366 430
366 494
366 558
366 944
367 175
367 239
367 303
367 431
367 495
367 559
368 176
368 240
368 304
368 432
368 490
368 496
368 560
368 1197
369 177
369 241
369 305
369 433
369 497
369 561
370 178
370 194
370 242
370 306
370 434
370 498
370 562
371 179
371 243
371 307
371 319
371 435
371 499
371 563
371 1258
372 180
372 244
372 308
372 436
372 500
372 564
373 16
373 181
373 245
373 309
373 343
373 437
373 501
373 565
373 1202
374 167
374 182
374 246
374 310
374 438
374 502
374 566
374 872
375 183
375 247
375 311
375 439
375 503
375 567
376 80
376 184
376 248
376 312
376 440
376 504
376 568
377 185
377 249
377 297
377 313
377 441
377 505
377 569
377 1259
378 186
378 250
378 314
378 442
378 506
378 570
378 764
378 1020
378 1136
379 187
379 251
379 315
379 443
379 507
379 571
380 109
380 188
380 234
380 252
380 316
380 345
380 444
380 508
380 524
380 572
380 918
380 1116
380 1144
381 189
381 253
381 317
381 445
381 509
381 573
382 67
382 190
382 254
382 318
382 446
382 510
382 574
383 191
383 255
383 319
383 447
383 511
383 575
383 762
383 892
384 71
384 94
384 192
384 210
384 256
384 320
384 417
384 448
384 512
384 576
384 591
384 662
384 868
384 900
384 907
384 917
384 981
384 1028
384 1031
384 1252
385 193
385 257
385 321
385 449
385 513
385 577
385 1236
386 103
386 194
386 248
386 258
386 322
386 450
386 514
386 578
386 1065
386 1143
387 118
387 195
387 259
387 323
387 451
387 515
387 579
387 705
387 1189
388 4
388 6
388 7
388 13
388 14
388 15
388 17
388 36
388 68
388 70
388 78
388 81
388 97
388 100
388 102
388 132
388 134
388 135
388 142
388 196
388 198
388 199
388 207
388 209
388 260
388 261
388 270
388 271
388 273
388 285
388 292
388 320
388 324
388 327
388 333
388 335
388 337
388 338
388 353
388 356
388 391
388 399
388 401
388 420
388 452
388 465
388 477
388 516
388 518
388 525
388 529
388 530
388 580
388 593
388 644
388 651
388 653
388 655
388 657
388 670
388 674
388 676
388 708
388 711
388 715
388 719
388 721
388 772
388 779
388 783
388 785
388 836
388 839
388 843
388 849
388 896
388 903
388 911
388 913
388 967
388 971
388 975
388 977
388 1030
388 1035
388 1037
388 1039
388 1041
388 1092
388 1095
388 1099
388 1103
388 1105
388 1109
388 1124
388 1156
388 1158
388 1159
388 1167
388 1169
388 1182
388 1220
388 1222
388 1223
388 1227
388 1231
388 1233
389 8
389 69
389 133
389 197
389 261
389 263
389 325
389 328
389 453
389 517
389 520
389 581
389 583
389 645
389 712
389 773
389 837
389 901
389 969
389 1029
389 1093
389 1161
389 1216
389 1224
390 4
390 6
390 7
390 14
390 15
390 17
390 29
390 68
390 70
390 78
390 81
390 93
390 100
390 134
390 135
390 142
390 157
390 198
390 206
390 221
390 262
390 285
390 324
390 326
390 327
390 334
390 337
390 349
390 398
390 401
390 413
390 454
390 462
390 465
390 477
390 518
390 525
390 526
390 529
390 541
390 582
390 590
390 593
390 605
390 644
390 646
390 654
390 655
390 657
390 669
390 670
390 708
390 710
390 718
390 719
390 721
390 733
390 774
390 779
390 782
390 785
390 797
390 836
390 838
390 843
390 846
390 849
390 861
390 902
390 910
390 911
390 925
390 966
390 967
390 974
390 977
390 989
390 1030
390 1035
390 1038
390 1041
390 1053
390 1094
390 1095
390 1099
390 1102
390 1105
390 1117
390 1158
390 1166
390 1169
390 1181
390 1220
390 1222
390 1223
390 1227
390 1230
390 1233
390 1245
391 4
391 6
391 7
391 13
391 15
391 17
391 36
391 64
391 68
391 81
391 97
391 100
391 102
391 132
391 134
391 135
391 143
391 164
391 196
391 199
391 205
391 207
391 209
391 260
391 261
391 263
391 270
391 271
391 273
391 292
391 320
391 324
391 327
391 333
391 335
391 338
391 353
391 356
391 388
391 397
391 399
391 420
391 452
391 455
391 465
391 516
391 519
391 525
391 527
391 530
391 581
391 583
391 593
391 644
391 651
391 653
391 655
391 670
391 673
391 674
391 676
391 678
391 708
391 711
391 715
391 719
391 721
391 772
391 779
391 783
391 804
391 836
391 839
391 843
391 847
391 896
391 903
391 911
391 913
391 964
391 967
391 971
391 975
391 977
391 1035
391 1037
391 1039
391 1041
391 1060
391 1092
391 1095
391 1099
391 1103
391 1109
391 1124
391 1125
391 1156
391 1159
391 1165
391 1167
391 1169
391 1182
391 1220
391 1227
391 1231
392 200
392 264
392 328
392 456
392 520
392 584
392 1234
393 201
393 265
393 329
393 457
393 521
393 585
394 117
394 129
394 202
394 266
394 330
394 458
394 522
394 586
395 203
395 267
395 331
395 459
395 523
395 587
395 642
395 961
396 161
396 204
396 268
396 332
396 460
396 524
396 588
397 13
397 36
397 64
397 77
397 97
397 102
397 132
397 143
397 164
397 196
397 199
397 205
397 207
397 209
397 210
397 261
397 269
397 271
397 292
397 320
397 333
397 356
397 391
397 399
397 417
397 420
397 452
397 455
397 461
397 463
397 519
397 525
397 527
397 581
397 589
397 591
397 647
397 653
397 673
397 674
397 676
397 678
397 717
397 768
397 772
397 775
397 804
397 839
397 847
397 868
397 896
397 900
397 903
397 913
397 964
397 971
397 975
397 981
397 1028
397 1031
397 1037
397 1039
397 1060
397 1092
397 1103
397 1109
397 1124
397 1125
397 1156
397 1165
397 1167
397 1182
397 1243
397 1252
398 6
398 14
398 17
398 29
398 70
398 78
398 81
398 93
398 142
398 157
398 198
398 206
398 221
398 262
398 270
398 285
398 324
398 326
398 334
398 337
398 349
398 390
398 401
398 413
398 454
398 462
398 465
398 477
398 518
398 526
398 529
398 541
398 582
398 590
398 605
398 644
398 646
398 654
398 655
398 657
398 669
398 710
398 718
398 733
398 774
398 779
398 782
398 785
398 797
398 838
398 846
398 849
398 861
398 902
398 910
398 925
398 966
398 974
398 989
398 1030
398 1038
398 1041
398 1053
398 1094
398 1099
398 1102
398 1105
398 1117
398 1158
398 1166
398 1169
398 1181
398 1222
398 1223
398 1227
398 1230
398 1233
398 1245
399 4
399 6
399 7
399 13
399 15
399 17
399 36
399 68
399 78
399 81
399 97
399 100
399 102
399 132
399 134
399 135
399 142
399 143
399 164
399 196
399 199
399 205
399 207
399 209
399 260
399 261
399 270
399 271
399 273
399 292
399 320
399 324
399 327
399 333
399 335
399 338
399 353
399 356
399 388
399 391
399 397
399 401
399 420
399 452
399 455
399 463
399 465
399 516
399 525
399 527
399 530
399 591
399 593
399 644
399 651
399 653
399 655
399 670
399 673
399 674
399 676
399 678
399 708
399 711
399 715
399 719
399 721
399 772
399 779
399 783
399 785
399 804
399 836
399 839
399 843
399 847
399 896
399 903
399 911
399 913
399 967
399 971
399 975
399 977
399 1035
399 1037
399 1039
399 1041
399 1092
399 1095
399 1099
399 1103
399 1105
399 1109
399 1124
399 1125
399 1156
399 1159
399 1167
399 1169
399 1182
399 1220
399 1223
399 1227
399 1231
400 88
400 208
400 272
400 336
400 464
400 498
400 528
400 592
400 627
401 4
401 6
401 7
401 13
401 14
401 15
401 17
401 29
401 68
401 70
401 78
401 81
401 93
401 97
401 100
401 134
401 135
401 142
401 157
401 196
401 198
401 206
401 209
401 221
401 260
401 262
401 270
401 271
401 273
401 285
401 320
401 324
401 326
401 327
401 333
401 335
401 337
401 338
401 349
401 353
401 388
401 390
401 398
401 399
401 413
401 454
401 462
401 465
401 477
401 516
401 518
401 525
401 529
401 530
401 541
401 582
401 590
401 593
401 605
401 644
401 646
401 651
401 655
401 657
401 669
401 670
401 676
401 708
401 710
401 711
401 715
401 719
401 721
401 733
401 774
401 779
401 783
401 785
401 797
401 836
401 838
401 839
401 843
401 846
401 849
401 861
401 902
401 903
401 910
401 911
401 913
401 925
401 966
401 967
401 974
401 975
401 977
401 989
401 1030
401 1035
401 1037
401 1039
401 1041
401 1053
401 1092
401 1094
401 1095
401 1099
401 1103
401 1105
401 1109
401 1117
401 1158
401 1159
401 1166
401 1167
401 1169
401 1181
401 1220
401 1222
401 1223
401 1227
401 1231
401 1233
401 1245
402 210
402 274
402 338
402 466
402 530
402 594
403 114
403 211
403 244
403 275
403 339
403 467
403 531
403 595
404 212
404 276
404 340
404 468
404 532
404 596
404 685
405 213
405 277
405 341
405 469
405 533
405 597
406 214
406 278
406 342
406 470
406 534
406 598
406 758
407 215
407 279
407 343
407 346
407 471
407 535
407 599
407 1279
408 216
408 280
408 344
408 472
408 536
408 600
409 217
409 281
409 306
409 345
409 473
409 537
409 538
409 601
409 679
410 163
410 218
410 282
410 346
410 474
410 538
410 602
410 828
411 219
411 283
411 347
411 475
411 539
411 603
412 220
412 284
412 348
412 476
412 540
412 604
413 4
413 6
413 7
413 14
413 15
413 17
413 29
413 68
413 70
413 78
413 81
413 93
413 142
413 157
413 198
413 206
413 221
413 262
413 285
413 324
413 326
413 334
413 337
413 349
413 390
413 398
413 401
413 454
413 462
413 465
413 477
413 518
413 526
413 529
413 541
413 582
413 590
413 593
413 605
413 644
413 646
413 654
413 655
413 657
413 669
413 670
413 708
413 710
413 718
413 719
413 721
413 733
413 774
413 779
413 782
413 785
413 797
413 836
413 838
413 846
413 849
413 861
413 902
413 910
413 911
413 925
413 966
413 967
413 974
413 989
413 1030
413 1035
413 1038
413 1041
413 1053
413 1094
413 1095
413 1099
413 1102
413 1105
413 1117
413 1158
413 1166
413 1169
413 1181
413 1220
413 1222
413 1223
413 1227
413 1230
413 1233
413 1245
414 222
414 286
414 350
414 478
414 542
414 606
415 223
415 287
415 351
415 479
415 543
415 607
416 224
416 288
416 352
416 480
416 544
416 608
417 64
417 71
417 77
417 94
417 192
417 205
417 210
417 225
417 289
417 353
417 384
417 397
417 463
417 481
417 519
417 545
417 581
417 591
417 609
417 647
417 662
417 717
417 768
417 775
417 804
417 847
417 868
417 900
417 907
417 917
417 964
417 981
417 1028
417 1031
417 1060
417 1125
417 1165
417 1243
417 1252
418 226
418 276
418 290
418 354
418 482
418 489
418 546
418 610
418 1208
418 1265
419 227
419 291
419 355
419 483
419 547
419 611
419 848
420 13
420 36
420 64
420 77
420 97
420 102
420 132
420 143
420 164
420 196
420 199
420 205
420 207
420 209
420 210
420 228
420 260
420 261
420 270
420 271
420 273
420 292
420 320
420 333
420 335
420 338
420 353
420 356
420 388
420 391
420 397
420 399
420 452
420 455
420 463
420 484
420 516
420 519
420 527
420 530
420 548
420 581
420 591
420 612
420 647
420 651
420 653
420 673
420 674
420 676
420 678
420 711
420 715
420 717
420 768
420 772
420 775
420 783
420 804
420 839
420 843
420 847
420 896
420 900
420 903
420 913
420 964
420 971
420 975
420 981
420 1031
420 1037
420 1039
420 1060
420 1092
420 1103
420 1109
420 1124
420 1125
420 1156
420 1159
420 1165
420 1167
420 1182
420 1231
420 1243
420 1252
421 229
421 293
421 357
421 485
421 549
421 613
422 230
422 294
422 358
422 486
422 550
422 606
422 614
422 928
422 1088
423 218
423 231
423 295
423 359
423 487
423 551
423 615
424 84
424 232
424 296
424 360
424 488
424 552
424 615
424 616
424 812
425 41
425 233
425 297
425 361
425 489
425 553
425 607
425 617
425 894
426 234
426 298
426 362
426 490
426 554
426 618
427 57
427 235
427 240
427 299
427 363
427 491
427 555
427 619
428 162
428 236
428 300
428 364
428 492
428 556
428 569
428 620
428 643
428 817
428 980
428 1017
428 1027
429 237
429 301
429 322
429 365
429 493
429 557
429 621
430 238
430 302
430 366
430 494
430 558
430 622
431 112
431 239
431 303
431 367
431 495
431 559
431 623
431 889
432 240
432 304
432 368
432 496
432 560
432 624
433 241
433 305
433 369
433 497
433 561
433 624
433 625
433 943
434 242
434 306
434 370
434 498
434 562
434 626
435 243
435 307
435 371
435 499
435 563
435 627
436 244
436 308
436 361
436 372
436 500
436 551
436 564
436 601
436 628
436 818
436 860
436 908
436 1153
437 230
437 245
437 309
437 373
437 469
437 501
437 565
437 629
438 246
438 310
438 374
438 502
438 566
438 630
439 247
439 311
439 375
439 503
439 567
439 631
440 248
440 312
440 341
440 376
440 504
440 568
440 632
440 1244
440 1256
441 249
441 313
441 377
441 505
441 569
441 633
442 23
442 211
442 250
442 314
442 378
442 506
442 570
442 634
442 770
443 251
443 315
443 379
443 507
443 571
443 635
444 252
444 316
444 380
444 508
444 572
444 635
444 636
445 124
445 154
445 253
445 317
445 381
445 509
445 573
445 637
445 814
446 183
446 254
446 316
446 318
446 382
446 510
446 574
446 638
446 919
447 255
447 319
447 383
447 510
447 511
447 575
447 639
448 256
448 320
448 384
448 512
448 576
448 640
448 859
449 239
449 257
449 321
449 385
449 472
449 513
449 577
449 641
449 856
449 931
450 126
450 245
450 258
450 322
450 386
450 514
450 578
450 642
450 769
450 807
450 1076
451 259
451 323
451 387
451 515
451 579
451 643
452 4
452 6
452 7
452 13
452 15
452 17
452 36
452 64
452 68
452 81
452 97
452 100
452 102
452 132
452 134
452 135
452 143
452 164
452 196
452 199
452 205
452 207
452 209
452 260
452 261
452 270
452 271
452 273
452 292
452 320
452 324
452 327
452 333
452 335
452 338
452 353
452 356
452 388
452 391
452 397
452 399
452 420
452 455
452 463
452 516
452 519
452 525
452 527
452 530
452 580
452 581
452 593
452 644
452 647
452 651
452 653
452 655
452 670
452 673
452 674
452 676
452 678
452 708
452 711
452 715
452 719
452 721
452 772
452 783
452 804
452 836
452 839
452 843
452 847
452 896
452 903
452 911
452 913
452 964
452 967
452 971
452 975
452 977
452 1035
452 1037
452 1039
452 1041
452 1060
452 1092
452 1095
452 1103
452 1109
452 1124
452 1125
452 1156
452 1159
452 1165
452 1167
452 1169
452 1182
452 1220
452 1231
453 8
453 69
453 133
453 197
453 261
453 263
453 325
453 328
453 389
453 517
453 520
453 581
453 583
453 645
453 712
453 773
453 837
453 901
453 969
453 1029
453 1093
453 1161
453 1216
453 1224
454 4
454 6
454 7
454 14
454 15
454 17
454 29
454 68
454 70
454 78
454 81
454 93
454 142
454 157
454 198
454 206
454 221
454 262
454 285
454 324
454 326
454 334
454 337
454 349
454 390
454 398
454 401
454 413
454 462
454 465
454 477
454 518
454 525
454 526
454 529
454 541
454 582
454 590
454 593
454 605
454 644
454 646
454 654
454 655
454 657
454 669
454 670
454 708
454 710
454 718
454 719
454 721
454 733
454 774
454 779
454 782
454 785
454 797
454 836
454 838
454 846
454 849
454 861
454 902
454 910
454 911
454 925
454 966
454 967
454 974
454 977
454 989
454 1030
454 1035
454 1038
454 1041
454 1053
454 1094
454 1095
454 1099
454 1102
454 1105
454 1117
454 1158
454 1166
454 1169
454 1181
454 1220
454 1222
454 1223
454 1227
454 1230
454 1233
454 1245
455 13
455 36
455 64
455 77
455 97
455 102
455 132
455 143
455 164
455 196
455 199
455 205
455 207
455 209
455 210
455 261
455 263
455 271
455 273
455 292
455 320
455 327
455 333
455 335
455 353
455 356
455 391
455 397
455 399
455 420
455 452
455 463
455 519
455 527
455 581
455 583
455 591
455 647
455 653
455 673
455 674
455 676
455 678
455 715
455 717
455 768
455 772
455 775
455 804
455 839
455 847
455 868
455 896
455 900
455 903
455 913
455 964
455 971
455 975
455 981
455 1028
455 1031
455 1037
455 1039
455 1060
455 1092
455 1103
455 1109
455 1124
455 1125
455 1156
455 1165
455 1167
455 1182
455 1243
455 1252
456 264
456 328
456 392
456 520
456 584
456 648
457 265
457 329
457 393
457 521
457 585
457 649
458 21
458 266
458 330
458 394
458 522
458 586
458 650
459 267
459 268
459 331
459 395
459 523
459 546
459 587
459 651
460 268
460 309
460 332
460 396
460 524
460 588
460 652
460 1276
461 269
461 333
461 397
461 525
461 589
461 653
462 6
462 14
462 17
462 29
462 70
462 78
462 81
462 93
462 142
462 157
462 198
462 206
462 221
462 262
462 270
462 285
462 324
462 326
462 334
462 337
462 349
462 390
462 398
462 401
462 413
462 454
462 465
462 477
462 518
462 526
462 529
462 541
462 582
462 590
462 605
462 644
462 646
462 654
462 655
462 657
462 669
462 710
462 718
462 733
462 774
462 779
462 782
462 785
462 797
462 836
462 838
462 846
462 849
462 861
462 902
462 910
462 925
462 966
462 974
462 989
462 1030
462 1038
462 1041
462 1053
462 1094
462 1099
462 1102
462 1105
462 1117
462 1158
462 1166
462 1169
462 1181
462 1222
462 1223
462 1227
462 1230
462 1233
462 1245
463 36
463 64
463 71
463 77
463 102
463 132
463 143
463 164
463 199
463 205
463 207
463 210
463 261
463 271
463 292
463 335
463 356
463 397
463 399
463 417
463 420
463 452
463 455
463 519
463 527
463 581
463 591
463 647
463 653
463 655
463 673
463 674
463 678
463 717
463 768
463 772
463 775
463 804
463 847
463 868
463 896
463 900
463 907
463 964
463 971
463 981
463 1028
463 1031
463 1060
463 1124
463 1125
463 1156
463 1165
463 1182
463 1243
463 1252
464 88
464 272
464 336
464 400
464 498
464 528
464 592
464 627
464 656
465 4
465 6
465 7
465 13
465 14
465 15
465 17
465 29
465 68
465 70
465 78
465 81
465 93
465 97
465 100
465 134
465 135
465 142
465 157
465 196
465 198
465 199
465 206
465 209
465 221
465 260
465 261
465 262
465 270
465 271
465 273
465 285
465 320
465 324
465 326
465 327
465 333
465 335
465 337
465 338
465 349
465 353
465 388
465 390
465 391
465 398
465 399
465 401
465 413
465 454
465 462
465 477
465 516
465 518
465 525
465 529
465 530
465 541
465 582
465 590
465 593
465 605
465 644
465 646
465 651
465 655
465 657
465 669
465 670
465 676
465 708
465 710
465 711
465 715
465 719
465 721
465 733
465 774
465 779
465 783
465 785
465 797
465 836
465 838
465 839
465 843
465 846
465 849
465 861
465 902
465 903
465 910
465 911
465 913
465 925
465 966
465 967
465 974
465 975
465 977
465 989
465 1030
465 1035
465 1037
465 1039
465 1041
465 1053
465 1092
465 1094
465 1095
465 1099
465 1103
465 1105
465 1109
465 1117
465 1158
465 1159
465 1166
465 1167
465 1169
465 1181
465 1220
465 1222
465 1223
465 1227
465 1231
465 1233
465 1245
466 219
466 274
466 338
466 402
466 530
466 594
466 613
466 658
466 696
466 833
466 854
467 275
467 312
467 339
467 403
467 531
467 595
467 659
467 1162
468 216
468 276
468 340
468 404
468 532
468 596
468 660
469 230
469 277
469 341
469 405
469 437
469 533
469 597
469 661
470 2
470 213
470 278
470 342
470 406
470 534
470 598
470 662
471 279
471 343
471 407
471 535
471 579
471 599
471 663
471 820
471 886
472 239
472 280
472 344
472 408
472 449
472 536
472 600
472 664
472 856
472 931
473 281
473 345
473 409
473 537
473 601
473 665
473 730
473 793
474 282
474 346
474 410
474 538
474 602
474 666
474 835
474 1131
474 1191
475 283
475 347
475 411
475 539
475 603
475 667
476 284
476 348
476 412
476 540
476 604
476 668
476 921
476 999
477 4
477 6
477 7
477 13
477 14
477 15
477 17
477 29
477 68
477 70
477 78
477 81
477 93
477 97
477 100
477 134
477 135
477 142
477 157
477 196
477 198
477 206
477 209
477 221
477 260
477 262
477 270
477 271
477 273
477 285
477 324
477 326
477 327
477 333
477 334
477 335
477 337
477 338
477 349
477 353
477 388
477 390
477 398
477 401
477 413
477 454
477 462
477 465
477 516
477 518
477 525
477 526
477 529
477 530
477 541
477 582
477 590
477 593
477 605
477 644
477 646
477 651
477 655
477 657
477 669
477 670
477 708
477 710
477 711
477 715
477 719
477 721
477 733
477 774
477 779
477 782
477 783
477 785
477 797
477 836
477 838
477 839
477 843
477 846
477 849
477 861
477 902
477 910
477 911
477 925
477 966
477 967
477 974
477 977
477 989
477 1030
477 1035
477 1037
477 1038
477 1039
477 1041
477 1053
477 1094
477 1095
477 1099
477 1102
477 1103
477 1105
477 1117
477 1158
477 1159
477 1166
477 1169
477 1181
477 1220
477 1222
477 1223
477 1227
477 1231
477 1233
477 1245
478 286
478 350
478 414
478 542
478 606
478 670
479 185
479 287
479 351
479 415
479 543
479 607
479 671
480 288
480 352
480 416
480 544
480 608
480 672
481 289
481 353
481 417
481 545
481 609
481 673
482 290
482 354
482 418
482 546
482 610
482 674
483 291
483 355
483 419
483 547
483 557
483 611
483 675
483 784
484 256
484 292
484 356
484 358
484 420
484 548
484 612
484 676
484 1254
485 293
485 357
485 421
485 549
485 613
485 677
486 269
486 294
486 358
486 422
486 550
486 614
486 678
487 171
487 295
487 359
487 423
487 551
487 615
487 679
488 153
488 296
488 360
488 424
488 552
488 616
488 680
488 824
488 1091
489 276
489 297
489 361
489 418
489 425
489 553
489 617
489 681
489 1208
489 1265
490 298
490 362
490 368
490 426
490 554
490 618
490 682
490 1197
491 299
491 363
491 427
491 555
491 619
491 683
492 300
492 364
492 428
492 556
492 620
492 684
493 301
493 365
493 429
493 557
493 621
493 685
494 302
494 366
494 430
494 558
494 622
494 686
495 238
495 303
495 317
495 367
495 431
495 559
495 623
495 687
495 956
496 304
496 368
496 432
496 560
496 624
496 688
497 305
497 369
497 433
497 561
497 625
497 689
498 88
498 306
498 370
498 400
498 434
498 464
498 562
498 626
498 627
498 690
499 253
499 307
499 371
499 435
499 563
499 627
499 691
499 1021
500 233
500 308
500 372
500 436
500 564
500 628
500 692
500 816
500 880
501 309
501 373
501 437
501 565
501 629
501 693
502 310
502 374
502 438
502 566
502 630
502 694
503 311
503 375
503 439
503 567
503 631
503 695
503 924
503 951
504 312
504 376
504 440
504 568
504 632
504 650
504 696
504 729
505 313
505 377
505 441
505 569
505 633
505 697
505 1132
506 314
506 378
506 442
506 570
506 634
506 698
506 895
506 1210
506 1274
507 315
507 379
507 443
507 571
507 635
507 699
508 175
508 316
508 380
508 444
508 572
508 636
508 700
509 212
509 317
509 381
509 445
509 573
509 637
509 701
509 985
509 1043
509 1058
510 318
510 382
510 446
510 447
510 574
510 638
510 702
511 319
511 383
511 447
511 575
511 639
511 703
511 1075
512 320
512 384
512 448
512 576
512 640
512 658
512 704
513 321
513 385
513 449
513 577
513 641
513 705
513 827
513 936
514 322
514 386
514 450
514 578
514 642
514 706
515 60
515 323
515 387
515 451
515 579
515 643
515 707
516 4
516 6
516 7
516 13
516 14
516 15
516 17
516 36
516 68
516 70
516 78
516 81
516 97
516 100
516 102
516 132
516 134
516 135
516 142
516 196
516 198
516 199
516 207
516 209
516 260
516 261
516 270
516 271
516 273
516 285
516 292
516 320
516 324
516 327
516 333
516 335
516 337
516 338
516 353
516 356
516 388
516 391
516 399
516 401
516 420
516 452
516 465
516 477
516 518
516 525
516 529
516 530
516 580
516 582
516 593
516 644
516 651
516 653
516 655
516 657
516 670
516 674
516 676
516 708
516 711
516 715
516 719
516 721
516 772
516 779
516 783
516 785
516 836
516 839
516 843
516 849
516 896
516 903
516 911
516 913
516 925
516 967
516 971
516 975
516 977
516 1030
516 1035
516 1037
516 1039
516 1041
516 1092
516 1095
516 1099
516 1103
516 1105
516 1109
516 1124
516 1156
516 1158
516 1159
516 1167
516 1169
516 1182
516 1220
516 1222
516 1223
516 1227
516 1231
516 1233
517 214
517 325
517 389
517 453
517 552
517 581
517 645
517 709
517 786
518 4
518 6
518 7
518 14
518 15
518 17
518 29
518 68
518 70
518 78
518 81
518 93
518 100
518 134
518 135
518 142
518 157
518 196
518 198
518 206
518 221
518 260
518 262
518 270
518 271
518 273
518 285
518 324
518 326
518 327
518 333
518 334
518 335
518 337
518 338
518 349
518 353
518 388
518 390
518 398
518 401
518 413
518 454
518 462
518 465
518 477
518 516
518 525
518 526
518 529
518 530
518 541
518 582
518 590
518 593
518 605
518 644
518 646
518 651
518 654
518 655
518 657
518 669
518 670
518 708
518 710
518 711
518 715
518 718
518 719
518 721
518 733
518 774
518 779
518 782
518 783
518 785
518 797
518 836
518 838
518 843
518 846
518 849
518 861
518 902
518 910
518 911
518 925
518 966
518 967
518 974
518 977
518 989
518 1030
518 1035
518 1037
518 1038
518 1041
518 1053
518 1094
518 1095
518 1099
518 1102
518 1105
518 1117
518 1158
518 1159
518 1166
518 1169
518 1181
518 1220
518 1222
518 1223
518 1227
518 1231
518 1233
518 1245
519 36
519 64
519 71
519 77
519 102
519 132
519 143
519 164
519 199
519 205
519 207
519 210
519 261
519 292
519 327
519 356
519 391
519 397
519 417
519 420
519 452
519 455
519 463
519 527
519 581
519 583
519 591
519 647
519 653
519 673
519 674
519 678
519 711
519 717
519 768
519 772
519 775
519 804
519 847
519 868
519 896
519 900
519 903
519 907
519 964
519 971
519 975
519 981
519 1028
519 1031
519 1060
519 1124
519 1125
519 1156
519 1165
519 1167
519 1182
519 1243
519 1252
520 8
520 69
520 133
520 197
520 263
520 328
520 389
520 392
520 453
520 456
520 583
520 584
520 645
520 648
520 712
520 773
520 837
520 901
520 969
520 1029
520 1093
520 1161
520 1216
520 1224
521 202
521 329
521 393
521 457
521 585
521 649
521 713
521 1270
522 242
522 330
522 394
522 458
522 586
522 650
522 714
523 331
523 395
523 459
523 587
523 651
523 715
523 1057
524 109
524 234
524 332
524 345
524 380
524 396
524 460
524 588
524 652
524 716
524 918
524 1116
524 1144
525 4
525 6
525 7
525 13
525 14
525 15
525 17
525 68
525 70
525 78
525 81
525 93
525 97
525 100
525 102
525 134
525 135
525 142
525 157
525 196
525 198
525 199
525 206
525 207
525 209
525 260
525 261
525 262
525 270
525 271
525 273
525 285
525 292
525 320
525 324
525 326
525 327
525 333
525 335
525 337
525 338
525 353
525 356
525 388
525 390
525 391
525 397
525 399
525 401
525 452
525 454
525 461
525 465
525 477
525 516
525 518
525 529
525 530
525 541
525 582
525 589
525 593
525 605
525 644
525 646
525 651
525 653
525 655
525 657
525 670
525 676
525 708
525 710
525 711
525 715
525 717
525 719
525 721
525 772
525 774
525 779
525 783
525 785
525 836
525 838
525 839
525 843
525 849
525 861
525 896
525 902
525 903
525 911
525 913
525 925
525 967
525 975
525 977
525 989
525 1030
525 1035
525 1037
525 1039
525 1041
525 1092
525 1095
525 1099
525 1103
525 1105
525 1109
525 1124
525 1156
525 1158
525 1159
525 1167
525 1169
525 1220
525 1222
525 1223
525 1227
525 1231
525 1233
526 14
526 29
526 70
526 78
526 93
526 142
526 157
526 198
526 206
526 221
526 262
526 285
526 326
526 334
526 337
526 349
526 390
526 398
526 413
526 454
526 462
526 477
526 518
526 529
526 541
526 582
526 590
526 605
526 646
526 654
526 657
526 669
526 710
526 718
526 733
526 774
526 782
526 785
526 797
526 838
526 846
526 849
526 861
526 902
526 910
526 925
526 966
526 974
526 989
526 1030
526 1038
526 1053
526 1094
526 1102
526 1105
526 1117
526 1158
526 1166
526 1181
526 1222
526 1230
526 1233
526 1245
527 13
527 36
527 64
527 77
527 97
527 102
527 132
527 143
527 164
527 196
527 199
527 205
527 207
527 209
527 210
527 261
527 271
527 273
527 292
527 320
527 333
527 335
527 353
527 356
527 391
527 397
527 399
527 420
527 452
527 455
527 463
527 519
527 581
527 591
527 647
527 653
527 655
527 673
527 674
527 676
527 678
527 715
527 717
527 719
527 768
527 772
527 775
527 804
527 839
527 847
527 868
527 896
527 900
527 903
527 913
527 964
527 971
527 975
527 981
527 1028
527 1031
527 1037
527 1039
527 1060
527 1092
527 1103
527 1109
527 1124
527 1125
527 1156
527 1165
527 1167
527 1182
527 1243
527 1252
528 127
528 144
528 336
528 400
528 464
528 592
528 656
528 720
528 808
529 4
529 6
529 7
529 14
529 15
529 17
529 29
529 68
529 70
529 78
529 81
529 93
529 100
529 134
529 135
529 142
529 157
529 196
529 198
529 206
529 221
529 260
529 262
529 270
529 271
529 273
529 285
529 324
529 326
529 327
529 333
529 334
529 335
529 337
529 338
529 349
529 353
529 388
529 390
529 398
529 401
529 413
529 454
529 462
529 465
529 477
529 516
529 518
529 525
529 526
529 530
529 541
529 582
529 590
529 593
529 605
529 644
529 646
529 651
529 654
529 655
529 657
529 669
529 670
529 708
529 710
529 711
529 715
529 718
529 719
529 721
529 733
529 774
529 779
529 782
529 783
529 785
529 797
529 836
529 838
529 843
529 846
529 849
529 861
529 902
529 910
529 911
529 925
529 966
529 967
529 974
529 977
529 989
529 1030
529 1035
529 1037
529 1038
529 1041
529 1053
529 1094
529 1095
529 1099
529 1102
529 1105
529 1117
529 1158
529 1159
529 1166
529 1169
529 1181
529 1220
529 1222
529 1223
529 1227
529 1231
529 1233
529 1245
530 4
530 6
530 7
530 13
530 14
530 15
530 17
530 36
530 68
530 70
530 78
530 81
530 97
530 100
530 102
530 132
530 134
530 135
530 142
530 196
530 198
530 199
530 207
530 209
530 260
530 261
530 270
530 271
530 273
530 285
530 292
530 320
530 324
530 327
530 333
530 335
530 337
530 338
530 353
530 356
530 388
530 391
530 399
530 401
530 402
530 420
530 452
530 465
530 466
530 477
530 516
530 518
530 525
530 529
530 593
530 594
530 644
530 651
530 653
530 655
530 657
530 658
530 670
530 674
530 676
530 708
530 711
530 715
530 719
530 721
530 722
530 772
530 779
530 783
530 785
530 836
530 839
530 843
530 849
530 896
530 903
530 911
530 913
530 967
530 971
530 975
530 977
530 1030
530 1035
530 1037
530 1039
530 1041
530 1092
530 1095
530 1099
530 1103
530 1105
530 1109
530 1124
530 1156
530 1158
530 1159
530 1167
530 1169
530 1182
530 1220
530 1222
530 1223
530 1227
530 1231
530 1233
531 339
531 403
531 467
531 595
531 659
531 723
531 765
532 272
532 340
532 404
532 468
532 596
532 660
532 724
532 1002
533 341
533 405
533 469
533 547
533 597
533 661
533 725
534 339
534 342
534 406
534 470
534 598
534 662
534 726
535 195
535 343
535 407
535 471
535 578
535 599
535 663
535 727
535 813
535 1034
536 344
536 408
536 472
536 600
536 617
536 664
536 728
536 879
536 1148
537 32
537 345
537 409
537 473
537 601
537 665
537 729
537 735
538 306
538 346
538 409
538 410
538 474
538 602
538 666
538 679
538 730
539 237
539 347
539 348
539 350
539 411
539 475
539 603
539 667
539 731
539 834
539 887
540 348
540 412
540 476
540 604
540 668
540 732
541 4
541 6
541 7
541 14
541 15
541 17
541 29
541 68
541 70
541 78
541 81
541 93
541 142
541 157
541 198
541 206
541 221
541 262
541 285
541 324
541 326
541 334
541 337
541 349
541 390
541 398
541 401
541 413
541 454
541 462
541 465
541 477
541 518
541 525
541 526
541 529
541 582
541 590
541 593
541 605
541 644
541 646
541 654
541 655
541 657
541 669
541 670
541 708
541 710
541 718
541 719
541 721
541 733
541 774
541 779
541 782
541 785
541 797
541 836
541 838
541 846
541 849
541 861
541 902
541 910
541 911
541 925
541 966
541 967
541 974
541 989
541 1030
541 1035
541 1038
541 1041
541 1053
541 1094
541 1095
541 1099
541 1102
541 1105
541 1117
541 1158
541 1166
541 1169
541 1181
541 1220
541 1222
541 1223
541 1227
541 1230
541 1233
541 1245
542 89
542 311
542 350
542 414
542 478
542 606
542 670
542 734
543 280
543 336
543 351
543 415
543 479
543 607
543 671
543 735
544 352
544 416
544 480
544 608
544 672
544 736
545 353
545 417
545 481
545 609
545 673
545 737
546 268
546 354
546 418
546 459
546 482
546 610
546 674
546 738
547 355
547 419
547 483
547 533
547 611
547 675
547 739
548 356
548 420
548 484
548 612
548 676
548 740
548 796
549 357
549 421
549 485
549 613
549 677
549 741
549 798
550 358
550 422
550 486
550 614
550 678
550 742
551 359
551 361
551 423
551 436
551 487
551 601
551 615
551 679
551 743
551 818
551 860
551 908
551 1153
552 214
552 360
552 424
552 488
552 517
552 616
552 680
552 744
552 786
553 361
553 425
553 489
553 617
553 681
553 745
553 1242
554 362
554 426
554 490
554 618
554 682
554 746
554 883
555 363
555 427
555 491
555 619
555 683
555 747
556 364
556 428
556 492
556 620
556 684
556 748
557 365
557 429
557 483
557 493
557 621
557 685
557 749
557 784
558 366
558 430
558 494
558 622
558 639
558 686
558 728
558 750
558 954
559 367
559 431
559 495
559 623
559 687
559 751
560 45
560 63
560 300
560 368
560 432
560 496
560 624
560 688
560 752
561 61
561 369
561 433
561 497
561 625
561 689
561 753
561 949
561 1066
562 106
562 370
562 434
562 498
562 626
562 690
562 736
562 754
563 371
563 435
563 499
563 627
563 691
563 755
564 372
564 436
564 500
564 628
564 692
564 706
564 723
564 756
564 1178
565 373
565 437
565 501
565 629
565 693
565 757
566 75
566 374
566 438
566 502
566 630
566 694
566 758
566 968
567 92
567 375
567 439
567 503
567 631
567 695
567 759
567 994
568 236
568 376
568 440
568 504
568 632
568 696
568 760
569 162
569 377
569 428
569 441
569 505
569 633
569 643
569 697
569 761
569 817
569 980
569 1017
569 1027
570 378
570 442
570 506
570 595
570 634
570 698
570 762
571 321
571 379
571 443
571 507
571 635
571 699
571 763
572 380
572 444
572 508
572 636
572 700
572 764
573 381
573 445
573 509
573 637
573 701
573 739
573 765
574 255
574 382
574 446
574 510
574 638
574 702
574 761
574 766
574 984
575 383
575 447
575 511
575 639
575 703
575 767
575 1075
576 384
576 448
576 512
576 640
576 704
576 768
576 1042
577 151
577 385
577 449
577 513
577 598
577 641
577 705
577 769
578 195
578 386
578 450
578 514
578 535
578 642
578 706
578 770
578 813
578 1034
579 387
579 451
579 471
579 515
579 643
579 707
579 771
579 820
579 886
580 388
580 452
580 516
580 644
580 708
580 772
581 36
581 64
581 71
581 77
581 102
581 132
581 143
581 164
581 199
581 205
581 207
581 210
581 261
581 292
581 356
581 389
581 391
581 397
581 417
581 420
581 452
581 453
581 455
581 463
581 517
581 519
581 527
581 591
581 645
581 647
581 653
581 673
581 674
581 678
581 709
581 717
581 768
581 772
581 773
581 775
581 804
581 847
581 868
581 896
581 900
581 903
581 907
581 964
581 971
581 975
581 981
581 1028
581 1031
581 1060
581 1092
581 1124
581 1125
581 1156
581 1165
581 1167
581 1182
581 1243
581 1252
582 4
582 6
582 7
582 14
582 15
582 17
582 29
582 68
582 70
582 78
582 81
582 93
582 100
582 134
582 135
582 142
582 157
582 198
582 206
582 221
582 260
582 262
582 270
582 285
582 324
582 326
582 327
582 334
582 337
582 338
582 349
582 390
582 398
582 401
582 413
582 454
582 462
582 465
582 477
582 516
582 518
582 525
582 526
582 529
582 541
582 590
582 593
582 605
582 644
582 646
582 654
582 655
582 657
582 669
582 670
582 708
582 710
582 718
582 719
582 721
582 733
582 774
582 779
582 782
582 783
582 785
582 797
582 836
582 838
582 843
582 846
582 849
582 861
582 902
582 910
582 911
582 925
582 966
582 967
582 974
582 977
582 989
582 1030
582 1035
582 1038
582 1041
582 1053
582 1094
582 1095
582 1099
582 1102
582 1105
582 1117
582 1158
582 1159
582 1166
582 1169
582 1181
582 1220
582 1222
582 1223
582 1227
582 1230
582 1233
582 1245
583 8
583 69
583 133
583 197
583 263
583 328
583 389
583 391
583 453
583 455
583 519
583 520
583 645
583 647
583 711
583 712
583 773
583 775
583 837
583 901
583 969
583 1029
583 1093
583 1161
583 1216
583 1224
584 108
584 121
584 392
584 456
584 520
584 648
584 712
584 776
585 393
585 457
585 521
585 649
585 713
585 777
585 841
586 394
586 458
586 522
586 650
586 714
586 778
586 1238
587 395
587 459
587 523
587 640
587 651
587 715
587 779
588 51
588 396
588 460
588 524
588 652
588 684
588 716
588 780
588 1086
589 397
589 461
589 525
589 653
589 717
589 781
590 14
590 29
590 70
590 78
590 93
590 142
590 157
590 198
590 206
590 221
590 262
590 285
590 326
590 334
590 337
590 349
590 390
590 398
590 401
590 413
590 454
590 462
590 465
590 477
590 518
590 526
590 529
590 541
590 582
590 605
590 646
590 654
590 657
590 669
590 710
590 718
590 733
590 774
590 779
590 782
590 785
590 797
590 838
590 846
590 849
590 861
590 902
590 910
590 925
590 966
590 974
590 989
590 1030
590 1038
590 1053
590 1094
590 1099
590 1102
590 1105
590 1117
590 1158
590 1166
590 1181
590 1222
590 1223
590 1227
590 1230
590 1233
590 1245
591 36
591 64
591 71
591 77
591 94
591 132
591 143
591 164
591 192
591 205
591 210
591 292
591 356
591 384
591 397
591 399
591 417
591 420
591 455
591 463
591 519
591 527
591 581
591 647
591 653
591 655
591 673
591 674
591 678
591 717
591 719
591 768
591 775
591 783
591 804
591 847
591 868
591 900
591 907
591 917
591 964
591 971
591 981
591 1028
591 1031
591 1060
591 1125
591 1165
591 1182
591 1243
591 1252
592 400
592 464
592 528
592 656
592 720
592 784
593 4
593 6
593 7
593 13
593 14
593 15
593 17
593 29
593 68
593 70
593 78
593 81
593 93
593 97
593 100
593 102
593 134
593 135
593 142
593 157
593 196
593 198
593 199
593 206
593 209
593 221
593 260
593 261
593 262
593 270
593 271
593 273
593 285
593 320
593 324
593 326
593 327
593 333
593 335
593 337
593 338
593 349
593 353
593 388
593 390
593 391
593 399
593 401
593 413
593 452
593 454
593 465
593 477
593 516
593 518
593 525
593 529
593 530
593 541
593 582
593 605
593 644
593 646
593 651
593 655
593 657
593 670
593 676
593 708
593 710
593 711
593 715
593 719
593 721
593 733
593 772
593 774
593 779
593 783
593 785
593 836
593 838
593 839
593 843
593 849
593 861
593 902
593 903
593 910
593 911
593 913
593 925
593 966
593 967
593 975
593 977
593 989
593 1030
593 1035
593 1037
593 1039
593 1041
593 1053
593 1092
593 1094
593 1095
593 1099
593 1103
593 1105
593 1109
593 1117
593 1124
593 1156
593 1158
593 1159
593 1167
593 1169
593 1181
593 1220
593 1222
593 1223
593 1227
593 1231
593 1233
594 402
594 466
594 530
594 658
594 722
594 786
595 403
595 467
595 531
595 570
595 659
595 723
595 787
596 404
596 468
596 532
596 625
596 660
596 724
596 788
596 983
597 405
597 469
597 533
597 661
597 725
597 789
598 151
598 406
598 470
598 534
598 577
598 662
598 726
598 790
599 407
599 471
599 535
599 663
599 727
599 791
599 1193
600 275
600 363
600 408
600 472
600 536
600 664
600 728
600 792
601 361
601 409
601 436
601 473
601 537
601 551
601 665
601 729
601 793
601 818
601 860
601 908
601 1153
602 410
602 474
602 538
602 666
602 687
602 730
602 753
602 794
602 976
602 1036
603 35
603 411
603 475
603 539
603 667
603 731
603 795
604 412
604 476
604 540
604 668
604 732
604 796
605 4
605 6
605 7
605 14
605 15
605 17
605 29
605 68
605 70
605 78
605 81
605 93
605 100
605 134
605 135
605 142
605 157
605 198
605 206
605 221
605 262
605 285
605 324
605 326
605 327
605 334
605 337
605 349
605 390
605 398
605 401
605 413
605 454
605 462
605 465
605 477
605 518
605 525
605 526
605 529
605 541
605 582
605 590
605 593
605 644
605 646
605 654
605 655
605 657
605 669
605 670
605 708
605 710
605 718
605 719
605 721
605 733
605 774
605 779
605 782
605 785
605 797
605 836
605 838
605 843
605 846
605 849
605 861
605 902
605 910
605 911
605 925
605 966
605 967
605 974
605 977
605 989
605 1030
605 1035
605 1038
605 1041
605 1053
605 1094
605 1095
605 1099
605 1102
605 1105
605 1117
605 1158
605 1166
605 1169
605 1181
605 1220
605 1222
605 1223
605 1227
605 1230
605 1233
605 1245
606 414
606 422
606 478
606 542
606 670
606 734
606 798
606 928
606 1088
607 41
607 415
607 425
607 479
607 543
607 671
607 735
607 799
607 894
608 416
608 480
608 544
608 672
608 736
608 800
608 937
609 417
609 481
609 545
609 673
609 737
609 801
610 232
610 418
610 482
610 546
610 674
610 738
610 802
611 419
611 483
611 547
611 675
611 739
611 803
612 420
612 484
612 548
612 676
612 740
612 804
613 219
613 421
613 466
613 485
613 549
613 677
613 696
613 741
613 805
613 833
613 854
614 265
614 422
614 486
614 550
614 678
614 742
614 806
615 84
615 423
615 424
615 487
615 551
615 679
615 743
615 807
615 812
616 424
616 488
616 552
616 680
616 744
616 808
617 425
617 489
617 536
617 553
617 681
617 745
617 809
617 879
617 1148
618 426
618 490
618 554
618 682
618 746
618 810
618 890
619 427
619 491
619 555
619 683
619 747
619 811
619 1135
620 428
620 492
620 556
620 684
620 748
620 812
621 429
621 493
621 557
621 685
621 749
621 813
622 122
622 430
622 494
622 558
622 686
622 688
622 750
622 814
622 1203
623 112
623 431
623 495
623 559
623 687
623 751
623 815
623 889
624 432
624 433
624 496
624 560
624 688
624 752
624 816
624 943
625 433
625 497
625 561
625 596
625 689
625 753
625 817
625 983
626 434
626 498
626 562
626 690
626 754
626 818
626 851
627 88
627 400
627 435
627 464
627 498
627 499
627 563
627 691
627 755
627 819
628 436
628 500
628 564
628 692
628 756
628 820
629 437
629 501
629 565
629 693
629 757
629 821
629 825
630 438
630 502
630 566
630 694
630 758
630 822
630 893
631 98
631 439
631 503
631 567
631 695
631 743
631 759
631 823
631 1114
632 58
632 440
632 504
632 568
632 637
632 696
632 760
632 824
632 915
632 1074
633 441
633 505
633 569
633 697
633 761
633 825
634 442
634 506
634 570
634 698
634 762
634 826
635 443
635 444
635 507
635 571
635 699
635 763
635 827
636 44
636 181
636 444
636 508
636 572
636 700
636 764
636 828
637 58
637 445
637 509
637 573
637 632
637 701
637 765
637 829
637 915
637 1074
638 446
638 510
638 574
638 702
638 766
638 830
639 447
639 511
639 558
639 575
639 703
639 728
639 767
639 831
639 954
640 448
640 512
640 576
640 587
640 704
640 768
640 832
641 449
641 513
641 577
641 705
641 769
641 833
641 1138
642 395
642 450
642 514
642 578
642 706
642 770
642 834
642 961
643 162
643 428
643 451
643 515
643 569
643 579
643 707
643 771
643 817
643 835
643 980
643 1017
643 1027
644 4
644 6
644 7
644 13
644 14
644 15
644 17
644 29
644 68
644 70
644 78
644 81
644 93
644 97
644 100
644 134
644 135
644 142
644 157
644 196
644 198
644 199
644 206
644 209
644 221
644 260
644 261
644 262
644 270
644 271
644 273
644 285
644 320
644 324
644 326
644 327
644 333
644 335
644 337
644 338
644 349
644 353
644 388
644 390
644 391
644 398
644 399
644 401
644 413
644 452
644 454
644 462
644 465
644 477
644 516
644 518
644 525
644 529
644 530
644 541
644 580
644 582
644 593
644 605
644 646
644 651
644 655
644 657
644 670
644 676
644 708
644 710
644 711
644 715
644 719
644 721
644 733
644 772
644 774
644 779
644 783
644 785
644 797
644 836
644 838
644 839
644 843
644 846
644 849
644 861
644 902
644 903
644 910
644 911
644 913
644 925
644 966
644 967
644 974
644 975
644 977
644 989
644 1030
644 1035
644 1037
644 1039
644 1041
644 1053
644 1092
644 1094
644 1095
644 1099
644 1103
644 1105
644 1109
644 1117
644 1158
644 1159
644 1167
644 1169
644 1181
644 1220
644 1222
644 1223
644 1227
644 1231
644 1233
645 8
645 69
645 133
645 197
645 263
645 328
645 389
645 453
645 517
645 520
645 581
645 583
645 709
645 712
645 773
645 837
645 901
645 969
645 1029
645 1093
645 1161
645 1216
645 1224
646 4
646 6
646 7
646 14
646 15
646 17
646 29
646 68
646 70
646 78
646 81
646 93
646 100
646 134
646 135
646 142
646 157
646 198
646 206
646 221
646 262
646 285
646 324
646 326
646 327
646 334
646 337
646 349
646 390
646 398
646 401
646 413
646 454
646 462
646 465
646 477
646 518
646 525
646 526
646 529
646 541
646 582
646 590
646 593
646 605
646 644
646 654
646 655
646 657
646 669
646 670
646 708
646 710
646 718
646 719
646 721
646 733
646 774
646 779
646 782
646 785
646 797
646 836
646 838
646 846
646 849
646 861
646 902
646 910
646 911
646 925
646 966
646 967
646 974
646 977
646 989
646 1030
646 1035
646 1038
646 1041
646 1053
646 1094
646 1095
646 1099
646 1102
646 1105
646 1117
646 1158
646 1166
646 1169
646 1181
646 1220
646 1222
646 1223
646 1227
646 1230
646 1233
646 1245
647 36
647 64
647 71
647 77
647 102
647 132
647 143
647 164
647 199
647 205
647 207
647 210
647 261
647 292
647 356
647 397
647 417
647 420
647 452
647 455
647 463
647 519
647 527
647 581
647 583
647 591
647 653
647 673
647 674
647 678
647 711
647 717
647 768
647 772
647 775
647 804
647 839
647 847
647 868
647 896
647 900
647 907
647 964
647 971
647 981
647 1028
647 1031
647 1060
647 1124
647 1125
647 1156
647 1165
647 1182
647 1243
647 1252
648 456
648 520
648 584
648 712
648 776
648 840
649 457
649 521
649 585
649 713
649 777
649 841
649 864
650 458
650 504
650 522
650 586
650 714
650 729
650 778
650 842
651 4
651 6
651 7
651 13
651 14
651 15
651 17
651 36
651 68
651 70
651 78
651 81
651 97
651 100
651 102
651 132
651 134
651 135
651 142
651 196
651 198
651 199
651 207
651 209
651 260
651 261
651 270
651 271
651 273
651 285
651 292
651 320
651 324
651 327
651 333
651 335
651 337
651 338
651 353
651 356
651 388
651 391
651 399
651 401
651 420
651 452
651 459
651 465
651 477
651 516
651 518
651 523
651 525
651 529
651 530
651 587
651 593
651 644
651 653
651 655
651 657
651 670
651 674
651 676
651 708
651 711
651 715
651 719
651 721
651 772
651 779
651 783
651 785
651 836
651 839
651 843
651 849
651 896
651 903
651 911
651 913
651 967
651 971
651 975
651 977
651 1030
651 1035
651 1037
651 1039
651 1041
651 1092
651 1095
651 1099
651 1103
651 1105
651 1109
651 1124
651 1156
651 1158
651 1159
651 1167
651 1169
651 1182
651 1220
651 1222
651 1223
651 1227
651 1231
651 1233
652 226
652 460
652 524
652 588
652 716
652 780
652 844
652 1056
652 1269
653 7
653 13
653 36
653 64
653 68
653 77
653 97
653 100
653 102
653 132
653 134
653 135
653 143
653 164
653 196
653 199
653 205
653 207
653 209
653 260
653 261
653 270
653 271
653 273
653 292
653 320
653 327
653 333
653 335
653 338
653 353
653 356
653 388
653 391
653 397
653 399
653 420
653 452
653 455
653 461
653 463
653 516
653 519
653 525
653 527
653 530
653 581
653 589
653 591
653 647
653 651
653 673
653 674
653 676
653 678
653 711
653 715
653 717
653 719
653 768
653 772
653 775
653 781
653 783
653 804
653 839
653 843
653 845
653 847
653 896
653 903
653 911
653 913
653 964
653 971
653 975
653 977
653 981
653 1031
653 1035
653 1037
653 1039
653 1060
653 1092
653 1103
653 1109
653 1124
653 1125
653 1156
653 1159
653 1165
653 1167
653 1182
653 1220
653 1231
653 1243
653 1252
654 14
654 29
654 93
654 157
654 198
654 206
654 221
654 262
654 285
654 326
654 334
654 337
654 349
654 390
654 398
654 413
654 454
654 462
654 518
654 526
654 529
654 541
654 582
654 590
654 605
654 646
654 669
654 710
654 718
654 733
654 774
654 782
654 797
654 838
654 846
654 849
654 861
654 902
654 910
654 925
654 966
654 974
654 989
654 1030
654 1038
654 1053
654 1094
654 1102
654 1117
654 1158
654 1166
654 1181
654 1222
654 1230
654 1233
654 1245
655 4
655 6
655 7
655 13
655 14
655 15
655 17
655 29
655 68
655 70
655 78
655 81
655 93
655 97
655 100
655 134
655 135
655 142
655 157
655 196
655 198
655 199
655 206
655 209
655 221
655 260
655 261
655 262
655 270
655 271
655 273
655 285
655 320
655 324
655 326
655 327
655 333
655 335
655 337
655 338
655 349
655 353
655 388
655 390
655 391
655 398
655 399
655 401
655 413
655 452
655 454
655 462
655 463
655 465
655 477
655 516
655 518
655 525
655 527
655 529
655 530
655 541
655 582
655 591
655 593
655 605
655 644
655 646
655 651
655 657
655 670
655 676
655 708
655 710
655 711
655 715
655 719
655 721
655 733
655 774
655 779
655 783
655 785
655 797
655 836
655 838
655 839
655 843
655 846
655 847
655 849
655 861
655 902
655 903
655 910
655 911
655 913
655 925
655 966
655 967
655 974
655 975
655 977
655 989
655 1030
655 1035
655 1037
655 1039
655 1041
655 1053
655 1092
655 1094
655 1095
655 1099
655 1103
655 1105
655 1109
655 1117
655 1158
655 1159
655 1167
655 1169
655 1181
655 1220
655 1222
655 1223
655 1227
655 1231
655 1233
656 464
656 528
656 592
656 720
656 784
656 848
657 4
657 6
657 7
657 13
657 14
657 15
657 17
657 29
657 68
657 70
657 78
657 81
657 93
657 97
657 100
657 134
657 135
657 142
657 157
657 196
657 198
657 206
657 209
657 221
657 260
657 262
657 270
657 271
657 273
657 285
657 320
657 324
657 326
657 327
657 333
657 334
657 335
657 337
657 338
657 349
657 353
657 388
657 390
657 398
657 401
657 413
657 454
657 462
657 465
657 477
657 516
657 518
657 525
657 526
657 529
657 530
657 541
657 582
657 590
657 593
657 605
657 644
657 646
657 651
657 655
657 669
657 670
657 676
657 708
657 710
657 711
657 715
657 719
657 721
657 733
657 774
657 779
657 783
657 785
657 797
657 836
657 838
657 839
657 843
657 846
657 849
657 861
657 902
657 910
657 911
657 925
657 966
657 967
657 974
657 977
657 989
657 1030
657 1035
657 1037
657 1038
657 1039
657 1041
657 1053
657 1094
657 1095
657 1099
657 1102
657 1103
657 1105
657 1117
657 1158
657 1159
657 1166
657 1169
657 1181
657 1220
657 1222
657 1223
657 1227
657 1231
657 1233
657 1245
658 466
658 512
658 530
658 594
658 722
658 786
658 850
659 467
659 531
659 595
659 691
659 723
659 787
659 851
659 1186
660 468
660 532
660 596
660 724
660 788
660 852
660 920
660 1079
661 469
661 533
661 597
661 725
661 789
661 853
662 71
662 94
662 192
662 210
662 358
662 384
662 417
662 470
662 534
662 598
662 726
662 790
662 854
662 868
662 907
662 917
662 1028
662 1254
663 471
663 535
663 599
663 727
663 791
663 855
663 1255
664 166
664 472
664 536
664 600
664 728
664 792
664 856
664 1026
665 473
665 537
665 601
665 729
665 793
665 857
666 34
666 251
666 323
666 474
666 538
666 602
666 730
666 794
666 858
667 82
667 475
667 539
667 603
667 731
667 795
667 859
667 1096
667 1188
668 86
668 229
668 476
668 540
668 604
668 732
668 796
668 860
668 997
668 1249
669 14
669 29
669 70
669 78
669 93
669 142
669 157
669 198
669 206
669 221
669 262
669 285
669 326
669 334
669 337
669 349
669 390
669 398
669 401
669 413
669 454
669 462
669 465
669 477
669 518
669 526
669 529
669 541
669 582
669 590
669 605
669 646
669 654
669 657
669 710
669 718
669 733
669 774
669 779
669 782
669 785
669 797
669 838
669 846
669 849
669 861
669 902
669 910
669 925
669 966
669 974
669 989
669 1030
669 1038
669 1053
669 1094
669 1099
669 1102
669 1105
669 1117
669 1158
669 1166
669 1181
669 1222
669 1223
669 1227
669 1230
669 1233
669 1245
670 4
670 6
670 7
670 13
670 14
670 15
670 17
670 29
670 68
670 70
670 78
670 81
670 93
670 97
670 100
670 102
670 134
670 135
670 142
670 157
670 196
670 198
670 199
670 206
670 209
670 221
670 260
670 261
670 262
670 270
670 271
670 273
670 285
670 320
670 324
670 326
670 327
670 333
670 335
670 337
670 338
670 349
670 353
670 388
670 390
670 391
670 399
670 401
670 413
670 452
670 454
670 465
670 477
670 478
670 516
670 518
670 525
670 529
670 530
670 541
670 542
670 582
670 593
670 605
670 606
670 644
670 646
670 651
670 655
670 657
670 676
670 708
670 710
670 711
670 715
670 719
670 721
670 733
670 734
670 772
670 774
670 779
670 783
670 785
670 798
670 836
670 838
670 839
670 843
670 849
670 861
670 862
670 896
670 902
670 903
670 910
670 911
670 913
670 925
670 966
670 967
670 975
670 977
670 989
670 1030
670 1035
670 1037
670 1039
670 1041
670 1053
670 1092
670 1094
670 1095
670 1099
670 1103
670 1105
670 1109
670 1124
670 1156
670 1158
670 1159
670 1167
670 1169
670 1181
670 1220
670 1222
670 1223
670 1227
670 1231
670 1233
671 479
671 543
671 607
671 735
671 799
671 863
672 480
672 544
672 608
672 736
672 800
672 864
672 1032
673 13
673 36
673 64
673 77
673 97
673 102
673 132
673 143
673 164
673 196
673 199
673 205
673 207
673 209
673 210
673 261
673 271
673 292
673 320
673 356
673 391
673 397
673 399
673 420
673 452
673 455
673 463
673 481
673 519
673 527
673 545
673 581
673 591
673 609
673 647
673 653
673 674
673 676
673 678
673 717
673 737
673 768
673 772
673 775
673 801
673 804
673 839
673 847
673 865
673 868
673 896
673 900
673 903
673 913
673 964
673 971
673 975
673 981
673 1028
673 1031
673 1037
673 1039
673 1060
673 1092
673 1103
673 1109
673 1124
673 1125
673 1156
673 1165
673 1167
673 1182
673 1243
673 1252
674 13
674 36
674 64
674 77
674 97
674 100
674 102
674 132
674 134
674 135
674 143
674 164
674 196
674 199
674 205
674 207
674 209
674 260
674 261
674 270
674 271
674 273
674 292
674 320
674 327
674 333
674 335
674 338
674 353
674 356
674 388
674 391
674 397
674 399
674 420
674 452
674 455
674 463
674 482
674 516
674 519
674 527
674 530
674 546
674 581
674 591
674 610
674 647
674 651
674 653
674 673
674 676
674 678
674 711
674 715
674 717
674 738
674 768
674 772
674 775
674 783
674 802
674 804
674 839
674 843
674 847
674 866
674 896
674 900
674 903
674 913
674 964
674 971
674 975
674 981
674 1031
674 1037
674 1039
674 1060
674 1092
674 1103
674 1109
674 1124
674 1125
674 1156
674 1159
674 1165
674 1167
674 1182
674 1231
674 1243
674 1252
675 483
675 547
675 611
675 739
675 803
675 867
676 4
676 6
676 7
676 13
676 15
676 17
676 36
676 68
676 70
676 78
676 81
676 97
676 100
676 102
676 132
676 134
676 135
676 142
676 143
676 164
676 196
676 199
676 205
676 207
676 209
676 260
676 261
676 270
676 271
676 273
676 292
676 320
676 324
676 327
676 333
676 335
676 338
676 353
676 356
676 388
676 391
676 397
676 399
676 401
676 420
676 452
676 455
676 465
676 484
676 516
676 525
676 527
676 530
676 548
676 593
676 612
676 644
676 651
676 653
676 655
676 657
676 670
676 673
676 674
676 678
676 708
676 711
676 715
676 719
676 721
676 740
676 772
676 779
676 783
676 785
676 804
676 836
676 839
676 843
676 847
676 868
676 896
676 903
676 911
676 913
676 967
676 971
676 975
676 977
676 1035
676 1037
676 1039
676 1041
676 1092
676 1095
676 1099
676 1103
676 1105
676 1109
676 1124
676 1125
676 1156
676 1159
676 1167
676 1169
676 1182
676 1220
676 1223
676 1227
676 1231
677 72
677 485
677 549
677 613
677 741
677 805
677 869
677 988
678 13
678 36
678 64
678 77
678 97
678 102
678 132
678 143
678 164
678 196
678 199
678 205
678 207
678 209
678 210
678 261
678 271
678 273
678 292
678 320
678 333
678 335
678 353
678 356
678 391
678 397
678 399
678 420
678 452
678 455
678 463
678 486
678 519
678 527
678 550
678 581
678 591
678 614
678 647
678 653
678 673
678 674
678 676
678 715
678 717
678 742
678 768
678 772
678 775
678 804
678 806
678 839
678 847
678 868
678 870
678 896
678 900
678 903
678 913
678 964
678 971
678 975
678 981
678 1028
678 1031
678 1037
678 1039
678 1060
678 1092
678 1103
678 1109
678 1124
678 1125
678 1156
678 1165
678 1167
678 1182
678 1243
678 1252
679 306
679 409
679 487
679 538
679 551
679 615
679 743
679 807
679 871
680 488
680 552
680 616
680 744
680 808
680 872
680 906
680 1110
681 489
681 553
681 617
681 745
681 809
681 873
682 490
682 554
682 618
682 746
682 810
682 874
682 1250
683 491
683 555
683 619
683 747
683 756
683 811
683 875
683 1069
684 51
684 492
684 556
684 588
684 620
684 748
684 812
684 876
684 1086
685 404
685 493
685 557
685 621
685 749
685 813
685 877
686 252
686 494
686 558
686 622
686 750
686 814
686 878
686 1005
686 1240
687 495
687 559
687 602
687 623
687 751
687 753
687 815
687 879
687 976
687 1036
688 122
688 496
688 560
688 622
688 624
688 752
688 816
688 880
688 1203
689 497
689 561
689 625
689 753
689 817
689 881
690 130
690 498
690 562
690 626
690 754
690 818
690 882
691 499
691 563
691 627
691 659
691 755
691 819
691 883
691 1186
692 500
692 564
692 628
692 756
692 820
692 884
693 501
693 565
693 629
693 757
693 821
693 844
693 873
693 885
693 982
693 1078
693 1150
694 278
694 310
694 502
694 566
694 630
694 758
694 822
694 885
694 886
694 1211
695 503
695 567
695 631
695 759
695 823
695 887
695 970
696 219
696 466
696 504
696 568
696 613
696 632
696 760
696 824
696 833
696 854
696 888
697 505
697 569
697 633
697 761
697 825
697 889
697 1168
698 506
698 570
698 634
698 762
698 826
698 890
698 1047
699 507
699 571
699 635
699 763
699 827
699 891
700 508
700 572
700 636
700 732
700 764
700 792
700 828
700 892
700 1013
701 509
701 573
701 637
701 765
701 829
701 893
702 115
702 510
702 574
702 638
702 766
702 830
702 894
702 1048
703 301
703 318
703 511
703 575
703 639
703 767
703 831
703 895
703 1081
704 512
704 576
704 640
704 768
704 832
704 896
705 118
705 387
705 513
705 577
705 641
705 769
705 833
705 897
705 1189
706 514
706 564
706 578
706 642
706 723
706 770
706 834
706 898
706 1178
707 515
707 579
707 643
707 771
707 835
707 899
707 1149
708 4
708 6
708 7
708 13
708 14
708 15
708 17
708 29
708 68
708 70
708 78
708 81
708 93
708 97
708 100
708 102
708 134
708 135
708 142
708 157
708 196
708 198
708 199
708 206
708 207
708 209
708 260
708 261
708 262
708 270
708 271
708 273
708 285
708 320
708 324
708 326
708 327
708 333
708 335
708 337
708 338
708 353
708 388
708 390
708 391
708 399
708 401
708 413
708 452
708 454
708 465
708 477
708 516
708 518
708 525
708 529
708 530
708 541
708 580
708 582
708 593
708 605
708 644
708 646
708 651
708 655
708 657
708 670
708 676
708 710
708 711
708 715
708 719
708 721
708 733
708 772
708 774
708 779
708 783
708 785
708 836
708 838
708 839
708 843
708 849
708 861
708 896
708 900
708 902
708 903
708 911
708 913
708 925
708 966
708 967
708 975
708 977
708 989
708 1030
708 1035
708 1037
708 1039
708 1041
708 1092
708 1094
708 1095
708 1099
708 1103
708 1105
708 1109
708 1124
708 1156
708 1158
708 1159
708 1167
708 1169
708 1181
708 1220
708 1222
708 1223
708 1227
708 1231
708 1233
709 517
709 581
709 645
709 773
709 837
709 901
710 4
710 6
710 7
710 14
710 15
710 17
710 29
710 68
710 70
710 78
710 81
710 93
710 100
710 134
710 135
710 142
710 157
710 198
710 206
710 221
710 262
710 285
710 324
710 326
710 327
710 334
710 337
710 349
710 390
710 398
710 401
710 413
710 454
710 462
710 465
710 477
710 518
710 525
710 526
710 529
710 541
710 582
710 590
710 593
710 605
710 644
710 646
710 654
710 655
710 657
710 669
710 670
710 708
710 718
710 719
710 721
710 733
710 774
710 779
710 782
710 785
710 797
710 836
710 838
710 846
710 849
710 861
710 902
710 910
710 911
710 925
710 966
710 967
710 974
710 977
710 989
710 1030
710 1035
710 1038
710 1041
710 1053
710 1094
710 1095
710 1099
710 1102
710 1105
710 1117
710 1158
710 1166
710 1169
710 1181
710 1220
710 1222
710 1223
710 1227
710 1230
710 1233
710 1245
711 4
711 6
711 7
711 13
711 14
711 15
711 17
711 36
711 68
711 70
711 78
711 81
711 97
711 100
711 102
711 132
711 134
711 135
711 142
711 196
711 198
711 199
711 207
711 209
711 260
711 261
711 270
711 271
711 273
711 285
711 292
711 320
711 324
711 327
711 333
711 335
711 337
711 338
711 353
711 356
711 388
711 391
711 399
711 401
711 420
711 452
711 465
711 477
711 516
711 518
711 519
711 525
711 529
711 530
711 583
711 593
711 644
711 647
711 651
711 653
711 655
711 657
711 670
711 674
711 676
711 708
711 715
711 719
711 721
711 772
711 775
711 779
711 783
711 785
711 836
711 839
711 843
711 849
711 896
711 903
711 911
711 913
711 967
711 971
711 975
711 977
711 1030
711 1035
711 1037
711 1039
711 1041
711 1092
711 1095
711 1099
711 1103
711 1105
711 1109
711 1124
711 1156
711 1158
711 1159
711 1167
711 1169
711 1182
711 1220
711 1222
711 1223
711 1227
711 1231
711 1233
712 8
712 69
712 133
712 197
712 263
712 328
712 389
712 453
712 520
712 583
712 584
712 645
712 648
712 773
712 776
712 837
712 840
712 901
712 904
712 969
712 1029
712 1093
712 1161
712 1216
712 1224
713 521
713 585
713 649
713 777
713 841
713 905
714 522
714 586
714 650
714 778
714 842
714 906
715 4
715 6
715 7
715 13
715 14
715 15
715 17
715 36
715 68
715 70
715 78
715 81
715 97
715 100
715 102
715 132
715 134
715 135
715 142
715 143
715 196
715 198
715 199
715 207
715 209
715 260
715 261
715 270
715 271
715 273
715 285
715 292
715 320
715 324
715 327
715 333
715 335
715 337
715 338
715 353
715 356
715 388
715 391
715 399
715 401
715 420
715 452
715 455
715 465
715 477
715 516
715 518
715 523
715 525
715 527
715 529
715 530
715 587
715 593
715 644
715 651
715 653
715 655
715 657
715 670
715 674
715 676
715 678
715 708
715 711
715 719
715 721
715 772
715 779
715 783
715 785
715 836
715 839
715 843
715 849
715 896
715 903
715 907
715 911
715 913
715 967
715 971
715 975
715 977
715 1030
715 1035
715 1037
715 1039
715 1041
715 1092
715 1095
715 1099
715 1103
715 1105
715 1109
715 1124
715 1156
715 1158
715 1159
715 1167
715 1169
715 1182
715 1220
715 1222
715 1223
715 1227
715 1231
715 1233
716 178
716 524
716 588
716 652
716 780
716 844
716 908
717 36
717 64
717 71
717 77
717 132
717 143
717 164
717 192
717 205
717 207
717 210
717 292
717 356
717 397
717 417
717 420
717 455
717 463
717 519
717 525
717 527
717 581
717 589
717 591
717 647
717 653
717 673
717 674
717 678
717 768
717 772
717 775
717 781
717 804
717 845
717 847
717 868
717 896
717 900
717 907
717 909
717 964
717 971
717 981
717 1028
717 1031
717 1060
717 1124
717 1125
717 1165
717 1182
717 1243
717 1252
718 14
718 29
718 93
718 157
718 198
718 206
718 221
718 262
718 285
718 326
718 334
718 337
718 349
718 390
718 398
718 413
718 454
718 462
718 518
718 526
718 529
718 541
718 582
718 590
718 605
718 646
718 654
718 669
718 710
718 733
718 774
718 782
718 797
718 838
718 846
718 849
718 861
718 902
718 910
718 925
718 966
718 974
718 989
718 1030
718 1038
718 1053
718 1094
718 1102
718 1117
718 1158
718 1166
718 1181
718 1222
718 1230
718 1233
718 1245
719 4
719 6
719 7
719 13
719 14
719 15
719 17
719 29
719 68
719 70
719 78
719 81
719 93
719 97
719 100
719 102
719 134
719 135
719 142
719 157
719 196
719 198
719 199
719 206
719 207
719 209
719 260
719 261
719 262
719 270
719 271
719 273
719 285
719 320
719 324
719 326
719 327
719 333
719 335
719 337
719 338
719 353
719 388
719 390
719 391
719 399
719 401
719 413
719 452
719 454
719 465
719 477
719 516
719 518
719 525
719 527
719 529
719 530
719 541
719 582
719 591
719 593
719 605
719 644
719 646
719 651
719 653
719 655
719 657
719 670
719 676
719 708
719 710
719 711
719 715
719 721
719 772
719 774
719 779
719 783
719 785
719 836
719 838
719 839
719 843
719 847
719 849
719 861
719 896
719 902
719 903
719 911
719 913
719 925
719 967
719 975
719 977
719 989
719 1030
719 1035
719 1037
719 1039
719 1041
719 1092
719 1095
719 1099
719 1103
719 1105
719 1109
719 1124
719 1156
719 1158
719 1159
719 1167
719 1169
719 1181
719 1220
719 1222
719 1223
719 1227
719 1231
719 1233
720 528
720 592
720 656
720 784
720 848
720 912
720 957
720 1009
721 4
721 6
721 7
721 13
721 14
721 15
721 17
721 29
721 68
721 70
721 78
721 81
721 93
721 97
721 100
721 102
721 134
721 135
721 142
721 157
721 196
721 198
721 199
721 206
721 209
721 260
721 261
721 262
721 270
721 271
721 273
721 285
721 320
721 324
721 326
721 327
721 333
721 335
721 337
721 338
721 349
721 353
721 388
721 390
721 391
721 399
721 401
721 413
721 452
721 454
721 465
721 477
721 516
721 518
721 525
721 529
721 530
721 541
721 582
721 593
721 605
721 644
721 646
721 651
721 655
721 657
721 670
721 676
721 708
721 710
721 711
721 715
721 719
721 733
721 772
721 774
721 779
721 783
721 785
721 836
721 838
721 839
721 843
721 849
721 861
721 896
721 902
721 903
721 911
721 913
721 925
721 966
721 967
721 975
721 977
721 989
721 1030
721 1035
721 1037
721 1039
721 1041
721 1053
721 1092
721 1094
721 1095
721 1099
721 1103
721 1105
721 1109
721 1124
721 1156
721 1158
721 1159
721 1167
721 1169
721 1181
721 1220
721 1222
721 1223
721 1227
721 1231
721 1233
722 530
722 594
722 658
722 786
722 850
722 914
723 531
723 564
723 595
723 659
723 706
723 787
723 851
723 915
723 1178
724 362
724 532
724 596
724 660
724 788
724 852
724 867
724 916
724 963
724 1187
724 1194
725 533
725 597
725 661
725 789
725 853
725 917
726 534
726 598
726 662
726 790
726 854
726 918
727 535
727 599
727 663
727 791
727 855
727 919
728 536
728 558
728 600
728 639
728 664
728 792
728 856
728 920
728 954
729 504
729 537
729 601
729 650
729 665
729 793
729 857
729 921
730 473
730 538
730 602
730 666
730 793
730 794
730 858
730 922
731 539
731 603
731 667
731 795
731 859
731 923
732 540
732 604
732 668
732 700
732 792
732 796
732 860
732 924
732 1013
733 4
733 6
733 14
733 15
733 17
733 29
733 70
733 78
733 81
733 93
733 142
733 157
733 198
733 206
733 221
733 262
733 285
733 324
733 326
733 334
733 337
733 349
733 390
733 398
733 401
733 413
733 454
733 462
733 465
733 477
733 518
733 526
733 529
733 541
733 582
733 590
733 593
733 605
733 644
733 646
733 654
733 655
733 657
733 669
733 670
733 708
733 710
733 718
733 721
733 774
733 779
733 782
733 785
733 797
733 836
733 838
733 846
733 849
733 861
733 902
733 910
733 925
733 966
733 967
733 974
733 989
733 1030
733 1038
733 1041
733 1053
733 1094
733 1095
733 1099
733 1102
733 1105
733 1117
733 1158
733 1166
733 1169
733 1181
733 1222
733 1223
733 1227
733 1230
733 1233
733 1245
734 542
734 606
734 670
734 798
734 862
734 926
735 32
735 537
735 543
735 607
735 671
735 799
735 863
735 927
736 106
736 544
736 562
736 608
736 672
736 800
736 864
736 928
737 545
737 609
737 673
737 801
737 865
737 929
738 243
738 546
738 610
738 674
738 802
738 866
738 930
738 1134
739 547
739 573
739 611
739 675
739 803
739 867
739 931
740 548
740 612
740 676
740 804
740 868
740 932
741 549
741 613
741 677
741 805
741 845
741 869
741 933
742 550
742 614
742 678
742 806
742 870
742 934
742 1118
743 98
743 551
743 615
743 631
743 679
743 807
743 871
743 935
743 1114
744 552
744 616
744 680
744 808
744 872
744 936
744 1209
745 553
745 617
745 681
745 809
745 873
745 937
745 1264
746 554
746 618
746 682
746 810
746 874
746 938
747 147
747 188
747 555
747 619
747 683
747 811
747 875
747 939
747 1111
748 241
748 556
748 620
748 684
748 812
748 875
748 876
748 940
749 557
749 621
749 685
749 813
749 877
749 941
750 558
750 622
750 686
750 814
750 878
750 942
750 1232
751 559
751 623
751 687
751 815
751 879
751 943
751 958
752 560
752 624
752 688
752 816
752 880
752 944
753 561
753 602
753 625
753 687
753 689
753 817
753 881
753 945
753 976
753 1036
754 360
754 562
754 626
754 690
754 818
754 882
754 946
754 1040
754 1212
755 563
755 627
755 691
755 819
755 883
755 912
755 947
756 564
756 628
756 683
756 692
756 820
756 884
756 948
756 1069
757 565
757 629
757 693
757 821
757 885
757 891
757 949
758 406
758 566
758 630
758 694
758 822
758 886
758 950
759 567
759 631
759 695
759 823
759 887
759 951
760 355
760 568
760 632
760 696
760 824
760 888
760 952
761 255
761 569
761 574
761 633
761 697
761 825
761 889
761 953
761 984
762 383
762 570
762 634
762 698
762 826
762 890
762 892
762 954
763 137
763 264
763 571
763 635
763 699
763 827
763 891
763 923
763 955
764 378
764 572
764 636
764 700
764 828
764 892
764 956
764 1020
764 1136
765 531
765 573
765 637
765 701
765 829
765 893
765 957
766 208
766 574
766 638
766 702
766 830
766 894
766 958
767 575
767 639
767 703
767 831
767 895
767 959
767 1073
768 36
768 64
768 71
768 77
768 102
768 132
768 143
768 164
768 192
768 205
768 207
768 210
768 292
768 356
768 397
768 417
768 420
768 455
768 463
768 519
768 527
768 576
768 581
768 591
768 640
768 647
768 653
768 673
768 674
768 678
768 704
768 717
768 772
768 775
768 804
768 832
768 847
768 868
768 896
768 900
768 907
768 960
768 964
768 971
768 981
768 1028
768 1031
768 1060
768 1124
768 1125
768 1156
768 1165
768 1182
768 1243
768 1252
769 126
769 245
769 450
769 577
769 641
769 705
769 807
769 833
769 897
769 961
769 1076
770 23
770 211
770 442
770 578
770 642
770 706
770 834
770 898
770 962
771 579
771 643
771 707
771 835
771 899
771 963
772 4
772 7
772 13
772 15
772 36
772 64
772 68
772 77
772 97
772 100
772 102
772 132
772 134
772 135
772 143
772 164
772 196
772 199
772 205
772 207
772 209
772 260
772 261
772 270
772 271
772 273
772 292
772 320
772 327
772 333
772 335
772 338
772 353
772 356
772 388
772 391
772 397
772 399
772 420
772 452
772 455
772 463
772 516
772 519
772 525
772 527
772 530
772 580
772 581
772 593
772 644
772 647
772 651
772 653
772 670
772 673
772 674
772 676
772 678
772 708
772 711
772 715
772 717
772 719
772 721
772 768
772 775
772 783
772 804
772 836
772 839
772 843
772 847
772 896
772 900
772 903
772 911
772 913
772 964
772 967
772 971
772 975
772 977
772 1035
772 1037
772 1039
772 1060
772 1092
772 1095
772 1103
772 1109
772 1124
772 1125
772 1156
772 1159
772 1165
772 1167
772 1182
772 1220
772 1231
772 1243
773 8
773 69
773 133
773 197
773 263
773 328
773 389
773 453
773 520
773 581
773 583
773 645
773 709
773 712
773 837
773 901
773 965
773 969
773 1029
773 1093
773 1161
773 1216
773 1224
774 4
774 6
774 7
774 14
774 15
774 17
774 29
774 68
774 70
774 78
774 81
774 93
774 100
774 134
774 135
774 142
774 157
774 198
774 206
774 221
774 262
774 285
774 324
774 326
774 327
774 334
774 337
774 349
774 390
774 398
774 401
774 413
774 454
774 462
774 465
774 477
774 518
774 525
774 526
774 529
774 541
774 582
774 590
774 593
774 605
774 644
774 646
774 654
774 655
774 657
774 669
774 670
774 708
774 710
774 718
774 719
774 721
774 733
774 779
774 782
774 785
774 797
774 836
774 838
774 846
774 849
774 861
774 902
774 910
774 911
774 925
774 966
774 967
774 974
774 977
774 989
774 1030
774 1035
774 1038
774 1041
774 1053
774 1094
774 1095
774 1099
774 1102
774 1105
774 1117
774 1158
774 1166
774 1169
774 1181
774 1220
774 1222
774 1223
774 1227
774 1230
774 1233
774 1245
775 36
775 64
775 71
775 77
775 132
775 143
775 164
775 192
775 205
775 207
775 210
775 292
775 356
775 397
775 417
775 420
775 455
775 463
775 519
775 527
775 581
775 583
775 591
775 647
775 653
775 673
775 674
775 678
775 711
775 717
775 768
775 772
775 804
775 839
775 847
775 868
775 896
775 900
775 903
775 907
775 964
775 967
775 971
775 981
775 1028
775 1031
775 1060
775 1124
775 1125
775 1165
775 1182
775 1243
775 1252
776 584
776 648
776 712
776 840
776 904
776 968
777 585
777 649
777 713
777 841
777 865
777 905
777 969
778 586
778 650
778 714
778 842
778 906
778 970
779 4
779 6
779 7
779 13
779 14
779 15
779 17
779 29
779 68
779 70
779 78
779 81
779 93
779 97
779 100
779 134
779 135
779 142
779 157
779 196
779 198
779 206
779 209
779 221
779 260
779 261
779 262
779 270
779 271
779 273
779 285
779 320
779 324
779 326
779 327
779 333
779 335
779 337
779 338
779 349
779 353
779 388
779 390
779 391
779 398
779 399
779 401
779 413
779 454
779 462
779 465
779 477
779 516
779 518
779 525
779 529
779 530
779 541
779 582
779 587
779 590
779 593
779 605
779 644
779 646
779 651
779 655
779 657
779 669
779 670
779 676
779 708
779 710
779 711
779 715
779 719
779 721
779 733
779 774
779 783
779 785
779 797
779 836
779 838
779 839
779 843
779 846
779 849
779 861
779 902
779 903
779 907
779 910
779 911
779 913
779 925
779 966
779 967
779 971
779 974
779 975
779 977
779 989
779 1030
779 1035
779 1037
779 1039
779 1041
779 1053
779 1092
779 1094
779 1095
779 1099
779 1103
779 1105
779 1109
779 1117
779 1158
779 1159
779 1166
779 1167
779 1169
779 1181
779 1220
779 1222
779 1223
779 1227
779 1231
779 1233
779 1245
780 588
780 652
780 716
780 844
780 908
780 972
781 589
781 653
781 717
781 845
781 909
781 973
782 14
782 29
782 70
782 93
782 157
782 198
782 206
782 221
782 262
782 285
782 326
782 334
782 337
782 349
782 390
782 398
782 413
782 454
782 462
782 477
782 518
782 526
782 529
782 541
782 582
782 590
782 605
782 646
782 654
782 669
782 710
782 718
782 733
782 774
782 797
782 838
782 846
782 849
782 861
782 902
782 910
782 925
782 966
782 974
782 989
782 1030
782 1038
782 1053
782 1094
782 1102
782 1117
782 1158
782 1166
782 1181
782 1222
782 1230
782 1233
782 1245
783 4
783 6
783 7
783 13
783 14
783 15
783 17
783 36
783 68
783 70
783 78
783 81
783 97
783 100
783 102
783 132
783 134
783 135
783 142
783 196
783 198
783 199
783 207
783 209
783 260
783 261
783 270
783 271
783 273
783 285
783 292
783 320
783 324
783 327
783 333
783 335
783 337
783 338
783 353
783 356
783 388
783 391
783 399
783 401
783 420
783 452
783 465
783 477
783 516
783 518
783 525
783 529
783 530
783 582
783 591
783 593
783 644
783 651
783 653
783 655
783 657
783 670
783 674
783 676
783 708
783 711
783 715
783 719
783 721
783 772
783 779
783 785
783 836
783 839
783 843
783 847
783 849
783 896
783 903
783 911
783 913
783 967
783 971
783 975
783 977
783 1030
783 1035
783 1037
783 1039
783 1041
783 1092
783 1095
783 1099
783 1103
783 1105
783 1109
783 1124
783 1156
783 1158
783 1159
783 1167
783 1169
783 1182
783 1220
783 1222
783 1223
783 1227
783 1231
783 1233
784 483
784 557
784 592
784 656
784 720
784 848
784 912
784 976
785 4
785 6
785 7
785 13
785 14
785 15
785 17
785 29
785 68
785 70
785 78
785 81
785 93
785 97
785 100
785 134
785 135
785 142
785 157
785 196
785 198
785 206
785 209
785 221
785 260
785 262
785 270
785 271
785 273
785 285
785 320
785 324
785 326
785 327
785 333
785 335
785 337
785 338
785 349
785 353
785 388
785 390
785 398
785 399
785 401
785 413
785 454
785 462
785 465
785 477
785 516
785 518
785 525
785 526
785 529
785 530
785 541
785 582
785 590
785 593
785 605
785 644
785 646
785 651
785 655
785 657
785 669
785 670
785 676
785 708
785 710
785 711
785 715
785 719
785 721
785 733
785 774
785 779
785 783
785 797
785 836
785 838
785 839
785 843
785 846
785 849
785 861
785 902
785 910
785 911
785 913
785 925
785 966
785 967
785 974
785 977
785 989
785 1030
785 1035
785 1037
785 1038
785 1039
785 1041
785 1053
785 1092
785 1094
785 1095
785 1099
785 1103
785 1105
785 1109
785 1117
785 1158
785 1159
785 1166
785 1169
785 1181
785 1220
785 1222
785 1223
785 1227
785 1231
785 1233
785 1245
786 214
786 517
786 552
786 594
786 658
786 722
786 850
786 914
786 978
787 595
787 659
787 723
787 851
787 915
787 979
787 1012
788 596
788 660
788 724
788 852
788 916
788 980
789 597
789 661
789 725
789 853
789 917
789 981
790 598
790 662
790 726
790 854
790 918
790 982
791 281
791 599
791 663
791 727
791 855
791 919
791 983
791 1261
791 1263
792 600
792 664
792 700
792 728
792 732
792 856
792 920
792 984
792 1013
793 473
793 601
793 665
793 729
793 730
793 857
793 921
793 985
794 140
794 602
794 666
794 730
794 858
794 922
794 986
794 1140
794 1248
795 39
795 603
795 667
795 731
795 859
795 923
795 987
796 548
796 604
796 668
796 732
796 860
796 924
796 988
797 14
797 17
797 29
797 70
797 78
797 81
797 93
797 142
797 157
797 198
797 206
797 221
797 262
797 285
797 324
797 326
797 334
797 337
797 349
797 390
797 398
797 401
797 413
797 454
797 462
797 465
797 477
797 518
797 526
797 529
797 541
797 582
797 590
797 605
797 644
797 646
797 654
797 655
797 657
797 669
797 710
797 718
797 733
797 774
797 779
797 782
797 785
797 838
797 846
797 849
797 861
797 902
797 910
797 925
797 966
797 974
797 989
797 1030
797 1038
797 1053
797 1094
797 1099
797 1102
797 1105
797 1117
797 1158
797 1166
797 1169
797 1181
797 1222
797 1223
797 1227
797 1230
797 1233
797 1245
798 549
798 606
798 670
798 734
798 862
798 926
798 990
799 607
799 671
799 735
799 863
799 876
799 927
799 991
800 608
800 672
800 736
800 864
800 928
800 992
801 22
801 609
801 673
801 737
801 865
801 929
801 993
802 610
802 674
802 738
802 866
802 930
802 994
802 1206
802 1247
803 611
803 675
803 739
803 867
803 931
803 995
804 36
804 64
804 71
804 77
804 102
804 132
804 143
804 164
804 199
804 205
804 207
804 210
804 261
804 292
804 356
804 391
804 397
804 399
804 417
804 420
804 452
804 455
804 463
804 519
804 527
804 581
804 591
804 612
804 647
804 653
804 673
804 674
804 676
804 678
804 717
804 740
804 768
804 772
804 775
804 847
804 868
804 896
804 900
804 903
804 907
804 913
804 932
804 964
804 971
804 975
804 981
804 996
804 1028
804 1031
804 1060
804 1092
804 1109
804 1124
804 1125
804 1156
804 1165
804 1167
804 1182
804 1243
804 1252
805 613
805 677
805 741
805 869
805 933
805 997
806 614
806 678
806 742
806 870
806 934
806 998
807 126
807 245
807 450
807 615
807 679
807 743
807 769
807 871
807 935
807 999
807 1076
808 127
808 144
808 528
808 616
808 680
808 744
808 872
808 936
808 1000
809 617
809 681
809 745
809 873
809 937
809 1001
810 48
810 618
810 682
810 746
810 874
810 938
810 1002
810 1044
810 1119
811 619
811 683
811 747
811 815
811 875
811 939
811 1003
811 1122
812 84
812 424
812 615
812 620
812 684
812 748
812 876
812 940
812 1004
813 195
813 535
813 578
813 621
813 685
813 749
813 877
813 941
813 1005
813 1034
814 124
814 154
814 445
814 622
814 686
814 750
814 878
814 942
814 1006
815 623
815 687
815 751
815 811
815 879
815 943
815 1007
815 1122
816 233
816 500
816 624
816 688
816 752
816 880
816 944
816 1008
817 162
817 428
817 569
817 625
817 643
817 689
817 753
817 881
817 945
817 980
817 1009
817 1017
817 1027
818 361
818 436
818 551
818 601
818 626
818 690
818 754
818 860
818 882
818 908
818 946
818 1010
818 1153
819 627
819 691
819 755
819 883
819 947
819 1011
819 1217
820 471
820 579
820 628
820 692
820 756
820 884
820 886
820 948
820 1012
821 629
821 693
821 757
821 885
821 949
821 1013
822 630
822 694
822 758
822 862
822 886
822 950
822 1014
822 1113
823 250
823 631
823 695
823 759
823 887
823 950
823 951
823 979
823 1015
824 153
824 488
824 632
824 696
824 760
824 888
824 952
824 1016
824 1091
825 629
825 633
825 697
825 761
825 889
825 953
825 1017
826 246
826 634
826 698
826 762
826 890
826 954
826 1018
827 513
827 635
827 699
827 763
827 891
827 936
827 955
827 1019
828 163
828 410
828 636
828 700
828 764
828 892
828 956
828 1020
829 637
829 701
829 765
829 893
829 957
829 1021
830 638
830 702
830 766
830 831
830 894
830 958
830 1022
831 639
831 703
831 767
831 830
831 895
831 959
831 1023
832 640
832 704
832 768
832 896
832 960
832 1024
832 1097
833 219
833 466
833 613
833 641
833 696
833 705
833 769
833 854
833 897
833 961
833 1025
834 237
834 348
834 350
834 539
834 642
834 706
834 770
834 887
834 898
834 962
834 1026
835 474
835 643
835 707
835 771
835 899
835 963
835 1027
835 1131
835 1191
836 4
836 6
836 7
836 13
836 14
836 15
836 17
836 29
836 68
836 70
836 78
836 81
836 93
836 97
836 100
836 102
836 134
836 135
836 142
836 157
836 196
836 198
836 199
836 206
836 209
836 221
836 260
836 261
836 262
836 270
836 271
836 273
836 285
836 320
836 324
836 326
836 327
836 333
836 335
836 337
836 338
836 349
836 353
836 388
836 390
836 391
836 399
836 401
836 413
836 452
836 454
836 462
836 465
836 477
836 516
836 518
836 525
836 529
836 530
836 541
836 582
836 593
836 605
836 644
836 646
836 651
836 655
836 657
836 670
836 676
836 708
836 710
836 711
836 715
836 719
836 721
836 733
836 772
836 774
836 779
836 783
836 785
836 838
836 839
836 843
836 849
836 861
836 900
836 902
836 903
836 910
836 911
836 913
836 925
836 964
836 966
836 967
836 974
836 975
836 977
836 989
836 1028
836 1030
836 1035
836 1037
836 1039
836 1041
836 1053
836 1092
836 1094
836 1095
836 1099
836 1103
836 1105
836 1109
836 1117
836 1124
836 1156
836 1158
836 1159
836 1167
836 1169
836 1181
836 1220
836 1222
836 1223
836 1227
836 1231
836 1233
837 8
837 69
837 133
837 197
837 263
837 328
837 389
837 453
837 520
837 583
837 645
837 709
837 712
837 773
837 901
837 965
837 969
837 1029
837 1093
837 1161
837 1216
837 1224
838 4
838 6
838 7
838 14
838 15
838 17
838 29
838 68
838 70
838 78
838 81
838 93
838 142
838 157
838 198
838 206
838 221
838 262
838 285
838 324
838 326
838 334
838 337
838 349
838 390
838 398
838 401
838 413
838 454
838 462
838 465
838 477
838 518
838 525
838 526
838 529
838 541
838 582
838 590
838 593
838 605
838 644
838 646
838 654
838 655
838 657
838 669
838 670
838 708
838 710
838 718
838 719
838 721
838 733
838 774
838 779
838 782
838 785
838 797
838 836
838 846
838 849
838 861
838 902
838 910
838 911
838 925
838 966
838 967
838 974
838 977
838 989
838 1030
838 1035
838 1038
838 1041
838 1053
838 1094
838 1095
838 1099
838 1102
838 1105
838 1117
838 1158
838 1166
838 1169
838 1181
838 1220
838 1222
838 1223
838 1227
838 1230
838 1233
838 1245
839 4
839 6
839 7
839 13
839 15
839 17
839 36
839 68
839 70
839 78
839 81
839 97
839 100
839 102
839 132
839 134
839 135
839 142
839 143
839 164
839 196
839 198
839 199
839 205
839 207
839 209
839 260
839 261
839 270
839 271
839 273
839 292
839 320
839 324
839 327
839 333
839 335
839 338
839 353
839 356
839 388
839 391
839 397
839 399
839 401
839 420
839 452
839 455
839 465
839 477
839 516
839 525
839 527
839 530
839 593
839 644
839 647
839 651
839 653
839 655
839 657
839 670
839 673
839 674
839 676
839 678
839 708
839 711
839 715
839 719
839 721
839 772
839 775
839 779
839 783
839 785
839 836
839 843
839 847
839 849
839 896
839 903
839 911
839 913
839 967
839 971
839 975
839 977
839 1031
839 1035
839 1037
839 1039
839 1041
839 1092
839 1095
839 1099
839 1103
839 1105
839 1109
839 1124
839 1125
839 1156
839 1159
839 1167
839 1169
839 1182
839 1220
839 1223
839 1227
839 1231
840 648
840 712
840 776
840 904
840 968
840 1032
840 1054
841 585
841 649
841 713
841 777
841 905
841 969
841 1033
842 85
842 650
842 714
842 778
842 906
842 970
842 1034
842 1147
843 4
843 6
843 7
843 13
843 14
843 15
843 17
843 36
843 68
843 70
843 78
843 81
843 97
843 100
843 102
843 132
843 134
843 135
843 142
843 196
843 198
843 199
843 207
843 209
843 260
843 261
843 262
843 270
843 271
843 273
843 285
843 292
843 320
843 324
843 327
843 333
843 335
843 337
843 338
843 353
843 356
843 388
843 390
843 391
843 399
843 401
843 420
843 452
843 465
843 477
843 516
843 518
843 525
843 529
843 530
843 582
843 593
843 605
843 644
843 651
843 653
843 655
843 657
843 670
843 674
843 676
843 708
843 711
843 715
843 719
843 721
843 772
843 779
843 783
843 785
843 836
843 839
843 849
843 896
843 903
843 907
843 911
843 913
843 925
843 967
843 971
843 975
843 977
843 989
843 1030
843 1035
843 1037
843 1039
843 1041
843 1092
843 1095
843 1099
843 1103
843 1105
843 1109
843 1124
843 1156
843 1158
843 1159
843 1167
843 1169
843 1182
843 1220
843 1222
843 1223
843 1227
843 1231
843 1233
844 652
844 693
844 716
844 780
844 873
844 908
844 972
844 982
844 1036
844 1078
844 1150
845 653
845 717
845 741
845 781
845 909
845 973
845 1037
846 14
846 17
846 29
846 70
846 78
846 81
846 93
846 142
846 157
846 198
846 206
846 221
846 262
846 285
846 324
846 326
846 334
846 337
846 349
846 390
846 398
846 401
846 413
846 454
846 462
846 465
846 477
846 518
846 526
846 529
846 541
846 582
846 590
846 605
846 644
846 646
846 654
846 655
846 657
846 669
846 710
846 718
846 733
846 774
846 779
846 782
846 785
846 797
846 838
846 849
846 861
846 902
846 910
846 925
846 966
846 974
846 989
846 1030
846 1038
846 1053
846 1094
846 1099
846 1102
846 1105
846 1117
846 1158
846 1166
846 1169
846 1181
846 1222
846 1223
846 1227
846 1230
846 1233
846 1245
847 13
847 36
847 64
847 77
847 97
847 102
847 132
847 143
847 164
847 196
847 199
847 205
847 207
847 209
847 210
847 261
847 271
847 292
847 320
847 356
847 391
847 397
847 399
847 417
847 420
847 452
847 455
847 463
847 519
847 527
847 581
847 591
847 647
847 653
847 655
847 673
847 674
847 676
847 678
847 717
847 719
847 768
847 772
847 775
847 783
847 804
847 839
847 868
847 896
847 900
847 903
847 911
847 913
847 964
847 971
847 975
847 981
847 1028
847 1031
847 1037
847 1039
847 1060
847 1092
847 1103
847 1109
847 1124
847 1125
847 1156
847 1165
847 1167
847 1182
847 1243
847 1252
848 419
848 656
848 720
848 784
848 912
848 976
848 1040
849 4
849 6
849 7
849 14
849 15
849 17
849 29
849 68
849 70
849 78
849 81
849 93
849 97
849 100
849 134
849 135
849 142
849 157
849 196
849 198
849 206
849 209
849 221
849 260
849 262
849 270
849 271
849 273
849 285
849 324
849 326
849 327
849 333
849 334
849 335
849 337
849 338
849 349
849 353
849 388
849 390
849 398
849 401
849 413
849 454
849 462
849 465
849 477
849 516
849 518
849 525
849 526
849 529
849 530
849 541
849 582
849 590
849 593
849 605
849 644
849 646
849 651
849 654
849 655
849 657
849 669
849 670
849 708
849 710
849 711
849 715
849 718
849 719
849 721
849 733
849 774
849 779
849 782
849 783
849 785
849 797
849 836
849 838
849 839
849 843
849 846
849 861
849 902
849 910
849 911
849 913
849 925
849 966
849 967
849 974
849 977
849 989
849 1030
849 1035
849 1037
849 1038
849 1041
849 1053
849 1094
849 1095
849 1099
849 1102
849 1103
849 1105
849 1117
849 1158
849 1159
849 1166
849 1169
849 1181
849 1220
849 1222
849 1223
849 1227
849 1231
849 1233
849 1245
850 658
850 722
850 786
850 914
850 978
850 1042
851 626
851 659
851 723
851 787
851 915
851 979
851 1043
852 660
852 724
852 788
852 863
852 916
852 980
852 1044
853 661
853 725
853 789
853 917
853 981
853 1045
854 219
854 466
854 613
854 662
854 696
854 726
854 790
854 833
854 918
854 982
854 1046
855 663
855 727
855 791
855 919
855 983
855 1047
856 239
856 449
856 472
856 664
856 728
856 792
856 920
856 931
856 984
856 1048
857 665
857 729
857 793
857 921
857 985
857 1049
857 1127
858 666
858 730
858 794
858 922
858 986
858 1050
859 448
859 667
859 731
859 795
859 923
859 987
859 1051
860 361
860 436
860 551
860 601
860 668
860 732
860 796
860 818
860 908
860 924
860 988
860 1052
860 1153
861 4
861 6
861 7
861 14
861 15
861 17
861 29
861 68
861 70
861 78
861 81
861 93
861 142
861 157
861 198
861 206
861 221
861 262
861 285
861 324
861 326
861 334
861 337
861 349
861 390
861 398
861 401
861 413
861 454
861 462
861 465
861 477
861 518
861 525
861 526
861 529
861 541
861 582
861 590
861 593
861 605
861 644
861 646
861 654
861 655
861 657
861 669
861 670
861 708
861 710
861 718
861 719
861 721
861 733
861 774
861 779
861 782
861 785
861 797
861 836
861 838
861 846
861 849
861 902
861 910
861 911
861 925
861 966
861 967
861 974
861 977
861 989
861 1030
861 1035
861 1038
861 1041
861 1053
861 1094
861 1095
861 1099
861 1102
861 1105
861 1117
861 1158
861 1166
861 1169
861 1181
861 1220
861 1222
861 1223
861 1227
861 1230
861 1233
861 1245
862 670
862 734
862 798
862 822
862 926
862 990
862 1054
862 1113
863 671
863 735
863 799
863 852
863 927
863 991
863 1055
864 649
864 672
864 736
864 800
864 928
864 992
864 1056
865 673
865 737
865 777
865 801
865 929
865 993
865 1057
866 674
866 738
866 802
866 930
866 994
866 1058
867 362
867 675
867 724
867 739
867 803
867 931
867 963
867 995
867 1059
867 1187
867 1194
868 64
868 71
868 77
868 94
868 143
868 164
868 192
868 205
868 210
868 384
868 397
868 417
868 455
868 463
868 519
868 527
868 581
868 591
868 647
868 662
868 673
868 676
868 678
868 717
868 740
868 768
868 775
868 804
868 847
868 900
868 907
868 917
868 932
868 964
868 981
868 996
868 1028
868 1031
868 1060
868 1125
868 1165
868 1243
868 1252
869 677
869 741
869 805
869 933
869 997
869 1061
870 136
870 678
870 742
870 806
870 934
870 998
870 1062
871 679
871 743
871 807
871 935
871 999
871 1063
872 167
872 374
872 680
872 744
872 808
872 936
872 1000
872 1064
873 681
873 693
873 745
873 809
873 844
873 937
873 982
873 1001
873 1065
873 1078
873 1150
874 682
874 746
874 810
874 938
874 1002
874 1066
875 241
875 683
875 747
875 748
875 811
875 939
875 1003
875 1067
876 684
876 748
876 799
876 812
876 940
876 1004
876 1068
877 95
877 685
877 749
877 813
877 941
877 1005
877 1025
877 1069
878 686
878 750
878 814
878 942
878 1006
878 1070
879 536
879 617
879 687
879 751
879 815
879 943
879 1007
879 1071
879 1148
880 233
880 500
880 688
880 752
880 816
880 944
880 1008
880 1072
881 689
881 753
881 817
881 945
881 1009
881 1073
882 31
882 690
882 754
882 818
882 946
882 1010
882 1074
882 1077
882 1133
883 554
883 691
883 755
883 819
883 947
883 1011
883 1075
884 180
884 692
884 756
884 820
884 948
884 1006
884 1012
884 1076
885 278
885 310
885 693
885 694
885 757
885 821
885 949
885 1013
885 1077
885 1211
886 471
886 579
886 694
886 758
886 820
886 822
886 950
886 1014
886 1078
887 237
887 348
887 350
887 539
887 695
887 759
887 823
887 834
887 951
887 1015
887 1079
888 696
888 760
888 824
888 952
888 1016
888 1080
889 112
889 431
889 623
889 697
889 761
889 825
889 953
889 1017
889 1081
890 618
890 698
890 762
890 826
890 954
890 1018
890 1082
891 699
891 757
891 763
891 827
891 955
891 1019
891 1083
892 383
892 700
892 762
892 764
892 828
892 956
892 1020
892 1084
893 630
893 701
893 765
893 829
893 957
893 1021
893 1085
894 41
894 425
894 607
894 702
894 766
894 830
894 958
894 1022
894 1086
895 506
895 703
895 767
895 831
895 959
895 1023
895 1087
895 1210
895 1274
896 36
896 64
896 68
896 77
896 97
896 100
896 102
896 132
896 134
896 135
896 143
896 164
896 196
896 199
896 205
896 207
896 209
896 260
896 261
896 270
896 271
896 273
896 292
896 320
896 327
896 333
896 335
896 338
896 353
896 356
896 388
896 391
896 397
896 399
896 420
896 452
896 455
896 463
896 516
896 519
896 525
896 527
896 530
896 581
896 647
896 651
896 653
896 670
896 673
896 674
896 676
896 678
896 704
896 708
896 711
896 715
896 717
896 719
896 721
896 768
896 772
896 775
896 783
896 804
896 832
896 839
896 843
896 847
896 903
896 911
896 913
896 960
896 964
896 967
896 971
896 975
896 977
896 1024
896 1031
896 1035
896 1037
896 1039
896 1060
896 1088
896 1092
896 1095
896 1103
896 1109
896 1124
896 1125
896 1156
896 1159
896 1165
896 1167
896 1182
896 1220
896 1231
896 1243
897 705
897 769
897 833
897 961
897 1025
897 1089
897 1104
898 706
898 770
898 834
898 962
898 1026
898 1090
899 231
899 707
899 771
899 835
899 963
899 1027
899 1091
900 64
900 71
900 77
900 94
900 132
900 143
900 164
900 192
900 205
900 210
900 384
900 397
900 417
900 420
900 455
900 463
900 519
900 527
900 581
900 591
900 647
900 673
900 674
900 678
900 708
900 717
900 768
900 772
900 775
900 804
900 836
900 847
900 868
900 907
900 917
900 964
900 971
900 981
900 1028
900 1031
900 1060
900 1092
900 1125
900 1165
900 1182
900 1243
900 1252
901 8
901 69
901 133
901 197
901 263
901 328
901 389
901 453
901 520
901 583
901 645
901 709
901 712
901 773
901 837
901 965
901 969
901 1029
901 1093
901 1161
901 1216
901 1224
902 14
902 29
902 68
902 70
902 78
902 81
902 93
902 142
902 157
902 198
902 206
902 221
902 262
902 285
902 324
902 326
902 334
902 337
902 349
902 390
902 398
902 401
902 413
902 454
902 462
902 465
902 477
902 518
902 525
902 526
902 529
902 541
902 582
902 590
902 593
902 605
902 644
902 646
902 654
902 655
902 657
902 669
902 670
902 708
902 710
902 718
902 719
902 721
902 733
902 774
902 779
902 782
902 785
902 797
902 836
902 838
902 846
902 849
902 861
902 910
902 911
902 925
902 966
902 967
902 974
902 977
902 989
902 1030
902 1035
902 1038
902 1041
902 1053
902 1094
902 1095
902 1099
902 1102
902 1105
902 1117
902 1158
902 1166
902 1169
902 1181
902 1220
902 1222
902 1223
902 1227
902 1230
902 1233
902 1245
903 13
903 64
903 68
903 81
903 97
903 100
903 102
903 132
903 134
903 135
903 143
903 164
903 196
903 199
903 205
903 207
903 209
903 260
903 261
903 270
903 271
903 273
903 292
903 320
903 324
903 327
903 333
903 335
903 338
903 353
903 356
903 388
903 391
903 397
903 399
903 401
903 420
903 452
903 455
903 465
903 516
903 519
903 525
903 527
903 530
903 581
903 593
903 644
903 651
903 653
903 655
903 670
903 673
903 674
903 676
903 678
903 708
903 711
903 715
903 719
903 721
903 772
903 775
903 779
903 783
903 804
903 836
903 839
903 843
903 847
903 896
903 911
903 913
903 964
903 967
903 971
903 975
903 977
903 1031
903 1035
903 1037
903 1039
903 1041
903 1092
903 1095
903 1099
903 1103
903 1109
903 1124
903 1125
903 1156
903 1159
903 1165
903 1167
903 1169
903 1182
903 1220
903 1223
903 1227
903 1231
904 712
904 776
904 840
904 968
904 1032
904 1096
905 713
905 777
905 841
905 969
905 1033
905 1097
906 680
906 714
906 778
906 842
906 970
906 1034
906 1098
906 1110
907 64
907 71
907 77
907 94
907 192
907 210
907 384
907 417
907 463
907 519
907 581
907 591
907 647
907 662
907 715
907 717
907 768
907 775
907 779
907 804
907 843
907 868
907 900
907 917
907 964
907 971
907 981
907 1028
907 1031
907 1035
907 1060
907 1099
907 1165
907 1243
907 1252
908 361
908 436
908 551
908 601
908 716
908 780
908 818
908 844
908 860
908 972
908 1036
908 1100
908 1153
909 717
909 781
909 845
909 973
909 1037
909 1101
910 29
910 70
910 78
910 81
910 93
910 142
910 157
910 198
910 206
910 221
910 262
910 285
910 324
910 326
910 334
910 337
910 349
910 390
910 398
910 401
910 413
910 454
910 462
910 465
910 477
910 518
910 526
910 529
910 541
910 582
910 590
910 593
910 605
910 644
910 646
910 654
910 655
910 657
910 669
910 670
910 710
910 718
910 733
910 774
910 779
910 782
910 785
910 797
910 836
910 838
910 846
910 849
910 861
910 902
910 925
910 966
910 974
910 989
910 1030
910 1038
910 1041
910 1053
910 1094
910 1099
910 1102
910 1105
910 1117
910 1158
910 1166
910 1169
910 1181
910 1222
910 1223
910 1227
910 1230
910 1233
910 1245
911 4
911 6
911 7
911 15
911 17
911 68
911 70
911 78
911 81
911 93
911 97
911 100
911 102
911 134
911 135
911 142
911 157
911 196
911 198
911 199
911 206
911 207
911 209
911 260
911 261
911 262
911 270
911 271
911 273
911 285
911 320
911 324
911 326
911 327
911 333
911 335
911 337
911 338
911 353
911 388
911 390
911 391
911 399
911 401
911 413
911 452
911 454
911 465
911 477
911 516
911 518
911 525
911 529
911 530
911 541
911 582
911 593
911 605
911 644
911 646
911 651
911 653
911 655
911 657
911 670
911 676
911 708
911 710
911 711
911 715
911 719
911 721
911 772
911 774
911 779
911 783
911 785
911 836
911 838
911 839
911 843
911 847
911 849
911 861
911 896
911 902
911 903
911 913
911 925
911 967
911 975
911 977
911 989
911 1030
911 1035
911 1037
911 1039
911 1041
911 1092
911 1095
911 1099
911 1103
911 1105
911 1109
911 1124
911 1156
911 1158
911 1159
911 1167
911 1169
911 1181
911 1220
911 1222
911 1223
911 1227
911 1231
911 1233
912 720
912 755
912 784
912 848
912 976
912 1040
912 1104
913 13
913 68
913 78
913 81
913 97
913 100
913 102
913 132
913 134
913 135
913 142
913 143
913 164
913 196
913 199
913 205
913 207
913 209
913 260
913 261
913 270
913 271
913 273
913 292
913 320
913 324
913 327
913 333
913 335
913 338
913 353
913 356
913 388
913 391
913 397
913 399
913 401
913 420
913 452
913 455
913 465
913 516
913 525
913 527
913 530
913 593
913 644
913 651
913 653
913 655
913 670
913 673
913 674
913 676
913 678
913 708
913 711
913 715
913 719
913 721
913 772
913 779
913 783
913 785
913 804
913 836
913 839
913 843
913 847
913 849
913 896
913 903
913 911
913 967
913 971
913 975
913 977
913 1035
913 1037
913 1039
913 1041
913 1092
913 1095
913 1099
913 1103
913 1105
913 1109
913 1124
913 1125
913 1156
913 1159
913 1167
913 1169
913 1182
913 1220
913 1223
913 1227
913 1231
914 722
914 786
914 850
914 978
914 1042
914 1050
914 1083
914 1106
915 58
915 632
915 637
915 723
915 787
915 851
915 979
915 1043
915 1074
915 1107
916 724
916 788
916 852
916 980
916 1044
916 1108
916 1219
917 71
917 94
917 192
917 210
917 358
917 384
917 417
917 591
917 662
917 725
917 789
917 853
917 868
917 900
917 907
917 981
917 1028
917 1045
917 1109
917 1252
917 1254
918 109
918 234
918 345
918 380
918 524
918 726
918 790
918 854
918 982
918 1046
918 1110
918 1116
918 1144
919 183
919 316
919 446
919 727
919 791
919 855
919 983
919 1047
919 1111
920 660
920 728
920 792
920 856
920 984
920 1048
920 1079
920 1112
921 476
921 729
921 793
921 857
921 985
921 999
921 1049
921 1113
922 730
922 794
922 858
922 986
922 1050
922 1114
923 137
923 264
923 731
923 763
923 795
923 859
923 987
923 1051
923 1115
924 503
924 732
924 796
924 860
924 951
924 988
924 1052
924 1116
925 14
925 29
925 68
925 70
925 78
925 81
925 93
925 100
925 134
925 135
925 142
925 157
925 198
925 206
925 221
925 260
925 262
925 270
925 285
925 324
925 326
925 327
925 334
925 337
925 338
925 349
925 390
925 398
925 401
925 413
925 454
925 462
925 465
925 477
925 516
925 518
925 525
925 526
925 529
925 541
925 582
925 590
925 593
925 605
925 644
925 646
925 654
925 655
925 657
925 669
925 670
925 708
925 710
925 718
925 719
925 721
925 733
925 774
925 779
925 782
925 785
925 797
925 836
925 838
925 843
925 846
925 849
925 861
925 902
925 910
925 911
925 966
925 967
925 974
925 977
925 989
925 1030
925 1035
925 1038
925 1041
925 1053
925 1094
925 1095
925 1099
925 1102
925 1105
925 1117
925 1158
925 1159
925 1166
925 1169
925 1181
925 1220
925 1222
925 1223
925 1227
925 1230
925 1233
925 1245
926 351
926 734
926 798
926 862
926 990
926 1054
926 1118
927 735
927 799
927 863
927 991
927 1055
927 1119
928 422
928 606
928 736
928 800
928 864
928 992
928 1056
928 1088
928 1120
929 737
929 801
929 865
929 993
929 1057
929 1121
930 738
930 802
930 866
930 994
930 1058
930 1122
931 239
931 449
931 472
931 739
931 803
931 856
931 867
931 995
931 1059
931 1123
932 740
932 804
932 868
932 996
932 1060
932 1124
933 741
933 805
933 869
933 997
933 1061
933 1125
933 1221
934 742
934 806
934 870
934 998
934 1062
934 1126
935 743
935 807
935 871
935 999
935 1063
935 1127
936 513
936 744
936 808
936 827
936 872
936 1000
936 1064
936 1128
937 608
937 745
937 809
937 873
937 1001
937 1065
937 1129
938 746
938 810
938 874
938 1002
938 1066
938 1130
939 747
939 811
939 875
939 1003
939 1067
939 1131
940 748
940 812
940 876
940 1004
940 1068
940 1132
941 749
941 813
941 877
941 1005
941 1069
941 1133
942 42
942 750
942 814
942 878
942 1006
942 1070
942 1134
943 433
943 624
943 751
943 815
943 879
943 1007
943 1071
943 1135
944 148
944 174
944 308
944 366
944 752
944 816
944 880
944 1008
944 1072
944 1136
945 753
945 817
945 881
945 1009
945 1073
945 1137
946 754
946 818
946 882
946 1010
946 1074
946 1138
947 755
947 819
947 883
947 1011
947 1075
947 1087
947 1139
948 756
948 820
948 884
948 1012
948 1076
948 1140
949 61
949 561
949 757
949 821
949 885
949 1013
949 1066
949 1077
949 1141
950 250
950 758
950 822
950 823
950 886
950 979
950 1014
950 1078
950 1142
951 503
951 759
951 823
951 887
951 924
951 1015
951 1079
951 1143
952 83
952 760
952 824
952 888
952 1016
952 1080
952 1144
952 1267
953 761
953 825
953 889
953 1017
953 1081
953 1145
954 558
954 639
954 728
954 762
954 826
954 890
954 1018
954 1082
954 1146
955 763
955 827
955 891
955 1019
955 1083
955 1147
956 238
956 317
956 495
956 764
956 828
956 892
956 1020
956 1084
956 1148
957 720
957 765
957 829
957 893
957 1009
957 1021
957 1085
957 1149
958 751
958 766
958 830
958 894
958 1022
958 1086
958 1150
959 767
959 831
959 895
959 1023
959 1087
959 1151
959 1204
960 768
960 832
960 896
960 1024
960 1088
960 1152
961 395
961 642
961 769
961 833
961 897
961 1025
961 1089
961 1153
962 247
962 258
962 770
962 834
962 898
962 1026
962 1059
962 1090
962 1154
963 362
963 724
963 771
963 835
963 867
963 899
963 1027
963 1091
963 1155
963 1187
963 1194
964 64
964 77
964 132
964 143
964 164
964 199
964 205
964 207
964 210
964 261
964 292
964 356
964 391
964 397
964 417
964 420
964 452
964 455
964 463
964 519
964 527
964 581
964 591
964 647
964 653
964 673
964 674
964 678
964 717
964 768
964 772
964 775
964 804
964 836
964 847
964 868
964 896
964 900
964 903
964 907
964 971
964 981
964 1028
964 1031
964 1060
964 1092
964 1124
964 1125
964 1156
964 1165
964 1167
964 1182
964 1243
964 1252
965 773
965 837
965 901
965 1029
965 1093
965 1157
966 29
966 93
966 142
966 157
966 198
966 206
966 221
966 262
966 285
966 324
966 326
966 334
966 337
966 349
966 390
966 398
966 401
966 413
966 454
966 462
966 465
966 477
966 518
966 526
966 529
966 541
966 582
966 590
966 593
966 605
966 644
966 646
966 654
966 655
966 657
966 669
966 670
966 708
966 710
966 718
966 721
966 733
966 774
966 779
966 782
966 785
966 797
966 836
966 838
966 846
966 849
966 861
966 902
966 910
966 925
966 967
966 974
966 989
966 1030
966 1038
966 1041
966 1053
966 1094
966 1095
966 1099
966 1102
966 1105
966 1117
966 1158
966 1166
966 1169
966 1181
966 1222
966 1223
966 1227
966 1230
966 1233
966 1245
967 4
967 6
967 7
967 15
967 17
967 68
967 78
967 81
967 100
967 134
967 135
967 142
967 157
967 196
967 198
967 199
967 206
967 209
967 260
967 261
967 262
967 270
967 271
967 273
967 285
967 320
967 324
967 326
967 327
967 333
967 335
967 337
967 338
967 349
967 353
967 388
967 390
967 391
967 399
967 401
967 413
967 452
967 454
967 465
967 477
967 516
967 518
967 525
967 529
967 530
967 541
967 582
967 593
967 605
967 644
967 646
967 651
967 655
967 657
967 670
967 676
967 708
967 710
967 711
967 715
967 719
967 721
967 733
967 772
967 774
967 775
967 779
967 783
967 785
967 836
967 838
967 839
967 843
967 849
967 861
967 896
967 902
967 903
967 911
967 913
967 925
967 966
967 975
967 977
967 989
967 1030
967 1031
967 1035
967 1037
967 1039
967 1041
967 1092
967 1094
967 1095
967 1099
967 1103
967 1105
967 1109
967 1124
967 1156
967 1158
967 1159
967 1167
967 1169
967 1181
967 1220
967 1222
967 1223
967 1227
967 1231
967 1233
968 75
968 566
968 776
968 840
968 904
968 1032
968 1096
968 1160
969 8
969 69
969 133
969 197
969 263
969 328
969 389
969 453
969 520
969 583
969 645
969 712
969 773
969 777
969 837
969 841
969 901
969 905
969 1029
969 1033
969 1093
969 1097
969 1161
969 1216
969 1224
970 695
970 778
970 842
970 906
970 1034
970 1098
970 1162
971 36
971 102
971 132
971 134
971 135
971 143
971 164
971 196
971 199
971 205
971 207
971 209
971 260
971 261
971 270
971 271
971 273
971 292
971 320
971 327
971 333
971 335
971 338
971 353
971 356
971 388
971 391
971 397
971 399
971 420
971 452
971 455
971 463
971 516
971 519
971 527
971 530
971 581
971 591
971 647
971 651
971 653
971 673
971 674
971 676
971 678
971 711
971 715
971 717
971 768
971 772
971 775
971 779
971 783
971 804
971 839
971 843
971 847
971 896
971 900
971 903
971 907
971 913
971 964
971 975
971 981
971 1031
971 1035
971 1037
971 1039
971 1060
971 1092
971 1099
971 1103
971 1109
971 1124
971 1125
971 1156
971 1159
971 1163
971 1165
971 1167
971 1182
971 1231
971 1243
971 1252
972 169
972 344
972 780
972 844
972 908
972 1036
972 1100
972 1164
973 781
973 845
973 909
973 1037
973 1101
973 1165
974 29
974 93
974 142
974 157
974 198
974 206
974 221
974 262
974 285
974 324
974 326
974 334
974 337
974 349
974 390
974 398
974 401
974 413
974 454
974 462
974 465
974 477
974 518
974 526
974 529
974 541
974 582
974 590
974 605
974 644
974 646
974 654
974 655
974 657
974 669
974 710
974 718
974 733
974 774
974 779
974 782
974 785
974 797
974 836
974 838
974 846
974 849
974 861
974 902
974 910
974 925
974 966
974 989
974 1030
974 1038
974 1041
974 1053
974 1094
974 1099
974 1102
974 1105
974 1117
974 1158
974 1166
974 1169
974 1181
974 1222
974 1223
974 1227
974 1230
974 1233
974 1245
975 13
975 97
975 102
975 132
975 134
975 135
975 143
975 164
975 196
975 199
975 205
975 207
975 209
975 260
975 261
975 270
975 271
975 273
975 292
975 320
975 324
975 327
975 333
975 335
975 338
975 353
975 356
975 388
975 391
975 397
975 399
975 401
975 420
975 452
975 455
975 465
975 516
975 519
975 525
975 527
975 530
975 581
975 593
975 644
975 651
975 653
975 655
975 670
975 673
975 674
975 676
975 678
975 708
975 711
975 715
975 719
975 721
975 772
975 779
975 783
975 804
975 836
975 839
975 843
975 847
975 896
975 903
975 911
975 913
975 967
975 971
975 977
975 1035
975 1037
975 1039
975 1041
975 1092
975 1095
975 1099
975 1103
975 1109
975 1124
975 1125
975 1156
975 1159
975 1165
975 1167
975 1169
975 1182
975 1220
975 1223
975 1227
975 1231
976 602
976 687
976 753
976 784
976 848
976 912
976 1036
976 1040
976 1104
976 1168
977 4
977 6
977 7
977 15
977 17
977 68
977 81
977 100
977 134
977 135
977 142
977 157
977 196
977 198
977 199
977 206
977 207
977 209
977 260
977 261
977 262
977 270
977 271
977 273
977 285
977 292
977 320
977 324
977 326
977 327
977 333
977 335
977 337
977 338
977 353
977 356
977 388
977 390
977 391
977 399
977 401
977 452
977 454
977 465
977 477
977 516
977 518
977 525
977 529
977 530
977 582
977 593
977 605
977 644
977 646
977 651
977 653
977 655
977 657
977 670
977 676
977 708
977 710
977 711
977 715
977 719
977 721
977 772
977 774
977 779
977 783
977 785
977 836
977 838
977 839
977 843
977 849
977 861
977 896
977 902
977 903
977 911
977 913
977 925
977 967
977 975
977 989
977 1030
977 1035
977 1037
977 1039
977 1041
977 1092
977 1095
977 1099
977 1103
977 1105
977 1109
977 1124
977 1156
977 1158
977 1159
977 1167
977 1169
977 1220
977 1222
977 1223
977 1227
977 1231
977 1233
978 37
978 786
978 850
978 914
978 1042
978 1106
978 1170
979 250
979 787
979 823
979 851
979 915
979 950
979 1043
979 1107
979 1171
980 162
980 428
980 569
980 643
980 788
980 817
980 852
980 916
980 1017
980 1027
980 1044
980 1108
980 1172
981 64
981 77
981 132
981 143
981 164
981 192
981 205
981 210
981 292
981 356
981 384
981 397
981 417
981 420
981 455
981 463
981 519
981 527
981 581
981 591
981 647
981 653
981 673
981 674
981 678
981 717
981 768
981 775
981 789
981 804
981 847
981 853
981 868
981 900
981 907
981 917
981 964
981 971
981 1028
981 1031
981 1045
981 1060
981 1109
981 1125
981 1165
981 1173
981 1182
981 1243
981 1252
982 693
982 790
982 844
982 854
982 873
982 918
982 1046
982 1078
982 1110
982 1150
982 1174
983 596
983 625
983 791
983 855
983 919
983 1047
983 1111
983 1175
984 255
984 574
984 761
984 792
984 856
984 920
984 1048
984 1112
984 1176
985 212
985 509
985 793
985 857
985 921
985 1043
985 1049
985 1058
985 1113
985 1177
986 794
986 858
986 922
986 1050
986 1114
986 1178
987 149
987 795
987 859
987 923
987 1051
987 1115
987 1179
988 72
988 677
988 796
988 860
988 924
988 1052
988 1116
988 1180
989 14
989 29
989 70
989 93
989 134
989 135
989 142
989 157
989 198
989 206
989 221
989 260
989 262
989 285
989 324
989 326
989 327
989 334
989 337
989 338
989 349
989 390
989 398
989 401
989 413
989 454
989 462
989 465
989 477
989 518
989 525
989 526
989 529
989 541
989 582
989 590
989 593
989 605
989 644
989 646
989 654
989 655
989 657
989 669
989 670
989 708
989 710
989 718
989 719
989 721
989 733
989 774
989 779
989 782
989 785
989 797
989 836
989 838
989 843
989 846
989 849
989 861
989 902
989 910
989 911
989 925
989 966
989 967
989 974
989 977
989 1030
989 1035
989 1038
989 1041
989 1053
989 1094
989 1095
989 1099
989 1102
989 1105
989 1117
989 1158
989 1159
989 1166
989 1169
989 1181
989 1220
989 1222
989 1223
989 1227
989 1230
989 1233
989 1245
990 798
990 862
990 926
990 1054
990 1118
990 1182
990 1237
991 799
991 863
991 927
991 1055
991 1084
991 1119
991 1183
992 40
992 291
992 293
992 800
992 864
992 928
992 1056
992 1120
992 1184
993 801
993 865
993 929
993 1057
993 1121
993 1185
994 92
994 567
994 802
994 866
994 930
994 1058
994 1122
994 1186
995 50
995 803
995 867
995 931
995 1059
995 1123
995 1187
995 1198
996 804
996 868
996 932
996 1060
996 1124
996 1188
997 86
997 229
997 668
997 805
997 869
997 933
997 1061
997 1125
997 1189
997 1249
998 806
998 870
998 934
998 1062
998 1126
998 1190
999 476
999 807
999 871
999 921
999 935
999 1063
999 1127
999 1191
1000 808
1000 872
1000 936
1000 1064
1000 1128
1000 1154
1000 1192
1001 313
1001 809
1001 873
1001 937
1001 1065
1001 1129
1001 1193
1001 1199
1002 272
1002 532
1002 810
1002 874
1002 938
1002 1066
1002 1130
1002 1194
1003 811
1003 875
1003 939
1003 1067
1003 1131
1003 1195
1004 812
1004 876
1004 940
1004 1007
1004 1068
1004 1132
1004 1196
1004 1260
1005 252
1005 686
1005 813
1005 877
1005 941
1005 1069
1005 1133
1005 1197
1005 1240
1006 180
1006 814
1006 878
1006 884
1006 942
1006 1070
1006 1134
1006 1198
1007 815
1007 879
1007 943
1007 1004
1007 1071
1007 1135
1007 1196
1007 1199
1007 1260
1008 168
1008 816
1008 880
1008 944
1008 1072
1008 1136
1008 1200
1009 720
1009 817
1009 881
1009 945
1009 957
1009 1073
1009 1137
1009 1201
1010 52
1010 818
1010 882
1010 946
1010 1074
1010 1138
1010 1202
1011 819
1011 883
1011 947
1011 1075
1011 1139
1011 1203
1012 787
1012 820
1012 884
1012 948
1012 1076
1012 1140
1012 1204
1013 700
1013 732
1013 792
1013 821
1013 885
1013 949
1013 1077
1013 1141
1013 1205
1014 822
1014 886
1014 950
1014 1078
1014 1142
1014 1206
1015 823
1015 887
1015 951
1015 1079
1015 1143
1015 1207
1016 302
1016 824
1016 888
1016 952
1016 1080
1016 1144
1016 1208
1017 162
1017 428
1017 569
1017 643
1017 817
1017 825
1017 889
1017 953
1017 980
1017 1027
1017 1081
1017 1145
1017 1209
1018 186
1018 826
1018 890
1018 954
1018 1082
1018 1146
1018 1210
1019 827
1019 891
1019 955
1019 1063
1019 1083
1019 1147
1019 1211
1020 378
1020 764
1020 828
1020 892
1020 956
1020 1084
1020 1136
1020 1148
1020 1212
1021 253
1021 499
1021 829
1021 893
1021 957
1021 1085
1021 1149
1021 1213
1022 830
1022 894
1022 958
1022 1086
1022 1150
1022 1214
1023 831
1023 895
1023 959
1023 1087
1023 1151
1023 1215
1024 832
1024 896
1024 960
1024 1088
1024 1152
1024 1216
1025 95
1025 833
1025 877
1025 897
1025 961
1025 1089
1025 1153
1025 1217
1026 166
1026 664
1026 834
1026 898
1026 962
1026 1090
1026 1154
1026 1218
1027 162
1027 428
1027 569
1027 643
1027 817
1027 835
1027 899
1027 963
1027 980
1027 1017
1027 1091
1027 1155
1027 1219
1028 71
1028 192
1028 205
1028 210
1028 384
1028 397
1028 417
1028 455
1028 463
1028 519
1028 527
1028 581
1028 591
1028 647
1028 662
1028 673
1028 678
1028 717
1028 768
1028 775
1028 804
1028 836
1028 847
1028 868
1028 900
1028 907
1028 917
1028 964
1028 981
1028 1031
1028 1060
1028 1092
1028 1125
1028 1156
1028 1165
1028 1220
1028 1243
1028 1252
1029 8
1029 69
1029 133
1029 197
1029 263
1029 328
1029 389
1029 453
1029 520
1029 583
1029 645
1029 712
1029 773
1029 837
1029 901
1029 965
1029 969
1029 1093
1029 1157
1029 1161
1029 1216
1029 1221
1029 1224
1030 14
1030 17
1030 70
1030 78
1030 81
1030 93
1030 142
1030 157
1030 198
1030 206
1030 221
1030 260
1030 262
1030 270
1030 273
1030 285
1030 324
1030 326
1030 327
1030 333
1030 334
1030 335
1030 337
1030 338
1030 349
1030 353
1030 388
1030 390
1030 398
1030 401
1030 413
1030 454
1030 462
1030 465
1030 477
1030 516
1030 518
1030 525
1030 526
1030 529
1030 530
1030 541
1030 582
1030 590
1030 593
1030 605
1030 644
1030 646
1030 651
1030 654
1030 655
1030 657
1030 669
1030 670
1030 708
1030 710
1030 711
1030 715
1030 718
1030 719
1030 721
1030 733
1030 774
1030 779
1030 782
1030 783
1030 785
1030 797
1030 836
1030 838
1030 843
1030 846
1030 849
1030 861
1030 902
1030 910
1030 911
1030 925
1030 966
1030 967
1030 974
1030 977
1030 989
1030 1035
1030 1038
1030 1041
1030 1053
1030 1094
1030 1095
1030 1099
1030 1102
1030 1105
1030 1117
1030 1158
1030 1159
1030 1166
1030 1169
1030 1181
1030 1220
1030 1222
1030 1223
1030 1227
1030 1231
1030 1233
1030 1245
1031 64
1031 77
1031 192
1031 205
1031 207
1031 210
1031 292
1031 356
1031 384
1031 397
1031 417
1031 420
1031 455
1031 463
1031 519
1031 527
1031 581
1031 591
1031 647
1031 653
1031 673
1031 674
1031 678
1031 717
1031 768
1031 775
1031 804
1031 839
1031 847
1031 868
1031 896
1031 900
1031 903
1031 907
1031 964
1031 967
1031 971
1031 981
1031 1028
1031 1060
1031 1095
1031 1124
1031 1125
1031 1159
1031 1165
1031 1182
1031 1223
1031 1243
1031 1252
1032 672
1032 840
1032 904
1032 968
1032 1096
1032 1160
1032 1224
1033 841
1033 905
1033 969
1033 1097
1033 1161
1033 1225
1034 195
1034 535
1034 578
1034 813
1034 842
1034 906
1034 970
1034 1098
1034 1162
1034 1226
1035 4
1035 6
1035 7
1035 15
1035 17
1035 68
1035 81
1035 100
1035 134
1035 135
1035 196
1035 198
1035 199
1035 206
1035 207
1035 209
1035 260
1035 261
1035 262
1035 270
1035 271
1035 273
1035 285
1035 320
1035 324
1035 326
1035 327
1035 333
1035 335
1035 337
1035 338
1035 353
1035 356
1035 388
1035 390
1035 391
1035 399
1035 401
1035 413
1035 452
1035 454
1035 465
1035 477
1035 516
1035 518
1035 525
1035 529
1035 530
1035 541
1035 582
1035 593
1035 605
1035 644
1035 646
1035 651
1035 653
1035 655
1035 657
1035 670
1035 676
1035 708
1035 710
1035 711
1035 715
1035 719
1035 721
1035 772
1035 774
1035 779
1035 783
1035 785
1035 836
1035 838
1035 839
1035 843
1035 849
1035 861
1035 896
1035 902
1035 903
1035 907
1035 911
1035 913
1035 925
1035 967
1035 971
1035 975
1035 977
1035 989
1035 1030
1035 1037
1035 1039
1035 1041
1035 1092
1035 1095
1035 1099
1035 1103
1035 1105
1035 1109
1035 1124
1035 1156
1035 1158
1035 1159
1035 1163
1035 1167
1035 1169
1035 1181
1035 1220
1035 1222
1035 1223
1035 1227
1035 1231
1035 1233
1036 602
1036 687
1036 753
1036 844
1036 908
1036 972
1036 976
1036 1100
1036 1164
1036 1228
1037 13
1037 97
1037 100
1037 134
1037 135
1037 196
1037 198
1037 199
1037 205
1037 207
1037 209
1037 260
1037 261
1037 270
1037 271
1037 273
1037 285
1037 292
1037 320
1037 324
1037 327
1037 333
1037 335
1037 337
1037 338
1037 353
1037 356
1037 388
1037 391
1037 397
1037 399
1037 401
1037 420
1037 452
1037 455
1037 465
1037 477
1037 516
1037 518
1037 525
1037 527
1037 529
1037 530
1037 593
1037 644
1037 651
1037 653
1037 655
1037 657
1037 670
1037 673
1037 674
1037 676
1037 678
1037 708
1037 711
1037 715
1037 719
1037 721
1037 772
1037 779
1037 783
1037 785
1037 836
1037 839
1037 843
1037 845
1037 847
1037 849
1037 896
1037 903
1037 909
1037 911
1037 913
1037 967
1037 971
1037 973
1037 975
1037 977
1037 1035
1037 1039
1037 1041
1037 1092
1037 1095
1037 1099
1037 1101
1037 1103
1037 1105
1037 1109
1037 1124
1037 1156
1037 1159
1037 1165
1037 1167
1037 1169
1037 1182
1037 1220
1037 1222
1037 1223
1037 1227
1037 1229
1037 1231
1037 1233
1038 29
1038 198
1038 206
1038 221
1038 262
1038 285
1038 326
1038 334
1038 337
1038 349
1038 390
1038 398
1038 413
1038 454
1038 462
1038 477
1038 518
1038 526
1038 529
1038 541
1038 582
1038 590
1038 605
1038 646
1038 654
1038 657
1038 669
1038 710
1038 718
1038 733
1038 774
1038 782
1038 785
1038 797
1038 838
1038 846
1038 849
1038 861
1038 902
1038 910
1038 925
1038 966
1038 974
1038 989
1038 1030
1038 1053
1038 1094
1038 1102
1038 1105
1038 1117
1038 1158
1038 1166
1038 1181
1038 1222
1038 1230
1038 1233
1038 1245
1039 13
1039 97
1039 100
1039 102
1039 134
1039 135
1039 196
1039 199
1039 205
1039 207
1039 209
1039 260
1039 261
1039 270
1039 271
1039 273
1039 292
1039 320
1039 324
1039 327
1039 333
1039 335
1039 338
1039 353
1039 356
1039 388
1039 391
1039 397
1039 399
1039 401
1039 420
1039 452
1039 455
1039 465
1039 477
1039 516
1039 525
1039 527
1039 530
1039 593
1039 644
1039 651
1039 653
1039 655
1039 657
1039 670
1039 673
1039 674
1039 676
1039 678
1039 708
1039 711
1039 715
1039 719
1039 721
1039 772
1039 779
1039 783
1039 785
1039 836
1039 839
1039 843
1039 847
1039 896
1039 903
1039 911
1039 913
1039 967
1039 971
1039 975
1039 977
1039 1035
1039 1037
1039 1041
1039 1092
1039 1095
1039 1099
1039 1103
1039 1105
1039 1109
1039 1124
1039 1125
1039 1156
1039 1159
1039 1167
1039 1169
1039 1182
1039 1220
1039 1223
1039 1227
1039 1231
1040 360
1040 754
1040 848
1040 912
1040 976
1040 1104
1040 1168
1040 1212
1040 1232
1041 4
1041 6
1041 7
1041 15
1041 17
1041 68
1041 70
1041 78
1041 81
1041 100
1041 134
1041 135
1041 142
1041 196
1041 198
1041 199
1041 206
1041 209
1041 221
1041 260
1041 261
1041 262
1041 270
1041 271
1041 273
1041 285
1041 320
1041 324
1041 326
1041 327
1041 333
1041 335
1041 337
1041 338
1041 349
1041 353
1041 388
1041 390
1041 391
1041 398
1041 399
1041 401
1041 413
1041 452
1041 454
1041 462
1041 465
1041 477
1041 516
1041 518
1041 525
1041 529
1041 530
1041 541
1041 582
1041 593
1041 605
1041 644
1041 646
1041 651
1041 655
1041 657
1041 670
1041 676
1041 708
1041 710
1041 711
1041 715
1041 719
1041 721
1041 733
1041 774
1041 779
1041 783
1041 785
1041 836
1041 838
1041 839
1041 843
1041 849
1041 861
1041 902
1041 903
1041 910
1041 911
1041 913
1041 925
1041 966
1041 967
1041 974
1041 975
1041 977
1041 989
1041 1030
1041 1035
1041 1037
1041 1039
1041 1053
1041 1092
1041 1094
1041 1095
1041 1099
1041 1103
1041 1105
1041 1109
1041 1117
1041 1156
1041 1158
1041 1159
1041 1167
1041 1169
1041 1181
1041 1220
1041 1222
1041 1223
1041 1227
1041 1231
1041 1233
1042 576
1042 850
1042 914
1042 978
1042 1106
1042 1170
1042 1234
1043 212
1043 509
1043 851
1043 915
1043 979
1043 985
1043 1058
1043 1107
1043 1171
1043 1235
1044 48
1044 810
1044 852
1044 916
1044 980
1044 1108
1044 1119
1044 1172
1044 1236
1045 853
1045 917
1045 981
1045 1109
1045 1173
1045 1237
1046 854
1046 918
1046 982
1046 1110
1046 1174
1046 1238
1047 698
1047 855
1047 919
1047 983
1047 1111
1047 1175
1047 1239
1048 115
1048 702
1048 856
1048 920
1048 984
1048 1112
1048 1176
1048 1240
1049 857
1049 921
1049 985
1049 1113
1049 1177
1049 1239
1049 1241
1050 858
1050 914
1050 922
1050 986
1050 1083
1050 1114
1050 1178
1050 1242
1051 859
1051 923
1051 987
1051 1115
1051 1179
1051 1243
1052 860
1052 924
1052 988
1052 1116
1052 1180
1052 1244
1053 29
1053 93
1053 157
1053 198
1053 206
1053 221
1053 262
1053 285
1053 324
1053 326
1053 334
1053 337
1053 349
1053 390
1053 398
1053 401
1053 413
1053 454
1053 462
1053 465
1053 477
1053 518
1053 526
1053 529
1053 541
1053 582
1053 590
1053 593
1053 605
1053 644
1053 646
1053 654
1053 655
1053 657
1053 669
1053 670
1053 710
1053 718
1053 721
1053 733
1053 774
1053 779
1053 782
1053 785
1053 797
1053 836
1053 838
1053 846
1053 849
1053 861
1053 902
1053 910
1053 925
1053 966
1053 974
1053 989
1053 1030
1053 1038
1053 1041
1053 1094
1053 1095
1053 1099
1053 1102
1053 1105
1053 1117
1053 1158
1053 1166
1053 1169
1053 1181
1053 1222
1053 1223
1053 1227
1053 1230
1053 1233
1053 1245
1054 840
1054 862
1054 926
1054 990
1054 1118
1054 1182
1054 1246
1055 286
1055 863
1055 927
1055 991
1055 1119
1055 1183
1055 1247
1056 226
1056 652
1056 864
1056 928
1056 992
1056 1120
1056 1184
1056 1248
1056 1269
1057 523
1057 865
1057 929
1057 993
1057 1121
1057 1185
1057 1249
1058 212
1058 509
1058 866
1058 930
1058 985
1058 994
1058 1043
1058 1122
1058 1186
1058 1250
1059 247
1059 258
1059 867
1059 931
1059 962
1059 995
1059 1123
1059 1187
1059 1251
1060 64
1060 77
1060 143
1060 164
1060 199
1060 205
1060 207
1060 210
1060 261
1060 292
1060 356
1060 391
1060 397
1060 417
1060 420
1060 452
1060 455
1060 463
1060 519
1060 527
1060 581
1060 591
1060 647
1060 653
1060 673
1060 674
1060 678
1060 717
1060 768
1060 772
1060 775
1060 804
1060 847
1060 868
1060 896
1060 900
1060 907
1060 932
1060 964
1060 971
1060 981
1060 996
1060 1028
1060 1031
1060 1124
1060 1125
1060 1156
1060 1165
1060 1182
1060 1188
1060 1243
1060 1252
1061 869
1061 933
1061 997
1061 1125
1061 1189
1061 1253
1062 870
1062 934
1062 998
1062 1126
1062 1190
1062 1254
1063 871
1063 935
1063 999
1063 1019
1063 1127
1063 1191
1063 1255
1064 20
1064 872
1064 936
1064 1000
1064 1128
1064 1192
1064 1256
1065 103
1065 248
1065 386
1065 873
1065 937
1065 1001
1065 1129
1065 1143
1065 1193
1065 1257
1066 61
1066 561
1066 874
1066 938
1066 949
1066 1002
1066 1130
1066 1194
1066 1258
1067 875
1067 939
1067 1003
1067 1131
1067 1195
1067 1259
1068 43
1068 299
1068 876
1068 940
1068 1004
1068 1132
1068 1196
1068 1214
1068 1260
1069 683
1069 756
1069 877
1069 941
1069 1005
1069 1133
1069 1197
1069 1261
1070 878
1070 942
1070 1006
1070 1134
1070 1198
1070 1262
1071 879
1071 943
1071 1007
1071 1135
1071 1199
1071 1263
1072 125
1072 880
1072 944
1072 1008
1072 1080
1072 1136
1072 1200
1072 1264
1073 767
1073 881
1073 945
1073 1009
1073 1137
1073 1201
1073 1265
1074 58
1074 632
1074 637
1074 882
1074 915
1074 946
1074 1010
1074 1138
1074 1202
1074 1266
1075 511
1075 575
1075 883
1075 947
1075 1011
1075 1139
1075 1203
1075 1267
1076 126
1076 245
1076 450
1076 769
1076 807
1076 884
1076 948
1076 1012
1076 1140
1076 1204
1076 1268
1077 31
1077 882
1077 885
1077 949
1077 1013
1077 1133
1077 1141
1077 1205
1077 1269
1078 693
1078 844
1078 873
1078 886
1078 950
1078 982
1078 1014
1078 1142
1078 1150
1078 1206
1078 1270
1079 660
1079 887
1079 920
1079 951
1079 1015
1079 1143
1079 1207
1079 1271
1080 125
1080 888
1080 952
1080 1016
1080 1072
1080 1144
1080 1208
1080 1272
1081 301
1081 318
1081 703
1081 889
1081 953
1081 1017
1081 1145
1081 1209
1081 1273
1082 890
1082 954
1082 1018
1082 1146
1082 1210
1082 1274
1083 891
1083 914
1083 955
1083 1019
1083 1050
1083 1147
1083 1211
1083 1275
1084 892
1084 956
1084 991
1084 1020
1084 1148
1084 1212
1084 1276
1085 364
1085 893
1085 957
1085 1021
1085 1149
1085 1213
1085 1277
1086 51
1086 588
1086 684
1086 894
1086 958
1086 1022
1086 1150
1086 1214
1086 1278
1087 895
1087 947
1087 959
1087 1023
1087 1151
1087 1215
1087 1279
1088 422
1088 606
1088 896
1088 928
1088 960
1088 1024
1088 1152
1088 1216
1089 897
1089 961
1089 1025
1089 1153
1089 1217
1090 150
1090 898
1090 962
1090 1026
1090 1154
1090 1218
1091 153
1091 488
1091 824
1091 899
1091 963
1091 1027
1091 1155
1091 1219
1092 13
1092 97
1092 102
1092 196
1092 199
1092 209
1092 260
1092 261
1092 270
1092 271
1092 273
1092 292
1092 320
1092 324
1092 327
1092 333
1092 335
1092 338
1092 353
1092 356
1092 388
1092 391
1092 397
1092 399
1092 401
1092 420
1092 452
1092 455
1092 465
1092 516
1092 525
1092 527
1092 530
1092 581
1092 593
1092 644
1092 651
1092 653
1092 655
1092 670
1092 673
1092 674
1092 676
1092 678
1092 708
1092 711
1092 715
1092 719
1092 721
1092 772
1092 779
1092 783
1092 785
1092 804
1092 836
1092 839
1092 843
1092 847
1092 896
1092 900
1092 903
1092 911
1092 913
1092 964
1092 967
1092 971
1092 975
1092 977
1092 1028
1092 1035
1092 1037
1092 1039
1092 1041
1092 1095
1092 1099
1092 1103
1092 1109
1092 1124
1092 1125
1092 1156
1092 1159
1092 1167
1092 1169
1092 1182
1092 1220
1092 1223
1092 1227
1092 1231
1093 8
1093 69
1093 133
1093 197
1093 263
1093 328
1093 389
1093 453
1093 520
1093 583
1093 645
1093 712
1093 773
1093 837
1093 901
1093 965
1093 969
1093 1029
1093 1157
1093 1161
1093 1216
1093 1221
1093 1224
1094 29
1094 93
1094 157
1094 206
1094 221
1094 262
1094 285
1094 324
1094 326
1094 334
1094 337
1094 349
1094 390
1094 398
1094 401
1094 413
1094 454
1094 462
1094 465
1094 477
1094 518
1094 526
1094 529
1094 541
1094 582
1094 590
1094 593
1094 605
1094 644
1094 646
1094 654
1094 655
1094 657
1094 669
1094 670
1094 708
1094 710
1094 718
1094 721
1094 733
1094 774
1094 779
1094 782
1094 785
1094 797
1094 836
1094 838
1094 846
1094 849
1094 861
1094 902
1094 910
1094 925
1094 966
1094 967
1094 974
1094 989
1094 1030
1094 1038
1094 1041
1094 1053
1094 1095
1094 1099
1094 1102
1094 1105
1094 1117
1094 1158
1094 1166
1094 1169
1094 1181
1094 1222
1094 1223
1094 1227
1094 1230
1094 1233
1094 1245
1095 4
1095 6
1095 7
1095 15
1095 17
1095 68
1095 78
1095 81
1095 100
1095 134
1095 135
1095 142
1095 260
1095 261
1095 262
1095 270
1095 271
1095 273
1095 285
1095 320
1095 324
1095 326
1095 327
1095 333
1095 335
1095 337
1095 338
1095 349
1095 353
1095 388
1095 390
1095 391
1095 399
1095 401
1095 413
1095 452
1095 454
1095 465
1095 477
1095 516
1095 518
1095 525
1095 529
1095 530
1095 541
1095 582
1095 593
1095 605
1095 644
1095 646
1095 651
1095 655
1095 657
1095 670
1095 676
1095 708
1095 710
1095 711
1095 715
1095 719
1095 721
1095 733
1095 772
1095 774
1095 779
1095 783
1095 785
1095 836
1095 838
1095 839
1095 843
1095 849
1095 861
1095 896
1095 902
1095 903
1095 911
1095 913
1095 925
1095 966
1095 967
1095 975
1095 977
1095 989
1095 1030
1095 1031
1095 1035
1095 1037
1095 1039
1095 1041
1095 1053
1095 1092
1095 1094
1095 1099
1095 1103
1095 1105
1095 1109
1095 1124
1095 1156
1095 1158
1095 1159
1095 1167
1095 1169
1095 1181
1095 1220
1095 1222
1095 1223
1095 1227
1095 1231
1095 1233
1096 82
1096 667
1096 904
1096 968
1096 1032
1096 1160
1096 1188
1096 1224
1097 832
1097 905
1097 969
1097 1033
1097 1161
1097 1225
1098 906
1098 970
1098 1034
1098 1160
1098 1162
1098 1226
1099 4
1099 6
1099 7
1099 14
1099 15
1099 17
1099 68
1099 70
1099 78
1099 81
1099 142
1099 198
1099 260
1099 261
1099 262
1099 270
1099 271
1099 273
1099 285
1099 320
1099 324
1099 326
1099 327
1099 333
1099 335
1099 337
1099 338
1099 349
1099 353
1099 388
1099 390
1099 391
1099 398
1099 399
1099 401
1099 413
1099 454
1099 462
1099 465
1099 477
1099 516
1099 518
1099 525
1099 529
1099 530
1099 541
1099 582
1099 590
1099 593
1099 605
1099 644
1099 646
1099 651
1099 655
1099 657
1099 669
1099 670
1099 676
1099 708
1099 710
1099 711
1099 715
1099 719
1099 721
1099 733
1099 774
1099 779
1099 783
1099 785
1099 797
1099 836
1099 838
1099 839
1099 843
1099 846
1099 849
1099 861
1099 902
1099 903
1099 907
1099 910
1099 911
1099 913
1099 925
1099 966
1099 967
1099 971
1099 974
1099 975
1099 977
1099 989
1099 1030
1099 1035
1099 1037
1099 1039
1099 1041
1099 1053
1099 1092
1099 1094
1099 1095
1099 1103
1099 1105
1099 1109
1099 1117
1099 1158
1099 1159
1099 1163
1099 1166
1099 1167
1099 1169
1099 1181
1099 1220
1099 1222
1099 1223
1099 1227
1099 1231
1099 1233
1099 1245
1100 908
1100 972
1100 1036
1100 1164
1100 1228
1100 1275
1101 909
1101 973
1101 1037
1101 1165
1101 1229
1102 221
1102 262
1102 285
1102 326
1102 334
1102 337
1102 349
1102 390
1102 398
1102 413
1102 454
1102 462
1102 477
1102 518
1102 526
1102 529
1102 541
1102 582
1102 590
1102 605
1102 646
1102 654
1102 657
1102 669
1102 710
1102 718
1102 733
1102 774
1102 782
1102 797
1102 838
1102 846
1102 849
1102 861
1102 902
1102 910
1102 925
1102 966
1102 974
1102 989
1102 1030
1102 1038
1102 1053
1102 1094
1102 1105
1102 1117
1102 1158
1102 1166
1102 1181
1102 1222
1102 1230
1102 1233
1102 1245
1103 13
1103 97
1103 100
1103 102
1103 134
1103 135
1103 196
1103 199
1103 209
1103 260
1103 261
1103 270
1103 271
1103 273
1103 292
1103 320
1103 324
1103 327
1103 333
1103 335
1103 337
1103 338
1103 353
1103 356
1103 388
1103 391
1103 397
1103 399
1103 401
1103 420
1103 452
1103 455
1103 465
1103 477
1103 516
1103 525
1103 527
1103 530
1103 593
1103 644
1103 651
1103 653
1103 655
1103 657
1103 670
1103 673
1103 674
1103 676
1103 678
1103 708
1103 711
1103 715
1103 719
1103 721
1103 772
1103 779
1103 783
1103 785
1103 836
1103 839
1103 843
1103 847
1103 849
1103 896
1103 903
1103 911
1103 913
1103 967
1103 971
1103 975
1103 977
1103 1035
1103 1037
1103 1039
1103 1041
1103 1092
1103 1095
1103 1099
1103 1105
1103 1109
1103 1124
1103 1125
1103 1156
1103 1159
1103 1167
1103 1169
1103 1182
1103 1220
1103 1223
1103 1227
1103 1231
1104 897
1104 912
1104 976
1104 1040
1104 1168
1104 1232
1105 6
1105 14
1105 15
1105 17
1105 70
1105 78
1105 81
1105 142
1105 157
1105 198
1105 206
1105 260
1105 262
1105 270
1105 271
1105 273
1105 285
1105 320
1105 324
1105 326
1105 327
1105 333
1105 335
1105 337
1105 338
1105 349
1105 353
1105 388
1105 390
1105 398
1105 399
1105 401
1105 413
1105 454
1105 462
1105 465
1105 477
1105 516
1105 518
1105 525
1105 526
1105 529
1105 530
1105 541
1105 582
1105 590
1105 593
1105 605
1105 644
1105 646
1105 651
1105 655
1105 657
1105 669
1105 670
1105 676
1105 708
1105 710
1105 711
1105 715
1105 719
1105 721
1105 733
1105 774
1105 779
1105 783
1105 785
1105 797
1105 836
1105 838
1105 839
1105 843
1105 846
1105 849
1105 861
1105 902
1105 910
1105 911
1105 913
1105 925
1105 966
1105 967
1105 974
1105 977
1105 989
1105 1030
1105 1035
1105 1037
1105 1038
1105 1039
1105 1041
1105 1053
1105 1094
1105 1095
1105 1099
1105 1102
1105 1103
1105 1109
1105 1117
1105 1158
1105 1159
1105 1166
1105 1169
1105 1181
1105 1220
1105 1222
1105 1223
1105 1227
1105 1231
1105 1233
1105 1245
1106 914
1106 978
1106 1042
1106 1170
1106 1234
1107 304
1107 915
1107 979
1107 1043
1107 1171
1107 1235
1108 916
1108 980
1108 1044
1108 1172
1108 1236
1108 1271
1109 13
1109 97
1109 102
1109 196
1109 199
1109 209
1109 260
1109 261
1109 270
1109 271
1109 273
1109 292
1109 320
1109 324
1109 327
1109 333
1109 335
1109 338
1109 353
1109 356
1109 388
1109 391
1109 397
1109 399
1109 401
1109 420
1109 452
1109 455
1109 465
1109 516
1109 525
1109 527
1109 530
1109 593
1109 644
1109 651
1109 653
1109 655
1109 670
1109 673
1109 674
1109 676
1109 678
1109 708
1109 711
1109 715
1109 719
1109 721
1109 772
1109 779
1109 783
1109 785
1109 804
1109 836
1109 839
1109 843
1109 847
1109 896
1109 903
1109 911
1109 913
1109 917
1109 967
1109 971
1109 975
1109 977
1109 981
1109 1035
1109 1037
1109 1039
1109 1041
1109 1045
1109 1092
1109 1095
1109 1099
1109 1103
1109 1105
1109 1124
1109 1125
1109 1156
1109 1159
1109 1167
1109 1169
1109 1173
1109 1182
1109 1220
1109 1223
1109 1227
1109 1231
1109 1237
1110 680
1110 906
1110 918
1110 982
1110 1046
1110 1174
1110 1238
1111 147
1111 188
1111 747
1111 919
1111 983
1111 1047
1111 1175
1111 1239
1112 179
1112 920
1112 984
1112 1048
1112 1176
1112 1240
1113 822
1113 862
1113 921
1113 985
1113 1049
1113 1177
1113 1241
1114 98
1114 631
1114 743
1114 922
1114 986
1114 1050
1114 1178
1114 1242
1115 165
1115 923
1115 987
1115 1051
1115 1179
1115 1243
1116 109
1116 234
1116 345
1116 380
1116 524
1116 918
1116 924
1116 988
1116 1052
1116 1144
1116 1180
1116 1244
1117 29
1117 93
1117 157
1117 206
1117 221
1117 262
1117 285
1117 324
1117 326
1117 334
1117 337
1117 349
1117 390
1117 398
1117 401
1117 413
1117 454
1117 462
1117 465
1117 477
1117 518
1117 526
1117 529
1117 541
1117 582
1117 590
1117 593
1117 605
1117 644
1117 646
1117 654
1117 655
1117 657
1117 669
1117 710
1117 718
1117 733
1117 774
1117 779
1117 782
1117 785
1117 797
1117 836
1117 838
1117 846
1117 849
1117 861
1117 902
1117 910
1117 925
1117 966
1117 974
1117 989
1117 1030
1117 1038
1117 1041
1117 1053
1117 1094
1117 1099
1117 1102
1117 1105
1117 1158
1117 1166
1117 1169
1117 1181
1117 1222
1117 1223
1117 1227
1117 1230
1117 1233
1117 1245
1118 742
1118 926
1118 990
1118 1054
1118 1182
1118 1246
1119 48
1119 810
1119 927
1119 991
1119 1044
1119 1055
1119 1183
1119 1247
1120 928
1120 992
1120 1056
1120 1184
1120 1248
1121 315
1121 929
1121 993
1121 1057
1121 1185
1121 1249
1122 811
1122 815
1122 930
1122 994
1122 1058
1122 1186
1122 1250
1123 931
1123 995
1123 1059
1123 1187
1123 1251
1124 36
1124 102
1124 132
1124 199
1124 207
1124 260
1124 261
1124 270
1124 271
1124 273
1124 292
1124 320
1124 327
1124 333
1124 335
1124 338
1124 353
1124 356
1124 388
1124 391
1124 397
1124 399
1124 420
1124 452
1124 455
1124 463
1124 516
1124 519
1124 525
1124 527
1124 530
1124 581
1124 593
1124 647
1124 651
1124 653
1124 670
1124 673
1124 674
1124 676
1124 678
1124 708
1124 711
1124 715
1124 717
1124 719
1124 721
1124 768
1124 772
1124 775
1124 783
1124 804
1124 836
1124 839
1124 843
1124 847
1124 896
1124 903
1124 911
1124 913
1124 932
1124 964
1124 967
1124 971
1124 975
1124 977
1124 996
1124 1031
1124 1035
1124 1037
1124 1039
1124 1060
1124 1092
1124 1095
1124 1103
1124 1109
1124 1125
1124 1156
1124 1159
1124 1165
1124 1167
1124 1182
1124 1188
1124 1220
1124 1231
1124 1243
1124 1252
1125 36
1125 64
1125 77
1125 132
1125 143
1125 164
1125 205
1125 261
1125 292
1125 320
1125 356
1125 391
1125 397
1125 399
1125 417
1125 420
1125 452
1125 455
1125 463
1125 519
1125 527
1125 581
1125 591
1125 647
1125 653
1125 673
1125 674
1125 676
1125 678
1125 717
1125 768
1125 772
1125 775
1125 804
1125 839
1125 847
1125 868
1125 896
1125 900
1125 903
1125 913
1125 933
1125 964
1125 971
1125 975
1125 981
1125 997
1125 1028
1125 1031
1125 1039
1125 1060
1125 1061
1125 1092
1125 1103
1125 1109
1125 1124
1125 1156
1125 1165
1125 1167
1125 1182
1125 1189
1125 1243
1125 1252
1125 1253
1126 934
1126 998
1126 1062
1126 1190
1126 1254
1126 1268
1127 857
1127 935
1127 999
1127 1063
1127 1191
1127 1255
1128 26
1128 936
1128 1000
1128 1064
1128 1192
1128 1256
1129 937
1129 1001
1129 1065
1129 1193
1129 1257
1130 938
1130 1002
1130 1066
1130 1194
1130 1258
1131 474
1131 835
1131 939
1131 1003
1131 1067
1131 1191
1131 1195
1131 1259
1132 505
1132 940
1132 1004
1132 1068
1132 1196
1132 1260
1133 31
1133 882
1133 941
1133 1005
1133 1069
1133 1077
1133 1197
1133 1261
1134 243
1134 738
1134 942
1134 1006
1134 1070
1134 1198
1134 1262
1135 619
1135 943
1135 1007
1135 1071
1135 1199
1135 1263
1136 378
1136 764
1136 944
1136 1008
1136 1020
1136 1072
1136 1200
1136 1264
1137 215
1137 945
1137 1009
1137 1073
1137 1201
1137 1265
1138 641
1138 946
1138 1010
1138 1074
1138 1202
1138 1266
1139 947
1139 1011
1139 1075
1139 1203
1139 1267
1140 140
1140 794
1140 948
1140 1012
1140 1076
1140 1204
1140 1248
1140 1268
1141 65
1141 204
1141 949
1141 1013
1141 1077
1141 1205
1141 1269
1142 290
1142 950
1142 1014
1142 1078
1142 1206
1142 1270
1143 103
1143 248
1143 386
1143 951
1143 1015
1143 1065
1143 1079
1143 1207
1143 1271
1144 109
1144 234
1144 345
1144 380
1144 524
1144 918
1144 952
1144 1016
1144 1080
1144 1116
1144 1208
1144 1272
1145 191
1145 953
1145 1017
1145 1081
1145 1209
1145 1273
1146 46
1146 254
1146 954
1146 1018
1146 1082
1146 1210
1146 1274
1147 85
1147 842
1147 955
1147 1019
1147 1083
1147 1211
1147 1275
1148 536
1148 617
1148 879
1148 956
1148 1020
1148 1084
1148 1212
1148 1276
1149 707
1149 957
1149 1021
1149 1085
1149 1213
1149 1277
1150 693
1150 844
1150 873
1150 958
1150 982
1150 1022
1150 1078
1150 1086
1150 1214
1150 1278
1151 959
1151 1023
1151 1087
1151 1215
1151 1279
1152 960
1152 1024
1152 1088
1152 1216
1153 361
1153 436
1153 551
1153 601
1153 818
1153 860
1153 908
1153 961
1153 1025
1153 1089
1153 1217
1154 962
1154 1000
1154 1026
1154 1090
1154 1218
1155 47
1155 963
1155 1027
1155 1091
1155 1201
1155 1219
1156 13
1156 36
1156 97
1156 102
1156 196
1156 199
1156 207
1156 209
1156 261
1156 271
1156 292
1156 320
1156 327
1156 333
1156 335
1156 338
1156 353
1156 356
1156 388
1156 391
1156 397
1156 399
1156 420
1156 452
1156 455
1156 463
1156 516
1156 519
1156 525
1156 527
1156 530
1156 581
1156 593
1156 647
1156 651
1156 653
1156 670
1156 673
1156 674
1156 676
1156 678
1156 708
1156 711
1156 715
1156 719
1156 721
1156 768
1156 772
1156 783
1156 804
1156 836
1156 839
1156 843
1156 847
1156 896
1156 903
1156 911
1156 913
1156 964
1156 967
1156 971
1156 975
1156 977
1156 1028
1156 1035
1156 1037
1156 1039
1156 1041
1156 1060
1156 1092
1156 1095
1156 1103
1156 1109
1156 1124
1156 1125
1156 1159
1156 1165
1156 1167
1156 1182
1156 1220
1156 1231
1156 1243
1157 11
1157 965
1157 1029
1157 1093
1157 1221
1158 14
1158 17
1158 70
1158 78
1158 81
1158 93
1158 142
1158 157
1158 198
1158 206
1158 262
1158 285
1158 324
1158 326
1158 327
1158 333
1158 334
1158 335
1158 337
1158 338
1158 349
1158 353
1158 388
1158 390
1158 398
1158 401
1158 413
1158 454
1158 462
1158 465
1158 477
1158 516
1158 518
1158 525
1158 526
1158 529
1158 530
1158 541
1158 582
1158 590
1158 593
1158 605
1158 644
1158 646
1158 651
1158 654
1158 655
1158 657
1158 669
1158 670
1158 708
1158 710
1158 711
1158 715
1158 718
1158 719
1158 721
1158 733
1158 774
1158 779
1158 782
1158 783
1158 785
1158 797
1158 836
1158 838
1158 843
1158 846
1158 849
1158 861
1158 902
1158 910
1158 911
1158 925
1158 966
1158 967
1158 974
1158 977
1158 989
1158 1030
1158 1035
1158 1038
1158 1041
1158 1053
1158 1094
1158 1095
1158 1099
1158 1102
1158 1105
1158 1117
1158 1159
1158 1166
1158 1169
1158 1181
1158 1220
1158 1222
1158 1223
1158 1227
1158 1231
1158 1233
1158 1245
1159 4
1159 7
1159 13
1159 15
1159 68
1159 97
1159 100
1159 134
1159 135
1159 196
1159 209
1159 260
1159 270
1159 271
1159 273
1159 320
1159 324
1159 327
1159 333
1159 335
1159 337
1159 338
1159 353
1159 356
1159 388
1159 391
1159 399
1159 401
1159 420
1159 452
1159 465
1159 477
1159 516
1159 518
1159 525
1159 529
1159 530
1159 582
1159 593
1159 644
1159 651
1159 653
1159 655
1159 657
1159 670
1159 674
1159 676
1159 708
1159 711
1159 715
1159 719
1159 721
1159 772
1159 779
1159 783
1159 785
1159 836
1159 839
1159 843
1159 849
1159 896
1159 903
1159 911
1159 913
1159 925
1159 967
1159 971
1159 975
1159 977
1159 989
1159 1030
1159 1031
1159 1035
1159 1037
1159 1039
1159 1041
1159 1092
1159 1095
1159 1099
1159 1103
1159 1105
1159 1109
1159 1124
1159 1156
1159 1158
1159 1167
1159 1169
1159 1182
1159 1220
1159 1222
1159 1223
1159 1227
1159 1231
1159 1233
1160 968
1160 1032
1160 1096
1160 1098
1160 1224
1161 8
1161 69
1161 133
1161 197
1161 263
1161 328
1161 389
1161 453
1161 520
1161 583
1161 645
1161 712
1161 773
1161 837
1161 901
1161 969
1161 1029
1161 1033
1161 1093
1161 1097
1161 1216
1161 1224
1161 1225
1162 312
1162 467
1162 970
1162 1034
1162 1098
1162 1226
1163 971
1163 1035
1163 1099
1163 1227
1164 104
1164 972
1164 1036
1164 1100
1164 1171
1164 1228
1165 64
1165 77
1165 143
1165 164
1165 205
1165 356
1165 391
1165 397
1165 417
1165 420
1165 452
1165 455
1165 463
1165 519
1165 527
1165 581
1165 591
1165 647
1165 653
1165 673
1165 674
1165 678
1165 717
1165 768
1165 772
1165 775
1165 804
1165 847
1165 868
1165 896
1165 900
1165 903
1165 907
1165 964
1165 971
1165 973
1165 975
1165 981
1165 1028
1165 1031
1165 1037
1165 1060
1165 1101
1165 1124
1165 1125
1165 1156
1165 1167
1165 1182
1165 1229
1165 1243
1165 1252
1166 29
1166 221
1166 326
1166 334
1166 337
1166 349
1166 390
1166 398
1166 401
1166 413
1166 454
1166 462
1166 465
1166 477
1166 518
1166 526
1166 529
1166 541
1166 582
1166 590
1166 605
1166 646
1166 654
1166 657
1166 669
1166 710
1166 718
1166 733
1166 774
1166 779
1166 782
1166 785
1166 797
1166 838
1166 846
1166 849
1166 861
1166 902
1166 910
1166 925
1166 966
1166 974
1166 989
1166 1030
1166 1038
1166 1053
1166 1094
1166 1099
1166 1102
1166 1105
1166 1117
1166 1158
1166 1181
1166 1222
1166 1223
1166 1227
1166 1230
1166 1233
1166 1245
1167 13
1167 97
1167 102
1167 196
1167 199
1167 207
1167 209
1167 261
1167 271
1167 273
1167 320
1167 324
1167 327
1167 333
1167 335
1167 338
1167 353
1167 356
1167 388
1167 391
1167 397
1167 399
1167 401
1167 420
1167 452
1167 455
1167 465
1167 516
1167 519
1167 525
1167 527
1167 530
1167 581
1167 593
1167 644
1167 651
1167 653
1167 655
1167 670
1167 673
1167 674
1167 676
1167 678
1167 708
1167 711
1167 715
1167 719
1167 721
1167 772
1167 779
1167 783
1167 804
1167 836
1167 839
1167 843
1167 847
1167 896
1167 903
1167 911
1167 913
1167 964
1167 967
1167 971
1167 975
1167 977
1167 1035
1167 1037
1167 1039
1167 1041
1167 1092
1167 1095
1167 1099
1167 1103
1167 1109
1167 1124
1167 1125
1167 1156
1167 1159
1167 1165
1167 1169
1167 1182
1167 1220
1167 1223
1167 1227
1167 1231
1168 697
1168 976
1168 1040
1168 1104
1168 1232
1169 4
1169 6
1169 7
1169 14
1169 15
1169 17
1169 68
1169 70
1169 78
1169 81
1169 142
1169 198
1169 285
1169 320
1169 324
1169 326
1169 327
1169 333
1169 335
1169 337
1169 338
1169 349
1169 353
1169 388
1169 390
1169 391
1169 398
1169 399
1169 401
1169 413
1169 452
1169 454
1169 462
1169 465
1169 477
1169 516
1169 518
1169 525
1169 529
1169 530
1169 541
1169 582
1169 593
1169 605
1169 644
1169 646
1169 651
1169 655
1169 657
1169 670
1169 676
1169 708
1169 710
1169 711
1169 715
1169 719
1169 721
1169 733
1169 774
1169 779
1169 783
1169 785
1169 797
1169 836
1169 838
1169 839
1169 843
1169 846
1169 849
1169 861
1169 902
1169 903
1169 910
1169 911
1169 913
1169 925
1169 966
1169 967
1169 974
1169 975
1169 977
1169 989
1169 1030
1169 1035
1169 1037
1169 1039
1169 1041
1169 1053
1169 1092
1169 1094
1169 1095
1169 1099
1169 1103
1169 1105
1169 1109
1169 1117
1169 1158
1169 1159
1169 1167
1169 1181
1169 1220
1169 1222
1169 1223
1169 1227
1169 1231
1169 1233
1170 978
1170 1042
1170 1106
1170 1234
1171 104
1171 979
1171 1043
1171 1107
1171 1164
1171 1235
1172 980
1172 1044
1172 1108
1172 1236
1173 981
1173 1045
1173 1109
1173 1226
1173 1237
1174 982
1174 1046
1174 1110
1174 1238
1175 294
1175 983
1175 1047
1175 1111
1175 1239
1176 984
1176 1048
1176 1112
1176 1240
1177 985
1177 1049
1177 1113
1177 1241
1178 564
1178 706
1178 723
1178 986
1178 1050
1178 1114
1178 1242
1179 987
1179 1051
1179 1115
1179 1243
1179 1266
1180 988
1180 1052
1180 1116
1180 1244
1181 14
1181 29
1181 93
1181 157
1181 206
1181 221
1181 262
1181 324
1181 326
1181 334
1181 337
1181 349
1181 390
1181 398
1181 401
1181 413
1181 454
1181 462
1181 465
1181 477
1181 518
1181 526
1181 529
1181 541
1181 582
1181 590
1181 593
1181 605
1181 644
1181 646
1181 654
1181 655
1181 657
1181 669
1181 670
1181 708
1181 710
1181 718
1181 719
1181 721
1181 733
1181 774
1181 779
1181 782
1181 785
1181 797
1181 836
1181 838
1181 846
1181 849
1181 861
1181 902
1181 910
1181 911
1181 925
1181 966
1181 967
1181 974
1181 989
1181 1030
1181 1035
1181 1038
1181 1041
1181 1053
1181 1094
1181 1095
1181 1099
1181 1102
1181 1105
1181 1117
1181 1158
1181 1166
1181 1169
1181 1220
1181 1222
1181 1223
1181 1227
1181 1230
1181 1233
1181 1245
1182 36
1182 132
1182 143
1182 164
1182 205
1182 207
1182 292
1182 320
1182 333
1182 335
1182 338
1182 353
1182 356
1182 388
1182 391
1182 397
1182 399
1182 420
1182 452
1182 455
1182 463
1182 516
1182 519
1182 527
1182 530
1182 581
1182 591
1182 647
1182 651
1182 653
1182 673
1182 674
1182 676
1182 678
1182 711
1182 715
1182 717
1182 768
1182 772
1182 775
1182 783
1182 804
1182 839
1182 843
1182 847
1182 896
1182 900
1182 903
1182 913
1182 964
1182 971
1182 975
1182 981
1182 990
1182 1031
1182 1037
1182 1039
1182 1054
1182 1060
1182 1092
1182 1103
1182 1109
1182 1118
1182 1124
1182 1125
1182 1156
1182 1159
1182 1165
1182 1167
1182 1231
1182 1243
1182 1246
1182 1252
1183 991
1183 1055
1183 1119
1183 1247
1184 992
1184 1056
1184 1120
1184 1248
1185 993
1185 1057
1185 1121
1185 1249
1186 659
1186 691
1186 994
1186 1058
1186 1122
1186 1250
1187 362
1187 724
1187 867
1187 963
1187 995
1187 1059
1187 1123
1187 1194
1187 1251
1188 82
1188 667
1188 996
1188 1060
1188 1096
1188 1124
1188 1252
1189 118
1189 387
1189 705
1189 997
1189 1061
1189 1125
1189 1253
1190 998
1190 1062
1190 1126
1190 1254
1191 474
1191 835
1191 999
1191 1063
1191 1127
1191 1131
1191 1255
1192 1000
1192 1064
1192 1128
1192 1256
1193 599
1193 1001
1193 1065
1193 1129
1193 1257
1194 362
1194 724
1194 867
1194 963
1194 1002
1194 1066
1194 1130
1194 1187
1194 1258
1195 1003
1195 1067
1195 1131
1195 1235
1195 1259
1196 1004
1196 1007
1196 1068
1196 1132
1196 1260
1197 368
1197 490
1197 1005
1197 1069
1197 1133
1197 1261
1198 50
1198 995
1198 1006
1198 1070
1198 1134
1198 1262
1199 313
1199 1001
1199 1007
1199 1071
1199 1135
1199 1263
1200 1008
1200 1072
1200 1136
1200 1264
1201 47
1201 1009
1201 1073
1201 1137
1201 1155
1201 1265
1202 16
1202 343
1202 373
1202 1010
1202 1074
1202 1138
1202 1266
1203 122
1203 622
1203 688
1203 1011
1203 1075
1203 1139
1203 1267
1204 959
1204 1012
1204 1076
1204 1140
1204 1268
1205 190
1205 1013
1205 1077
1205 1141
1205 1269
1206 802
1206 1014
1206 1078
1206 1142
1206 1247
1206 1270
1207 1015
1207 1079
1207 1143
1207 1271
1208 276
1208 418
1208 489
1208 1016
1208 1080
1208 1144
1208 1265
1208 1272
1209 744
1209 1017
1209 1081
1209 1145
1209 1273
1210 506
1210 895
1210 1018
1210 1082
1210 1146
1210 1274
1211 278
1211 310
1211 694
1211 885
1211 1019
1211 1083
1211 1147
1211 1275
1212 360
1212 754
1212 1020
1212 1040
1212 1084
1212 1148
1212 1276
1213 1021
1213 1085
1213 1149
1213 1277
1214 43
1214 299
1214 1022
1214 1068
1214 1086
1214 1150
1214 1278
1215 1023
1215 1087
1215 1151
1215 1279
1216 8
1216 69
1216 133
1216 197
1216 263
1216 328
1216 389
1216 453
1216 520
1216 583
1216 645
1216 712
1216 773
1216 837
1216 901
1216 969
1216 1024
1216 1029
1216 1088
1216 1093
1216 1152
1216 1161
1216 1224
1217 819
1217 1025
1217 1089
1217 1153
1218 1026
1218 1090
1218 1154
1219 916
1219 1027
1219 1091
1219 1155
1220 4
1220 6
1220 7
1220 15
1220 17
1220 68
1220 81
1220 100
1220 134
1220 135
1220 260
1220 270
1220 273
1220 324
1220 327
1220 333
1220 335
1220 338
1220 353
1220 388
1220 390
1220 391
1220 399
1220 401
1220 413
1220 452
1220 454
1220 465
1220 477
1220 516
1220 518
1220 525
1220 529
1220 530
1220 541
1220 582
1220 593
1220 605
1220 644
1220 646
1220 651
1220 653
1220 655
1220 657
1220 670
1220 676
1220 708
1220 710
1220 711
1220 715
1220 719
1220 721
1220 772
1220 774
1220 779
1220 783
1220 785
1220 836
1220 838
1220 839
1220 843
1220 849
1220 861
1220 896
1220 902
1220 903
1220 911
1220 913
1220 925
1220 967
1220 975
1220 977
1220 989
1220 1028
1220 1030
1220 1035
1220 1037
1220 1039
1220 1041
1220 1092
1220 1095
1220 1099
1220 1103
1220 1105
1220 1109
1220 1124
1220 1156
1220 1158
1220 1159
1220 1167
1220 1169
1220 1181
1220 1222
1220 1223
1220 1227
1220 1231
1220 1233
1221 933
1221 1029
1221 1093
1221 1157
1222 14
1222 17
1222 70
1222 78
1222 81
1222 93
1222 142
1222 157
1222 198
1222 206
1222 262
1222 285
1222 324
1222 326
1222 337
1222 388
1222 390
1222 398
1222 401
1222 413
1222 454
1222 462
1222 465
1222 477
1222 516
1222 518
1222 525
1222 526
1222 529
1222 530
1222 541
1222 582
1222 590
1222 593
1222 605
1222 644
1222 646
1222 651
1222 654
1222 655
1222 657
1222 669
1222 670
1222 708
1222 710
1222 711
1222 715
1222 718
1222 719
1222 721
1222 733
1222 774
1222 779
1222 782
1222 783
1222 785
1222 797
1222 836
1222 838
1222 843
1222 846
1222 849
1222 861
1222 902
1222 910
1222 911
1222 925
1222 966
1222 967
1222 974
1222 977
1222 989
1222 1030
1222 1035
1222 1037
1222 1038
1222 1041
1222 1053
1222 1094
1222 1095
1222 1099
1222 1102
1222 1105
1222 1117
1222 1158
1222 1159
1222 1166
1222 1169
1222 1181
1222 1220
1222 1223
1222 1227
1222 1231
1222 1233
1222 1245
1223 4
1223 6
1223 7
1223 14
1223 15
1223 17
1223 68
1223 70
1223 78
1223 81
1223 142
1223 198
1223 285
1223 324
1223 337
1223 388
1223 390
1223 398
1223 399
1223 401
1223 413
1223 454
1223 462
1223 465
1223 477
1223 516
1223 518
1223 525
1223 529
1223 530
1223 541
1223 582
1223 590
1223 593
1223 605
1223 644
1223 646
1223 651
1223 655
1223 657
1223 669
1223 670
1223 676
1223 708
1223 710
1223 711
1223 715
1223 719
1223 721
1223 733
1223 774
1223 779
1223 783
1223 785
1223 797
1223 836
1223 838
1223 839
1223 843
1223 846
1223 849
1223 861
1223 902
1223 903
1223 910
1223 911
1223 913
1223 925
1223 966
1223 967
1223 974
1223 975
1223 977
1223 989
1223 1030
1223 1031
1223 1035
1223 1037
1223 1039
1223 1041
1223 1053
1223 1092
1223 1094
1223 1095
1223 1099
1223 1103
1223 1105
1223 1109
1223 1117
1223 1158
1223 1159
1223 1166
1223 1167
1223 1169
1223 1181
1223 1220
1223 1222
1223 1227
1223 1231
1223 1233
1223 1245
1224 8
1224 69
1224 133
1224 197
1224 263
1224 328
1224 389
1224 453
1224 520
1224 583
1224 645
1224 712
1224 773
1224 837
1224 901
1224 969
1224 1029
1224 1032
1224 1093
1224 1096
1224 1160
1224 1161
1224 1216
1225 1033
1225 1097
1225 1161
1226 1034
1226 1098
1226 1162
1226 1173
1227 4
1227 6
1227 7
1227 14
1227 15
1227 17
1227 68
1227 70
1227 78
1227 81
1227 142
1227 198
1227 285
1227 324
1227 337
1227 388
1227 390
1227 391
1227 398
1227 399
1227 401
1227 413
1227 454
1227 462
1227 465
1227 477
1227 516
1227 518
1227 525
1227 529
1227 530
1227 541
1227 582
1227 590
1227 593
1227 605
1227 644
1227 646
1227 651
1227 655
1227 657
1227 669
1227 670
1227 676
1227 708
1227 710
1227 711
1227 715
1227 719
1227 721
1227 733
1227 774
1227 779
1227 783
1227 785
1227 797
1227 836
1227 838
1227 839
1227 843
1227 846
1227 849
1227 861
1227 902
1227 903
1227 910
1227 911
1227 913
1227 925
1227 966
1227 967
1227 974
1227 975
1227 977
1227 989
1227 1030
1227 1035
1227 1037
1227 1039
1227 1041
1227 1053
1227 1092
1227 1094
1227 1095
1227 1099
1227 1103
1227 1105
1227 1109
1227 1117
1227 1158
1227 1159
1227 1163
1227 1166
1227 1167
1227 1169
1227 1181
1227 1220
1227 1222
1227 1223
1227 1231
1227 1233
1227 1245
1228 1036
1228 1100
1228 1164
1229 1037
1229 1101
1229 1165
1230 334
1230 390
1230 398
1230 413
1230 454
1230 462
1230 526
1230 541
1230 582
1230 590
1230 605
1230 646
1230 654
1230 669
1230 710
1230 718
1230 733
1230 774
1230 782
1230 797
1230 838
1230 846
1230 861
1230 902
1230 910
1230 925
1230 966
1230 974
1230 989
1230 1038
1230 1053
1230 1094
1230 1102
1230 1117
1230 1166
1230 1181
1230 1245
1231 4
1231 7
1231 13
1231 68
1231 97
1231 100
1231 134
1231 135
1231 196
1231 209
1231 260
1231 270
1231 271
1231 273
1231 320
1231 327
1231 333
1231 335
1231 338
1231 353
1231 388
1231 391
1231 399
1231 401
1231 420
1231 452
1231 465
1231 477
1231 516
1231 518
1231 525
1231 529
1231 530
1231 593
1231 644
1231 651
1231 653
1231 655
1231 657
1231 670
1231 674
1231 676
1231 708
1231 711
1231 715
1231 719
1231 721
1231 772
1231 779
1231 783
1231 785
1231 836
1231 839
1231 843
1231 849
1231 896
1231 903
1231 911
1231 913
1231 967
1231 971
1231 975
1231 977
1231 1030
1231 1035
1231 1037
1231 1039
1231 1041
1231 1092
1231 1095
1231 1099
1231 1103
1231 1105
1231 1109
1231 1124
1231 1156
1231 1158
1231 1159
1231 1167
1231 1169
1231 1182
1231 1220
1231 1222
1231 1223
1231 1227
1231 1233
1232 750
1232 1040
1232 1104
1232 1168
1233 14
1233 17
1233 70
1233 78
1233 81
1233 93
1233 142
1233 157
1233 198
1233 206
1233 262
1233 285
1233 324
1233 326
1233 337
1233 388
1233 390
1233 398
1233 401
1233 413
1233 454
1233 462
1233 465
1233 477
1233 516
1233 518
1233 525
1233 526
1233 529
1233 530
1233 541
1233 582
1233 590
1233 593
1233 605
1233 644
1233 646
1233 651
1233 654
1233 655
1233 657
1233 669
1233 670
1233 708
1233 710
1233 711
1233 715
1233 718
1233 719
1233 721
1233 733
1233 774
1233 779
1233 782
1233 783
1233 785
1233 797
1233 836
1233 838
1233 843
1233 846
1233 849
1233 861
1233 902
1233 910
1233 911
1233 925
1233 966
1233 967
1233 974
1233 977
1233 989
1233 1030
1233 1035
1233 1037
1233 1038
1233 1041
1233 1053
1233 1094
1233 1095
1233 1099
1233 1102
1233 1105
1233 1117
1233 1158
1233 1159
1233 1166
1233 1169
1233 1181
1233 1220
1233 1222
1233 1223
1233 1227
1233 1231
1233 1245
1234 392
1234 1042
1234 1106
1234 1170
1235 1043
1235 1107
1235 1171
1235 1195
1236 385
1236 1044
1236 1108
1236 1172
1237 990
1237 1045
1237 1109
1237 1173
1238 586
1238 1046
1238 1110
1238 1174
1239 1047
1239 1049
1239 1111
1239 1175
1240 252
1240 686
1240 1005
1240 1048
1240 1112
1240 1176
1241 217
1241 1049
1241 1113
1241 1177
1242 553
1242 1050
1242 1114
1242 1178
1243 64
1243 77
1243 164
1243 205
1243 397
1243 417
1243 420
1243 455
1243 463
1243 519
1243 527
1243 581
1243 591
1243 647
1243 653
1243 673
1243 674
1243 678
1243 717
1243 768
1243 772
1243 775
1243 804
1243 847
1243 868
1243 896
1243 900
1243 907
1243 964
1243 971
1243 981
1243 1028
1243 1031
1243 1051
1243 1060
1243 1115
1243 1124
1243 1125
1243 1156
1243 1165
1243 1179
1243 1182
1243 1252
1244 341
1244 440
1244 1052
1244 1116
1244 1180
1244 1256
1245 29
1245 221
1245 326
1245 334
1245 349
1245 390
1245 398
1245 401
1245 413
1245 454
1245 462
1245 465
1245 477
1245 518
1245 526
1245 529
1245 541
1245 582
1245 590
1245 605
1245 646
1245 654
1245 657
1245 669
1245 710
1245 718
1245 733
1245 774
1245 779
1245 782
1245 785
1245 797
1245 838
1245 846
1245 849
1245 861
1245 902
1245 910
1245 925
1245 966
1245 974
1245 989
1245 1030
1245 1038
1245 1053
1245 1094
1245 1099
1245 1102
1245 1105
1245 1117
1245 1158
1245 1166
1245 1181
1245 1222
1245 1223
1245 1227
1245 1230
1245 1233
1246 222
1246 1054
1246 1118
1246 1182
1247 802
1247 1055
1247 1119
1247 1183
1247 1206
1248 140
1248 794
1248 1056
1248 1120
1248 1140
1248 1184
1249 86
1249 229
1249 668
1249 997
1249 1057
1249 1121
1249 1185
1250 682
1250 1058
1250 1122
1250 1186
1251 1059
1251 1123
1251 1187
1252 64
1252 77
1252 210
1252 384
1252 397
1252 417
1252 420
1252 455
1252 463
1252 519
1252 527
1252 581
1252 591
1252 647
1252 653
1252 673
1252 674
1252 678
1252 717
1252 768
1252 775
1252 804
1252 847
1252 868
1252 900
1252 907
1252 917
1252 964
1252 971
1252 981
1252 1028
1252 1031
1252 1060
1252 1124
1252 1125
1252 1165
1252 1182
1252 1188
1252 1243
1253 1061
1253 1125
1253 1189
1254 358
1254 484
1254 662
1254 917
1254 1062
1254 1126
1254 1190
1255 663
1255 1063
1255 1127
1255 1191
1256 341
1256 440
1256 1064
1256 1128
1256 1192
1256 1244
1257 1065
1257 1129
1257 1193
1258 319
1258 371
1258 1066
1258 1130
1258 1194
1259 297
1259 377
1259 1067
1259 1131
1259 1195
1260 1004
1260 1007
1260 1068
1260 1132
1260 1196
1261 281
1261 791
1261 1069
1261 1133
1261 1197
1261 1263
1262 1070
1262 1134
1262 1198
1263 281
1263 791
1263 1071
1263 1135
1263 1199
1263 1261
1264 745
1264 1072
1264 1136
1264 1200
1265 276
1265 418
1265 489
1265 1073
1265 1137
1265 1201
1265 1208
1266 1074
1266 1138
1266 1179
1266 1202
1267 83
1267 952
1267 1075
1267 1139
1267 1203
1268 1076
1268 1126
1268 1140
1268 1204
1269 226
1269 652
1269 1056
1269 1077
1269 1141
1269 1205
1270 202
1270 521
1270 1078
1270 1142
1270 1206
1271 1079
1271 1108
1271 1143
1271 1207
1272 1080
1272 1144
1272 1208
1273 3
1273 1081
1273 1145
1273 1209
1274 506
1274 895
1274 1082
1274 1146
1274 1210
1275 1083
1275 1100
1275 1147
1275 1211
1276 309
1276 460
1276 1084
1276 1148
1276 1212
1277 1085
1277 1149
1277 1213
1278 62
1278 113
1278 1086
1278 1150
1278 1214
1279 346
1279 407
1279 1087
1279 1151
1279 1215
