0 64
0 128
0 192
0 850
1 65
1 129
1 193
2 66
2 130
2 194
2 494
3 67
3 131
3 195
3 791
3 840
4 68
4 132
4 165
4 196
4 933
4 1110
5 69
5 71
5 133
5 197
5 263
5 327
5 389
5 457
5 521
5 583
5 647
5 713
5 774
5 837
5 903
5 965
5 1029
5 1093
5 1159
5 1223
6 9
6 69
6 70
6 74
6 78
6 79
6 134
6 135
6 138
6 142
6 143
6 178
6 198
6 199
6 206
6 207
6 242
6 246
6 261
6 262
6 266
6 267
6 270
6 271
6 273
6 275
6 285
6 290
6 326
6 334
6 337
6 349
6 384
6 385
6 390
6 393
6 394
6 395
6 398
6 399
6 401
6 403
6 406
6 416
6 422
6 434
6 455
6 462
6 463
6 465
6 467
6 477
6 518
6 519
6 527
6 541
6 576
6 582
6 585
6 590
6 591
6 593
6 605
6 606
6 640
6 645
6 646
6 650
6 654
6 655
6 657
6 667
6 678
6 704
6 709
6 710
6 714
6 715
6 719
6 733
6 736
6 775
6 783
6 785
6 797
6 838
6 839
6 846
6 902
6 966
6 974
6 975
6 989
6 994
6 1024
6 1030
6 1031
6 1034
6 1035
6 1038
6 1058
6 1094
6 1158
6 1216
6 1221
6 1222
6 1245
6 1246
7 71
7 135
7 199
7 962
8 72
8 136
8 200
8 652
8 1184
9 6
9 69
9 73
9 74
9 78
9 79
9 91
9 135
9 137
9 138
9 143
9 145
9 178
9 198
9 199
9 201
9 207
9 242
9 246
9 256
9 260
9 266
9 267
9 271
9 275
9 285
9 286
9 329
9 334
9 384
9 385
9 393
9 394
9 395
9 398
9 403
9 406
9 411
9 416
9 420
9 422
9 434
9 448
9 455
9 458
9 462
9 467
9 477
9 518
9 519
9 527
9 582
9 585
9 590
9 591
9 606
9 640
9 645
9 650
9 667
9 678
9 709
9 710
9 714
9 715
9 718
9 719
9 736
9 775
9 783
9 785
9 797
9 839
9 842
9 847
9 868
9 905
9 960
9 971
9 1244
9 1253
9 1269
10 74
10 138
10 202
11 75
11 139
11 203
12 76
12 140
12 204
12 1021
13 77
13 141
13 205
14 78
14 142
14 206
15 79
15 143
15 207
16 80
16 144
16 208
16 835
17 50
17 81
17 145
17 209
17 740
18 82
18 146
18 210
18 298
18 299
19 83
19 147
19 211
19 1027
20 39
20 84
20 148
20 188
20 212
20 1142
21 85
21 149
21 213
22 66
22 86
22 150
22 214
22 473
23 87
23 151
23 215
23 464
24 88
24 152
24 216
24 442
24 634
24 867
25 89
25 153
25 217
26 90
26 154
26 218
26 379
26 937
26 948
26 985
27 91
27 155
27 219
28 67
28 92
28 156
28 159
28 220
28 789
29 93
29 157
29 221
29 459
30 94
30 158
30 222
30 877
30 959
31 95
31 130
31 159
31 223
32 96
32 160
32 161
32 224
32 1059
33 97
33 161
33 225
34 42
34 98
34 162
34 226
34 377
34 602
34 821
35 99
35 163
35 227
35 234
35 803
35 1194
36 100
36 164
36 228
36 692
36 1050
37 101
37 165
37 229
37 1047
37 1224
38 91
38 102
38 114
38 166
38 230
38 256
38 260
38 269
38 286
38 329
38 335
38 388
38 411
38 412
38 418
38 420
38 448
38 449
38 458
38 512
38 587
38 651
38 669
38 676
38 718
38 754
38 777
38 842
38 847
38 868
38 1161
38 1226
39 20
39 103
39 167
39 188
39 231
39 1142
40 104
40 168
40 232
40 745
41 105
41 169
41 233
41 500
42 34
42 106
42 170
42 234
42 377
42 602
42 821
43 107
43 171
43 176
43 235
43 1064
44 108
44 172
44 179
44 236
44 781
44 1005
45 83
45 109
45 173
45 237
45 608
45 941
46 110
46 174
46 238
46 696
46 1137
47 111
47 175
47 239
47 279
47 316
48 112
48 115
48 176
48 240
49 113
49 158
49 177
49 241
50 17
50 114
50 178
50 242
50 740
51 115
51 179
51 243
51 943
52 116
52 180
52 244
52 560
52 1082
52 1147
53 117
53 181
53 245
54 118
54 182
54 246
55 119
55 183
55 247
55 596
55 939
55 1132
56 120
56 184
56 248
57 121
57 185
57 249
57 490
57 552
57 944
57 1212
58 122
58 186
58 250
59 123
59 187
59 251
60 124
60 188
60 252
60 1209
61 125
61 189
61 253
61 431
61 956
62 126
62 190
62 254
62 616
63 127
63 191
63 255
63 790
64 0
64 128
64 192
64 256
64 708
64 967
65 1
65 129
65 164
65 193
65 257
66 2
66 22
66 130
66 194
66 258
66 473
67 3
67 28
67 131
67 159
67 195
67 259
67 789
68 4
68 132
68 196
68 260
69 5
69 6
69 9
69 70
69 74
69 78
69 79
69 133
69 134
69 135
69 138
69 142
69 143
69 145
69 178
69 197
69 198
69 199
69 206
69 207
69 242
69 246
69 261
69 266
69 267
69 270
69 271
69 273
69 275
69 285
69 290
69 326
69 334
69 337
69 349
69 384
69 385
69 390
69 393
69 394
69 395
69 398
69 399
69 401
69 403
69 406
69 416
69 422
69 434
69 455
69 462
69 463
69 465
69 467
69 477
69 518
69 519
69 527
69 541
69 576
69 582
69 585
69 590
69 591
69 593
69 605
69 606
69 640
69 645
69 646
69 650
69 654
69 655
69 657
69 667
69 678
69 704
69 709
69 710
69 714
69 715
69 719
69 733
69 736
69 775
69 783
69 785
69 797
69 838
69 839
69 846
69 902
69 910
69 911
69 913
69 925
69 966
69 974
69 975
69 989
69 994
69 998
69 1024
69 1030
69 1031
69 1034
69 1035
69 1038
69 1058
69 1094
69 1158
69 1216
69 1221
69 1222
69 1245
69 1246
70 6
70 69
70 134
70 138
70 142
70 198
70 206
70 207
70 261
70 262
70 266
70 267
70 270
70 271
70 273
70 290
70 326
70 334
70 337
70 349
70 390
70 394
70 399
70 401
70 434
70 454
70 463
70 465
70 518
70 519
70 541
70 576
70 593
70 605
70 646
70 650
70 654
70 655
70 657
70 704
70 710
70 719
70 721
70 733
70 785
70 838
70 846
70 849
70 861
70 902
70 910
70 911
70 913
70 925
70 1039
70 1095
70 1105
70 1117
70 1231
71 5
71 7
71 133
71 135
71 197
71 199
71 263
71 327
71 389
71 457
71 521
71 583
71 647
71 713
71 774
71 837
71 903
71 965
71 1029
71 1093
71 1159
71 1223
72 8
72 96
72 136
72 200
72 264
72 513
72 690
73 9
73 137
73 201
73 224
73 265
73 294
74 6
74 9
74 10
74 69
74 78
74 79
74 91
74 135
74 138
74 143
74 145
74 178
74 198
74 199
74 202
74 207
74 242
74 246
74 256
74 260
74 261
74 266
74 267
74 271
74 275
74 285
74 286
74 290
74 329
74 334
74 384
74 385
74 393
74 394
74 395
74 398
74 399
74 401
74 403
74 406
74 411
74 416
74 420
74 422
74 434
74 448
74 455
74 458
74 462
74 467
74 477
74 518
74 519
74 527
74 541
74 576
74 582
74 585
74 590
74 591
74 605
74 606
74 640
74 645
74 650
74 667
74 678
74 704
74 709
74 710
74 714
74 715
74 718
74 719
74 736
74 775
74 783
74 785
74 797
74 839
74 846
74 847
74 868
74 902
74 905
74 910
74 926
74 971
74 974
74 998
74 1034
74 1038
74 1058
74 1158
74 1246
75 11
75 139
75 203
75 267
75 293
75 672
75 832
75 996
76 12
76 140
76 204
76 268
77 13
77 141
77 205
77 269
77 934
78 6
78 9
78 14
78 69
78 74
78 79
78 134
78 135
78 138
78 142
78 143
78 145
78 178
78 198
78 199
78 206
78 207
78 242
78 246
78 256
78 261
78 266
78 267
78 270
78 271
78 273
78 275
78 285
78 290
78 326
78 334
78 337
78 349
78 384
78 385
78 390
78 393
78 394
78 395
78 398
78 399
78 401
78 403
78 406
78 416
78 420
78 422
78 434
78 448
78 455
78 458
78 462
78 463
78 467
78 477
78 518
78 519
78 527
78 541
78 576
78 582
78 585
78 590
78 591
78 593
78 605
78 606
78 640
78 645
78 646
78 650
78 654
78 655
78 657
78 667
78 678
78 704
78 709
78 710
78 714
78 715
78 718
78 719
78 733
78 736
78 775
78 783
78 785
78 797
78 838
78 839
78 846
78 902
78 905
78 910
78 911
78 925
78 966
78 974
78 975
78 989
78 994
78 998
78 1024
78 1030
78 1031
78 1034
78 1035
78 1038
78 1058
78 1094
78 1158
78 1216
78 1221
78 1222
78 1245
78 1246
79 6
79 9
79 15
79 69
79 74
79 78
79 91
79 135
79 138
79 143
79 145
79 178
79 198
79 199
79 207
79 242
79 246
79 256
79 260
79 261
79 266
79 267
79 271
79 275
79 285
79 286
79 290
79 329
79 334
79 384
79 385
79 393
79 394
79 395
79 398
79 403
79 406
79 411
79 416
79 420
79 422
79 434
79 448
79 455
79 458
79 462
79 467
79 477
79 518
79 519
79 527
79 541
79 576
79 582
79 585
79 590
79 591
79 605
79 606
79 640
79 645
79 650
79 667
79 678
79 709
79 710
79 714
79 715
79 718
79 719
79 736
79 775
79 783
79 785
79 797
79 839
79 842
79 847
79 868
79 902
79 905
79 926
79 960
79 971
79 998
79 1058
79 1158
79 1244
79 1253
79 1269
80 16
80 144
80 208
80 272
80 767
80 1259
81 17
81 145
81 209
81 273
81 1238
82 18
82 140
82 146
82 210
82 274
82 622
82 1040
83 19
83 45
83 147
83 211
83 275
83 608
83 941
84 20
84 148
84 212
84 276
84 954
85 21
85 149
85 213
85 277
85 628
85 991
85 1075
86 22
86 150
86 214
86 278
86 339
86 1126
87 23
87 151
87 215
87 279
87 314
88 24
88 152
88 216
88 280
88 1196
89 25
89 153
89 184
89 217
89 281
90 26
90 154
90 218
90 282
90 508
91 9
91 27
91 38
91 74
91 79
91 135
91 145
91 155
91 178
91 219
91 230
91 246
91 256
91 260
91 283
91 286
91 329
91 335
91 384
91 385
91 395
91 398
91 403
91 406
91 411
91 412
91 418
91 420
91 448
91 455
91 458
91 462
91 467
91 477
91 512
91 585
91 587
91 590
91 591
91 606
91 640
91 667
91 669
91 676
91 678
91 714
91 715
91 718
91 736
91 754
91 775
91 783
91 839
91 842
91 847
91 868
91 905
91 926
91 960
91 969
91 1054
91 1120
91 1220
91 1237
91 1244
91 1252
91 1253
91 1257
92 28
92 156
92 220
92 284
92 815
92 1207
93 29
93 100
93 157
93 221
93 285
93 353
93 410
94 30
94 158
94 222
94 286
94 504
94 879
95 31
95 159
95 223
95 287
95 818
96 32
96 72
96 160
96 224
96 288
96 513
96 690
97 33
97 161
97 225
97 289
98 34
98 162
98 226
98 290
98 787
99 35
99 163
99 227
99 291
99 305
99 643
99 686
100 36
100 93
100 164
100 228
100 292
100 353
100 410
101 37
101 165
101 229
101 293
101 360
101 495
101 1139
102 38
102 166
102 230
102 294
103 39
103 167
103 231
103 295
103 1206
103 1260
104 40
104 168
104 232
104 296
104 592
104 980
105 41
105 169
105 233
105 297
106 42
106 170
106 234
106 298
107 43
107 171
107 235
107 299
108 44
108 172
108 236
108 300
108 700
109 45
109 173
109 237
109 301
109 1256
110 46
110 174
110 238
110 302
111 47
111 175
111 239
111 303
112 48
112 176
112 240
112 304
112 364
112 799
112 1189
113 49
113 177
113 241
113 305
113 1219
114 38
114 50
114 178
114 230
114 242
114 269
114 306
114 335
114 388
114 412
114 418
114 449
114 512
114 587
114 651
114 669
114 672
114 676
114 754
114 777
114 832
114 1098
115 48
115 51
115 179
115 243
115 307
116 52
116 180
116 244
116 308
117 53
117 181
117 245
117 309
117 558
117 1070
118 54
118 182
118 246
118 310
118 525
118 1188
119 55
119 183
119 247
119 311
119 1061
120 56
120 184
120 248
120 312
120 607
121 57
121 185
121 249
121 255
121 313
121 618
121 888
122 58
122 186
122 250
122 314
123 59
123 187
123 190
123 251
123 315
124 60
124 188
124 252
124 316
124 746
125 61
125 189
125 253
125 317
125 573
125 600
125 639
125 1086
126 62
126 190
126 254
126 318
126 1009
126 1183
127 63
127 191
127 231
127 255
127 319
127 368
127 792
127 1201
128 0
128 64
128 192
128 256
128 320
129 1
129 65
129 193
129 257
129 312
129 321
129 577
129 845
129 928
130 2
130 31
130 66
130 194
130 258
130 322
131 3
131 67
131 195
131 259
131 323
131 1215
132 4
132 68
132 196
132 260
132 324
132 396
132 445
132 695
132 1134
133 5
133 69
133 71
133 197
133 261
133 263
133 325
133 327
133 389
133 457
133 521
133 583
133 647
133 713
133 774
133 837
133 903
133 965
133 1029
133 1093
133 1159
133 1223
134 6
134 69
134 70
134 78
134 138
134 142
134 143
134 198
134 199
134 206
134 207
134 242
134 261
134 262
134 266
134 267
134 270
134 271
134 273
134 275
134 285
134 290
134 326
134 334
134 337
134 349
134 390
134 393
134 394
134 399
134 401
134 416
134 422
134 434
134 454
134 463
134 465
134 518
134 519
134 527
134 541
134 576
134 582
134 593
134 605
134 645
134 646
134 650
134 654
134 655
134 657
134 704
134 709
134 710
134 719
134 721
134 733
134 785
134 797
134 838
134 846
134 849
134 861
134 902
134 910
134 911
134 913
134 925
134 966
134 974
134 975
134 977
134 989
134 994
134 998
134 1039
134 1053
134 1095
134 1169
134 1216
134 1230
134 1231
135 6
135 7
135 9
135 69
135 71
135 74
135 78
135 79
135 91
135 138
135 143
135 145
135 178
135 198
135 199
135 207
135 242
135 246
135 256
135 260
135 261
135 263
135 266
135 267
135 271
135 275
135 285
135 286
135 290
135 327
135 329
135 334
135 384
135 385
135 393
135 394
135 395
135 398
135 403
135 406
135 411
135 416
135 420
135 422
135 434
135 448
135 455
135 458
135 462
135 467
135 477
135 518
135 519
135 527
135 541
135 576
135 582
135 585
135 590
135 591
135 605
135 606
135 640
135 645
135 650
135 667
135 678
135 704
135 709
135 710
135 714
135 715
135 718
135 719
135 736
135 775
135 783
135 785
135 797
135 839
135 842
135 847
135 868
135 902
135 905
135 926
135 960
135 966
135 969
135 971
135 974
135 975
135 989
135 994
135 998
135 1058
135 1158
135 1244
135 1253
135 1269
136 8
136 72
136 200
136 264
136 328
136 348
136 1251
137 9
137 73
137 201
137 265
137 329
137 1116
138 6
138 9
138 10
138 69
138 70
138 74
138 78
138 79
138 134
138 135
138 142
138 143
138 198
138 199
138 202
138 206
138 207
138 242
138 261
138 262
138 266
138 267
138 270
138 271
138 273
138 275
138 285
138 290
138 326
138 330
138 334
138 337
138 349
138 384
138 385
138 390
138 393
138 394
138 395
138 399
138 401
138 403
138 406
138 416
138 422
138 434
138 454
138 462
138 463
138 465
138 467
138 477
138 518
138 519
138 527
138 541
138 576
138 582
138 585
138 590
138 591
138 593
138 605
138 606
138 640
138 645
138 646
138 650
138 654
138 655
138 657
138 678
138 704
138 709
138 710
138 714
138 715
138 719
138 721
138 733
138 736
138 775
138 783
138 785
138 797
138 838
138 839
138 846
138 861
138 902
138 910
138 911
138 913
138 925
138 966
138 971
138 974
138 975
138 977
138 989
138 994
138 998
138 1024
138 1030
138 1031
138 1034
138 1035
138 1053
138 1094
138 1169
138 1216
138 1221
138 1222
138 1230
138 1245
138 1246
139 11
139 75
139 203
139 267
139 306
139 331
139 485
139 580
139 970
139 1229
140 12
140 76
140 82
140 204
140 268
140 332
140 622
140 1040
141 13
141 77
141 205
141 269
141 333
142 6
142 14
142 69
142 70
142 78
142 134
142 138
142 198
142 206
142 207
142 261
142 262
142 266
142 267
142 270
142 271
142 273
142 275
142 285
142 290
142 326
142 334
142 337
142 349
142 390
142 393
142 394
142 399
142 401
142 416
142 434
142 454
142 463
142 465
142 518
142 519
142 527
142 541
142 576
142 582
142 593
142 605
142 645
142 646
142 650
142 654
142 655
142 657
142 704
142 709
142 710
142 719
142 721
142 733
142 785
142 797
142 838
142 846
142 849
142 861
142 902
142 910
142 911
142 913
142 925
142 966
142 974
142 975
142 977
142 989
142 994
142 1039
142 1053
142 1095
142 1117
142 1169
142 1230
142 1231
143 6
143 9
143 15
143 69
143 74
143 78
143 79
143 134
143 135
143 138
143 145
143 178
143 198
143 199
143 207
143 242
143 246
143 256
143 260
143 261
143 266
143 267
143 271
143 273
143 275
143 285
143 290
143 329
143 334
143 335
143 349
143 384
143 385
143 390
143 393
143 394
143 395
143 398
143 399
143 401
143 403
143 406
143 411
143 416
143 420
143 422
143 434
143 448
143 455
143 458
143 462
143 467
143 477
143 518
143 519
143 527
143 541
143 576
143 582
143 585
143 590
143 591
143 593
143 605
143 606
143 640
143 645
143 650
143 654
143 657
143 667
143 678
143 704
143 709
143 710
143 714
143 715
143 718
143 719
143 733
143 736
143 775
143 783
143 785
143 797
143 839
143 846
143 868
143 902
143 905
143 910
143 925
143 926
143 960
143 966
143 969
143 971
143 974
143 975
143 977
143 989
143 994
143 998
143 1030
143 1034
143 1038
143 1058
143 1158
143 1221
143 1246
144 16
144 80
144 208
144 272
144 336
144 976
145 9
145 17
145 69
145 74
145 78
145 79
145 81
145 91
145 135
145 143
145 178
145 199
145 209
145 242
145 246
145 256
145 260
145 273
145 275
145 285
145 286
145 329
145 334
145 337
145 384
145 385
145 393
145 395
145 398
145 403
145 406
145 411
145 416
145 420
145 422
145 434
145 448
145 455
145 458
145 462
145 467
145 477
145 527
145 582
145 585
145 587
145 590
145 591
145 606
145 640
145 645
145 667
145 678
145 709
145 714
145 715
145 718
145 736
145 775
145 783
145 797
145 839
145 842
145 847
145 868
145 905
145 926
145 960
145 969
145 971
145 974
145 975
145 998
145 1237
145 1244
145 1253
145 1269
146 18
146 82
146 210
146 274
146 318
146 338
146 383
147 19
147 83
147 211
147 275
147 339
147 433
148 20
148 84
148 181
148 212
148 276
148 340
148 938
149 21
149 85
149 213
149 277
149 341
150 22
150 86
150 214
150 278
150 281
150 342
151 23
151 87
151 215
151 279
151 307
151 343
151 516
151 1080
152 24
152 88
152 216
152 241
152 280
152 344
152 444
153 25
153 89
153 217
153 281
153 345
154 26
154 90
154 218
154 282
154 346
154 844
154 1085
155 27
155 91
155 166
155 219
155 283
155 347
156 28
156 92
156 220
156 284
156 348
157 29
157 93
157 221
157 285
157 349
157 629
157 706
157 964
158 30
158 49
158 94
158 222
158 286
158 350
159 28
159 31
159 67
159 95
159 223
159 287
159 351
159 789
160 32
160 96
160 224
160 288
160 352
161 32
161 33
161 97
161 225
161 289
161 353
161 1059
162 34
162 98
162 204
162 226
162 290
162 354
162 439
162 584
162 863
162 1272
163 35
163 99
163 227
163 291
163 355
163 497
164 36
164 65
164 100
164 228
164 292
164 356
165 4
165 37
165 101
165 229
165 293
165 357
165 933
165 1110
166 38
166 102
166 155
166 230
166 294
166 358
167 39
167 103
167 231
167 295
167 359
167 759
167 1153
168 40
168 104
168 232
168 296
168 360
168 795
169 41
169 105
169 233
169 297
169 361
170 42
170 106
170 234
170 298
170 362
170 537
170 1279
171 43
171 107
171 235
171 299
171 363
172 44
172 108
172 236
172 300
172 364
172 811
173 45
173 109
173 237
173 301
173 365
173 1113
173 1234
174 46
174 110
174 238
174 302
174 366
174 515
174 619
175 47
175 111
175 239
175 303
175 367
176 43
176 48
176 112
176 240
176 304
176 368
176 1064
177 49
177 113
177 241
177 305
177 369
177 931
178 6
178 9
178 50
178 69
178 74
178 78
178 79
178 91
178 114
178 135
178 143
178 145
178 199
178 242
178 246
178 256
178 260
178 271
178 275
178 285
178 286
178 306
178 329
178 334
178 370
178 384
178 385
178 393
178 395
178 398
178 403
178 406
178 411
178 416
178 420
178 422
178 434
178 448
178 455
178 458
178 462
178 467
178 477
178 518
178 519
178 527
178 582
178 585
178 587
178 590
178 591
178 606
178 640
178 645
178 667
178 678
178 709
178 714
178 715
178 718
178 736
178 775
178 783
178 797
178 839
178 842
178 847
178 868
178 905
178 926
178 960
178 966
178 969
178 971
178 974
178 975
178 989
178 998
178 1244
178 1253
178 1269
179 44
179 51
179 115
179 243
179 307
179 371
179 781
179 1005
180 52
180 116
180 244
180 253
180 308
180 372
180 1019
181 53
181 117
181 148
181 245
181 309
181 373
181 938
182 54
182 118
182 246
182 310
182 374
182 697
183 55
183 119
183 247
183 311
183 328
183 375
183 543
183 544
183 615
184 56
184 89
184 120
184 248
184 312
184 376
185 57
185 121
185 249
185 313
185 377
185 559
185 1176
186 58
186 122
186 250
186 314
186 378
187 59
187 123
187 251
187 315
187 379
188 20
188 39
188 60
188 124
188 252
188 316
188 380
188 1142
189 61
189 125
189 253
189 317
189 381
189 441
189 876
189 1195
190 62
190 123
190 126
190 254
190 318
190 382
191 63
191 127
191 255
191 319
191 383
191 553
192 0
192 64
192 128
192 256
192 320
192 384
193 1
193 65
193 129
193 257
193 321
193 385
193 482
193 589
193 1045
194 2
194 66
194 130
194 258
194 322
194 386
195 3
195 67
195 131
195 259
195 323
195 387
195 1175
196 4
196 68
196 132
196 229
196 260
196 324
196 388
196 392
196 997
196 1032
197 5
197 69
197 71
197 133
197 261
197 263
197 325
197 327
197 389
197 457
197 521
197 583
197 647
197 713
197 774
197 837
197 903
197 965
197 1029
197 1093
197 1159
197 1223
198 6
198 9
198 69
198 70
198 74
198 78
198 79
198 134
198 135
198 138
198 142
198 143
198 199
198 206
198 207
198 242
198 261
198 262
198 266
198 267
198 270
198 271
198 273
198 275
198 285
198 290
198 326
198 334
198 337
198 349
198 384
198 385
198 390
198 393
198 394
198 399
198 401
198 403
198 406
198 416
198 422
198 434
198 454
198 462
198 463
198 465
198 467
198 477
198 518
198 519
198 527
198 541
198 576
198 582
198 585
198 590
198 591
198 593
198 605
198 606
198 640
198 645
198 646
198 650
198 654
198 655
198 657
198 678
198 704
198 709
198 710
198 714
198 715
198 719
198 721
198 733
198 736
198 775
198 783
198 785
198 797
198 838
198 846
198 849
198 861
198 902
198 910
198 911
198 913
198 925
198 966
198 971
198 974
198 975
198 977
198 989
198 994
198 998
198 1024
198 1030
198 1031
198 1034
198 1035
198 1038
198 1039
198 1053
198 1058
198 1094
198 1169
198 1216
198 1221
198 1222
198 1230
198 1245
198 1246
199 6
199 7
199 9
199 69
199 71
199 74
199 78
199 79
199 134
199 135
199 138
199 143
199 145
199 178
199 198
199 207
199 242
199 246
199 256
199 260
199 261
199 263
199 266
199 267
199 271
199 273
199 275
199 285
199 290
199 327
199 329
199 334
199 349
199 384
199 385
199 390
199 391
199 393
199 394
199 395
199 398
199 399
199 401
199 403
199 406
199 411
199 416
199 420
199 422
199 434
199 448
199 455
199 458
199 462
199 467
199 477
199 518
199 519
199 527
199 541
199 576
199 582
199 585
199 590
199 591
199 593
199 605
199 606
199 640
199 645
199 650
199 657
199 667
199 678
199 704
199 709
199 710
199 714
199 715
199 718
199 719
199 733
199 736
199 775
199 783
199 785
199 797
199 839
199 846
199 868
199 902
199 905
199 910
199 925
199 926
199 960
199 966
199 969
199 971
199 974
199 975
199 977
199 989
199 994
199 998
199 1024
199 1030
199 1031
199 1034
199 1035
199 1038
199 1053
199 1058
199 1158
199 1221
199 1246
200 8
200 72
200 136
200 264
200 328
200 392
201 9
201 73
201 137
201 265
201 292
201 329
201 393
201 480
202 10
202 74
202 138
202 266
202 330
202 394
203 11
203 75
203 139
203 267
203 331
203 395
203 1096
204 12
204 76
204 140
204 162
204 268
204 332
204 396
204 439
204 584
204 863
204 1272
205 13
205 77
205 141
205 269
205 333
205 358
205 397
205 1270
206 6
206 14
206 69
206 70
206 78
206 134
206 138
206 142
206 198
206 207
206 261
206 262
206 266
206 267
206 270
206 271
206 273
206 275
206 285
206 290
206 326
206 334
206 337
206 349
206 390
206 393
206 394
206 398
206 399
206 401
206 434
206 454
206 463
206 465
206 518
206 519
206 541
206 576
206 593
206 605
206 646
206 650
206 654
206 655
206 657
206 704
206 710
206 719
206 721
206 733
206 785
206 838
206 846
206 849
206 861
206 902
206 910
206 911
206 913
206 925
206 966
206 975
206 977
206 989
206 994
206 1024
206 1030
206 1031
206 1035
206 1039
206 1041
206 1053
206 1095
206 1105
206 1117
206 1231
207 6
207 9
207 15
207 69
207 70
207 74
207 78
207 79
207 134
207 135
207 138
207 142
207 143
207 198
207 199
207 206
207 242
207 246
207 261
207 262
207 266
207 267
207 270
207 271
207 273
207 275
207 285
207 290
207 326
207 334
207 335
207 337
207 349
207 384
207 385
207 390
207 393
207 394
207 395
207 399
207 401
207 403
207 406
207 416
207 422
207 434
207 454
207 462
207 463
207 465
207 467
207 477
207 518
207 519
207 527
207 541
207 576
207 582
207 585
207 590
207 591
207 593
207 605
207 606
207 640
207 645
207 646
207 650
207 654
207 655
207 657
207 678
207 704
207 709
207 710
207 714
207 715
207 719
207 733
207 736
207 775
207 783
207 785
207 797
207 838
207 839
207 846
207 861
207 902
207 910
207 911
207 913
207 925
207 966
207 971
207 974
207 975
207 977
207 989
207 994
207 998
207 1024
207 1030
207 1031
207 1034
207 1035
207 1038
207 1039
207 1053
207 1058
207 1094
207 1169
207 1216
207 1221
207 1222
207 1230
207 1245
207 1246
208 16
208 80
208 144
208 272
208 336
208 366
208 400
208 716
209 17
209 81
209 145
209 273
209 337
209 401
210 18
210 82
210 146
210 268
210 274
210 338
210 402
210 802
210 1204
211 19
211 83
211 147
211 275
211 339
211 403
212 20
212 84
212 148
212 276
212 340
212 404
212 557
213 21
213 85
213 149
213 243
213 277
213 341
213 405
214 22
214 86
214 150
214 278
214 342
214 406
214 419
214 662
215 23
215 87
215 151
215 279
215 308
215 343
215 407
216 24
216 88
216 152
216 280
216 344
216 408
216 551
217 25
217 89
217 153
217 281
217 289
217 345
217 409
218 26
218 90
218 154
218 282
218 291
218 346
218 410
218 984
218 1016
218 1271
219 27
219 91
219 155
219 283
219 347
219 411
219 884
219 920
219 978
220 28
220 92
220 156
220 284
220 348
220 412
221 29
221 93
221 157
221 285
221 349
221 413
222 30
222 94
222 158
222 286
222 350
222 414
223 31
223 95
223 159
223 287
223 351
223 386
223 415
223 469
224 32
224 73
224 96
224 160
224 288
224 294
224 352
224 416
225 33
225 97
225 161
225 289
225 353
225 417
226 34
226 98
226 162
226 290
226 354
226 418
227 35
227 99
227 163
227 291
227 355
227 419
228 36
228 100
228 164
228 292
228 338
228 356
228 420
228 961
229 37
229 101
229 165
229 196
229 293
229 357
229 392
229 421
229 997
229 1032
230 38
230 91
230 102
230 114
230 166
230 256
230 260
230 269
230 286
230 294
230 329
230 335
230 358
230 388
230 411
230 412
230 418
230 420
230 422
230 448
230 449
230 458
230 512
230 587
230 651
230 669
230 676
230 718
230 754
230 777
230 842
230 847
230 868
230 905
230 926
230 960
230 969
230 1054
230 1161
230 1226
231 39
231 103
231 127
231 167
231 295
231 359
231 368
231 423
231 792
231 1201
232 40
232 104
232 168
232 296
232 360
232 424
232 810
233 41
233 105
233 169
233 297
233 361
233 425
233 778
233 834
233 1109
234 35
234 42
234 106
234 170
234 298
234 362
234 426
234 803
234 1194
235 43
235 107
235 171
235 299
235 363
235 427
235 880
236 44
236 108
236 172
236 300
236 364
236 428
236 1143
236 1150
237 45
237 109
237 173
237 301
237 344
237 365
237 429
238 46
238 110
238 174
238 302
238 366
238 430
238 855
238 1119
239 47
239 111
239 175
239 303
239 367
239 431
239 747
240 48
240 112
240 176
240 304
240 368
240 432
241 49
241 113
241 152
241 177
241 305
241 369
241 433
241 444
242 6
242 9
242 50
242 69
242 74
242 78
242 79
242 114
242 134
242 135
242 138
242 143
242 145
242 178
242 198
242 199
242 207
242 246
242 256
242 260
242 261
242 266
242 267
242 271
242 273
242 275
242 285
242 290
242 306
242 329
242 334
242 349
242 370
242 384
242 385
242 390
242 393
242 394
242 395
242 398
242 399
242 401
242 403
242 406
242 411
242 416
242 420
242 422
242 434
242 448
242 455
242 458
242 462
242 467
242 477
242 518
242 519
242 527
242 541
242 576
242 582
242 585
242 590
242 591
242 593
242 605
242 606
242 640
242 645
242 650
242 654
242 657
242 667
242 678
242 704
242 709
242 710
242 714
242 715
242 718
242 719
242 733
242 736
242 775
242 783
242 785
242 797
242 839
242 846
242 868
242 902
242 905
242 910
242 925
242 926
242 960
242 966
242 969
242 971
242 974
242 975
242 977
242 989
242 994
242 998
242 1024
242 1030
242 1031
242 1034
242 1035
242 1038
242 1053
242 1058
242 1158
242 1221
242 1246
243 51
243 115
243 179
243 213
243 307
243 371
243 435
244 52
244 116
244 180
244 308
244 317
244 372
244 436
244 601
244 671
244 728
244 750
244 848
244 1135
245 53
245 117
245 181
245 309
245 373
245 437
246 6
246 9
246 54
246 69
246 74
246 78
246 79
246 91
246 118
246 135
246 143
246 145
246 178
246 182
246 199
246 207
246 242
246 256
246 260
246 267
246 271
246 275
246 285
246 286
246 310
246 329
246 334
246 374
246 384
246 385
246 393
246 395
246 398
246 403
246 406
246 411
246 416
246 420
246 422
246 434
246 438
246 448
246 455
246 458
246 462
246 467
246 477
246 518
246 519
246 527
246 582
246 585
246 587
246 590
246 591
246 606
246 640
246 645
246 650
246 667
246 678
246 709
246 710
246 714
246 715
246 718
246 736
246 775
246 783
246 797
246 839
246 842
246 847
246 868
246 902
246 905
246 926
246 960
246 966
246 969
246 971
246 974
246 975
246 989
246 998
246 1024
246 1030
246 1034
246 1035
246 1038
246 1054
246 1058
246 1244
246 1253
246 1269
247 55
247 119
247 183
247 311
247 372
247 375
247 439
247 857
248 56
248 120
248 184
248 312
248 376
248 440
249 57
249 121
249 185
249 313
249 377
249 441
250 58
250 122
250 186
250 314
250 378
250 442
251 59
251 123
251 187
251 315
251 379
251 443
252 60
252 124
252 188
252 316
252 378
252 380
252 444
252 611
252 1022
253 61
253 125
253 180
253 189
253 317
253 381
253 445
253 1019
254 62
254 126
254 190
254 318
254 382
254 446
254 688
255 63
255 121
255 127
255 191
255 319
255 383
255 447
255 618
255 888
256 9
256 38
256 64
256 74
256 78
256 79
256 91
256 128
256 135
256 143
256 145
256 178
256 192
256 199
256 230
256 242
256 246
256 260
256 275
256 285
256 286
256 320
256 329
256 384
256 385
256 395
256 398
256 403
256 406
256 411
256 416
256 418
256 420
256 422
256 448
256 455
256 458
256 462
256 467
256 477
256 527
256 582
256 585
256 587
256 590
256 591
256 606
256 640
256 645
256 667
256 669
256 678
256 709
256 714
256 715
256 718
256 736
256 775
256 783
256 797
256 839
256 842
256 847
256 868
256 905
256 926
256 960
256 969
256 971
256 974
256 998
256 1034
256 1038
256 1054
256 1058
256 1120
256 1220
256 1237
256 1244
256 1253
256 1269
257 65
257 129
257 193
257 321
257 385
257 449
258 66
258 130
258 194
258 322
258 386
258 450
258 851
259 67
259 131
259 195
259 323
259 387
259 451
259 883
259 968
260 9
260 38
260 68
260 74
260 79
260 91
260 132
260 135
260 143
260 145
260 178
260 196
260 199
260 230
260 242
260 246
260 256
260 286
260 324
260 329
260 335
260 384
260 385
260 388
260 395
260 398
260 403
260 406
260 411
260 412
260 418
260 420
260 422
260 448
260 452
260 455
260 458
260 462
260 467
260 477
260 512
260 585
260 587
260 590
260 591
260 606
260 640
260 667
260 669
260 676
260 678
260 714
260 715
260 718
260 736
260 754
260 775
260 783
260 839
260 842
260 847
260 868
260 905
260 926
260 960
260 969
260 971
260 998
260 1054
260 1058
260 1120
260 1220
260 1237
260 1244
260 1252
260 1253
260 1257
260 1269
261 6
261 69
261 70
261 74
261 78
261 79
261 133
261 134
261 135
261 138
261 142
261 143
261 197
261 198
261 199
261 206
261 207
261 242
261 262
261 266
261 267
261 270
261 271
261 273
261 275
261 285
261 290
261 325
261 326
261 334
261 337
261 349
261 384
261 385
261 389
261 390
261 393
261 394
261 399
261 401
261 403
261 406
261 416
261 422
261 434
261 453
261 454
261 462
261 463
261 465
261 467
261 477
261 518
261 519
261 527
261 541
261 576
261 582
261 590
261 591
261 593
261 605
261 606
261 640
261 645
261 646
261 650
261 654
261 655
261 657
261 678
261 704
261 709
261 710
261 714
261 719
261 721
261 733
261 736
261 775
261 785
261 797
261 838
261 846
261 849
261 861
261 902
261 910
261 911
261 913
261 925
261 966
261 971
261 974
261 975
261 977
261 989
261 994
261 998
261 1024
261 1030
261 1031
261 1034
261 1035
261 1038
261 1039
261 1053
261 1058
261 1094
261 1095
261 1105
261 1117
261 1169
261 1216
261 1221
261 1222
261 1230
261 1231
261 1245
262 6
262 70
262 134
262 138
262 142
262 198
262 206
262 207
262 261
262 266
262 267
262 270
262 271
262 273
262 290
262 326
262 337
262 349
262 390
262 394
262 399
262 401
262 454
262 463
262 465
262 518
262 519
262 541
262 576
262 593
262 605
262 646
262 650
262 654
262 655
262 657
262 704
262 710
262 719
262 721
262 733
262 785
262 838
262 846
262 849
262 861
262 902
262 910
262 911
262 913
262 925
262 966
262 977
262 989
262 994
262 1031
262 1035
262 1039
262 1041
262 1053
262 1094
262 1095
262 1105
262 1117
262 1233
263 5
263 71
263 133
263 135
263 197
263 199
263 327
263 389
263 391
263 455
263 457
263 521
263 583
263 647
263 713
263 774
263 837
263 903
263 965
263 1029
263 1093
263 1159
263 1223
264 72
264 136
264 200
264 328
264 392
264 456
265 73
265 137
265 201
265 292
265 329
265 393
265 457
265 480
266 6
266 9
266 69
266 70
266 74
266 78
266 79
266 134
266 135
266 138
266 142
266 143
266 198
266 199
266 202
266 206
266 207
266 242
266 261
266 262
266 267
266 270
266 271
266 273
266 275
266 285
266 290
266 326
266 330
266 334
266 337
266 349
266 384
266 385
266 390
266 393
266 394
266 399
266 401
266 403
266 406
266 416
266 422
266 434
266 454
266 458
266 462
266 463
266 465
266 467
266 477
266 518
266 519
266 527
266 541
266 576
266 582
266 585
266 590
266 591
266 593
266 605
266 606
266 640
266 645
266 646
266 650
266 654
266 655
266 657
266 678
266 704
266 709
266 710
266 714
266 715
266 719
266 721
266 733
266 736
266 775
266 785
266 797
266 838
266 846
266 849
266 861
266 902
266 910
266 911
266 913
266 925
266 966
266 971
266 974
266 975
266 977
266 989
266 994
266 998
266 1024
266 1030
266 1031
266 1034
266 1035
266 1038
266 1039
266 1053
266 1058
266 1094
266 1095
266 1105
266 1117
266 1169
266 1216
266 1221
266 1222
266 1230
266 1245
266 1246
267 6
267 9
267 69
267 70
267 74
267 75
267 78
267 79
267 134
267 135
267 138
267 139
267 142
267 143
267 198
267 199
267 203
267 206
267 207
267 242
267 246
267 261
267 262
267 266
267 270
267 271
267 273
267 275
267 285
267 290
267 326
267 331
267 334
267 337
267 349
267 384
267 385
267 390
267 393
267 394
267 395
267 399
267 401
267 403
267 406
267 416
267 422
267 434
267 454
267 459
267 462
267 463
267 465
267 467
267 477
267 518
267 519
267 527
267 541
267 576
267 582
267 585
267 590
267 591
267 593
267 605
267 606
267 640
267 645
267 646
267 650
267 654
267 655
267 657
267 678
267 704
267 709
267 710
267 714
267 715
267 719
267 733
267 736
267 775
267 783
267 785
267 797
267 838
267 839
267 846
267 861
267 902
267 910
267 911
267 913
267 925
267 966
267 971
267 974
267 975
267 977
267 989
267 994
267 998
267 1024
267 1030
267 1031
267 1034
267 1035
267 1038
267 1039
267 1053
267 1058
267 1094
267 1095
267 1117
267 1169
267 1216
267 1221
267 1222
267 1230
267 1245
267 1246
268 76
268 140
268 204
268 210
268 332
268 396
268 460
268 802
268 1204
269 38
269 77
269 114
269 141
269 205
269 230
269 286
269 333
269 335
269 388
269 397
269 412
269 418
269 449
269 461
269 512
269 587
269 651
269 669
269 672
269 676
269 754
269 777
269 832
269 842
269 847
269 1054
269 1098
269 1120
270 6
270 69
270 70
270 78
270 134
270 138
270 142
270 198
270 206
270 207
270 261
270 262
270 266
270 267
270 271
270 273
270 275
270 285
270 290
270 326
270 334
270 337
270 349
270 390
270 393
270 394
270 398
270 399
270 401
270 434
270 454
270 462
270 463
270 465
270 518
270 519
270 527
270 541
270 576
270 593
270 605
270 646
270 650
270 654
270 655
270 657
270 704
270 710
270 719
270 721
270 733
270 785
270 838
270 846
270 849
270 861
270 902
270 910
270 911
270 913
270 925
270 966
270 975
270 977
270 989
270 994
270 1024
270 1030
270 1031
270 1034
270 1035
270 1039
270 1041
270 1053
270 1094
270 1095
270 1105
270 1117
270 1231
271 6
271 9
271 69
271 70
271 74
271 78
271 79
271 134
271 135
271 138
271 142
271 143
271 178
271 198
271 199
271 206
271 207
271 242
271 246
271 261
271 262
271 266
271 267
271 270
271 273
271 275
271 285
271 290
271 326
271 334
271 335
271 337
271 349
271 384
271 385
271 390
271 393
271 394
271 395
271 399
271 401
271 403
271 406
271 416
271 422
271 434
271 462
271 463
271 465
271 467
271 477
271 518
271 519
271 527
271 541
271 576
271 582
271 585
271 590
271 591
271 593
271 605
271 606
271 640
271 645
271 646
271 650
271 654
271 655
271 657
271 678
271 704
271 709
271 710
271 714
271 715
271 719
271 733
271 736
271 775
271 783
271 785
271 797
271 838
271 839
271 846
271 902
271 910
271 911
271 913
271 925
271 966
271 971
271 974
271 975
271 977
271 989
271 994
271 998
271 1024
271 1030
271 1031
271 1034
271 1035
271 1038
271 1039
271 1053
271 1058
271 1094
271 1095
271 1117
271 1169
271 1216
271 1221
271 1222
271 1230
271 1245
271 1246
272 80
272 144
272 208
272 336
272 400
272 464
272 836
273 6
273 69
273 70
273 78
273 81
273 134
273 138
273 142
273 143
273 145
273 198
273 199
273 206
273 207
273 209
273 242
273 261
273 262
273 266
273 267
273 270
273 271
273 275
273 285
273 290
273 326
273 334
273 337
273 349
273 390
273 393
273 394
273 399
273 401
273 416
273 422
273 434
273 454
273 463
273 465
273 477
273 518
273 519
273 527
273 541
273 576
273 582
273 591
273 593
273 605
273 640
273 645
273 646
273 650
273 654
273 655
273 657
273 704
273 709
273 710
273 719
273 721
273 733
273 785
273 797
273 838
273 846
273 849
273 861
273 902
273 910
273 911
273 913
273 925
273 966
273 974
273 975
273 977
273 989
273 994
273 998
273 1024
273 1030
273 1031
273 1034
273 1035
273 1038
273 1039
273 1041
273 1053
273 1058
273 1094
273 1095
273 1105
273 1117
273 1169
273 1216
273 1230
273 1231
274 82
274 146
274 210
274 338
274 402
274 466
275 6
275 9
275 69
275 74
275 78
275 79
275 83
275 134
275 135
275 138
275 142
275 143
275 145
275 147
275 178
275 198
275 199
275 206
275 207
275 211
275 242
275 246
275 256
275 261
275 266
275 267
275 270
275 271
275 273
275 285
275 290
275 326
275 334
275 337
275 339
275 349
275 384
275 385
275 390
275 393
275 394
275 395
275 398
275 399
275 401
275 403
275 406
275 416
275 420
275 422
275 434
275 448
275 455
275 458
275 462
275 463
275 467
275 477
275 518
275 519
275 527
275 541
275 576
275 582
275 585
275 590
275 591
275 593
275 605
275 606
275 640
275 645
275 646
275 650
275 654
275 655
275 657
275 667
275 678
275 704
275 709
275 710
275 714
275 715
275 719
275 733
275 736
275 775
275 783
275 785
275 797
275 838
275 839
275 846
275 902
275 910
275 911
275 925
275 960
275 966
275 971
275 974
275 975
275 977
275 989
275 994
275 998
275 1024
275 1030
275 1031
275 1034
275 1035
275 1038
275 1039
275 1053
275 1058
275 1094
275 1095
275 1158
275 1216
275 1221
275 1222
275 1245
275 1246
276 84
276 148
276 212
276 340
276 404
276 468
276 488
276 1076
277 85
277 149
277 213
277 341
277 405
277 469
277 597
278 86
278 150
278 214
278 342
278 406
278 470
278 1036
279 47
279 87
279 151
279 215
279 316
279 343
279 407
279 471
280 88
280 152
280 216
280 344
280 351
280 408
280 472
280 737
281 89
281 150
281 153
281 217
281 345
281 409
281 473
282 90
282 154
282 218
282 346
282 410
282 474
282 1160
283 91
283 155
283 219
283 325
283 347
283 411
283 475
284 92
284 156
284 220
284 348
284 412
284 476
284 923
284 1249
285 6
285 9
285 69
285 74
285 78
285 79
285 93
285 134
285 135
285 138
285 142
285 143
285 145
285 157
285 178
285 198
285 199
285 206
285 207
285 221
285 242
285 246
285 256
285 261
285 266
285 267
285 270
285 271
285 273
285 275
285 290
285 326
285 334
285 337
285 349
285 384
285 385
285 390
285 393
285 394
285 395
285 398
285 399
285 401
285 403
285 406
285 413
285 416
285 420
285 422
285 434
285 448
285 455
285 458
285 462
285 463
285 465
285 467
285 477
285 518
285 519
285 527
285 541
285 576
285 582
285 585
285 590
285 591
285 593
285 605
285 606
285 640
285 645
285 646
285 650
285 654
285 655
285 657
285 667
285 678
285 704
285 709
285 710
285 714
285 715
285 719
285 733
285 736
285 775
285 783
285 785
285 797
285 838
285 839
285 846
285 902
285 910
285 911
285 925
285 960
285 966
285 971
285 974
285 975
285 977
285 989
285 994
285 998
285 1024
285 1030
285 1031
285 1034
285 1035
285 1038
285 1039
285 1053
285 1058
285 1094
285 1095
285 1158
285 1216
285 1221
285 1222
285 1245
285 1246
286 9
286 38
286 74
286 79
286 91
286 94
286 135
286 145
286 158
286 178
286 222
286 230
286 246
286 256
286 260
286 269
286 329
286 335
286 350
286 384
286 385
286 395
286 398
286 403
286 406
286 411
286 412
286 414
286 418
286 420
286 448
286 455
286 458
286 462
286 467
286 477
286 478
286 512
286 585
286 587
286 590
286 591
286 606
286 640
286 651
286 667
286 669
286 676
286 678
286 714
286 715
286 718
286 736
286 754
286 775
286 777
286 783
286 839
286 842
286 847
286 868
286 905
286 926
286 960
286 969
286 971
286 1054
286 1098
286 1120
286 1220
286 1237
286 1252
286 1257
287 95
287 159
287 223
287 351
287 415
287 453
287 479
288 96
288 160
288 224
288 352
288 416
288 480
288 1107
288 1157
289 97
289 161
289 217
289 225
289 353
289 417
289 481
290 6
290 69
290 70
290 74
290 78
290 79
290 98
290 134
290 135
290 138
290 142
290 143
290 162
290 198
290 199
290 206
290 207
290 226
290 242
290 261
290 262
290 266
290 267
290 270
290 271
290 273
290 275
290 285
290 326
290 334
290 337
290 349
290 354
290 384
290 385
290 390
290 393
290 394
290 399
290 401
290 403
290 416
290 418
290 422
290 434
290 454
290 462
290 463
290 465
290 467
290 477
290 482
290 518
290 519
290 527
290 541
290 576
290 582
290 590
290 591
290 593
290 605
290 606
290 640
290 645
290 646
290 650
290 654
290 655
290 657
290 678
290 704
290 709
290 710
290 714
290 719
290 721
290 733
290 736
290 775
290 785
290 797
290 838
290 846
290 849
290 861
290 902
290 910
290 911
290 913
290 925
290 966
290 971
290 974
290 975
290 977
290 989
290 994
290 998
290 1024
290 1030
290 1031
290 1034
290 1035
290 1038
290 1039
290 1053
290 1058
290 1094
290 1095
290 1105
290 1117
290 1169
290 1216
290 1222
290 1230
290 1231
290 1245
291 99
291 163
291 218
291 227
291 355
291 419
291 483
291 984
291 1016
291 1271
292 100
292 164
292 201
292 228
292 265
292 356
292 420
292 480
292 484
293 75
293 101
293 165
293 229
293 357
293 421
293 485
293 672
293 832
293 996
294 73
294 102
294 166
294 224
294 230
294 358
294 422
294 486
295 103
295 167
295 231
295 359
295 423
295 466
295 487
296 104
296 168
296 232
296 360
296 424
296 488
296 763
297 105
297 169
297 233
297 361
297 425
297 489
297 1182
298 18
298 106
298 170
298 234
298 299
298 362
298 426
298 490
299 18
299 107
299 171
299 235
299 298
299 363
299 427
299 491
300 108
300 172
300 236
300 364
300 428
300 492
301 109
301 173
301 237
301 365
301 429
301 493
302 110
302 174
302 238
302 366
302 430
302 494
302 496
302 1170
303 111
303 175
303 239
303 367
303 431
303 495
304 112
304 176
304 240
304 368
304 432
304 496
304 786
305 99
305 113
305 177
305 241
305 369
305 433
305 497
305 643
305 686
306 114
306 139
306 178
306 242
306 370
306 434
306 485
306 498
306 580
306 970
306 1229
307 115
307 151
307 179
307 243
307 371
307 435
307 499
307 516
307 1080
308 116
308 180
308 215
308 244
308 372
308 436
308 500
309 117
309 181
309 245
309 373
309 437
309 501
309 1128
310 118
310 182
310 246
310 374
310 438
310 502
311 119
311 183
311 247
311 375
311 439
311 503
311 693
312 120
312 129
312 184
312 248
312 376
312 440
312 504
312 577
312 845
312 928
313 121
313 185
313 249
313 347
313 377
313 441
313 505
313 707
313 1144
314 87
314 122
314 186
314 250
314 378
314 442
314 506
315 123
315 187
315 251
315 379
315 443
315 507
316 47
316 124
316 188
316 252
316 279
316 380
316 444
316 508
317 125
317 189
317 244
317 253
317 381
317 445
317 509
317 601
317 671
317 728
317 750
317 848
317 1135
318 126
318 146
318 190
318 254
318 382
318 383
318 446
318 510
319 127
319 191
319 255
319 383
319 447
319 511
320 128
320 192
320 256
320 384
320 448
320 512
321 129
321 193
321 257
321 385
321 449
321 513
321 843
322 130
322 194
322 258
322 386
322 450
322 514
323 131
323 195
323 259
323 387
323 451
323 515
324 132
324 196
324 260
324 381
324 388
324 452
324 516
324 725
324 1014
325 133
325 197
325 261
325 283
325 389
325 453
325 517
326 6
326 69
326 70
326 78
326 134
326 138
326 142
326 198
326 206
326 207
326 261
326 262
326 266
326 267
326 270
326 271
326 273
326 275
326 285
326 290
326 334
326 337
326 349
326 390
326 393
326 394
326 399
326 401
326 434
326 454
326 463
326 465
326 518
326 519
326 527
326 541
326 576
326 593
326 605
326 645
326 646
326 650
326 654
326 655
326 657
326 704
326 710
326 719
326 721
326 733
326 785
326 838
326 846
326 849
326 861
326 902
326 910
326 911
326 913
326 925
326 966
326 975
326 977
326 989
326 994
326 1024
326 1030
326 1031
326 1034
326 1035
326 1039
326 1041
326 1053
326 1094
326 1095
326 1105
326 1117
326 1169
326 1230
326 1231
327 5
327 71
327 133
327 135
327 197
327 199
327 263
327 389
327 391
327 455
327 457
327 519
327 521
327 583
327 647
327 713
327 774
327 837
327 903
327 965
327 1029
327 1093
327 1159
327 1223
328 136
328 183
328 200
328 264
328 392
328 456
328 520
328 543
328 544
328 615
329 9
329 38
329 74
329 79
329 91
329 135
329 137
329 143
329 145
329 178
329 199
329 201
329 230
329 242
329 246
329 256
329 260
329 265
329 286
329 384
329 385
329 393
329 395
329 398
329 403
329 406
329 411
329 412
329 416
329 418
329 420
329 422
329 448
329 455
329 457
329 458
329 462
329 467
329 477
329 512
329 521
329 582
329 585
329 587
329 590
329 591
329 606
329 640
329 667
329 669
329 678
329 709
329 714
329 715
329 718
329 736
329 754
329 775
329 783
329 839
329 842
329 847
329 868
329 905
329 926
329 960
329 969
329 971
329 974
329 998
329 1038
329 1054
329 1058
329 1120
329 1158
329 1161
329 1220
329 1237
329 1244
329 1252
329 1253
329 1257
329 1269
330 138
330 202
330 266
330 394
330 458
330 522
331 139
331 203
331 267
331 395
331 459
331 471
331 523
331 739
332 140
332 204
332 268
332 396
332 456
332 460
332 524
332 988
332 1247
333 141
333 205
333 269
333 397
333 461
333 525
333 897
333 921
334 6
334 9
334 69
334 70
334 74
334 78
334 79
334 134
334 135
334 138
334 142
334 143
334 145
334 178
334 198
334 199
334 206
334 207
334 242
334 246
334 261
334 266
334 267
334 270
334 271
334 273
334 275
334 285
334 290
334 326
334 337
334 349
334 384
334 385
334 390
334 393
334 394
334 395
334 398
334 399
334 401
334 403
334 406
334 416
334 422
334 434
334 455
334 462
334 463
334 465
334 467
334 477
334 518
334 519
334 526
334 527
334 541
334 576
334 582
334 585
334 590
334 591
334 593
334 605
334 606
334 640
334 645
334 646
334 650
334 654
334 655
334 657
334 667
334 678
334 704
334 709
334 710
334 714
334 715
334 719
334 733
334 736
334 775
334 783
334 785
334 797
334 838
334 839
334 846
334 902
334 910
334 911
334 913
334 925
334 966
334 971
334 974
334 975
334 977
334 989
334 994
334 998
334 1024
334 1030
334 1031
334 1034
334 1035
334 1038
334 1039
334 1053
334 1058
334 1094
334 1095
334 1117
334 1158
334 1169
334 1216
334 1221
334 1222
334 1245
334 1246
335 38
335 91
335 114
335 143
335 207
335 230
335 260
335 269
335 271
335 286
335 388
335 399
335 412
335 418
335 449
335 463
335 512
335 527
335 587
335 651
335 669
335 672
335 676
335 754
335 777
335 842
335 847
335 1054
335 1098
335 1120
335 1161
335 1226
336 144
336 208
336 272
336 400
336 464
336 528
336 1174
336 1276
337 6
337 69
337 70
337 78
337 134
337 138
337 142
337 145
337 198
337 206
337 207
337 209
337 261
337 262
337 266
337 267
337 270
337 271
337 273
337 275
337 285
337 290
337 326
337 334
337 349
337 390
337 393
337 394
337 399
337 401
337 434
337 454
337 463
337 465
337 518
337 519
337 527
337 529
337 541
337 576
337 593
337 605
337 646
337 650
337 654
337 655
337 657
337 704
337 710
337 719
337 721
337 733
337 785
337 838
337 846
337 849
337 861
337 902
337 910
337 911
337 913
337 925
337 966
337 975
337 977
337 989
337 994
337 1024
337 1030
337 1031
337 1034
337 1035
337 1039
337 1041
337 1053
337 1094
337 1095
337 1105
337 1117
337 1169
337 1231
338 146
338 210
338 228
338 274
338 402
338 466
338 530
338 961
339 86
339 147
339 211
339 275
339 403
339 467
339 531
339 1126
340 148
340 212
340 276
340 375
340 404
340 468
340 532
340 807
341 149
341 213
341 277
341 405
341 469
341 533
341 864
342 150
342 214
342 278
342 406
342 470
342 534
342 1232
343 151
343 215
343 279
343 407
343 471
343 535
343 1264
344 152
344 216
344 237
344 280
344 408
344 472
344 536
345 153
345 217
345 281
345 409
345 473
345 537
346 154
346 218
346 282
346 410
346 474
346 538
346 689
346 1111
347 155
347 219
347 283
347 313
347 411
347 475
347 539
347 707
347 1144
348 136
348 156
348 220
348 284
348 412
348 476
348 540
348 1251
349 6
349 69
349 70
349 78
349 134
349 138
349 142
349 143
349 157
349 198
349 199
349 206
349 207
349 221
349 242
349 261
349 262
349 266
349 267
349 270
349 271
349 273
349 275
349 285
349 290
349 326
349 334
349 337
349 390
349 393
349 394
349 399
349 401
349 413
349 416
349 422
349 434
349 454
349 463
349 465
349 477
349 518
349 519
349 527
349 541
349 576
349 582
349 591
349 593
349 605
349 640
349 645
349 646
349 650
349 654
349 655
349 657
349 704
349 709
349 710
349 719
349 721
349 733
349 785
349 797
349 838
349 846
349 849
349 861
349 902
349 910
349 911
349 913
349 925
349 966
349 974
349 975
349 977
349 989
349 994
349 998
349 1024
349 1030
349 1031
349 1034
349 1035
349 1038
349 1039
349 1041
349 1053
349 1058
349 1094
349 1095
349 1105
349 1117
349 1158
349 1169
349 1216
349 1230
349 1231
350 158
350 222
350 286
350 414
350 478
350 542
350 661
351 159
351 223
351 280
351 287
351 415
351 479
351 543
351 737
352 160
352 224
352 288
352 374
352 416
352 480
352 544
352 1243
353 93
353 100
353 161
353 225
353 289
353 410
353 417
353 481
353 545
354 162
354 226
354 290
354 418
354 482
354 533
354 546
354 679
354 694
355 163
355 227
355 291
355 419
355 450
355 483
355 547
355 899
356 164
356 228
356 292
356 420
356 484
356 548
356 782
357 165
357 229
357 293
357 421
357 485
357 549
357 649
357 866
358 166
358 205
358 230
358 294
358 422
358 486
358 550
358 1270
359 167
359 231
359 295
359 423
359 487
359 551
359 800
360 101
360 168
360 232
360 296
360 424
360 488
360 495
360 552
360 1139
361 169
361 233
361 297
361 425
361 489
361 553
362 170
362 234
362 298
362 426
362 428
362 490
362 554
363 171
363 235
363 299
363 427
363 491
363 555
363 753
363 771
363 1185
363 1258
364 112
364 172
364 236
364 300
364 428
364 492
364 556
364 799
364 1189
365 173
365 237
365 301
365 429
365 493
365 557
365 638
366 174
366 208
366 238
366 302
366 430
366 494
366 558
366 716
367 175
367 239
367 303
367 431
367 495
367 559
367 912
367 951
368 127
368 176
368 231
368 240
368 304
368 432
368 496
368 560
368 792
368 1201
369 177
369 241
369 305
369 433
369 497
369 561
369 878
369 881
370 178
370 242
370 306
370 434
370 498
370 562
371 179
371 243
371 307
371 435
371 499
371 563
372 180
372 244
372 247
372 308
372 436
372 500
372 564
372 857
373 181
373 245
373 309
373 437
373 501
373 565
373 987
374 182
374 246
374 310
374 352
374 438
374 502
374 566
374 1243
375 183
375 247
375 311
375 340
375 439
375 503
375 567
375 807
376 184
376 248
376 312
376 440
376 504
376 568
376 730
376 801
377 34
377 42
377 185
377 249
377 313
377 441
377 505
377 569
377 602
377 821
378 186
378 250
378 252
378 314
378 442
378 506
378 570
378 611
378 1022
379 26
379 187
379 251
379 315
379 443
379 507
379 571
379 937
379 948
379 985
380 188
380 252
380 316
380 444
380 508
380 572
380 685
381 189
381 253
381 317
381 324
381 445
381 509
381 573
381 725
381 1014
382 190
382 254
382 318
382 446
382 510
382 574
382 1133
383 146
383 191
383 255
383 318
383 319
383 447
383 511
383 575
384 6
384 9
384 69
384 74
384 78
384 79
384 91
384 135
384 138
384 143
384 145
384 178
384 192
384 198
384 199
384 207
384 242
384 246
384 256
384 260
384 261
384 266
384 267
384 271
384 275
384 285
384 286
384 290
384 320
384 329
384 334
384 385
384 393
384 394
384 395
384 398
384 399
384 403
384 406
384 411
384 416
384 420
384 422
384 434
384 448
384 455
384 458
384 462
384 467
384 477
384 512
384 518
384 519
384 527
384 541
384 576
384 582
384 585
384 590
384 591
384 605
384 606
384 640
384 645
384 650
384 667
384 678
384 704
384 709
384 710
384 714
384 715
384 718
384 719
384 736
384 775
384 783
384 785
384 797
384 839
384 842
384 846
384 847
384 868
384 902
384 905
384 926
384 960
384 966
384 969
384 971
384 974
384 975
384 989
384 994
384 998
384 1024
384 1030
384 1031
384 1034
384 1035
384 1038
384 1054
384 1058
384 1094
384 1120
384 1158
384 1216
384 1220
384 1221
384 1222
384 1237
384 1244
384 1245
384 1246
384 1252
384 1253
384 1257
384 1269
385 6
385 9
385 69
385 74
385 78
385 79
385 91
385 135
385 138
385 143
385 145
385 178
385 193
385 198
385 199
385 207
385 242
385 246
385 256
385 257
385 260
385 261
385 266
385 267
385 271
385 275
385 285
385 286
385 290
385 321
385 329
385 334
385 384
385 393
385 394
385 395
385 398
385 399
385 401
385 403
385 406
385 411
385 416
385 420
385 422
385 434
385 448
385 449
385 455
385 458
385 462
385 467
385 477
385 513
385 518
385 519
385 527
385 541
385 576
385 577
385 582
385 585
385 590
385 591
385 605
385 606
385 640
385 645
385 650
385 667
385 678
385 704
385 709
385 710
385 714
385 715
385 718
385 719
385 736
385 775
385 783
385 785
385 797
385 839
385 842
385 846
385 847
385 868
385 902
385 905
385 926
385 960
385 966
385 969
385 971
385 974
385 975
385 989
385 994
385 998
385 1024
385 1030
385 1031
385 1034
385 1035
385 1038
385 1053
385 1058
385 1094
385 1158
385 1169
385 1216
385 1220
385 1221
385 1222
385 1230
385 1237
385 1244
385 1245
385 1246
385 1252
385 1253
385 1269
386 194
386 223
386 258
386 322
386 450
386 469
386 514
386 578
387 195
387 259
387 323
387 451
387 515
387 579
388 38
388 114
388 196
388 230
388 260
388 269
388 324
388 335
388 412
388 418
388 449
388 452
388 512
388 516
388 580
388 587
388 651
388 669
388 672
388 676
388 754
388 777
388 832
388 996
388 1098
388 1161
388 1226
389 5
389 71
389 133
389 197
389 261
389 263
389 325
389 327
389 453
389 457
389 517
389 521
389 581
389 583
389 647
389 713
389 774
389 837
389 903
389 965
389 1029
389 1093
389 1159
389 1223
390 6
390 69
390 70
390 78
390 134
390 138
390 142
390 143
390 198
390 199
390 206
390 207
390 242
390 261
390 262
390 266
390 267
390 270
390 271
390 273
390 275
390 285
390 290
390 326
390 334
390 337
390 349
390 393
390 394
390 399
390 401
390 416
390 422
390 434
390 454
390 463
390 465
390 518
390 519
390 527
390 541
390 576
390 582
390 591
390 593
390 605
390 640
390 645
390 646
390 650
390 654
390 655
390 657
390 704
390 709
390 710
390 719
390 721
390 733
390 785
390 797
390 838
390 846
390 849
390 861
390 902
390 910
390 911
390 913
390 925
390 966
390 974
390 975
390 977
390 989
390 994
390 998
390 1024
390 1030
390 1031
390 1034
390 1035
390 1038
390 1039
390 1041
390 1053
390 1058
390 1094
390 1095
390 1105
390 1117
390 1158
390 1169
390 1216
390 1221
390 1222
390 1230
390 1231
390 1233
390 1245
390 1246
391 199
391 263
391 327
391 455
391 519
391 583
391 901
392 196
392 200
392 229
392 264
392 328
392 456
392 520
392 584
392 997
392 1032
393 6
393 9
393 69
393 74
393 78
393 79
393 134
393 135
393 138
393 142
393 143
393 145
393 178
393 198
393 199
393 201
393 206
393 207
393 242
393 246
393 261
393 265
393 266
393 267
393 270
393 271
393 273
393 275
393 285
393 290
393 326
393 329
393 334
393 337
393 349
393 384
393 385
393 390
393 394
393 395
393 398
393 399
393 401
393 403
393 406
393 416
393 420
393 422
393 434
393 455
393 457
393 462
393 463
393 465
393 467
393 477
393 518
393 519
393 521
393 527
393 541
393 576
393 582
393 585
393 590
393 591
393 593
393 605
393 606
393 640
393 645
393 646
393 650
393 654
393 655
393 657
393 667
393 678
393 704
393 709
393 710
393 714
393 715
393 719
393 733
393 736
393 775
393 783
393 785
393 797
393 838
393 839
393 846
393 902
393 910
393 911
393 925
393 960
393 966
393 971
393 974
393 975
393 977
393 989
393 994
393 998
393 1024
393 1030
393 1031
393 1034
393 1035
393 1038
393 1039
393 1053
393 1058
393 1094
393 1095
393 1158
393 1169
393 1216
393 1221
393 1222
393 1230
393 1231
393 1244
393 1245
393 1246
393 1253
393 1269
394 6
394 9
394 69
394 70
394 74
394 78
394 79
394 134
394 135
394 138
394 142
394 143
394 198
394 199
394 202
394 206
394 207
394 242
394 261
394 262
394 266
394 267
394 270
394 271
394 273
394 275
394 285
394 290
394 326
394 330
394 334
394 337
394 349
394 384
394 385
394 390
394 393
394 395
394 399
394 401
394 403
394 406
394 416
394 422
394 434
394 454
394 458
394 462
394 463
394 465
394 467
394 477
394 518
394 519
394 522
394 527
394 541
394 576
394 582
394 585
394 586
394 590
394 591
394 593
394 605
394 606
394 640
394 645
394 646
394 650
394 654
394 655
394 657
394 678
394 704
394 709
394 710
394 714
394 715
394 719
394 721
394 733
394 736
394 775
394 783
394 785
394 797
394 838
394 839
394 846
394 861
394 902
394 910
394 911
394 913
394 925
394 966
394 971
394 974
394 975
394 977
394 989
394 994
394 998
394 1024
394 1030
394 1031
394 1034
394 1035
394 1038
394 1039
394 1053
394 1058
394 1094
394 1095
394 1105
394 1117
394 1158
394 1169
394 1216
394 1221
394 1222
394 1230
394 1231
394 1245
394 1246
395 6
395 9
395 69
395 74
395 78
395 79
395 91
395 135
395 138
395 143
395 145
395 178
395 199
395 203
395 207
395 242
395 246
395 256
395 260
395 267
395 271
395 275
395 285
395 286
395 329
395 331
395 334
395 384
395 385
395 393
395 394
395 398
395 403
395 406
395 411
395 416
395 420
395 422
395 434
395 448
395 455
395 458
395 459
395 462
395 467
395 477
395 518
395 519
395 523
395 527
395 582
395 585
395 587
395 590
395 591
395 606
395 640
395 645
395 650
395 667
395 678
395 709
395 710
395 714
395 715
395 718
395 736
395 775
395 783
395 785
395 797
395 839
395 842
395 847
395 868
395 902
395 905
395 926
395 960
395 966
395 969
395 971
395 974
395 975
395 989
395 998
395 1024
395 1030
395 1031
395 1034
395 1035
395 1038
395 1054
395 1058
395 1094
395 1120
395 1158
395 1220
395 1221
395 1222
395 1237
395 1244
395 1245
395 1246
395 1252
395 1253
395 1257
395 1269
396 132
396 204
396 268
396 332
396 445
396 460
396 524
396 588
396 695
396 1134
397 205
397 269
397 333
397 461
397 525
397 589
397 594
397 653
398 6
398 9
398 69
398 74
398 78
398 79
398 91
398 135
398 143
398 145
398 178
398 199
398 206
398 242
398 246
398 256
398 260
398 270
398 275
398 285
398 286
398 329
398 334
398 384
398 385
398 393
398 395
398 403
398 406
398 411
398 416
398 420
398 422
398 434
398 448
398 455
398 458
398 462
398 467
398 477
398 526
398 527
398 582
398 585
398 587
398 590
398 591
398 606
398 640
398 645
398 667
398 678
398 709
398 714
398 715
398 718
398 736
398 775
398 783
398 797
398 839
398 842
398 847
398 868
398 905
398 926
398 960
398 969
398 971
398 974
398 975
398 989
398 998
398 1024
398 1030
398 1034
398 1038
398 1054
398 1058
398 1120
398 1158
398 1161
398 1220
398 1221
398 1237
398 1244
398 1246
398 1252
398 1253
398 1257
398 1269
399 6
399 69
399 70
399 74
399 78
399 134
399 138
399 142
399 143
399 198
399 199
399 206
399 207
399 242
399 261
399 262
399 266
399 267
399 270
399 271
399 273
399 275
399 285
399 290
399 326
399 334
399 335
399 337
399 349
399 384
399 385
399 390
399 393
399 394
399 401
399 403
399 416
399 422
399 434
399 454
399 463
399 465
399 477
399 518
399 519
399 527
399 541
399 576
399 582
399 590
399 591
399 593
399 605
399 606
399 640
399 645
399 646
399 650
399 654
399 655
399 657
399 678
399 704
399 709
399 710
399 714
399 719
399 721
399 733
399 736
399 775
399 785
399 797
399 838
399 846
399 849
399 861
399 902
399 910
399 911
399 913
399 925
399 966
399 974
399 975
399 977
399 989
399 994
399 998
399 1024
399 1030
399 1031
399 1034
399 1035
399 1038
399 1039
399 1041
399 1053
399 1058
399 1094
399 1095
399 1105
399 1117
399 1158
399 1169
399 1216
399 1221
399 1222
399 1230
399 1231
399 1233
399 1245
399 1246
400 208
400 272
400 336
400 464
400 528
400 592
401 6
401 69
401 70
401 74
401 78
401 134
401 138
401 142
401 143
401 198
401 199
401 206
401 207
401 209
401 242
401 261
401 262
401 266
401 267
401 270
401 271
401 273
401 275
401 285
401 290
401 326
401 334
401 337
401 349
401 385
401 390
401 393
401 394
401 399
401 403
401 416
401 422
401 434
401 454
401 463
401 465
401 477
401 518
401 519
401 527
401 529
401 541
401 576
401 582
401 590
401 591
401 593
401 605
401 640
401 645
401 646
401 650
401 654
401 655
401 657
401 678
401 704
401 709
401 710
401 714
401 719
401 721
401 733
401 736
401 775
401 785
401 797
401 838
401 846
401 849
401 861
401 902
401 910
401 911
401 913
401 925
401 966
401 974
401 975
401 977
401 989
401 994
401 998
401 1024
401 1030
401 1031
401 1034
401 1035
401 1038
401 1039
401 1041
401 1053
401 1058
401 1094
401 1095
401 1105
401 1117
401 1158
401 1169
401 1216
401 1221
401 1222
401 1230
401 1231
401 1233
401 1245
401 1246
402 210
402 274
402 338
402 466
402 530
402 594
402 805
403 6
403 9
403 69
403 74
403 78
403 79
403 91
403 135
403 138
403 143
403 145
403 178
403 198
403 199
403 207
403 211
403 242
403 246
403 256
403 260
403 261
403 266
403 267
403 271
403 275
403 285
403 286
403 290
403 329
403 334
403 339
403 384
403 385
403 393
403 394
403 395
403 398
403 399
403 401
403 406
403 411
403 416
403 420
403 422
403 434
403 448
403 455
403 458
403 462
403 467
403 477
403 518
403 519
403 527
403 531
403 541
403 576
403 582
403 585
403 590
403 591
403 595
403 605
403 606
403 640
403 645
403 650
403 667
403 678
403 704
403 709
403 710
403 714
403 715
403 718
403 719
403 736
403 775
403 783
403 785
403 797
403 839
403 842
403 846
403 847
403 868
403 902
403 905
403 926
403 960
403 966
403 969
403 971
403 974
403 975
403 977
403 989
403 994
403 998
403 1024
403 1030
403 1031
403 1034
403 1035
403 1038
403 1053
403 1058
403 1094
403 1158
403 1169
403 1216
403 1220
403 1221
403 1222
403 1230
403 1237
403 1244
403 1245
403 1246
403 1252
403 1253
403 1269
404 212
404 276
404 340
404 430
404 468
404 532
404 596
404 922
405 213
405 277
405 341
405 469
405 533
405 597
406 6
406 9
406 69
406 74
406 78
406 79
406 91
406 135
406 138
406 143
406 145
406 178
406 198
406 199
406 207
406 214
406 242
406 246
406 256
406 260
406 261
406 266
406 267
406 271
406 275
406 278
406 285
406 286
406 329
406 334
406 342
406 384
406 385
406 393
406 394
406 395
406 398
406 403
406 411
406 416
406 420
406 422
406 434
406 448
406 455
406 458
406 462
406 467
406 470
406 477
406 518
406 519
406 527
406 534
406 541
406 582
406 585
406 590
406 591
406 598
406 606
406 640
406 645
406 650
406 667
406 678
406 709
406 710
406 714
406 715
406 718
406 719
406 736
406 775
406 783
406 785
406 797
406 839
406 842
406 847
406 868
406 902
406 905
406 926
406 960
406 966
406 969
406 971
406 974
406 975
406 989
406 994
406 998
406 1024
406 1030
406 1031
406 1034
406 1035
406 1038
406 1054
406 1058
406 1094
406 1120
406 1158
406 1220
406 1221
406 1222
406 1237
406 1244
406 1245
406 1246
406 1252
406 1253
406 1257
406 1269
407 215
407 279
407 343
407 471
407 535
407 599
407 852
408 216
408 280
408 344
408 472
408 536
408 600
409 217
409 281
409 345
409 426
409 473
409 537
409 588
409 601
409 1164
410 93
410 100
410 218
410 282
410 346
410 353
410 474
410 538
410 602
411 9
411 38
411 74
411 79
411 91
411 135
411 143
411 145
411 178
411 199
411 219
411 230
411 242
411 246
411 256
411 260
411 283
411 286
411 329
411 347
411 384
411 385
411 395
411 398
411 403
411 406
411 416
411 418
411 420
411 422
411 448
411 455
411 458
411 462
411 467
411 475
411 477
411 512
411 539
411 582
411 585
411 587
411 590
411 591
411 603
411 606
411 640
411 645
411 667
411 669
411 678
411 709
411 714
411 715
411 718
411 736
411 775
411 783
411 797
411 839
411 842
411 847
411 868
411 905
411 926
411 960
411 969
411 971
411 974
411 998
411 1038
411 1054
411 1058
411 1120
411 1158
411 1161
411 1220
411 1226
411 1237
411 1244
411 1252
411 1253
411 1257
411 1269
412 38
412 91
412 114
412 220
412 230
412 260
412 269
412 284
412 286
412 329
412 335
412 348
412 388
412 418
412 449
412 476
412 512
412 540
412 587
412 604
412 651
412 669
412 672
412 676
412 754
412 777
412 842
412 847
412 1054
412 1098
412 1120
412 1161
412 1220
412 1226
412 1237
412 1252
412 1257
413 221
413 285
413 349
413 477
413 541
413 605
414 222
414 286
414 350
414 478
414 522
414 542
414 606
415 223
415 287
415 351
415 421
415 479
415 543
415 607
415 630
416 6
416 9
416 69
416 74
416 78
416 79
416 134
416 135
416 138
416 142
416 143
416 145
416 178
416 198
416 199
416 207
416 224
416 242
416 246
416 256
416 261
416 266
416 267
416 271
416 273
416 275
416 285
416 288
416 290
416 329
416 334
416 349
416 352
416 384
416 385
416 390
416 393
416 394
416 395
416 398
416 399
416 401
416 403
416 406
416 411
416 420
416 422
416 434
416 448
416 455
416 458
416 462
416 467
416 477
416 480
416 518
416 519
416 527
416 541
416 544
416 576
416 582
416 585
416 590
416 591
416 593
416 605
416 606
416 608
416 640
416 645
416 646
416 650
416 654
416 655
416 657
416 667
416 678
416 704
416 709
416 710
416 714
416 715
416 718
416 719
416 733
416 736
416 775
416 783
416 785
416 797
416 839
416 846
416 868
416 902
416 905
416 910
416 925
416 926
416 960
416 966
416 969
416 971
416 974
416 975
416 977
416 989
416 994
416 998
416 1024
416 1030
416 1031
416 1034
416 1035
416 1038
416 1039
416 1053
416 1058
416 1094
416 1095
416 1158
416 1169
416 1216
416 1221
416 1222
416 1230
416 1231
416 1244
416 1245
416 1246
416 1253
416 1269
417 225
417 289
417 353
417 481
417 545
417 609
417 1043
418 38
418 91
418 114
418 226
418 230
418 256
418 260
418 269
418 286
418 290
418 329
418 335
418 354
418 388
418 411
418 412
418 420
418 448
418 449
418 458
418 482
418 512
418 546
418 587
418 610
418 651
418 669
418 676
418 718
418 754
418 777
418 842
418 847
418 868
418 905
418 926
418 960
418 969
418 1054
418 1098
418 1120
418 1161
418 1220
418 1226
418 1237
418 1244
418 1252
418 1253
418 1257
419 214
419 227
419 291
419 355
419 483
419 547
419 611
419 662
420 9
420 38
420 74
420 78
420 79
420 91
420 135
420 143
420 145
420 178
420 199
420 228
420 230
420 242
420 246
420 256
420 260
420 275
420 285
420 286
420 292
420 329
420 356
420 384
420 385
420 393
420 395
420 398
420 403
420 406
420 411
420 416
420 418
420 422
420 448
420 455
420 458
420 462
420 467
420 477
420 484
420 527
420 548
420 582
420 585
420 587
420 590
420 591
420 606
420 612
420 640
420 645
420 667
420 669
420 678
420 709
420 714
420 715
420 718
420 736
420 775
420 783
420 797
420 839
420 842
420 847
420 868
420 905
420 926
420 960
420 969
420 971
420 974
420 998
420 1030
420 1034
420 1038
420 1054
420 1058
420 1120
420 1158
420 1161
420 1220
420 1221
420 1237
420 1244
420 1246
420 1252
420 1253
420 1257
420 1269
421 229
421 293
421 357
421 415
421 485
421 549
421 613
421 630
422 6
422 9
422 69
422 74
422 78
422 79
422 134
422 135
422 138
422 143
422 145
422 178
422 198
422 199
422 207
422 230
422 242
422 246
422 256
422 260
422 261
422 266
422 267
422 271
422 273
422 275
422 285
422 290
422 294
422 329
422 334
422 349
422 358
422 384
422 385
422 390
422 393
422 394
422 395
422 398
422 399
422 401
422 403
422 406
422 411
422 416
422 420
422 434
422 448
422 455
422 458
422 462
422 467
422 477
422 486
422 518
422 519
422 527
422 541
422 550
422 576
422 582
422 585
422 590
422 591
422 593
422 605
422 606
422 614
422 640
422 645
422 650
422 654
422 657
422 667
422 678
422 704
422 709
422 710
422 714
422 715
422 718
422 719
422 733
422 736
422 775
422 783
422 785
422 797
422 839
422 846
422 868
422 902
422 905
422 910
422 925
422 926
422 960
422 966
422 969
422 971
422 974
422 975
422 977
422 989
422 994
422 998
422 1024
422 1030
422 1031
422 1034
422 1035
422 1038
422 1053
422 1058
422 1094
422 1158
422 1169
422 1216
422 1220
422 1221
422 1222
422 1230
422 1237
422 1244
422 1245
422 1246
422 1253
422 1269
423 231
423 295
423 359
423 487
423 551
423 612
423 615
423 1205
423 1239
424 232
424 296
424 360
424 488
424 526
424 552
424 616
424 1166
425 233
425 297
425 361
425 489
425 553
425 617
425 886
426 234
426 298
426 362
426 409
426 490
426 554
426 588
426 618
426 1164
427 235
427 299
427 363
427 491
427 555
427 619
427 825
428 236
428 300
428 362
428 364
428 492
428 556
428 620
429 237
429 301
429 365
429 493
429 557
429 621
430 238
430 302
430 366
430 404
430 494
430 558
430 622
430 922
431 61
431 239
431 303
431 367
431 495
431 559
431 623
431 956
432 240
432 304
432 368
432 496
432 560
432 624
433 147
433 241
433 305
433 369
433 497
433 561
433 625
434 6
434 9
434 69
434 70
434 74
434 78
434 79
434 134
434 135
434 138
434 142
434 143
434 145
434 178
434 198
434 199
434 206
434 207
434 242
434 246
434 261
434 266
434 267
434 270
434 271
434 273
434 275
434 285
434 290
434 306
434 326
434 334
434 337
434 349
434 370
434 384
434 385
434 390
434 393
434 394
434 395
434 398
434 399
434 401
434 403
434 406
434 416
434 422
434 455
434 462
434 463
434 465
434 467
434 477
434 498
434 518
434 519
434 527
434 541
434 562
434 576
434 582
434 585
434 590
434 591
434 593
434 605
434 606
434 626
434 640
434 645
434 646
434 650
434 654
434 655
434 657
434 667
434 678
434 704
434 709
434 710
434 714
434 715
434 719
434 733
434 736
434 775
434 783
434 785
434 797
434 838
434 839
434 846
434 902
434 910
434 911
434 913
434 925
434 966
434 971
434 974
434 975
434 977
434 989
434 994
434 998
434 1024
434 1030
434 1031
434 1034
434 1035
434 1038
434 1039
434 1053
434 1058
434 1094
434 1095
434 1158
434 1169
434 1216
434 1221
434 1222
434 1230
434 1231
434 1245
434 1246
434 1269
435 243
435 307
435 371
435 499
435 563
435 627
436 244
436 308
436 372
436 500
436 564
436 628
437 245
437 309
437 373
437 501
437 565
437 629
438 246
438 310
438 374
438 502
438 566
438 630
438 717
439 162
439 204
439 247
439 311
439 375
439 503
439 567
439 584
439 631
439 863
439 1272
440 248
440 312
440 376
440 504
440 568
440 632
441 189
441 249
441 313
441 377
441 505
441 569
441 633
441 876
441 1195
442 24
442 250
442 314
442 378
442 506
442 570
442 634
442 867
443 251
443 315
443 379
443 507
443 571
443 635
444 152
444 241
444 252
444 316
444 380
444 508
444 572
444 636
445 132
445 253
445 317
445 381
445 396
445 509
445 573
445 637
445 695
445 1134
446 254
446 318
446 382
446 510
446 574
446 638
446 1000
447 255
447 319
447 383
447 511
447 575
447 639
447 744
447 824
447 1020
448 9
448 38
448 74
448 78
448 79
448 91
448 135
448 143
448 145
448 178
448 199
448 230
448 242
448 246
448 256
448 260
448 275
448 285
448 286
448 320
448 329
448 384
448 385
448 395
448 398
448 403
448 406
448 411
448 416
448 418
448 420
448 422
448 455
448 458
448 462
448 467
448 477
448 512
448 527
448 576
448 582
448 585
448 587
448 590
448 591
448 606
448 640
448 645
448 667
448 669
448 678
448 709
448 714
448 715
448 718
448 736
448 775
448 783
448 797
448 839
448 842
448 847
448 868
448 905
448 926
448 960
448 969
448 971
448 974
448 998
448 1034
448 1038
448 1054
448 1058
448 1120
448 1158
448 1161
448 1220
448 1221
448 1226
448 1237
448 1244
448 1246
448 1252
448 1253
448 1257
448 1269
449 38
449 114
449 230
449 257
449 269
449 321
449 335
449 385
449 388
449 412
449 418
449 512
449 513
449 577
449 587
449 641
449 651
449 669
449 672
449 676
449 754
449 777
449 832
449 1054
449 1098
449 1120
449 1161
449 1226
449 1257
450 258
450 322
450 355
450 386
450 514
450 578
450 642
450 899
451 259
451 323
451 387
451 452
451 515
451 579
451 643
451 1180
452 260
452 324
452 388
452 451
452 516
452 580
452 644
452 1180
453 261
453 287
453 325
453 389
453 517
453 581
453 645
454 70
454 134
454 138
454 142
454 198
454 206
454 207
454 261
454 262
454 266
454 267
454 270
454 273
454 290
454 326
454 337
454 349
454 390
454 394
454 399
454 401
454 463
454 465
454 518
454 541
454 576
454 582
454 593
454 605
454 646
454 650
454 654
454 655
454 657
454 704
454 710
454 719
454 721
454 733
454 785
454 838
454 846
454 849
454 861
454 902
454 910
454 911
454 913
454 925
454 977
454 994
454 1031
454 1035
454 1039
454 1041
454 1053
454 1095
454 1105
454 1117
454 1169
454 1216
454 1230
454 1231
454 1233
455 6
455 9
455 69
455 74
455 78
455 79
455 91
455 135
455 143
455 145
455 178
455 199
455 242
455 246
455 256
455 260
455 263
455 275
455 285
455 286
455 327
455 329
455 334
455 384
455 385
455 391
455 393
455 395
455 398
455 403
455 406
455 411
455 416
455 420
455 422
455 434
455 448
455 458
455 462
455 467
455 477
455 519
455 527
455 582
455 583
455 585
455 587
455 590
455 591
455 606
455 640
455 645
455 647
455 667
455 678
455 709
455 714
455 715
455 718
455 736
455 775
455 783
455 797
455 839
455 842
455 847
455 868
455 905
455 926
455 960
455 969
455 971
455 974
455 975
455 998
455 1024
455 1030
455 1034
455 1038
455 1054
455 1058
455 1120
455 1158
455 1161
455 1220
455 1221
455 1237
455 1244
455 1246
455 1252
455 1253
455 1257
455 1269
456 264
456 328
456 332
456 392
456 520
456 584
456 648
456 988
456 1247
457 5
457 71
457 133
457 197
457 263
457 265
457 327
457 329
457 389
457 393
457 521
457 583
457 585
457 647
457 649
457 713
457 774
457 837
457 903
457 965
457 1029
457 1093
457 1159
457 1223
458 9
458 38
458 74
458 78
458 79
458 91
458 135
458 143
458 145
458 178
458 199
458 230
458 242
458 246
458 256
458 260
458 266
458 275
458 285
458 286
458 329
458 330
458 384
458 385
458 394
458 395
458 398
458 403
458 406
458 411
458 416
458 418
458 420
458 422
458 448
458 455
458 462
458 467
458 477
458 522
458 527
458 582
458 585
458 586
458 587
458 590
458 591
458 606
458 640
458 645
458 650
458 667
458 669
458 678
458 709
458 714
458 715
458 718
458 736
458 775
458 783
458 797
458 839
458 842
458 847
458 868
458 905
458 926
458 960
458 969
458 971
458 974
458 998
458 1034
458 1038
458 1054
458 1058
458 1120
458 1158
458 1161
458 1220
458 1221
458 1226
458 1237
458 1244
458 1246
458 1252
458 1253
458 1257
458 1269
459 29
459 267
459 331
459 395
459 523
459 587
459 651
460 268
460 332
460 396
460 524
460 528
460 588
460 652
460 776
461 269
461 333
461 397
461 525
461 589
461 642
461 653
461 659
461 918
462 6
462 9
462 69
462 74
462 78
462 79
462 91
462 135
462 138
462 143
462 145
462 178
462 198
462 199
462 207
462 242
462 246
462 256
462 260
462 261
462 266
462 267
462 270
462 271
462 275
462 285
462 286
462 290
462 329
462 334
462 384
462 385
462 393
462 394
462 395
462 398
462 403
462 406
462 411
462 416
462 420
462 422
462 434
462 448
462 455
462 458
462 467
462 477
462 518
462 519
462 526
462 527
462 541
462 582
462 585
462 590
462 591
462 606
462 640
462 645
462 650
462 654
462 667
462 678
462 709
462 710
462 714
462 715
462 718
462 719
462 736
462 775
462 783
462 785
462 797
462 839
462 842
462 847
462 868
462 902
462 905
462 926
462 960
462 966
462 969
462 971
462 974
462 975
462 989
462 994
462 998
462 1024
462 1030
462 1031
462 1034
462 1035
462 1038
462 1054
462 1058
462 1094
462 1120
462 1158
462 1216
462 1220
462 1221
462 1222
462 1237
462 1244
462 1245
462 1246
462 1252
462 1253
462 1257
462 1269
463 6
463 69
463 70
463 78
463 134
463 138
463 142
463 198
463 206
463 207
463 261
463 262
463 266
463 267
463 270
463 271
463 273
463 275
463 285
463 290
463 326
463 334
463 335
463 337
463 349
463 390
463 393
463 394
463 399
463 401
463 434
463 454
463 465
463 518
463 519
463 527
463 541
463 576
463 591
463 593
463 605
463 645
463 646
463 650
463 654
463 655
463 657
463 704
463 710
463 719
463 721
463 733
463 785
463 797
463 838
463 846
463 849
463 861
463 902
463 910
463 911
463 913
463 925
463 966
463 975
463 977
463 989
463 994
463 1024
463 1030
463 1031
463 1034
463 1035
463 1039
463 1041
463 1053
463 1094
463 1095
463 1105
463 1117
463 1169
463 1216
463 1221
463 1222
463 1230
463 1231
463 1233
463 1245
463 1246
464 23
464 272
464 336
464 400
464 528
464 592
464 656
465 6
465 69
465 70
465 134
465 138
465 142
465 198
465 206
465 207
465 261
465 262
465 266
465 267
465 270
465 271
465 273
465 285
465 290
465 326
465 334
465 337
465 349
465 390
465 393
465 394
465 399
465 401
465 434
465 454
465 463
465 518
465 519
465 529
465 541
465 576
465 593
465 605
465 646
465 650
465 654
465 655
465 657
465 704
465 710
465 719
465 721
465 733
465 785
465 838
465 846
465 849
465 861
465 902
465 910
465 911
465 913
465 925
465 966
465 975
465 977
465 989
465 994
465 1024
465 1030
465 1031
465 1035
465 1039
465 1041
465 1053
465 1094
465 1095
465 1105
465 1117
465 1169
465 1216
465 1222
465 1230
465 1231
465 1233
465 1245
466 274
466 295
466 338
466 402
466 530
466 594
466 658
467 6
467 9
467 69
467 74
467 78
467 79
467 91
467 135
467 138
467 143
467 145
467 178
467 198
467 199
467 207
467 242
467 246
467 256
467 260
467 261
467 266
467 267
467 271
467 275
467 285
467 286
467 290
467 329
467 334
467 339
467 384
467 385
467 393
467 394
467 395
467 398
467 403
467 406
467 411
467 416
467 420
467 422
467 434
467 448
467 455
467 458
467 462
467 477
467 518
467 519
467 527
467 531
467 541
467 576
467 582
467 585
467 590
467 591
467 595
467 605
467 606
467 640
467 645
467 650
467 659
467 667
467 678
467 704
467 709
467 710
467 714
467 715
467 718
467 719
467 736
467 775
467 783
467 785
467 797
467 839
467 842
467 846
467 847
467 868
467 902
467 905
467 926
467 960
467 966
467 969
467 971
467 974
467 975
467 989
467 994
467 998
467 1024
467 1030
467 1031
467 1034
467 1035
467 1038
467 1054
467 1058
467 1094
467 1120
467 1158
467 1216
467 1220
467 1221
467 1222
467 1237
467 1244
467 1245
467 1246
467 1252
467 1253
467 1257
467 1269
468 276
468 340
468 404
468 532
468 596
468 660
468 687
469 223
469 277
469 341
469 386
469 405
469 533
469 597
469 661
470 278
470 342
470 406
470 534
470 598
470 662
471 279
471 331
471 343
471 407
471 535
471 599
471 663
471 739
472 280
472 344
472 408
472 536
472 600
472 664
473 22
473 66
473 281
473 345
473 409
473 537
473 601
473 665
474 282
474 346
474 410
474 538
474 602
474 666
474 957
475 283
475 347
475 411
475 539
475 603
475 667
475 932
476 284
476 348
476 412
476 540
476 604
476 668
476 1138
477 6
477 9
477 69
477 74
477 78
477 79
477 91
477 135
477 138
477 143
477 145
477 178
477 198
477 199
477 207
477 242
477 246
477 256
477 260
477 261
477 266
477 267
477 271
477 273
477 275
477 285
477 286
477 290
477 329
477 334
477 349
477 384
477 385
477 393
477 394
477 395
477 398
477 399
477 401
477 403
477 406
477 411
477 413
477 416
477 420
477 422
477 434
477 448
477 455
477 458
477 462
477 467
477 518
477 519
477 527
477 541
477 576
477 582
477 585
477 590
477 591
477 605
477 606
477 640
477 645
477 650
477 667
477 669
477 678
477 704
477 709
477 710
477 714
477 715
477 718
477 719
477 736
477 775
477 783
477 785
477 797
477 839
477 846
477 847
477 868
477 902
477 905
477 910
477 926
477 960
477 966
477 969
477 971
477 974
477 975
477 977
477 989
477 994
477 998
477 1024
477 1030
477 1031
477 1034
477 1035
477 1038
477 1053
477 1058
477 1094
477 1158
477 1169
477 1216
477 1220
477 1221
477 1222
477 1230
477 1237
477 1244
477 1245
477 1246
477 1253
477 1269
478 286
478 350
478 414
478 542
478 606
478 670
479 287
479 351
479 415
479 543
479 607
479 671
480 201
480 265
480 288
480 292
480 352
480 416
480 544
480 608
480 672
481 289
481 353
481 417
481 545
481 609
481 673
482 193
482 290
482 354
482 418
482 546
482 589
482 610
482 674
482 1045
483 291
483 355
483 419
483 547
483 611
483 675
484 292
484 356
484 420
484 548
484 612
484 676
485 139
485 293
485 306
485 357
485 421
485 549
485 580
485 613
485 677
485 970
485 1229
486 294
486 358
486 422
486 550
486 614
486 678
486 760
487 295
487 359
487 423
487 551
487 615
487 679
487 1121
488 276
488 296
488 360
488 424
488 552
488 616
488 680
488 1076
489 297
489 361
489 425
489 553
489 617
489 681
490 57
490 298
490 362
490 426
490 552
490 554
490 618
490 682
490 944
490 1212
491 299
491 363
491 427
491 555
491 619
491 683
492 300
492 364
492 428
492 556
492 620
492 684
492 947
493 301
493 365
493 429
493 536
493 557
493 621
493 685
493 814
493 1187
494 2
494 302
494 366
494 430
494 558
494 622
494 686
495 101
495 303
495 360
495 367
495 431
495 559
495 623
495 687
495 1139
496 302
496 304
496 368
496 432
496 560
496 624
496 688
496 1170
497 163
497 305
497 369
497 433
497 561
497 625
497 689
498 306
498 370
498 434
498 562
498 626
498 690
498 1097
499 307
499 371
499 435
499 563
499 627
499 691
499 919
499 1079
500 41
500 308
500 372
500 436
500 564
500 628
500 692
501 309
501 373
501 437
501 565
501 629
501 693
501 871
502 310
502 374
502 438
502 566
502 630
502 694
503 311
503 375
503 439
503 567
503 631
503 695
503 963
503 1191
504 94
504 312
504 376
504 440
504 568
504 632
504 696
504 879
505 313
505 377
505 441
505 569
505 633
505 697
505 748
506 314
506 378
506 442
506 570
506 634
506 698
507 315
507 379
507 443
507 571
507 635
507 699
507 1007
508 90
508 316
508 380
508 444
508 572
508 636
508 700
509 317
509 381
509 445
509 573
509 637
509 701
509 766
510 318
510 382
510 446
510 574
510 638
510 702
510 1133
511 319
511 383
511 447
511 575
511 639
511 703
512 38
512 91
512 114
512 230
512 260
512 269
512 286
512 320
512 329
512 335
512 384
512 388
512 411
512 412
512 418
512 448
512 449
512 576
512 587
512 640
512 651
512 669
512 672
512 676
512 704
512 754
512 777
512 842
512 847
512 868
512 926
512 969
512 1054
512 1098
512 1120
512 1161
512 1220
512 1226
512 1237
512 1252
512 1257
513 72
513 96
513 321
513 385
513 449
513 577
513 641
513 690
513 705
514 322
514 386
514 450
514 578
514 642
514 706
514 734
514 1236
515 174
515 323
515 387
515 451
515 579
515 619
515 643
515 707
516 151
516 307
516 324
516 388
516 452
516 580
516 644
516 708
516 1080
517 325
517 389
517 453
517 581
517 645
517 709
518 6
518 9
518 69
518 70
518 74
518 78
518 79
518 134
518 135
518 138
518 142
518 143
518 178
518 198
518 199
518 206
518 207
518 242
518 246
518 261
518 262
518 266
518 267
518 270
518 271
518 273
518 275
518 285
518 290
518 326
518 334
518 337
518 349
518 384
518 385
518 390
518 393
518 394
518 395
518 399
518 401
518 403
518 406
518 416
518 422
518 434
518 454
518 462
518 463
518 465
518 467
518 477
518 519
518 527
518 541
518 576
518 582
518 585
518 590
518 591
518 593
518 605
518 606
518 640
518 645
518 646
518 650
518 654
518 655
518 657
518 667
518 678
518 704
518 709
518 710
518 714
518 715
518 719
518 733
518 736
518 775
518 783
518 785
518 797
518 838
518 839
518 846
518 902
518 910
518 911
518 913
518 925
518 966
518 971
518 974
518 975
518 977
518 989
518 994
518 998
518 1024
518 1030
518 1031
518 1034
518 1035
518 1038
518 1039
518 1053
518 1058
518 1094
518 1095
518 1117
518 1158
518 1169
518 1216
518 1221
518 1222
518 1230
518 1231
518 1245
518 1246
519 6
519 9
519 69
519 70
519 74
519 78
519 79
519 134
519 135
519 138
519 142
519 143
519 178
519 198
519 199
519 206
519 207
519 242
519 246
519 261
519 262
519 266
519 267
519 270
519 271
519 273
519 275
519 285
519 290
519 326
519 327
519 334
519 337
519 349
519 384
519 385
519 390
519 391
519 393
519 394
519 395
519 399
519 401
519 403
519 406
519 416
519 422
519 434
519 455
519 462
519 463
519 465
519 467
519 477
519 518
519 527
519 541
519 576
519 582
519 583
519 585
519 590
519 591
519 593
519 605
519 606
519 640
519 645
519 646
519 647
519 650
519 654
519 655
519 657
519 678
519 704
519 709
519 710
519 711
519 714
519 715
519 719
519 733
519 736
519 775
519 783
519 785
519 797
519 838
519 839
519 846
519 861
519 902
519 910
519 911
519 913
519 925
519 966
519 971
519 974
519 975
519 977
519 989
519 994
519 998
519 1024
519 1030
519 1031
519 1034
519 1035
519 1038
519 1039
519 1053
519 1058
519 1094
519 1095
519 1117
519 1158
519 1169
519 1216
519 1221
519 1222
519 1230
519 1231
519 1245
519 1246
520 328
520 392
520 456
520 584
520 648
520 712
521 5
521 71
521 133
521 197
521 263
521 327
521 329
521 389
521 393
521 457
521 583
521 585
521 647
521 649
521 713
521 774
521 837
521 903
521 965
521 1029
521 1093
521 1159
521 1223
522 330
522 394
522 414
522 458
522 586
522 650
522 714
523 331
523 395
523 459
523 562
523 587
523 651
523 715
524 332
524 396
524 460
524 588
524 652
524 716
525 118
525 333
525 397
525 461
525 589
525 653
525 717
525 1188
526 334
526 398
526 424
526 462
526 590
526 654
526 718
526 1166
527 6
527 9
527 69
527 74
527 78
527 79
527 134
527 135
527 138
527 142
527 143
527 145
527 178
527 198
527 199
527 207
527 242
527 246
527 256
527 261
527 266
527 267
527 270
527 271
527 273
527 275
527 285
527 290
527 326
527 334
527 335
527 337
527 349
527 384
527 385
527 390
527 393
527 394
527 395
527 398
527 399
527 401
527 403
527 406
527 416
527 420
527 422
527 434
527 448
527 455
527 458
527 462
527 463
527 467
527 477
527 518
527 519
527 541
527 576
527 582
527 585
527 590
527 591
527 593
527 605
527 606
527 640
527 645
527 646
527 650
527 654
527 655
527 657
527 667
527 678
527 704
527 709
527 710
527 714
527 715
527 718
527 719
527 733
527 736
527 775
527 783
527 785
527 797
527 838
527 839
527 846
527 902
527 905
527 910
527 911
527 925
527 960
527 966
527 971
527 974
527 975
527 977
527 989
527 994
527 998
527 1024
527 1030
527 1031
527 1034
527 1035
527 1038
527 1039
527 1053
527 1058
527 1094
527 1095
527 1158
527 1169
527 1216
527 1221
527 1222
527 1230
527 1231
527 1244
527 1245
527 1246
527 1253
527 1269
528 336
528 400
528 460
528 464
528 592
528 656
528 720
528 776
529 337
529 401
529 465
529 593
529 657
529 721
530 338
530 402
530 466
530 594
530 658
530 722
531 339
531 403
531 467
531 595
531 659
531 722
531 723
531 757
531 982
531 1088
532 340
532 404
532 468
532 596
532 660
532 724
532 761
533 341
533 354
533 405
533 469
533 597
533 661
533 679
533 694
533 725
534 342
534 406
534 470
534 598
534 662
534 726
535 343
535 407
535 471
535 599
535 663
535 727
535 892
535 1198
536 344
536 408
536 472
536 493
536 600
536 664
536 728
536 814
536 1187
537 170
537 345
537 409
537 473
537 601
537 665
537 729
537 1279
538 346
538 410
538 474
538 602
538 666
538 730
538 770
539 347
539 411
539 475
539 603
539 667
539 731
539 929
539 1001
540 348
540 412
540 476
540 604
540 668
540 732
540 1228
541 6
541 69
541 70
541 74
541 78
541 79
541 134
541 135
541 138
541 142
541 143
541 198
541 199
541 206
541 207
541 242
541 261
541 262
541 266
541 267
541 270
541 271
541 273
541 275
541 285
541 290
541 326
541 334
541 337
541 349
541 384
541 385
541 390
541 393
541 394
541 399
541 401
541 403
541 406
541 413
541 416
541 422
541 434
541 454
541 462
541 463
541 465
541 467
541 477
541 518
541 519
541 527
541 576
541 582
541 590
541 591
541 593
541 605
541 606
541 640
541 645
541 646
541 650
541 654
541 655
541 657
541 669
541 678
541 704
541 709
541 710
541 714
541 719
541 721
541 733
541 736
541 775
541 785
541 797
541 838
541 846
541 849
541 861
541 902
541 910
541 911
541 913
541 925
541 966
541 971
541 974
541 975
541 977
541 989
541 994
541 998
541 1024
541 1030
541 1031
541 1034
541 1035
541 1038
541 1039
541 1053
541 1058
541 1094
541 1095
541 1105
541 1117
541 1158
541 1169
541 1216
541 1221
541 1222
541 1230
541 1231
541 1245
541 1246
542 350
542 414
542 478
542 606
542 670
542 734
543 183
543 328
543 351
543 415
543 479
543 544
543 607
543 615
543 671
543 735
544 183
544 328
544 352
544 416
544 480
544 543
544 608
544 615
544 672
544 736
545 353
545 417
545 481
545 609
545 673
545 737
545 823
546 354
546 418
546 482
546 610
546 674
546 738
546 872
547 355
547 419
547 483
547 611
547 675
547 739
548 356
548 420
548 484
548 612
548 676
548 740
549 357
549 421
549 485
549 613
549 677
549 741
550 358
550 422
550 486
550 614
550 678
550 742
551 216
551 359
551 423
551 487
551 615
551 679
551 743
552 57
552 360
552 424
552 488
552 490
552 616
552 680
552 744
552 944
552 1212
553 191
553 361
553 425
553 489
553 617
553 681
553 745
554 362
554 426
554 490
554 618
554 682
554 746
555 363
555 427
555 491
555 619
555 683
555 747
556 364
556 428
556 492
556 620
556 635
556 684
556 748
557 212
557 365
557 429
557 493
557 621
557 685
557 749
558 117
558 366
558 430
558 494
558 622
558 686
558 750
558 1070
559 185
559 367
559 431
559 495
559 623
559 687
559 751
559 1176
560 52
560 368
560 432
560 496
560 624
560 688
560 752
560 1082
560 1147
561 369
561 433
561 497
561 625
561 689
561 753
562 370
562 434
562 498
562 523
562 626
562 690
562 754
563 371
563 435
563 499
563 627
563 691
563 755
564 372
564 436
564 500
564 628
564 692
564 756
564 853
564 1066
565 373
565 437
565 501
565 629
565 693
565 757
565 950
566 374
566 438
566 502
566 598
566 630
566 694
566 758
566 999
567 375
567 439
567 503
567 631
567 695
567 759
567 916
567 1277
568 376
568 440
568 504
568 632
568 696
568 749
568 760
568 1145
569 377
569 441
569 505
569 633
569 697
569 761
570 378
570 442
570 506
570 634
570 698
570 762
571 379
571 443
571 507
571 635
571 699
571 763
572 380
572 444
572 508
572 636
572 700
572 764
573 125
573 381
573 445
573 509
573 600
573 637
573 639
573 701
573 765
573 1086
574 382
574 446
574 510
574 638
574 702
574 766
575 383
575 447
575 511
575 639
575 703
575 767
575 936
576 6
576 69
576 70
576 74
576 78
576 79
576 134
576 135
576 138
576 142
576 143
576 198
576 199
576 206
576 207
576 242
576 261
576 262
576 266
576 267
576 270
576 271
576 273
576 275
576 285
576 290
576 326
576 334
576 337
576 349
576 384
576 385
576 390
576 393
576 394
576 399
576 401
576 403
576 416
576 422
576 434
576 448
576 454
576 463
576 465
576 467
576 477
576 512
576 518
576 519
576 527
576 541
576 582
576 590
576 591
576 593
576 605
576 606
576 640
576 645
576 646
576 650
576 654
576 655
576 657
576 678
576 704
576 709
576 710
576 714
576 719
576 721
576 733
576 736
576 768
576 775
576 785
576 797
576 838
576 846
576 849
576 861
576 902
576 910
576 911
576 913
576 925
576 966
576 971
576 974
576 975
576 977
576 989
576 994
576 998
576 1024
576 1030
576 1031
576 1034
576 1035
576 1038
576 1039
576 1053
576 1058
576 1094
576 1095
576 1105
576 1117
576 1158
576 1169
576 1216
576 1221
576 1222
576 1230
576 1231
576 1245
576 1246
577 129
577 312
577 385
577 449
577 513
577 641
577 705
577 769
577 845
577 928
578 386
578 450
578 514
578 642
578 677
578 706
578 738
578 770
578 1261
579 387
579 451
579 515
579 643
579 707
579 771
580 139
580 306
580 388
580 452
580 485
580 516
580 644
580 708
580 772
580 970
580 1229
581 389
581 453
581 517
581 645
581 709
581 773
582 6
582 9
582 69
582 74
582 78
582 79
582 134
582 135
582 138
582 142
582 143
582 145
582 178
582 198
582 199
582 207
582 242
582 246
582 256
582 261
582 266
582 267
582 271
582 273
582 275
582 285
582 290
582 329
582 334
582 349
582 384
582 385
582 390
582 393
582 394
582 395
582 398
582 399
582 401
582 403
582 406
582 411
582 416
582 420
582 422
582 434
582 448
582 454
582 455
582 458
582 462
582 467
582 477
582 518
582 519
582 527
582 541
582 576
582 585
582 590
582 591
582 593
582 605
582 606
582 640
582 645
582 646
582 650
582 654
582 655
582 657
582 667
582 678
582 704
582 709
582 710
582 714
582 715
582 718
582 719
582 733
582 736
582 774
582 775
582 783
582 785
582 797
582 839
582 846
582 868
582 902
582 905
582 910
582 925
582 926
582 960
582 966
582 969
582 971
582 974
582 975
582 977
582 989
582 994
582 998
582 1024
582 1030
582 1031
582 1034
582 1035
582 1038
582 1039
582 1053
582 1058
582 1094
582 1095
582 1158
582 1169
582 1216
582 1221
582 1222
582 1230
582 1231
582 1244
582 1245
582 1246
582 1253
582 1269
583 5
583 71
583 133
583 197
583 263
583 327
583 389
583 391
583 455
583 457
583 519
583 521
583 647
583 711
583 713
583 774
583 775
583 837
583 903
583 965
583 1029
583 1093
583 1159
583 1223
584 162
584 204
584 392
584 439
584 456
584 520
584 648
584 712
584 776
584 863
584 1272
585 6
585 9
585 69
585 74
585 78
585 79
585 91
585 135
585 138
585 143
585 145
585 178
585 198
585 199
585 207
585 242
585 246
585 256
585 260
585 266
585 267
585 271
585 275
585 285
585 286
585 329
585 334
585 384
585 385
585 393
585 394
585 395
585 398
585 403
585 406
585 411
585 416
585 420
585 422
585 434
585 448
585 455
585 457
585 458
585 462
585 467
585 477
585 518
585 519
585 521
585 527
585 582
585 590
585 591
585 606
585 640
585 645
585 649
585 650
585 667
585 678
585 709
585 710
585 713
585 714
585 715
585 718
585 719
585 736
585 775
585 777
585 783
585 785
585 797
585 839
585 842
585 847
585 868
585 902
585 905
585 926
585 960
585 966
585 969
585 971
585 974
585 975
585 989
585 994
585 998
585 1024
585 1030
585 1031
585 1034
585 1035
585 1038
585 1054
585 1058
585 1094
585 1120
585 1158
585 1220
585 1221
585 1222
585 1237
585 1244
585 1245
585 1246
585 1252
585 1253
585 1257
585 1269
586 394
586 458
586 522
586 604
586 650
586 714
586 778
587 38
587 91
587 114
587 145
587 178
587 230
587 246
587 256
587 260
587 269
587 286
587 329
587 335
587 388
587 395
587 398
587 411
587 412
587 418
587 420
587 448
587 449
587 455
587 458
587 459
587 512
587 523
587 651
587 667
587 669
587 676
587 715
587 718
587 754
587 777
587 779
587 783
587 839
587 842
587 847
587 868
587 905
587 926
587 960
587 969
587 1054
587 1098
587 1120
587 1161
587 1220
587 1226
587 1237
587 1244
587 1252
587 1253
587 1257
587 1269
588 396
588 409
588 426
588 460
588 524
588 652
588 716
588 780
588 1164
589 193
589 397
589 461
589 482
589 525
589 653
589 717
589 781
589 1045
590 6
590 9
590 69
590 74
590 78
590 79
590 91
590 135
590 138
590 143
590 145
590 178
590 198
590 199
590 207
590 242
590 246
590 256
590 260
590 261
590 266
590 267
590 271
590 275
590 285
590 286
590 290
590 329
590 334
590 384
590 385
590 393
590 394
590 395
590 398
590 399
590 401
590 403
590 406
590 411
590 416
590 420
590 422
590 434
590 448
590 455
590 458
590 462
590 467
590 477
590 518
590 519
590 526
590 527
590 541
590 576
590 582
590 585
590 591
590 605
590 606
590 640
590 645
590 650
590 654
590 667
590 678
590 704
590 709
590 710
590 714
590 715
590 718
590 719
590 736
590 775
590 782
590 783
590 785
590 797
590 839
590 846
590 847
590 868
590 902
590 905
590 910
590 926
590 960
590 966
590 969
590 971
590 974
590 975
590 977
590 989
590 994
590 998
590 1024
590 1030
590 1031
590 1034
590 1035
590 1038
590 1053
590 1058
590 1094
590 1158
590 1169
590 1216
590 1220
590 1221
590 1222
590 1230
590 1237
590 1244
590 1245
590 1246
590 1253
590 1269
591 6
591 9
591 69
591 74
591 78
591 79
591 91
591 135
591 138
591 143
591 145
591 178
591 198
591 199
591 207
591 242
591 246
591 256
591 260
591 261
591 266
591 267
591 271
591 273
591 275
591 285
591 286
591 290
591 329
591 334
591 349
591 384
591 385
591 390
591 393
591 394
591 395
591 398
591 399
591 401
591 403
591 406
591 411
591 416
591 420
591 422
591 434
591 448
591 455
591 458
591 462
591 463
591 467
591 477
591 518
591 519
591 527
591 541
591 576
591 582
591 585
591 590
591 605
591 606
591 640
591 645
591 650
591 655
591 667
591 678
591 704
591 709
591 710
591 714
591 715
591 718
591 719
591 736
591 775
591 783
591 785
591 797
591 839
591 846
591 847
591 868
591 902
591 905
591 910
591 926
591 960
591 966
591 969
591 971
591 974
591 975
591 977
591 989
591 994
591 998
591 1024
591 1030
591 1031
591 1034
591 1035
591 1038
591 1053
591 1058
591 1094
591 1158
591 1169
591 1216
591 1220
591 1221
591 1222
591 1230
591 1237
591 1244
591 1245
591 1246
591 1253
591 1269
592 104
592 400
592 464
592 528
592 656
592 720
592 784
592 980
593 6
593 69
593 70
593 78
593 134
593 138
593 142
593 143
593 198
593 199
593 206
593 207
593 242
593 261
593 262
593 266
593 267
593 270
593 271
593 273
593 275
593 285
593 290
593 326
593 334
593 337
593 349
593 390
593 393
593 394
593 399
593 401
593 416
593 422
593 434
593 454
593 463
593 465
593 518
593 519
593 527
593 529
593 541
593 576
593 582
593 605
593 645
593 646
593 650
593 654
593 655
593 657
593 704
593 709
593 710
593 719
593 721
593 733
593 785
593 797
593 838
593 846
593 849
593 861
593 902
593 910
593 911
593 913
593 925
593 966
593 974
593 975
593 977
593 989
593 994
593 998
593 1024
593 1030
593 1031
593 1034
593 1035
593 1038
593 1039
593 1041
593 1053
593 1058
593 1094
593 1095
593 1105
593 1117
593 1158
593 1169
593 1216
593 1221
593 1222
593 1230
593 1231
593 1233
593 1245
593 1246
594 397
594 402
594 466
594 530
594 653
594 658
594 722
594 786
595 403
595 467
595 531
595 659
595 723
595 787
596 55
596 404
596 468
596 532
596 660
596 724
596 788
596 939
596 1132
597 277
597 405
597 469
597 533
597 661
597 725
597 789
598 406
598 470
598 534
598 566
598 662
598 726
598 790
598 999
599 407
599 471
599 535
599 663
599 727
599 791
600 125
600 408
600 472
600 536
600 573
600 639
600 664
600 728
600 792
600 1086
601 244
601 317
601 409
601 473
601 537
601 665
601 671
601 728
601 729
601 750
601 793
601 848
601 1135
602 34
602 42
602 377
602 410
602 474
602 538
602 666
602 730
602 794
602 821
603 411
603 475
603 539
603 667
603 731
603 795
603 1242
604 412
604 476
604 540
604 586
604 668
604 732
604 796
605 6
605 69
605 70
605 74
605 78
605 79
605 134
605 135
605 138
605 142
605 143
605 198
605 199
605 206
605 207
605 242
605 261
605 262
605 266
605 267
605 270
605 271
605 273
605 275
605 285
605 290
605 326
605 334
605 337
605 349
605 384
605 385
605 390
605 393
605 394
605 399
605 401
605 403
605 413
605 416
605 422
605 434
605 454
605 463
605 465
605 467
605 477
605 518
605 519
605 527
605 541
605 576
605 582
605 590
605 591
605 593
605 606
605 640
605 645
605 646
605 650
605 654
605 655
605 657
605 669
605 678
605 704
605 709
605 710
605 714
605 719
605 721
605 733
605 736
605 775
605 785
605 797
605 838
605 846
605 849
605 861
605 902
605 910
605 911
605 913
605 925
605 966
605 971
605 974
605 975
605 977
605 989
605 994
605 998
605 1024
605 1030
605 1031
605 1034
605 1035
605 1038
605 1039
605 1053
605 1058
605 1094
605 1095
605 1105
605 1117
605 1158
605 1169
605 1216
605 1221
605 1222
605 1230
605 1231
605 1245
605 1246
606 6
606 9
606 69
606 74
606 78
606 79
606 91
606 135
606 138
606 143
606 145
606 178
606 198
606 199
606 207
606 242
606 246
606 256
606 260
606 261
606 266
606 267
606 271
606 275
606 285
606 286
606 290
606 329
606 334
606 384
606 385
606 393
606 394
606 395
606 398
606 399
606 403
606 406
606 411
606 414
606 416
606 420
606 422
606 434
606 448
606 455
606 458
606 462
606 467
606 477
606 478
606 518
606 519
606 527
606 541
606 542
606 576
606 582
606 585
606 590
606 591
606 605
606 640
606 645
606 650
606 667
606 670
606 678
606 704
606 709
606 710
606 714
606 715
606 718
606 719
606 734
606 736
606 775
606 783
606 785
606 797
606 798
606 839
606 842
606 846
606 847
606 868
606 902
606 905
606 926
606 960
606 966
606 969
606 971
606 974
606 975
606 989
606 994
606 998
606 1024
606 1030
606 1031
606 1034
606 1035
606 1038
606 1054
606 1058
606 1094
606 1120
606 1158
606 1216
606 1220
606 1221
606 1222
606 1237
606 1244
606 1245
606 1246
606 1252
606 1253
606 1257
606 1269
607 120
607 415
607 479
607 543
607 671
607 735
607 799
608 45
608 83
608 416
608 480
608 544
608 672
608 736
608 800
608 941
609 417
609 481
609 545
609 673
609 737
609 801
610 418
610 482
610 546
610 674
610 738
610 802
611 252
611 378
611 419
611 483
611 547
611 675
611 739
611 803
611 1022
612 420
612 423
612 484
612 548
612 676
612 740
612 804
612 1205
612 1239
613 421
613 485
613 549
613 677
613 741
613 805
613 1190
614 422
614 486
614 550
614 678
614 742
614 806
614 1124
615 183
615 328
615 423
615 487
615 543
615 544
615 551
615 679
615 743
615 807
616 62
616 424
616 488
616 552
616 680
616 744
616 808
617 425
617 489
617 553
617 681
617 745
617 809
617 1015
618 121
618 255
618 426
618 490
618 554
618 682
618 746
618 810
618 888
619 174
619 427
619 491
619 515
619 555
619 683
619 747
619 811
620 428
620 492
620 556
620 684
620 748
620 812
620 1274
621 429
621 493
621 557
621 685
621 749
621 813
621 942
622 82
622 140
622 430
622 494
622 558
622 686
622 750
622 814
622 1040
623 431
623 495
623 559
623 687
623 751
623 815
624 432
624 496
624 560
624 636
624 675
624 688
624 752
624 816
625 433
625 497
625 561
625 689
625 753
625 793
625 817
626 434
626 498
626 562
626 690
626 754
626 818
626 1202
627 435
627 499
627 563
627 691
627 755
627 780
627 809
627 819
627 1084
627 1265
628 85
628 436
628 500
628 564
628 692
628 756
628 820
628 991
628 1075
629 157
629 437
629 501
629 565
629 693
629 706
629 757
629 821
629 964
630 415
630 421
630 438
630 502
630 566
630 694
630 758
630 822
631 439
631 503
631 567
631 658
631 695
631 759
631 823
632 440
632 504
632 568
632 696
632 760
632 824
632 1051
633 441
633 505
633 569
633 697
633 761
633 825
633 1168
634 24
634 442
634 506
634 570
634 698
634 762
634 826
634 867
635 443
635 507
635 556
635 571
635 699
635 763
635 827
636 444
636 508
636 572
636 624
636 675
636 700
636 764
636 828
637 445
637 509
637 573
637 701
637 765
637 829
638 365
638 446
638 510
638 574
638 702
638 766
638 830
639 125
639 447
639 511
639 573
639 575
639 600
639 703
639 767
639 831
639 1086
640 6
640 9
640 69
640 74
640 78
640 79
640 91
640 135
640 138
640 143
640 145
640 178
640 198
640 199
640 207
640 242
640 246
640 256
640 260
640 261
640 266
640 267
640 271
640 273
640 275
640 285
640 286
640 290
640 329
640 334
640 349
640 384
640 385
640 390
640 393
640 394
640 395
640 398
640 399
640 401
640 403
640 406
640 411
640 416
640 420
640 422
640 434
640 448
640 455
640 458
640 462
640 467
640 477
640 512
640 518
640 519
640 527
640 541
640 576
640 582
640 585
640 590
640 591
640 605
640 606
640 645
640 650
640 667
640 678
640 704
640 709
640 710
640 714
640 715
640 718
640 719
640 736
640 768
640 775
640 783
640 785
640 797
640 832
640 839
640 846
640 847
640 868
640 902
640 905
640 910
640 926
640 960
640 966
640 969
640 971
640 974
640 975
640 977
640 989
640 994
640 998
640 1024
640 1030
640 1031
640 1034
640 1035
640 1038
640 1053
640 1058
640 1094
640 1158
640 1169
640 1216
640 1220
640 1221
640 1222
640 1230
640 1237
640 1244
640 1245
640 1246
640 1253
640 1269
641 449
641 513
641 577
641 705
641 769
641 833
642 450
642 461
642 514
642 578
642 659
642 706
642 770
642 834
642 918
643 99
643 305
643 451
643 515
643 579
643 686
643 707
643 771
643 835
644 452
644 516
644 580
644 708
644 772
644 836
645 6
645 9
645 69
645 74
645 78
645 79
645 134
645 135
645 138
645 142
645 143
645 145
645 178
645 198
645 199
645 207
645 242
645 246
645 256
645 261
645 266
645 267
645 271
645 273
645 275
645 285
645 290
645 326
645 334
645 349
645 384
645 385
645 390
645 393
645 394
645 395
645 398
645 399
645 401
645 403
645 406
645 411
645 416
645 420
645 422
645 434
645 448
645 453
645 455
645 458
645 462
645 463
645 467
645 477
645 517
645 518
645 519
645 527
645 541
645 576
645 581
645 582
645 585
645 590
645 591
645 593
645 605
645 606
645 640
645 646
645 650
645 654
645 655
645 657
645 667
645 678
645 704
645 709
645 710
645 714
645 715
645 718
645 719
645 733
645 736
645 773
645 775
645 783
645 785
645 797
645 837
645 839
645 846
645 868
645 902
645 905
645 910
645 911
645 925
645 926
645 960
645 966
645 971
645 974
645 975
645 977
645 989
645 994
645 998
645 1024
645 1030
645 1031
645 1034
645 1035
645 1038
645 1039
645 1053
645 1058
645 1094
645 1095
645 1158
645 1169
645 1216
645 1221
645 1222
645 1230
645 1231
645 1244
645 1245
645 1246
645 1253
645 1269
646 6
646 69
646 70
646 78
646 134
646 138
646 142
646 198
646 206
646 207
646 261
646 262
646 266
646 267
646 270
646 271
646 273
646 275
646 285
646 290
646 326
646 334
646 337
646 349
646 390
646 393
646 394
646 399
646 401
646 416
646 434
646 454
646 463
646 465
646 518
646 519
646 527
646 541
646 576
646 582
646 593
646 605
646 645
646 650
646 654
646 655
646 657
646 704
646 709
646 710
646 719
646 721
646 733
646 774
646 785
646 797
646 838
646 846
646 849
646 861
646 902
646 910
646 911
646 913
646 925
646 966
646 974
646 975
646 977
646 989
646 994
646 1024
646 1030
646 1031
646 1034
646 1035
646 1038
646 1039
646 1041
646 1053
646 1058
646 1094
646 1095
646 1105
646 1117
646 1169
646 1216
646 1221
646 1222
646 1230
646 1231
646 1233
646 1245
646 1246
647 5
647 71
647 133
647 197
647 263
647 327
647 389
647 455
647 457
647 519
647 521
647 583
647 711
647 713
647 774
647 775
647 837
647 839
647 903
647 965
647 1029
647 1093
647 1159
647 1223
648 456
648 520
648 584
648 712
648 776
648 840
648 973
648 1052
649 357
649 457
649 521
649 585
649 713
649 777
649 841
649 866
650 6
650 9
650 69
650 70
650 74
650 78
650 79
650 134
650 135
650 138
650 142
650 143
650 198
650 199
650 206
650 207
650 242
650 246
650 261
650 262
650 266
650 267
650 270
650 271
650 273
650 275
650 285
650 290
650 326
650 334
650 337
650 349
650 384
650 385
650 390
650 393
650 394
650 395
650 399
650 401
650 403
650 406
650 416
650 422
650 434
650 454
650 458
650 462
650 463
650 465
650 467
650 477
650 518
650 519
650 522
650 527
650 541
650 576
650 582
650 585
650 586
650 590
650 591
650 593
650 605
650 606
650 640
650 645
650 646
650 654
650 655
650 657
650 678
650 704
650 709
650 710
650 714
650 715
650 719
650 733
650 736
650 775
650 778
650 783
650 785
650 797
650 838
650 839
650 842
650 846
650 861
650 902
650 910
650 911
650 913
650 925
650 966
650 971
650 974
650 975
650 977
650 989
650 994
650 998
650 1024
650 1030
650 1031
650 1034
650 1035
650 1038
650 1039
650 1053
650 1058
650 1094
650 1095
650 1117
650 1158
650 1169
650 1216
650 1221
650 1222
650 1230
650 1231
650 1245
650 1246
651 38
651 114
651 230
651 269
651 286
651 335
651 388
651 412
651 418
651 449
651 459
651 512
651 523
651 587
651 669
651 672
651 676
651 715
651 754
651 777
651 779
651 832
651 842
651 843
651 847
651 1054
651 1098
651 1120
651 1161
651 1226
651 1252
651 1257
652 8
652 460
652 524
652 588
652 716
652 780
652 844
652 1184
653 397
653 461
653 525
653 589
653 594
653 717
653 781
653 845
654 6
654 69
654 70
654 78
654 134
654 138
654 142
654 143
654 198
654 206
654 207
654 242
654 261
654 262
654 266
654 267
654 270
654 271
654 273
654 275
654 285
654 290
654 326
654 334
654 337
654 349
654 390
654 393
654 394
654 399
654 401
654 416
654 422
654 434
654 454
654 462
654 463
654 465
654 518
654 519
654 526
654 527
654 541
654 576
654 582
654 590
654 593
654 605
654 645
654 646
654 650
654 655
654 657
654 704
654 709
654 710
654 718
654 719
654 721
654 733
654 782
654 785
654 797
654 838
654 846
654 849
654 861
654 902
654 910
654 911
654 913
654 925
654 966
654 974
654 975
654 977
654 989
654 994
654 998
654 1024
654 1030
654 1031
654 1034
654 1035
654 1038
654 1039
654 1041
654 1053
654 1058
654 1094
654 1095
654 1105
654 1117
654 1158
654 1169
654 1216
654 1221
654 1222
654 1230
654 1231
654 1233
654 1245
654 1246
655 6
655 69
655 70
655 78
655 134
655 138
655 142
655 198
655 206
655 207
655 261
655 262
655 266
655 267
655 270
655 271
655 273
655 275
655 285
655 290
655 326
655 334
655 337
655 349
655 390
655 393
655 394
655 399
655 401
655 416
655 434
655 454
655 463
655 465
655 518
655 519
655 527
655 541
655 576
655 582
655 591
655 593
655 605
655 645
655 646
655 650
655 654
655 657
655 704
655 709
655 710
655 719
655 721
655 733
655 783
655 785
655 797
655 838
655 846
655 847
655 849
655 861
655 902
655 910
655 911
655 913
655 925
655 966
655 974
655 975
655 977
655 989
655 994
655 998
655 1024
655 1030
655 1031
655 1034
655 1035
655 1038
655 1039
655 1041
655 1053
655 1058
655 1094
655 1095
655 1105
655 1117
655 1158
655 1169
655 1216
655 1221
655 1222
655 1230
655 1231
655 1233
655 1245
655 1246
656 464
656 528
656 592
656 720
656 756
656 784
656 848
657 6
657 69
657 70
657 78
657 134
657 138
657 142
657 143
657 198
657 199
657 206
657 207
657 242
657 261
657 262
657 266
657 267
657 270
657 271
657 273
657 275
657 285
657 290
657 326
657 334
657 337
657 349
657 390
657 393
657 394
657 399
657 401
657 416
657 422
657 434
657 454
657 463
657 465
657 518
657 519
657 527
657 529
657 541
657 576
657 582
657 593
657 605
657 645
657 646
657 650
657 654
657 655
657 704
657 709
657 710
657 719
657 721
657 733
657 785
657 797
657 838
657 846
657 849
657 861
657 902
657 910
657 911
657 913
657 925
657 966
657 974
657 975
657 977
657 989
657 994
657 998
657 1024
657 1030
657 1031
657 1034
657 1035
657 1038
657 1039
657 1041
657 1053
657 1058
657 1094
657 1095
657 1105
657 1117
657 1158
657 1169
657 1216
657 1221
657 1222
657 1230
657 1231
657 1233
657 1245
657 1246
658 466
658 530
658 594
658 631
658 722
658 786
658 850
659 461
659 467
659 531
659 595
659 642
659 723
659 787
659 851
659 918
660 468
660 532
660 596
660 664
660 724
660 788
660 852
660 1072
661 350
661 469
661 533
661 597
661 725
661 789
661 853
662 214
662 419
662 470
662 534
662 598
662 726
662 790
662 854
663 471
663 535
663 599
663 727
663 791
663 855
664 472
664 536
664 600
664 660
664 728
664 792
664 856
664 1072
665 473
665 537
665 601
665 729
665 793
665 857
665 1186
666 474
666 538
666 602
666 730
666 794
666 858
667 6
667 9
667 69
667 74
667 78
667 79
667 91
667 135
667 143
667 145
667 178
667 199
667 242
667 246
667 256
667 260
667 275
667 285
667 286
667 329
667 334
667 384
667 385
667 393
667 395
667 398
667 403
667 406
667 411
667 416
667 420
667 422
667 434
667 448
667 455
667 458
667 462
667 467
667 475
667 477
667 518
667 527
667 539
667 582
667 585
667 587
667 590
667 591
667 603
667 606
667 640
667 645
667 678
667 709
667 714
667 715
667 718
667 731
667 736
667 775
667 783
667 795
667 797
667 839
667 842
667 847
667 859
667 868
667 905
667 926
667 960
667 966
667 969
667 971
667 974
667 975
667 989
667 998
667 1024
667 1030
667 1034
667 1038
667 1054
667 1058
667 1120
667 1158
667 1161
667 1220
667 1221
667 1237
667 1244
667 1245
667 1246
667 1252
667 1253
667 1257
667 1269
668 476
668 540
668 604
668 732
668 796
668 860
668 1167
669 38
669 91
669 114
669 230
669 256
669 260
669 269
669 286
669 329
669 335
669 388
669 411
669 412
669 418
669 420
669 448
669 449
669 458
669 477
669 512
669 541
669 587
669 605
669 651
669 676
669 718
669 733
669 754
669 777
669 797
669 842
669 847
669 861
669 868
669 905
669 926
669 960
669 969
669 1054
669 1098
669 1120
669 1161
669 1220
669 1226
669 1237
669 1244
669 1252
669 1253
669 1257
670 478
670 542
670 606
670 734
670 798
670 862
670 1089
671 244
671 317
671 479
671 543
671 601
671 607
671 728
671 735
671 750
671 799
671 848
671 863
671 1135
672 75
672 114
672 269
672 293
672 335
672 388
672 412
672 449
672 480
672 512
672 544
672 608
672 651
672 676
672 736
672 754
672 777
672 800
672 832
672 864
672 996
672 1098
672 1226
673 481
673 545
673 609
673 737
673 801
673 865
674 482
674 546
674 610
674 738
674 802
674 866
675 483
675 547
675 611
675 624
675 636
675 739
675 803
675 867
676 38
676 91
676 114
676 230
676 260
676 269
676 286
676 335
676 388
676 412
676 418
676 449
676 484
676 512
676 548
676 587
676 612
676 651
676 669
676 672
676 740
676 754
676 777
676 804
676 842
676 847
676 868
676 1054
676 1098
676 1120
676 1161
676 1220
676 1226
676 1252
676 1257
677 485
677 549
677 578
677 613
677 738
677 741
677 805
677 869
677 1261
678 6
678 9
678 69
678 74
678 78
678 79
678 91
678 135
678 138
678 143
678 145
678 178
678 198
678 199
678 207
678 242
678 246
678 256
678 260
678 261
678 266
678 267
678 271
678 275
678 285
678 286
678 290
678 329
678 334
678 384
678 385
678 393
678 394
678 395
678 398
678 399
678 401
678 403
678 406
678 411
678 416
678 420
678 422
678 434
678 448
678 455
678 458
678 462
678 467
678 477
678 486
678 518
678 519
678 527
678 541
678 550
678 576
678 582
678 585
678 590
678 591
678 605
678 606
678 614
678 640
678 645
678 650
678 667
678 704
678 709
678 710
678 714
678 715
678 718
678 719
678 736
678 742
678 775
678 783
678 785
678 797
678 806
678 839
678 842
678 846
678 847
678 868
678 870
678 902
678 905
678 926
678 960
678 966
678 969
678 971
678 974
678 975
678 989
678 994
678 998
678 1024
678 1030
678 1031
678 1034
678 1035
678 1038
678 1054
678 1058
678 1094
678 1120
678 1158
678 1216
678 1220
678 1221
678 1222
678 1237
678 1244
678 1245
678 1246
678 1252
678 1253
678 1257
678 1269
679 354
679 487
679 533
679 551
679 615
679 694
679 743
679 807
679 871
680 488
680 552
680 616
680 744
680 808
680 872
681 489
681 553
681 617
681 745
681 809
681 873
682 490
682 554
682 618
682 746
682 788
682 810
682 874
682 935
683 491
683 555
683 619
683 747
683 811
683 875
684 492
684 556
684 620
684 748
684 765
684 812
684 876
685 380
685 493
685 557
685 621
685 749
685 813
685 877
686 99
686 305
686 494
686 558
686 622
686 643
686 750
686 814
686 878
687 468
687 495
687 559
687 623
687 751
687 815
687 879
688 254
688 496
688 560
688 624
688 752
688 816
688 880
689 346
689 497
689 561
689 625
689 753
689 817
689 881
689 1111
690 72
690 96
690 498
690 513
690 562
690 626
690 754
690 818
690 882
691 499
691 563
691 627
691 755
691 819
691 883
692 36
692 500
692 564
692 628
692 756
692 820
692 884
692 1050
693 311
693 501
693 565
693 629
693 757
693 821
693 885
694 354
694 502
694 533
694 566
694 630
694 679
694 758
694 822
694 886
695 132
695 396
695 445
695 503
695 567
695 631
695 759
695 823
695 887
695 1134
696 46
696 504
696 568
696 632
696 760
696 824
696 888
696 1137
697 182
697 505
697 569
697 633
697 761
697 825
697 889
698 506
698 570
698 634
698 762
698 826
698 890
698 891
699 507
699 571
699 635
699 763
699 827
699 891
700 108
700 508
700 572
700 636
700 764
700 828
700 892
701 509
701 573
701 637
701 765
701 829
701 893
701 1240
702 510
702 574
702 638
702 720
702 731
702 766
702 830
702 894
702 940
703 511
703 575
703 639
703 767
703 831
703 895
704 6
704 69
704 70
704 74
704 78
704 134
704 135
704 138
704 142
704 143
704 198
704 199
704 206
704 207
704 242
704 261
704 262
704 266
704 267
704 270
704 271
704 273
704 275
704 285
704 290
704 326
704 334
704 337
704 349
704 384
704 385
704 390
704 393
704 394
704 399
704 401
704 403
704 416
704 422
704 434
704 454
704 463
704 465
704 467
704 477
704 512
704 518
704 519
704 527
704 541
704 576
704 582
704 590
704 591
704 593
704 605
704 606
704 640
704 645
704 646
704 650
704 654
704 655
704 657
704 678
704 709
704 710
704 714
704 719
704 721
704 733
704 736
704 768
704 775
704 785
704 797
704 832
704 838
704 846
704 849
704 861
704 896
704 902
704 910
704 911
704 913
704 925
704 966
704 971
704 974
704 975
704 977
704 989
704 994
704 998
704 1024
704 1030
704 1031
704 1034
704 1035
704 1038
704 1039
704 1053
704 1058
704 1094
704 1095
704 1105
704 1117
704 1158
704 1169
704 1216
704 1221
704 1222
704 1230
704 1231
704 1245
704 1246
705 513
705 577
705 641
705 769
705 833
705 897
706 157
706 514
706 578
706 629
706 642
706 770
706 834
706 898
706 964
707 313
707 347
707 515
707 579
707 643
707 771
707 835
707 899
707 1144
708 64
708 516
708 580
708 644
708 772
708 836
708 900
708 967
709 6
709 9
709 69
709 74
709 78
709 79
709 134
709 135
709 138
709 142
709 143
709 145
709 178
709 198
709 199
709 207
709 242
709 246
709 256
709 261
709 266
709 267
709 271
709 273
709 275
709 285
709 290
709 329
709 334
709 349
709 384
709 385
709 390
709 393
709 394
709 395
709 398
709 399
709 401
709 403
709 406
709 411
709 416
709 420
709 422
709 434
709 448
709 455
709 458
709 462
709 467
709 477
709 517
709 518
709 519
709 527
709 541
709 576
709 581
709 582
709 585
709 590
709 591
709 593
709 605
709 606
709 640
709 645
709 646
709 650
709 654
709 655
709 657
709 667
709 678
709 704
709 710
709 714
709 715
709 718
709 719
709 733
709 736
709 773
709 775
709 783
709 785
709 797
709 837
709 839
709 846
709 868
709 901
709 902
709 905
709 910
709 925
709 926
709 960
709 966
709 969
709 971
709 974
709 975
709 977
709 989
709 994
709 998
709 1024
709 1030
709 1031
709 1034
709 1035
709 1038
709 1039
709 1053
709 1058
709 1094
709 1095
709 1158
709 1169
709 1216
709 1221
709 1222
709 1230
709 1231
709 1244
709 1245
709 1246
709 1253
709 1269
710 6
710 9
710 69
710 70
710 74
710 78
710 79
710 134
710 135
710 138
710 142
710 143
710 198
710 199
710 206
710 207
710 242
710 246
710 261
710 262
710 266
710 267
710 270
710 271
710 273
710 275
710 285
710 290
710 326
710 334
710 337
710 349
710 384
710 385
710 390
710 393
710 394
710 395
710 399
710 401
710 403
710 406
710 416
710 422
710 434
710 454
710 462
710 463
710 465
710 467
710 477
710 518
710 519
710 527
710 541
710 576
710 582
710 585
710 590
710 591
710 593
710 605
710 606
710 640
710 645
710 646
710 650
710 654
710 655
710 657
710 678
710 704
710 709
710 714
710 715
710 719
710 733
710 736
710 774
710 775
710 783
710 785
710 797
710 838
710 839
710 846
710 861
710 902
710 910
710 911
710 913
710 925
710 966
710 971
710 974
710 975
710 977
710 989
710 994
710 998
710 1024
710 1030
710 1031
710 1034
710 1035
710 1038
710 1039
710 1053
710 1058
710 1094
710 1095
710 1105
710 1117
710 1158
710 1169
710 1216
710 1221
710 1222
710 1230
710 1231
710 1245
710 1246
711 519
711 583
711 647
711 775
711 839
711 903
711 990
712 520
712 584
712 648
712 741
712 776
712 840
712 904
712 927
712 1115
712 1192
713 5
713 71
713 133
713 197
713 263
713 327
713 389
713 457
713 521
713 583
713 585
713 647
713 649
713 774
713 777
713 837
713 841
713 903
713 905
713 965
713 1029
713 1093
713 1159
713 1223
714 6
714 9
714 69
714 74
714 78
714 79
714 91
714 135
714 138
714 143
714 145
714 178
714 198
714 199
714 207
714 242
714 246
714 256
714 260
714 261
714 266
714 267
714 271
714 275
714 285
714 286
714 290
714 329
714 334
714 384
714 385
714 393
714 394
714 395
714 398
714 399
714 401
714 403
714 406
714 411
714 416
714 420
714 422
714 434
714 448
714 455
714 458
714 462
714 467
714 477
714 518
714 519
714 522
714 527
714 541
714 576
714 582
714 585
714 586
714 590
714 591
714 605
714 606
714 640
714 645
714 650
714 667
714 678
714 704
714 709
714 710
714 715
714 718
714 719
714 736
714 775
714 778
714 783
714 785
714 797
714 839
714 842
714 846
714 847
714 868
714 902
714 905
714 906
714 910
714 926
714 960
714 966
714 969
714 971
714 974
714 975
714 977
714 989
714 994
714 998
714 1024
714 1030
714 1031
714 1034
714 1035
714 1038
714 1053
714 1058
714 1094
714 1158
714 1169
714 1216
714 1220
714 1221
714 1222
714 1230
714 1237
714 1244
714 1245
714 1246
714 1253
714 1269
715 6
715 9
715 69
715 74
715 78
715 79
715 91
715 135
715 138
715 143
715 145
715 178
715 198
715 199
715 207
715 242
715 246
715 256
715 260
715 266
715 267
715 271
715 275
715 285
715 286
715 329
715 334
715 384
715 385
715 393
715 394
715 395
715 398
715 403
715 406
715 411
715 416
715 420
715 422
715 434
715 448
715 455
715 458
715 462
715 467
715 477
715 518
715 519
715 523
715 527
715 582
715 585
715 587
715 590
715 591
715 606
715 640
715 645
715 650
715 651
715 667
715 678
715 709
715 710
715 714
715 718
715 719
715 736
715 775
715 779
715 783
715 785
715 797
715 839
715 842
715 843
715 847
715 868
715 902
715 905
715 907
715 926
715 960
715 966
715 969
715 971
715 974
715 975
715 989
715 994
715 998
715 1024
715 1030
715 1031
715 1034
715 1035
715 1038
715 1054
715 1058
715 1094
715 1120
715 1158
715 1220
715 1221
715 1222
715 1237
715 1244
715 1245
715 1246
715 1252
715 1253
715 1257
715 1269
716 208
716 366
716 524
716 588
716 652
716 780
716 844
716 908
717 438
717 525
717 589
717 653
717 781
717 845
717 909
718 9
718 38
718 74
718 78
718 79
718 91
718 135
718 143
718 145
718 178
718 199
718 230
718 242
718 246
718 256
718 260
718 286
718 329
718 384
718 385
718 395
718 398
718 403
718 406
718 411
718 416
718 418
718 420
718 422
718 448
718 455
718 458
718 462
718 467
718 477
718 526
718 527
718 582
718 585
718 587
718 590
718 591
718 606
718 640
718 645
718 654
718 667
718 669
718 678
718 709
718 714
718 715
718 736
718 775
718 782
718 783
718 797
718 839
718 842
718 846
718 847
718 868
718 905
718 910
718 926
718 960
718 969
718 971
718 974
718 998
718 1034
718 1038
718 1054
718 1058
718 1120
718 1158
718 1161
718 1220
718 1221
718 1226
718 1237
718 1244
718 1246
718 1252
718 1253
718 1257
718 1269
719 6
719 9
719 69
719 70
719 74
719 78
719 79
719 134
719 135
719 138
719 142
719 143
719 198
719 199
719 206
719 207
719 242
719 261
719 262
719 266
719 267
719 270
719 271
719 273
719 275
719 285
719 290
719 326
719 334
719 337
719 349
719 384
719 385
719 390
719 393
719 394
719 399
719 401
719 403
719 406
719 416
719 422
719 434
719 454
719 462
719 463
719 465
719 467
719 477
719 518
719 519
719 527
719 541
719 576
719 582
719 585
719 590
719 591
719 593
719 605
719 606
719 640
719 645
719 646
719 650
719 654
719 655
719 657
719 678
719 704
719 709
719 710
719 714
719 715
719 721
719 733
719 736
719 775
719 783
719 785
719 797
719 838
719 846
719 847
719 849
719 861
719 902
719 910
719 911
719 913
719 925
719 966
719 971
719 974
719 975
719 977
719 989
719 994
719 998
719 1024
719 1030
719 1031
719 1034
719 1035
719 1038
719 1039
719 1053
719 1058
719 1094
719 1095
719 1105
719 1117
719 1158
719 1169
719 1216
719 1221
719 1222
719 1230
719 1231
719 1245
719 1246
720 528
720 592
720 656
720 702
720 731
720 784
720 848
720 912
720 940
721 70
721 134
721 138
721 142
721 198
721 206
721 261
721 262
721 266
721 270
721 273
721 290
721 326
721 337
721 349
721 390
721 394
721 399
721 401
721 454
721 463
721 465
721 529
721 541
721 576
721 593
721 605
721 646
721 654
721 655
721 657
721 704
721 719
721 733
721 785
721 838
721 846
721 849
721 861
721 910
721 911
721 913
721 925
721 977
721 994
721 1031
721 1039
721 1041
721 1053
721 1095
721 1105
721 1117
721 1169
721 1216
721 1230
721 1231
721 1233
722 530
722 531
722 594
722 658
722 757
722 786
722 850
722 914
722 982
722 1088
723 531
723 595
723 659
723 787
723 851
723 906
723 915
724 532
724 596
724 660
724 788
724 852
724 893
724 916
725 324
725 381
725 533
725 597
725 661
725 789
725 853
725 917
725 1014
726 534
726 598
726 662
726 790
726 854
726 918
727 535
727 599
727 663
727 791
727 855
727 919
727 1262
728 244
728 317
728 536
728 600
728 601
728 664
728 671
728 750
728 792
728 848
728 856
728 920
728 1135
729 537
729 601
729 665
729 793
729 857
729 859
729 921
730 376
730 538
730 602
730 666
730 794
730 801
730 858
730 922
731 539
731 603
731 667
731 702
731 720
731 795
731 859
731 923
731 940
732 540
732 604
732 668
732 796
732 860
732 924
732 1062
733 6
733 69
733 70
733 78
733 134
733 138
733 142
733 143
733 198
733 199
733 206
733 207
733 242
733 261
733 262
733 266
733 267
733 270
733 271
733 273
733 275
733 285
733 290
733 326
733 334
733 337
733 349
733 390
733 393
733 394
733 399
733 401
733 416
733 422
733 434
733 454
733 463
733 465
733 518
733 519
733 527
733 541
733 576
733 582
733 593
733 605
733 645
733 646
733 650
733 654
733 655
733 657
733 669
733 704
733 709
733 710
733 719
733 721
733 785
733 797
733 838
733 846
733 849
733 861
733 902
733 910
733 911
733 913
733 925
733 966
733 974
733 975
733 977
733 989
733 994
733 998
733 1024
733 1030
733 1031
733 1034
733 1035
733 1038
733 1039
733 1041
733 1053
733 1058
733 1094
733 1095
733 1105
733 1117
733 1158
733 1169
733 1216
733 1221
733 1222
733 1230
733 1231
733 1233
733 1245
733 1246
734 514
734 542
734 606
734 670
734 798
734 862
734 926
734 1236
735 543
735 607
735 671
735 799
735 863
735 927
736 6
736 9
736 69
736 74
736 78
736 79
736 91
736 135
736 138
736 143
736 145
736 178
736 198
736 199
736 207
736 242
736 246
736 256
736 260
736 261
736 266
736 267
736 271
736 275
736 285
736 286
736 290
736 329
736 334
736 384
736 385
736 393
736 394
736 395
736 398
736 399
736 401
736 403
736 406
736 411
736 416
736 420
736 422
736 434
736 448
736 455
736 458
736 462
736 467
736 477
736 518
736 519
736 527
736 541
736 544
736 576
736 582
736 585
736 590
736 591
736 605
736 606
736 608
736 640
736 645
736 650
736 667
736 672
736 678
736 704
736 709
736 710
736 714
736 715
736 718
736 719
736 775
736 783
736 785
736 797
736 800
736 839
736 842
736 846
736 847
736 864
736 868
736 902
736 905
736 926
736 928
736 960
736 966
736 969
736 971
736 974
736 975
736 989
736 994
736 998
736 1024
736 1030
736 1031
736 1034
736 1035
736 1038
736 1054
736 1058
736 1094
736 1120
736 1158
736 1216
736 1220
736 1221
736 1222
736 1230
736 1237
736 1244
736 1245
736 1246
736 1252
736 1253
736 1269
737 280
737 351
737 545
737 609
737 673
737 801
737 865
737 929
738 546
738 578
738 610
738 674
738 677
738 802
738 866
738 930
738 1261
739 331
739 471
739 547
739 611
739 675
739 803
739 867
739 931
740 17
740 50
740 548
740 612
740 676
740 804
740 868
740 932
741 549
741 613
741 677
741 712
741 805
741 869
741 927
741 933
741 1115
741 1192
742 550
742 614
742 678
742 806
742 870
742 934
743 551
743 615
743 679
743 807
743 871
743 935
744 447
744 552
744 616
744 680
744 808
744 824
744 872
744 936
744 1020
745 40
745 553
745 617
745 681
745 809
745 873
745 937
746 124
746 554
746 618
746 682
746 810
746 874
746 938
747 239
747 555
747 619
747 683
747 811
747 875
747 939
748 505
748 556
748 620
748 684
748 812
748 876
748 940
749 557
749 568
749 621
749 685
749 813
749 877
749 941
749 1145
750 244
750 317
750 558
750 601
750 622
750 671
750 686
750 728
750 814
750 848
750 878
750 942
750 1135
751 559
751 623
751 687
751 815
751 879
751 943
752 560
752 624
752 688
752 816
752 858
752 880
752 944
753 363
753 561
753 625
753 689
753 771
753 817
753 881
753 945
753 1185
753 1258
754 38
754 91
754 114
754 230
754 260
754 269
754 286
754 329
754 335
754 388
754 412
754 418
754 449
754 512
754 562
754 587
754 626
754 651
754 669
754 672
754 676
754 690
754 777
754 818
754 842
754 847
754 882
754 946
754 1054
754 1098
754 1120
754 1161
754 1220
754 1226
754 1237
754 1252
754 1257
755 563
755 627
755 691
755 819
755 883
755 947
755 955
756 564
756 628
756 656
756 692
756 820
756 884
756 948
757 531
757 565
757 629
757 693
757 722
757 821
757 885
757 949
757 982
757 1088
758 566
758 630
758 694
758 822
758 886
758 950
759 167
759 567
759 631
759 695
759 823
759 887
759 951
759 1153
760 486
760 568
760 632
760 696
760 824
760 888
760 952
761 532
761 569
761 633
761 697
761 825
761 889
761 953
762 570
762 634
762 698
762 826
762 890
762 954
763 296
763 571
763 635
763 699
763 827
763 891
763 955
764 572
764 636
764 700
764 828
764 892
764 956
765 573
765 637
765 684
765 701
765 829
765 893
765 957
766 509
766 574
766 638
766 702
766 830
766 894
766 958
767 80
767 575
767 639
767 703
767 831
767 895
767 959
767 1259
768 576
768 640
768 704
768 832
768 896
768 960
768 1060
769 577
769 641
769 705
769 833
769 897
769 961
770 538
770 578
770 642
770 706
770 834
770 898
770 962
771 363
771 579
771 643
771 707
771 753
771 835
771 899
771 963
771 1185
771 1258
772 580
772 644
772 708
772 836
772 900
772 964
773 581
773 645
773 709
773 837
773 901
773 965
774 5
774 71
774 133
774 197
774 263
774 327
774 389
774 457
774 521
774 582
774 583
774 646
774 647
774 710
774 713
774 837
774 838
774 902
774 903
774 965
774 966
774 1029
774 1093
774 1159
774 1223
775 6
775 9
775 69
775 74
775 78
775 79
775 91
775 135
775 138
775 143
775 145
775 178
775 198
775 199
775 207
775 242
775 246
775 256
775 260
775 261
775 266
775 267
775 271
775 275
775 285
775 286
775 290
775 329
775 334
775 384
775 385
775 393
775 394
775 395
775 398
775 399
775 401
775 403
775 406
775 411
775 416
775 420
775 422
775 434
775 448
775 455
775 458
775 462
775 467
775 477
775 518
775 519
775 527
775 541
775 576
775 582
775 583
775 585
775 590
775 591
775 605
775 606
775 640
775 645
775 647
775 650
775 667
775 678
775 704
775 709
775 710
775 711
775 714
775 715
775 718
775 719
775 736
775 783
775 785
775 797
775 839
775 842
775 846
775 847
775 868
775 902
775 903
775 905
775 926
775 960
775 966
775 967
775 969
775 971
775 974
775 975
775 977
775 989
775 994
775 998
775 1024
775 1030
775 1031
775 1034
775 1035
775 1038
775 1053
775 1058
775 1094
775 1158
775 1169
775 1216
775 1220
775 1221
775 1222
775 1230
775 1237
775 1244
775 1245
775 1246
775 1252
775 1253
775 1269
776 460
776 528
776 584
776 648
776 712
776 840
776 904
776 968
777 38
777 114
777 230
777 269
777 286
777 335
777 388
777 412
777 418
777 449
777 512
777 585
777 587
777 649
777 651
777 669
777 672
777 676
777 713
777 754
777 832
777 841
777 842
777 847
777 905
777 969
777 1054
777 1098
777 1120
777 1161
777 1226
777 1252
777 1257
778 233
778 586
778 650
778 714
778 834
778 842
778 906
778 970
778 1109
779 587
779 651
779 715
779 843
779 907
779 971
780 588
780 627
780 652
780 716
780 809
780 844
780 908
780 972
780 1084
780 1265
781 44
781 179
781 589
781 653
781 717
781 845
781 909
781 973
781 1005
782 356
782 590
782 654
782 718
782 846
782 910
782 974
783 6
783 9
783 69
783 74
783 78
783 79
783 91
783 135
783 138
783 143
783 145
783 178
783 198
783 199
783 207
783 242
783 246
783 256
783 260
783 267
783 271
783 275
783 285
783 286
783 329
783 334
783 384
783 385
783 393
783 394
783 395
783 398
783 403
783 406
783 411
783 416
783 420
783 422
783 434
783 448
783 455
783 458
783 462
783 467
783 477
783 518
783 519
783 527
783 582
783 585
783 587
783 590
783 591
783 606
783 640
783 645
783 650
783 655
783 667
783 678
783 709
783 710
783 714
783 715
783 718
783 719
783 736
783 775
783 785
783 797
783 839
783 842
783 847
783 868
783 902
783 905
783 911
783 926
783 960
783 966
783 969
783 971
783 974
783 975
783 989
783 994
783 998
783 1024
783 1030
783 1031
783 1034
783 1035
783 1038
783 1054
783 1058
783 1094
783 1120
783 1158
783 1220
783 1221
783 1222
783 1237
783 1244
783 1245
783 1246
783 1252
783 1253
783 1257
783 1269
784 592
784 656
784 720
784 848
784 912
784 976
784 1136
785 6
785 9
785 69
785 70
785 74
785 78
785 79
785 134
785 135
785 138
785 142
785 143
785 198
785 199
785 206
785 207
785 242
785 261
785 262
785 266
785 267
785 270
785 271
785 273
785 275
785 285
785 290
785 326
785 334
785 337
785 349
785 384
785 385
785 390
785 393
785 394
785 395
785 399
785 401
785 403
785 406
785 416
785 422
785 434
785 454
785 462
785 463
785 465
785 467
785 477
785 518
785 519
785 527
785 541
785 576
785 582
785 585
785 590
785 591
785 593
785 605
785 606
785 640
785 645
785 646
785 650
785 654
785 655
785 657
785 678
785 704
785 709
785 710
785 714
785 715
785 719
785 721
785 733
785 736
785 775
785 783
785 797
785 838
785 839
785 846
785 849
785 861
785 902
785 910
785 911
785 913
785 925
785 966
785 971
785 974
785 975
785 977
785 989
785 994
785 998
785 1024
785 1030
785 1031
785 1034
785 1035
785 1038
785 1039
785 1053
785 1058
785 1094
785 1095
785 1105
785 1117
785 1158
785 1169
785 1216
785 1221
785 1222
785 1230
785 1231
785 1245
785 1246
786 304
786 594
786 658
786 722
786 850
786 914
786 978
787 98
787 595
787 659
787 723
787 851
787 915
787 979
788 596
788 660
788 682
788 724
788 852
788 916
788 935
788 980
789 28
789 67
789 159
789 597
789 661
789 725
789 853
789 917
789 981
790 63
790 598
790 662
790 726
790 854
790 918
790 982
791 3
791 599
791 663
791 727
791 840
791 855
791 919
791 983
792 127
792 231
792 368
792 600
792 664
792 728
792 856
792 920
792 984
792 1201
793 601
793 625
793 665
793 729
793 857
793 921
793 985
794 602
794 666
794 730
794 858
794 922
794 986
794 1018
794 1023
795 168
795 603
795 667
795 731
795 859
795 923
795 987
796 604
796 668
796 732
796 860
796 924
796 988
797 6
797 9
797 69
797 74
797 78
797 79
797 134
797 135
797 138
797 142
797 143
797 145
797 178
797 198
797 199
797 207
797 242
797 246
797 256
797 261
797 266
797 267
797 271
797 273
797 275
797 285
797 290
797 334
797 349
797 384
797 385
797 390
797 393
797 394
797 395
797 398
797 399
797 401
797 403
797 406
797 411
797 416
797 420
797 422
797 434
797 448
797 455
797 458
797 462
797 463
797 467
797 477
797 518
797 519
797 527
797 541
797 576
797 582
797 585
797 590
797 591
797 593
797 605
797 606
797 640
797 645
797 646
797 650
797 654
797 655
797 657
797 667
797 669
797 678
797 704
797 709
797 710
797 714
797 715
797 718
797 719
797 733
797 736
797 775
797 783
797 785
797 839
797 846
797 861
797 868
797 902
797 905
797 910
797 925
797 926
797 960
797 966
797 969
797 971
797 974
797 975
797 977
797 989
797 994
797 998
797 1024
797 1030
797 1031
797 1034
797 1035
797 1038
797 1039
797 1053
797 1058
797 1094
797 1095
797 1158
797 1169
797 1216
797 1221
797 1222
797 1230
797 1231
797 1244
797 1245
797 1246
797 1253
797 1269
798 606
798 670
798 734
798 862
798 926
798 990
799 112
799 364
799 607
799 671
799 735
799 863
799 927
799 991
799 1189
800 359
800 608
800 672
800 736
800 864
800 928
800 992
801 376
801 609
801 673
801 730
801 737
801 865
801 929
801 993
802 210
802 268
802 610
802 674
802 738
802 866
802 930
802 994
802 1204
803 35
803 234
803 611
803 675
803 739
803 867
803 931
803 995
803 1194
804 612
804 676
804 740
804 868
804 932
804 996
804 1278
805 402
805 613
805 677
805 741
805 869
805 933
805 997
806 614
806 678
806 742
806 870
806 934
806 998
806 1042
807 340
807 375
807 615
807 679
807 743
807 871
807 935
807 999
808 616
808 680
808 744
808 872
808 936
808 1000
809 617
809 627
809 681
809 745
809 780
809 873
809 937
809 1001
809 1084
809 1265
810 232
810 618
810 682
810 746
810 874
810 938
810 1002
811 172
811 619
811 683
811 747
811 875
811 939
811 1003
812 620
812 684
812 748
812 817
812 876
812 940
812 1004
813 621
813 685
813 749
813 877
813 941
813 1005
813 1178
814 493
814 536
814 622
814 686
814 750
814 878
814 942
814 1006
814 1187
815 92
815 623
815 687
815 751
815 879
815 943
815 1007
815 1207
816 624
816 688
816 752
816 829
816 880
816 944
816 1004
816 1008
816 1087
816 1140
817 625
817 689
817 753
817 812
817 881
817 945
817 1009
818 95
818 626
818 690
818 754
818 882
818 946
818 1010
819 627
819 691
819 755
819 883
819 947
819 1011
820 628
820 692
820 756
820 884
820 948
820 1012
821 34
821 42
821 377
821 602
821 629
821 693
821 757
821 885
821 949
821 1013
822 630
822 694
822 758
822 886
822 908
822 950
822 1014
823 545
823 631
823 695
823 759
823 887
823 951
823 1015
824 447
824 632
824 696
824 744
824 760
824 888
824 952
824 1016
824 1020
825 427
825 633
825 697
825 761
825 889
825 953
825 1017
826 634
826 698
826 762
826 890
826 954
826 1018
827 635
827 699
827 763
827 891
827 955
827 1011
827 1019
828 636
828 700
828 764
828 892
828 956
828 1020
829 637
829 701
829 765
829 816
829 893
829 957
829 1004
829 1021
829 1087
829 1140
830 638
830 702
830 766
830 894
830 958
830 1022
831 639
831 703
831 767
831 895
831 959
831 1023
832 75
832 114
832 269
832 293
832 388
832 449
832 640
832 651
832 672
832 704
832 768
832 777
832 896
832 960
832 996
832 1024
832 1098
833 641
833 705
833 769
833 897
833 961
833 1025
833 1250
834 233
834 642
834 706
834 770
834 778
834 898
834 962
834 1026
834 1109
835 16
835 643
835 707
835 771
835 899
835 963
835 1027
836 272
836 644
836 708
836 772
836 900
836 964
836 1028
837 5
837 71
837 133
837 197
837 263
837 327
837 389
837 457
837 521
837 583
837 645
837 647
837 709
837 713
837 773
837 774
837 901
837 903
837 965
837 1029
837 1093
837 1159
837 1223
838 6
838 69
838 70
838 78
838 134
838 138
838 142
838 198
838 206
838 207
838 261
838 262
838 266
838 267
838 270
838 271
838 273
838 275
838 285
838 290
838 326
838 334
838 337
838 349
838 390
838 393
838 394
838 399
838 401
838 434
838 454
838 463
838 465
838 518
838 519
838 527
838 541
838 576
838 593
838 605
838 646
838 650
838 654
838 655
838 657
838 704
838 710
838 719
838 721
838 733
838 774
838 785
838 846
838 849
838 861
838 902
838 910
838 911
838 913
838 925
838 966
838 975
838 977
838 989
838 994
838 1024
838 1030
838 1031
838 1034
838 1035
838 1039
838 1041
838 1053
838 1094
838 1095
838 1105
838 1117
838 1169
838 1216
838 1221
838 1222
838 1230
838 1231
838 1233
838 1245
838 1246
839 6
839 9
839 69
839 74
839 78
839 79
839 91
839 135
839 138
839 143
839 145
839 178
839 199
839 207
839 242
839 246
839 256
839 260
839 267
839 271
839 275
839 285
839 286
839 329
839 334
839 384
839 385
839 393
839 394
839 395
839 398
839 403
839 406
839 411
839 416
839 420
839 422
839 434
839 448
839 455
839 458
839 462
839 467
839 477
839 518
839 519
839 527
839 582
839 585
839 587
839 590
839 591
839 606
839 640
839 645
839 647
839 650
839 667
839 678
839 709
839 710
839 711
839 714
839 715
839 718
839 736
839 775
839 783
839 785
839 797
839 842
839 847
839 868
839 902
839 903
839 905
839 926
839 960
839 966
839 967
839 969
839 971
839 974
839 975
839 989
839 994
839 998
839 1024
839 1030
839 1031
839 1034
839 1035
839 1038
839 1054
839 1058
839 1094
839 1120
839 1158
839 1220
839 1221
839 1222
839 1237
839 1244
839 1245
839 1246
839 1252
839 1253
839 1257
839 1269
840 3
840 648
840 712
840 776
840 791
840 904
840 968
840 1032
841 649
841 713
841 777
841 905
841 969
841 1033
842 9
842 38
842 79
842 91
842 135
842 145
842 178
842 230
842 246
842 256
842 260
842 269
842 286
842 329
842 335
842 384
842 385
842 395
842 398
842 403
842 406
842 411
842 412
842 418
842 420
842 448
842 455
842 458
842 462
842 467
842 512
842 585
842 587
842 606
842 650
842 651
842 667
842 669
842 676
842 678
842 714
842 715
842 718
842 736
842 754
842 775
842 777
842 778
842 783
842 839
842 847
842 868
842 905
842 906
842 926
842 960
842 969
842 970
842 971
842 1034
842 1054
842 1098
842 1120
842 1161
842 1220
842 1226
842 1237
842 1244
842 1252
842 1253
842 1257
842 1269
843 321
843 651
843 715
843 779
843 907
843 971
843 1035
844 154
844 652
844 716
844 780
844 908
844 972
844 1036
844 1085
845 129
845 312
845 577
845 653
845 717
845 781
845 909
845 928
845 973
845 1037
846 6
846 69
846 70
846 74
846 78
846 134
846 138
846 142
846 143
846 198
846 199
846 206
846 207
846 242
846 261
846 262
846 266
846 267
846 270
846 271
846 273
846 275
846 285
846 290
846 326
846 334
846 337
846 349
846 384
846 385
846 390
846 393
846 394
846 399
846 401
846 403
846 416
846 422
846 434
846 454
846 463
846 465
846 467
846 477
846 518
846 519
846 527
846 541
846 576
846 582
846 590
846 591
846 593
846 605
846 606
846 640
846 645
846 646
846 650
846 654
846 655
846 657
846 678
846 704
846 709
846 710
846 714
846 718
846 719
846 721
846 733
846 736
846 775
846 782
846 785
846 797
846 838
846 849
846 861
846 902
846 910
846 911
846 913
846 925
846 966
846 971
846 974
846 975
846 977
846 989
846 994
846 998
846 1024
846 1030
846 1031
846 1034
846 1035
846 1038
846 1039
846 1053
846 1058
846 1094
846 1095
846 1105
846 1117
846 1158
846 1169
846 1216
846 1221
846 1222
846 1230
846 1231
846 1245
846 1246
847 9
847 38
847 74
847 79
847 91
847 135
847 145
847 178
847 230
847 246
847 256
847 260
847 269
847 286
847 329
847 335
847 384
847 385
847 395
847 398
847 403
847 406
847 411
847 412
847 418
847 420
847 448
847 455
847 458
847 462
847 467
847 477
847 512
847 585
847 587
847 590
847 591
847 606
847 640
847 651
847 655
847 667
847 669
847 676
847 678
847 714
847 715
847 718
847 719
847 736
847 754
847 775
847 777
847 783
847 839
847 842
847 868
847 905
847 911
847 926
847 960
847 969
847 971
847 975
847 1039
847 1054
847 1098
847 1120
847 1161
847 1220
847 1226
847 1237
847 1244
847 1252
847 1253
847 1257
847 1269
848 244
848 317
848 601
848 656
848 671
848 720
848 728
848 750
848 784
848 912
848 976
848 1040
848 1135
849 70
849 134
849 142
849 198
849 206
849 261
849 262
849 266
849 270
849 273
849 290
849 326
849 337
849 349
849 390
849 399
849 401
849 454
849 463
849 465
849 541
849 576
849 593
849 605
849 646
849 654
849 655
849 657
849 704
849 719
849 721
849 733
849 785
849 838
849 846
849 861
849 910
849 911
849 913
849 925
849 977
849 994
849 1039
849 1041
849 1053
849 1095
849 1105
849 1117
849 1169
849 1216
849 1230
849 1231
849 1233
850 0
850 658
850 722
850 786
850 914
850 978
850 1042
851 258
851 659
851 723
851 787
851 915
851 979
851 1043
852 407
852 660
852 724
852 788
852 916
852 980
852 1044
853 564
853 661
853 725
853 789
853 917
853 981
853 1045
853 1066
854 662
854 726
854 790
854 918
854 982
854 1046
855 238
855 663
855 727
855 791
855 919
855 983
855 1047
855 1119
856 664
856 728
856 792
856 920
856 984
856 1048
857 247
857 372
857 665
857 729
857 793
857 921
857 985
857 1049
858 666
858 730
858 752
858 794
858 922
858 986
858 1050
859 667
859 729
859 731
859 795
859 923
859 987
859 1051
860 668
860 732
860 796
860 924
860 988
860 1052
861 70
861 134
861 138
861 142
861 198
861 206
861 207
861 261
861 262
861 266
861 267
861 270
861 273
861 290
861 326
861 337
861 349
861 390
861 394
861 399
861 401
861 454
861 463
861 465
861 519
861 541
861 576
861 593
861 605
861 646
861 650
861 654
861 655
861 657
861 669
861 704
861 710
861 719
861 721
861 733
861 785
861 797
861 838
861 846
861 849
861 902
861 910
861 911
861 913
861 925
861 977
861 989
861 994
861 1031
861 1035
861 1039
861 1041
861 1053
861 1095
861 1105
861 1117
861 1169
861 1216
861 1222
861 1230
861 1231
861 1233
862 670
862 734
862 798
862 926
862 990
862 1054
863 162
863 204
863 439
863 584
863 671
863 735
863 799
863 927
863 991
863 1055
863 1272
864 341
864 672
864 736
864 800
864 928
864 992
864 1056
865 673
865 737
865 801
865 929
865 993
865 1057
865 1172
866 357
866 649
866 674
866 738
866 802
866 930
866 994
866 1058
867 24
867 442
867 634
867 675
867 739
867 803
867 931
867 995
867 1059
868 9
868 38
868 74
868 79
868 91
868 135
868 143
868 145
868 178
868 199
868 230
868 242
868 246
868 256
868 260
868 286
868 329
868 384
868 385
868 395
868 398
868 403
868 406
868 411
868 416
868 418
868 420
868 422
868 448
868 455
868 458
868 462
868 467
868 477
868 512
868 582
868 585
868 587
868 590
868 591
868 606
868 640
868 645
868 667
868 669
868 676
868 678
868 709
868 714
868 715
868 718
868 736
868 740
868 775
868 783
868 797
868 804
868 839
868 842
868 847
868 905
868 926
868 932
868 960
868 969
868 971
868 974
868 996
868 998
868 1038
868 1054
868 1058
868 1060
868 1120
868 1158
868 1161
868 1220
868 1226
868 1237
868 1244
868 1252
868 1253
868 1257
868 1269
869 677
869 741
869 805
869 885
869 933
869 997
869 1061
869 1267
870 678
870 742
870 806
870 934
870 998
870 1062
871 501
871 679
871 743
871 807
871 935
871 999
871 1063
872 546
872 680
872 744
872 808
872 936
872 1000
872 1064
873 681
873 745
873 809
873 882
873 937
873 1001
873 1065
874 682
874 746
874 810
874 938
874 1002
874 1066
874 1241
875 683
875 747
875 811
875 939
875 1003
875 1067
876 189
876 441
876 684
876 748
876 812
876 940
876 1004
876 1068
876 1195
877 30
877 685
877 749
877 813
877 941
877 959
877 1005
877 1069
878 369
878 686
878 750
878 814
878 881
878 942
878 1006
878 1070
879 94
879 504
879 687
879 751
879 815
879 943
879 1007
879 1071
880 235
880 688
880 752
880 816
880 944
880 1008
880 1072
881 369
881 689
881 753
881 817
881 878
881 945
881 1009
881 1073
882 690
882 754
882 818
882 873
882 946
882 1010
882 1074
883 259
883 691
883 755
883 819
883 947
883 968
883 1011
883 1075
884 219
884 692
884 756
884 820
884 920
884 948
884 978
884 1012
884 1076
885 693
885 757
885 821
885 869
885 949
885 1013
885 1077
885 1267
886 425
886 694
886 758
886 822
886 950
886 1014
886 1078
887 695
887 759
887 823
887 951
887 992
887 1015
887 1079
888 121
888 255
888 618
888 696
888 760
888 824
888 952
888 1016
888 1080
889 697
889 761
889 825
889 953
889 1017
889 1081
890 698
890 762
890 826
890 954
890 1018
890 1082
891 698
891 699
891 763
891 827
891 955
891 1019
891 1083
892 535
892 700
892 764
892 828
892 956
892 1020
892 1084
892 1198
893 701
893 724
893 765
893 829
893 957
893 1021
893 1085
894 702
894 766
894 830
894 958
894 1022
894 1086
895 703
895 767
895 831
895 959
895 1023
895 1087
896 704
896 768
896 832
896 960
896 1024
896 1088
897 333
897 705
897 769
897 833
897 921
897 961
897 1025
897 1089
898 706
898 770
898 834
898 962
898 1026
898 1090
899 355
899 450
899 707
899 771
899 835
899 963
899 1027
899 1091
900 708
900 772
900 836
900 964
900 1028
900 1092
901 391
901 709
901 773
901 837
901 965
901 1029
901 1093
902 6
902 69
902 70
902 74
902 78
902 79
902 134
902 135
902 138
902 142
902 143
902 198
902 199
902 206
902 207
902 242
902 246
902 261
902 262
902 266
902 267
902 270
902 271
902 273
902 275
902 285
902 290
902 326
902 334
902 337
902 349
902 384
902 385
902 390
902 393
902 394
902 395
902 399
902 401
902 403
902 406
902 416
902 422
902 434
902 454
902 462
902 463
902 465
902 467
902 477
902 518
902 519
902 527
902 541
902 576
902 582
902 585
902 590
902 591
902 593
902 605
902 606
902 640
902 645
902 646
902 650
902 654
902 655
902 657
902 678
902 704
902 709
902 710
902 714
902 715
902 719
902 733
902 736
902 774
902 775
902 783
902 785
902 797
902 838
902 839
902 846
902 861
902 910
902 911
902 913
902 925
902 966
902 971
902 974
902 975
902 977
902 989
902 994
902 998
902 1024
902 1030
902 1031
902 1034
902 1035
902 1038
902 1039
902 1053
902 1058
902 1094
902 1095
902 1105
902 1117
902 1158
902 1169
902 1216
902 1221
902 1222
902 1230
902 1231
902 1245
902 1246
903 5
903 71
903 133
903 197
903 263
903 327
903 389
903 457
903 521
903 583
903 647
903 711
903 713
903 774
903 775
903 837
903 839
903 965
903 967
903 1029
903 1031
903 1093
903 1095
903 1159
903 1223
904 712
904 776
904 840
904 968
904 1032
904 1096
904 1100
905 9
905 74
905 78
905 79
905 91
905 135
905 143
905 145
905 178
905 199
905 230
905 242
905 246
905 256
905 260
905 286
905 329
905 384
905 385
905 395
905 398
905 403
905 406
905 411
905 416
905 418
905 420
905 422
905 448
905 455
905 458
905 462
905 467
905 477
905 527
905 582
905 585
905 587
905 590
905 591
905 606
905 640
905 645
905 667
905 669
905 678
905 709
905 713
905 714
905 715
905 718
905 736
905 775
905 777
905 783
905 797
905 839
905 841
905 842
905 847
905 868
905 926
905 960
905 969
905 971
905 974
905 998
905 1033
905 1034
905 1038
905 1054
905 1058
905 1097
905 1120
905 1158
905 1161
905 1220
905 1221
905 1226
905 1237
905 1244
905 1246
905 1252
905 1253
905 1257
905 1269
906 714
906 723
906 778
906 842
906 970
906 1034
906 1098
907 715
907 779
907 843
907 971
907 1035
907 1099
908 716
908 780
908 822
908 844
908 972
908 1036
908 1100
909 717
909 781
909 845
909 973
909 1037
909 1101
910 69
910 70
910 74
910 78
910 134
910 138
910 142
910 143
910 198
910 199
910 206
910 207
910 242
910 261
910 262
910 266
910 267
910 270
910 271
910 273
910 275
910 285
910 290
910 326
910 334
910 337
910 349
910 390
910 393
910 394
910 399
910 401
910 416
910 422
910 434
910 454
910 463
910 465
910 477
910 518
910 519
910 527
910 541
910 576
910 582
910 590
910 591
910 593
910 605
910 640
910 645
910 646
910 650
910 654
910 655
910 657
910 704
910 709
910 710
910 714
910 718
910 719
910 721
910 733
910 782
910 785
910 797
910 838
910 846
910 849
910 861
910 902
910 911
910 913
910 925
910 966
910 974
910 975
910 977
910 989
910 994
910 998
910 1024
910 1030
910 1031
910 1034
910 1035
910 1038
910 1039
910 1041
910 1053
910 1058
910 1094
910 1095
910 1102
910 1105
910 1117
910 1158
910 1169
910 1216
910 1221
910 1222
910 1230
910 1231
910 1233
910 1245
910 1246
911 69
911 70
911 78
911 134
911 138
911 142
911 198
911 206
911 207
911 261
911 262
911 266
911 267
911 270
911 271
911 273
911 275
911 285
911 290
911 326
911 334
911 337
911 349
911 390
911 393
911 394
911 399
911 401
911 434
911 454
911 463
911 465
911 518
911 519
911 527
911 541
911 576
911 593
911 605
911 645
911 646
911 650
911 654
911 655
911 657
911 704
911 710
911 719
911 721
911 733
911 783
911 785
911 838
911 846
911 847
911 849
911 861
911 902
911 910
911 913
911 925
911 966
911 975
911 977
911 989
911 994
911 1024
911 1030
911 1031
911 1034
911 1035
911 1039
911 1041
911 1053
911 1094
911 1095
911 1103
911 1105
911 1117
911 1169
911 1216
911 1221
911 1222
911 1230
911 1231
911 1233
911 1245
911 1246
912 367
912 720
912 784
912 848
912 951
912 976
912 1040
912 1104
913 69
913 70
913 134
913 138
913 142
913 198
913 206
913 207
913 261
913 262
913 266
913 267
913 270
913 271
913 273
913 290
913 326
913 334
913 337
913 349
913 390
913 394
913 399
913 401
913 434
913 454
913 463
913 465
913 518
913 519
913 541
913 576
913 593
913 605
913 646
913 650
913 654
913 655
913 657
913 704
913 710
913 719
913 721
913 733
913 785
913 838
913 846
913 849
913 861
913 902
913 910
913 911
913 925
913 966
913 975
913 977
913 989
913 994
913 1024
913 1031
913 1035
913 1039
913 1041
913 1053
913 1094
913 1095
913 1105
913 1117
913 1169
913 1216
913 1222
913 1230
913 1231
913 1233
913 1245
914 722
914 786
914 850
914 978
914 1042
914 1106
915 723
915 787
915 851
915 979
915 1043
915 1107
916 567
916 724
916 788
916 852
916 980
916 1044
916 1108
916 1277
917 725
917 789
917 853
917 981
917 1045
917 1109
917 1163
918 461
918 642
918 659
918 726
918 790
918 854
918 982
918 1046
918 1110
919 499
919 727
919 791
919 855
919 983
919 1047
919 1079
919 1111
920 219
920 728
920 792
920 856
920 884
920 978
920 984
920 1048
920 1112
921 333
921 729
921 793
921 857
921 897
921 985
921 1049
921 1113
922 404
922 430
922 730
922 794
922 858
922 986
922 1050
922 1114
923 284
923 731
923 795
923 859
923 987
923 1051
923 1115
923 1249
924 732
924 796
924 860
924 988
924 1052
924 1116
925 69
925 70
925 78
925 134
925 138
925 142
925 143
925 198
925 199
925 206
925 207
925 242
925 261
925 262
925 266
925 267
925 270
925 271
925 273
925 275
925 285
925 290
925 326
925 334
925 337
925 349
925 390
925 393
925 394
925 399
925 401
925 416
925 422
925 434
925 454
925 463
925 465
925 518
925 519
925 527
925 541
925 576
925 582
925 593
925 605
925 645
925 646
925 650
925 654
925 655
925 657
925 704
925 709
925 710
925 719
925 721
925 733
925 785
925 797
925 838
925 846
925 849
925 861
925 902
925 910
925 911
925 913
925 966
925 974
925 975
925 977
925 989
925 994
925 998
925 1024
925 1030
925 1031
925 1034
925 1035
925 1038
925 1039
925 1041
925 1053
925 1058
925 1094
925 1095
925 1105
925 1117
925 1158
925 1169
925 1216
925 1221
925 1222
925 1230
925 1231
925 1233
925 1245
925 1246
926 74
926 79
926 91
926 135
926 143
926 145
926 178
926 199
926 230
926 242
926 246
926 256
926 260
926 286
926 329
926 384
926 385
926 395
926 398
926 403
926 406
926 411
926 416
926 418
926 420
926 422
926 448
926 455
926 458
926 462
926 467
926 477
926 512
926 582
926 585
926 587
926 590
926 591
926 606
926 640
926 645
926 667
926 669
926 678
926 709
926 714
926 715
926 718
926 734
926 736
926 775
926 783
926 797
926 798
926 839
926 842
926 847
926 862
926 868
926 905
926 960
926 969
926 971
926 974
926 990
926 998
926 1038
926 1054
926 1058
926 1118
926 1120
926 1158
926 1161
926 1220
926 1226
926 1237
926 1244
926 1252
926 1253
926 1257
926 1269
927 712
927 735
927 741
927 799
927 863
927 991
927 1055
927 1115
927 1119
927 1192
928 129
928 312
928 577
928 736
928 800
928 845
928 864
928 992
928 1056
928 1120
929 539
929 737
929 801
929 865
929 993
929 1001
929 1057
929 1121
930 738
930 802
930 866
930 994
930 1058
930 1092
930 1122
931 177
931 739
931 803
931 867
931 995
931 1059
931 1123
932 475
932 740
932 804
932 868
932 996
932 1060
932 1124
933 4
933 165
933 741
933 805
933 869
933 997
933 1061
933 1110
933 1125
934 77
934 742
934 806
934 870
934 998
934 1062
934 1126
935 682
935 743
935 788
935 807
935 871
935 999
935 1063
935 1127
936 575
936 744
936 808
936 872
936 1000
936 1064
936 1128
937 26
937 379
937 745
937 809
937 873
937 948
937 985
937 1001
937 1065
937 1129
938 148
938 181
938 746
938 810
938 874
938 1002
938 1066
938 1130
939 55
939 596
939 747
939 811
939 875
939 1003
939 1067
939 1131
939 1132
940 702
940 720
940 731
940 748
940 812
940 876
940 1004
940 1068
940 1132
941 45
941 83
941 608
941 749
941 813
941 877
941 1005
941 1069
941 1133
942 621
942 750
942 814
942 878
942 1006
942 1070
942 1134
943 51
943 751
943 815
943 879
943 1007
943 1071
943 1135
944 57
944 490
944 552
944 752
944 816
944 880
944 1008
944 1072
944 1136
944 1212
945 753
945 817
945 881
945 986
945 1009
945 1073
945 1137
946 754
946 818
946 882
946 1010
946 1074
946 1138
947 492
947 755
947 819
947 883
947 1011
947 1075
947 1139
948 26
948 379
948 756
948 820
948 884
948 937
948 985
948 1012
948 1076
948 1140
949 757
949 821
949 885
949 1013
949 1077
949 1141
950 565
950 758
950 822
950 886
950 1014
950 1078
950 1142
951 367
951 759
951 823
951 887
951 912
951 1015
951 1079
951 1143
952 760
952 824
952 888
952 1016
952 1080
952 1144
953 761
953 825
953 889
953 1008
953 1017
953 1081
953 1145
954 84
954 762
954 826
954 890
954 1018
954 1082
954 1146
955 755
955 763
955 827
955 891
955 1019
955 1083
955 1147
956 61
956 431
956 764
956 828
956 892
956 1020
956 1084
956 1148
957 474
957 765
957 829
957 893
957 1021
957 1085
957 1149
958 766
958 830
958 894
958 1022
958 1086
958 1150
959 30
959 767
959 831
959 877
959 895
959 1023
959 1087
959 1151
960 9
960 79
960 91
960 135
960 143
960 145
960 178
960 199
960 230
960 242
960 246
960 256
960 260
960 275
960 285
960 286
960 329
960 384
960 385
960 393
960 395
960 398
960 403
960 406
960 411
960 416
960 418
960 420
960 422
960 448
960 455
960 458
960 462
960 467
960 477
960 527
960 582
960 585
960 587
960 590
960 591
960 606
960 640
960 645
960 667
960 669
960 678
960 709
960 714
960 715
960 718
960 736
960 768
960 775
960 783
960 797
960 832
960 839
960 842
960 847
960 868
960 896
960 905
960 926
960 969
960 971
960 974
960 998
960 1024
960 1030
960 1034
960 1038
960 1054
960 1058
960 1088
960 1120
960 1152
960 1158
960 1161
960 1220
960 1221
960 1237
960 1244
960 1246
960 1252
960 1253
960 1257
960 1269
961 228
961 338
961 769
961 833
961 897
961 1025
961 1089
961 1153
962 7
962 770
962 834
962 898
962 1026
962 1090
962 1154
963 503
963 771
963 835
963 899
963 1027
963 1091
963 1155
963 1191
964 157
964 629
964 706
964 772
964 836
964 900
964 1028
964 1092
964 1156
965 5
965 71
965 133
965 197
965 263
965 327
965 389
965 457
965 521
965 583
965 647
965 713
965 773
965 774
965 837
965 901
965 903
965 1029
965 1093
965 1157
965 1159
965 1223
966 6
966 69
966 78
966 134
966 135
966 138
966 142
966 143
966 178
966 198
966 199
966 206
966 207
966 242
966 246
966 261
966 262
966 266
966 267
966 270
966 271
966 273
966 275
966 285
966 290
966 326
966 334
966 337
966 349
966 384
966 385
966 390
966 393
966 394
966 395
966 399
966 401
966 403
966 406
966 416
966 422
966 434
966 462
966 463
966 465
966 467
966 477
966 518
966 519
966 527
966 541
966 576
966 582
966 585
966 590
966 591
966 593
966 605
966 606
966 640
966 645
966 646
966 650
966 654
966 655
966 657
966 667
966 678
966 704
966 709
966 710
966 714
966 715
966 719
966 733
966 736
966 774
966 775
966 783
966 785
966 797
966 838
966 839
966 846
966 902
966 910
966 911
966 913
966 925
966 971
966 974
966 975
966 977
966 989
966 994
966 998
966 1024
966 1030
966 1031
966 1034
966 1035
966 1038
966 1039
966 1053
966 1058
966 1094
966 1095
966 1117
966 1158
966 1169
966 1216
966 1221
966 1222
966 1230
966 1231
966 1245
966 1246
967 64
967 708
967 775
967 839
967 903
967 1031
967 1095
967 1159
968 259
968 776
968 840
968 883
968 904
968 1032
968 1096
968 1160
969 91
969 135
969 143
969 145
969 178
969 199
969 230
969 242
969 246
969 256
969 260
969 286
969 329
969 384
969 385
969 395
969 398
969 403
969 406
969 411
969 416
969 418
969 420
969 422
969 448
969 455
969 458
969 462
969 467
969 477
969 512
969 582
969 585
969 587
969 590
969 591
969 606
969 640
969 667
969 669
969 678
969 709
969 714
969 715
969 718
969 736
969 775
969 777
969 783
969 797
969 839
969 841
969 842
969 847
969 868
969 905
969 926
969 960
969 971
969 974
969 998
969 1033
969 1038
969 1054
969 1058
969 1097
969 1120
969 1158
969 1161
969 1220
969 1226
969 1237
969 1244
969 1252
969 1253
969 1257
969 1269
970 139
970 306
970 485
970 580
970 778
970 842
970 906
970 1034
970 1098
970 1162
970 1229
971 9
971 74
971 79
971 135
971 138
971 143
971 145
971 178
971 198
971 199
971 207
971 242
971 246
971 256
971 260
971 261
971 266
971 267
971 271
971 275
971 285
971 286
971 290
971 329
971 334
971 384
971 385
971 393
971 394
971 395
971 398
971 403
971 406
971 411
971 416
971 420
971 422
971 434
971 448
971 455
971 458
971 462
971 467
971 477
971 518
971 519
971 527
971 541
971 576
971 582
971 585
971 590
971 591
971 605
971 606
971 640
971 645
971 650
971 667
971 678
971 704
971 709
971 710
971 714
971 715
971 718
971 719
971 736
971 775
971 779
971 783
971 785
971 797
971 839
971 842
971 843
971 846
971 847
971 868
971 902
971 905
971 907
971 926
971 960
971 966
971 969
971 974
971 975
971 989
971 994
971 998
971 1024
971 1030
971 1031
971 1034
971 1035
971 1038
971 1054
971 1058
971 1094
971 1099
971 1120
971 1158
971 1163
971 1216
971 1220
971 1221
971 1222
971 1237
971 1244
971 1245
971 1246
971 1252
971 1253
971 1257
971 1269
972 780
972 844
972 908
972 1036
972 1100
972 1164
973 648
973 781
973 845
973 909
973 1037
973 1052
973 1101
973 1165
974 6
974 69
974 74
974 78
974 134
974 135
974 138
974 142
974 143
974 145
974 178
974 198
974 199
974 207
974 242
974 246
974 256
974 261
974 266
974 267
974 271
974 273
974 275
974 285
974 290
974 329
974 334
974 349
974 384
974 385
974 390
974 393
974 394
974 395
974 398
974 399
974 401
974 403
974 406
974 411
974 416
974 420
974 422
974 434
974 448
974 455
974 458
974 462
974 467
974 477
974 518
974 519
974 527
974 541
974 576
974 582
974 585
974 590
974 591
974 593
974 605
974 606
974 640
974 645
974 646
974 650
974 654
974 655
974 657
974 667
974 678
974 704
974 709
974 710
974 714
974 715
974 718
974 719
974 733
974 736
974 775
974 782
974 783
974 785
974 797
974 839
974 846
974 868
974 902
974 905
974 910
974 925
974 926
974 960
974 966
974 969
974 971
974 975
974 977
974 989
974 994
974 998
974 1024
974 1030
974 1031
974 1034
974 1035
974 1038
974 1039
974 1053
974 1058
974 1094
974 1095
974 1102
974 1158
974 1166
974 1169
974 1216
974 1221
974 1222
974 1230
974 1231
974 1244
974 1245
974 1246
974 1253
974 1269
975 6
975 69
975 78
975 134
975 135
975 138
975 142
975 143
975 145
975 178
975 198
975 199
975 206
975 207
975 242
975 246
975 261
975 266
975 267
975 270
975 271
975 273
975 275
975 285
975 290
975 326
975 334
975 337
975 349
975 384
975 385
975 390
975 393
975 394
975 395
975 398
975 399
975 401
975 403
975 406
975 416
975 422
975 434
975 455
975 462
975 463
975 465
975 467
975 477
975 518
975 519
975 527
975 541
975 576
975 582
975 585
975 590
975 591
975 593
975 605
975 606
975 640
975 645
975 646
975 650
975 654
975 655
975 657
975 667
975 678
975 704
975 709
975 710
975 714
975 715
975 719
975 733
975 736
975 775
975 783
975 785
975 797
975 838
975 839
975 846
975 847
975 902
975 910
975 911
975 913
975 925
975 966
975 971
975 974
975 977
975 989
975 994
975 998
975 1024
975 1030
975 1031
975 1034
975 1035
975 1038
975 1039
975 1053
975 1058
975 1094
975 1095
975 1103
975 1158
975 1167
975 1169
975 1216
975 1221
975 1222
975 1230
975 1231
975 1245
975 1246
975 1269
976 144
976 784
976 848
976 912
976 1040
976 1104
976 1168
977 134
977 138
977 142
977 143
977 198
977 199
977 206
977 207
977 242
977 261
977 262
977 266
977 267
977 270
977 271
977 273
977 275
977 285
977 290
977 326
977 334
977 337
977 349
977 390
977 393
977 394
977 399
977 401
977 403
977 416
977 422
977 434
977 454
977 463
977 465
977 477
977 518
977 519
977 527
977 541
977 576
977 582
977 590
977 591
977 593
977 605
977 640
977 645
977 646
977 650
977 654
977 655
977 657
977 704
977 709
977 710
977 714
977 719
977 721
977 733
977 775
977 785
977 797
977 838
977 846
977 849
977 861
977 902
977 910
977 911
977 913
977 925
977 966
977 974
977 975
977 989
977 994
977 998
977 1024
977 1030
977 1031
977 1034
977 1035
977 1038
977 1039
977 1041
977 1053
977 1058
977 1094
977 1095
977 1105
977 1117
977 1158
977 1169
977 1216
977 1221
977 1222
977 1230
977 1231
977 1233
977 1245
977 1246
978 219
978 786
978 850
978 884
978 914
978 920
978 1042
978 1106
978 1170
979 787
979 851
979 915
979 1043
979 1107
979 1171
980 104
980 592
980 788
980 852
980 916
980 1044
980 1108
980 1172
981 789
981 853
981 917
981 1045
981 1109
981 1173
982 531
982 722
982 757
982 790
982 854
982 918
982 1046
982 1088
982 1110
982 1174
983 791
983 855
983 919
983 1047
983 1111
983 1175
984 218
984 291
984 792
984 856
984 920
984 1016
984 1048
984 1112
984 1176
984 1271
985 26
985 379
985 793
985 857
985 921
985 937
985 948
985 1049
985 1113
985 1177
986 794
986 858
986 922
986 945
986 1050
986 1114
986 1178
987 373
987 795
987 859
987 923
987 1051
987 1115
987 1179
988 332
988 456
988 796
988 860
988 924
988 1052
988 1116
988 1180
988 1247
989 6
989 69
989 78
989 134
989 135
989 138
989 142
989 143
989 178
989 198
989 199
989 206
989 207
989 242
989 246
989 261
989 262
989 266
989 267
989 270
989 271
989 273
989 275
989 285
989 290
989 326
989 334
989 337
989 349
989 384
989 385
989 390
989 393
989 394
989 395
989 398
989 399
989 401
989 403
989 406
989 416
989 422
989 434
989 462
989 463
989 465
989 467
989 477
989 518
989 519
989 527
989 541
989 576
989 582
989 585
989 590
989 591
989 593
989 605
989 606
989 640
989 645
989 646
989 650
989 654
989 655
989 657
989 667
989 678
989 704
989 709
989 710
989 714
989 715
989 719
989 733
989 736
989 775
989 783
989 785
989 797
989 838
989 839
989 846
989 861
989 902
989 910
989 911
989 913
989 925
989 966
989 971
989 974
989 975
989 977
989 994
989 998
989 1024
989 1030
989 1031
989 1034
989 1035
989 1038
989 1039
989 1053
989 1058
989 1094
989 1095
989 1117
989 1158
989 1169
989 1181
989 1216
989 1221
989 1222
989 1230
989 1231
989 1245
989 1246
990 711
990 798
990 862
990 926
990 1054
990 1118
990 1182
991 85
991 628
991 799
991 863
991 927
991 1055
991 1075
991 1119
991 1183
992 800
992 864
992 887
992 928
992 1056
992 1120
992 1184
993 801
993 865
993 929
993 1057
993 1121
993 1185
994 6
994 69
994 78
994 134
994 135
994 138
994 142
994 143
994 198
994 199
994 206
994 207
994 242
994 261
994 262
994 266
994 267
994 270
994 271
994 273
994 275
994 285
994 290
994 326
994 334
994 337
994 349
994 384
994 385
994 390
994 393
994 394
994 399
994 401
994 403
994 406
994 416
994 422
994 434
994 454
994 462
994 463
994 465
994 467
994 477
994 518
994 519
994 527
994 541
994 576
994 582
994 585
994 590
994 591
994 593
994 605
994 606
994 640
994 645
994 646
994 650
994 654
994 655
994 657
994 678
994 704
994 709
994 710
994 714
994 715
994 719
994 721
994 733
994 736
994 775
994 783
994 785
994 797
994 802
994 838
994 839
994 846
994 849
994 861
994 866
994 902
994 910
994 911
994 913
994 925
994 930
994 966
994 971
994 974
994 975
994 977
994 989
994 998
994 1024
994 1030
994 1031
994 1034
994 1035
994 1038
994 1039
994 1053
994 1058
994 1094
994 1095
994 1105
994 1117
994 1122
994 1158
994 1169
994 1186
994 1216
994 1221
994 1222
994 1230
994 1231
994 1245
994 1246
995 803
995 867
995 931
995 1049
995 1059
995 1123
995 1187
996 75
996 293
996 388
996 672
996 804
996 832
996 868
996 932
996 1060
996 1124
996 1188
997 196
997 229
997 392
997 805
997 869
997 933
997 1032
997 1061
997 1125
997 1189
998 69
998 74
998 78
998 79
998 134
998 135
998 138
998 143
998 145
998 178
998 198
998 199
998 207
998 242
998 246
998 256
998 260
998 261
998 266
998 267
998 271
998 273
998 275
998 285
998 290
998 329
998 334
998 349
998 384
998 385
998 390
998 393
998 394
998 395
998 398
998 399
998 401
998 403
998 406
998 411
998 416
998 420
998 422
998 434
998 448
998 455
998 458
998 462
998 467
998 477
998 518
998 519
998 527
998 541
998 576
998 582
998 585
998 590
998 591
998 593
998 605
998 606
998 640
998 645
998 650
998 654
998 655
998 657
998 667
998 678
998 704
998 709
998 710
998 714
998 715
998 718
998 719
998 733
998 736
998 775
998 783
998 785
998 797
998 806
998 839
998 846
998 868
998 870
998 902
998 905
998 910
998 925
998 926
998 934
998 960
998 966
998 969
998 971
998 974
998 975
998 977
998 989
998 994
998 1024
998 1030
998 1031
998 1034
998 1035
998 1038
998 1053
998 1058
998 1062
998 1094
998 1126
998 1158
998 1169
998 1190
998 1216
998 1220
998 1221
998 1222
998 1230
998 1231
998 1237
998 1244
998 1245
998 1246
998 1253
998 1269
999 566
999 598
999 807
999 871
999 935
999 1063
999 1127
999 1191
1000 446
1000 808
1000 872
1000 936
1000 1064
1000 1128
1000 1192
1001 539
1001 809
1001 873
1001 929
1001 937
1001 1065
1001 1129
1001 1193
1002 810
1002 874
1002 938
1002 1066
1002 1130
1002 1194
1002 1268
1003 811
1003 875
1003 939
1003 1067
1003 1131
1003 1195
1004 812
1004 816
1004 829
1004 876
1004 940
1004 1068
1004 1087
1004 1132
1004 1140
1004 1196
1005 44
1005 179
1005 781
1005 813
1005 877
1005 941
1005 1069
1005 1133
1005 1197
1006 814
1006 878
1006 942
1006 1070
1006 1134
1006 1198
1007 507
1007 815
1007 879
1007 943
1007 1071
1007 1135
1007 1199
1008 816
1008 880
1008 944
1008 953
1008 1072
1008 1136
1008 1200
1009 126
1009 817
1009 881
1009 945
1009 1073
1009 1137
1009 1183
1009 1201
1010 818
1010 882
1010 946
1010 1074
1010 1138
1010 1202
1011 819
1011 827
1011 883
1011 947
1011 1075
1011 1139
1011 1203
1012 820
1012 884
1012 948
1012 1076
1012 1140
1012 1204
1013 821
1013 885
1013 949
1013 1077
1013 1141
1013 1205
1014 324
1014 381
1014 725
1014 822
1014 886
1014 950
1014 1078
1014 1142
1014 1206
1015 617
1015 823
1015 887
1015 951
1015 1079
1015 1143
1015 1207
1016 218
1016 291
1016 824
1016 888
1016 952
1016 984
1016 1080
1016 1144
1016 1208
1016 1271
1017 825
1017 889
1017 953
1017 1081
1017 1145
1017 1209
1018 794
1018 826
1018 890
1018 954
1018 1023
1018 1082
1018 1146
1018 1210
1019 180
1019 253
1019 827
1019 891
1019 955
1019 1083
1019 1147
1019 1211
1020 447
1020 744
1020 824
1020 828
1020 892
1020 956
1020 1084
1020 1148
1020 1212
1021 12
1021 829
1021 893
1021 957
1021 1085
1021 1149
1021 1213
1022 252
1022 378
1022 611
1022 830
1022 894
1022 958
1022 1086
1022 1150
1022 1214
1023 794
1023 831
1023 895
1023 959
1023 1018
1023 1087
1023 1151
1023 1215
1024 6
1024 69
1024 78
1024 138
1024 198
1024 199
1024 206
1024 207
1024 242
1024 246
1024 261
1024 266
1024 267
1024 270
1024 271
1024 273
1024 275
1024 285
1024 290
1024 326
1024 334
1024 337
1024 349
1024 384
1024 385
1024 390
1024 393
1024 394
1024 395
1024 398
1024 399
1024 401
1024 403
1024 406
1024 416
1024 422
1024 434
1024 455
1024 462
1024 463
1024 465
1024 467
1024 477
1024 518
1024 519
1024 527
1024 541
1024 576
1024 582
1024 585
1024 590
1024 591
1024 593
1024 605
1024 606
1024 640
1024 645
1024 646
1024 650
1024 654
1024 655
1024 657
1024 667
1024 678
1024 704
1024 709
1024 710
1024 714
1024 715
1024 719
1024 733
1024 736
1024 775
1024 783
1024 785
1024 797
1024 832
1024 838
1024 839
1024 846
1024 896
1024 902
1024 910
1024 911
1024 913
1024 925
1024 960
1024 966
1024 971
1024 974
1024 975
1024 977
1024 989
1024 994
1024 998
1024 1030
1024 1031
1024 1034
1024 1035
1024 1038
1024 1039
1024 1053
1024 1058
1024 1088
1024 1094
1024 1095
1024 1152
1024 1158
1024 1169
1024 1216
1024 1221
1024 1222
1024 1230
1024 1231
1024 1245
1024 1246
1024 1269
1025 833
1025 897
1025 961
1025 1089
1025 1153
1025 1217
1026 834
1026 898
1026 962
1026 1090
1026 1154
1026 1218
1027 19
1027 835
1027 899
1027 963
1027 1091
1027 1155
1027 1219
1028 836
1028 900
1028 964
1028 1092
1028 1156
1028 1220
1028 1235
1029 5
1029 71
1029 133
1029 197
1029 263
1029 327
1029 389
1029 457
1029 521
1029 583
1029 647
1029 713
1029 774
1029 837
1029 901
1029 903
1029 965
1029 1093
1029 1157
1029 1159
1029 1221
1029 1223
1030 6
1030 69
1030 78
1030 138
1030 143
1030 198
1030 199
1030 206
1030 207
1030 242
1030 246
1030 261
1030 266
1030 267
1030 270
1030 271
1030 273
1030 275
1030 285
1030 290
1030 326
1030 334
1030 337
1030 349
1030 384
1030 385
1030 390
1030 393
1030 394
1030 395
1030 398
1030 399
1030 401
1030 403
1030 406
1030 416
1030 420
1030 422
1030 434
1030 455
1030 462
1030 463
1030 465
1030 467
1030 477
1030 518
1030 519
1030 527
1030 541
1030 576
1030 582
1030 585
1030 590
1030 591
1030 593
1030 605
1030 606
1030 640
1030 645
1030 646
1030 650
1030 654
1030 655
1030 657
1030 667
1030 678
1030 704
1030 709
1030 710
1030 714
1030 715
1030 719
1030 733
1030 736
1030 775
1030 783
1030 785
1030 797
1030 838
1030 839
1030 846
1030 902
1030 910
1030 911
1030 925
1030 960
1030 966
1030 971
1030 974
1030 975
1030 977
1030 989
1030 994
1030 998
1030 1024
1030 1031
1030 1034
1030 1035
1030 1038
1030 1039
1030 1053
1030 1058
1030 1094
1030 1095
1030 1158
1030 1169
1030 1216
1030 1221
1030 1222
1030 1230
1030 1231
1030 1244
1030 1245
1030 1246
1030 1253
1030 1269
1031 6
1031 69
1031 78
1031 138
1031 198
1031 199
1031 206
1031 207
1031 242
1031 261
1031 262
1031 266
1031 267
1031 270
1031 271
1031 273
1031 275
1031 285
1031 290
1031 326
1031 334
1031 337
1031 349
1031 384
1031 385
1031 390
1031 393
1031 394
1031 395
1031 399
1031 401
1031 403
1031 406
1031 416
1031 422
1031 434
1031 454
1031 462
1031 463
1031 465
1031 467
1031 477
1031 518
1031 519
1031 527
1031 541
1031 576
1031 582
1031 585
1031 590
1031 591
1031 593
1031 605
1031 606
1031 640
1031 645
1031 646
1031 650
1031 654
1031 655
1031 657
1031 678
1031 704
1031 709
1031 710
1031 714
1031 715
1031 719
1031 721
1031 733
1031 736
1031 775
1031 783
1031 785
1031 797
1031 838
1031 839
1031 846
1031 861
1031 902
1031 903
1031 910
1031 911
1031 913
1031 925
1031 966
1031 967
1031 971
1031 974
1031 975
1031 977
1031 989
1031 994
1031 998
1031 1024
1031 1030
1031 1034
1031 1035
1031 1038
1031 1039
1031 1053
1031 1058
1031 1094
1031 1095
1031 1105
1031 1117
1031 1158
1031 1159
1031 1169
1031 1216
1031 1221
1031 1222
1031 1223
1031 1230
1031 1231
1031 1245
1031 1246
1032 196
1032 229
1032 392
1032 840
1032 904
1032 968
1032 997
1032 1096
1032 1160
1032 1224
1033 841
1033 905
1033 969
1033 1097
1033 1161
1033 1225
1034 6
1034 69
1034 74
1034 78
1034 138
1034 143
1034 198
1034 199
1034 207
1034 242
1034 246
1034 256
1034 261
1034 266
1034 267
1034 270
1034 271
1034 273
1034 275
1034 285
1034 290
1034 326
1034 334
1034 337
1034 349
1034 384
1034 385
1034 390
1034 393
1034 394
1034 395
1034 398
1034 399
1034 401
1034 403
1034 406
1034 416
1034 420
1034 422
1034 434
1034 448
1034 455
1034 458
1034 462
1034 463
1034 467
1034 477
1034 518
1034 519
1034 527
1034 541
1034 576
1034 582
1034 585
1034 590
1034 591
1034 593
1034 605
1034 606
1034 640
1034 645
1034 646
1034 650
1034 654
1034 655
1034 657
1034 667
1034 678
1034 704
1034 709
1034 710
1034 714
1034 715
1034 718
1034 719
1034 733
1034 736
1034 775
1034 783
1034 785
1034 797
1034 838
1034 839
1034 842
1034 846
1034 902
1034 905
1034 906
1034 910
1034 911
1034 925
1034 960
1034 966
1034 970
1034 971
1034 974
1034 975
1034 977
1034 989
1034 994
1034 998
1034 1024
1034 1030
1034 1031
1034 1035
1034 1038
1034 1039
1034 1053
1034 1058
1034 1094
1034 1095
1034 1098
1034 1158
1034 1162
1034 1169
1034 1216
1034 1221
1034 1222
1034 1226
1034 1230
1034 1231
1034 1244
1034 1245
1034 1246
1034 1253
1034 1269
1035 6
1035 69
1035 78
1035 138
1035 198
1035 199
1035 206
1035 207
1035 242
1035 246
1035 261
1035 262
1035 266
1035 267
1035 270
1035 271
1035 273
1035 275
1035 285
1035 290
1035 326
1035 334
1035 337
1035 349
1035 384
1035 385
1035 390
1035 393
1035 394
1035 395
1035 399
1035 401
1035 403
1035 406
1035 416
1035 422
1035 434
1035 454
1035 462
1035 463
1035 465
1035 467
1035 477
1035 518
1035 519
1035 527
1035 541
1035 576
1035 582
1035 585
1035 590
1035 591
1035 593
1035 605
1035 606
1035 640
1035 645
1035 646
1035 650
1035 654
1035 655
1035 657
1035 678
1035 704
1035 709
1035 710
1035 714
1035 715
1035 719
1035 733
1035 736
1035 775
1035 783
1035 785
1035 797
1035 838
1035 839
1035 843
1035 846
1035 861
1035 902
1035 907
1035 910
1035 911
1035 913
1035 925
1035 966
1035 971
1035 974
1035 975
1035 977
1035 989
1035 994
1035 998
1035 1024
1035 1030
1035 1031
1035 1034
1035 1038
1035 1039
1035 1053
1035 1058
1035 1094
1035 1095
1035 1099
1035 1117
1035 1158
1035 1163
1035 1169
1035 1216
1035 1221
1035 1222
1035 1227
1035 1230
1035 1231
1035 1245
1035 1246
1036 278
1036 844
1036 908
1036 972
1036 1100
1036 1164
1036 1228
1037 845
1037 909
1037 973
1037 1101
1037 1165
1037 1229
1038 6
1038 69
1038 74
1038 78
1038 143
1038 198
1038 199
1038 207
1038 242
1038 246
1038 256
1038 261
1038 266
1038 267
1038 271
1038 273
1038 275
1038 285
1038 290
1038 329
1038 334
1038 349
1038 384
1038 385
1038 390
1038 393
1038 394
1038 395
1038 398
1038 399
1038 401
1038 403
1038 406
1038 411
1038 416
1038 420
1038 422
1038 434
1038 448
1038 455
1038 458
1038 462
1038 467
1038 477
1038 518
1038 519
1038 527
1038 541
1038 576
1038 582
1038 585
1038 590
1038 591
1038 593
1038 605
1038 606
1038 640
1038 645
1038 646
1038 650
1038 654
1038 655
1038 657
1038 667
1038 678
1038 704
1038 709
1038 710
1038 714
1038 715
1038 718
1038 719
1038 733
1038 736
1038 775
1038 783
1038 785
1038 797
1038 839
1038 846
1038 868
1038 902
1038 905
1038 910
1038 925
1038 926
1038 960
1038 966
1038 969
1038 971
1038 974
1038 975
1038 977
1038 989
1038 994
1038 998
1038 1024
1038 1030
1038 1031
1038 1034
1038 1035
1038 1053
1038 1058
1038 1094
1038 1102
1038 1158
1038 1166
1038 1169
1038 1216
1038 1221
1038 1222
1038 1230
1038 1231
1038 1237
1038 1244
1038 1245
1038 1246
1038 1253
1038 1269
1039 70
1039 134
1039 142
1039 198
1039 206
1039 207
1039 261
1039 262
1039 266
1039 267
1039 270
1039 271
1039 273
1039 275
1039 285
1039 290
1039 326
1039 334
1039 337
1039 349
1039 390
1039 393
1039 394
1039 399
1039 401
1039 416
1039 434
1039 454
1039 463
1039 465
1039 518
1039 519
1039 527
1039 541
1039 576
1039 582
1039 593
1039 605
1039 645
1039 646
1039 650
1039 654
1039 655
1039 657
1039 704
1039 709
1039 710
1039 719
1039 721
1039 733
1039 785
1039 797
1039 838
1039 846
1039 847
1039 849
1039 861
1039 902
1039 910
1039 911
1039 913
1039 925
1039 966
1039 974
1039 975
1039 977
1039 989
1039 994
1039 1024
1039 1030
1039 1031
1039 1034
1039 1035
1039 1041
1039 1053
1039 1094
1039 1095
1039 1103
1039 1105
1039 1117
1039 1167
1039 1169
1039 1216
1039 1221
1039 1222
1039 1230
1039 1231
1039 1233
1039 1245
1039 1246
1040 82
1040 140
1040 622
1040 848
1040 912
1040 976
1040 1104
1040 1168
1040 1232
1041 206
1041 262
1041 270
1041 273
1041 326
1041 337
1041 349
1041 390
1041 399
1041 401
1041 454
1041 463
1041 465
1041 593
1041 646
1041 654
1041 655
1041 657
1041 721
1041 733
1041 838
1041 849
1041 861
1041 910
1041 911
1041 913
1041 925
1041 977
1041 1039
1041 1053
1041 1095
1041 1105
1041 1117
1041 1169
1041 1230
1041 1231
1041 1233
1042 806
1042 850
1042 914
1042 978
1042 1106
1042 1170
1042 1234
1043 417
1043 851
1043 915
1043 979
1043 1107
1043 1171
1043 1235
1044 852
1044 916
1044 980
1044 1108
1044 1172
1044 1236
1045 193
1045 482
1045 589
1045 853
1045 917
1045 981
1045 1109
1045 1173
1045 1237
1046 854
1046 918
1046 982
1046 1110
1046 1174
1046 1238
1047 37
1047 855
1047 919
1047 983
1047 1111
1047 1175
1047 1224
1047 1239
1048 856
1048 920
1048 984
1048 1112
1048 1176
1048 1240
1049 857
1049 921
1049 985
1049 995
1049 1113
1049 1177
1049 1241
1050 36
1050 692
1050 858
1050 922
1050 986
1050 1114
1050 1178
1050 1242
1051 632
1051 859
1051 923
1051 987
1051 1115
1051 1179
1051 1243
1052 648
1052 860
1052 924
1052 973
1052 988
1052 1116
1052 1180
1052 1244
1053 134
1053 138
1053 142
1053 198
1053 199
1053 206
1053 207
1053 242
1053 261
1053 262
1053 266
1053 267
1053 270
1053 271
1053 273
1053 275
1053 285
1053 290
1053 326
1053 334
1053 337
1053 349
1053 385
1053 390
1053 393
1053 394
1053 399
1053 401
1053 403
1053 416
1053 422
1053 434
1053 454
1053 463
1053 465
1053 477
1053 518
1053 519
1053 527
1053 541
1053 576
1053 582
1053 590
1053 591
1053 593
1053 605
1053 640
1053 645
1053 646
1053 650
1053 654
1053 655
1053 657
1053 704
1053 709
1053 710
1053 714
1053 719
1053 721
1053 733
1053 775
1053 785
1053 797
1053 838
1053 846
1053 849
1053 861
1053 902
1053 910
1053 911
1053 913
1053 925
1053 966
1053 974
1053 975
1053 977
1053 989
1053 994
1053 998
1053 1024
1053 1030
1053 1031
1053 1034
1053 1035
1053 1038
1053 1039
1053 1041
1053 1058
1053 1094
1053 1095
1053 1105
1053 1117
1053 1158
1053 1169
1053 1181
1053 1216
1053 1221
1053 1222
1053 1230
1053 1231
1053 1233
1053 1245
1053 1246
1054 91
1054 230
1054 246
1054 256
1054 260
1054 269
1054 286
1054 329
1054 335
1054 384
1054 395
1054 398
1054 406
1054 411
1054 412
1054 418
1054 420
1054 448
1054 449
1054 455
1054 458
1054 462
1054 467
1054 512
1054 585
1054 587
1054 606
1054 651
1054 667
1054 669
1054 676
1054 678
1054 715
1054 718
1054 736
1054 754
1054 777
1054 783
1054 839
1054 842
1054 847
1054 862
1054 868
1054 905
1054 926
1054 960
1054 969
1054 971
1054 990
1054 1098
1054 1118
1054 1120
1054 1161
1054 1182
1054 1220
1054 1226
1054 1237
1054 1244
1054 1246
1054 1252
1054 1253
1054 1257
1054 1269
1055 863
1055 927
1055 991
1055 1119
1055 1152
1055 1183
1055 1247
1056 864
1056 928
1056 992
1056 1120
1056 1184
1056 1248
1057 865
1057 929
1057 993
1057 1114
1057 1121
1057 1185
1057 1249
1058 6
1058 69
1058 74
1058 78
1058 79
1058 135
1058 143
1058 198
1058 199
1058 207
1058 242
1058 246
1058 256
1058 260
1058 261
1058 266
1058 267
1058 271
1058 273
1058 275
1058 285
1058 290
1058 329
1058 334
1058 349
1058 384
1058 385
1058 390
1058 393
1058 394
1058 395
1058 398
1058 399
1058 401
1058 403
1058 406
1058 411
1058 416
1058 420
1058 422
1058 434
1058 448
1058 455
1058 458
1058 462
1058 467
1058 477
1058 518
1058 519
1058 527
1058 541
1058 576
1058 582
1058 585
1058 590
1058 591
1058 593
1058 605
1058 606
1058 640
1058 645
1058 646
1058 650
1058 654
1058 655
1058 657
1058 667
1058 678
1058 704
1058 709
1058 710
1058 714
1058 715
1058 718
1058 719
1058 733
1058 736
1058 775
1058 783
1058 785
1058 797
1058 839
1058 846
1058 866
1058 868
1058 902
1058 905
1058 910
1058 925
1058 926
1058 930
1058 960
1058 966
1058 969
1058 971
1058 974
1058 975
1058 977
1058 989
1058 994
1058 998
1058 1024
1058 1030
1058 1031
1058 1034
1058 1035
1058 1038
1058 1053
1058 1094
1058 1122
1058 1158
1058 1169
1058 1186
1058 1216
1058 1221
1058 1222
1058 1230
1058 1231
1058 1237
1058 1244
1058 1245
1058 1246
1058 1250
1058 1253
1058 1269
1059 32
1059 161
1059 867
1059 931
1059 995
1059 1123
1059 1187
1059 1251
1060 768
1060 868
1060 932
1060 996
1060 1124
1060 1188
1060 1252
1061 119
1061 869
1061 933
1061 997
1061 1125
1061 1189
1061 1253
1062 732
1062 870
1062 934
1062 998
1062 1126
1062 1190
1062 1254
1063 871
1063 935
1063 999
1063 1127
1063 1191
1063 1255
1064 43
1064 176
1064 872
1064 936
1064 1000
1064 1128
1064 1192
1064 1256
1065 873
1065 937
1065 1001
1065 1129
1065 1193
1065 1257
1066 564
1066 853
1066 874
1066 938
1066 1002
1066 1130
1066 1194
1066 1258
1067 875
1067 939
1067 1003
1067 1131
1067 1195
1067 1259
1067 1273
1068 876
1068 940
1068 1004
1068 1132
1068 1196
1068 1260
1069 877
1069 941
1069 1005
1069 1071
1069 1112
1069 1123
1069 1133
1069 1197
1069 1261
1070 117
1070 558
1070 878
1070 942
1070 1006
1070 1134
1070 1198
1070 1262
1071 879
1071 943
1071 1007
1071 1069
1071 1112
1071 1123
1071 1135
1071 1199
1071 1263
1072 660
1072 664
1072 880
1072 944
1072 1008
1072 1136
1072 1200
1072 1264
1073 881
1073 945
1073 1009
1073 1137
1073 1201
1073 1265
1074 882
1074 946
1074 1010
1074 1106
1074 1138
1074 1202
1074 1266
1075 85
1075 628
1075 883
1075 947
1075 991
1075 1011
1075 1139
1075 1203
1075 1267
1076 276
1076 488
1076 884
1076 948
1076 1012
1076 1140
1076 1204
1076 1268
1077 885
1077 949
1077 1013
1077 1141
1077 1205
1077 1269
1078 886
1078 950
1078 1014
1078 1142
1078 1206
1078 1270
1079 499
1079 887
1079 919
1079 951
1079 1015
1079 1143
1079 1207
1079 1271
1080 151
1080 307
1080 516
1080 888
1080 952
1080 1016
1080 1144
1080 1208
1080 1272
1081 889
1081 953
1081 1017
1081 1145
1081 1177
1081 1209
1081 1273
1082 52
1082 560
1082 890
1082 954
1082 1018
1082 1146
1082 1147
1082 1210
1082 1274
1083 891
1083 955
1083 1019
1083 1147
1083 1211
1083 1214
1083 1275
1084 627
1084 780
1084 809
1084 892
1084 956
1084 1020
1084 1148
1084 1212
1084 1265
1084 1276
1085 154
1085 844
1085 893
1085 957
1085 1021
1085 1149
1085 1213
1085 1277
1086 125
1086 573
1086 600
1086 639
1086 894
1086 958
1086 1022
1086 1150
1086 1214
1086 1278
1087 816
1087 829
1087 895
1087 959
1087 1004
1087 1023
1087 1140
1087 1151
1087 1215
1087 1279
1088 531
1088 722
1088 757
1088 896
1088 960
1088 982
1088 1024
1088 1152
1088 1216
1089 670
1089 897
1089 961
1089 1025
1089 1153
1089 1217
1090 898
1090 962
1090 1026
1090 1154
1090 1218
1091 899
1091 963
1091 1027
1091 1155
1091 1219
1091 1255
1092 900
1092 930
1092 964
1092 1028
1092 1156
1092 1220
1093 5
1093 71
1093 133
1093 197
1093 263
1093 327
1093 389
1093 457
1093 521
1093 583
1093 647
1093 713
1093 774
1093 837
1093 901
1093 903
1093 965
1093 1029
1093 1157
1093 1159
1093 1221
1093 1223
1094 6
1094 69
1094 78
1094 138
1094 198
1094 207
1094 261
1094 262
1094 266
1094 267
1094 270
1094 271
1094 273
1094 275
1094 285
1094 290
1094 326
1094 334
1094 337
1094 349
1094 384
1094 385
1094 390
1094 393
1094 394
1094 395
1094 399
1094 401
1094 403
1094 406
1094 416
1094 422
1094 434
1094 462
1094 463
1094 465
1094 467
1094 477
1094 518
1094 519
1094 527
1094 541
1094 576
1094 582
1094 585
1094 590
1094 591
1094 593
1094 605
1094 606
1094 640
1094 645
1094 646
1094 650
1094 654
1094 655
1094 657
1094 678
1094 704
1094 709
1094 710
1094 714
1094 715
1094 719
1094 733
1094 736
1094 775
1094 783
1094 785
1094 797
1094 838
1094 839
1094 846
1094 902
1094 910
1094 911
1094 913
1094 925
1094 966
1094 971
1094 974
1094 975
1094 977
1094 989
1094 994
1094 998
1094 1024
1094 1030
1094 1031
1094 1034
1094 1035
1094 1038
1094 1039
1094 1053
1094 1058
1094 1095
1094 1117
1094 1158
1094 1169
1094 1216
1094 1221
1094 1222
1094 1230
1094 1231
1094 1245
1094 1246
1095 70
1095 134
1095 142
1095 206
1095 261
1095 262
1095 266
1095 267
1095 270
1095 271
1095 273
1095 275
1095 285
1095 290
1095 326
1095 334
1095 337
1095 349
1095 390
1095 393
1095 394
1095 399
1095 401
1095 416
1095 434
1095 454
1095 463
1095 465
1095 518
1095 519
1095 527
1095 541
1095 576
1095 582
1095 593
1095 605
1095 645
1095 646
1095 650
1095 654
1095 655
1095 657
1095 704
1095 709
1095 710
1095 719
1095 721
1095 733
1095 785
1095 797
1095 838
1095 846
1095 849
1095 861
1095 902
1095 903
1095 910
1095 911
1095 913
1095 925
1095 966
1095 967
1095 974
1095 975
1095 977
1095 989
1095 994
1095 1024
1095 1030
1095 1031
1095 1034
1095 1035
1095 1039
1095 1041
1095 1053
1095 1094
1095 1105
1095 1117
1095 1159
1095 1169
1095 1216
1095 1221
1095 1222
1095 1223
1095 1230
1095 1231
1095 1233
1095 1245
1095 1246
1096 203
1096 904
1096 968
1096 1032
1096 1160
1096 1224
1097 498
1097 905
1097 969
1097 1033
1097 1161
1097 1225
1098 114
1098 269
1098 286
1098 335
1098 388
1098 412
1098 418
1098 449
1098 512
1098 587
1098 651
1098 669
1098 672
1098 676
1098 754
1098 777
1098 832
1098 842
1098 847
1098 906
1098 970
1098 1034
1098 1054
1098 1120
1098 1161
1098 1162
1098 1226
1098 1252
1098 1257
1099 907
1099 971
1099 1035
1099 1163
1099 1227
1100 904
1100 908
1100 972
1100 1036
1100 1164
1100 1228
1101 909
1101 973
1101 1037
1101 1165
1101 1229
1102 910
1102 974
1102 1038
1102 1166
1102 1230
1103 911
1103 975
1103 1039
1103 1167
1103 1231
1104 912
1104 976
1104 1040
1104 1168
1104 1232
1105 70
1105 206
1105 261
1105 262
1105 266
1105 270
1105 273
1105 290
1105 326
1105 337
1105 349
1105 390
1105 394
1105 399
1105 401
1105 454
1105 463
1105 465
1105 541
1105 576
1105 593
1105 605
1105 646
1105 654
1105 655
1105 657
1105 704
1105 710
1105 719
1105 721
1105 733
1105 785
1105 838
1105 846
1105 849
1105 861
1105 902
1105 910
1105 911
1105 913
1105 925
1105 977
1105 994
1105 1031
1105 1039
1105 1041
1105 1053
1105 1095
1105 1117
1105 1169
1105 1216
1105 1230
1105 1231
1105 1233
1106 914
1106 978
1106 1042
1106 1074
1106 1170
1106 1234
1107 288
1107 915
1107 979
1107 1043
1107 1157
1107 1171
1107 1235
1108 916
1108 980
1108 1044
1108 1172
1108 1236
1109 233
1109 778
1109 834
1109 917
1109 981
1109 1045
1109 1173
1109 1237
1110 4
1110 165
1110 918
1110 933
1110 982
1110 1046
1110 1174
1110 1238
1111 346
1111 689
1111 919
1111 983
1111 1047
1111 1175
1111 1239
1112 920
1112 984
1112 1048
1112 1069
1112 1071
1112 1123
1112 1176
1112 1240
1113 173
1113 921
1113 985
1113 1049
1113 1177
1113 1234
1113 1241
1114 922
1114 986
1114 1050
1114 1057
1114 1178
1114 1242
1115 712
1115 741
1115 923
1115 927
1115 987
1115 1051
1115 1179
1115 1192
1115 1243
1116 137
1116 924
1116 988
1116 1052
1116 1180
1116 1244
1117 70
1117 142
1117 206
1117 261
1117 262
1117 266
1117 267
1117 270
1117 271
1117 273
1117 290
1117 326
1117 334
1117 337
1117 349
1117 390
1117 394
1117 399
1117 401
1117 454
1117 463
1117 465
1117 518
1117 519
1117 541
1117 576
1117 593
1117 605
1117 646
1117 650
1117 654
1117 655
1117 657
1117 704
1117 710
1117 719
1117 721
1117 733
1117 785
1117 838
1117 846
1117 849
1117 861
1117 902
1117 910
1117 911
1117 913
1117 925
1117 966
1117 977
1117 989
1117 994
1117 1031
1117 1035
1117 1039
1117 1041
1117 1053
1117 1094
1117 1095
1117 1105
1117 1169
1117 1181
1117 1216
1117 1222
1117 1230
1117 1231
1117 1233
1117 1245
1118 926
1118 990
1118 1054
1118 1182
1118 1246
1119 238
1119 855
1119 927
1119 991
1119 1055
1119 1183
1119 1247
1120 91
1120 256
1120 260
1120 269
1120 286
1120 329
1120 335
1120 384
1120 395
1120 398
1120 406
1120 411
1120 412
1120 418
1120 420
1120 448
1120 449
1120 455
1120 458
1120 462
1120 467
1120 512
1120 585
1120 587
1120 606
1120 651
1120 667
1120 669
1120 676
1120 678
1120 715
1120 718
1120 736
1120 754
1120 777
1120 783
1120 839
1120 842
1120 847
1120 868
1120 905
1120 926
1120 928
1120 960
1120 969
1120 971
1120 992
1120 1054
1120 1056
1120 1098
1120 1161
1120 1184
1120 1220
1120 1226
1120 1237
1120 1244
1120 1248
1120 1252
1120 1253
1120 1257
1120 1269
1121 487
1121 929
1121 993
1121 1057
1121 1185
1121 1249
1122 930
1122 994
1122 1058
1122 1186
1122 1250
1123 931
1123 995
1123 1059
1123 1069
1123 1071
1123 1112
1123 1187
1123 1251
1124 614
1124 932
1124 996
1124 1060
1124 1188
1124 1252
1125 933
1125 997
1125 1061
1125 1189
1125 1253
1126 86
1126 339
1126 934
1126 998
1126 1062
1126 1190
1126 1254
1127 935
1127 999
1127 1063
1127 1191
1127 1255
1128 309
1128 936
1128 1000
1128 1064
1128 1192
1128 1256
1129 937
1129 1001
1129 1065
1129 1193
1129 1257
1130 938
1130 1002
1130 1066
1130 1141
1130 1171
1130 1194
1130 1258
1131 939
1131 1003
1131 1067
1131 1195
1131 1259
1132 55
1132 596
1132 939
1132 940
1132 1004
1132 1068
1132 1196
1132 1260
1133 382
1133 510
1133 941
1133 1005
1133 1069
1133 1197
1133 1261
1134 132
1134 396
1134 445
1134 695
1134 942
1134 1006
1134 1070
1134 1198
1134 1262
1135 244
1135 317
1135 601
1135 671
1135 728
1135 750
1135 848
1135 943
1135 1007
1135 1071
1135 1199
1135 1263
1136 784
1136 944
1136 1008
1136 1072
1136 1200
1136 1264
1137 46
1137 696
1137 945
1137 1009
1137 1073
1137 1201
1137 1265
1138 476
1138 946
1138 1010
1138 1074
1138 1202
1138 1266
1139 101
1139 360
1139 495
1139 947
1139 1011
1139 1075
1139 1203
1139 1267
1140 816
1140 829
1140 948
1140 1004
1140 1012
1140 1076
1140 1087
1140 1204
1140 1268
1141 949
1141 1013
1141 1077
1141 1130
1141 1171
1141 1205
1141 1269
1142 20
1142 39
1142 188
1142 950
1142 1014
1142 1078
1142 1206
1142 1270
1143 236
1143 951
1143 1015
1143 1079
1143 1150
1143 1207
1143 1271
1144 313
1144 347
1144 707
1144 952
1144 1016
1144 1080
1144 1208
1144 1272
1145 568
1145 749
1145 953
1145 1017
1145 1081
1145 1209
1145 1273
1146 954
1146 1018
1146 1082
1146 1210
1146 1274
1147 52
1147 560
1147 955
1147 1019
1147 1082
1147 1083
1147 1211
1147 1275
1148 956
1148 1020
1148 1084
1148 1212
1148 1276
1149 957
1149 1021
1149 1085
1149 1213
1149 1277
1150 236
1150 958
1150 1022
1150 1086
1150 1143
1150 1214
1150 1278
1151 959
1151 1023
1151 1087
1151 1215
1151 1279
1152 960
1152 1024
1152 1055
1152 1088
1152 1216
1153 167
1153 759
1153 961
1153 1025
1153 1089
1153 1217
1154 962
1154 1026
1154 1090
1154 1218
1155 963
1155 1027
1155 1091
1155 1219
1156 964
1156 1028
1156 1092
1156 1220
1157 288
1157 965
1157 1029
1157 1093
1157 1107
1157 1221
1158 6
1158 69
1158 74
1158 78
1158 79
1158 135
1158 143
1158 199
1158 242
1158 275
1158 285
1158 329
1158 334
1158 349
1158 384
1158 385
1158 390
1158 393
1158 394
1158 395
1158 398
1158 399
1158 401
1158 403
1158 406
1158 411
1158 416
1158 420
1158 422
1158 434
1158 448
1158 455
1158 458
1158 462
1158 467
1158 477
1158 518
1158 519
1158 527
1158 541
1158 576
1158 582
1158 585
1158 590
1158 591
1158 593
1158 605
1158 606
1158 640
1158 645
1158 650
1158 654
1158 655
1158 657
1158 667
1158 678
1158 704
1158 709
1158 710
1158 714
1158 715
1158 718
1158 719
1158 733
1158 736
1158 775
1158 783
1158 785
1158 797
1158 839
1158 846
1158 868
1158 902
1158 905
1158 910
1158 925
1158 926
1158 960
1158 966
1158 969
1158 971
1158 974
1158 975
1158 977
1158 989
1158 994
1158 998
1158 1024
1158 1030
1158 1031
1158 1034
1158 1035
1158 1038
1158 1053
1158 1058
1158 1094
1158 1169
1158 1216
1158 1221
1158 1222
1158 1230
1158 1231
1158 1237
1158 1244
1158 1245
1158 1246
1158 1253
1158 1269
1159 5
1159 71
1159 133
1159 197
1159 263
1159 327
1159 389
1159 457
1159 521
1159 583
1159 647
1159 713
1159 774
1159 837
1159 903
1159 965
1159 967
1159 1029
1159 1031
1159 1093
1159 1095
1159 1223
1160 282
1160 968
1160 1032
1160 1096
1160 1224
1161 38
1161 230
1161 329
1161 335
1161 388
1161 398
1161 411
1161 412
1161 418
1161 420
1161 448
1161 449
1161 455
1161 458
1161 512
1161 587
1161 651
1161 667
1161 669
1161 676
1161 718
1161 754
1161 777
1161 842
1161 847
1161 868
1161 905
1161 926
1161 960
1161 969
1161 1033
1161 1054
1161 1097
1161 1098
1161 1120
1161 1220
1161 1225
1161 1226
1161 1237
1161 1244
1161 1252
1161 1253
1161 1257
1161 1269
1162 970
1162 1034
1162 1098
1162 1226
1163 917
1163 971
1163 1035
1163 1099
1163 1227
1164 409
1164 426
1164 588
1164 972
1164 1036
1164 1100
1164 1228
1165 973
1165 1037
1165 1101
1165 1229
1166 424
1166 526
1166 974
1166 1038
1166 1102
1166 1230
1167 668
1167 975
1167 1039
1167 1103
1167 1231
1168 633
1168 976
1168 1040
1168 1104
1168 1232
1169 134
1169 138
1169 142
1169 198
1169 207
1169 261
1169 266
1169 267
1169 271
1169 273
1169 290
1169 326
1169 334
1169 337
1169 349
1169 385
1169 390
1169 393
1169 394
1169 399
1169 401
1169 403
1169 416
1169 422
1169 434
1169 454
1169 463
1169 465
1169 477
1169 518
1169 519
1169 527
1169 541
1169 576
1169 582
1169 590
1169 591
1169 593
1169 605
1169 640
1169 645
1169 646
1169 650
1169 654
1169 655
1169 657
1169 704
1169 709
1169 710
1169 714
1169 719
1169 721
1169 733
1169 775
1169 785
1169 797
1169 838
1169 846
1169 849
1169 861
1169 902
1169 910
1169 911
1169 913
1169 925
1169 966
1169 974
1169 975
1169 977
1169 989
1169 994
1169 998
1169 1024
1169 1030
1169 1031
1169 1034
1169 1035
1169 1038
1169 1039
1169 1041
1169 1053
1169 1058
1169 1094
1169 1095
1169 1105
1169 1117
1169 1158
1169 1216
1169 1221
1169 1222
1169 1230
1169 1231
1169 1233
1169 1245
1169 1246
1170 302
1170 496
1170 978
1170 1042
1170 1106
1170 1234
1171 979
1171 1043
1171 1107
1171 1130
1171 1141
1171 1235
1172 865
1172 980
1172 1044
1172 1108
1172 1236
1173 981
1173 1045
1173 1109
1173 1237
1174 336
1174 982
1174 1046
1174 1110
1174 1238
1174 1276
1175 195
1175 983
1175 1047
1175 1111
1175 1239
1176 185
1176 559
1176 984
1176 1048
1176 1112
1176 1240
1177 985
1177 1049
1177 1081
1177 1113
1177 1241
1178 813
1178 986
1178 1050
1178 1114
1178 1242
1179 987
1179 1051
1179 1115
1179 1243
1180 451
1180 452
1180 988
1180 1052
1180 1116
1180 1244
1181 989
1181 1053
1181 1117
1181 1245
1182 297
1182 990
1182 1054
1182 1118
1182 1246
1183 126
1183 991
1183 1009
1183 1055
1183 1119
1183 1247
1184 8
1184 652
1184 992
1184 1056
1184 1120
1184 1248
1185 363
1185 753
1185 771
1185 993
1185 1057
1185 1121
1185 1249
1185 1258
1186 665
1186 994
1186 1058
1186 1122
1186 1250
1187 493
1187 536
1187 814
1187 995
1187 1059
1187 1123
1187 1251
1188 118
1188 525
1188 996
1188 1060
1188 1124
1188 1252
1189 112
1189 364
1189 799
1189 997
1189 1061
1189 1125
1189 1253
1190 613
1190 998
1190 1062
1190 1126
1190 1254
1191 503
1191 963
1191 999
1191 1063
1191 1127
1191 1255
1192 712
1192 741
1192 927
1192 1000
1192 1064
1192 1115
1192 1128
1192 1256
1193 1001
1193 1065
1193 1129
1193 1257
1194 35
1194 234
1194 803
1194 1002
1194 1066
1194 1130
1194 1258
1195 189
1195 441
1195 876
1195 1003
1195 1067
1195 1131
1195 1259
1196 88
1196 1004
1196 1068
1196 1132
1196 1260
1197 1005
1197 1069
1197 1133
1197 1261
1198 535
1198 892
1198 1006
1198 1070
1198 1134
1198 1262
1199 1007
1199 1071
1199 1135
1199 1263
1200 1008
1200 1072
1200 1136
1200 1264
1201 127
1201 231
1201 368
1201 792
1201 1009
1201 1073
1201 1137
1201 1265
1202 626
1202 1010
1202 1074
1202 1138
1202 1266
1203 1011
1203 1075
1203 1139
1203 1267
1204 210
1204 268
1204 802
1204 1012
1204 1076
1204 1140
1204 1268
1205 423
1205 612
1205 1013
1205 1077
1205 1141
1205 1239
1205 1269
1206 103
1206 1014
1206 1078
1206 1142
1206 1260
1206 1270
1207 92
1207 815
1207 1015
1207 1079
1207 1143
1207 1271
1208 1016
1208 1080
1208 1144
1208 1272
1209 60
1209 1017
1209 1081
1209 1145
1209 1273
1210 1018
1210 1082
1210 1146
1210 1274
1211 1019
1211 1083
1211 1147
1211 1275
1212 57
1212 490
1212 552
1212 944
1212 1020
1212 1084
1212 1148
1212 1276
1213 1021
1213 1085
1213 1149
1213 1277
1214 1022
1214 1083
1214 1086
1214 1150
1214 1278
1215 131
1215 1023
1215 1087
1215 1151
1215 1279
1216 6
1216 69
1216 78
1216 134
1216 138
1216 198
1216 207
1216 261
1216 266
1216 267
1216 271
1216 273
1216 275
1216 285
1216 290
1216 334
1216 349
1216 384
1216 385
1216 390
1216 393
1216 394
1216 399
1216 401
1216 403
1216 416
1216 422
1216 434
1216 454
1216 462
1216 463
1216 465
1216 467
1216 477
1216 518
1216 519
1216 527
1216 541
1216 576
1216 582
1216 590
1216 591
1216 593
1216 605
1216 606
1216 640
1216 645
1216 646
1216 650
1216 654
1216 655
1216 657
1216 678
1216 704
1216 709
1216 710
1216 714
1216 719
1216 721
1216 733
1216 736
1216 775
1216 785
1216 797
1216 838
1216 846
1216 849
1216 861
1216 902
1216 910
1216 911
1216 913
1216 925
1216 966
1216 971
1216 974
1216 975
1216 977
1216 989
1216 994
1216 998
1216 1024
1216 1030
1216 1031
1216 1034
1216 1035
1216 1038
1216 1039
1216 1053
1216 1058
1216 1088
1216 1094
1216 1095
1216 1105
1216 1117
1216 1152
1216 1158
1216 1169
1216 1221
1216 1222
1216 1230
1216 1231
1216 1245
1216 1246
1217 1025
1217 1089
1217 1153
1218 1026
1218 1090
1218 1154
1219 113
1219 1027
1219 1091
1219 1155
1220 91
1220 256
1220 260
1220 286
1220 329
1220 384
1220 385
1220 395
1220 398
1220 403
1220 406
1220 411
1220 412
1220 418
1220 420
1220 422
1220 448
1220 455
1220 458
1220 462
1220 467
1220 477
1220 512
1220 585
1220 587
1220 590
1220 591
1220 606
1220 640
1220 667
1220 669
1220 676
1220 678
1220 714
1220 715
1220 718
1220 736
1220 754
1220 775
1220 783
1220 839
1220 842
1220 847
1220 868
1220 905
1220 926
1220 960
1220 969
1220 971
1220 998
1220 1028
1220 1054
1220 1092
1220 1120
1220 1156
1220 1161
1220 1226
1220 1237
1220 1244
1220 1252
1220 1253
1220 1257
1220 1269
1221 6
1221 69
1221 78
1221 138
1221 143
1221 198
1221 199
1221 207
1221 242
1221 261
1221 266
1221 267
1221 271
1221 275
1221 285
1221 334
1221 384
1221 385
1221 390
1221 393
1221 394
1221 395
1221 398
1221 399
1221 401
1221 403
1221 406
1221 416
1221 420
1221 422
1221 434
1221 448
1221 455
1221 458
1221 462
1221 463
1221 467
1221 477
1221 518
1221 519
1221 527
1221 541
1221 576
1221 582
1221 585
1221 590
1221 591
1221 593
1221 605
1221 606
1221 640
1221 645
1221 646
1221 650
1221 654
1221 655
1221 657
1221 667
1221 678
1221 704
1221 709
1221 710
1221 714
1221 715
1221 718
1221 719
1221 733
1221 736
1221 775
1221 783
1221 785
1221 797
1221 838
1221 839
1221 846
1221 902
1221 905
1221 910
1221 911
1221 925
1221 960
1221 966
1221 971
1221 974
1221 975
1221 977
1221 989
1221 994
1221 998
1221 1024
1221 1029
1221 1030
1221 1031
1221 1034
1221 1035
1221 1038
1221 1039
1221 1053
1221 1058
1221 1093
1221 1094
1221 1095
1221 1157
1221 1158
1221 1169
1221 1216
1221 1222
1221 1230
1221 1231
1221 1244
1221 1245
1221 1246
1221 1253
1221 1269
1222 6
1222 69
1222 78
1222 138
1222 198
1222 207
1222 261
1222 266
1222 267
1222 271
1222 275
1222 285
1222 290
1222 334
1222 384
1222 385
1222 390
1222 393
1222 394
1222 395
1222 399
1222 401
1222 403
1222 406
1222 416
1222 422
1222 434
1222 462
1222 463
1222 465
1222 467
1222 477
1222 518
1222 519
1222 527
1222 541
1222 576
1222 582
1222 585
1222 590
1222 591
1222 593
1222 605
1222 606
1222 640
1222 645
1222 646
1222 650
1222 654
1222 655
1222 657
1222 678
1222 704
1222 709
1222 710
1222 714
1222 715
1222 719
1222 733
1222 736
1222 775
1222 783
1222 785
1222 797
1222 838
1222 839
1222 846
1222 861
1222 902
1222 910
1222 911
1222 913
1222 925
1222 966
1222 971
1222 974
1222 975
1222 977
1222 989
1222 994
1222 998
1222 1024
1222 1030
1222 1031
1222 1034
1222 1035
1222 1038
1222 1039
1222 1053
1222 1058
1222 1094
1222 1095
1222 1117
1222 1158
1222 1169
1222 1216
1222 1221
1222 1230
1222 1231
1222 1245
1222 1246
1223 5
1223 71
1223 133
1223 197
1223 263
1223 327
1223 389
1223 457
1223 521
1223 583
1223 647
1223 713
1223 774
1223 837
1223 903
1223 965
1223 1029
1223 1031
1223 1093
1223 1095
1223 1159
1224 37
1224 1032
1224 1047
1224 1096
1224 1160
1225 1033
1225 1097
1225 1161
1226 38
1226 230
1226 335
1226 388
1226 411
1226 412
1226 418
1226 448
1226 449
1226 458
1226 512
1226 587
1226 651
1226 669
1226 672
1226 676
1226 718
1226 754
1226 777
1226 842
1226 847
1226 868
1226 905
1226 926
1226 969
1226 1034
1226 1054
1226 1098
1226 1120
1226 1161
1226 1162
1226 1220
1226 1237
1226 1252
1226 1253
1226 1257
1227 1035
1227 1099
1227 1163
1228 540
1228 1036
1228 1100
1228 1164
1229 139
1229 306
1229 485
1229 580
1229 970
1229 1037
1229 1101
1229 1165
1230 134
1230 138
1230 142
1230 198
1230 207
1230 261
1230 266
1230 267
1230 271
1230 273
1230 290
1230 326
1230 349
1230 385
1230 390
1230 393
1230 394
1230 399
1230 401
1230 403
1230 416
1230 422
1230 434
1230 454
1230 463
1230 465
1230 477
1230 518
1230 519
1230 527
1230 541
1230 576
1230 582
1230 590
1230 591
1230 593
1230 605
1230 640
1230 645
1230 646
1230 650
1230 654
1230 655
1230 657
1230 704
1230 709
1230 710
1230 714
1230 719
1230 721
1230 733
1230 736
1230 775
1230 785
1230 797
1230 838
1230 846
1230 849
1230 861
1230 902
1230 910
1230 911
1230 913
1230 925
1230 966
1230 974
1230 975
1230 977
1230 989
1230 994
1230 998
1230 1024
1230 1030
1230 1031
1230 1034
1230 1035
1230 1038
1230 1039
1230 1041
1230 1053
1230 1058
1230 1094
1230 1095
1230 1102
1230 1105
1230 1117
1230 1158
1230 1166
1230 1169
1230 1216
1230 1221
1230 1222
1230 1231
1230 1233
1230 1245
1230 1246
1231 70
1231 134
1231 142
1231 206
1231 261
1231 270
1231 273
1231 290
1231 326
1231 337
1231 349
1231 390
1231 393
1231 394
1231 399
1231 401
1231 416
1231 434
1231 454
1231 463
1231 465
1231 518
1231 519
1231 527
1231 541
1231 576
1231 582
1231 593
1231 605
1231 645
1231 646
1231 650
1231 654
1231 655
1231 657
1231 704
1231 709
1231 710
1231 719
1231 721
1231 733
1231 785
1231 797
1231 838
1231 846
1231 849
1231 861
1231 902
1231 910
1231 911
1231 913
1231 925
1231 966
1231 974
1231 975
1231 977
1231 989
1231 994
1231 998
1231 1024
1231 1030
1231 1031
1231 1034
1231 1035
1231 1038
1231 1039
1231 1041
1231 1053
1231 1058
1231 1094
1231 1095
1231 1103
1231 1105
1231 1117
1231 1158
1231 1167
1231 1169
1231 1216
1231 1221
1231 1222
1231 1230
1231 1233
1231 1245
1231 1246
1232 342
1232 1040
1232 1104
1232 1168
1233 262
1233 390
1233 399
1233 401
1233 454
1233 463
1233 465
1233 593
1233 646
1233 654
1233 655
1233 657
1233 721
1233 733
1233 838
1233 849
1233 861
1233 910
1233 911
1233 913
1233 925
1233 977
1233 1039
1233 1041
1233 1053
1233 1095
1233 1105
1233 1117
1233 1169
1233 1230
1233 1231
1234 173
1234 1042
1234 1106
1234 1113
1234 1170
1235 1028
1235 1043
1235 1107
1235 1171
1236 514
1236 734
1236 1044
1236 1108
1236 1172
1237 91
1237 145
1237 256
1237 260
1237 286
1237 329
1237 384
1237 385
1237 395
1237 398
1237 403
1237 406
1237 411
1237 412
1237 418
1237 420
1237 422
1237 448
1237 455
1237 458
1237 462
1237 467
1237 477
1237 512
1237 585
1237 587
1237 590
1237 591
1237 606
1237 640
1237 667
1237 669
1237 678
1237 714
1237 715
1237 718
1237 736
1237 754
1237 775
1237 783
1237 839
1237 842
1237 847
1237 868
1237 905
1237 926
1237 960
1237 969
1237 971
1237 998
1237 1038
1237 1045
1237 1054
1237 1058
1237 1109
1237 1120
1237 1158
1237 1161
1237 1173
1237 1220
1237 1226
1237 1244
1237 1252
1237 1253
1237 1257
1237 1269
1238 81
1238 1046
1238 1110
1238 1174
1239 423
1239 612
1239 1047
1239 1111
1239 1175
1239 1205
1240 701
1240 1048
1240 1112
1240 1176
1241 874
1241 1049
1241 1113
1241 1177
1242 603
1242 1050
1242 1114
1242 1178
1243 352
1243 374
1243 1051
1243 1115
1243 1179
1244 9
1244 79
1244 91
1244 135
1244 145
1244 178
1244 246
1244 256
1244 260
1244 329
1244 384
1244 385
1244 393
1244 395
1244 398
1244 403
1244 406
1244 411
1244 416
1244 418
1244 420
1244 422
1244 448
1244 455
1244 458
1244 462
1244 467
1244 477
1244 527
1244 582
1244 585
1244 587
1244 590
1244 591
1244 606
1244 640
1244 645
1244 667
1244 669
1244 678
1244 709
1244 714
1244 715
1244 718
1244 736
1244 775
1244 783
1244 797
1244 839
1244 842
1244 847
1244 868
1244 905
1244 926
1244 960
1244 969
1244 971
1244 974
1244 998
1244 1030
1244 1034
1244 1038
1244 1052
1244 1054
1244 1058
1244 1116
1244 1120
1244 1158
1244 1161
1244 1180
1244 1220
1244 1221
1244 1237
1244 1246
1244 1252
1244 1253
1244 1257
1244 1269
1245 6
1245 69
1245 78
1245 138
1245 198
1245 207
1245 261
1245 266
1245 267
1245 271
1245 275
1245 285
1245 290
1245 334
1245 384
1245 385
1245 390
1245 393
1245 394
1245 395
1245 399
1245 401
1245 403
1245 406
1245 416
1245 422
1245 434
1245 462
1245 463
1245 465
1245 467
1245 477
1245 518
1245 519
1245 527
1245 541
1245 576
1245 582
1245 585
1245 590
1245 591
1245 593
1245 605
1245 606
1245 640
1245 645
1245 646
1245 650
1245 654
1245 655
1245 657
1245 667
1245 678
1245 704
1245 709
1245 710
1245 714
1245 715
1245 719
1245 733
1245 736
1245 775
1245 783
1245 785
1245 797
1245 838
1245 839
1245 846
1245 902
1245 910
1245 911
1245 913
1245 925
1245 966
1245 971
1245 974
1245 975
1245 977
1245 989
1245 994
1245 998
1245 1024
1245 1030
1245 1031
1245 1034
1245 1035
1245 1038
1245 1039
1245 1053
1245 1058
1245 1094
1245 1095
1245 1117
1245 1158
1245 1169
1245 1181
1245 1216
1245 1221
1245 1222
1245 1230
1245 1231
1245 1246
1246 6
1246 69
1246 74
1246 78
1246 138
1246 143
1246 198
1246 199
1246 207
1246 242
1246 266
1246 267
1246 271
1246 275
1246 285
1246 334
1246 384
1246 385
1246 390
1246 393
1246 394
1246 395
1246 398
1246 399
1246 401
1246 403
1246 406
1246 416
1246 420
1246 422
1246 434
1246 448
1246 455
1246 458
1246 462
1246 463
1246 467
1246 477
1246 518
1246 519
1246 527
1246 541
1246 576
1246 582
1246 585
1246 590
1246 591
1246 593
1246 605
1246 606
1246 640
1246 645
1246 646
1246 650
1246 654
1246 655
1246 657
1246 667
1246 678
1246 704
1246 709
1246 710
1246 714
1246 715
1246 718
1246 719
1246 733
1246 736
1246 775
1246 783
1246 785
1246 797
1246 838
1246 839
1246 846
1246 902
1246 905
1246 910
1246 911
1246 925
1246 960
1246 966
1246 971
1246 974
1246 975
1246 977
1246 989
1246 994
1246 998
1246 1024
1246 1030
1246 1031
1246 1034
1246 1035
1246 1038
1246 1039
1246 1053
1246 1054
1246 1058
1246 1094
1246 1095
1246 1118
1246 1158
1246 1169
1246 1182
1246 1216
1246 1221
1246 1222
1246 1230
1246 1231
1246 1244
1246 1245
1246 1253
1246 1269
1247 332
1247 456
1247 988
1247 1055
1247 1119
1247 1183
1248 1056
1248 1120
1248 1184
1249 284
1249 923
1249 1057
1249 1121
1249 1185
1250 833
1250 1058
1250 1122
1250 1186
1251 136
1251 348
1251 1059
1251 1123
1251 1187
1252 91
1252 260
1252 286
1252 329
1252 384
1252 385
1252 395
1252 398
1252 403
1252 406
1252 411
1252 412
1252 418
1252 420
1252 448
1252 455
1252 458
1252 462
1252 467
1252 512
1252 585
1252 587
1252 606
1252 651
1252 667
1252 669
1252 676
1252 678
1252 715
1252 718
1252 736
1252 754
1252 775
1252 777
1252 783
1252 839
1252 842
1252 847
1252 868
1252 905
1252 926
1252 960
1252 969
1252 971
1252 1054
1252 1060
1252 1098
1252 1120
1252 1124
1252 1161
1252 1188
1252 1220
1252 1226
1252 1237
1252 1244
1252 1253
1252 1257
1252 1269
1253 9
1253 79
1253 91
1253 135
1253 145
1253 178
1253 246
1253 256
1253 260
1253 329
1253 384
1253 385
1253 393
1253 395
1253 398
1253 403
1253 406
1253 411
1253 416
1253 418
1253 420
1253 422
1253 448
1253 455
1253 458
1253 462
1253 467
1253 477
1253 527
1253 582
1253 585
1253 587
1253 590
1253 591
1253 606
1253 640
1253 645
1253 667
1253 669
1253 678
1253 709
1253 714
1253 715
1253 718
1253 736
1253 775
1253 783
1253 797
1253 839
1253 842
1253 847
1253 868
1253 905
1253 926
1253 960
1253 969
1253 971
1253 974
1253 998
1253 1030
1253 1034
1253 1038
1253 1054
1253 1058
1253 1061
1253 1120
1253 1125
1253 1158
1253 1161
1253 1189
1253 1220
1253 1221
1253 1226
1253 1237
1253 1244
1253 1246
1253 1252
1253 1257
1253 1269
1254 1062
1254 1126
1254 1190
1255 1063
1255 1091
1255 1127
1255 1191
1256 109
1256 1064
1256 1128
1256 1192
1257 91
1257 260
1257 286
1257 329
1257 384
1257 395
1257 398
1257 406
1257 411
1257 412
1257 418
1257 420
1257 448
1257 449
1257 455
1257 458
1257 462
1257 467
1257 512
1257 585
1257 587
1257 606
1257 651
1257 667
1257 669
1257 676
1257 678
1257 715
1257 718
1257 754
1257 777
1257 783
1257 839
1257 842
1257 847
1257 868
1257 905
1257 926
1257 960
1257 969
1257 971
1257 1054
1257 1065
1257 1098
1257 1120
1257 1129
1257 1161
1257 1193
1257 1220
1257 1226
1257 1237
1257 1244
1257 1252
1257 1253
1257 1269
1258 363
1258 753
1258 771
1258 1066
1258 1130
1258 1185
1258 1194
1259 80
1259 767
1259 1067
1259 1131
1259 1195
1260 103
1260 1068
1260 1132
1260 1196
1260 1206
1261 578
1261 677
1261 738
1261 1069
1261 1133
1261 1197
1262 727
1262 1070
1262 1134
1262 1198
1263 1071
1263 1135
1263 1199
1264 343
1264 1072
1264 1136
1264 1200
1265 627
1265 780
1265 809
1265 1073
1265 1084
1265 1137
1265 1201
1266 1074
1266 1138
1266 1202
1267 869
1267 885
1267 1075
1267 1139
1267 1203
1268 1002
1268 1076
1268 1140
1268 1204
1269 9
1269 79
1269 135
1269 145
1269 178
1269 246
1269 256
1269 260
1269 329
1269 384
1269 385
1269 393
1269 395
1269 398
1269 403
1269 406
1269 411
1269 416
1269 420
1269 422
1269 434
1269 448
1269 455
1269 458
1269 462
1269 467
1269 477
1269 527
1269 582
1269 585
1269 587
1269 590
1269 591
1269 606
1269 640
1269 645
1269 667
1269 678
1269 709
1269 714
1269 715
1269 718
1269 736
1269 775
1269 783
1269 797
1269 839
1269 842
1269 847
1269 868
1269 905
1269 926
1269 960
1269 969
1269 971
1269 974
1269 975
1269 998
1269 1024
1269 1030
1269 1034
1269 1038
1269 1054
1269 1058
1269 1077
1269 1120
1269 1141
1269 1158
1269 1161
1269 1205
1269 1220
1269 1221
1269 1237
1269 1244
1269 1246
1269 1252
1269 1253
1269 1257
1270 205
1270 358
1270 1078
1270 1142
1270 1206
1271 218
1271 291
1271 984
1271 1016
1271 1079
1271 1143
1271 1207
1272 162
1272 204
1272 439
1272 584
1272 863
1272 1080
1272 1144
1272 1208
1273 1067
1273 1081
1273 1145
1273 1209
1274 620
1274 1082
1274 1146
1274 1210
1275 1083
1275 1147
1275 1211
1276 336
1276 1084
1276 1148
1276 1174
1276 1212
1277 567
1277 916
1277 1085
1277 1149
1277 1213
1278 804
1278 1086
1278 1150
1278 1214
1279 170
1279 537
1279 1087
1279 1151
1279 1215
