cluster,amplitude,duration,fwhm,rise_time,decay_time,auc,snr,amplitude_std,duration_std,fwhm_std,rise_time_std,decay_time_std,auc_std,snr_std,count
0,3.7321269441946647,109.0605612998523,103.21025070685596,50.412112259970456,58.64844903988183,247.00944795912875,17.016769053977367,0.831938795837561,55.16146976850559,81.10360510753291,45.12881006681375,36.19188528469867,95.65501542717567,7.043727512408484,677
1,2.407379661518964,261.68617021276594,65.1321657007614,36.558510638297875,225.12765957446808,250.93390508917346,8.174696824386071,0.7470416937565142,93.12290041423904,53.82594235965416,27.647626191818954,93.28150759702841,101.34726104608434,3.500736001901914,376
2,2.1009307046859185,282.29133858267716,52.597135936427804,60.960629921259844,221.33070866141733,253.7657587970021,6.251290801285074,0.7660175483533074,153.6593743443361,56.995847227373964,68.68550100722489,165.4659753959256,155.68013954312124,1.4252529257392779,254
3,2.0717013194596365,75.26731539782485,30.052439603900428,26.362907842014884,48.90440755580996,101.30208546111231,8.16827480539661,0.6440908574969424,36.93168954767786,29.32513633900517,19.851220909766248,33.888495786273175,45.60972169157143,3.023423544987549,1747
