cluster,mean,median,std,min,max
0,0.0011435105774728416,0.0,0.03380615913144056,0,1
1,0.0,0.0,0.0,0,0
2,1.1976401179941003,1.0,0.4581655653997761,0,3
3,2.0142450142450143,2.0,1.5258990557595635,0,8
