cluster,mean,median,std,min,max
0,0.0,0.0,0.0,0,0
1,0.0,0.0,0.0,0,0
2,1.3031496062992125,1.0,0.6702529765904087,1,5
3,0.0,0.0,0.0,0,0
