Window Size,Mean Correlation
10,0.37079507648373966
20,0.30287608544820327
